# Blender 4.4.3
# www.blender.org
mtllib track.mtl
o MXTRoadSegment.000_PreviewMesh
v -45.000000 0.000000 0.000000
v -22.500000 0.000000 0.000000
v 0.000000 0.000000 0.000000
v 22.500000 0.000000 0.000000
v 45.000000 0.000000 0.000000
v -45.000000 22.546415 0.000000
v -22.500000 22.546415 0.000000
v 0.000000 22.546415 0.000000
v 22.500000 22.546415 0.000000
v 45.000000 22.546415 0.000000
v -45.000000 43.980721 0.000000
v -22.500000 43.980721 0.000000
v 0.000000 43.980721 0.000000
v 22.500000 43.980721 0.000000
v 45.000000 43.980721 0.000000
v -45.000000 64.944244 0.000000
v -22.500000 64.944244 0.000000
v 0.000000 64.944244 0.000000
v 22.500000 64.944244 0.000000
v 45.000000 64.944244 0.000000
v -45.000000 85.634285 0.000000
v -22.500000 85.634285 0.000000
v 0.000000 85.634285 0.000000
v 22.500000 85.634285 0.000000
v 45.000000 85.634285 0.000000
v -45.000000 106.176529 0.000000
v -22.500000 106.176529 0.000000
v 0.000000 106.176529 0.000000
v 22.500000 106.176529 0.000000
v 45.000000 106.176529 0.000000
v -45.000000 126.596550 0.000000
v -22.500000 126.596550 0.000000
v 0.000000 126.596550 0.000000
v 22.500000 126.596550 0.000000
v 45.000000 126.596550 0.000000
v -45.000000 146.905396 0.000000
v -22.500000 146.905396 0.000000
v 0.000000 146.905396 0.000000
v 22.500000 146.905396 0.000000
v 45.000000 146.905396 0.000000
v -45.000000 167.173126 0.000000
v -22.500000 167.173126 0.000000
v 0.000000 167.173126 0.000000
v 22.500000 167.173126 0.000000
v 45.000000 167.173126 0.000000
v -45.000000 187.342896 0.000000
v -22.500000 187.342896 0.000000
v 0.000000 187.342896 0.000000
v 22.500000 187.342896 0.000000
v 45.000000 187.342896 0.000000
v -45.000000 207.491211 0.000000
v -22.500000 207.491211 0.000000
v 0.000000 207.491211 0.000000
v 22.500000 207.491211 0.000000
v 45.000000 207.491211 0.000000
v -45.000000 227.561005 0.000000
v -22.500000 227.561005 0.000000
v 0.000000 227.561005 0.000000
v 22.500000 227.561005 0.000000
v 45.000000 227.561005 0.000000
v -45.000000 247.607315 0.000000
v -22.500000 247.607315 0.000000
v 0.000000 247.607315 0.000000
v 22.500000 247.607315 0.000000
v 45.000000 247.607315 0.000000
v -45.000000 267.592590 0.000000
v -22.500000 267.592590 0.000000
v 0.000000 267.592590 0.000000
v 22.500000 267.592590 0.000000
v 45.000000 267.592590 0.000000
v -45.000000 287.540894 0.000000
v -22.500000 287.540894 0.000000
v 0.000000 287.540894 0.000000
v 22.500000 287.540894 0.000000
v 45.000000 287.540894 0.000000
v -45.000000 307.444427 0.000000
v -22.500000 307.444427 0.000000
v 0.000000 307.444427 0.000000
v 22.500000 307.444427 0.000000
v 45.000000 307.444427 0.000000
v -45.000000 327.288422 0.000000
v -22.500000 327.288422 0.000000
v 0.000000 327.288422 0.000000
v 22.500000 327.288422 0.000000
v 45.000000 327.288422 0.000000
v -45.000000 347.099609 0.000000
v -22.500000 347.099609 0.000000
v 0.000000 347.099609 0.000000
v 22.500000 347.099609 0.000000
v 45.000000 347.099609 0.000000
v -45.000000 366.822205 0.000000
v -22.500000 366.822205 0.000000
v 0.000000 366.822205 0.000000
v 22.500000 366.822205 0.000000
v 45.000000 366.822205 0.000000
v -45.000000 386.508179 0.000000
v -22.500000 386.508179 0.000000
v 0.000000 386.508179 0.000000
v 22.500000 386.508179 0.000000
v 45.000000 386.508179 0.000000
v -45.000000 406.074402 0.000000
v -22.500000 406.074402 0.000000
v 0.000000 406.074402 0.000000
v 22.500000 406.074402 0.000000
v 45.000000 406.074402 0.000000
v -45.000000 425.551178 0.000000
v -22.500000 425.551178 0.000000
v 0.000000 425.551178 0.000000
v 22.500000 425.551178 0.000000
v 45.000000 425.551178 0.000000
v -45.000000 444.886780 0.000000
v -22.500000 444.886780 0.000000
v 0.000000 444.886780 0.000000
v 22.500000 444.886780 0.000000
v 45.000000 444.886780 0.000000
v -45.000000 463.996613 0.000000
v -22.500000 463.996613 0.000000
v 0.000000 463.996613 0.000000
v 22.500000 463.996613 0.000000
v 45.000000 463.996613 0.000000
v -45.000000 482.775116 0.000000
v -22.500000 482.775116 0.000000
v 0.000000 482.775116 0.000000
v 22.500000 482.775116 0.000000
v 45.000000 482.775116 0.000000
v -45.000000 500.000000 0.000000
v -22.500000 500.000000 0.000000
v 0.000000 500.000000 0.000000
v 22.500000 500.000000 0.000000
v 45.000000 500.000000 0.000000
v 45.000000 0.000000 -6.750000
v 45.000000 22.546415 -6.750000
v 45.000000 43.980721 -6.750000
v 45.000000 64.944244 -6.750000
v 45.000000 85.634285 -6.750000
v 45.000000 106.176529 -6.750000
v 45.000000 126.596550 -6.750000
v 45.000000 146.905396 -6.750000
v 45.000000 167.173126 -6.750000
v 45.000000 187.342896 -6.750000
v 45.000000 207.491211 -6.750000
v 45.000000 227.561005 -6.750000
v 45.000000 247.607315 -6.750000
v 45.000000 267.592590 -6.750000
v 45.000000 287.540894 -6.750000
v 45.000000 307.444427 -6.750000
v 45.000000 327.288422 -6.750000
v 45.000000 347.099609 -6.750000
v 45.000000 366.822205 -6.750000
v 45.000000 386.508179 -6.750000
v 45.000000 406.074402 -6.750000
v 45.000000 425.551178 -6.750000
v 45.000000 444.886780 -6.750000
v 45.000000 463.996613 -6.750000
v 45.000000 482.775116 -6.750000
v 45.000000 500.000000 -6.750000
v -45.000000 0.000000 -6.750000
v -45.000000 22.546415 -6.750000
v -45.000000 43.980721 -6.750000
v -45.000000 64.944244 -6.750000
v -45.000000 85.634285 -6.750000
v -45.000000 106.176529 -6.750000
v -45.000000 126.596550 -6.750000
v -45.000000 146.905396 -6.750000
v -45.000000 167.173126 -6.750000
v -45.000000 187.342896 -6.750000
v -45.000000 207.491211 -6.750000
v -45.000000 227.561005 -6.750000
v -45.000000 247.607315 -6.750000
v -45.000000 267.592590 -6.750000
v -45.000000 287.540894 -6.750000
v -45.000000 307.444427 -6.750000
v -45.000000 327.288422 -6.750000
v -45.000000 347.099609 -6.750000
v -45.000000 366.822205 -6.750000
v -45.000000 386.508179 -6.750000
v -45.000000 406.074402 -6.750000
v -45.000000 425.551178 -6.750000
v -45.000000 444.886780 -6.750000
v -45.000000 463.996613 -6.750000
v -45.000000 482.775116 -6.750000
v -45.000000 500.000000 -6.750000
vn -0.0000 -0.0000 -1.0000
vn 0.7071 -0.0000 -0.7071
vn -0.7071 -0.0000 -0.7071
vn -1.0000 -0.0000 -0.0000
vn 1.0000 -0.0000 -0.0000
vt 0.000000 0.000000
vt 0.000000 0.451030
vt 0.250000 0.451030
vt 0.250000 0.000000
vt 0.500000 0.451030
vt 0.500000 0.000000
vt 0.750000 0.451030
vt 0.750000 0.000000
vt 1.000000 0.451030
vt 1.000000 0.000000
vt 0.000000 0.879494
vt 0.250000 0.879494
vt 0.500000 0.879494
vt 0.750000 0.879494
vt 1.000000 0.879494
vt 0.000000 1.298738
vt 0.250000 1.298738
vt 0.500000 1.298738
vt 0.750000 1.298738
vt 1.000000 1.298738
vt 0.000000 1.712814
vt 0.250000 1.712814
vt 0.500000 1.712814
vt 0.750000 1.712814
vt 1.000000 1.712814
vt 0.000000 2.123526
vt 0.250000 2.123526
vt 0.500000 2.123526
vt 0.750000 2.123526
vt 1.000000 2.123526
vt 0.000000 2.531831
vt 0.250000 2.531831
vt 0.500000 2.531831
vt 0.750000 2.531831
vt 1.000000 2.531831
vt 0.000000 2.938295
vt 0.250000 2.938295
vt 0.500000 2.938295
vt 0.750000 2.938295
vt 1.000000 2.938295
vt 0.000000 3.343277
vt 0.250000 3.343277
vt 0.500000 3.343277
vt 0.750000 3.343277
vt 1.000000 3.343277
vt 0.000000 3.747012
vt 0.250000 3.747012
vt 0.500000 3.747012
vt 0.750000 3.747012
vt 1.000000 3.747012
vt 0.000000 4.149656
vt 0.250000 4.149656
vt 0.500000 4.149656
vt 0.750000 4.149656
vt 1.000000 4.149656
vt 0.000000 4.551312
vt 0.250000 4.551312
vt 0.500000 4.551312
vt 0.750000 4.551312
vt 1.000000 4.551312
vt 0.000000 4.952044
vt 0.250000 4.952044
vt 0.500000 4.952044
vt 0.750000 4.952044
vt 1.000000 4.952044
vt 0.000000 5.351882
vt 0.250000 5.351882
vt 0.500000 5.351882
vt 0.750000 5.351882
vt 1.000000 5.351882
vt 0.000000 5.750825
vt 0.250000 5.750825
vt 0.500000 5.750825
vt 0.750000 5.750825
vt 1.000000 5.750825
vt 0.000000 6.148849
vt 0.250000 6.148849
vt 0.500000 6.148849
vt 0.750000 6.148849
vt 1.000000 6.148849
vt 0.000000 6.545894
vt 0.250000 6.545894
vt 0.500000 6.545894
vt 0.750000 6.545894
vt 1.000000 6.545894
vt 0.000000 6.941869
vt 0.250000 6.941869
vt 0.500000 6.941869
vt 0.750000 6.941869
vt 1.000000 6.941869
vt 0.000000 7.336631
vt 0.250000 7.336631
vt 0.500000 7.336631
vt 0.750000 7.336631
vt 1.000000 7.336631
vt 0.000000 7.729976
vt 0.250000 7.729976
vt 0.500000 7.729976
vt 0.750000 7.729976
vt 1.000000 7.729976
vt 0.000000 8.121598
vt 0.250000 8.121598
vt 0.500000 8.121598
vt 0.750000 8.121598
vt 1.000000 8.121598
vt 0.000000 8.511040
vt 0.250000 8.511040
vt 0.500000 8.511040
vt 0.750000 8.511040
vt 1.000000 8.511040
vt 0.000000 8.897587
vt 0.250000 8.897587
vt 0.500000 8.897587
vt 0.750000 8.897587
vt 1.000000 8.897587
vt 0.000000 9.280047
vt 0.250000 9.280047
vt 0.500000 9.280047
vt 0.750000 9.280047
vt 1.000000 9.280047
vt 0.000000 9.656239
vt 0.250000 9.656239
vt 0.500000 9.656239
vt 0.750000 9.656239
vt 1.000000 9.656239
vt 0.000000 10.000000
vt 0.250000 10.000000
vt 0.500000 10.000000
vt 0.750000 10.000000
vt 1.000000 10.000000
s 1
usemtl track_surface
f 1/1/1 6/2/1 7/3/1 2/4/1
f 2/4/1 7/3/1 8/5/1 3/6/1
f 3/6/1 8/5/1 9/7/1 4/8/1
f 4/8/1 9/7/1 10/9/1 5/10/1
f 6/2/1 11/11/1 12/12/1 7/3/1
f 7/3/1 12/12/1 13/13/1 8/5/1
f 8/5/1 13/13/1 14/14/1 9/7/1
f 9/7/1 14/14/1 15/15/1 10/9/1
f 11/11/1 16/16/1 17/17/1 12/12/1
f 12/12/1 17/17/1 18/18/1 13/13/1
f 13/13/1 18/18/1 19/19/1 14/14/1
f 14/14/1 19/19/1 20/20/1 15/15/1
f 16/16/1 21/21/1 22/22/1 17/17/1
f 17/17/1 22/22/1 23/23/1 18/18/1
f 18/18/1 23/23/1 24/24/1 19/19/1
f 19/19/1 24/24/1 25/25/1 20/20/1
f 21/21/1 26/26/1 27/27/1 22/22/1
f 22/22/1 27/27/1 28/28/1 23/23/1
f 23/23/1 28/28/1 29/29/1 24/24/1
f 24/24/1 29/29/1 30/30/1 25/25/1
f 26/26/1 31/31/1 32/32/1 27/27/1
f 27/27/1 32/32/1 33/33/1 28/28/1
f 28/28/1 33/33/1 34/34/1 29/29/1
f 29/29/1 34/34/1 35/35/1 30/30/1
f 31/31/1 36/36/1 37/37/1 32/32/1
f 32/32/1 37/37/1 38/38/1 33/33/1
f 33/33/1 38/38/1 39/39/1 34/34/1
f 34/34/1 39/39/1 40/40/1 35/35/1
f 36/36/1 41/41/1 42/42/1 37/37/1
f 37/37/1 42/42/1 43/43/1 38/38/1
f 38/38/1 43/43/1 44/44/1 39/39/1
f 39/39/1 44/44/1 45/45/1 40/40/1
f 41/41/1 46/46/1 47/47/1 42/42/1
f 42/42/1 47/47/1 48/48/1 43/43/1
f 43/43/1 48/48/1 49/49/1 44/44/1
f 44/44/1 49/49/1 50/50/1 45/45/1
f 46/46/1 51/51/1 52/52/1 47/47/1
f 47/47/1 52/52/1 53/53/1 48/48/1
f 48/48/1 53/53/1 54/54/1 49/49/1
f 49/49/1 54/54/1 55/55/1 50/50/1
f 51/51/1 56/56/1 57/57/1 52/52/1
f 52/52/1 57/57/1 58/58/1 53/53/1
f 53/53/1 58/58/1 59/59/1 54/54/1
f 54/54/1 59/59/1 60/60/1 55/55/1
f 56/56/1 61/61/1 62/62/1 57/57/1
f 57/57/1 62/62/1 63/63/1 58/58/1
f 58/58/1 63/63/1 64/64/1 59/59/1
f 59/59/1 64/64/1 65/65/1 60/60/1
f 61/61/1 66/66/1 67/67/1 62/62/1
f 62/62/1 67/67/1 68/68/1 63/63/1
f 63/63/1 68/68/1 69/69/1 64/64/1
f 64/64/1 69/69/1 70/70/1 65/65/1
f 66/66/1 71/71/1 72/72/1 67/67/1
f 67/67/1 72/72/1 73/73/1 68/68/1
f 68/68/1 73/73/1 74/74/1 69/69/1
f 69/69/1 74/74/1 75/75/1 70/70/1
f 71/71/1 76/76/1 77/77/1 72/72/1
f 72/72/1 77/77/1 78/78/1 73/73/1
f 73/73/1 78/78/1 79/79/1 74/74/1
f 74/74/1 79/79/1 80/80/1 75/75/1
f 76/76/1 81/81/1 82/82/1 77/77/1
f 77/77/1 82/82/1 83/83/1 78/78/1
f 78/78/1 83/83/1 84/84/1 79/79/1
f 79/79/1 84/84/1 85/85/1 80/80/1
f 81/81/1 86/86/1 87/87/1 82/82/1
f 82/82/1 87/87/1 88/88/1 83/83/1
f 83/83/1 88/88/1 89/89/1 84/84/1
f 84/84/1 89/89/1 90/90/1 85/85/1
f 86/86/1 91/91/1 92/92/1 87/87/1
f 87/87/1 92/92/1 93/93/1 88/88/1
f 88/88/1 93/93/1 94/94/1 89/89/1
f 89/89/1 94/94/1 95/95/1 90/90/1
f 91/91/1 96/96/1 97/97/1 92/92/1
f 92/92/1 97/97/1 98/98/1 93/93/1
f 93/93/1 98/98/1 99/99/1 94/94/1
f 94/94/1 99/99/1 100/100/1 95/95/1
f 96/96/1 101/101/1 102/102/1 97/97/1
f 97/97/1 102/102/1 103/103/1 98/98/1
f 98/98/1 103/103/1 104/104/1 99/99/1
f 99/99/1 104/104/1 105/105/1 100/100/1
f 101/101/1 106/106/1 107/107/1 102/102/1
f 102/102/1 107/107/1 108/108/1 103/103/1
f 103/103/1 108/108/1 109/109/1 104/104/1
f 104/104/1 109/109/1 110/110/1 105/105/1
f 106/106/1 111/111/1 112/112/1 107/107/1
f 107/107/1 112/112/1 113/113/1 108/108/1
f 108/108/1 113/113/1 114/114/1 109/109/1
f 109/109/1 114/114/1 115/115/1 110/110/1
f 111/111/1 116/116/1 117/117/1 112/112/1
f 112/112/1 117/117/1 118/118/1 113/113/1
f 113/113/1 118/118/1 119/119/1 114/114/1
f 114/114/1 119/119/1 120/120/1 115/115/1
f 116/116/1 121/121/1 122/122/1 117/117/1
f 117/117/1 122/122/1 123/123/1 118/118/1
f 118/118/1 123/123/1 124/124/1 119/119/1
f 119/119/1 124/124/1 125/125/1 120/120/1
f 121/121/1 126/126/2 127/127/1 122/122/1
f 122/122/1 127/127/1 128/128/1 123/123/1
f 123/123/1 128/128/1 129/129/1 124/124/1
f 124/124/1 129/129/1 130/130/3 125/125/1
usemtl track_rail
f 5/1/4 10/2/4 132/9/4 131/10/4
f 10/2/4 15/11/4 133/15/4 132/9/4
f 15/11/4 20/16/4 134/20/4 133/15/4
f 20/16/4 25/21/4 135/25/4 134/20/4
f 25/21/4 30/26/4 136/30/4 135/25/4
f 30/26/4 35/31/4 137/35/4 136/30/4
f 35/31/4 40/36/4 138/40/4 137/35/4
f 40/36/4 45/41/4 139/45/4 138/40/4
f 45/41/4 50/46/4 140/50/4 139/45/4
f 50/46/4 55/51/4 141/55/4 140/50/4
f 55/51/4 60/56/4 142/60/4 141/55/4
f 60/56/4 65/61/4 143/65/4 142/60/4
f 65/61/4 70/66/4 144/70/4 143/65/4
f 70/66/4 75/71/4 145/75/4 144/70/4
f 75/71/4 80/76/4 146/80/4 145/75/4
f 80/76/4 85/81/4 147/85/4 146/80/4
f 85/81/4 90/86/4 148/90/4 147/85/4
f 90/86/4 95/91/4 149/95/4 148/90/4
f 95/91/4 100/96/4 150/100/4 149/95/4
f 100/96/4 105/101/4 151/105/4 150/100/4
f 105/101/4 110/106/4 152/110/4 151/105/4
f 110/106/4 115/111/4 153/115/4 152/110/4
f 115/111/4 120/116/4 154/120/4 153/115/4
f 120/116/4 125/121/4 155/125/4 154/120/4
f 125/121/4 130/126/4 156/130/4 155/125/4
f 157/1/5 158/2/5 6/9/5 1/10/5
f 158/2/5 159/11/5 11/15/5 6/9/5
f 159/11/5 160/16/5 16/20/5 11/15/5
f 160/16/5 161/21/5 21/25/5 16/20/5
f 161/21/5 162/26/5 26/30/5 21/25/5
f 162/26/5 163/31/5 31/35/5 26/30/5
f 163/31/5 164/36/5 36/40/5 31/35/5
f 164/36/5 165/41/5 41/45/5 36/40/5
f 165/41/5 166/46/5 46/50/5 41/45/5
f 166/46/5 167/51/5 51/55/5 46/50/5
f 167/51/5 168/56/5 56/60/5 51/55/5
f 168/56/5 169/61/5 61/65/5 56/60/5
f 169/61/5 170/66/5 66/70/5 61/65/5
f 170/66/5 171/71/5 71/75/5 66/70/5
f 171/71/5 172/76/5 76/80/5 71/75/5
f 172/76/5 173/81/5 81/85/5 76/80/5
f 173/81/5 174/86/5 86/90/5 81/85/5
f 174/86/5 175/91/5 91/95/5 86/90/5
f 175/91/5 176/96/5 96/100/5 91/95/5
f 176/96/5 177/101/5 101/105/5 96/100/5
f 177/101/5 178/106/5 106/110/5 101/105/5
f 178/106/5 179/111/5 111/115/5 106/110/5
f 179/111/5 180/116/5 116/120/5 111/115/5
f 180/116/5 181/121/5 121/125/5 116/120/5
f 181/121/5 182/126/5 126/130/5 121/125/5
o MXTRoadSegment.003_PreviewMesh
v -45.000000 500.000000 0.000000
v -22.500000 500.000000 0.000000
v 0.000000 500.000000 0.000000
v 22.500000 500.000000 0.000000
v 45.000000 500.000000 0.000000
v -45.343040 509.372955 0.077655
v -22.841988 510.403015 0.038827
v -0.340937 511.433105 0.000000
v 22.160114 512.463196 -0.038827
v 44.661167 513.493286 -0.077655
v -46.885876 525.665039 0.430212
v -24.429390 528.502869 0.215106
v -1.972904 531.340698 0.000000
v 20.483583 534.178528 -0.215106
v 42.940067 537.016357 -0.430212
v -49.996040 541.725159 1.122481
v -27.632603 546.390869 0.561241
v -5.269165 551.056580 0.000000
v 17.094273 555.722290 -0.561241
v 39.457710 560.388000 -1.122481
v -54.522717 557.430908 2.115412
v -32.330296 563.950806 1.057706
v -10.137878 570.470703 0.000000
v 12.054541 576.990601 -1.057706
v 34.246960 583.510498 -2.115412
v -60.377628 572.638977 3.385271
v -38.460426 581.034607 1.692635
v -16.543224 589.430237 0.000000
v 5.373978 597.825867 -1.692635
v 27.291180 606.221497 -3.385271
v -67.459053 587.231018 4.909146
v -45.945866 597.511475 2.454573
v -24.432680 607.791992 0.000000
v -2.919495 618.072510 -2.454573
v 18.593691 628.352966 -4.909146
v -75.673340 601.137085 6.664448
v -54.715481 613.296143 3.332224
v -33.757626 625.455200 0.000000
v -12.799770 637.614258 -3.332224
v 8.158085 649.773315 -6.664448
v -84.932091 614.303162 8.624972
v -64.699608 628.313660 4.312486
v -44.467129 642.324158 0.000000
v -24.234646 656.334656 -4.312486
v -4.002163 670.345154 -8.624972
v -95.151222 626.682373 10.758548
v -75.827240 642.491394 5.379274
v -56.503250 658.300354 0.000000
v -37.179264 674.109314 -5.379274
v -17.855276 689.918335 -10.758548
v -106.247055 638.228943 13.022087
v -88.020828 655.754395 6.511044
v -69.794594 673.279846 0.000000
v -51.568363 690.805298 -6.511044
v -33.342133 708.330750 -13.022087
v -118.108643 648.873840 15.359708
v -101.163750 668.000183 7.679854
v -84.218857 687.126526 0.000000
v -67.273964 706.252869 -7.679854
v -50.329075 725.379211 -15.359708
v -130.669357 658.592102 17.719032
v -115.179169 679.178894 8.859516
v -99.688980 699.765686 0.000000
v -84.198792 720.352478 -8.859516
v -68.708603 740.939270 -17.719032
v -143.875107 667.357178 20.045057
v -129.996933 689.243347 10.022529
v -116.118774 711.129517 0.000000
v -102.240608 733.015686 -10.022529
v -88.362450 754.901855 -20.045057
v -157.676239 675.133240 22.277290
v -145.546661 698.142822 11.138645
v -133.417099 721.152466 0.000000
v -121.287529 744.162109 -11.138645
v -109.157967 767.171692 -22.277290
v -172.024246 681.875305 24.351978
v -161.756195 705.823853 12.175989
v -151.488159 729.772400 0.000000
v -141.220123 753.720947 -12.175989
v -130.952072 777.669495 -24.351978
v -186.821838 687.514099 26.195061
v -178.499207 712.213806 13.097530
v -170.176575 736.913513 0.000000
v -161.853943 761.613220 -13.097530
v -153.531311 786.312927 -26.195061
v -201.990280 691.995544 27.741846
v -195.671631 717.263672 13.870923
v -189.352966 742.531799 0.000000
v -183.034302 767.799927 -13.870923
v -176.715652 793.068054 -27.741846
v -217.462006 695.272095 28.931437
v -213.186188 720.935852 14.465718
v -208.910385 746.599609 0.000000
v -204.634583 772.263367 -14.465718
v -200.358765 797.927124 -28.931437
v -233.157837 697.289185 29.700670
v -230.947906 723.187134 14.850335
v -228.737976 749.085144 0.000000
v -226.528046 774.983154 -14.850335
v -224.318115 800.881104 -29.700670
v -249.001572 698.009216 29.990330
v -248.870438 723.989990 14.995165
v -248.739288 749.970825 0.000000
v -248.608139 775.951660 -14.995165
v -248.477005 801.932434 -29.990330
v -249.999969 698.038452 30.000008
v -249.999969 724.019226 15.000004
v -249.999969 750.000000 0.000000
v -249.999969 775.980774 -15.000004
v -249.999969 801.961548 -30.000008
v 45.000000 500.000000 -6.750000
v 44.649536 513.492859 -6.827645
v 42.876453 537.008179 -7.179907
v 39.295448 560.354065 -7.870446
v 33.951096 583.423706 -8.858366
v 26.837746 606.047852 -10.117785
v 17.970028 628.054932 -11.623661
v 7.362661 649.311768 -13.351506
v -4.959970 669.681824 -15.273664
v -18.955666 689.018127 -17.357126
v -34.555454 707.164062 -19.558844
v -51.617523 723.925049 -21.824059
v -70.027550 739.184692 -24.102167
v -89.664223 752.844299 -26.340647
v -110.395042 764.820068 -28.482288
v -132.075897 775.042175 -30.467268
v -154.496735 783.440002 -32.226376
v -177.483047 789.989441 -33.699661
v -200.895630 794.691284 -34.830887
v -224.600693 797.544495 -35.561535
v -248.491653 798.558350 -35.836494
v -249.997635 798.586548 -35.845680
v -45.000000 500.000000 -6.750000
v -45.354668 509.372528 -6.672336
v -46.949493 525.656799 -6.319484
v -50.158302 541.691162 -5.625483
v -54.818577 557.344055 -4.627542
v -60.831062 572.465332 -3.347244
v -68.082718 586.932922 -1.805368
v -76.468758 600.675476 -0.022610
v -85.889900 613.639832 1.976281
v -96.251610 625.782166 4.159969
v -107.460381 637.062256 6.485332
v -119.397087 647.419678 8.895356
v -131.988297 656.837524 11.335897
v -145.176880 665.299622 13.749467
v -158.913315 672.781616 16.072292
v -173.148071 679.248047 18.236689
v -187.787262 684.641174 20.163746
v -202.757675 688.916870 21.784029
v -217.998856 692.036255 23.031986
v -233.440430 693.952576 23.839808
v -249.016235 694.635071 24.144165
v -249.997650 694.663452 24.154337
vn -0.0000 -0.0017 -1.0000
vn -0.0022 0.0112 -0.9999
vn -0.0019 0.0050 -1.0000
vn -0.0000 -0.0007 -1.0000
vn -0.0017 -0.0001 -1.0000
vn -0.0000 -0.0000 -1.0000
vn -0.0015 -0.0043 -1.0000
vn -0.0000 0.0006 -1.0000
vn -0.0014 -0.0079 -1.0000
vn -0.0000 0.0011 -1.0000
vn -0.0135 0.0313 -0.9994
vn -0.0113 0.0134 -0.9998
vn -0.0095 -0.0012 -1.0000
vn -0.0078 -0.0134 -0.9999
vn -0.0066 -0.0237 -0.9997
vn -0.0343 0.0445 -0.9984
vn -0.0287 0.0173 -0.9994
vn -0.0241 -0.0050 -0.9997
vn -0.0201 -0.0236 -0.9995
vn -0.0169 -0.0393 -0.9991
vn -0.0627 0.0516 -0.9967
vn -0.0523 0.0161 -0.9985
vn -0.0439 -0.0129 -0.9990
vn -0.0367 -0.0369 -0.9986
vn -0.0307 -0.0573 -0.9979
vn -0.0965 0.0515 -0.9940
vn -0.0805 0.0089 -0.9967
vn -0.0672 -0.0257 -0.9974
vn -0.0562 -0.0545 -0.9969
vn -0.0468 -0.0786 -0.9958
vn -0.1334 0.0428 -0.9901
vn -0.1110 -0.0052 -0.9938
vn -0.0925 -0.0442 -0.9947
vn -0.0769 -0.0763 -0.9941
vn -0.0639 -0.1032 -0.9926
vn -0.1712 0.0252 -0.9849
vn -0.1420 -0.0266 -0.9895
vn -0.1178 -0.0683 -0.9907
vn -0.0978 -0.1027 -0.9899
vn -0.0809 -0.1313 -0.9880
vn -0.2076 -0.0013 -0.9782
vn -0.1716 -0.0550 -0.9836
vn -0.1420 -0.0983 -0.9850
vn -0.1173 -0.1335 -0.9841
vn -0.0966 -0.1627 -0.9819
vn -0.2403 -0.0363 -0.9700
vn -0.1980 -0.0902 -0.9760
vn -0.1631 -0.1332 -0.9776
vn -0.1342 -0.1684 -0.9766
vn -0.1099 -0.1971 -0.9742
vn -0.2683 -0.0777 -0.9602
vn -0.2198 -0.1306 -0.9668
vn -0.1800 -0.1726 -0.9684
vn -0.1470 -0.2064 -0.9673
vn -0.1194 -0.2343 -0.9648
vn -0.2885 -0.1256 -0.9492
vn -0.2350 -0.1756 -0.9560
vn -0.1911 -0.2153 -0.9577
vn -0.1547 -0.2471 -0.9566
vn -0.1246 -0.2727 -0.9540
vn -0.2989 -0.1785 -0.9374
vn -0.2418 -0.2243 -0.9440
vn -0.1951 -0.2602 -0.9456
vn -0.1566 -0.2887 -0.9445
vn -0.1246 -0.3117 -0.9420
vn -0.2995 -0.2337 -0.9250
vn -0.2407 -0.2736 -0.9312
vn -0.1928 -0.3049 -0.9327
vn -0.1535 -0.3293 -0.9317
vn -0.1208 -0.3490 -0.9293
vn -0.2892 -0.2893 -0.9125
vn -0.2309 -0.3227 -0.9179
vn -0.1836 -0.3480 -0.9193
vn -0.1449 -0.3681 -0.9184
vn -0.1129 -0.3841 -0.9164
vn -0.2677 -0.3430 -0.9004
vn -0.2121 -0.3692 -0.9048
vn -0.1671 -0.3889 -0.9060
vn -0.1304 -0.4043 -0.9053
vn -0.1000 -0.4165 -0.9036
vn -0.2344 -0.3926 -0.8893
vn -0.1840 -0.4114 -0.8927
vn -0.1436 -0.4255 -0.8935
vn -0.1106 -0.4363 -0.8930
vn -0.0832 -0.4448 -0.8917
vn -0.1889 -0.4361 -0.8798
vn -0.1468 -0.4475 -0.8822
vn -0.1132 -0.4562 -0.8826
vn -0.0858 -0.4628 -0.8823
vn -0.0631 -0.4681 -0.8814
vn -0.1359 -0.4692 -0.8726
vn -0.1048 -0.4750 -0.8737
vn -0.0800 -0.4793 -0.8740
vn -0.0599 -0.4826 -0.8738
vn -0.0432 -0.4851 -0.8734
vn -0.0681 -0.4919 -0.8680
vn -0.0525 -0.4934 -0.8682
vn -0.0401 -0.4945 -0.8683
vn -0.0300 -0.4953 -0.8682
vn -0.0217 -0.4959 -0.8681
vn -0.0236 -0.4996 -0.8659
vn -0.0169 -0.4997 -0.8660
vn -0.0117 -0.4998 -0.8661
vn -0.0074 -0.4998 -0.8661
vn -0.0038 -0.4999 -0.8661
vn -0.0000 0.2454 -0.9694
vn -0.0168 -0.4998 -0.8660
vn -0.0117 -0.4999 -0.8660
vn -0.0075 -0.4999 -0.8660
vn -0.0179 -0.9670 -0.2541
vn -0.9997 -0.0251 0.0017
vn -0.9988 -0.0490 0.0056
vn -0.9938 -0.1098 0.0170
vn -0.9826 -0.1823 0.0351
vn -0.9656 -0.2533 0.0587
vn -0.9423 -0.3234 0.0870
vn -0.9423 -0.3233 0.0870
vn -0.9124 -0.3917 0.1190
vn -0.8758 -0.4574 0.1540
vn -0.8327 -0.5198 0.1911
vn -0.7831 -0.5780 0.2293
vn -0.7277 -0.6314 0.2678
vn -0.6672 -0.6793 0.3056
vn -0.6023 -0.7213 0.3420
vn -0.5338 -0.7573 0.3762
vn -0.4624 -0.7874 0.4076
vn -0.4624 -0.7875 0.4076
vn -0.3888 -0.8120 0.4353
vn -0.3138 -0.8313 0.4588
vn -0.2378 -0.8459 0.4775
vn -0.1608 -0.8564 0.4907
vn -0.0829 -0.8633 0.4979
vn -0.0317 -0.8656 0.4998
vn -0.0317 -0.8656 0.4997
vn -0.0195 -0.8659 0.4999
vn 0.9993 0.0379 -0.0018
vn 0.9977 0.0678 -0.0056
vn 0.9993 0.0378 -0.0018
vn 0.9889 0.1476 -0.0171
vn 0.9695 0.2427 -0.0352
vn 0.9417 0.3311 -0.0589
vn 0.9058 0.4146 -0.0872
vn 0.9058 0.4146 -0.0873
vn 0.8623 0.4922 -0.1194
vn 0.8117 0.5632 -0.1545
vn 0.8118 0.5632 -0.1545
vn 0.7551 0.6269 -0.1916
vn 0.6935 0.6828 -0.2299
vn 0.6280 0.7304 -0.2685
vn 0.5602 0.7697 -0.3063
vn 0.5602 0.7697 -0.3064
vn 0.4912 0.8008 -0.3428
vn 0.4222 0.8244 -0.3770
vn 0.3544 0.8412 -0.4084
vn 0.2887 0.8523 -0.4362
vn 0.2258 0.8589 -0.4596
vn 0.1660 0.8624 -0.4782
vn 0.1091 0.8642 -0.4912
vn 0.1092 0.8642 -0.4912
vn 0.0548 0.8654 -0.4981
vn 0.0240 0.8658 -0.4998
vn 0.0202 0.8659 -0.4998
vt 0.000000 0.000000
vt 0.000000 0.233081
vt 0.250000 0.233081
vt 0.250000 0.000000
vt 0.500000 0.233081
vt 0.500000 0.000000
vt 0.750000 0.233081
vt 0.750000 0.000000
vt 1.000000 0.233081
vt 1.000000 0.000000
vt 0.000000 0.640109
vt 0.250000 0.640109
vt 0.500000 0.640109
vt 0.750000 0.640109
vt 1.000000 0.640109
vt 0.000000 1.047445
vt 0.250000 1.047445
vt 0.500000 1.047445
vt 0.750000 1.047445
vt 1.000000 1.047445
vt 0.000000 1.455307
vt 0.250000 1.455307
vt 0.500000 1.455307
vt 0.750000 1.455307
vt 1.000000 1.455307
vt 0.000000 1.863107
vt 0.250000 1.863107
vt 0.500000 1.863107
vt 0.750000 1.863107
vt 1.000000 1.863107
vt 0.000000 2.270350
vt 0.250000 2.270350
vt 0.500000 2.270350
vt 0.750000 2.270350
vt 1.000000 2.270350
vt 0.000000 2.677361
vt 0.250000 2.677361
vt 0.500000 2.677361
vt 0.750000 2.677361
vt 1.000000 2.677361
vt 0.000000 3.084531
vt 0.250000 3.084531
vt 0.500000 3.084531
vt 0.750000 3.084531
vt 1.000000 3.084531
vt 0.000000 3.492135
vt 0.250000 3.492135
vt 0.500000 3.492135
vt 0.750000 3.492135
vt 1.000000 3.492135
vt 0.000000 3.900217
vt 0.250000 3.900217
vt 0.500000 3.900217
vt 0.750000 3.900217
vt 1.000000 3.900217
vt 0.000000 4.307660
vt 0.250000 4.307660
vt 0.500000 4.307660
vt 0.750000 4.307660
vt 1.000000 4.307660
vt 0.000000 4.714737
vt 0.250000 4.714737
vt 0.500000 4.714737
vt 0.750000 4.714737
vt 1.000000 4.714737
vt 0.000000 5.121815
vt 0.250000 5.121815
vt 0.500000 5.121815
vt 0.750000 5.121815
vt 1.000000 5.121815
vt 0.000000 5.529207
vt 0.250000 5.529207
vt 0.500000 5.529207
vt 0.750000 5.529207
vt 1.000000 5.529207
vt 0.000000 5.937198
vt 0.250000 5.937198
vt 0.500000 5.937198
vt 0.750000 5.937198
vt 1.000000 5.937198
vt 0.000000 6.344876
vt 0.250000 6.344876
vt 0.500000 6.344876
vt 0.750000 6.344876
vt 1.000000 6.344876
vt 0.000000 6.752069
vt 0.250000 6.752069
vt 0.500000 6.752069
vt 0.750000 6.752069
vt 1.000000 6.752069
vt 0.000000 7.159129
vt 0.250000 7.159129
vt 0.500000 7.159129
vt 0.750000 7.159129
vt 1.000000 7.159129
vt 0.000000 7.566328
vt 0.250000 7.566328
vt 0.500000 7.566328
vt 0.750000 7.566328
vt 1.000000 7.566328
vt 0.000000 7.974304
vt 0.250000 7.974304
vt 0.500000 7.974304
vt 0.750000 7.974304
vt 1.000000 7.974304
vt 0.000000 8.000000
vt 0.250000 8.000000
vt 0.500000 8.000000
vt 0.750000 8.000000
vt 1.000000 8.000000
s 1
usemtl track_surface
f 183/131/6 188/132/7 189/133/8 184/134/9
f 184/134/9 189/133/8 190/135/10 185/136/11
f 185/136/11 190/135/10 191/137/12 186/138/13
f 186/138/13 191/137/12 192/139/14 187/140/15
f 188/132/7 193/141/16 194/142/17 189/133/8
f 189/133/8 194/142/17 195/143/18 190/135/10
f 190/135/10 195/143/18 196/144/19 191/137/12
f 191/137/12 196/144/19 197/145/20 192/139/14
f 193/141/16 198/146/21 199/147/22 194/142/17
f 194/142/17 199/147/22 200/148/23 195/143/18
f 195/143/18 200/148/23 201/149/24 196/144/19
f 196/144/19 201/149/24 202/150/25 197/145/20
f 198/146/21 203/151/26 204/152/27 199/147/22
f 199/147/22 204/152/27 205/153/28 200/148/23
f 200/148/23 205/153/28 206/154/29 201/149/24
f 201/149/24 206/154/29 207/155/30 202/150/25
f 203/151/26 208/156/31 209/157/32 204/152/27
f 204/152/27 209/157/32 210/158/33 205/153/28
f 205/153/28 210/158/33 211/159/34 206/154/29
f 206/154/29 211/159/34 212/160/35 207/155/30
f 208/156/31 213/161/36 214/162/37 209/157/32
f 209/157/32 214/162/37 215/163/38 210/158/33
f 210/158/33 215/163/38 216/164/39 211/159/34
f 211/159/34 216/164/39 217/165/40 212/160/35
f 213/161/36 218/166/41 219/167/42 214/162/37
f 214/162/37 219/167/42 220/168/43 215/163/38
f 215/163/38 220/168/43 221/169/44 216/164/39
f 216/164/39 221/169/44 222/170/45 217/165/40
f 218/166/41 223/171/46 224/172/47 219/167/42
f 219/167/42 224/172/47 225/173/48 220/168/43
f 220/168/43 225/173/48 226/174/49 221/169/44
f 221/169/44 226/174/49 227/175/50 222/170/45
f 223/171/46 228/176/51 229/177/52 224/172/47
f 224/172/47 229/177/52 230/178/53 225/173/48
f 225/173/48 230/178/53 231/179/54 226/174/49
f 226/174/49 231/179/54 232/180/55 227/175/50
f 228/176/51 233/181/56 234/182/57 229/177/52
f 229/177/52 234/182/57 235/183/58 230/178/53
f 230/178/53 235/183/58 236/184/59 231/179/54
f 231/179/54 236/184/59 237/185/60 232/180/55
f 233/181/56 238/186/61 239/187/62 234/182/57
f 234/182/57 239/187/62 240/188/63 235/183/58
f 235/183/58 240/188/63 241/189/64 236/184/59
f 236/184/59 241/189/64 242/190/65 237/185/60
f 238/186/61 243/191/66 244/192/67 239/187/62
f 239/187/62 244/192/67 245/193/68 240/188/63
f 240/188/63 245/193/68 246/194/69 241/189/64
f 241/189/64 246/194/69 247/195/70 242/190/65
f 243/191/66 248/196/71 249/197/72 244/192/67
f 244/192/67 249/197/72 250/198/73 245/193/68
f 245/193/68 250/198/73 251/199/74 246/194/69
f 246/194/69 251/199/74 252/200/75 247/195/70
f 248/196/71 253/201/76 254/202/77 249/197/72
f 249/197/72 254/202/77 255/203/78 250/198/73
f 250/198/73 255/203/78 256/204/79 251/199/74
f 251/199/74 256/204/79 257/205/80 252/200/75
f 253/201/76 258/206/81 259/207/82 254/202/77
f 254/202/77 259/207/82 260/208/83 255/203/78
f 255/203/78 260/208/83 261/209/84 256/204/79
f 256/204/79 261/209/84 262/210/85 257/205/80
f 258/206/81 263/211/86 264/212/87 259/207/82
f 259/207/82 264/212/87 265/213/88 260/208/83
f 260/208/83 265/213/88 266/214/89 261/209/84
f 261/209/84 266/214/89 267/215/90 262/210/85
f 263/211/86 268/216/91 269/217/92 264/212/87
f 264/212/87 269/217/92 270/218/93 265/213/88
f 265/213/88 270/218/93 271/219/94 266/214/89
f 266/214/89 271/219/94 272/220/95 267/215/90
f 268/216/91 273/221/96 274/222/97 269/217/92
f 269/217/92 274/222/97 275/223/98 270/218/93
f 270/218/93 275/223/98 276/224/99 271/219/94
f 271/219/94 276/224/99 277/225/100 272/220/95
f 273/221/96 278/226/101 279/227/102 274/222/97
f 274/222/97 279/227/102 280/228/103 275/223/98
f 275/223/98 280/228/103 281/229/104 276/224/99
f 276/224/99 281/229/104 282/230/105 277/225/100
f 278/226/101 283/231/106 284/232/107 279/227/102
f 279/227/102 284/232/107 285/233/108 280/228/103
f 280/228/103 285/233/108 286/234/109 281/229/104
f 281/229/104 286/234/109 287/235/110 282/230/105
f 283/231/106 288/236/111 289/237/112 284/232/107
f 284/232/107 289/237/112 290/238/113 285/233/108
f 285/233/108 290/238/113 291/239/114 286/234/109
f 286/234/109 291/239/114 292/240/115 287/235/110
usemtl track_rail
f 187/131/116 192/132/117 294/139/117 293/140/116
f 192/132/117 197/141/118 295/145/118 294/139/117
f 197/141/118 202/146/119 296/150/119 295/145/118
f 202/146/119 207/151/120 297/155/120 296/150/119
f 207/151/120 212/156/121 298/160/122 297/155/120
f 212/156/121 217/161/123 299/165/123 298/160/122
f 217/161/123 222/166/124 300/170/124 299/165/123
f 222/166/124 227/171/125 301/175/125 300/170/124
f 227/171/125 232/176/126 302/180/126 301/175/125
f 232/176/126 237/181/127 303/185/127 302/180/126
f 237/181/127 242/186/128 304/190/128 303/185/127
f 242/186/128 247/191/129 305/195/129 304/190/128
f 247/191/129 252/196/130 306/200/130 305/195/129
f 252/196/130 257/201/131 307/205/132 306/200/130
f 257/201/131 262/206/133 308/210/133 307/205/132
f 262/206/133 267/211/134 309/215/134 308/210/133
f 267/211/134 272/216/135 310/220/135 309/215/134
f 272/216/135 277/221/136 311/225/136 310/220/135
f 277/221/136 282/226/137 312/230/137 311/225/136
f 282/226/137 287/231/138 313/235/139 312/230/137
f 287/231/138 292/236/140 314/240/140 313/235/139
f 315/131/141 316/132/142 188/139/142 183/140/143
f 316/132/142 317/141/144 193/145/144 188/139/142
f 317/141/144 318/146/145 198/150/145 193/145/144
f 318/146/145 319/151/146 203/155/146 198/150/145
f 319/151/146 320/156/147 208/160/148 203/155/146
f 320/156/147 321/161/149 213/165/149 208/160/148
f 321/161/149 322/166/150 218/170/151 213/165/149
f 322/166/150 323/171/152 223/175/152 218/170/151
f 323/171/152 324/176/153 228/180/153 223/175/152
f 324/176/153 325/181/154 233/185/154 228/180/153
f 325/181/154 326/186/155 238/190/156 233/185/154
f 326/186/155 327/191/157 243/195/157 238/190/156
f 327/191/157 328/196/158 248/200/158 243/195/157
f 328/196/158 329/201/159 253/205/159 248/200/158
f 329/201/159 330/206/160 258/210/160 253/205/159
f 330/206/160 331/211/161 263/215/161 258/210/160
f 331/211/161 332/216/162 268/220/162 263/215/161
f 332/216/162 333/221/163 273/225/164 268/220/162
f 333/221/163 334/226/165 278/230/165 273/225/164
f 334/226/165 335/231/166 283/235/166 278/230/165
f 335/231/166 336/236/167 288/240/167 283/235/166
o MXTRoadSegment.011_PreviewMesh
v -1344.823730 739.005066 19.938000
v -1344.820190 758.288696 -3.043339
v -1344.816650 777.572327 -26.024677
v -1344.813110 796.855957 -49.006016
v -1344.809570 816.139587 -71.987350
v -1361.457886 738.498474 19.984051
v -1362.441162 757.759521 -2.995172
v -1363.424438 777.020569 -25.974396
v -1364.407715 796.281616 -48.953621
v -1365.390991 815.542664 -71.932846
v -1379.281128 737.356995 20.086002
v -1381.321655 756.542847 -2.886557
v -1383.362305 775.728699 -25.859116
v -1385.402954 794.914551 -48.831673
v -1387.443481 814.100403 -71.804230
v -1397.050293 735.198853 20.276785
v -1400.145142 754.256775 -2.684459
v -1403.239990 773.314636 -25.645704
v -1406.334839 792.372498 -48.606949
v -1409.429688 811.430420 -71.568192
v -1414.650757 732.167419 20.543951
v -1418.789673 751.045349 -2.401437
v -1422.928711 769.923340 -25.346825
v -1427.067749 788.801331 -48.292213
v -1431.206665 807.679260 -71.237602
v -1432.119141 728.251465 20.888477
v -1437.294434 746.897217 -2.036477
v -1442.469727 765.542908 -24.961432
v -1447.645020 784.188599 -47.886387
v -1452.820312 802.834351 -70.811340
v -1449.326416 723.484070 21.307468
v -1455.522583 741.846924 -1.592624
v -1461.718750 760.209717 -24.492716
v -1467.914917 778.572510 -47.392807
v -1474.111084 796.935364 -70.292900
v -1466.313721 717.850403 21.802237
v -1473.517578 735.879028 -1.068511
v -1480.721436 753.907715 -23.939259
v -1487.925293 771.936401 -46.810005
v -1495.129150 789.965027 -69.680756
v -1482.956055 711.395325 22.368816
v -1491.147461 729.040955 -0.468309
v -1499.338745 746.686584 -23.305433
v -1507.530029 764.332214 -46.142559
v -1515.721436 781.977844 -68.979683
v -1499.290649 704.101440 23.008757
v -1508.450806 721.314453 0.209588
v -1517.611084 738.527466 -22.589581
v -1526.771362 755.740479 -45.388748
v -1535.931519 772.953491 -68.187920
v -1515.200317 696.024414 23.717167
v -1525.304565 712.758118 0.960035
v -1535.408813 729.491821 -21.797096
v -1545.513062 746.225525 -44.554226
v -1555.617310 762.959229 -67.311356
v -1530.724487 687.140808 24.496094
v -1541.749512 703.347656 1.785159
v -1552.774536 719.554504 -20.925776
v -1563.799561 735.761353 -43.636711
v -1574.824585 751.968201 -66.347641
v -1545.745117 677.521484 25.339336
v -1557.661499 693.157471 2.678444
v -1569.577881 708.793457 -19.982447
v -1581.494263 724.429443 -42.643337
v -1593.410645 740.065430 -65.304230
v -1560.297363 667.141052 26.249100
v -1573.076904 682.161438 3.642170
v -1585.856323 697.181824 -18.964760
v -1598.635742 712.202209 -41.571690
v -1611.415283 727.222595 -64.178619
v -1574.280029 656.075134 27.218813
v -1587.889160 670.438782 4.669420
v -1601.498413 684.802429 -17.879972
v -1615.107666 699.166077 -40.429363
v -1628.716797 713.529724 -62.978756
v -1587.719482 644.299072 28.250607
v -1602.125732 657.964294 5.762392
v -1616.531982 671.629578 -16.725822
v -1630.938232 685.294861 -39.214035
v -1645.344482 698.960083 -61.702251
v -1600.523926 631.896545 29.337070
v -1615.690063 644.825806 6.913350
v -1630.856201 657.755005 -15.510369
v -1646.022339 670.684204 -37.934090
v -1661.188477 683.613464 -60.357807
v -1612.713623 618.845337 30.480261
v -1628.602661 631.000549 8.124332
v -1644.491699 643.155823 -14.231595
v -1660.380737 655.311096 -36.587524
v -1676.269775 667.466309 -58.943451
v -1624.208862 605.234192 31.672337
v -1640.780151 616.581665 9.387168
v -1657.351440 627.929077 -12.898001
v -1673.922729 639.276489 -35.183170
v -1690.494019 650.623962 -57.468338
v -1635.029541 591.036133 32.915676
v -1652.242554 601.541626 10.704254
v -1669.455566 612.047119 -11.507170
v -1686.668579 622.552612 -33.718594
v -1703.881592 633.058105 -55.930016
v -1645.104004 576.349121 34.201805
v -1662.914795 585.982849 12.066682
v -1680.725708 595.616638 -10.068443
v -1698.536621 605.250427 -32.203568
v -1716.347412 614.884155 -54.338692
v -1654.447754 561.146423 35.532913
v -1672.812622 569.878723 13.476715
v -1691.177612 578.610962 -8.579484
v -1709.542603 587.343201 -30.635683
v -1727.907471 596.075500 -52.691883
v -1663.000488 545.529846 36.900093
v -1681.873047 553.335205 14.925063
v -1700.745605 561.140625 -7.049968
v -1719.618164 568.946045 -29.025000
v -1738.490723 576.751404 -51.000031
v -1670.773438 529.475281 38.305561
v -1690.106934 536.328674 16.413866
v -1709.440430 543.182068 -5.477831
v -1728.773926 550.035461 -27.369528
v -1748.107422 556.888855 -49.261223
v -1677.718018 513.087036 39.740097
v -1697.463623 518.967773 17.933556
v -1717.209351 524.848450 -3.872985
v -1736.955078 530.729126 -25.679525
v -1756.700684 536.609863 -47.486065
v -1683.843140 496.341827 41.205784
v -1703.952026 501.229584 19.486160
v -1724.060913 506.117340 -2.233463
v -1744.169800 511.005096 -23.953085
v -1764.278687 515.892883 -45.672707
v -1689.111328 479.343323 42.693573
v -1709.532959 483.222168 21.062239
v -1729.954468 487.100983 -0.569095
v -1750.375977 490.979797 -22.200430
v -1770.797607 494.858643 -43.831764
v -1693.527466 462.074677 44.204868
v -1714.210815 464.929535 22.663153
v -1734.894287 467.784393 1.121439
v -1755.577759 470.639252 -20.420277
v -1776.261108 473.494110 -41.961990
v -1697.066040 444.636749 45.730915
v -1717.959473 446.456604 24.279762
v -1738.852905 448.276428 2.828609
v -1759.746338 450.096252 -18.622543
v -1780.639771 451.916107 -40.073696
v -1699.729248 427.016144 47.272827
v -1720.780640 427.791168 25.913097
v -1741.832031 428.566162 4.553368
v -1762.883423 429.341156 -16.806362
v -1783.934814 430.116180 -38.166092
v -1701.459595 409.312561 48.820950
v -1722.616821 409.036896 27.553625
v -1743.773926 408.761200 6.286300
v -1764.931030 408.485504 -14.981025
v -1786.088257 408.209839 -36.248348
v -1702.253662 391.506683 50.378876
v -1723.463379 390.175079 29.203928
v -1744.672974 388.843506 8.028983
v -1765.882568 387.511932 -13.145963
v -1787.092285 386.180328 -34.320908
v -1702.496338 382.894257 51.133274
v -1723.711792 381.051453 30.002609
v -1744.927368 379.208649 8.871945
v -1766.142944 377.365845 -12.258718
v -1787.358398 375.523041 -33.389381
v -1344.807373 810.968750 -76.326164
v -1365.166748 810.377136 -76.272148
v -1386.981445 808.952026 -76.145058
v -1408.730347 806.310974 -75.911583
v -1430.272461 802.600525 -75.584572
v -1451.653076 797.808044 -75.162926
v -1472.714111 791.972900 -74.650101
v -1493.505615 785.078003 -74.044571
v -1513.875610 777.177124 -73.351082
v -1533.867920 768.250305 -72.567871
v -1553.341309 758.364075 -71.700790
v -1572.341553 747.491760 -70.747482
v -1590.727173 735.717590 -69.715340
v -1608.537720 723.013489 -68.601891
v -1625.652710 709.468445 -67.414986
v -1642.101562 695.055847 -66.152229
v -1657.774902 679.874695 -64.822289
v -1672.693726 663.901794 -63.423191
v -1686.764404 647.241394 -61.964020
v -1700.007446 629.865479 -60.442333
v -1712.338867 611.887939 -58.868198
v -1723.774658 593.281799 -57.239120
v -1734.244019 574.166077 -55.565514
v -1743.757080 554.517761 -53.845463
v -1752.257690 534.457886 -52.089485
v -1759.754028 513.964783 -50.295727
v -1766.202637 493.157837 -48.474674
v -1771.607544 472.023773 -46.625069
v -1775.939087 450.678467 -44.757137
v -1779.198853 429.113159 -42.870064
v -1781.328491 407.448456 -40.973564
v -1782.320801 385.667877 -39.067883
v -1782.585938 375.108948 -38.144886
v -1344.821533 733.834290 15.599185
v -1361.233643 733.332947 15.644744
v -1378.818970 732.208557 15.745178
v -1396.351074 730.079468 15.933398
v -1413.716553 727.088623 16.196980
v -1430.951782 723.225220 16.536890
v -1447.929443 718.521667 16.950272
v -1464.690063 712.963318 17.438419
v -1481.110352 706.594666 17.997417
v -1497.226929 699.398254 18.628801
v -1512.924316 691.429260 19.327738
v -1528.241455 682.664368 20.096254
v -1543.061646 673.173645 20.928223
v -1557.419800 662.931946 21.825829
v -1571.215942 652.013916 22.782587
v -1584.476440 640.394775 23.800629
v -1597.110352 628.157837 24.872587
v -1609.137451 615.280823 26.000519
v -1620.479370 601.851685 27.176655
v -1631.155396 587.843567 28.403360
v -1641.095459 573.352844 29.672302
v -1650.314819 558.352722 30.985678
v -1658.753662 542.944519 32.334610
v -1666.423096 527.104187 33.721321
v -1673.275024 510.935059 35.136677
v -1679.318481 494.413727 36.582764
v -1684.516479 477.642548 38.050663
v -1688.873779 460.604340 39.541790
v -1692.365356 443.399139 41.047478
v -1694.993286 426.013153 42.568855
v -1696.699951 408.551178 44.095737
v -1697.482300 390.994232 45.631901
v -1697.723877 382.480194 46.377769
vn -0.0055 -0.7660 -0.6428
vn 0.0276 -0.7655 -0.6428
vn 0.0279 -0.7655 -0.6428
vn -0.0052 -0.7660 -0.6428
vn 0.0282 -0.7655 -0.6428
vn -0.0049 -0.7660 -0.6428
vn 0.0284 -0.7655 -0.6428
vn -0.0047 -0.7660 -0.6428
vn 0.0287 -0.7655 -0.6428
vn -0.0045 -0.7660 -0.6428
vn 0.0669 -0.7629 -0.6431
vn 0.0670 -0.7629 -0.6431
vn 0.0671 -0.7629 -0.6431
vn 0.0672 -0.7628 -0.6431
vn 0.1035 -0.7585 -0.6435
vn 0.1030 -0.7585 -0.6435
vn 0.1378 -0.7525 -0.6440
vn 0.1382 -0.7525 -0.6440
vn 0.1731 -0.7446 -0.6447
vn 0.1730 -0.7446 -0.6447
vn 0.1729 -0.7446 -0.6447
vn 0.2064 -0.7353 -0.6455
vn 0.2406 -0.7240 -0.6465
vn 0.2729 -0.7114 -0.6476
vn 0.3061 -0.6966 -0.6489
vn 0.3059 -0.6967 -0.6489
vn 0.3060 -0.6966 -0.6489
vn 0.3361 -0.6813 -0.6502
vn 0.3363 -0.6813 -0.6502
vn 0.3680 -0.6631 -0.6518
vn 0.3679 -0.6631 -0.6518
vn 0.3679 -0.6632 -0.6518
vn 0.3677 -0.6632 -0.6518
vn 0.3971 -0.6444 -0.6535
vn 0.4255 -0.6241 -0.6553
vn 0.4258 -0.6239 -0.6553
vn 0.4255 -0.6241 -0.6552
vn 0.4530 -0.6024 -0.6572
vn 0.4531 -0.6023 -0.6572
vn 0.4800 -0.5788 -0.6592
vn 0.4804 -0.5785 -0.6593
vn 0.5057 -0.5539 -0.6614
vn 0.5054 -0.5542 -0.6614
vn 0.5056 -0.5540 -0.6614
vn 0.5295 -0.5284 -0.6636
vn 0.5526 -0.5010 -0.6660
vn 0.5525 -0.5011 -0.6660
vn 0.5522 -0.5015 -0.6660
vn 0.5736 -0.4734 -0.6685
vn 0.5736 -0.4734 -0.6684
vn 0.5734 -0.4737 -0.6684
vn 0.5733 -0.4738 -0.6684
vn 0.5931 -0.4450 -0.6709
vn 0.5932 -0.4449 -0.6709
vn 0.5932 -0.4450 -0.6709
vn 0.6120 -0.4143 -0.6736
vn 0.6297 -0.3820 -0.6765
vn 0.6296 -0.3822 -0.6764
vn 0.6295 -0.3822 -0.6764
vn 0.6295 -0.3823 -0.6764
vn 0.6294 -0.3825 -0.6764
vn 0.6443 -0.3517 -0.6791
vn 0.6445 -0.3513 -0.6791
vn 0.6444 -0.3514 -0.6791
vn 0.6576 -0.3204 -0.6819
vn 0.6577 -0.3202 -0.6819
vn 0.6707 -0.2845 -0.6850
vn 0.6707 -0.2846 -0.6850
vn 0.6707 -0.2847 -0.6850
vn 0.6706 -0.2847 -0.6850
vn 0.6706 -0.2848 -0.6850
vn 0.6807 -0.2520 -0.6878
vn 0.6807 -0.2521 -0.6878
vn 0.6895 -0.2177 -0.6908
vn 0.6895 -0.2176 -0.6908
vn 0.6894 -0.2178 -0.6908
vn 0.6964 -0.1834 -0.6938
vn 0.6964 -0.1836 -0.6938
vn 0.6963 -0.1839 -0.6938
vn 0.7016 -0.1491 -0.6968
vn 0.7016 -0.1490 -0.6969
vn 0.7016 -0.1490 -0.6968
vn 0.7055 -0.1074 -0.7005
vn 0.7055 -0.1078 -0.7004
vn 0.7055 -0.1082 -0.7004
vn 0.7055 -0.1085 -0.7004
vn 0.7055 -0.1088 -0.7003
vn 0.7067 -0.0827 -0.7027
vn 0.7067 -0.0824 -0.7027
vn 0.7067 -0.0821 -0.7027
vn 0.7067 -0.0819 -0.7027
vn 0.7067 -0.0816 -0.7028
vn 0.0125 -0.0873 -0.9961
vn 0.7068 -0.0808 -0.7028
vn 0.7068 -0.0802 -0.7028
vn 0.7068 -0.0796 -0.7029
vn 0.9997 -0.0250 0.0020
vn 0.0207 -0.6426 0.7659
vn 0.0335 -0.6421 0.7659
vn 0.0661 -0.6397 0.7658
vn 0.0660 -0.6397 0.7658
vn 0.1031 -0.6353 0.7654
vn 0.1380 -0.6293 0.7648
vn 0.1725 -0.6215 0.7642
vn 0.2066 -0.6121 0.7633
vn 0.2065 -0.6121 0.7633
vn 0.2401 -0.6010 0.7624
vn 0.2731 -0.5882 0.7612
vn 0.3053 -0.5738 0.7600
vn 0.3368 -0.5578 0.7586
vn 0.3675 -0.5402 0.7570
vn 0.3972 -0.5212 0.7554
vn 0.4260 -0.5007 0.7536
vn 0.4537 -0.4788 0.7516
vn 0.4536 -0.4788 0.7516
vn 0.4802 -0.4555 0.7496
vn 0.5055 -0.4310 0.7475
vn 0.5296 -0.4052 0.7452
vn 0.5524 -0.3782 0.7428
vn 0.5738 -0.3502 0.7404
vn 0.5937 -0.3211 0.7378
vn 0.6122 -0.2911 0.7352
vn 0.6291 -0.2602 0.7325
vn 0.6444 -0.2284 0.7297
vn 0.6444 -0.2285 0.7297
vn 0.6582 -0.1960 0.7269
vn 0.6703 -0.1629 0.7240
vn 0.6807 -0.1293 0.7210
vn 0.6894 -0.0952 0.7181
vn 0.6964 -0.0606 0.7150
vn 0.6964 -0.0607 0.7150
vn 0.7018 -0.0252 0.7119
vn 0.7054 0.0113 0.7087
vn 0.7068 0.0369 0.7064
vn 0.7068 0.0368 0.7064
vn 0.7070 0.0440 0.7058
vn -0.0217 0.6426 -0.7659
vn -0.0336 0.6421 -0.7659
vn -0.0655 0.6397 -0.7658
vn -0.0656 0.6397 -0.7658
vn -0.1031 0.6353 -0.7654
vn -0.1380 0.6293 -0.7648
vn -0.1725 0.6215 -0.7642
vn -0.2065 0.6121 -0.7633
vn -0.2066 0.6121 -0.7633
vn -0.2401 0.6010 -0.7624
vn -0.2730 0.5882 -0.7612
vn -0.2731 0.5882 -0.7612
vn -0.3053 0.5738 -0.7600
vn -0.3368 0.5578 -0.7586
vn -0.3675 0.5402 -0.7570
vn -0.3972 0.5212 -0.7554
vn -0.4260 0.5007 -0.7536
vn -0.4536 0.4788 -0.7516
vn -0.4537 0.4788 -0.7516
vn -0.4802 0.4555 -0.7496
vn -0.5055 0.4310 -0.7475
vn -0.5296 0.4052 -0.7452
vn -0.5524 0.3782 -0.7428
vn -0.5738 0.3502 -0.7404
vn -0.5937 0.3211 -0.7378
vn -0.6121 0.2911 -0.7352
vn -0.6122 0.2911 -0.7352
vn -0.6291 0.2602 -0.7325
vn -0.6444 0.2285 -0.7297
vn -0.6444 0.2284 -0.7297
vn -0.6582 0.1960 -0.7269
vn -0.6703 0.1629 -0.7240
vn -0.6807 0.1293 -0.7210
vn -0.6894 0.0952 -0.7181
vn -0.6895 0.0952 -0.7181
vn -0.6964 0.0607 -0.7150
vn -0.6965 0.0606 -0.7150
vn -0.7018 0.0250 -0.7119
vn -0.7054 -0.0118 -0.7087
vn -0.7068 -0.0361 -0.7065
vn -0.7070 -0.0419 -0.7060
vt 0.000000 0.000000
vt 0.000000 0.385215
vt 0.250000 0.385215
vt 0.250000 0.000000
vt 0.500000 0.385215
vt 0.500000 0.000000
vt 0.750000 0.385215
vt 0.750000 0.000000
vt 1.000000 0.385215
vt 1.000000 0.000000
vt 0.000000 0.798655
vt 0.250000 0.798655
vt 0.500000 0.798655
vt 0.750000 0.798655
vt 1.000000 0.798655
vt 0.000000 1.213023
vt 0.250000 1.213023
vt 0.500000 1.213023
vt 0.750000 1.213023
vt 1.000000 1.213023
vt 0.000000 1.626480
vt 0.250000 1.626480
vt 0.500000 1.626480
vt 0.750000 1.626480
vt 1.000000 1.626480
vt 0.000000 2.040948
vt 0.250000 2.040948
vt 0.500000 2.040948
vt 0.750000 2.040948
vt 1.000000 2.040948
vt 0.000000 2.454380
vt 0.250000 2.454380
vt 0.500000 2.454380
vt 0.750000 2.454380
vt 1.000000 2.454380
vt 0.000000 2.868814
vt 0.250000 2.868814
vt 0.500000 2.868814
vt 0.750000 2.868814
vt 1.000000 2.868814
vt 0.000000 3.282228
vt 0.250000 3.282228
vt 0.500000 3.282228
vt 0.750000 3.282228
vt 1.000000 3.282228
vt 0.000000 3.696579
vt 0.250000 3.696579
vt 0.500000 3.696579
vt 0.750000 3.696579
vt 1.000000 3.696579
vt 0.000000 4.109930
vt 0.250000 4.109930
vt 0.500000 4.109930
vt 0.750000 4.109930
vt 1.000000 4.109930
vt 0.000000 4.524340
vt 0.250000 4.524340
vt 0.500000 4.524340
vt 0.750000 4.524340
vt 1.000000 4.524340
vt 0.000000 4.937697
vt 0.250000 4.937697
vt 0.500000 4.937697
vt 0.750000 4.937697
vt 1.000000 4.937697
vt 0.000000 5.351992
vt 0.250000 5.351992
vt 0.500000 5.351992
vt 0.750000 5.351992
vt 1.000000 5.351992
vt 0.000000 5.765380
vt 0.250000 5.765380
vt 0.500000 5.765380
vt 0.750000 5.765380
vt 1.000000 5.765380
vt 0.000000 6.179680
vt 0.250000 6.179680
vt 0.500000 6.179680
vt 0.750000 6.179680
vt 1.000000 6.179680
vt 0.000000 6.593101
vt 0.250000 6.593101
vt 0.500000 6.593101
vt 0.750000 6.593101
vt 1.000000 6.593101
vt 0.000000 7.007315
vt 0.250000 7.007315
vt 0.500000 7.007315
vt 0.750000 7.007315
vt 1.000000 7.007315
vt 0.000000 7.420653
vt 0.250000 7.420653
vt 0.500000 7.420653
vt 0.750000 7.420653
vt 1.000000 7.420653
vt 0.000000 7.834858
vt 0.250000 7.834858
vt 0.500000 7.834858
vt 0.750000 7.834858
vt 1.000000 7.834858
vt 0.000000 8.248218
vt 0.250000 8.248218
vt 0.500000 8.248218
vt 0.750000 8.248218
vt 1.000000 8.248218
vt 0.000000 8.662408
vt 0.250000 8.662408
vt 0.500000 8.662408
vt 0.750000 8.662408
vt 1.000000 8.662408
vt 0.000000 9.075795
vt 0.250000 9.075795
vt 0.500000 9.075795
vt 0.750000 9.075795
vt 1.000000 9.075795
vt 0.000000 9.489948
vt 0.250000 9.489948
vt 0.500000 9.489948
vt 0.750000 9.489948
vt 1.000000 9.489948
vt 0.000000 9.903312
vt 0.250000 9.903312
vt 0.500000 9.903312
vt 0.750000 9.903312
vt 1.000000 9.903312
vt 0.000000 10.317416
vt 0.250000 10.317416
vt 0.500000 10.317416
vt 0.750000 10.317416
vt 1.000000 10.317416
vt 0.000000 10.730817
vt 0.250000 10.730817
vt 0.500000 10.730817
vt 0.750000 10.730817
vt 1.000000 10.730817
vt 0.000000 11.144873
vt 0.250000 11.144873
vt 0.500000 11.144873
vt 0.750000 11.144873
vt 1.000000 11.144873
vt 0.000000 11.558284
vt 0.250000 11.558284
vt 0.500000 11.558284
vt 0.750000 11.558284
vt 1.000000 11.558284
vt 0.000000 11.972315
vt 0.250000 11.972315
vt 0.500000 11.972315
vt 0.750000 11.972315
vt 1.000000 11.972315
vt 0.000000 12.385655
vt 0.250000 12.385655
vt 0.500000 12.385655
vt 0.750000 12.385655
vt 1.000000 12.385655
vt 0.000000 12.799798
vt 0.250000 12.799798
vt 0.500000 12.799798
vt 0.750000 12.799798
vt 1.000000 12.799798
vt 0.000000 13.000000
vt 0.250000 13.000000
vt 0.500000 13.000000
vt 0.750000 13.000000
vt 1.000000 13.000000
s 1
usemtl track_surface
f 337/241/168 342/242/169 343/243/170 338/244/171
f 338/244/171 343/243/170 344/245/172 339/246/173
f 339/246/173 344/245/172 345/247/174 340/248/175
f 340/248/175 345/247/174 346/249/176 341/250/177
f 342/242/169 347/251/178 348/252/179 343/243/170
f 343/243/170 348/252/179 349/253/180 344/245/172
f 344/245/172 349/253/180 350/254/181 345/247/174
f 345/247/174 350/254/181 351/255/181 346/249/176
f 347/251/178 352/256/182 353/257/182 348/252/179
f 348/252/179 353/257/182 354/258/183 349/253/180
f 349/253/180 354/258/183 355/259/183 350/254/181
f 350/254/181 355/259/183 356/260/183 351/255/181
f 352/256/182 357/261/184 358/262/185 353/257/182
f 353/257/182 358/262/185 359/263/184 354/258/183
f 354/258/183 359/263/184 360/264/184 355/259/183
f 355/259/183 360/264/184 361/265/184 356/260/183
f 357/261/184 362/266/186 363/267/186 358/262/185
f 358/262/185 363/267/186 364/268/186 359/263/184
f 359/263/184 364/268/186 365/269/187 360/264/184
f 360/264/184 365/269/187 366/270/188 361/265/184
f 362/266/186 367/271/189 368/272/189 363/267/186
f 363/267/186 368/272/189 369/273/189 364/268/186
f 364/268/186 369/273/189 370/274/189 365/269/187
f 365/269/187 370/274/189 371/275/189 366/270/188
f 367/271/189 372/276/190 373/277/190 368/272/189
f 368/272/189 373/277/190 374/278/190 369/273/189
f 369/273/189 374/278/190 375/279/190 370/274/189
f 370/274/189 375/279/190 376/280/190 371/275/189
f 372/276/190 377/281/191 378/282/191 373/277/190
f 373/277/190 378/282/191 379/283/191 374/278/190
f 374/278/190 379/283/191 380/284/191 375/279/190
f 375/279/190 380/284/191 381/285/191 376/280/190
f 377/281/191 382/286/192 383/287/193 378/282/191
f 378/282/191 383/287/193 384/288/194 379/283/191
f 379/283/191 384/288/194 385/289/194 380/284/191
f 380/284/191 385/289/194 386/290/192 381/285/191
f 382/286/192 387/291/195 388/292/196 383/287/193
f 383/287/193 388/292/196 389/293/196 384/288/194
f 384/288/194 389/293/196 390/294/196 385/289/194
f 385/289/194 390/294/196 391/295/196 386/290/192
f 387/291/195 392/296/197 393/297/198 388/292/196
f 388/292/196 393/297/198 394/298/197 389/293/196
f 389/293/196 394/298/197 395/299/199 390/294/196
f 390/294/196 395/299/199 396/300/200 391/295/196
f 392/296/197 397/301/201 398/302/201 393/297/198
f 393/297/198 398/302/201 399/303/201 394/298/197
f 394/298/197 399/303/201 400/304/201 395/299/199
f 395/299/199 400/304/201 401/305/201 396/300/200
f 397/301/201 402/306/202 403/307/203 398/302/201
f 398/302/201 403/307/203 404/308/203 399/303/201
f 399/303/201 404/308/203 405/309/204 400/304/201
f 400/304/201 405/309/204 406/310/203 401/305/201
f 402/306/202 407/311/205 408/312/205 403/307/203
f 403/307/203 408/312/205 409/313/206 404/308/203
f 404/308/203 409/313/206 410/314/206 405/309/204
f 405/309/204 410/314/206 411/315/206 406/310/203
f 407/311/205 412/316/207 413/317/208 408/312/205
f 408/312/205 413/317/208 414/318/207 409/313/206
f 409/313/206 414/318/207 415/319/207 410/314/206
f 410/314/206 415/319/207 416/320/207 411/315/206
f 412/316/207 417/321/209 418/322/210 413/317/208
f 413/317/208 418/322/210 419/323/209 414/318/207
f 414/318/207 419/323/209 420/324/211 415/319/207
f 415/319/207 420/324/211 421/325/211 416/320/207
f 417/321/209 422/326/212 423/327/212 418/322/210
f 418/322/210 423/327/212 424/328/212 419/323/209
f 419/323/209 424/328/212 425/329/212 420/324/211
f 420/324/211 425/329/212 426/330/212 421/325/211
f 422/326/212 427/331/213 428/332/214 423/327/212
f 423/327/212 428/332/214 429/333/213 424/328/212
f 424/328/212 429/333/213 430/334/214 425/329/212
f 425/329/212 430/334/214 431/335/215 426/330/212
f 427/331/213 432/336/216 433/337/217 428/332/214
f 428/332/214 433/337/217 434/338/218 429/333/213
f 429/333/213 434/338/218 435/339/218 430/334/214
f 430/334/214 435/339/218 436/340/219 431/335/215
f 432/336/216 437/341/220 438/342/220 433/337/217
f 433/337/217 438/342/220 439/343/221 434/338/218
f 434/338/218 439/343/221 440/344/221 435/339/218
f 435/339/218 440/344/221 441/345/222 436/340/219
f 437/341/220 442/346/223 443/347/223 438/342/220
f 438/342/220 443/347/223 444/348/223 439/343/221
f 439/343/221 444/348/223 445/349/223 440/344/221
f 440/344/221 445/349/223 446/350/223 441/345/222
f 442/346/223 447/351/224 448/352/225 443/347/223
f 443/347/223 448/352/225 449/353/226 444/348/223
f 444/348/223 449/353/226 450/354/227 445/349/223
f 445/349/223 450/354/227 451/355/228 446/350/223
f 447/351/224 452/356/229 453/357/230 448/352/225
f 448/352/225 453/357/230 454/358/231 449/353/226
f 449/353/226 454/358/231 455/359/230 450/354/227
f 450/354/227 455/359/230 456/360/229 451/355/228
f 452/356/229 457/361/232 458/362/233 453/357/230
f 453/357/230 458/362/233 459/363/233 454/358/231
f 454/358/231 459/363/233 460/364/233 455/359/230
f 455/359/230 460/364/233 461/365/233 456/360/229
f 457/361/232 462/366/234 463/367/235 458/362/233
f 458/362/233 463/367/235 464/368/236 459/363/233
f 459/363/233 464/368/236 465/369/237 460/364/233
f 460/364/233 465/369/237 466/370/238 461/365/233
f 462/366/234 467/371/239 468/372/239 463/367/235
f 463/367/235 468/372/239 469/373/239 464/368/236
f 464/368/236 469/373/239 470/374/239 465/369/237
f 465/369/237 470/374/239 471/375/240 466/370/238
f 467/371/239 472/376/241 473/377/242 468/372/239
f 468/372/239 473/377/242 474/378/243 469/373/239
f 469/373/239 474/378/243 475/379/243 470/374/239
f 470/374/239 475/379/243 476/380/241 471/375/240
f 472/376/241 477/381/244 478/382/245 473/377/242
f 473/377/242 478/382/245 479/383/245 474/378/243
f 474/378/243 479/383/245 480/384/245 475/379/243
f 475/379/243 480/384/245 481/385/246 476/380/241
f 477/381/244 482/386/247 483/387/247 478/382/245
f 478/382/245 483/387/247 484/388/248 479/383/245
f 479/383/245 484/388/248 485/389/247 480/384/245
f 480/384/245 485/389/247 486/390/249 481/385/246
f 482/386/247 487/391/250 488/392/251 483/387/247
f 483/387/247 488/392/251 489/393/252 484/388/248
f 484/388/248 489/393/252 490/394/253 485/389/247
f 485/389/247 490/394/253 491/395/254 486/390/249
f 487/391/250 492/396/255 493/397/256 488/392/251
f 488/392/251 493/397/256 494/398/257 489/393/252
f 489/393/252 494/398/257 495/399/258 490/394/253
f 490/394/253 495/399/258 496/400/259 491/395/254
f 492/396/255 497/401/260 498/402/261 493/397/256
f 493/397/256 498/402/261 499/403/262 494/398/257
f 494/398/257 499/403/262 500/404/263 495/399/258
f 495/399/258 500/404/263 501/405/264 496/400/259
usemtl track_rail
f 341/241/265 346/242/266 503/249/266 502/250/265
f 346/242/266 351/251/267 504/255/268 503/249/266
f 351/251/267 356/256/269 505/260/269 504/255/268
f 356/256/269 361/261/270 506/265/270 505/260/269
f 361/261/270 366/266/271 507/270/271 506/265/270
f 366/266/271 371/271/272 508/275/273 507/270/271
f 371/271/272 376/276/274 509/280/274 508/275/273
f 376/276/274 381/281/275 510/285/275 509/280/274
f 381/281/275 386/286/276 511/290/276 510/285/275
f 386/286/276 391/291/277 512/295/277 511/290/276
f 391/291/277 396/296/278 513/300/278 512/295/277
f 396/296/278 401/301/279 514/305/279 513/300/278
f 401/301/279 406/306/280 515/310/280 514/305/279
f 406/306/280 411/311/281 516/315/282 515/310/280
f 411/311/281 416/316/283 517/320/283 516/315/282
f 416/316/283 421/321/284 518/325/284 517/320/283
f 421/321/284 426/326/285 519/330/285 518/325/284
f 426/326/285 431/331/286 520/335/286 519/330/285
f 431/331/286 436/336/287 521/340/287 520/335/286
f 436/336/287 441/341/288 522/345/288 521/340/287
f 441/341/288 446/346/289 523/350/289 522/345/288
f 446/346/289 451/351/290 524/355/290 523/350/289
f 451/351/290 456/356/291 525/360/292 524/355/290
f 456/356/291 461/361/293 526/365/293 525/360/292
f 461/361/293 466/366/294 527/370/294 526/365/293
f 466/366/294 471/371/295 528/375/295 527/370/294
f 471/371/295 476/376/296 529/380/296 528/375/295
f 476/376/296 481/381/297 530/385/298 529/380/296
f 481/381/297 486/386/299 531/390/299 530/385/298
f 486/386/299 491/391/300 532/395/300 531/390/299
f 491/391/300 496/396/301 533/400/302 532/395/300
f 496/396/301 501/401/303 534/405/303 533/400/302
f 535/241/304 536/242/305 342/249/305 337/250/304
f 536/242/305 537/251/306 347/255/307 342/249/305
f 537/251/306 538/256/308 352/260/308 347/255/307
f 538/256/308 539/261/309 357/265/309 352/260/308
f 539/261/309 540/266/310 362/270/310 357/265/309
f 540/266/310 541/271/311 367/275/312 362/270/310
f 541/271/311 542/276/313 372/280/313 367/275/312
f 542/276/313 543/281/314 377/285/315 372/280/313
f 543/281/314 544/286/316 382/290/316 377/285/315
f 544/286/316 545/291/317 387/295/317 382/290/316
f 545/291/317 546/296/318 392/300/318 387/295/317
f 546/296/318 547/301/319 397/305/319 392/300/318
f 547/301/319 548/306/320 402/310/320 397/305/319
f 548/306/320 549/311/321 407/315/322 402/310/320
f 549/311/321 550/316/323 412/320/323 407/315/322
f 550/316/323 551/321/324 417/325/324 412/320/323
f 551/321/324 552/326/325 422/330/325 417/325/324
f 552/326/325 553/331/326 427/335/326 422/330/325
f 553/331/326 554/336/327 432/340/327 427/335/326
f 554/336/327 555/341/328 437/345/328 432/340/327
f 555/341/328 556/346/329 442/350/330 437/345/328
f 556/346/329 557/351/331 447/355/331 442/350/330
f 557/351/331 558/356/332 452/360/333 447/355/331
f 558/356/332 559/361/334 457/365/334 452/360/333
f 559/361/334 560/366/335 462/370/335 457/365/334
f 560/366/335 561/371/336 467/375/336 462/370/335
f 561/371/336 562/376/337 472/380/338 467/375/336
f 562/376/337 563/381/339 477/385/340 472/380/338
f 563/381/339 564/386/341 482/390/341 477/385/340
f 564/386/341 565/391/342 487/395/342 482/390/341
f 565/391/342 566/396/343 492/400/343 487/395/342
f 566/396/343 567/401/344 497/405/344 492/400/343
o MXTRoadSegment.016_PreviewMesh
v -1702.496460 382.894318 51.133259
v -1707.800293 382.433594 45.850594
v -1713.104126 381.972900 40.567928
v -1718.408081 381.512207 35.285263
v -1723.711914 381.051483 30.002596
v -1729.015869 380.590790 24.719931
v -1734.319702 380.130096 19.437265
v -1739.623657 379.669373 14.154600
v -1744.927490 379.208679 8.871935
v -1750.231323 378.747986 3.589270
v -1755.535278 378.287262 -1.693396
v -1760.839111 377.826569 -6.976061
v -1766.143066 377.365875 -12.258726
v -1771.446899 376.905151 -17.541391
v -1776.750854 376.444458 -22.824057
v -1782.054688 375.983765 -28.106722
v -1787.358521 375.523041 -33.389389
v -1702.464722 363.946869 53.066116
v -1707.778564 363.427216 47.779194
v -1713.092285 362.907532 42.492275
v -1718.406128 362.387878 37.205357
v -1723.719849 361.868225 31.918436
v -1729.033691 361.348572 26.631516
v -1734.347534 360.828888 21.344597
v -1739.661255 360.309235 16.057676
v -1744.975098 359.789581 10.770757
v -1750.288940 359.269928 5.483837
v -1755.602661 358.750275 0.196917
v -1760.916504 358.230591 -5.090003
v -1766.230347 357.710938 -10.376923
v -1771.544067 357.191284 -15.663842
v -1776.857910 356.671631 -20.950762
v -1782.171631 356.151947 -26.237682
v -1787.485474 355.632294 -31.524601
v -1702.420410 344.763672 55.288425
v -1707.754150 344.187164 49.988049
v -1713.088013 343.610657 44.687672
v -1718.421875 343.034149 39.387295
v -1723.755615 342.457642 34.086914
v -1729.089478 341.881104 28.786537
v -1734.423340 341.304596 23.486160
v -1739.757080 340.728088 18.185781
v -1745.090942 340.151581 12.885405
v -1750.424805 339.575073 7.585027
v -1755.758545 338.998566 2.284649
v -1761.092407 338.422058 -3.015729
v -1766.426270 337.845520 -8.316107
v -1771.760010 337.269012 -13.616485
v -1777.093872 336.692505 -18.916862
v -1782.427734 336.115997 -24.217239
v -1787.761475 335.539490 -29.517618
v -1702.363037 325.668610 57.976509
v -1707.734619 325.041626 52.645287
v -1713.106201 324.414673 47.314064
v -1718.477783 323.787689 41.982841
v -1723.849365 323.160736 36.651615
v -1729.221069 322.533752 31.320393
v -1734.592651 321.906799 25.989170
v -1739.964233 321.279816 20.657948
v -1745.335815 320.652863 15.326724
v -1750.707397 320.025909 9.995501
v -1756.078979 319.398926 4.664278
v -1761.450562 318.771973 -0.666945
v -1766.822266 318.144989 -5.998168
v -1772.193848 317.518036 -11.329391
v -1777.565430 316.891052 -16.660614
v -1782.937012 316.264099 -21.991838
v -1788.308594 315.637115 -27.323061
v -1702.304688 306.592560 61.112160
v -1707.731201 305.921906 55.733120
v -1713.157715 305.251251 50.354076
v -1718.584229 304.580597 44.975037
v -1724.010742 303.909943 39.595993
v -1729.437256 303.239319 34.216953
v -1734.863770 302.568665 28.837912
v -1740.290283 301.898010 23.458870
v -1745.716797 301.227356 18.079828
v -1751.143311 300.556702 12.700787
v -1756.569824 299.886047 7.321745
v -1761.996338 299.215393 1.942704
v -1767.422852 298.544769 -3.436338
v -1772.849365 297.874115 -8.815379
v -1778.275879 297.203461 -14.194421
v -1783.702393 296.532806 -19.573463
v -1789.128906 295.862152 -24.952503
v -1702.297241 287.449219 64.655907
v -1707.795166 286.746124 59.211807
v -1713.293091 286.043060 53.767708
v -1718.791016 285.339996 48.323608
v -1724.288940 284.636932 42.879505
v -1729.786865 283.933868 37.435406
v -1735.284912 283.230774 31.991304
v -1740.782837 282.527710 26.547203
v -1746.280762 281.824646 21.103102
v -1751.778687 281.121582 15.659000
v -1757.276611 280.418518 10.214900
v -1762.774658 279.715424 4.770799
v -1768.272583 279.012360 -0.673302
v -1773.770508 278.309296 -6.117404
v -1779.268433 277.606232 -11.561504
v -1784.766357 276.903168 -17.005606
v -1790.264282 276.200073 -22.449707
v -1702.353882 268.267151 68.636971
v -1707.941040 267.545197 63.108562
v -1713.528198 266.823273 57.580151
v -1719.115356 266.101318 52.051743
v -1724.702515 265.379364 46.523331
v -1730.289551 264.657410 40.994919
v -1735.876709 263.935486 35.466507
v -1741.463867 263.213531 29.938097
v -1747.051025 262.491577 24.409687
v -1752.638184 261.769623 18.881277
v -1758.225342 261.047668 13.352865
v -1763.812500 260.325745 7.824454
v -1769.399536 259.603790 2.296044
v -1774.986694 258.881836 -3.232367
v -1780.573853 258.159882 -8.760778
v -1786.161011 257.437958 -14.289189
v -1791.748169 256.716003 -19.817600
v -1702.540039 248.950989 73.007812
v -1708.233154 248.230316 67.375206
v -1713.926147 247.509644 61.742599
v -1719.619141 246.788971 56.109989
v -1725.312134 246.068283 50.477383
v -1731.005127 245.347610 44.844772
v -1736.698242 244.626938 39.212166
v -1742.391235 243.906265 33.579556
v -1748.084229 243.185593 27.946947
v -1753.777222 242.464920 22.314339
v -1759.470215 241.744247 16.681730
v -1765.163330 241.023575 11.049122
v -1770.856323 240.302902 5.416513
v -1776.549316 239.582214 -0.216095
v -1782.242310 238.861542 -5.848703
v -1787.935303 238.140869 -11.481312
v -1793.628418 237.420197 -17.113920
v -1702.895264 229.491058 77.767662
v -1708.710693 228.796753 72.009232
v -1714.526245 228.102463 66.250793
v -1720.341797 227.408157 60.492363
v -1726.157227 226.713867 54.733929
v -1731.972778 226.019562 48.975494
v -1737.788330 225.325256 43.217064
v -1743.603760 224.630966 37.458630
v -1749.419312 223.936661 31.700195
v -1755.234863 223.242355 25.941761
v -1761.050293 222.548065 20.183329
v -1766.865845 221.853760 14.424895
v -1772.681396 221.159454 8.666462
v -1778.496826 220.465164 2.908028
v -1784.312378 219.770859 -2.850405
v -1790.127930 219.076569 -8.608838
v -1795.943359 218.382263 -14.367271
v -1703.492920 209.803314 82.866463
v -1709.445557 209.168777 76.959740
v -1715.398315 208.534225 71.053017
v -1721.351074 207.899689 65.146294
v -1727.303711 207.265137 59.239567
v -1733.256470 206.630600 53.332840
v -1739.209229 205.996048 47.426117
v -1745.161865 205.361511 41.519390
v -1751.114624 204.726959 35.612667
v -1757.067383 204.092407 29.705942
v -1763.020020 203.457870 23.799217
v -1768.972778 202.823318 17.892492
v -1774.925537 202.188782 11.985768
v -1780.878174 201.554230 6.079044
v -1786.830933 200.919693 0.172319
v -1792.783691 200.285141 -5.734406
v -1798.736328 199.650604 -11.641130
v -1704.418335 189.806366 88.237717
v -1710.520020 189.273178 82.160027
v -1716.621826 188.739975 76.082336
v -1722.723511 188.206772 70.004646
v -1728.825195 187.673569 63.926960
v -1734.926880 187.140366 57.849270
v -1741.028687 186.607162 51.771580
v -1747.130371 186.073959 45.693893
v -1753.232056 185.540756 39.616203
v -1759.333740 185.007553 33.538513
v -1765.435425 184.474350 27.460825
v -1771.537231 183.941147 21.383137
v -1777.638916 183.407944 15.305447
v -1783.740601 182.874741 9.227757
v -1789.842285 182.341537 3.150069
v -1795.944092 181.808334 -2.927620
v -1802.045776 181.275146 -9.005310
v -1705.757080 169.461151 93.837921
v -1712.023682 169.082321 87.573593
v -1718.286743 168.702255 81.305862
v -1724.546875 168.321136 75.035217
v -1730.804443 167.939148 68.762161
v -1737.060059 167.556458 62.487179
v -1743.314209 167.173248 56.210762
v -1749.567383 166.789688 49.933403
v -1755.820190 166.405975 43.655598
v -1762.072998 166.022278 37.377834
v -1768.326294 165.638779 31.100607
v -1774.580688 165.255646 24.824408
v -1780.836670 164.873062 18.549726
v -1787.094604 164.491211 12.277060
v -1793.355225 164.110260 6.006896
v -1799.618896 163.730408 -0.260270
v -1805.886108 163.351822 -6.523948
v -1707.646606 148.644882 99.527626
v -1714.094604 148.485687 93.071373
v -1720.528687 148.321213 86.601456
v -1726.950806 148.152222 80.119865
v -1733.363037 147.979492 73.628578
v -1739.767456 147.803772 67.129555
v -1746.165894 147.625824 60.624783
v -1752.560547 147.446426 54.116234
v -1758.953369 147.266327 47.605885
v -1765.346313 147.086288 41.095707
v -1771.741455 146.907089 34.587681
v -1778.140869 146.729492 28.083782
v -1784.546387 146.554230 21.585983
v -1790.960205 146.382111 15.096260
v -1797.384399 146.213867 8.616590
v -1803.820679 146.050262 2.148946
v -1810.271362 145.892075 -4.304695
v -1710.180786 127.337616 105.192245
v -1716.819824 127.469826 98.541840
v -1723.427979 127.589645 91.860977
v -1730.009644 127.698875 85.154060
v -1736.569336 127.799301 78.425491
v -1743.111450 127.892715 71.679688
v -1749.640625 127.980911 64.921043
v -1756.161255 128.065689 58.153980
v -1762.677856 128.148819 51.382896
v -1769.194702 128.232117 44.612202
v -1775.716553 128.317368 37.846306
v -1782.247681 128.406357 31.089613
v -1788.792603 128.500885 24.346531
v -1795.355957 128.602737 17.621469
v -1801.941895 128.713699 10.918833
v -1808.555176 128.835587 4.243031
v -1815.200073 128.970169 -2.401530
v -1713.466431 105.505211 110.665787
v -1720.296753 106.005219 103.824684
v -1727.073486 106.482689 96.930191
v -1733.804199 106.940895 89.990021
v -1740.496582 107.383087 83.011917
v -1747.158691 107.812531 76.003586
v -1753.798096 108.232483 68.972763
v -1760.422607 108.646210 61.927174
v -1767.040039 109.056961 54.874542
v -1773.658203 109.467995 47.822590
v -1780.284790 109.882584 40.779049
v -1786.927612 110.303978 33.751637
v -1793.594482 110.735435 26.748087
v -1800.293091 111.180222 19.776121
v -1807.031372 111.641594 12.843463
v -1813.816895 112.122810 5.957840
v -1820.657715 112.627129 -0.873022
v -1717.605835 83.154976 115.722832
v -1724.618530 84.093605 108.703545
v -1731.549561 84.996933 101.602386
v -1738.410767 85.870056 94.431206
v -1745.213867 86.718086 87.201851
v -1751.970947 87.546127 79.926155
v -1758.693604 88.359306 72.615974
v -1765.393555 89.162712 65.283150
v -1772.082886 89.961464 57.939526
v -1778.773193 90.760658 50.596947
v -1785.476440 91.565422 43.267262
v -1792.204224 92.380852 35.962311
v -1798.968628 93.212059 28.693943
v -1805.781128 94.064148 21.474003
v -1812.653809 94.942238 14.314333
v -1819.598389 95.851425 7.226781
v -1826.626709 96.796829 0.223191
v -1722.642456 60.385406 120.189758
v -1729.820435 61.825294 113.013115
v -1736.884888 63.215172 105.721344
v -1743.852173 64.562271 98.331093
v -1750.738892 65.873840 90.859024
v -1757.561401 67.157104 83.321800
v -1764.336060 68.419296 75.736069
v -1771.079346 69.667664 68.118492
v -1777.807617 70.909431 60.485733
v -1784.537354 72.151840 52.854443
v -1791.284912 73.402122 45.241283
v -1798.066895 74.667511 37.662910
v -1804.899414 75.955254 30.135984
v -1811.799194 77.272568 22.677162
v -1818.782593 78.626701 15.303101
v -1825.865845 80.024895 8.030458
v -1833.065552 81.474365 0.875895
v -1728.590088 37.324226 123.876755
v -1735.910645 39.312271 116.572586
v -1743.082886 41.234676 109.116150
v -1750.128174 43.100941 101.529472
v -1757.067993 44.920551 93.834579
v -1763.923950 46.703018 86.053513
v -1770.717285 48.457829 78.208298
v -1777.469604 50.194485 70.320961
v -1784.202271 51.922482 62.413544
v -1790.937012 53.651318 54.508072
v -1797.694946 55.390491 46.626575
v -1804.497803 57.149498 38.791088
v -1811.366943 58.937836 31.023643
v -1818.323853 60.764999 23.346272
v -1825.390015 62.640488 15.781000
v -1832.586914 64.573799 8.349865
v -1839.935913 66.574432 1.074895
v -1735.418701 14.145198 126.608231
v -1742.857178 16.703743 119.213631
v -1750.110352 19.181124 111.626831
v -1757.205078 21.589087 103.875641
v -1764.168213 23.939367 95.987862
v -1771.026489 26.243717 87.991310
v -1777.806641 28.513872 79.913795
v -1784.535645 30.761580 71.783112
v -1791.240234 32.998581 63.627079
v -1797.947144 35.236622 55.473499
v -1804.683228 37.487438 47.350189
v -1811.475342 39.762783 39.284950
v -1818.350098 42.074394 31.305595
v -1825.334595 44.434013 23.439928
v -1832.455322 46.853386 15.715759
v -1839.739380 49.344254 8.160897
v -1847.213379 51.918362 0.803150
v -1743.037964 -8.958771 128.319061
v -1750.569824 -5.825152 120.873672
v -1757.878540 -2.787126 113.194519
v -1764.996460 0.169140 105.315422
v -1771.955811 3.057473 97.270203
v -1778.788818 5.891707 89.092697
v -1785.527832 8.685671 80.816704
v -1792.205078 11.453195 72.476059
v -1798.852905 14.208111 64.104576
v -1805.503662 16.964249 55.736088
v -1812.189453 19.735437 47.404404
v -1818.942749 22.535511 39.143353
v -1825.795776 25.378298 30.986755
v -1832.780762 28.277628 22.968431
v -1839.929932 31.247334 15.122202
v -1847.275757 34.301243 7.481890
v -1854.850464 37.453190 0.081318
v -1751.340942 -31.810059 128.958740
v -1758.945190 -28.119366 121.501984
v -1766.288086 -24.536860 113.769432
v -1773.407471 -21.046885 105.800995
v -1780.341187 -17.633791 97.636574
v -1787.127197 -14.281922 89.316078
v -1793.802979 -10.975630 80.879402
v -1800.406616 -7.699259 72.366440
v -1806.975708 -4.437158 63.817112
v -1813.548096 -1.173675 55.271301
v -1820.161743 2.106844 46.768921
v -1826.854248 5.420050 38.349865
v -1833.663574 8.781597 30.054041
v -1840.627319 12.207137 21.921349
v -1847.783569 15.712323 13.991690
v -1855.169800 19.312807 6.304965
v -1862.824097 23.024240 -1.098923
v -1760.213013 -54.279350 128.536621
v -1767.871582 -50.065216 121.104324
v -1775.231323 -45.969612 113.354828
v -1782.335449 -41.975388 105.334030
v -1789.227173 -38.065399 97.087807
v -1795.949707 -34.222488 88.662079
v -1802.546387 -30.429516 80.102715
v -1809.060425 -26.669325 71.455612
v -1815.535034 -22.924768 62.766682
v -1822.013550 -19.178698 54.081799
v -1828.539062 -15.413962 45.446865
v -1835.154785 -11.613413 36.907776
v -1841.904175 -7.759901 28.510418
v -1848.830200 -3.836275 20.300692
v -1855.976440 0.174613 12.324488
v -1863.385742 4.289912 4.627700
v -1871.101685 8.526772 -2.743778
v -1769.521851 -76.247681 127.138000
v -1777.221069 -71.552055 119.760262
v -1784.584839 -66.982819 112.025391
v -1791.661865 -62.521671 103.985069
v -1798.500610 -58.150333 95.690956
v -1805.149536 -53.850517 87.194733
v -1811.657104 -49.603947 78.548050
v -1818.072021 -45.392326 69.802597
v -1824.442627 -41.197376 61.010044
v -1830.817627 -37.000813 52.222050
v -1837.245361 -32.784348 43.490292
v -1843.774414 -28.529696 34.866440
v -1850.453369 -24.218575 26.402163
v -1857.330566 -19.832699 18.149132
v -1864.454834 -15.353783 10.159020
v -1871.874390 -10.763541 2.483495
v -1879.637939 -6.043690 -4.825772
v -1779.183960 -97.688744 124.806381
v -1786.912476 -92.561989 117.507370
v -1794.270752 -87.567123 109.813484
v -1801.312378 -82.685059 101.781868
v -1808.090820 -77.896721 93.469635
v -1814.659668 -73.183022 84.933937
v -1821.072632 -68.524887 76.231888
v -1827.383179 -63.903225 67.420616
v -1833.644897 -59.298958 58.557266
v -1839.911255 -54.693008 49.698963
v -1846.236084 -50.066292 40.902836
v -1852.672607 -45.399723 32.226021
v -1859.274658 -40.674225 23.725645
v -1866.095703 -35.870716 15.458841
v -1873.189331 -30.970110 7.482741
v -1880.609131 -25.953327 -0.145526
v -1888.408691 -20.801287 -7.368827
v -1789.091797 -118.551285 121.669456
v -1796.841187 -113.042961 114.467140
v -1804.187256 -107.669769 106.834862
v -1811.188354 -102.412148 98.834824
v -1817.902954 -97.250557 90.529228
v -1824.389404 -92.165436 81.980301
v -1830.705933 -87.137245 73.250237
v -1836.910889 -82.146423 64.401253
v -1843.062622 -77.173424 55.495560
v -1849.219604 -72.198700 46.595356
v -1855.440063 -67.202698 37.762859
v -1861.782349 -62.165871 29.060278
v -1868.304810 -57.068661 20.549818
v -1875.065796 -51.891521 12.293689
v -1882.123657 -46.614906 4.354103
v -1889.536621 -41.219257 -3.206734
v -1897.363281 -35.685032 -10.326612
v -1799.199341 -138.876373 117.781036
v -1806.961426 -133.036911 110.688515
v -1814.289429 -127.333939 103.133873
v -1821.246216 -121.747688 95.183975
v -1827.894531 -116.258430 86.905678
v -1834.297241 -110.846413 78.365845
v -1840.517090 -105.491890 69.631340
v -1846.616943 -100.175110 60.769009
v -1852.659546 -94.876335 51.845734
v -1858.707764 -89.575821 42.928360
v -1864.824219 -84.253807 34.083752
v -1871.071899 -78.890564 25.378775
v -1877.513428 -73.466331 16.880289
v -1884.211670 -67.961372 8.655152
v -1891.229492 -62.355938 0.770228
v -1898.629639 -56.630276 -6.707624
v -1906.474854 -50.764648 -13.711541
v -1809.430664 -158.648758 113.262299
v -1817.199097 -152.524628 106.288025
v -1824.505127 -146.536636 98.822556
v -1831.415527 -140.665070 90.936974
v -1837.997437 -134.890244 82.702332
v -1844.317505 -129.192459 74.189705
v -1850.442871 -123.552025 65.470154
v -1856.440308 -117.949242 56.614742
v -1862.376709 -112.364410 47.694550
v -1868.319092 -106.777847 38.780636
v -1874.334229 -101.169846 29.944061
v -1880.489136 -95.520706 21.255901
v -1886.850708 -89.810745 12.787219
v -1893.485718 -84.020264 4.609082
v -1900.461182 -78.129562 -3.207443
v -1907.843994 -72.118942 -10.591290
v -1915.701050 -65.968719 -17.471392
v -1819.966187 -178.187744 107.998360
v -1827.715820 -171.787552 101.160706
v -1834.977295 -165.521866 93.805748
v -1841.821167 -159.371231 86.008324
v -1848.318237 -153.316177 77.843277
v -1854.538940 -147.337250 69.385460
v -1860.554077 -141.414993 60.709721
v -1866.434204 -135.529922 51.890896
v -1872.249878 -129.662613 43.003838
v -1878.071777 -123.793564 34.123394
v -1883.970581 -117.903343 25.324406
v -1890.016968 -111.972488 16.681723
v -1896.281372 -105.981522 8.270191
v -1902.834473 -99.910995 0.164656
v -1909.747070 -93.741447 -7.560036
v -1917.089600 -87.453423 -14.829039
v -1924.932861 -81.027443 -21.567507
v -1830.738892 -197.448868 102.095474
v -1838.446533 -190.781448 95.410454
v -1845.643066 -184.245804 88.184937
v -1852.402344 -177.822876 80.497124
v -1858.798340 -171.493591 72.425201
v -1864.905029 -165.238892 64.047386
v -1870.796387 -159.039703 55.441872
v -1876.546265 -152.876953 46.686863
v -1882.228760 -146.731598 37.860565
v -1887.917847 -140.584549 29.041170
v -1893.687378 -134.416763 20.306887
v -1899.611328 -128.209152 11.735917
v -1905.763794 -121.942657 3.406460
v -1912.218628 -115.598213 -4.603282
v -1919.049805 -109.156754 -12.215107
v -1926.331177 -102.599220 -19.350813
v -1934.136963 -95.906532 -25.932199
v -1840.111084 -214.507156 96.896332
v -1847.906860 -207.867310 90.264130
v -1855.169556 -201.355377 83.072578
v -1861.976196 -194.952850 75.402618
v -1868.404053 -188.641235 67.335152
v -1874.530151 -182.402008 58.951126
v -1880.431763 -176.216660 50.331463
v -1886.185791 -170.066711 41.557087
v -1891.869629 -163.933624 32.708939
v -1897.560181 -157.798904 23.867939
v -1903.334717 -151.644043 15.115014
v -1909.270386 -145.450531 6.531097
v -1915.444214 -139.199860 -1.802884
v -1921.933350 -132.873520 -9.806002
v -1928.814941 -126.453011 -17.397326
v -1936.166138 -119.919823 -24.495930
v -1944.064209 -113.255440 -31.020885
v -1847.945435 -228.744629 92.576912
v -1855.972168 -222.468872 85.876404
v -1863.445557 -216.316391 78.602547
v -1870.445679 -210.269318 70.838303
v -1877.052612 -204.309845 62.666603
v -1883.346436 -198.420120 54.170425
v -1889.407227 -192.582336 45.432709
v -1895.314941 -186.778641 36.536415
v -1901.149658 -180.991196 27.564495
v -1906.991455 -175.202179 18.599903
v -1912.920410 -169.393753 9.725593
v -1919.016479 -163.548080 1.024520
v -1925.359741 -157.647339 -7.420362
v -1932.030396 -151.673676 -15.526100
v -1939.108276 -145.609283 -23.209740
v -1946.673706 -139.436310 -30.388327
v -1954.806396 -133.136917 -36.978905
v -1855.093140 -242.107208 88.585091
v -1863.386841 -236.346710 81.785606
v -1871.108032 -230.703201 74.401039
v -1878.339478 -225.159760 66.516052
v -1885.164062 -219.699478 58.215286
v -1891.664673 -214.305389 49.583401
v -1897.924072 -208.960602 40.705036
v -1904.025146 -203.648178 31.664846
v -1910.050659 -198.351181 22.547487
v -1916.083496 -193.052689 13.437606
v -1922.206421 -187.735764 4.419851
v -1928.502441 -182.383499 -4.421121
v -1935.054199 -176.978958 -13.000663
v -1941.944702 -171.505203 -21.234123
v -1949.256714 -165.945312 -29.036852
v -1957.072998 -160.282379 -36.324196
v -1965.476440 -154.499435 -43.011505
v -1861.401978 -255.355286 84.982887
v -1869.929932 -250.127884 78.110550
v -1877.867310 -245.008759 70.642746
v -1885.299683 -239.982224 62.665630
v -1892.312134 -235.032639 54.265339
v -1898.990479 -230.144318 45.528053
v -1905.420044 -225.301620 36.539909
v -1911.686157 -220.488861 27.387062
v -1917.874512 -215.690384 18.155678
v -1924.070312 -210.890518 8.931902
v -1930.359131 -206.073608 -0.198110
v -1936.826294 -201.223984 -9.148199
v -1943.557495 -196.325974 -17.832212
v -1950.638062 -191.363937 -26.163996
v -1958.153320 -186.322189 -34.057392
v -1966.188843 -181.185059 -41.426250
v -1974.830078 -175.936905 -48.184414
v -1866.907104 -268.321503 81.745758
v -1875.654419 -263.711365 74.809898
v -1883.794556 -259.198029 67.270218
v -1891.415649 -254.767517 59.214069
v -1898.605225 -250.405807 50.728806
v -1905.451416 -246.098907 41.901817
v -1912.041748 -241.832779 32.820446
v -1918.464233 -237.593445 23.572065
v -1924.806641 -233.366867 14.244040
v -1931.156860 -229.139069 4.923731
v -1937.602539 -224.896011 -4.301497
v -1944.231689 -220.623703 -13.344276
v -1951.132202 -216.308136 -22.117245
v -1958.391602 -211.935287 -30.533037
v -1966.098022 -207.491165 -38.504292
v -1974.339111 -202.961746 -45.943642
v -1983.202759 -198.333023 -52.763721
v -1871.694092 -281.071106 78.828911
v -1880.635010 -277.171509 71.841766
v -1888.955200 -273.354492 64.244995
v -1896.744385 -269.608093 56.126808
v -1904.092285 -265.920349 47.575390
v -1911.088867 -262.279358 38.678963
v -1917.823975 -258.673126 29.525717
v -1924.387329 -255.089722 20.203857
v -1930.868774 -251.517227 10.801592
v -1937.358154 -247.943665 1.407115
v -1943.945312 -244.357117 -7.891369
v -1950.720093 -240.745605 -17.005653
v -1957.772217 -237.097214 -25.847540
v -1965.191528 -233.399979 -34.328823
v -1973.067993 -229.641968 -42.361301
v -1981.491333 -225.811218 -49.856773
v -1990.551392 -221.895813 -56.727039
v -1875.629517 -293.444336 76.289719
v -1884.723633 -290.360382 69.270370
v -1893.186890 -287.341614 61.638851
v -1901.110474 -284.378540 53.483727
v -1908.585815 -281.461823 44.893559
v -1915.704102 -278.581940 35.956932
v -1922.556641 -275.729553 26.762409
v -1929.234619 -272.895142 17.398567
v -1935.829468 -270.069366 7.953982
v -1942.432373 -267.242737 -1.482782
v -1949.134644 -264.405853 -10.823151
v -1956.027466 -261.549255 -19.978548
v -1963.202148 -258.663574 -28.860403
v -1970.750122 -255.739334 -37.380146
v -1978.762451 -252.767136 -45.449203
v -1987.330444 -249.737518 -52.979000
v -1996.545532 -246.641083 -59.880970
v -1878.828613 -305.694214 74.065865
v -1888.010986 -303.502747 67.043793
v -1896.557861 -301.356659 59.410915
v -1904.561157 -299.249359 51.255615
v -1912.113037 -297.174316 42.666248
v -1919.305298 -295.124969 33.731205
v -1926.229736 -293.094727 24.538845
v -1932.978516 -291.077026 15.177546
v -1939.643555 -289.065338 5.735685
v -1946.316650 -287.053040 -3.698372
v -1953.089722 -285.033630 -13.036250
v -1960.054932 -283.000488 -22.189573
v -1967.303955 -280.947083 -31.069969
v -1974.928955 -278.866821 -39.589069
v -1983.021606 -276.753143 -47.658493
v -1991.674072 -274.599518 -55.189877
v -2000.978271 -272.399323 -62.094841
v -1881.187012 -317.744019 72.200829
v -1890.374146 -316.514984 65.212608
v -1898.928589 -315.309570 57.619980
v -1906.941772 -314.124329 49.510387
v -1914.505249 -312.955902 40.971272
v -1921.710693 -311.800812 32.090092
v -1928.649536 -310.655670 22.954288
v -1935.413452 -309.517090 13.651312
v -1942.093872 -308.381592 4.268616
v -1948.782349 -307.245789 -5.106358
v -1955.570435 -306.106293 -14.386158
v -1962.549805 -304.959656 -23.483334
v -1969.811768 -303.802460 -32.310440
v -1977.448120 -302.631287 -40.780022
v -1985.550293 -301.442749 -48.804638
v -1994.209839 -300.233398 -56.296833
v -2003.518188 -298.999847 -63.169167
v -1882.813599 -330.081268 70.643654
v -1891.907104 -329.816010 63.733047
v -1900.378662 -329.552704 56.229599
v -1908.318237 -329.291107 48.219097
v -1915.815796 -329.030914 39.787292
v -1922.961548 -328.771820 31.019983
v -1929.845093 -328.513550 22.002926
v -1936.556763 -328.255829 12.821898
v -1943.186401 -327.998383 3.562678
v -1949.823853 -327.740906 -5.688968
v -1956.559326 -327.483093 -14.847263
v -1963.482788 -327.224701 -23.826433
v -1970.683960 -326.965454 -32.540703
v -1978.253174 -326.705017 -40.904305
v -1986.280273 -326.443146 -48.831459
v -1994.855103 -326.179535 -56.236397
v -2004.067871 -325.913910 -63.033340
v -1883.580566 -342.757324 69.464645
v -1892.482422 -343.424194 62.675964
v -1900.781250 -344.072784 55.311172
v -1908.564209 -344.705750 47.453636
v -1915.918579 -345.325745 39.186684
v -1922.931641 -345.935394 30.593695
v -1929.690674 -346.537323 21.758001
v -1936.282837 -347.134247 12.762967
v -1942.795532 -347.728729 3.691947
v -1949.315918 -348.323456 -5.371713
v -1955.931152 -348.921051 -14.344657
v -1962.728760 -349.524170 -23.143530
v -1969.795776 -350.135437 -31.684978
v -1977.219604 -350.757538 -39.885651
v -1985.087280 -351.393066 -47.662193
v -1993.486328 -352.044708 -54.931255
v -2002.503906 -352.715057 -61.609478
v -1883.500854 -356.279114 68.680786
v -1892.130249 -357.769562 62.049381
v -1900.182617 -359.225098 54.863564
v -1907.741455 -360.650818 47.203564
v -1914.890259 -362.051697 39.149570
v -1921.712524 -363.432831 30.781820
v -1928.291626 -364.799286 22.180510
v -1934.711060 -366.156097 13.425859
v -1941.054565 -367.508270 4.598085
v -1947.405273 -368.860901 -4.222606
v -1953.846924 -370.219025 -12.955998
v -1960.462891 -371.587708 -21.521875
v -1967.336792 -372.971985 -29.840027
v -1974.551880 -374.376892 -37.830238
v -1982.191895 -375.807495 -45.412296
v -1990.340088 -377.268829 -52.505985
v -1999.080200 -378.765961 -59.031097
v -1882.466675 -370.686951 68.371712
v -1890.768799 -372.866638 61.919735
v -1898.525635 -374.999176 54.939678
v -1905.816406 -377.091370 47.507954
v -1912.719604 -379.150085 39.700947
v -1919.314453 -381.182098 31.595081
v -1925.679565 -383.194244 23.266747
v -1931.893921 -385.193329 14.792356
v -1938.036377 -387.186218 6.248312
v -1944.185791 -389.179718 -2.288984
v -1950.421021 -391.180634 -10.743127
v -1956.821045 -393.195801 -19.037710
v -1963.464600 -395.232025 -27.096331
v -1970.430542 -397.296143 -34.842587
v -1977.797852 -399.394989 -42.200066
v -1985.645386 -401.535339 -49.092377
v -1994.052002 -403.724060 -55.443104
v -1880.436768 -386.106323 68.589363
v -1888.388550 -388.813782 62.322456
v -1895.831177 -391.466736 55.557899
v -1902.838501 -394.073059 48.367702
v -1909.484009 -396.640656 40.823853
v -1915.841431 -399.177429 32.998367
v -1921.984497 -401.691223 24.963232
v -1927.986694 -404.189941 16.790455
v -1933.921753 -406.681488 8.552042
v -1939.863403 -409.173737 0.319986
v -1945.885132 -411.674561 -7.833708
v -1952.060669 -414.191833 -15.837037
v -1958.463623 -416.733459 -23.618002
v -1965.167725 -419.307343 -31.104601
v -1972.246582 -421.921326 -38.224834
v -1979.773804 -424.583344 -44.906696
v -1987.823120 -427.301239 -51.078190
v -1877.499268 -402.513641 69.322899
v -1885.104126 -405.592163 63.232491
v -1892.238770 -408.613281 56.678257
v -1898.971069 -411.585327 49.727306
v -1905.369141 -414.516571 42.446739
v -1911.500977 -417.415375 34.903675
v -1917.434814 -420.290009 27.165209
v -1923.238525 -423.148743 19.298456
v -1928.980103 -425.999908 11.370528
v -1934.727783 -428.851837 3.448525
v -1940.549561 -431.712799 -4.400442
v -1946.513306 -434.591064 -12.109262
v -1952.687256 -437.494995 -19.610830
v -1959.139526 -440.432861 -26.838039
v -1965.937866 -443.412964 -33.723778
v -1973.150635 -446.443634 -40.200939
v -1980.845703 -449.533142 -46.202419
v -1873.676392 -419.767090 70.580338
v -1880.955811 -423.072876 64.649467
v -1887.805054 -426.322174 58.291149
v -1894.286255 -429.523132 51.567230
v -1900.461670 -432.683960 44.539539
v -1906.393555 -435.812775 37.269943
v -1912.144165 -438.917816 29.820267
v -1917.775879 -442.007202 22.252363
v -1923.350830 -445.089172 14.628083
v -1928.931152 -448.171844 7.009264
v -1934.579346 -451.263397 -0.542247
v -1940.357544 -454.372040 -7.964603
v -1946.328003 -457.505920 -15.195961
v -1952.552856 -460.673248 -22.174475
v -1959.094482 -463.882141 -28.838299
v -1966.015137 -467.140839 -35.125591
v -1973.377075 -470.457458 -40.974503
v -1869.207031 -437.809418 72.266228
v -1876.192627 -441.221680 66.472267
v -1882.788452 -444.581116 60.288906
v -1889.050903 -447.895325 53.772495
v -1895.036377 -451.171967 46.979359
v -1900.801270 -454.418671 39.965851
v -1906.401978 -457.643158 32.788300
v -1911.894775 -460.852997 25.503046
v -1917.336304 -464.055878 18.166433
v -1922.782715 -467.259430 10.834797
v -1928.290527 -470.471283 3.564475
v -1933.916138 -473.699127 -3.588190
v -1939.715820 -476.950592 -10.566861
v -1945.746216 -480.233337 -17.315199
v -1952.063477 -483.554962 -23.776865
v -1958.723999 -486.923157 -29.895519
v -1965.784302 -490.345551 -35.614826
v -1864.193115 -456.497284 74.337112
v -1870.919800 -459.915344 68.656998
v -1877.296753 -463.286072 62.626369
v -1883.374756 -466.616364 56.295956
v -1889.204346 -469.913055 49.716450
v -1894.836060 -473.182953 42.938583
v -1900.320557 -476.432953 36.013054
v -1905.708374 -479.669861 28.990580
v -1911.050049 -482.900513 21.921877
v -1916.396118 -486.131775 14.857651
v -1921.797363 -489.370514 7.848617
v -1927.304077 -492.623505 0.945489
v -1932.967163 -495.897644 -5.801021
v -1938.836914 -499.199768 -12.340201
v -1944.964111 -502.536713 -18.621340
v -1951.399170 -505.915314 -24.593721
v -1958.192871 -509.342438 -30.206636
v -1858.864868 -475.775116 76.688545
v -1865.366821 -479.119629 71.099884
v -1871.558594 -482.423492 65.199646
v -1877.484985 -485.692535 59.032921
v -1883.190918 -488.932709 52.644779
v -1888.721191 -492.149841 46.080311
v -1894.120972 -495.349854 39.384586
v -1899.434814 -498.538605 32.602684
v -1904.707764 -501.721985 25.779688
v -1909.984741 -504.905914 18.960672
v -1915.310547 -508.096222 12.190717
v -1920.729980 -511.298828 5.514903
v -1926.288208 -514.519592 -1.021692
v -1932.029785 -517.764465 -7.373988
v -1937.999756 -521.039246 -13.496907
v -1944.243042 -524.349854 -19.345371
v -1950.804443 -527.702148 -24.874300
v -1853.381104 -495.567657 79.243904
v -1859.689697 -498.776276 73.726860
v -1865.726196 -501.951294 67.936523
v -1871.530029 -505.097534 61.912460
v -1877.140503 -508.219879 55.694183
v -1882.597046 -511.323212 49.321251
v -1887.938965 -514.412354 42.833187
v -1893.205566 -517.492249 36.269539
v -1898.436401 -520.567627 29.669847
v -1903.670654 -523.643494 23.073648
v -1908.947754 -526.724670 16.520479
v -1914.307129 -529.815979 10.049883
v -1919.787964 -532.922302 3.701397
v -1925.429810 -536.048523 -2.485439
v -1931.271851 -539.199463 -8.471086
v -1937.353516 -542.380066 -14.216004
v -1943.714233 -545.595154 -19.680655
v -1847.890869 -515.821289 81.929482
v -1854.033569 -518.845215 76.467133
v -1859.940918 -521.842468 70.768539
v -1865.646851 -524.816956 64.867889
v -1871.185425 -527.772400 58.799355
v -1876.590820 -530.712830 52.597118
v -1881.897095 -533.641968 46.295357
v -1887.138184 -536.563721 39.928257
v -1892.348145 -539.481995 33.529995
v -1897.561279 -542.400574 27.134752
v -1902.811401 -545.323364 20.776709
v -1908.132568 -548.254211 14.490047
v -1913.559082 -551.196960 8.308947
v -1919.124756 -554.155518 2.267587
v -1924.863892 -557.133728 -3.599850
v -1930.810303 -560.135437 -9.259186
v -1936.998169 -563.164490 -14.676239
v -1842.575195 -536.501465 84.655655
v -1848.575439 -539.305664 79.234009
v -1854.375000 -542.089600 73.611382
v -1860.002930 -544.856262 67.816864
v -1865.488281 -547.608521 61.879528
v -1870.859985 -550.349365 55.828453
v -1876.147217 -553.081604 49.692711
v -1881.378906 -555.808350 43.501385
v -1886.584106 -558.532349 37.283550
v -1891.791992 -561.256653 31.068283
v -1897.031372 -563.984070 24.884661
v -1902.331421 -566.717651 18.761765
v -1907.721069 -569.460266 12.728669
v -1913.229492 -572.214905 6.814451
v -1918.885620 -574.984375 1.048190
v -1924.718506 -577.771667 -4.541039
v -1930.757202 -580.579773 -9.924156
v -1837.516724 -557.551514 87.376709
v -1843.394165 -560.108459 81.984795
v -1849.103638 -562.650818 76.424988
v -1854.669189 -565.180786 70.721581
v -1860.115479 -567.700378 64.898857
v -1865.466553 -570.211792 58.981117
v -1870.746826 -572.717041 52.992649
v -1875.980713 -575.218262 46.957745
v -1881.192383 -577.717590 40.900692
v -1886.406128 -580.217102 34.845787
v -1891.646484 -582.718872 28.817320
v -1896.937500 -585.225098 22.839581
v -1902.303589 -587.737793 16.936863
v -1907.769165 -590.259094 11.133455
v -1913.358398 -592.791077 5.453651
v -1919.095703 -595.335876 -0.078258
v -1925.005371 -597.895569 -5.437981
v -1832.872314 -578.941040 90.012543
v -1838.643188 -581.234070 84.641815
v -1844.276123 -583.517273 79.133728
v -1849.791260 -585.792175 73.508171
v -1855.208496 -588.060120 67.784996
v -1860.547607 -590.322510 61.984093
v -1865.828735 -592.580811 56.125324
v -1871.071655 -594.836365 50.228565
v -1876.296387 -597.090698 44.313690
v -1881.522949 -599.345093 38.400574
v -1886.771240 -601.601074 32.509079
v -1892.061035 -603.859985 26.659090
v -1897.412598 -606.123230 20.870474
v -1902.845581 -608.392334 15.163103
v -1908.380005 -610.668579 9.556852
v -1914.036011 -612.953430 4.071594
v -1919.833252 -615.248352 -1.272801
v -1828.688721 -600.611511 92.532921
v -1834.366699 -602.628479 87.177162
v -1839.934326 -604.639465 81.711792
v -1845.407715 -606.645264 76.152664
v -1850.802734 -608.646851 70.515640
v -1856.135376 -610.645081 64.816574
v -1861.421509 -612.640747 59.071331
v -1866.677246 -614.634705 53.295769
v -1871.918335 -616.627930 47.505753
v -1877.160889 -618.621277 41.717133
v -1882.420776 -620.615479 35.945774
v -1887.713989 -622.611572 30.207539
v -1893.056396 -624.610291 24.518282
v -1898.464111 -626.612549 18.893866
v -1903.953003 -628.619202 13.350149
v -1909.539062 -630.631165 7.902992
v -1915.238159 -632.649292 2.568255
v -1825.062744 -622.518738 94.884377
v -1830.659424 -624.254883 89.539116
v -1836.170532 -625.987854 84.108978
v -1841.608521 -627.718079 78.606239
v -1846.985718 -629.446045 73.043182
v -1852.314453 -631.172241 67.432076
v -1857.607056 -632.897095 61.785221
v -1862.876099 -634.621094 56.114883
v -1868.133789 -636.344604 50.433353
v -1873.392578 -638.068237 44.752907
v -1878.664917 -639.792297 39.085823
v -1883.963013 -641.517334 33.444389
v -1889.299438 -643.243835 27.840883
v -1894.686401 -644.972168 22.287588
v -1900.136353 -646.702881 16.796782
v -1905.661743 -648.436340 11.380748
v -1911.274902 -650.173096 6.051767
v -1822.043701 -644.613037 97.035477
v -1827.569336 -646.067932 91.697571
v -1833.031250 -647.521545 86.296387
v -1838.438354 -648.974121 80.841072
v -1843.800171 -650.425781 75.340797
v -1849.125854 -651.876709 69.804703
v -1854.424561 -653.327148 64.241951
v -1859.705566 -654.777222 58.661694
v -1864.978149 -656.227173 53.073093
v -1870.251587 -657.677124 47.485302
v -1875.535034 -659.127258 41.907475
v -1880.837891 -660.577759 36.348766
v -1886.169189 -662.028809 30.818335
v -1891.538330 -663.480652 25.325335
v -1896.954468 -664.933350 19.878920
v -1902.426880 -666.387207 14.488250
v -1907.964844 -667.842346 9.162477
v -1819.636353 -666.831482 98.974945
v -1825.100342 -668.007019 93.642517
v -1830.518921 -669.182495 88.265198
v -1835.898804 -670.357849 82.849495
v -1841.246338 -671.533142 77.401894
v -1846.568237 -672.708374 71.928894
v -1851.871094 -673.883545 66.436981
v -1857.161377 -675.058716 60.932659
v -1862.445679 -676.233887 55.422417
v -1867.730591 -677.409058 49.912746
v -1873.022583 -678.584229 44.410145
v -1878.328369 -679.759460 38.921104
v -1883.654297 -680.934692 33.452118
v -1889.007080 -682.109985 28.009682
v -1894.393311 -683.285400 22.600286
v -1899.819458 -684.460815 17.230429
v -1905.292236 -685.636353 11.906602
v -1817.917725 -689.144104 100.659134
v -1823.329102 -690.048157 95.330498
v -1828.710449 -690.952698 89.972153
v -1834.066040 -691.857605 84.588402
v -1839.400391 -692.762817 79.183533
v -1844.717651 -693.668335 73.761848
v -1850.022217 -694.574036 68.327644
v -1855.318604 -695.479858 62.885227
v -1860.610962 -696.385742 57.438889
v -1865.903809 -697.291626 51.992931
v -1871.201294 -698.197388 46.551655
v -1876.507812 -699.103088 41.119354
v -1881.827759 -700.008545 35.700325
v -1887.165527 -700.913696 30.298874
v -1892.525391 -701.818542 24.919294
v -1897.911743 -702.723022 19.565887
v -1903.328735 -703.627014 14.242949
v -1816.809448 -711.476501 102.115868
v -1822.176636 -712.114502 96.790489
v -1827.525757 -712.753113 91.447372
v -1832.859619 -713.392212 86.089081
v -1838.180786 -714.031677 80.718178
v -1843.491821 -714.671509 75.337234
v -1848.795166 -715.311584 69.948822
v -1854.093750 -715.951843 64.555496
v -1859.389771 -716.592163 59.159832
v -1864.686157 -717.232422 53.764397
v -1869.985352 -717.872681 48.371754
v -1875.289917 -718.512695 42.984474
v -1880.602539 -719.152466 37.605118
v -1885.925659 -719.791931 32.236259
v -1891.262085 -720.430908 26.880459
v -1896.614258 -721.069397 21.540287
v -1901.984741 -721.707336 16.218309
v -1816.389771 -733.821228 103.302216
v -1821.721802 -734.204224 97.978943
v -1827.044800 -734.587585 92.646744
v -1832.360229 -734.971313 87.306923
v -1837.669189 -735.355408 81.960770
v -1842.973022 -735.739746 76.609566
v -1848.273071 -736.124207 71.254608
v -1853.570679 -736.508850 65.897179
v -1858.867188 -736.893555 60.538578
v -1864.163696 -737.278198 55.180092
v -1869.461548 -737.662781 49.823006
v -1874.762207 -738.047302 44.468616
v -1880.066895 -738.431580 39.118214
v -1885.376953 -738.815552 33.773079
v -1890.693604 -739.199280 28.434515
v -1896.018066 -739.582581 23.103802
v -1901.351929 -739.965454 17.782236
v -1816.692749 -756.247681 104.206215
v -1822.000244 -756.384949 98.882614
v -1827.304688 -756.522461 93.555862
v -1832.606323 -756.660095 88.226418
v -1837.905640 -756.797852 82.894737
v -1843.203247 -756.935791 77.561264
v -1848.499512 -757.073792 72.226471
v -1853.794922 -757.211792 66.890808
v -1859.089844 -757.349915 61.554722
v -1864.384888 -757.487976 56.218681
v -1869.680298 -757.625977 50.883133
v -1874.976807 -757.763977 45.548542
v -1880.274658 -757.901855 40.215355
v -1885.574463 -758.039612 34.884033
v -1890.876465 -758.177246 29.555031
v -1896.181396 -758.314697 24.228806
v -1901.489502 -758.451904 18.905809
v -1817.472168 -778.460754 104.912872
v -1822.762085 -778.360657 99.590530
v -1828.051514 -778.260620 94.267845
v -1833.340820 -778.160645 88.944878
v -1838.629761 -778.060669 83.621674
v -1843.918579 -777.960632 78.298271
v -1849.207153 -777.860718 72.974731
v -1854.495728 -777.760742 67.651100
v -1859.784302 -777.660767 62.327419
v -1865.072754 -777.560852 57.003746
v -1870.361328 -777.460876 51.680126
v -1875.650024 -777.360901 46.356606
v -1880.938843 -777.260925 41.033237
v -1886.227783 -777.160889 35.710068
v -1891.517090 -777.060913 30.387148
v -1896.806641 -776.960876 25.064524
v -1902.096558 -776.860779 19.742247
v -1817.952271 -789.205750 105.213913
v -1823.234619 -788.992554 99.894096
v -1828.517090 -788.779297 94.574280
v -1833.799561 -788.566101 89.254463
v -1839.081909 -788.352905 83.934654
v -1844.364380 -788.139648 78.614838
v -1849.646851 -787.926453 73.295021
v -1854.929199 -787.713196 67.975204
v -1860.211670 -787.500000 62.655388
v -1865.494141 -787.286804 57.335571
v -1870.776489 -787.073547 52.015755
v -1876.058960 -786.860352 46.695942
v -1881.341431 -786.647095 41.376125
v -1886.623779 -786.433899 36.056309
v -1891.906250 -786.220703 30.736494
v -1897.188721 -786.007446 25.416677
v -1902.471069 -785.794250 20.096863
v -1782.586182 375.108978 -38.144890
v -1782.713257 355.125946 -36.271351
v -1782.989868 334.936035 -34.253681
v -1783.538452 314.930481 -32.046261
v -1784.361084 295.046448 -29.660587
v -1785.500488 275.270294 -27.140560
v -1786.990112 255.667191 -24.489197
v -1788.878540 236.249084 -21.764797
v -1791.204834 217.086624 -18.996552
v -1794.012695 198.230453 -16.249018
v -1797.340942 179.733612 -13.593461
v -1801.204468 161.694534 -11.095497
v -1805.617188 144.130005 -8.864910
v -1810.576538 127.117744 -6.957203
v -1816.067017 110.703407 -5.432379
v -1822.068848 94.825111 -4.348530
v -1828.538330 79.479759 -3.716240
v -1835.434692 64.583252 -3.544193
v -1842.731567 49.954800 -3.846673
v -1850.380981 35.538612 -4.600619
v -1858.359375 21.175495 -5.811767
v -1866.635132 6.755283 -7.484469
v -1875.163696 -7.729773 -9.590382
v -1883.922852 -22.399134 -12.152803
v -1892.862549 -37.193226 -15.125645
v -1901.957397 -52.185226 -18.521593
v -1911.165527 -67.303879 -22.288975
v -1920.380859 -82.281685 -26.391319
v -1929.569824 -97.083832 -30.761040
v -1939.469727 -114.357872 -35.841511
v -1950.174194 -134.168854 -41.778980
v -1960.802979 -155.454468 -47.787369
v -1970.115967 -176.801117 -52.937511
v -1978.447510 -199.091507 -57.493931
v -1985.756592 -222.533432 -61.435158
v -1991.714600 -247.140076 -64.568794
v -1996.118408 -272.746399 -66.766396
v -1998.639038 -299.181946 -67.829941
v -1999.181885 -325.929352 -67.690636
v -1997.624146 -352.567230 -66.270874
v -1994.217407 -378.471863 -63.703251
v -1989.213135 -403.305542 -60.130638
v -1983.010620 -426.785980 -55.783077
v -1976.057739 -448.948975 -50.924309
v -1968.609253 -469.831299 -45.711365
v -1961.030884 -489.700958 -40.363689
v -1953.447754 -508.700439 -34.964184
v -1946.062134 -527.080444 -29.637320
v -1938.970093 -545.008789 -24.446308
v -1932.248535 -562.626282 -19.442163
v -1925.999878 -580.100037 -14.688622
v -1920.239014 -597.483215 -10.199780
v -1915.057861 -614.909668 -6.031347
v -1910.454468 -632.389465 -2.186888
v -1906.484375 -649.995361 1.299724
v -1903.169556 -667.748230 4.412930
v -1900.494263 -685.626587 7.158734
v -1898.530640 -703.700012 9.495795
v -1897.188843 -721.861938 11.470885
v -1896.560425 -740.198486 13.033563
v -1896.704346 -758.760010 14.155032
v -1897.319580 -777.240723 14.988508
v -1897.698730 -786.208313 15.341358
v -1697.723999 382.480225 46.377754
v -1697.692505 363.440521 48.319363
v -1697.648804 344.160248 50.552364
v -1697.592896 324.961975 53.253307
v -1697.536987 305.776855 56.404076
v -1697.533325 286.519409 59.965057
v -1697.595825 267.218353 63.965378
v -1697.790283 247.779877 68.356941
v -1698.156738 228.195419 73.138382
v -1698.769165 208.383163 78.258575
v -1699.713501 188.264847 83.649567
v -1701.075562 167.803864 89.266373
v -1702.992310 146.882797 94.967415
v -1705.557251 125.485191 100.636566
v -1708.875732 103.581490 106.106430
v -1713.047974 81.183258 111.151108
v -1718.115112 58.390797 115.597618
v -1724.088745 35.333042 119.257668
v -1730.936890 12.181639 121.958405
v -1738.568481 -10.873347 123.637131
v -1746.876221 -33.658806 124.245903
v -1755.746460 -56.050838 123.795929
v -1765.047607 -77.933762 122.373390
v -1774.697998 -99.286591 120.022400
v -1784.591064 -120.059479 116.870422
v -1794.681885 -140.296951 112.970985
v -1804.895142 -159.983902 108.444717
v -1815.414307 -179.441971 103.174545
v -1826.171753 -198.626175 97.266632
v -1835.516724 -215.609589 92.075699
v -1843.313354 -229.776550 87.776840
v -1850.419678 -243.062241 83.809227
v -1856.687744 -256.219513 80.229790
v -1862.151855 -269.079987 77.015541
v -1866.899292 -281.708740 74.120789
v -1870.798584 -293.943329 71.601891
v -1873.968750 -306.041290 69.394310
v -1876.307861 -317.926086 67.540054
v -1877.927734 -330.096710 65.986359
v -1878.700806 -342.609497 64.803246
v -1878.638062 -355.985046 64.008636
v -1877.627808 -370.268433 63.684177
v -1875.624268 -385.591064 63.884476
v -1872.711304 -401.929504 64.601006
v -1868.908569 -419.140900 65.843475
v -1864.453613 -437.164856 67.517365
v -1859.447998 -455.855316 69.579567
v -1854.122559 -475.153412 71.925529
v -1848.636963 -494.981262 74.478249
v -1843.141235 -515.283142 77.163559
v -1837.817871 -536.021790 79.891190
v -1832.750488 -557.139160 82.614914
v -1828.096924 -578.602356 85.253998
v -1823.905029 -600.351746 87.777779
v -1820.272217 -622.340942 90.132332
v -1817.248291 -644.518921 92.285927
v -1814.838379 -666.821716 94.227081
v -1813.119629 -689.217102 95.911980
v -1812.013672 -711.631104 97.368446
v -1811.598267 -734.054260 98.553543
v -1811.907593 -756.555786 99.455437
v -1812.695190 -778.840698 100.159134
v -1813.179810 -789.619812 100.458412
vn 0.7070 -0.0594 -0.7047
vn 0.7070 -0.0745 -0.7033
vn 0.7070 -0.0746 -0.7033
vn 0.7070 -0.0747 -0.7033
vn 0.7070 -0.0744 -0.7033
vn 0.7070 -0.0743 -0.7033
vn 0.7070 -0.0595 -0.7047
vn 0.7069 -0.0868 -0.7019
vn 0.7069 -0.0867 -0.7020
vn 0.7069 -0.0868 -0.7020
vn 0.7069 -0.0869 -0.7019
vn 0.7069 -0.0870 -0.7019
vn 0.7067 -0.1038 -0.6999
vn 0.7067 -0.1039 -0.6998
vn 0.7067 -0.1040 -0.6998
vn 0.7067 -0.1039 -0.6999
vn 0.7067 -0.1038 -0.6998
vn 0.7063 -0.1209 -0.6975
vn 0.7063 -0.1207 -0.6975
vn 0.7063 -0.1208 -0.6975
vn 0.7063 -0.1210 -0.6975
vn 0.7064 -0.1207 -0.6975
vn 0.7063 -0.1211 -0.6975
vn 0.7063 -0.1212 -0.6975
vn 0.7063 -0.1212 -0.6974
vn 0.7057 -0.1381 -0.6949
vn 0.7057 -0.1379 -0.6949
vn 0.7057 -0.1382 -0.6949
vn 0.7057 -0.1383 -0.6949
vn 0.7057 -0.1384 -0.6948
vn 0.7057 -0.1385 -0.6948
vn 0.7057 -0.1387 -0.6948
vn 0.7057 -0.1386 -0.6948
vn 0.7057 -0.1388 -0.6948
vn 0.7057 -0.1391 -0.6947
vn 0.7049 -0.1549 -0.6922
vn 0.7049 -0.1547 -0.6922
vn 0.7049 -0.1548 -0.6922
vn 0.7049 -0.1553 -0.6921
vn 0.7049 -0.1555 -0.6921
vn 0.7049 -0.1556 -0.6920
vn 0.7049 -0.1557 -0.6920
vn 0.7049 -0.1556 -0.6921
vn 0.7049 -0.1560 -0.6920
vn 0.7048 -0.1558 -0.6920
vn 0.7048 -0.1559 -0.6920
vn 0.7049 -0.1564 -0.6919
vn 0.7048 -0.1565 -0.6919
vn 0.7048 -0.1563 -0.6920
vn 0.7048 -0.1566 -0.6919
vn 0.7037 -0.1725 -0.6892
vn 0.7037 -0.1726 -0.6892
vn 0.7037 -0.1724 -0.6892
vn 0.7037 -0.1729 -0.6891
vn 0.7037 -0.1728 -0.6892
vn 0.7037 -0.1730 -0.6892
vn 0.7037 -0.1732 -0.6891
vn 0.7037 -0.1733 -0.6891
vn 0.7037 -0.1738 -0.6889
vn 0.7036 -0.1737 -0.6890
vn 0.7037 -0.1742 -0.6889
vn 0.7037 -0.1744 -0.6888
vn 0.7036 -0.1742 -0.6889
vn 0.7036 -0.1744 -0.6889
vn 0.7036 -0.1746 -0.6888
vn 0.7036 -0.1748 -0.6888
vn 0.7036 -0.1750 -0.6887
vn 0.7023 -0.1886 -0.6865
vn 0.7023 -0.1888 -0.6864
vn 0.7022 -0.1892 -0.6864
vn 0.7022 -0.1894 -0.6863
vn 0.7022 -0.1897 -0.6863
vn 0.7022 -0.1900 -0.6862
vn 0.7021 -0.1902 -0.6862
vn 0.7021 -0.1905 -0.6861
vn 0.7021 -0.1908 -0.6861
vn 0.7021 -0.1910 -0.6860
vn 0.7021 -0.1913 -0.6859
vn 0.7020 -0.1916 -0.6859
vn 0.7020 -0.1920 -0.6858
vn 0.7020 -0.1922 -0.6858
vn 0.7020 -0.1924 -0.6857
vn 0.7019 -0.1927 -0.6857
vn 0.7019 -0.1930 -0.6856
vn 0.7001 -0.2071 -0.6833
vn 0.7000 -0.2075 -0.6833
vn 0.7000 -0.2079 -0.6832
vn 0.7000 -0.2082 -0.6832
vn 0.6999 -0.2086 -0.6831
vn 0.6999 -0.2090 -0.6830
vn 0.6998 -0.2094 -0.6829
vn 0.6998 -0.2098 -0.6828
vn 0.6998 -0.2102 -0.6828
vn 0.6997 -0.2106 -0.6827
vn 0.6997 -0.2111 -0.6826
vn 0.6996 -0.2115 -0.6825
vn 0.6996 -0.2119 -0.6824
vn 0.6995 -0.2123 -0.6823
vn 0.6995 -0.2128 -0.6822
vn 0.6995 -0.2132 -0.6821
vn 0.6994 -0.2140 -0.6820
vn 0.6975 -0.2241 -0.6806
vn 0.6974 -0.2246 -0.6805
vn 0.6973 -0.2253 -0.6804
vn 0.6973 -0.2257 -0.6803
vn 0.6973 -0.2262 -0.6802
vn 0.6972 -0.2267 -0.6801
vn 0.6972 -0.2275 -0.6798
vn 0.6972 -0.2279 -0.6797
vn 0.6971 -0.2282 -0.6796
vn 0.6971 -0.2286 -0.6796
vn 0.6969 -0.2295 -0.6795
vn 0.6968 -0.2303 -0.6793
vn 0.6967 -0.2309 -0.6792
vn 0.6966 -0.2314 -0.6791
vn 0.6965 -0.2321 -0.6789
vn 0.6965 -0.2328 -0.6788
vn 0.6964 -0.2334 -0.6786
vn 0.6932 -0.2413 -0.6792
vn 0.6933 -0.2429 -0.6785
vn 0.6935 -0.2442 -0.6778
vn 0.6937 -0.2451 -0.6773
vn 0.6939 -0.2456 -0.6770
vn 0.6940 -0.2458 -0.6767
vn 0.6942 -0.2458 -0.6765
vn 0.6943 -0.2457 -0.6765
vn 0.6942 -0.2456 -0.6765
vn 0.6941 -0.2457 -0.6766
vn 0.6940 -0.2457 -0.6767
vn 0.6938 -0.2460 -0.6769
vn 0.6934 -0.2467 -0.6770
vn 0.6929 -0.2477 -0.6772
vn 0.6923 -0.2494 -0.6771
vn 0.6915 -0.2515 -0.6772
vn 0.6863 -0.2559 -0.6808
vn 0.6875 -0.2585 -0.6786
vn 0.6886 -0.2602 -0.6768
vn 0.6896 -0.2612 -0.6754
vn 0.6905 -0.2619 -0.6742
vn 0.6913 -0.2619 -0.6734
vn 0.6919 -0.2616 -0.6729
vn 0.6923 -0.2611 -0.6727
vn 0.6925 -0.2605 -0.6728
vn 0.6925 -0.2597 -0.6730
vn 0.6922 -0.2592 -0.6735
vn 0.6916 -0.2591 -0.6742
vn 0.6909 -0.2589 -0.6750
vn 0.6898 -0.2600 -0.6757
vn 0.6881 -0.2613 -0.6769
vn 0.6863 -0.2637 -0.6778
vn 0.6839 -0.2672 -0.6788
vn 0.6773 -0.2681 -0.6851
vn 0.6802 -0.2714 -0.6809
vn 0.6826 -0.2737 -0.6776
vn 0.6852 -0.2752 -0.6743
vn 0.6871 -0.2758 -0.6722
vn 0.6888 -0.2759 -0.6704
vn 0.6902 -0.2749 -0.6693
vn 0.6911 -0.2741 -0.6688
vn 0.6915 -0.2736 -0.6686
vn 0.6915 -0.2720 -0.6692
vn 0.6909 -0.2710 -0.6702
vn 0.6898 -0.2704 -0.6717
vn 0.6880 -0.2704 -0.6734
vn 0.6856 -0.2713 -0.6756
vn 0.6825 -0.2729 -0.6780
vn 0.6787 -0.2758 -0.6807
vn 0.6740 -0.2804 -0.6835
vn 0.6662 -0.2784 -0.6918
vn 0.6715 -0.2828 -0.6849
vn 0.6760 -0.2858 -0.6792
vn 0.6801 -0.2878 -0.6743
vn 0.6835 -0.2887 -0.6704
vn 0.6864 -0.2888 -0.6674
vn 0.6885 -0.2883 -0.6655
vn 0.6899 -0.2872 -0.6645
vn 0.6906 -0.2859 -0.6644
vn 0.6904 -0.2844 -0.6651
vn 0.6894 -0.2831 -0.6667
vn 0.6875 -0.2822 -0.6691
vn 0.6846 -0.2820 -0.6721
vn 0.6806 -0.2826 -0.6759
vn 0.6755 -0.2845 -0.6803
vn 0.6691 -0.2878 -0.6852
vn 0.6613 -0.2931 -0.6904
vn 0.6547 -0.2823 -0.7012
vn 0.6627 -0.2878 -0.6914
vn 0.6696 -0.2917 -0.6831
vn 0.6756 -0.2944 -0.6759
vn 0.6806 -0.2958 -0.6703
vn 0.6849 -0.2962 -0.6658
vn 0.6879 -0.2958 -0.6628
vn 0.6899 -0.2947 -0.6612
vn 0.6908 -0.2934 -0.6608
vn 0.6905 -0.2918 -0.6618
vn 0.6890 -0.2902 -0.6641
vn 0.6862 -0.2890 -0.6676
vn 0.6819 -0.2884 -0.6721
vn 0.6761 -0.2887 -0.6778
vn 0.6687 -0.2904 -0.6845
vn 0.6594 -0.2937 -0.6921
vn 0.6481 -0.2990 -0.7004
vn 0.6431 -0.2809 -0.7124
vn 0.6541 -0.2879 -0.6995
vn 0.6635 -0.2931 -0.6884
vn 0.6718 -0.2967 -0.6787
vn 0.6785 -0.2989 -0.6711
vn 0.6841 -0.2999 -0.6649
vn 0.6881 -0.2999 -0.6607
vn 0.6904 -0.2991 -0.6587
vn 0.6919 -0.2976 -0.6578
vn 0.6914 -0.2959 -0.6591
vn 0.6894 -0.2940 -0.6621
vn 0.6855 -0.2923 -0.6668
vn 0.6798 -0.2913 -0.6731
vn 0.6721 -0.2909 -0.6809
vn 0.6621 -0.2919 -0.6902
vn 0.6497 -0.2944 -0.7009
vn 0.6348 -0.2989 -0.7126
vn 0.6316 -0.2756 -0.7246
vn 0.6458 -0.2844 -0.7085
vn 0.6578 -0.2912 -0.6946
vn 0.6683 -0.2962 -0.6824
vn 0.6767 -0.2995 -0.6726
vn 0.6837 -0.3014 -0.6646
vn 0.6887 -0.3020 -0.6591
vn 0.6917 -0.3014 -0.6563
vn 0.6932 -0.3004 -0.6552
vn 0.6925 -0.2985 -0.6568
vn 0.6898 -0.2966 -0.6605
vn 0.6846 -0.2943 -0.6668
vn 0.6774 -0.2926 -0.6749
vn 0.6679 -0.2917 -0.6847
vn 0.6551 -0.2915 -0.6971
vn 0.6398 -0.2929 -0.7105
vn 0.6209 -0.2961 -0.7258
vn 0.6211 -0.2656 -0.7373
vn 0.6386 -0.2769 -0.7180
vn 0.6531 -0.2855 -0.7014
vn 0.6658 -0.2922 -0.6866
vn 0.6759 -0.2969 -0.6746
vn 0.6842 -0.2999 -0.6648
vn 0.6900 -0.3013 -0.6582
vn 0.6935 -0.3015 -0.6543
vn 0.6950 -0.3006 -0.6531
vn 0.6941 -0.2989 -0.6549
vn 0.6908 -0.2967 -0.6594
vn 0.6849 -0.2941 -0.6667
vn 0.6762 -0.2915 -0.6766
vn 0.6645 -0.2893 -0.6890
vn 0.6494 -0.2877 -0.7039
vn 0.6307 -0.2872 -0.7209
vn 0.6081 -0.2882 -0.7397
vn 0.6127 -0.2500 -0.7497
vn 0.6332 -0.2639 -0.7276
vn 0.6503 -0.2748 -0.7083
vn 0.6650 -0.2834 -0.6910
vn 0.6766 -0.2895 -0.6770
vn 0.6863 -0.2938 -0.6654
vn 0.6929 -0.2961 -0.6574
vn 0.6970 -0.2967 -0.6529
vn 0.6985 -0.2961 -0.6514
vn 0.6975 -0.2943 -0.6533
vn 0.6936 -0.2916 -0.6587
vn 0.6868 -0.2882 -0.6673
vn 0.6768 -0.2845 -0.6790
vn 0.6633 -0.2806 -0.6937
vn 0.6460 -0.2770 -0.7113
vn 0.6245 -0.2739 -0.7314
vn 0.5984 -0.2718 -0.7537
vn 0.6051 -0.2331 -0.7612
vn 0.6286 -0.2498 -0.7365
vn 0.6480 -0.2632 -0.7147
vn 0.6647 -0.2740 -0.6951
vn 0.6778 -0.2819 -0.6791
vn 0.6884 -0.2876 -0.6659
vn 0.6956 -0.2910 -0.6568
vn 0.7000 -0.2924 -0.6515
vn 0.7017 -0.2922 -0.6498
vn 0.7003 -0.2904 -0.6521
vn 0.6959 -0.2875 -0.6581
vn 0.6881 -0.2835 -0.6679
vn 0.6769 -0.2787 -0.6813
vn 0.6616 -0.2733 -0.6983
vn 0.6419 -0.2675 -0.7186
vn 0.6178 -0.2620 -0.7414
vn 0.5884 -0.2567 -0.7668
vn 0.5995 -0.2131 -0.7715
vn 0.6256 -0.2329 -0.7445
vn 0.6472 -0.2489 -0.7205
vn 0.6657 -0.2619 -0.6988
vn 0.6801 -0.2716 -0.6810
vn 0.6917 -0.2788 -0.6662
vn 0.6996 -0.2832 -0.6560
vn 0.7043 -0.2853 -0.6500
vn 0.7061 -0.2854 -0.6481
vn 0.7045 -0.2836 -0.6505
vn 0.6995 -0.2801 -0.6575
vn 0.6910 -0.2752 -0.6685
vn 0.6786 -0.2690 -0.6834
vn 0.6619 -0.2617 -0.7024
vn 0.6405 -0.2535 -0.7249
vn 0.6139 -0.2448 -0.7505
vn 0.5816 -0.2359 -0.7785
vn 0.5946 -0.1929 -0.7805
vn 0.6234 -0.2159 -0.7515
vn 0.6470 -0.2346 -0.7255
vn 0.6669 -0.2500 -0.7019
vn 0.6825 -0.2615 -0.6825
vn 0.6949 -0.2704 -0.6664
vn 0.7033 -0.2759 -0.6552
vn 0.7082 -0.2787 -0.6487
vn 0.7100 -0.2792 -0.6464
vn 0.7082 -0.2774 -0.6492
vn 0.7028 -0.2733 -0.6568
vn 0.6936 -0.2675 -0.6689
vn 0.6802 -0.2599 -0.6854
vn 0.6621 -0.2507 -0.7062
vn 0.6390 -0.2401 -0.7308
vn 0.6102 -0.2284 -0.7586
vn 0.5753 -0.2157 -0.7890
vn 0.5913 -0.1716 -0.7880
vn 0.6224 -0.1977 -0.7573
vn 0.6478 -0.2190 -0.7296
vn 0.6692 -0.2367 -0.7044
vn 0.6858 -0.2501 -0.6835
vn 0.6990 -0.2605 -0.6660
vn 0.7078 -0.2671 -0.6540
vn 0.7129 -0.2705 -0.6470
vn 0.7147 -0.2714 -0.6446
vn 0.7128 -0.2694 -0.6476
vn 0.7070 -0.2649 -0.6557
vn 0.6971 -0.2580 -0.6689
vn 0.6830 -0.2491 -0.6867
vn 0.6637 -0.2380 -0.7091
vn 0.6389 -0.2249 -0.7356
vn 0.6082 -0.2101 -0.7655
vn 0.5710 -0.1939 -0.7977
vn 0.5889 -0.1505 -0.7941
vn 0.6221 -0.1795 -0.7621
vn 0.6492 -0.2036 -0.7329
vn 0.6718 -0.2234 -0.7063
vn 0.6893 -0.2388 -0.6840
vn 0.7031 -0.2506 -0.6655
vn 0.7123 -0.2582 -0.6527
vn 0.7176 -0.2623 -0.6452
vn 0.7195 -0.2634 -0.6426
vn 0.7174 -0.2613 -0.6458
vn 0.7112 -0.2562 -0.6546
vn 0.7009 -0.2485 -0.6685
vn 0.6859 -0.2381 -0.6876
vn 0.6657 -0.2250 -0.7115
vn 0.6396 -0.2095 -0.7396
vn 0.6072 -0.1917 -0.7711
vn 0.5678 -0.1720 -0.8050
vn 0.5867 -0.1308 -0.7992
vn 0.6218 -0.1628 -0.7661
vn 0.6503 -0.1893 -0.7357
vn 0.6741 -0.2115 -0.7077
vn 0.6924 -0.2285 -0.6844
vn 0.7067 -0.2418 -0.6649
vn 0.7163 -0.2504 -0.6514
vn 0.7217 -0.2551 -0.6435
vn 0.7235 -0.2565 -0.6409
vn 0.7213 -0.2543 -0.6442
vn 0.7149 -0.2488 -0.6535
vn 0.7041 -0.2401 -0.6683
vn 0.6885 -0.2284 -0.6883
vn 0.6673 -0.2136 -0.7135
vn 0.6400 -0.1957 -0.7431
vn 0.6060 -0.1751 -0.7760
vn 0.5647 -0.1521 -0.8112
vn 0.5859 -0.1104 -0.8028
vn 0.6228 -0.1451 -0.7688
vn 0.6527 -0.1739 -0.7374
vn 0.6776 -0.1981 -0.7083
vn 0.6966 -0.2169 -0.6839
vn 0.7114 -0.2313 -0.6636
vn 0.7212 -0.2409 -0.6495
vn 0.7268 -0.2462 -0.6412
vn 0.7287 -0.2477 -0.6385
vn 0.7264 -0.2454 -0.6420
vn 0.7197 -0.2393 -0.6518
vn 0.7085 -0.2298 -0.6672
vn 0.6924 -0.2167 -0.6882
vn 0.6703 -0.2002 -0.7146
vn 0.6419 -0.1801 -0.7453
vn 0.6064 -0.1570 -0.7795
vn 0.5634 -0.1309 -0.8158
vn 0.5869 -0.0883 -0.8048
vn 0.6250 -0.1262 -0.7703
vn 0.6557 -0.1579 -0.7384
vn 0.6812 -0.1847 -0.7084
vn 0.7004 -0.2056 -0.6835
vn 0.7153 -0.2220 -0.6626
vn 0.7251 -0.2330 -0.6480
vn 0.7305 -0.2393 -0.6396
vn 0.7321 -0.2416 -0.6370
vn 0.7294 -0.2395 -0.6408
vn 0.7224 -0.2332 -0.6510
vn 0.7108 -0.2231 -0.6671
vn 0.6940 -0.2090 -0.6890
vn 0.6711 -0.1909 -0.7163
vn 0.6416 -0.1690 -0.7482
vn 0.6047 -0.1435 -0.7834
vn 0.5599 -0.1148 -0.8206
vn 0.5843 -0.0739 -0.8082
vn 0.6242 -0.1134 -0.7730
vn 0.6565 -0.1464 -0.7400
vn 0.6833 -0.1742 -0.7091
vn 0.7036 -0.1958 -0.6831
vn 0.7192 -0.2126 -0.6614
vn 0.7295 -0.2237 -0.6463
vn 0.7354 -0.2301 -0.6373
vn 0.7373 -0.2319 -0.6345
vn 0.7348 -0.2293 -0.6384
vn 0.7278 -0.2223 -0.6488
vn 0.7160 -0.2112 -0.6654
vn 0.6988 -0.1958 -0.6880
vn 0.6753 -0.1761 -0.7162
vn 0.6449 -0.1522 -0.7490
vn 0.6067 -0.1245 -0.7851
vn 0.5604 -0.0933 -0.8230
vn 0.5776 -0.0708 -0.8133
vn 0.6205 -0.1096 -0.7765
vn 0.6552 -0.1416 -0.7420
vn 0.6842 -0.1687 -0.7095
vn 0.7064 -0.1893 -0.6821
vn 0.7237 -0.2049 -0.6589
vn 0.7354 -0.2148 -0.6427
vn 0.7422 -0.2199 -0.6331
vn 0.7449 -0.2206 -0.6297
vn 0.7430 -0.2167 -0.6333
vn 0.7363 -0.2084 -0.6438
vn 0.7247 -0.1959 -0.6607
vn 0.7074 -0.1791 -0.6838
vn 0.6835 -0.1578 -0.7126
vn 0.6525 -0.1321 -0.7462
vn 0.6135 -0.1022 -0.7830
vn 0.5661 -0.0685 -0.8215
vn 0.5742 -0.0677 -0.8159
vn 0.6192 -0.1067 -0.7780
vn 0.6558 -0.1388 -0.7421
vn 0.6863 -0.1654 -0.7083
vn 0.7097 -0.1855 -0.6797
vn 0.7280 -0.2005 -0.6556
vn 0.7404 -0.2097 -0.6386
vn 0.7479 -0.2140 -0.6284
vn 0.7510 -0.2141 -0.6246
vn 0.7493 -0.2094 -0.6282
vn 0.7427 -0.2003 -0.6390
vn 0.7309 -0.1871 -0.6563
vn 0.7133 -0.1694 -0.6801
vn 0.6890 -0.1473 -0.7097
vn 0.6571 -0.1206 -0.7441
vn 0.6169 -0.0897 -0.7819
vn 0.5682 -0.0549 -0.8211
vn 0.5752 -0.0580 -0.8160
vn 0.6226 -0.0963 -0.7766
vn 0.6612 -0.1276 -0.7393
vn 0.6933 -0.1534 -0.7041
vn 0.7180 -0.1727 -0.6743
vn 0.7372 -0.1872 -0.6492
vn 0.7501 -0.1960 -0.6316
vn 0.7578 -0.2000 -0.6210
vn 0.7610 -0.1999 -0.6172
vn 0.7590 -0.1954 -0.6210
vn 0.7519 -0.1868 -0.6323
vn 0.7392 -0.1741 -0.6506
vn 0.7205 -0.1573 -0.6754
vn 0.6946 -0.1363 -0.7064
vn 0.6607 -0.1111 -0.7424
vn 0.6182 -0.0819 -0.7818
vn 0.5665 -0.0492 -0.8226
vn 0.5758 -0.0470 -0.8163
vn 0.6261 -0.0836 -0.7753
vn 0.6670 -0.1132 -0.7364
vn 0.7010 -0.1376 -0.6997
vn 0.7270 -0.1556 -0.6688
vn 0.7472 -0.1693 -0.6426
vn 0.7607 -0.1775 -0.6244
vn 0.7686 -0.1813 -0.6135
vn 0.7717 -0.1813 -0.6096
vn 0.7693 -0.1772 -0.6138
vn 0.7615 -0.1693 -0.6257
vn 0.7479 -0.1578 -0.6448
vn 0.7277 -0.1426 -0.6709
vn 0.7000 -0.1237 -0.7034
vn 0.6638 -0.1008 -0.7411
vn 0.6185 -0.0745 -0.7822
vn 0.5638 -0.0451 -0.8247
vn 0.5764 -0.0345 -0.8164
vn 0.6295 -0.0689 -0.7740
vn 0.6727 -0.0968 -0.7336
vn 0.7085 -0.1194 -0.6955
vn 0.7358 -0.1362 -0.6634
vn 0.7570 -0.1487 -0.6363
vn 0.7710 -0.1562 -0.6174
vn 0.7792 -0.1596 -0.6061
vn 0.7822 -0.1595 -0.6023
vn 0.7796 -0.1558 -0.6066
vn 0.7711 -0.1487 -0.6191
vn 0.7566 -0.1384 -0.6391
vn 0.7352 -0.1249 -0.6663
vn 0.7058 -0.1079 -0.7001
vn 0.6676 -0.0877 -0.7393
vn 0.6198 -0.0644 -0.7821
vn 0.5622 -0.0383 -0.8261
vn 0.5764 -0.0222 -0.8169
vn 0.6322 -0.0540 -0.7729
vn 0.6776 -0.0794 -0.7311
vn 0.7152 -0.1000 -0.6917
vn 0.7439 -0.1151 -0.6584
vn 0.7659 -0.1262 -0.6304
vn 0.7804 -0.1327 -0.6110
vn 0.7888 -0.1358 -0.5994
vn 0.7918 -0.1357 -0.5955
vn 0.7888 -0.1325 -0.6002
vn 0.7798 -0.1264 -0.6132
vn 0.7644 -0.1176 -0.6340
vn 0.7418 -0.1060 -0.6621
vn 0.7109 -0.0916 -0.6973
vn 0.6708 -0.0744 -0.7379
vn 0.6208 -0.0547 -0.7821
vn 0.5604 -0.0327 -0.8276
vn 0.5764 -0.0074 -0.8172
vn 0.6349 -0.0357 -0.7718
vn 0.6825 -0.0580 -0.7286
vn 0.7218 -0.0758 -0.6880
vn 0.7515 -0.0888 -0.6537
vn 0.7745 -0.0982 -0.6249
vn 0.7895 -0.1038 -0.6049
vn 0.7980 -0.1064 -0.5932
vn 0.8009 -0.1064 -0.5892
vn 0.7977 -0.1040 -0.5941
vn 0.7880 -0.0992 -0.6076
vn 0.7718 -0.0923 -0.6292
vn 0.7481 -0.0833 -0.6583
vn 0.7158 -0.0721 -0.6945
vn 0.6740 -0.0588 -0.7364
vn 0.6219 -0.0436 -0.7819
vn 0.5592 -0.0267 -0.8286
vn 0.5755 0.0062 -0.8178
vn 0.6364 -0.0177 -0.7712
vn 0.6858 -0.0363 -0.7268
vn 0.7265 -0.0509 -0.6853
vn 0.7572 -0.0614 -0.6502
vn 0.7809 -0.0690 -0.6208
vn 0.7963 -0.0736 -0.6004
vn 0.8050 -0.0758 -0.5885
vn 0.8078 -0.0760 -0.5845
vn 0.8043 -0.0745 -0.5896
vn 0.7942 -0.0712 -0.6035
vn 0.7773 -0.0665 -0.6256
vn 0.7529 -0.0603 -0.6554
vn 0.7195 -0.0527 -0.6924
vn 0.6764 -0.0437 -0.7352
vn 0.6227 -0.0335 -0.7818
vn 0.5583 -0.0222 -0.8294
vn 0.5744 0.0222 -0.8182
vn 0.6371 0.0038 -0.7708
vn 0.6880 -0.0103 -0.7257
vn 0.7297 -0.0211 -0.6834
vn 0.7613 -0.0289 -0.6478
vn 0.7854 -0.0345 -0.6181
vn 0.8010 -0.0380 -0.5975
vn 0.8097 -0.0399 -0.5855
vn 0.8125 -0.0405 -0.5815
vn 0.8088 -0.0401 -0.5868
vn 0.7984 -0.0387 -0.6009
vn 0.7812 -0.0367 -0.6232
vn 0.7563 -0.0339 -0.6534
vn 0.7223 -0.0305 -0.6909
vn 0.6783 -0.0265 -0.7343
vn 0.6238 -0.0221 -0.7813
vn 0.5584 -0.0172 -0.8294
vn 0.5728 0.0352 -0.8189
vn 0.6365 0.0231 -0.7710
vn 0.6879 0.0141 -0.7256
vn 0.7303 0.0075 -0.6831
vn 0.7621 0.0027 -0.6474
vn 0.7865 -0.0007 -0.6176
vn 0.8023 -0.0030 -0.5970
vn 0.8111 -0.0045 -0.5849
vn 0.8139 -0.0056 -0.5810
vn 0.8101 -0.0063 -0.5862
vn 0.7997 -0.0069 -0.6003
vn 0.7824 -0.0075 -0.6227
vn 0.7575 -0.0082 -0.6528
vn 0.7234 -0.0091 -0.6903
vn 0.6795 -0.0103 -0.7336
vn 0.6251 -0.0117 -0.7805
vn 0.5597 -0.0134 -0.8286
vn 0.5713 0.0464 -0.8194
vn 0.6348 0.0412 -0.7716
vn 0.6860 0.0375 -0.7266
vn 0.7284 0.0353 -0.6842
vn 0.7602 0.0336 -0.6488
vn 0.7845 0.0323 -0.6193
vn 0.8002 0.0312 -0.5989
vn 0.8091 0.0300 -0.5869
vn 0.8119 0.0285 -0.5830
vn 0.8084 0.0266 -0.5881
vn 0.7982 0.0241 -0.6019
vn 0.7812 0.0209 -0.6240
vn 0.7566 0.0169 -0.6536
vn 0.7232 0.0118 -0.6906
vn 0.6801 0.0058 -0.7331
vn 0.6265 -0.0013 -0.7794
vn 0.5623 -0.0093 -0.8269
vn 0.5702 0.0571 -0.8195
vn 0.6324 0.0591 -0.7724
vn 0.6827 0.0613 -0.7281
vn 0.7241 0.0632 -0.6868
vn 0.7554 0.0646 -0.6521
vn 0.7793 0.0654 -0.6232
vn 0.7949 0.0653 -0.6032
vn 0.8038 0.0644 -0.5914
vn 0.8068 0.0624 -0.5875
vn 0.8035 0.0593 -0.5923
vn 0.7938 0.0549 -0.6057
vn 0.7774 0.0491 -0.6270
vn 0.7538 0.0417 -0.6558
vn 0.7215 0.0327 -0.6917
vn 0.6798 0.0218 -0.7331
vn 0.6281 0.0093 -0.7781
vn 0.5660 -0.0047 -0.8244
vn 0.5712 0.0604 -0.8186
vn 0.6310 0.0683 -0.7728
vn 0.6795 0.0750 -0.7299
vn 0.7195 0.0805 -0.6899
vn 0.7498 0.0844 -0.6563
vn 0.7731 0.0870 -0.6283
vn 0.7884 0.0879 -0.6088
vn 0.7972 0.0872 -0.5974
vn 0.8003 0.0850 -0.5935
vn 0.7974 0.0811 -0.5980
vn 0.7883 0.0753 -0.6107
vn 0.7728 0.0677 -0.6311
vn 0.7502 0.0581 -0.6587
vn 0.7194 0.0462 -0.6930
vn 0.6797 0.0322 -0.7328
vn 0.6303 0.0160 -0.7762
vn 0.5710 -0.0021 -0.8209
vn 0.5730 0.0663 -0.8168
vn 0.6296 0.0795 -0.7729
vn 0.6755 0.0902 -0.7318
vn 0.7135 0.0989 -0.6937
vn 0.7424 0.1051 -0.6616
vn 0.7648 0.1092 -0.6349
vn 0.7797 0.1109 -0.6162
vn 0.7884 0.1103 -0.6052
vn 0.7918 0.1078 -0.6013
vn 0.7893 0.1030 -0.6054
vn 0.7809 0.0958 -0.6173
vn 0.7664 0.0865 -0.6365
vn 0.7453 0.0747 -0.6625
vn 0.7164 0.0603 -0.6951
vn 0.6791 0.0433 -0.7328
vn 0.6326 0.0239 -0.7741
vn 0.5768 0.0022 -0.8169
vn 0.5773 0.0678 -0.8137
vn 0.6301 0.0843 -0.7719
vn 0.6732 0.0979 -0.7330
vn 0.7089 0.1085 -0.6969
vn 0.7363 0.1160 -0.6666
vn 0.7576 0.1211 -0.6414
vn 0.7719 0.1232 -0.6236
vn 0.7805 0.1228 -0.6130
vn 0.7839 0.1200 -0.6092
vn 0.7818 0.1147 -0.6129
vn 0.7742 0.1068 -0.6239
vn 0.7608 0.0964 -0.6418
vn 0.7411 0.0835 -0.6662
vn 0.7141 0.0678 -0.6967
vn 0.6793 0.0494 -0.7322
vn 0.6359 0.0285 -0.7712
vn 0.5837 0.0052 -0.8120
vn 0.5829 0.0696 -0.8095
vn 0.6317 0.0882 -0.7702
vn 0.6716 0.1031 -0.7337
vn 0.7049 0.1149 -0.7000
vn 0.7306 0.1233 -0.6716
vn 0.7507 0.1289 -0.6480
vn 0.7644 0.1312 -0.6313
vn 0.7726 0.1307 -0.6213
vn 0.7761 0.1277 -0.6175
vn 0.7744 0.1220 -0.6208
vn 0.7675 0.1137 -0.6309
vn 0.7552 0.1027 -0.6474
vn 0.7370 0.0892 -0.6700
vn 0.7121 0.0730 -0.6983
vn 0.6798 0.0541 -0.7314
vn 0.6396 0.0327 -0.7680
vn 0.5910 0.0091 -0.8066
vn 0.5899 0.0706 -0.8044
vn 0.6346 0.0902 -0.7676
vn 0.6712 0.1057 -0.7337
vn 0.7019 0.1181 -0.7025
vn 0.7257 0.1266 -0.6763
vn 0.7445 0.1324 -0.6543
vn 0.7574 0.1347 -0.6389
vn 0.7653 0.1341 -0.6295
vn 0.7689 0.1309 -0.6259
vn 0.7675 0.1249 -0.6287
vn 0.7613 0.1163 -0.6379
vn 0.7501 0.1052 -0.6529
vn 0.7334 0.0915 -0.6736
vn 0.7104 0.0752 -0.6997
vn 0.6807 0.0565 -0.7304
vn 0.6437 0.0355 -0.7644
vn 0.5991 0.0124 -0.8006
vn 0.5986 0.0695 -0.7980
vn 0.6392 0.0886 -0.7639
vn 0.6726 0.1037 -0.7327
vn 0.7008 0.1156 -0.7040
vn 0.7228 0.1238 -0.6799
vn 0.7402 0.1291 -0.6598
vn 0.7524 0.1311 -0.6456
vn 0.7599 0.1302 -0.6369
vn 0.7634 0.1269 -0.6334
vn 0.7623 0.1209 -0.6359
vn 0.7566 0.1124 -0.6441
vn 0.7464 0.1015 -0.6577
vn 0.7310 0.0885 -0.6766
vn 0.7100 0.0731 -0.7004
vn 0.6827 0.0557 -0.7285
vn 0.6488 0.0362 -0.7601
vn 0.6078 0.0151 -0.7940
vn 0.6076 0.0696 -0.7912
vn 0.6440 0.0880 -0.7599
vn 0.6741 0.1024 -0.7315
vn 0.6996 0.1136 -0.7055
vn 0.7196 0.1213 -0.6837
vn 0.7357 0.1262 -0.6655
vn 0.7469 0.1278 -0.6526
vn 0.7539 0.1268 -0.6446
vn 0.7572 0.1232 -0.6414
vn 0.7564 0.1172 -0.6435
vn 0.7514 0.1089 -0.6508
vn 0.7421 0.0985 -0.6630
vn 0.7283 0.0860 -0.6799
vn 0.7092 0.0715 -0.7014
vn 0.6845 0.0553 -0.7269
vn 0.6537 0.0374 -0.7559
vn 0.6165 0.0182 -0.7871
vn 0.6181 0.0662 -0.7833
vn 0.6506 0.0828 -0.7549
vn 0.6776 0.0958 -0.7292
vn 0.7005 0.1057 -0.7058
vn 0.7186 0.1123 -0.6863
vn 0.7333 0.1163 -0.6699
vn 0.7436 0.1174 -0.6583
vn 0.7501 0.1159 -0.6511
vn 0.7532 0.1123 -0.6481
vn 0.7526 0.1064 -0.6499
vn 0.7480 0.0985 -0.6563
vn 0.7397 0.0888 -0.6671
vn 0.7271 0.0776 -0.6821
vn 0.7098 0.0647 -0.7015
vn 0.6875 0.0505 -0.7245
vn 0.6598 0.0351 -0.7507
vn 0.6262 0.0189 -0.7794
vn 0.6283 0.0640 -0.7753
vn 0.6569 0.0790 -0.7499
vn 0.6806 0.0905 -0.7271
vn 0.7009 0.0992 -0.7063
vn 0.7170 0.1048 -0.6891
vn 0.7302 0.1081 -0.6747
vn 0.7394 0.1087 -0.6644
vn 0.7454 0.1069 -0.6580
vn 0.7483 0.1033 -0.6553
vn 0.7477 0.0975 -0.6568
vn 0.7438 0.0902 -0.6623
vn 0.7363 0.0814 -0.6718
vn 0.7250 0.0710 -0.6851
vn 0.7097 0.0597 -0.7020
vn 0.6898 0.0472 -0.7225
vn 0.6651 0.0341 -0.7460
vn 0.6355 0.0205 -0.7719
vn 0.6395 0.0587 -0.7666
vn 0.6642 0.0715 -0.7441
vn 0.6847 0.0811 -0.7243
vn 0.7026 0.0883 -0.7060
vn 0.7165 0.0928 -0.6914
vn 0.7285 0.0951 -0.6785
vn 0.7367 0.0950 -0.6695
vn 0.7419 0.0930 -0.6640
vn 0.7446 0.0892 -0.6615
vn 0.7442 0.0839 -0.6627
vn 0.7405 0.0772 -0.6676
vn 0.7340 0.0692 -0.6756
vn 0.7241 0.0603 -0.6870
vn 0.7105 0.0507 -0.7019
vn 0.6929 0.0405 -0.7199
vn 0.6713 0.0300 -0.7405
vn 0.6453 0.0195 -0.7636
vn 0.6500 0.0538 -0.7580
vn 0.6710 0.0646 -0.7386
vn 0.6886 0.0727 -0.7215
vn 0.7039 0.0786 -0.7060
vn 0.7161 0.0819 -0.6931
vn 0.7262 0.0835 -0.6824
vn 0.7333 0.0829 -0.6748
vn 0.7380 0.0807 -0.6700
vn 0.7403 0.0770 -0.6679
vn 0.7399 0.0719 -0.6689
vn 0.7368 0.0657 -0.6729
vn 0.7311 0.0587 -0.6798
vn 0.7225 0.0512 -0.6895
vn 0.7107 0.0431 -0.7021
vn 0.6957 0.0347 -0.7175
vn 0.6770 0.0264 -0.7355
vn 0.6548 0.0186 -0.7556
vn 0.6610 0.0447 -0.7490
vn 0.6785 0.0534 -0.7326
vn 0.6934 0.0597 -0.7181
vn 0.7062 0.0640 -0.7051
vn 0.7166 0.0663 -0.6944
vn 0.7250 0.0670 -0.6854
vn 0.7312 0.0659 -0.6790
vn 0.7351 0.0635 -0.6750
vn 0.7370 0.0599 -0.6732
vn 0.7367 0.0552 -0.6739
vn 0.7341 0.0498 -0.6772
vn 0.7292 0.0437 -0.6829
vn 0.7218 0.0374 -0.6911
vn 0.7118 0.0310 -0.7017
vn 0.6991 0.0246 -0.7146
vn 0.6834 0.0187 -0.7298
vn 0.6646 0.0134 -0.7471
vn 0.6706 0.0376 -0.7409
vn 0.6848 0.0445 -0.7274
vn 0.6969 0.0495 -0.7155
vn 0.7073 0.0525 -0.7049
vn 0.7159 0.0541 -0.6961
vn 0.7229 0.0542 -0.6888
vn 0.7279 0.0527 -0.6837
vn 0.7312 0.0504 -0.6803
vn 0.7326 0.0466 -0.6791
vn 0.7323 0.0424 -0.6796
vn 0.7301 0.0377 -0.6823
vn 0.7260 0.0326 -0.6869
vn 0.7199 0.0274 -0.6935
vn 0.7117 0.0223 -0.7022
vn 0.7014 0.0175 -0.7126
vn 0.6886 0.0133 -0.7250
vn 0.6733 0.0100 -0.7393
vn 0.6799 0.0268 -0.7328
vn 0.6911 0.0321 -0.7220
vn 0.7006 0.0358 -0.7127
vn 0.7089 0.0379 -0.7043
vn 0.7158 0.0384 -0.6973
vn 0.7213 0.0380 -0.6916
vn 0.7253 0.0364 -0.6875
vn 0.7279 0.0338 -0.6848
vn 0.7292 0.0306 -0.6836
vn 0.7289 0.0269 -0.6841
vn 0.7271 0.0228 -0.6861
vn 0.7238 0.0185 -0.6897
vn 0.7189 0.0143 -0.6949
vn 0.7124 0.0105 -0.7017
vn 0.7040 0.0071 -0.7102
vn 0.6938 0.0045 -0.7201
vn 0.6816 0.0030 -0.7317
vn 0.6877 0.0176 -0.7258
vn 0.6961 0.0215 -0.7176
vn 0.7034 0.0240 -0.7104
vn 0.7097 0.0252 -0.7040
vn 0.7149 0.0256 -0.6988
vn 0.7192 0.0248 -0.6944
vn 0.7222 0.0226 -0.6913
vn 0.7242 0.0207 -0.6893
vn 0.7251 0.0177 -0.6884
vn 0.7249 0.0145 -0.6887
vn 0.7235 0.0107 -0.6902
vn 0.7209 0.0075 -0.6930
vn 0.7171 0.0039 -0.6969
vn 0.7120 0.0010 -0.7021
vn 0.7058 -0.0011 -0.7084
vn 0.6981 -0.0026 -0.7160
vn 0.6888 -0.0030 -0.7249
vn 0.6945 0.0055 -0.7194
vn 0.7003 0.0083 -0.7138
vn 0.7057 0.0100 -0.7084
vn 0.7103 0.0107 -0.7038
vn 0.7142 0.0106 -0.6999
vn 0.7172 0.0096 -0.6968
vn 0.7195 0.0076 -0.6944
vn 0.7209 0.0058 -0.6930
vn 0.7216 0.0029 -0.6923
vn 0.7214 -0.0000 -0.6925
vn 0.7203 -0.0027 -0.6936
vn 0.7184 -0.0058 -0.6956
vn 0.7157 -0.0082 -0.6984
vn 0.7120 -0.0103 -0.7021
vn 0.7074 -0.0120 -0.7067
vn 0.7017 -0.0125 -0.7123
vn 0.6952 -0.0123 -0.7187
vn 0.7000 -0.0064 -0.7141
vn 0.7040 -0.0044 -0.7102
vn 0.7076 -0.0035 -0.7066
vn 0.7106 -0.0029 -0.7036
vn 0.7132 -0.0038 -0.7009
vn 0.7153 -0.0044 -0.6988
vn 0.7167 -0.0065 -0.6973
vn 0.7177 -0.0083 -0.6963
vn 0.7181 -0.0103 -0.6959
vn 0.7179 -0.0128 -0.6960
vn 0.7172 -0.0153 -0.6967
vn 0.7159 -0.0175 -0.6980
vn 0.7140 -0.0195 -0.6998
vn 0.7116 -0.0212 -0.7023
vn 0.7085 -0.0221 -0.7054
vn 0.7047 -0.0223 -0.7091
vn 0.7003 -0.0216 -0.7135
vn 0.7040 -0.0180 -0.7099
vn 0.7065 -0.0168 -0.7075
vn 0.7085 -0.0163 -0.7055
vn 0.7104 -0.0164 -0.7036
vn 0.7120 -0.0169 -0.7019
vn 0.7133 -0.0179 -0.7006
vn 0.7142 -0.0192 -0.6997
vn 0.7148 -0.0208 -0.6990
vn 0.7148 -0.0228 -0.6990
vn 0.7147 -0.0247 -0.6990
vn 0.7144 -0.0264 -0.6992
vn 0.7136 -0.0281 -0.7000
vn 0.7123 -0.0299 -0.7012
vn 0.7108 -0.0307 -0.7027
vn 0.7088 -0.0313 -0.7047
vn 0.7067 -0.0316 -0.7068
vn 0.7041 -0.0308 -0.7094
vn 0.7067 -0.0319 -0.7068
vn 0.7079 -0.0313 -0.7056
vn 0.7090 -0.0312 -0.7045
vn 0.7099 -0.0312 -0.7036
vn 0.7107 -0.0320 -0.7028
vn 0.7113 -0.0330 -0.7021
vn 0.7118 -0.0340 -0.7016
vn 0.7120 -0.0352 -0.7013
vn 0.7121 -0.0366 -0.7011
vn 0.7120 -0.0382 -0.7011
vn 0.7117 -0.0396 -0.7013
vn 0.7113 -0.0409 -0.7017
vn 0.7107 -0.0421 -0.7022
vn 0.7099 -0.0431 -0.7030
vn 0.7090 -0.0433 -0.7039
vn 0.7078 -0.0435 -0.7050
vn 0.7066 -0.0429 -0.7064
vn 0.7078 -0.0440 -0.7050
vn 0.7083 -0.0438 -0.7046
vn 0.7087 -0.0439 -0.7042
vn 0.7090 -0.0442 -0.7038
vn 0.7092 -0.0448 -0.7035
vn 0.7094 -0.0454 -0.7033
vn 0.7096 -0.0463 -0.7031
vn 0.7096 -0.0473 -0.7030
vn 0.7097 -0.0481 -0.7029
vn 0.7096 -0.0492 -0.7029
vn 0.7095 -0.0503 -0.7029
vn 0.7093 -0.0512 -0.7031
vn 0.7091 -0.0520 -0.7032
vn 0.7088 -0.0527 -0.7035
vn 0.7084 -0.0531 -0.7038
vn 0.7080 -0.0533 -0.7042
vn 0.7075 -0.0531 -0.7047
vn 0.7079 -0.0503 -0.7045
vn 0.7080 -0.0506 -0.7044
vn 0.7080 -0.0509 -0.7044
vn 0.7080 -0.0513 -0.7044
vn 0.7080 -0.0517 -0.7043
vn 0.7080 -0.0523 -0.7043
vn 0.7080 -0.0528 -0.7043
vn 0.7079 -0.0540 -0.7043
vn 0.7079 -0.0545 -0.7042
vn 0.7078 -0.0552 -0.7043
vn 0.7078 -0.0555 -0.7042
vn 0.7077 -0.0561 -0.7043
vn 0.7077 -0.0564 -0.7043
vn 0.7076 -0.0569 -0.7043
vn 0.7075 -0.0572 -0.7044
vn -0.0067 -0.0276 -0.9996
vn 0.7077 -0.0516 -0.7046
vn 0.7077 -0.0519 -0.7046
vn 0.7077 -0.0522 -0.7045
vn 0.7077 -0.0525 -0.7045
vn 0.7077 -0.0529 -0.7045
vn 0.7077 -0.0533 -0.7045
vn 0.7077 -0.0538 -0.7045
vn 0.7077 -0.0542 -0.7045
vn 0.7077 -0.0547 -0.7044
vn 0.7076 -0.0552 -0.7044
vn 0.7076 -0.0556 -0.7044
vn 0.7076 -0.0561 -0.7044
vn 0.7075 -0.0565 -0.7044
vn 0.7075 -0.0569 -0.7044
vn 0.7074 -0.0573 -0.7044
vn 0.9991 -0.0421 -0.0043
vn 0.7072 0.0615 0.7044
vn 0.7071 0.0611 0.7045
vn 0.7070 0.0595 0.7047
vn 0.7064 0.0568 0.7055
vn 0.7062 0.0523 0.7061
vn 0.7052 0.0456 0.7076
vn 0.7039 0.0365 0.7094
vn 0.7022 0.0243 0.7115
vn 0.7025 0.0244 0.7113
vn 0.7000 0.0089 0.7140
vn 0.6963 -0.0109 0.7176
vn 0.6966 -0.0108 0.7174
vn 0.6920 -0.0347 0.7211
vn 0.6858 -0.0633 0.7250
vn 0.6858 -0.0632 0.7250
vn 0.6778 -0.0967 0.7289
vn 0.6781 -0.0966 0.7286
vn 0.6686 -0.1336 0.7315
vn 0.6575 -0.1739 0.7331
vn 0.6575 -0.1740 0.7331
vn 0.6450 -0.2160 0.7330
vn 0.6319 -0.2578 0.7309
vn 0.6188 -0.2980 0.7268
vn 0.6065 -0.3352 0.7210
vn 0.6064 -0.3352 0.7210
vn 0.5954 -0.3686 0.7138
vn 0.5954 -0.3686 0.7139
vn 0.5859 -0.3980 0.7059
vn 0.5779 -0.4236 0.6975
vn 0.5779 -0.4236 0.6976
vn 0.5713 -0.4457 0.6892
vn 0.5658 -0.4647 0.6811
vn 0.5614 -0.4809 0.6734
vn 0.5579 -0.4949 0.6662
vn 0.5540 -0.5089 0.6588
vn 0.5500 -0.5228 0.6513
vn 0.5544 -0.5205 0.6494
vn 0.5544 -0.5204 0.6494
vn 0.5632 -0.5068 0.6527
vn 0.5630 -0.5068 0.6528
vn 0.5727 -0.4890 0.6580
vn 0.5911 -0.4512 0.6686
vn 0.5912 -0.4511 0.6686
vn 0.6134 -0.3998 0.6811
vn 0.6334 -0.3458 0.6922
vn 0.6335 -0.3457 0.6923
vn 0.6522 -0.2841 0.7028
vn 0.6688 -0.2141 0.7120
vn 0.6812 -0.1363 0.7193
vn 0.6811 -0.1363 0.7194
vn 0.6885 -0.0525 0.7233
vn 0.6884 -0.0526 0.7234
vn 0.6896 0.0343 0.7234
vn 0.6894 0.0340 0.7236
vn 0.6839 0.1197 0.7197
vn 0.6840 0.1194 0.7197
vn 0.6728 0.1984 0.7127
vn 0.6729 0.1981 0.7127
vn 0.6582 0.2688 0.7033
vn 0.6583 0.2684 0.7033
vn 0.6431 0.3256 0.6931
vn 0.6430 0.3255 0.6932
vn 0.6290 0.3710 0.6831
vn 0.6289 0.3707 0.6834
vn 0.6183 0.4034 0.6745
vn 0.6182 0.4034 0.6746
vn 0.6113 0.4239 0.6682
vn 0.6113 0.4239 0.6683
vn 0.6083 0.4349 0.6640
vn 0.6083 0.4348 0.6640
vn 0.6096 0.4357 0.6622
vn 0.6097 0.4357 0.6622
vn 0.6140 0.4294 0.6623
vn 0.6214 0.4153 0.6643
vn 0.6308 0.3953 0.6677
vn 0.6414 0.3697 0.6722
vn 0.6414 0.3698 0.6722
vn 0.6527 0.3394 0.6773
vn 0.6637 0.3057 0.6826
vn 0.6637 0.3058 0.6826
vn 0.6743 0.2682 0.6881
vn 0.6742 0.2682 0.6881
vn 0.6834 0.2297 0.6930
vn 0.6913 0.1886 0.6975
vn 0.6974 0.1478 0.7013
vn 0.7018 0.1068 0.7044
vn 0.7018 0.1068 0.7043
vn 0.7046 0.0613 0.7070
vn 0.7045 0.0613 0.7070
vn 0.7055 0.0233 0.7083
vn 0.7056 0.0234 0.7082
vn 0.7058 0.0037 0.7084
vn 0.7056 0.0036 0.7086
vn 0.7056 -0.0017 0.7087
vn -0.7072 -0.0729 -0.7033
vn -0.7072 -0.0779 -0.7027
vn -0.7073 -0.0918 -0.7009
vn -0.7073 -0.0917 -0.7009
vn -0.7078 -0.1084 -0.6981
vn -0.7081 -0.1225 -0.6954
vn -0.7088 -0.1347 -0.6924
vn -0.7089 -0.1346 -0.6923
vn -0.7097 -0.1447 -0.6895
vn -0.7110 -0.1512 -0.6867
vn -0.7110 -0.1512 -0.6868
vn -0.7125 -0.1543 -0.6845
vn -0.7142 -0.1520 -0.6833
vn -0.7158 -0.1447 -0.6831
vn -0.7172 -0.1305 -0.6845
vn -0.7179 -0.1089 -0.6876
vn -0.7179 -0.1088 -0.6876
vn -0.7174 -0.0807 -0.6920
vn -0.7174 -0.0807 -0.6919
vn -0.7152 -0.0448 -0.6975
vn -0.7107 -0.0027 -0.7035
vn -0.7039 0.0440 -0.7089
vn -0.7039 0.0439 -0.7090
vn -0.6945 0.0944 -0.7133
vn -0.6830 0.1461 -0.7157
vn -0.6829 0.1461 -0.7157
vn -0.6698 0.1972 -0.7159
vn -0.6698 0.1972 -0.7158
vn -0.6555 0.2468 -0.7137
vn -0.6556 0.2468 -0.7137
vn -0.6410 0.2932 -0.7093
vn -0.6410 0.2932 -0.7094
vn -0.6264 0.3361 -0.7033
vn -0.6265 0.3361 -0.7032
vn -0.6125 0.3752 -0.6958
vn -0.5993 0.4103 -0.6874
vn -0.5871 0.4418 -0.6783
vn -0.5871 0.4418 -0.6784
vn -0.5750 0.4717 -0.6685
vn -0.5749 0.4717 -0.6685
vn -0.5630 0.5003 -0.6578
vn -0.5598 0.5111 -0.6522
vn -0.5598 0.5111 -0.6523
vn -0.5625 0.5081 -0.6522
vn -0.5626 0.5082 -0.6521
vn -0.5651 0.5034 -0.6537
vn -0.5772 0.4801 -0.6606
vn -0.5773 0.4799 -0.6607
vn -0.5951 0.4428 -0.6706
vn -0.5951 0.4428 -0.6707
vn -0.6111 0.4071 -0.6788
vn -0.6271 0.3670 -0.6871
vn -0.6270 0.3670 -0.6871
vn -0.6430 0.3214 -0.6952
vn -0.6429 0.3214 -0.6953
vn -0.6583 0.2697 -0.7028
vn -0.6723 0.2113 -0.7095
vn -0.6837 0.1458 -0.7150
vn -0.6837 0.1458 -0.7151
vn -0.6913 0.0749 -0.7187
vn -0.6913 0.0749 -0.7186
vn -0.6942 0.0034 -0.7198
vn -0.6924 -0.0662 -0.7184
vn -0.6925 -0.0662 -0.7184
vn -0.6875 -0.1265 -0.7151
vn -0.6874 -0.1265 -0.7151
vn -0.6809 -0.1770 -0.7106
vn -0.6809 -0.1770 -0.7107
vn -0.6745 -0.2161 -0.7060
vn -0.6745 -0.2161 -0.7059
vn -0.6693 -0.2437 -0.7019
vn -0.6693 -0.2436 -0.7019
vn -0.6660 -0.2620 -0.6984
vn -0.6649 -0.2708 -0.6961
vn -0.6647 -0.2709 -0.6963
vn -0.6653 -0.2728 -0.6950
vn -0.6652 -0.2728 -0.6950
vn -0.6677 -0.2677 -0.6947
vn -0.6678 -0.2676 -0.6946
vn -0.6711 -0.2572 -0.6953
vn -0.6712 -0.2572 -0.6952
vn -0.6758 -0.2420 -0.6963
vn -0.6756 -0.2420 -0.6964
vn -0.6806 -0.2228 -0.6980
vn -0.6805 -0.2228 -0.6981
vn -0.6855 -0.2008 -0.6999
vn -0.6856 -0.2007 -0.6997
vn -0.6905 -0.1757 -0.7017
vn -0.6904 -0.1757 -0.7017
vn -0.6947 -0.1496 -0.7035
vn -0.6983 -0.1218 -0.7053
vn -0.6985 -0.1217 -0.7052
vn -0.7012 -0.0938 -0.7068
vn -0.7014 -0.0937 -0.7066
vn -0.7034 -0.0656 -0.7078
vn -0.7035 -0.0656 -0.7077
vn -0.7047 -0.0346 -0.7087
vn -0.7047 -0.0347 -0.7087
vn -0.7051 -0.0081 -0.7090
vn -0.7053 -0.0080 -0.7089
vn -0.7053 0.0073 -0.7089
vn -0.7052 0.0072 -0.7090
vn -0.7053 0.0121 -0.7088
vt 0.000000 0.000000
vt 0.000000 0.398509
vt 0.062500 0.398509
vt 0.062500 0.000000
vt 0.125000 0.398509
vt 0.125000 0.000000
vt 0.187500 0.398509
vt 0.187500 0.000000
vt 0.250000 0.398509
vt 0.250000 0.000000
vt 0.312500 0.398509
vt 0.312500 0.000000
vt 0.375000 0.398509
vt 0.375000 0.000000
vt 0.437500 0.398509
vt 0.437500 0.000000
vt 0.500000 0.398509
vt 0.500000 0.000000
vt 0.562500 0.398509
vt 0.562500 0.000000
vt 0.625000 0.398509
vt 0.625000 0.000000
vt 0.687500 0.398509
vt 0.687500 0.000000
vt 0.750000 0.398509
vt 0.750000 0.000000
vt 0.812500 0.398509
vt 0.812500 0.000000
vt 0.875000 0.398509
vt 0.875000 0.000000
vt 0.937500 0.398509
vt 0.937500 0.000000
vt 1.000000 0.398509
vt 1.000000 0.000000
vt 0.000000 0.796926
vt 0.062500 0.796926
vt 0.125000 0.796926
vt 0.187500 0.796926
vt 0.250000 0.796926
vt 0.312500 0.796926
vt 0.375000 0.796926
vt 0.437500 0.796926
vt 0.500000 0.796926
vt 0.562500 0.796926
vt 0.625000 0.796926
vt 0.687500 0.796926
vt 0.750000 0.796926
vt 0.812500 0.796926
vt 0.875000 0.796926
vt 0.937500 0.796926
vt 1.000000 0.796926
vt 0.000000 1.195281
vt 0.062500 1.195281
vt 0.125000 1.195281
vt 0.187500 1.195281
vt 0.250000 1.195281
vt 0.312500 1.195281
vt 0.375000 1.195281
vt 0.437500 1.195281
vt 0.500000 1.195281
vt 0.562500 1.195281
vt 0.625000 1.195281
vt 0.687500 1.195281
vt 0.750000 1.195281
vt 0.812500 1.195281
vt 0.875000 1.195281
vt 0.937500 1.195281
vt 1.000000 1.195281
vt 0.000000 1.593611
vt 0.062500 1.593611
vt 0.125000 1.593611
vt 0.187500 1.593611
vt 0.250000 1.593611
vt 0.312500 1.593611
vt 0.375000 1.593611
vt 0.437500 1.593611
vt 0.500000 1.593611
vt 0.562500 1.593611
vt 0.625000 1.593611
vt 0.687500 1.593611
vt 0.750000 1.593611
vt 0.812500 1.593611
vt 0.875000 1.593611
vt 0.937500 1.593611
vt 1.000000 1.593611
vt 0.000000 1.991967
vt 0.062500 1.991967
vt 0.125000 1.991967
vt 0.187500 1.991967
vt 0.250000 1.991967
vt 0.312500 1.991967
vt 0.375000 1.991967
vt 0.437500 1.991967
vt 0.500000 1.991967
vt 0.562500 1.991967
vt 0.625000 1.991967
vt 0.687500 1.991967
vt 0.750000 1.991967
vt 0.812500 1.991967
vt 0.875000 1.991967
vt 0.937500 1.991967
vt 1.000000 1.991967
vt 0.000000 2.390410
vt 0.062500 2.390410
vt 0.125000 2.390410
vt 0.187500 2.390410
vt 0.250000 2.390410
vt 0.312500 2.390410
vt 0.375000 2.390410
vt 0.437500 2.390410
vt 0.500000 2.390410
vt 0.562500 2.390410
vt 0.625000 2.390410
vt 0.687500 2.390410
vt 0.750000 2.390410
vt 0.812500 2.390410
vt 0.875000 2.390410
vt 0.937500 2.390410
vt 1.000000 2.390410
vt 0.000000 2.789020
vt 0.062500 2.789020
vt 0.125000 2.789020
vt 0.187500 2.789020
vt 0.250000 2.789020
vt 0.312500 2.789020
vt 0.375000 2.789020
vt 0.437500 2.789020
vt 0.500000 2.789020
vt 0.562500 2.789020
vt 0.625000 2.789020
vt 0.687500 2.789020
vt 0.750000 2.789020
vt 0.812500 2.789020
vt 0.875000 2.789020
vt 0.937500 2.789020
vt 1.000000 2.789020
vt 0.000000 3.187894
vt 0.062500 3.187894
vt 0.125000 3.187894
vt 0.187500 3.187894
vt 0.250000 3.187894
vt 0.312500 3.187894
vt 0.375000 3.187894
vt 0.437500 3.187894
vt 0.500000 3.187894
vt 0.562500 3.187894
vt 0.625000 3.187894
vt 0.687500 3.187894
vt 0.750000 3.187894
vt 0.812500 3.187894
vt 0.875000 3.187894
vt 0.937500 3.187894
vt 1.000000 3.187894
vt 0.000000 3.587154
vt 0.062500 3.587154
vt 0.125000 3.587154
vt 0.187500 3.587154
vt 0.250000 3.587154
vt 0.312500 3.587154
vt 0.375000 3.587154
vt 0.437500 3.587154
vt 0.500000 3.587154
vt 0.562500 3.587154
vt 0.625000 3.587154
vt 0.687500 3.587154
vt 0.750000 3.587154
vt 0.812500 3.587154
vt 0.875000 3.587154
vt 0.937500 3.587154
vt 1.000000 3.587154
vt 0.000000 3.986944
vt 0.062500 3.986944
vt 0.125000 3.986944
vt 0.187500 3.986944
vt 0.250000 3.986944
vt 0.312500 3.986944
vt 0.375000 3.986944
vt 0.437500 3.986944
vt 0.500000 3.986944
vt 0.562500 3.986944
vt 0.625000 3.986944
vt 0.687500 3.986944
vt 0.750000 3.986944
vt 0.812500 3.986944
vt 0.875000 3.986944
vt 0.937500 3.986944
vt 1.000000 3.986944
vt 0.000000 4.387434
vt 0.062500 4.387434
vt 0.125000 4.387434
vt 0.187500 4.387434
vt 0.250000 4.387434
vt 0.312500 4.387434
vt 0.375000 4.387434
vt 0.437500 4.387434
vt 0.500000 4.387434
vt 0.562500 4.387434
vt 0.625000 4.387434
vt 0.687500 4.387434
vt 0.750000 4.387434
vt 0.812500 4.387434
vt 0.875000 4.387434
vt 0.937500 4.387434
vt 1.000000 4.387434
vt 0.000000 4.788820
vt 0.062500 4.788820
vt 0.125000 4.788820
vt 0.187500 4.788820
vt 0.250000 4.788820
vt 0.312500 4.788820
vt 0.375000 4.788820
vt 0.437500 4.788820
vt 0.500000 4.788820
vt 0.562500 4.788820
vt 0.625000 4.788820
vt 0.687500 4.788820
vt 0.750000 4.788820
vt 0.812500 4.788820
vt 0.875000 4.788820
vt 0.937500 4.788820
vt 1.000000 4.788820
vt 0.000000 5.191309
vt 0.062500 5.191309
vt 0.125000 5.191309
vt 0.187500 5.191309
vt 0.250000 5.191309
vt 0.312500 5.191309
vt 0.375000 5.191309
vt 0.437500 5.191309
vt 0.500000 5.191309
vt 0.562500 5.191309
vt 0.625000 5.191309
vt 0.687500 5.191309
vt 0.750000 5.191309
vt 0.812500 5.191309
vt 0.875000 5.191309
vt 0.937500 5.191309
vt 1.000000 5.191309
vt 0.000000 5.595109
vt 0.062500 5.595109
vt 0.125000 5.595109
vt 0.187500 5.595109
vt 0.250000 5.595109
vt 0.312500 5.595109
vt 0.375000 5.595109
vt 0.437500 5.595109
vt 0.500000 5.595109
vt 0.562500 5.595109
vt 0.625000 5.595109
vt 0.687500 5.595109
vt 0.750000 5.595109
vt 0.812500 5.595109
vt 0.875000 5.595109
vt 0.937500 5.595109
vt 1.000000 5.595109
vt 0.000000 6.000401
vt 0.062500 6.000401
vt 0.125000 6.000401
vt 0.187500 6.000401
vt 0.250000 6.000401
vt 0.312500 6.000401
vt 0.375000 6.000401
vt 0.437500 6.000401
vt 0.500000 6.000401
vt 0.562500 6.000401
vt 0.625000 6.000401
vt 0.687500 6.000401
vt 0.750000 6.000401
vt 0.812500 6.000401
vt 0.875000 6.000401
vt 0.937500 6.000401
vt 1.000000 6.000401
vt 0.000000 6.407308
vt 0.062500 6.407308
vt 0.125000 6.407308
vt 0.187500 6.407308
vt 0.250000 6.407308
vt 0.312500 6.407308
vt 0.375000 6.407308
vt 0.437500 6.407308
vt 0.500000 6.407308
vt 0.562500 6.407308
vt 0.625000 6.407308
vt 0.687500 6.407308
vt 0.750000 6.407308
vt 0.812500 6.407308
vt 0.875000 6.407308
vt 0.937500 6.407308
vt 1.000000 6.407308
vt 0.000000 6.815868
vt 0.062500 6.815868
vt 0.125000 6.815868
vt 0.187500 6.815868
vt 0.250000 6.815868
vt 0.312500 6.815868
vt 0.375000 6.815868
vt 0.437500 6.815868
vt 0.500000 6.815868
vt 0.562500 6.815868
vt 0.625000 6.815868
vt 0.687500 6.815868
vt 0.750000 6.815868
vt 0.812500 6.815868
vt 0.875000 6.815868
vt 0.937500 6.815868
vt 1.000000 6.815868
vt 0.000000 7.226018
vt 0.062500 7.226018
vt 0.125000 7.226018
vt 0.187500 7.226018
vt 0.250000 7.226018
vt 0.312500 7.226018
vt 0.375000 7.226018
vt 0.437500 7.226018
vt 0.500000 7.226018
vt 0.562500 7.226018
vt 0.625000 7.226018
vt 0.687500 7.226018
vt 0.750000 7.226018
vt 0.812500 7.226018
vt 0.875000 7.226018
vt 0.937500 7.226018
vt 1.000000 7.226018
vt 0.000000 7.637594
vt 0.062500 7.637594
vt 0.125000 7.637594
vt 0.187500 7.637594
vt 0.250000 7.637594
vt 0.312500 7.637594
vt 0.375000 7.637594
vt 0.437500 7.637594
vt 0.500000 7.637594
vt 0.562500 7.637594
vt 0.625000 7.637594
vt 0.687500 7.637594
vt 0.750000 7.637594
vt 0.812500 7.637594
vt 0.875000 7.637594
vt 0.937500 7.637594
vt 1.000000 7.637594
vt 0.000000 8.050365
vt 0.062500 8.050365
vt 0.125000 8.050365
vt 0.187500 8.050365
vt 0.250000 8.050365
vt 0.312500 8.050365
vt 0.375000 8.050365
vt 0.437500 8.050365
vt 0.500000 8.050365
vt 0.562500 8.050365
vt 0.625000 8.050365
vt 0.687500 8.050365
vt 0.750000 8.050365
vt 0.812500 8.050365
vt 0.875000 8.050365
vt 0.937500 8.050365
vt 1.000000 8.050365
vt 0.000000 8.464059
vt 0.062500 8.464059
vt 0.125000 8.464059
vt 0.187500 8.464059
vt 0.250000 8.464059
vt 0.312500 8.464059
vt 0.375000 8.464059
vt 0.437500 8.464059
vt 0.500000 8.464059
vt 0.562500 8.464059
vt 0.625000 8.464059
vt 0.687500 8.464059
vt 0.750000 8.464059
vt 0.812500 8.464059
vt 0.875000 8.464059
vt 0.937500 8.464059
vt 1.000000 8.464059
vt 0.000000 8.878404
vt 0.062500 8.878404
vt 0.125000 8.878404
vt 0.187500 8.878404
vt 0.250000 8.878404
vt 0.312500 8.878404
vt 0.375000 8.878404
vt 0.437500 8.878404
vt 0.500000 8.878404
vt 0.562500 8.878404
vt 0.625000 8.878404
vt 0.687500 8.878404
vt 0.750000 8.878404
vt 0.812500 8.878404
vt 0.875000 8.878404
vt 0.937500 8.878404
vt 1.000000 8.878404
vt 0.000000 9.293155
vt 0.062500 9.293155
vt 0.125000 9.293155
vt 0.187500 9.293155
vt 0.250000 9.293155
vt 0.312500 9.293155
vt 0.375000 9.293155
vt 0.437500 9.293155
vt 0.500000 9.293155
vt 0.562500 9.293155
vt 0.625000 9.293155
vt 0.687500 9.293155
vt 0.750000 9.293155
vt 0.812500 9.293155
vt 0.875000 9.293155
vt 0.937500 9.293155
vt 1.000000 9.293155
vt 0.000000 9.708109
vt 0.062500 9.708109
vt 0.125000 9.708109
vt 0.187500 9.708109
vt 0.250000 9.708109
vt 0.312500 9.708109
vt 0.375000 9.708109
vt 0.437500 9.708109
vt 0.500000 9.708109
vt 0.562500 9.708109
vt 0.625000 9.708109
vt 0.687500 9.708109
vt 0.750000 9.708109
vt 0.812500 9.708109
vt 0.875000 9.708109
vt 0.937500 9.708109
vt 1.000000 9.708109
vt 0.000000 10.123108
vt 0.062500 10.123108
vt 0.125000 10.123108
vt 0.187500 10.123108
vt 0.250000 10.123108
vt 0.312500 10.123108
vt 0.375000 10.123108
vt 0.437500 10.123108
vt 0.500000 10.123108
vt 0.562500 10.123108
vt 0.625000 10.123108
vt 0.687500 10.123108
vt 0.750000 10.123108
vt 0.812500 10.123108
vt 0.875000 10.123108
vt 0.937500 10.123108
vt 1.000000 10.123108
vt 0.000000 10.538032
vt 0.062500 10.538032
vt 0.125000 10.538032
vt 0.187500 10.538032
vt 0.250000 10.538032
vt 0.312500 10.538032
vt 0.375000 10.538032
vt 0.437500 10.538032
vt 0.500000 10.538032
vt 0.562500 10.538032
vt 0.625000 10.538032
vt 0.687500 10.538032
vt 0.750000 10.538032
vt 0.812500 10.538032
vt 0.875000 10.538032
vt 0.937500 10.538032
vt 1.000000 10.538032
vt 0.000000 10.952795
vt 0.062500 10.952795
vt 0.125000 10.952795
vt 0.187500 10.952795
vt 0.250000 10.952795
vt 0.312500 10.952795
vt 0.375000 10.952795
vt 0.437500 10.952795
vt 0.500000 10.952795
vt 0.562500 10.952795
vt 0.625000 10.952795
vt 0.687500 10.952795
vt 0.750000 10.952795
vt 0.812500 10.952795
vt 0.875000 10.952795
vt 0.937500 10.952795
vt 1.000000 10.952795
vt 0.000000 11.367340
vt 0.062500 11.367340
vt 0.125000 11.367340
vt 0.187500 11.367340
vt 0.250000 11.367340
vt 0.312500 11.367340
vt 0.375000 11.367340
vt 0.437500 11.367340
vt 0.500000 11.367340
vt 0.562500 11.367340
vt 0.625000 11.367340
vt 0.687500 11.367340
vt 0.750000 11.367340
vt 0.812500 11.367340
vt 0.875000 11.367340
vt 0.937500 11.367340
vt 1.000000 11.367340
vt 0.000000 11.792599
vt 0.062500 11.792599
vt 0.125000 11.792599
vt 0.187500 11.792599
vt 0.250000 11.792599
vt 0.312500 11.792599
vt 0.375000 11.792599
vt 0.437500 11.792599
vt 0.500000 11.792599
vt 0.562500 11.792599
vt 0.625000 11.792599
vt 0.687500 11.792599
vt 0.750000 11.792599
vt 0.812500 11.792599
vt 0.875000 11.792599
vt 0.937500 11.792599
vt 1.000000 11.792599
vt 0.000000 12.205417
vt 0.062500 12.205417
vt 0.125000 12.205417
vt 0.187500 12.205417
vt 0.250000 12.205417
vt 0.312500 12.205417
vt 0.375000 12.205417
vt 0.437500 12.205417
vt 0.500000 12.205417
vt 0.562500 12.205417
vt 0.625000 12.205417
vt 0.687500 12.205417
vt 0.750000 12.205417
vt 0.812500 12.205417
vt 0.875000 12.205417
vt 0.937500 12.205417
vt 1.000000 12.205417
vt 0.000000 12.599846
vt 0.062500 12.599846
vt 0.125000 12.599846
vt 0.187500 12.599846
vt 0.250000 12.599846
vt 0.312500 12.599846
vt 0.375000 12.599846
vt 0.437500 12.599846
vt 0.500000 12.599846
vt 0.562500 12.599846
vt 0.625000 12.599846
vt 0.687500 12.599846
vt 0.750000 12.599846
vt 0.812500 12.599846
vt 0.875000 12.599846
vt 0.937500 12.599846
vt 1.000000 12.599846
vt 0.000000 12.993979
vt 0.062500 12.993979
vt 0.125000 12.993979
vt 0.187500 12.993979
vt 0.250000 12.993979
vt 0.312500 12.993979
vt 0.375000 12.993979
vt 0.437500 12.993979
vt 0.500000 12.993979
vt 0.562500 12.993979
vt 0.625000 12.993979
vt 0.687500 12.993979
vt 0.750000 12.993979
vt 0.812500 12.993979
vt 0.875000 12.993979
vt 0.937500 12.993979
vt 1.000000 12.993979
vt 0.000000 13.387981
vt 0.062500 13.387981
vt 0.125000 13.387981
vt 0.187500 13.387981
vt 0.250000 13.387981
vt 0.312500 13.387981
vt 0.375000 13.387981
vt 0.437500 13.387981
vt 0.500000 13.387981
vt 0.562500 13.387981
vt 0.625000 13.387981
vt 0.687500 13.387981
vt 0.750000 13.387981
vt 0.812500 13.387981
vt 0.875000 13.387981
vt 0.937500 13.387981
vt 1.000000 13.387981
vt 0.000000 13.782083
vt 0.062500 13.782083
vt 0.125000 13.782083
vt 0.187500 13.782083
vt 0.250000 13.782083
vt 0.312500 13.782083
vt 0.375000 13.782083
vt 0.437500 13.782083
vt 0.500000 13.782083
vt 0.562500 13.782083
vt 0.625000 13.782083
vt 0.687500 13.782083
vt 0.750000 13.782083
vt 0.812500 13.782083
vt 0.875000 13.782083
vt 0.937500 13.782083
vt 1.000000 13.782083
vt 0.000000 14.176627
vt 0.062500 14.176627
vt 0.125000 14.176627
vt 0.187500 14.176627
vt 0.250000 14.176627
vt 0.312500 14.176627
vt 0.375000 14.176627
vt 0.437500 14.176627
vt 0.500000 14.176627
vt 0.562500 14.176627
vt 0.625000 14.176627
vt 0.687500 14.176627
vt 0.750000 14.176627
vt 0.812500 14.176627
vt 0.875000 14.176627
vt 0.937500 14.176627
vt 1.000000 14.176627
vt 0.000000 14.572054
vt 0.062500 14.572054
vt 0.125000 14.572054
vt 0.187500 14.572054
vt 0.250000 14.572054
vt 0.312500 14.572054
vt 0.375000 14.572054
vt 0.437500 14.572054
vt 0.500000 14.572054
vt 0.562500 14.572054
vt 0.625000 14.572054
vt 0.687500 14.572054
vt 0.750000 14.572054
vt 0.812500 14.572054
vt 0.875000 14.572054
vt 0.937500 14.572054
vt 1.000000 14.572054
vt 0.000000 14.968875
vt 0.062500 14.968875
vt 0.125000 14.968875
vt 0.187500 14.968875
vt 0.250000 14.968875
vt 0.312500 14.968875
vt 0.375000 14.968875
vt 0.437500 14.968875
vt 0.500000 14.968875
vt 0.562500 14.968875
vt 0.625000 14.968875
vt 0.687500 14.968875
vt 0.750000 14.968875
vt 0.812500 14.968875
vt 0.875000 14.968875
vt 0.937500 14.968875
vt 1.000000 14.968875
vt 0.000000 15.367578
vt 0.062500 15.367578
vt 0.125000 15.367578
vt 0.187500 15.367578
vt 0.250000 15.367578
vt 0.312500 15.367578
vt 0.375000 15.367578
vt 0.437500 15.367578
vt 0.500000 15.367578
vt 0.562500 15.367578
vt 0.625000 15.367578
vt 0.687500 15.367578
vt 0.750000 15.367578
vt 0.812500 15.367578
vt 0.875000 15.367578
vt 0.937500 15.367578
vt 1.000000 15.367578
vt 0.000000 15.768513
vt 0.062500 15.768513
vt 0.125000 15.768513
vt 0.187500 15.768513
vt 0.250000 15.768513
vt 0.312500 15.768513
vt 0.375000 15.768513
vt 0.437500 15.768513
vt 0.500000 15.768513
vt 0.562500 15.768513
vt 0.625000 15.768513
vt 0.687500 15.768513
vt 0.750000 15.768513
vt 0.812500 15.768513
vt 0.875000 15.768513
vt 0.937500 15.768513
vt 1.000000 15.768513
vt 0.000000 16.171780
vt 0.062500 16.171780
vt 0.125000 16.171780
vt 0.187500 16.171780
vt 0.250000 16.171780
vt 0.312500 16.171780
vt 0.375000 16.171780
vt 0.437500 16.171780
vt 0.500000 16.171780
vt 0.562500 16.171780
vt 0.625000 16.171780
vt 0.687500 16.171780
vt 0.750000 16.171780
vt 0.812500 16.171780
vt 0.875000 16.171780
vt 0.937500 16.171780
vt 1.000000 16.171780
vt 0.000000 16.577196
vt 0.062500 16.577196
vt 0.125000 16.577196
vt 0.187500 16.577196
vt 0.250000 16.577196
vt 0.312500 16.577196
vt 0.375000 16.577196
vt 0.437500 16.577196
vt 0.500000 16.577196
vt 0.562500 16.577196
vt 0.625000 16.577196
vt 0.687500 16.577196
vt 0.750000 16.577196
vt 0.812500 16.577196
vt 0.875000 16.577196
vt 0.937500 16.577196
vt 1.000000 16.577196
vt 0.000000 16.984383
vt 0.062500 16.984383
vt 0.125000 16.984383
vt 0.187500 16.984383
vt 0.250000 16.984383
vt 0.312500 16.984383
vt 0.375000 16.984383
vt 0.437500 16.984383
vt 0.500000 16.984383
vt 0.562500 16.984383
vt 0.625000 16.984383
vt 0.687500 16.984383
vt 0.750000 16.984383
vt 0.812500 16.984383
vt 0.875000 16.984383
vt 0.937500 16.984383
vt 1.000000 16.984383
vt 0.000000 17.392878
vt 0.062500 17.392878
vt 0.125000 17.392878
vt 0.187500 17.392878
vt 0.250000 17.392878
vt 0.312500 17.392878
vt 0.375000 17.392878
vt 0.437500 17.392878
vt 0.500000 17.392878
vt 0.562500 17.392878
vt 0.625000 17.392878
vt 0.687500 17.392878
vt 0.750000 17.392878
vt 0.812500 17.392878
vt 0.875000 17.392878
vt 0.937500 17.392878
vt 1.000000 17.392878
vt 0.000000 17.802252
vt 0.062500 17.802252
vt 0.125000 17.802252
vt 0.187500 17.802252
vt 0.250000 17.802252
vt 0.312500 17.802252
vt 0.375000 17.802252
vt 0.437500 17.802252
vt 0.500000 17.802252
vt 0.562500 17.802252
vt 0.625000 17.802252
vt 0.687500 17.802252
vt 0.750000 17.802252
vt 0.812500 17.802252
vt 0.875000 17.802252
vt 0.937500 17.802252
vt 1.000000 17.802252
vt 0.000000 18.212181
vt 0.062500 18.212181
vt 0.125000 18.212181
vt 0.187500 18.212181
vt 0.250000 18.212181
vt 0.312500 18.212181
vt 0.375000 18.212181
vt 0.437500 18.212181
vt 0.500000 18.212181
vt 0.562500 18.212181
vt 0.625000 18.212181
vt 0.687500 18.212181
vt 0.750000 18.212181
vt 0.812500 18.212181
vt 0.875000 18.212181
vt 0.937500 18.212181
vt 1.000000 18.212181
vt 0.000000 18.622437
vt 0.062500 18.622437
vt 0.125000 18.622437
vt 0.187500 18.622437
vt 0.250000 18.622437
vt 0.312500 18.622437
vt 0.375000 18.622437
vt 0.437500 18.622437
vt 0.500000 18.622437
vt 0.562500 18.622437
vt 0.625000 18.622437
vt 0.687500 18.622437
vt 0.750000 18.622437
vt 0.812500 18.622437
vt 0.875000 18.622437
vt 0.937500 18.622437
vt 1.000000 18.622437
vt 0.000000 19.032888
vt 0.062500 19.032888
vt 0.125000 19.032888
vt 0.187500 19.032888
vt 0.250000 19.032888
vt 0.312500 19.032888
vt 0.375000 19.032888
vt 0.437500 19.032888
vt 0.500000 19.032888
vt 0.562500 19.032888
vt 0.625000 19.032888
vt 0.687500 19.032888
vt 0.750000 19.032888
vt 0.812500 19.032888
vt 0.875000 19.032888
vt 0.937500 19.032888
vt 1.000000 19.032888
vt 0.000000 19.443470
vt 0.062500 19.443470
vt 0.125000 19.443470
vt 0.187500 19.443470
vt 0.250000 19.443470
vt 0.312500 19.443470
vt 0.375000 19.443470
vt 0.437500 19.443470
vt 0.500000 19.443470
vt 0.562500 19.443470
vt 0.625000 19.443470
vt 0.687500 19.443470
vt 0.750000 19.443470
vt 0.812500 19.443470
vt 0.875000 19.443470
vt 0.937500 19.443470
vt 1.000000 19.443470
vt 0.000000 19.854170
vt 0.062500 19.854170
vt 0.125000 19.854170
vt 0.187500 19.854170
vt 0.250000 19.854170
vt 0.312500 19.854170
vt 0.375000 19.854170
vt 0.437500 19.854170
vt 0.500000 19.854170
vt 0.562500 19.854170
vt 0.625000 19.854170
vt 0.687500 19.854170
vt 0.750000 19.854170
vt 0.812500 19.854170
vt 0.875000 19.854170
vt 0.937500 19.854170
vt 1.000000 19.854170
vt 0.000000 20.264999
vt 0.062500 20.264999
vt 0.125000 20.264999
vt 0.187500 20.264999
vt 0.250000 20.264999
vt 0.312500 20.264999
vt 0.375000 20.264999
vt 0.437500 20.264999
vt 0.500000 20.264999
vt 0.562500 20.264999
vt 0.625000 20.264999
vt 0.687500 20.264999
vt 0.750000 20.264999
vt 0.812500 20.264999
vt 0.875000 20.264999
vt 0.937500 20.264999
vt 1.000000 20.264999
vt 0.000000 20.675987
vt 0.062500 20.675987
vt 0.125000 20.675987
vt 0.187500 20.675987
vt 0.250000 20.675987
vt 0.312500 20.675987
vt 0.375000 20.675987
vt 0.437500 20.675987
vt 0.500000 20.675987
vt 0.562500 20.675987
vt 0.625000 20.675987
vt 0.687500 20.675987
vt 0.750000 20.675987
vt 0.812500 20.675987
vt 0.875000 20.675987
vt 0.937500 20.675987
vt 1.000000 20.675987
vt 0.000000 21.087166
vt 0.062500 21.087166
vt 0.125000 21.087166
vt 0.187500 21.087166
vt 0.250000 21.087166
vt 0.312500 21.087166
vt 0.375000 21.087166
vt 0.437500 21.087166
vt 0.500000 21.087166
vt 0.562500 21.087166
vt 0.625000 21.087166
vt 0.687500 21.087166
vt 0.750000 21.087166
vt 0.812500 21.087166
vt 0.875000 21.087166
vt 0.937500 21.087166
vt 1.000000 21.087166
vt 0.000000 21.498560
vt 0.062500 21.498560
vt 0.125000 21.498560
vt 0.187500 21.498560
vt 0.250000 21.498560
vt 0.312500 21.498560
vt 0.375000 21.498560
vt 0.437500 21.498560
vt 0.500000 21.498560
vt 0.562500 21.498560
vt 0.625000 21.498560
vt 0.687500 21.498560
vt 0.750000 21.498560
vt 0.812500 21.498560
vt 0.875000 21.498560
vt 0.937500 21.498560
vt 1.000000 21.498560
vt 0.000000 21.910181
vt 0.062500 21.910181
vt 0.125000 21.910181
vt 0.187500 21.910181
vt 0.250000 21.910181
vt 0.312500 21.910181
vt 0.375000 21.910181
vt 0.437500 21.910181
vt 0.500000 21.910181
vt 0.562500 21.910181
vt 0.625000 21.910181
vt 0.687500 21.910181
vt 0.750000 21.910181
vt 0.812500 21.910181
vt 0.875000 21.910181
vt 0.937500 21.910181
vt 1.000000 21.910181
vt 0.000000 22.322039
vt 0.062500 22.322039
vt 0.125000 22.322039
vt 0.187500 22.322039
vt 0.250000 22.322039
vt 0.312500 22.322039
vt 0.375000 22.322039
vt 0.437500 22.322039
vt 0.500000 22.322039
vt 0.562500 22.322039
vt 0.625000 22.322039
vt 0.687500 22.322039
vt 0.750000 22.322039
vt 0.812500 22.322039
vt 0.875000 22.322039
vt 0.937500 22.322039
vt 1.000000 22.322039
vt 0.000000 22.734121
vt 0.062500 22.734121
vt 0.125000 22.734121
vt 0.187500 22.734121
vt 0.250000 22.734121
vt 0.312500 22.734121
vt 0.375000 22.734121
vt 0.437500 22.734121
vt 0.500000 22.734121
vt 0.562500 22.734121
vt 0.625000 22.734121
vt 0.687500 22.734121
vt 0.750000 22.734121
vt 0.812500 22.734121
vt 0.875000 22.734121
vt 0.937500 22.734121
vt 1.000000 22.734121
vt 0.000000 23.146408
vt 0.062500 23.146408
vt 0.125000 23.146408
vt 0.187500 23.146408
vt 0.250000 23.146408
vt 0.312500 23.146408
vt 0.375000 23.146408
vt 0.437500 23.146408
vt 0.500000 23.146408
vt 0.562500 23.146408
vt 0.625000 23.146408
vt 0.687500 23.146408
vt 0.750000 23.146408
vt 0.812500 23.146408
vt 0.875000 23.146408
vt 0.937500 23.146408
vt 1.000000 23.146408
vt 0.000000 23.558868
vt 0.062500 23.558868
vt 0.125000 23.558868
vt 0.187500 23.558868
vt 0.250000 23.558868
vt 0.312500 23.558868
vt 0.375000 23.558868
vt 0.437500 23.558868
vt 0.500000 23.558868
vt 0.562500 23.558868
vt 0.625000 23.558868
vt 0.687500 23.558868
vt 0.750000 23.558868
vt 0.812500 23.558868
vt 0.875000 23.558868
vt 0.937500 23.558868
vt 1.000000 23.558868
vt 0.000000 23.971468
vt 0.062500 23.971468
vt 0.125000 23.971468
vt 0.187500 23.971468
vt 0.250000 23.971468
vt 0.312500 23.971468
vt 0.375000 23.971468
vt 0.437500 23.971468
vt 0.500000 23.971468
vt 0.562500 23.971468
vt 0.625000 23.971468
vt 0.687500 23.971468
vt 0.750000 23.971468
vt 0.812500 23.971468
vt 0.875000 23.971468
vt 0.937500 23.971468
vt 1.000000 23.971468
vt 0.000000 24.384165
vt 0.062500 24.384165
vt 0.125000 24.384165
vt 0.187500 24.384165
vt 0.250000 24.384165
vt 0.312500 24.384165
vt 0.375000 24.384165
vt 0.437500 24.384165
vt 0.500000 24.384165
vt 0.562500 24.384165
vt 0.625000 24.384165
vt 0.687500 24.384165
vt 0.750000 24.384165
vt 0.812500 24.384165
vt 0.875000 24.384165
vt 0.937500 24.384165
vt 1.000000 24.384165
vt 0.000000 24.796917
vt 0.062500 24.796917
vt 0.125000 24.796917
vt 0.187500 24.796917
vt 0.250000 24.796917
vt 0.312500 24.796917
vt 0.375000 24.796917
vt 0.437500 24.796917
vt 0.500000 24.796917
vt 0.562500 24.796917
vt 0.625000 24.796917
vt 0.687500 24.796917
vt 0.750000 24.796917
vt 0.812500 24.796917
vt 0.875000 24.796917
vt 0.937500 24.796917
vt 1.000000 24.796917
vt 0.000000 25.000000
vt 0.062500 25.000000
vt 0.125000 25.000000
vt 0.187500 25.000000
vt 0.250000 25.000000
vt 0.312500 25.000000
vt 0.375000 25.000000
vt 0.437500 25.000000
vt 0.500000 25.000000
vt 0.562500 25.000000
vt 0.625000 25.000000
vt 0.687500 25.000000
vt 0.750000 25.000000
vt 0.812500 25.000000
vt 0.875000 25.000000
vt 0.937500 25.000000
vt 1.000000 25.000000
s 1
usemtl track_surface
f 568/406/345 585/407/346 586/408/347 569/409/345
f 569/409/345 586/408/347 587/410/347 570/411/345
f 570/411/345 587/410/347 588/412/348 571/413/345
f 571/413/345 588/412/348 589/414/349 572/415/345
f 572/415/345 589/414/349 590/416/346 573/417/345
f 573/417/345 590/416/346 591/418/347 574/419/345
f 574/419/345 591/418/347 592/420/350 575/421/351
f 575/421/351 592/420/350 593/422/346 576/423/351
f 576/423/351 593/422/346 594/424/350 577/425/351
f 577/425/351 594/424/350 595/426/349 578/427/351
f 578/427/351 595/426/349 596/428/350 579/429/351
f 579/429/351 596/428/350 597/430/349 580/431/351
f 580/431/351 597/430/349 598/432/350 581/433/351
f 581/433/351 598/432/350 599/434/349 582/435/351
f 582/435/351 599/434/349 600/436/350 583/437/351
f 583/437/351 600/436/350 601/438/349 584/439/351
f 585/407/346 602/440/352 603/441/352 586/408/347
f 586/408/347 603/441/352 604/442/353 587/410/347
f 587/410/347 604/442/353 605/443/354 588/412/348
f 588/412/348 605/443/354 606/444/355 589/414/349
f 589/414/349 606/444/355 607/445/355 590/416/346
f 590/416/346 607/445/355 608/446/355 591/418/347
f 591/418/347 608/446/355 609/447/355 592/420/350
f 592/420/350 609/447/355 610/448/355 593/422/346
f 593/422/346 610/448/355 611/449/355 594/424/350
f 594/424/350 611/449/355 612/450/356 595/426/349
f 595/426/349 612/450/356 613/451/355 596/428/350
f 596/428/350 613/451/355 614/452/356 597/430/349
f 597/430/349 614/452/356 615/453/356 598/432/350
f 598/432/350 615/453/356 616/454/355 599/434/349
f 599/434/349 616/454/355 617/455/356 600/436/350
f 600/436/350 617/455/356 618/456/356 601/438/349
f 602/440/352 619/457/357 620/458/357 603/441/352
f 603/441/352 620/458/357 621/459/358 604/442/353
f 604/442/353 621/459/358 622/460/357 605/443/354
f 605/443/354 622/460/357 623/461/358 606/444/355
f 606/444/355 623/461/358 624/462/358 607/445/355
f 607/445/355 624/462/358 625/463/359 608/446/355
f 608/446/355 625/463/359 626/464/360 609/447/355
f 609/447/355 626/464/360 627/465/358 610/448/355
f 610/448/355 627/465/358 628/466/358 611/449/355
f 611/449/355 628/466/358 629/467/359 612/450/356
f 612/450/356 629/467/359 630/468/361 613/451/355
f 613/451/355 630/468/361 631/469/359 614/452/356
f 614/452/356 631/469/359 632/470/359 615/453/356
f 615/453/356 632/470/359 633/471/358 616/454/355
f 616/454/355 633/471/358 634/472/359 617/455/356
f 617/455/356 634/472/359 635/473/359 618/456/356
f 619/457/357 636/474/362 637/475/363 620/458/357
f 620/458/357 637/475/363 638/476/363 621/459/358
f 621/459/358 638/476/363 639/477/364 622/460/357
f 622/460/357 639/477/364 640/478/364 623/461/358
f 623/461/358 640/478/364 641/479/364 624/462/358
f 624/462/358 641/479/364 642/480/362 625/463/359
f 625/463/359 642/480/362 643/481/362 626/464/360
f 626/464/360 643/481/362 644/482/362 627/465/358
f 627/465/358 644/482/362 645/483/365 628/466/358
f 628/466/358 645/483/365 646/484/366 629/467/359
f 629/467/359 646/484/366 647/485/367 630/468/361
f 630/468/361 647/485/367 648/486/367 631/469/359
f 631/469/359 648/486/367 649/487/367 632/470/359
f 632/470/359 649/487/367 650/488/368 633/471/358
f 633/471/358 650/488/368 651/489/369 634/472/359
f 634/472/359 651/489/369 652/490/362 635/473/359
f 636/474/362 653/491/370 654/492/370 637/475/363
f 637/475/363 654/492/370 655/493/371 638/476/363
f 638/476/363 655/493/371 656/494/372 639/477/364
f 639/477/364 656/494/372 657/495/370 640/478/364
f 640/478/364 657/495/370 658/496/372 641/479/364
f 641/479/364 658/496/372 659/497/373 642/480/362
f 642/480/362 659/497/373 660/498/373 643/481/362
f 643/481/362 660/498/373 661/499/374 644/482/362
f 644/482/362 661/499/374 662/500/375 645/483/365
f 645/483/365 662/500/375 663/501/376 646/484/366
f 646/484/366 663/501/376 664/502/374 647/485/367
f 647/485/367 664/502/374 665/503/377 648/486/367
f 648/486/367 665/503/377 666/504/378 649/487/367
f 649/487/367 666/504/378 667/505/378 650/488/368
f 650/488/368 667/505/378 668/506/378 651/489/369
f 651/489/369 668/506/378 669/507/379 652/490/362
f 653/491/370 670/508/380 671/509/381 654/492/370
f 654/492/370 671/509/381 672/510/382 655/493/371
f 655/493/371 672/510/382 673/511/380 656/494/372
f 656/494/372 673/511/380 674/512/383 657/495/370
f 657/495/370 674/512/383 675/513/384 658/496/372
f 658/496/372 675/513/384 676/514/385 659/497/373
f 659/497/373 676/514/385 677/515/386 660/498/373
f 660/498/373 677/515/386 678/516/384 661/499/374
f 661/499/374 678/516/384 679/517/387 662/500/375
f 662/500/375 679/517/387 680/518/388 663/501/376
f 663/501/376 680/518/388 681/519/389 664/502/374
f 664/502/374 681/519/389 682/520/390 665/503/377
f 665/503/377 682/520/390 683/521/391 666/504/378
f 666/504/378 683/521/391 684/522/392 667/505/378
f 667/505/378 684/522/392 685/523/393 668/506/378
f 668/506/378 685/523/393 686/524/394 669/507/379
f 670/508/380 687/525/395 688/526/396 671/509/381
f 671/509/381 688/526/396 689/527/397 672/510/382
f 672/510/382 689/527/397 690/528/398 673/511/380
f 673/511/380 690/528/398 691/529/399 674/512/383
f 674/512/383 691/529/399 692/530/400 675/513/384
f 675/513/384 692/530/400 693/531/401 676/514/385
f 676/514/385 693/531/401 694/532/402 677/515/386
f 677/515/386 694/532/402 695/533/403 678/516/384
f 678/516/384 695/533/403 696/534/404 679/517/387
f 679/517/387 696/534/404 697/535/405 680/518/388
f 680/518/388 697/535/405 698/536/406 681/519/389
f 681/519/389 698/536/406 699/537/407 682/520/390
f 682/520/390 699/537/407 700/538/408 683/521/391
f 683/521/391 700/538/408 701/539/409 684/522/392
f 684/522/392 701/539/409 702/540/410 685/523/393
f 685/523/393 702/540/410 703/541/411 686/524/394
f 687/525/395 704/542/412 705/543/413 688/526/396
f 688/526/396 705/543/413 706/544/414 689/527/397
f 689/527/397 706/544/414 707/545/415 690/528/398
f 690/528/398 707/545/415 708/546/416 691/529/399
f 691/529/399 708/546/416 709/547/417 692/530/400
f 692/530/400 709/547/417 710/548/418 693/531/401
f 693/531/401 710/548/418 711/549/419 694/532/402
f 694/532/402 711/549/419 712/550/420 695/533/403
f 695/533/403 712/550/420 713/551/421 696/534/404
f 696/534/404 713/551/421 714/552/422 697/535/405
f 697/535/405 714/552/422 715/553/423 698/536/406
f 698/536/406 715/553/423 716/554/424 699/537/407
f 699/537/407 716/554/424 717/555/425 700/538/408
f 700/538/408 717/555/425 718/556/426 701/539/409
f 701/539/409 718/556/426 719/557/427 702/540/410
f 702/540/410 719/557/427 720/558/428 703/541/411
f 704/542/412 721/559/429 722/560/430 705/543/413
f 705/543/413 722/560/430 723/561/431 706/544/414
f 706/544/414 723/561/431 724/562/432 707/545/415
f 707/545/415 724/562/432 725/563/433 708/546/416
f 708/546/416 725/563/433 726/564/434 709/547/417
f 709/547/417 726/564/434 727/565/435 710/548/418
f 710/548/418 727/565/435 728/566/436 711/549/419
f 711/549/419 728/566/436 729/567/437 712/550/420
f 712/550/420 729/567/437 730/568/438 713/551/421
f 713/551/421 730/568/438 731/569/439 714/552/422
f 714/552/422 731/569/439 732/570/440 715/553/423
f 715/553/423 732/570/440 733/571/441 716/554/424
f 716/554/424 733/571/441 734/572/442 717/555/425
f 717/555/425 734/572/442 735/573/443 718/556/426
f 718/556/426 735/573/443 736/574/444 719/557/427
f 719/557/427 736/574/444 737/575/445 720/558/428
f 721/559/429 738/576/446 739/577/447 722/560/430
f 722/560/430 739/577/447 740/578/448 723/561/431
f 723/561/431 740/578/448 741/579/449 724/562/432
f 724/562/432 741/579/449 742/580/450 725/563/433
f 725/563/433 742/580/450 743/581/451 726/564/434
f 726/564/434 743/581/451 744/582/452 727/565/435
f 727/565/435 744/582/452 745/583/453 728/566/436
f 728/566/436 745/583/453 746/584/454 729/567/437
f 729/567/437 746/584/454 747/585/455 730/568/438
f 730/568/438 747/585/455 748/586/456 731/569/439
f 731/569/439 748/586/456 749/587/457 732/570/440
f 732/570/440 749/587/457 750/588/458 733/571/441
f 733/571/441 750/588/458 751/589/459 734/572/442
f 734/572/442 751/589/459 752/590/460 735/573/443
f 735/573/443 752/590/460 753/591/461 736/574/444
f 736/574/444 753/591/461 754/592/462 737/575/445
f 738/576/446 755/593/463 756/594/464 739/577/447
f 739/577/447 756/594/464 757/595/465 740/578/448
f 740/578/448 757/595/465 758/596/466 741/579/449
f 741/579/449 758/596/466 759/597/467 742/580/450
f 742/580/450 759/597/467 760/598/468 743/581/451
f 743/581/451 760/598/468 761/599/469 744/582/452
f 744/582/452 761/599/469 762/600/470 745/583/453
f 745/583/453 762/600/470 763/601/469 746/584/454
f 746/584/454 763/601/469 764/602/471 747/585/455
f 747/585/455 764/602/471 765/603/472 748/586/456
f 748/586/456 765/603/472 766/604/473 749/587/457
f 749/587/457 766/604/473 767/605/474 750/588/458
f 750/588/458 767/605/474 768/606/475 751/589/459
f 751/589/459 768/606/475 769/607/476 752/590/460
f 752/590/460 769/607/476 770/608/477 753/591/461
f 753/591/461 770/608/477 771/609/478 754/592/462
f 755/593/463 772/610/479 773/611/480 756/594/464
f 756/594/464 773/611/480 774/612/481 757/595/465
f 757/595/465 774/612/481 775/613/482 758/596/466
f 758/596/466 775/613/482 776/614/483 759/597/467
f 759/597/467 776/614/483 777/615/484 760/598/468
f 760/598/468 777/615/484 778/616/485 761/599/469
f 761/599/469 778/616/485 779/617/486 762/600/470
f 762/600/470 779/617/486 780/618/487 763/601/469
f 763/601/469 780/618/487 781/619/488 764/602/471
f 764/602/471 781/619/488 782/620/489 765/603/472
f 765/603/472 782/620/489 783/621/490 766/604/473
f 766/604/473 783/621/490 784/622/491 767/605/474
f 767/605/474 784/622/491 785/623/492 768/606/475
f 768/606/475 785/623/492 786/624/493 769/607/476
f 769/607/476 786/624/493 787/625/494 770/608/477
f 770/608/477 787/625/494 788/626/495 771/609/478
f 772/610/479 789/627/496 790/628/497 773/611/480
f 773/611/480 790/628/497 791/629/498 774/612/481
f 774/612/481 791/629/498 792/630/499 775/613/482
f 775/613/482 792/630/499 793/631/500 776/614/483
f 776/614/483 793/631/500 794/632/501 777/615/484
f 777/615/484 794/632/501 795/633/502 778/616/485
f 778/616/485 795/633/502 796/634/503 779/617/486
f 779/617/486 796/634/503 797/635/504 780/618/487
f 780/618/487 797/635/504 798/636/505 781/619/488
f 781/619/488 798/636/505 799/637/506 782/620/489
f 782/620/489 799/637/506 800/638/507 783/621/490
f 783/621/490 800/638/507 801/639/508 784/622/491
f 784/622/491 801/639/508 802/640/509 785/623/492
f 785/623/492 802/640/509 803/641/510 786/624/493
f 786/624/493 803/641/510 804/642/511 787/625/494
f 787/625/494 804/642/511 805/643/512 788/626/495
f 789/627/496 806/644/513 807/645/514 790/628/497
f 790/628/497 807/645/514 808/646/515 791/629/498
f 791/629/498 808/646/515 809/647/516 792/630/499
f 792/630/499 809/647/516 810/648/517 793/631/500
f 793/631/500 810/648/517 811/649/518 794/632/501
f 794/632/501 811/649/518 812/650/519 795/633/502
f 795/633/502 812/650/519 813/651/520 796/634/503
f 796/634/503 813/651/520 814/652/521 797/635/504
f 797/635/504 814/652/521 815/653/522 798/636/505
f 798/636/505 815/653/522 816/654/523 799/637/506
f 799/637/506 816/654/523 817/655/524 800/638/507
f 800/638/507 817/655/524 818/656/525 801/639/508
f 801/639/508 818/656/525 819/657/526 802/640/509
f 802/640/509 819/657/526 820/658/527 803/641/510
f 803/641/510 820/658/527 821/659/528 804/642/511
f 804/642/511 821/659/528 822/660/529 805/643/512
f 806/644/513 823/661/530 824/662/531 807/645/514
f 807/645/514 824/662/531 825/663/532 808/646/515
f 808/646/515 825/663/532 826/664/533 809/647/516
f 809/647/516 826/664/533 827/665/534 810/648/517
f 810/648/517 827/665/534 828/666/535 811/649/518
f 811/649/518 828/666/535 829/667/536 812/650/519
f 812/650/519 829/667/536 830/668/537 813/651/520
f 813/651/520 830/668/537 831/669/538 814/652/521
f 814/652/521 831/669/538 832/670/539 815/653/522
f 815/653/522 832/670/539 833/671/540 816/654/523
f 816/654/523 833/671/540 834/672/541 817/655/524
f 817/655/524 834/672/541 835/673/542 818/656/525
f 818/656/525 835/673/542 836/674/543 819/657/526
f 819/657/526 836/674/543 837/675/544 820/658/527
f 820/658/527 837/675/544 838/676/545 821/659/528
f 821/659/528 838/676/545 839/677/546 822/660/529
f 823/661/530 840/678/547 841/679/548 824/662/531
f 824/662/531 841/679/548 842/680/549 825/663/532
f 825/663/532 842/680/549 843/681/550 826/664/533
f 826/664/533 843/681/550 844/682/551 827/665/534
f 827/665/534 844/682/551 845/683/552 828/666/535
f 828/666/535 845/683/552 846/684/553 829/667/536
f 829/667/536 846/684/553 847/685/554 830/668/537
f 830/668/537 847/685/554 848/686/555 831/669/538
f 831/669/538 848/686/555 849/687/556 832/670/539
f 832/670/539 849/687/556 850/688/557 833/671/540
f 833/671/540 850/688/557 851/689/558 834/672/541
f 834/672/541 851/689/558 852/690/559 835/673/542
f 835/673/542 852/690/559 853/691/560 836/674/543
f 836/674/543 853/691/560 854/692/561 837/675/544
f 837/675/544 854/692/561 855/693/562 838/676/545
f 838/676/545 855/693/562 856/694/563 839/677/546
f 840/678/547 857/695/564 858/696/565 841/679/548
f 841/679/548 858/696/565 859/697/566 842/680/549
f 842/680/549 859/697/566 860/698/567 843/681/550
f 843/681/550 860/698/567 861/699/568 844/682/551
f 844/682/551 861/699/568 862/700/569 845/683/552
f 845/683/552 862/700/569 863/701/570 846/684/553
f 846/684/553 863/701/570 864/702/571 847/685/554
f 847/685/554 864/702/571 865/703/572 848/686/555
f 848/686/555 865/703/572 866/704/573 849/687/556
f 849/687/556 866/704/573 867/705/574 850/688/557
f 850/688/557 867/705/574 868/706/575 851/689/558
f 851/689/558 868/706/575 869/707/576 852/690/559
f 852/690/559 869/707/576 870/708/577 853/691/560
f 853/691/560 870/708/577 871/709/578 854/692/561
f 854/692/561 871/709/578 872/710/579 855/693/562
f 855/693/562 872/710/579 873/711/580 856/694/563
f 857/695/564 874/712/581 875/713/582 858/696/565
f 858/696/565 875/713/582 876/714/583 859/697/566
f 859/697/566 876/714/583 877/715/584 860/698/567
f 860/698/567 877/715/584 878/716/585 861/699/568
f 861/699/568 878/716/585 879/717/586 862/700/569
f 862/700/569 879/717/586 880/718/587 863/701/570
f 863/701/570 880/718/587 881/719/588 864/702/571
f 864/702/571 881/719/588 882/720/589 865/703/572
f 865/703/572 882/720/589 883/721/590 866/704/573
f 866/704/573 883/721/590 884/722/591 867/705/574
f 867/705/574 884/722/591 885/723/592 868/706/575
f 868/706/575 885/723/592 886/724/593 869/707/576
f 869/707/576 886/724/593 887/725/594 870/708/577
f 870/708/577 887/725/594 888/726/595 871/709/578
f 871/709/578 888/726/595 889/727/596 872/710/579
f 872/710/579 889/727/596 890/728/597 873/711/580
f 874/712/581 891/729/598 892/730/599 875/713/582
f 875/713/582 892/730/599 893/731/600 876/714/583
f 876/714/583 893/731/600 894/732/601 877/715/584
f 877/715/584 894/732/601 895/733/602 878/716/585
f 878/716/585 895/733/602 896/734/603 879/717/586
f 879/717/586 896/734/603 897/735/604 880/718/587
f 880/718/587 897/735/604 898/736/605 881/719/588
f 881/719/588 898/736/605 899/737/606 882/720/589
f 882/720/589 899/737/606 900/738/607 883/721/590
f 883/721/590 900/738/607 901/739/608 884/722/591
f 884/722/591 901/739/608 902/740/609 885/723/592
f 885/723/592 902/740/609 903/741/610 886/724/593
f 886/724/593 903/741/610 904/742/611 887/725/594
f 887/725/594 904/742/611 905/743/612 888/726/595
f 888/726/595 905/743/612 906/744/613 889/727/596
f 889/727/596 906/744/613 907/745/614 890/728/597
f 891/729/598 908/746/615 909/747/616 892/730/599
f 892/730/599 909/747/616 910/748/617 893/731/600
f 893/731/600 910/748/617 911/749/618 894/732/601
f 894/732/601 911/749/618 912/750/619 895/733/602
f 895/733/602 912/750/619 913/751/620 896/734/603
f 896/734/603 913/751/620 914/752/621 897/735/604
f 897/735/604 914/752/621 915/753/622 898/736/605
f 898/736/605 915/753/622 916/754/623 899/737/606
f 899/737/606 916/754/623 917/755/624 900/738/607
f 900/738/607 917/755/624 918/756/625 901/739/608
f 901/739/608 918/756/625 919/757/626 902/740/609
f 902/740/609 919/757/626 920/758/627 903/741/610
f 903/741/610 920/758/627 921/759/628 904/742/611
f 904/742/611 921/759/628 922/760/629 905/743/612
f 905/743/612 922/760/629 923/761/630 906/744/613
f 906/744/613 923/761/630 924/762/631 907/745/614
f 908/746/615 925/763/632 926/764/633 909/747/616
f 909/747/616 926/764/633 927/765/634 910/748/617
f 910/748/617 927/765/634 928/766/635 911/749/618
f 911/749/618 928/766/635 929/767/636 912/750/619
f 912/750/619 929/767/636 930/768/637 913/751/620
f 913/751/620 930/768/637 931/769/638 914/752/621
f 914/752/621 931/769/638 932/770/639 915/753/622
f 915/753/622 932/770/639 933/771/640 916/754/623
f 916/754/623 933/771/640 934/772/641 917/755/624
f 917/755/624 934/772/641 935/773/642 918/756/625
f 918/756/625 935/773/642 936/774/643 919/757/626
f 919/757/626 936/774/643 937/775/644 920/758/627
f 920/758/627 937/775/644 938/776/645 921/759/628
f 921/759/628 938/776/645 939/777/646 922/760/629
f 922/760/629 939/777/646 940/778/647 923/761/630
f 923/761/630 940/778/647 941/779/648 924/762/631
f 925/763/632 942/780/649 943/781/650 926/764/633
f 926/764/633 943/781/650 944/782/651 927/765/634
f 927/765/634 944/782/651 945/783/652 928/766/635
f 928/766/635 945/783/652 946/784/653 929/767/636
f 929/767/636 946/784/653 947/785/654 930/768/637
f 930/768/637 947/785/654 948/786/655 931/769/638
f 931/769/638 948/786/655 949/787/656 932/770/639
f 932/770/639 949/787/656 950/788/657 933/771/640
f 933/771/640 950/788/657 951/789/658 934/772/641
f 934/772/641 951/789/658 952/790/659 935/773/642
f 935/773/642 952/790/659 953/791/660 936/774/643
f 936/774/643 953/791/660 954/792/661 937/775/644
f 937/775/644 954/792/661 955/793/662 938/776/645
f 938/776/645 955/793/662 956/794/663 939/777/646
f 939/777/646 956/794/663 957/795/664 940/778/647
f 940/778/647 957/795/664 958/796/665 941/779/648
f 942/780/649 959/797/666 960/798/667 943/781/650
f 943/781/650 960/798/667 961/799/668 944/782/651
f 944/782/651 961/799/668 962/800/669 945/783/652
f 945/783/652 962/800/669 963/801/670 946/784/653
f 946/784/653 963/801/670 964/802/671 947/785/654
f 947/785/654 964/802/671 965/803/672 948/786/655
f 948/786/655 965/803/672 966/804/673 949/787/656
f 949/787/656 966/804/673 967/805/674 950/788/657
f 950/788/657 967/805/674 968/806/675 951/789/658
f 951/789/658 968/806/675 969/807/676 952/790/659
f 952/790/659 969/807/676 970/808/677 953/791/660
f 953/791/660 970/808/677 971/809/678 954/792/661
f 954/792/661 971/809/678 972/810/679 955/793/662
f 955/793/662 972/810/679 973/811/680 956/794/663
f 956/794/663 973/811/680 974/812/681 957/795/664
f 957/795/664 974/812/681 975/813/682 958/796/665
f 959/797/666 976/814/683 977/815/684 960/798/667
f 960/798/667 977/815/684 978/816/685 961/799/668
f 961/799/668 978/816/685 979/817/686 962/800/669
f 962/800/669 979/817/686 980/818/687 963/801/670
f 963/801/670 980/818/687 981/819/688 964/802/671
f 964/802/671 981/819/688 982/820/689 965/803/672
f 965/803/672 982/820/689 983/821/690 966/804/673
f 966/804/673 983/821/690 984/822/691 967/805/674
f 967/805/674 984/822/691 985/823/692 968/806/675
f 968/806/675 985/823/692 986/824/693 969/807/676
f 969/807/676 986/824/693 987/825/694 970/808/677
f 970/808/677 987/825/694 988/826/695 971/809/678
f 971/809/678 988/826/695 989/827/696 972/810/679
f 972/810/679 989/827/696 990/828/697 973/811/680
f 973/811/680 990/828/697 991/829/698 974/812/681
f 974/812/681 991/829/698 992/830/699 975/813/682
f 976/814/683 993/831/700 994/832/701 977/815/684
f 977/815/684 994/832/701 995/833/702 978/816/685
f 978/816/685 995/833/702 996/834/703 979/817/686
f 979/817/686 996/834/703 997/835/704 980/818/687
f 980/818/687 997/835/704 998/836/705 981/819/688
f 981/819/688 998/836/705 999/837/706 982/820/689
f 982/820/689 999/837/706 1000/838/707 983/821/690
f 983/821/690 1000/838/707 1001/839/708 984/822/691
f 984/822/691 1001/839/708 1002/840/709 985/823/692
f 985/823/692 1002/840/709 1003/841/710 986/824/693
f 986/824/693 1003/841/710 1004/842/711 987/825/694
f 987/825/694 1004/842/711 1005/843/712 988/826/695
f 988/826/695 1005/843/712 1006/844/713 989/827/696
f 989/827/696 1006/844/713 1007/845/714 990/828/697
f 990/828/697 1007/845/714 1008/846/715 991/829/698
f 991/829/698 1008/846/715 1009/847/716 992/830/699
f 993/831/700 1010/848/717 1011/849/718 994/832/701
f 994/832/701 1011/849/718 1012/850/719 995/833/702
f 995/833/702 1012/850/719 1013/851/720 996/834/703
f 996/834/703 1013/851/720 1014/852/721 997/835/704
f 997/835/704 1014/852/721 1015/853/722 998/836/705
f 998/836/705 1015/853/722 1016/854/723 999/837/706
f 999/837/706 1016/854/723 1017/855/724 1000/838/707
f 1000/838/707 1017/855/724 1018/856/725 1001/839/708
f 1001/839/708 1018/856/725 1019/857/726 1002/840/709
f 1002/840/709 1019/857/726 1020/858/727 1003/841/710
f 1003/841/710 1020/858/727 1021/859/728 1004/842/711
f 1004/842/711 1021/859/728 1022/860/729 1005/843/712
f 1005/843/712 1022/860/729 1023/861/730 1006/844/713
f 1006/844/713 1023/861/730 1024/862/731 1007/845/714
f 1007/845/714 1024/862/731 1025/863/732 1008/846/715
f 1008/846/715 1025/863/732 1026/864/733 1009/847/716
f 1010/848/717 1027/865/734 1028/866/735 1011/849/718
f 1011/849/718 1028/866/735 1029/867/736 1012/850/719
f 1012/850/719 1029/867/736 1030/868/737 1013/851/720
f 1013/851/720 1030/868/737 1031/869/738 1014/852/721
f 1014/852/721 1031/869/738 1032/870/739 1015/853/722
f 1015/853/722 1032/870/739 1033/871/740 1016/854/723
f 1016/854/723 1033/871/740 1034/872/741 1017/855/724
f 1017/855/724 1034/872/741 1035/873/742 1018/856/725
f 1018/856/725 1035/873/742 1036/874/743 1019/857/726
f 1019/857/726 1036/874/743 1037/875/744 1020/858/727
f 1020/858/727 1037/875/744 1038/876/745 1021/859/728
f 1021/859/728 1038/876/745 1039/877/746 1022/860/729
f 1022/860/729 1039/877/746 1040/878/747 1023/861/730
f 1023/861/730 1040/878/747 1041/879/748 1024/862/731
f 1024/862/731 1041/879/748 1042/880/749 1025/863/732
f 1025/863/732 1042/880/749 1043/881/750 1026/864/733
f 1027/865/734 1044/882/751 1045/883/752 1028/866/735
f 1028/866/735 1045/883/752 1046/884/753 1029/867/736
f 1029/867/736 1046/884/753 1047/885/754 1030/868/737
f 1030/868/737 1047/885/754 1048/886/755 1031/869/738
f 1031/869/738 1048/886/755 1049/887/756 1032/870/739
f 1032/870/739 1049/887/756 1050/888/757 1033/871/740
f 1033/871/740 1050/888/757 1051/889/758 1034/872/741
f 1034/872/741 1051/889/758 1052/890/759 1035/873/742
f 1035/873/742 1052/890/759 1053/891/760 1036/874/743
f 1036/874/743 1053/891/760 1054/892/761 1037/875/744
f 1037/875/744 1054/892/761 1055/893/762 1038/876/745
f 1038/876/745 1055/893/762 1056/894/763 1039/877/746
f 1039/877/746 1056/894/763 1057/895/764 1040/878/747
f 1040/878/747 1057/895/764 1058/896/765 1041/879/748
f 1041/879/748 1058/896/765 1059/897/766 1042/880/749
f 1042/880/749 1059/897/766 1060/898/767 1043/881/750
f 1044/882/751 1061/899/768 1062/900/769 1045/883/752
f 1045/883/752 1062/900/769 1063/901/770 1046/884/753
f 1046/884/753 1063/901/770 1064/902/771 1047/885/754
f 1047/885/754 1064/902/771 1065/903/772 1048/886/755
f 1048/886/755 1065/903/772 1066/904/773 1049/887/756
f 1049/887/756 1066/904/773 1067/905/774 1050/888/757
f 1050/888/757 1067/905/774 1068/906/775 1051/889/758
f 1051/889/758 1068/906/775 1069/907/776 1052/890/759
f 1052/890/759 1069/907/776 1070/908/777 1053/891/760
f 1053/891/760 1070/908/777 1071/909/778 1054/892/761
f 1054/892/761 1071/909/778 1072/910/779 1055/893/762
f 1055/893/762 1072/910/779 1073/911/780 1056/894/763
f 1056/894/763 1073/911/780 1074/912/781 1057/895/764
f 1057/895/764 1074/912/781 1075/913/782 1058/896/765
f 1058/896/765 1075/913/782 1076/914/783 1059/897/766
f 1059/897/766 1076/914/783 1077/915/784 1060/898/767
f 1061/899/768 1078/916/785 1079/917/786 1062/900/769
f 1062/900/769 1079/917/786 1080/918/787 1063/901/770
f 1063/901/770 1080/918/787 1081/919/788 1064/902/771
f 1064/902/771 1081/919/788 1082/920/789 1065/903/772
f 1065/903/772 1082/920/789 1083/921/790 1066/904/773
f 1066/904/773 1083/921/790 1084/922/791 1067/905/774
f 1067/905/774 1084/922/791 1085/923/792 1068/906/775
f 1068/906/775 1085/923/792 1086/924/793 1069/907/776
f 1069/907/776 1086/924/793 1087/925/794 1070/908/777
f 1070/908/777 1087/925/794 1088/926/795 1071/909/778
f 1071/909/778 1088/926/795 1089/927/796 1072/910/779
f 1072/910/779 1089/927/796 1090/928/797 1073/911/780
f 1073/911/780 1090/928/797 1091/929/798 1074/912/781
f 1074/912/781 1091/929/798 1092/930/799 1075/913/782
f 1075/913/782 1092/930/799 1093/931/800 1076/914/783
f 1076/914/783 1093/931/800 1094/932/801 1077/915/784
f 1078/916/785 1095/933/802 1096/934/803 1079/917/786
f 1079/917/786 1096/934/803 1097/935/804 1080/918/787
f 1080/918/787 1097/935/804 1098/936/805 1081/919/788
f 1081/919/788 1098/936/805 1099/937/806 1082/920/789
f 1082/920/789 1099/937/806 1100/938/807 1083/921/790
f 1083/921/790 1100/938/807 1101/939/808 1084/922/791
f 1084/922/791 1101/939/808 1102/940/809 1085/923/792
f 1085/923/792 1102/940/809 1103/941/810 1086/924/793
f 1086/924/793 1103/941/810 1104/942/811 1087/925/794
f 1087/925/794 1104/942/811 1105/943/812 1088/926/795
f 1088/926/795 1105/943/812 1106/944/813 1089/927/796
f 1089/927/796 1106/944/813 1107/945/814 1090/928/797
f 1090/928/797 1107/945/814 1108/946/815 1091/929/798
f 1091/929/798 1108/946/815 1109/947/816 1092/930/799
f 1092/930/799 1109/947/816 1110/948/817 1093/931/800
f 1093/931/800 1110/948/817 1111/949/818 1094/932/801
f 1095/933/802 1112/950/819 1113/951/820 1096/934/803
f 1096/934/803 1113/951/820 1114/952/821 1097/935/804
f 1097/935/804 1114/952/821 1115/953/822 1098/936/805
f 1098/936/805 1115/953/822 1116/954/823 1099/937/806
f 1099/937/806 1116/954/823 1117/955/824 1100/938/807
f 1100/938/807 1117/955/824 1118/956/825 1101/939/808
f 1101/939/808 1118/956/825 1119/957/826 1102/940/809
f 1102/940/809 1119/957/826 1120/958/827 1103/941/810
f 1103/941/810 1120/958/827 1121/959/828 1104/942/811
f 1104/942/811 1121/959/828 1122/960/829 1105/943/812
f 1105/943/812 1122/960/829 1123/961/830 1106/944/813
f 1106/944/813 1123/961/830 1124/962/831 1107/945/814
f 1107/945/814 1124/962/831 1125/963/832 1108/946/815
f 1108/946/815 1125/963/832 1126/964/833 1109/947/816
f 1109/947/816 1126/964/833 1127/965/834 1110/948/817
f 1110/948/817 1127/965/834 1128/966/835 1111/949/818
f 1112/950/819 1129/967/836 1130/968/837 1113/951/820
f 1113/951/820 1130/968/837 1131/969/838 1114/952/821
f 1114/952/821 1131/969/838 1132/970/839 1115/953/822
f 1115/953/822 1132/970/839 1133/971/840 1116/954/823
f 1116/954/823 1133/971/840 1134/972/841 1117/955/824
f 1117/955/824 1134/972/841 1135/973/842 1118/956/825
f 1118/956/825 1135/973/842 1136/974/843 1119/957/826
f 1119/957/826 1136/974/843 1137/975/844 1120/958/827
f 1120/958/827 1137/975/844 1138/976/845 1121/959/828
f 1121/959/828 1138/976/845 1139/977/846 1122/960/829
f 1122/960/829 1139/977/846 1140/978/847 1123/961/830
f 1123/961/830 1140/978/847 1141/979/848 1124/962/831
f 1124/962/831 1141/979/848 1142/980/849 1125/963/832
f 1125/963/832 1142/980/849 1143/981/850 1126/964/833
f 1126/964/833 1143/981/850 1144/982/851 1127/965/834
f 1127/965/834 1144/982/851 1145/983/852 1128/966/835
f 1129/967/836 1146/984/853 1147/985/854 1130/968/837
f 1130/968/837 1147/985/854 1148/986/855 1131/969/838
f 1131/969/838 1148/986/855 1149/987/856 1132/970/839
f 1132/970/839 1149/987/856 1150/988/857 1133/971/840
f 1133/971/840 1150/988/857 1151/989/858 1134/972/841
f 1134/972/841 1151/989/858 1152/990/859 1135/973/842
f 1135/973/842 1152/990/859 1153/991/860 1136/974/843
f 1136/974/843 1153/991/860 1154/992/861 1137/975/844
f 1137/975/844 1154/992/861 1155/993/862 1138/976/845
f 1138/976/845 1155/993/862 1156/994/863 1139/977/846
f 1139/977/846 1156/994/863 1157/995/864 1140/978/847
f 1140/978/847 1157/995/864 1158/996/865 1141/979/848
f 1141/979/848 1158/996/865 1159/997/866 1142/980/849
f 1142/980/849 1159/997/866 1160/998/867 1143/981/850
f 1143/981/850 1160/998/867 1161/999/868 1144/982/851
f 1144/982/851 1161/999/868 1162/1000/869 1145/983/852
f 1146/984/853 1163/1001/870 1164/1002/871 1147/985/854
f 1147/985/854 1164/1002/871 1165/1003/872 1148/986/855
f 1148/986/855 1165/1003/872 1166/1004/873 1149/987/856
f 1149/987/856 1166/1004/873 1167/1005/874 1150/988/857
f 1150/988/857 1167/1005/874 1168/1006/875 1151/989/858
f 1151/989/858 1168/1006/875 1169/1007/876 1152/990/859
f 1152/990/859 1169/1007/876 1170/1008/877 1153/991/860
f 1153/991/860 1170/1008/877 1171/1009/878 1154/992/861
f 1154/992/861 1171/1009/878 1172/1010/879 1155/993/862
f 1155/993/862 1172/1010/879 1173/1011/880 1156/994/863
f 1156/994/863 1173/1011/880 1174/1012/881 1157/995/864
f 1157/995/864 1174/1012/881 1175/1013/882 1158/996/865
f 1158/996/865 1175/1013/882 1176/1014/883 1159/997/866
f 1159/997/866 1176/1014/883 1177/1015/884 1160/998/867
f 1160/998/867 1177/1015/884 1178/1016/885 1161/999/868
f 1161/999/868 1178/1016/885 1179/1017/886 1162/1000/869
f 1163/1001/870 1180/1018/887 1181/1019/888 1164/1002/871
f 1164/1002/871 1181/1019/888 1182/1020/889 1165/1003/872
f 1165/1003/872 1182/1020/889 1183/1021/890 1166/1004/873
f 1166/1004/873 1183/1021/890 1184/1022/891 1167/1005/874
f 1167/1005/874 1184/1022/891 1185/1023/892 1168/1006/875
f 1168/1006/875 1185/1023/892 1186/1024/893 1169/1007/876
f 1169/1007/876 1186/1024/893 1187/1025/894 1170/1008/877
f 1170/1008/877 1187/1025/894 1188/1026/895 1171/1009/878
f 1171/1009/878 1188/1026/895 1189/1027/896 1172/1010/879
f 1172/1010/879 1189/1027/896 1190/1028/897 1173/1011/880
f 1173/1011/880 1190/1028/897 1191/1029/898 1174/1012/881
f 1174/1012/881 1191/1029/898 1192/1030/899 1175/1013/882
f 1175/1013/882 1192/1030/899 1193/1031/900 1176/1014/883
f 1176/1014/883 1193/1031/900 1194/1032/901 1177/1015/884
f 1177/1015/884 1194/1032/901 1195/1033/902 1178/1016/885
f 1178/1016/885 1195/1033/902 1196/1034/903 1179/1017/886
f 1180/1018/887 1197/1035/904 1198/1036/905 1181/1019/888
f 1181/1019/888 1198/1036/905 1199/1037/906 1182/1020/889
f 1182/1020/889 1199/1037/906 1200/1038/907 1183/1021/890
f 1183/1021/890 1200/1038/907 1201/1039/908 1184/1022/891
f 1184/1022/891 1201/1039/908 1202/1040/909 1185/1023/892
f 1185/1023/892 1202/1040/909 1203/1041/910 1186/1024/893
f 1186/1024/893 1203/1041/910 1204/1042/911 1187/1025/894
f 1187/1025/894 1204/1042/911 1205/1043/912 1188/1026/895
f 1188/1026/895 1205/1043/912 1206/1044/913 1189/1027/896
f 1189/1027/896 1206/1044/913 1207/1045/914 1190/1028/897
f 1190/1028/897 1207/1045/914 1208/1046/915 1191/1029/898
f 1191/1029/898 1208/1046/915 1209/1047/916 1192/1030/899
f 1192/1030/899 1209/1047/916 1210/1048/917 1193/1031/900
f 1193/1031/900 1210/1048/917 1211/1049/918 1194/1032/901
f 1194/1032/901 1211/1049/918 1212/1050/919 1195/1033/902
f 1195/1033/902 1212/1050/919 1213/1051/920 1196/1034/903
f 1197/1035/904 1214/1052/921 1215/1053/922 1198/1036/905
f 1198/1036/905 1215/1053/922 1216/1054/923 1199/1037/906
f 1199/1037/906 1216/1054/923 1217/1055/924 1200/1038/907
f 1200/1038/907 1217/1055/924 1218/1056/925 1201/1039/908
f 1201/1039/908 1218/1056/925 1219/1057/926 1202/1040/909
f 1202/1040/909 1219/1057/926 1220/1058/927 1203/1041/910
f 1203/1041/910 1220/1058/927 1221/1059/928 1204/1042/911
f 1204/1042/911 1221/1059/928 1222/1060/929 1205/1043/912
f 1205/1043/912 1222/1060/929 1223/1061/930 1206/1044/913
f 1206/1044/913 1223/1061/930 1224/1062/931 1207/1045/914
f 1207/1045/914 1224/1062/931 1225/1063/932 1208/1046/915
f 1208/1046/915 1225/1063/932 1226/1064/933 1209/1047/916
f 1209/1047/916 1226/1064/933 1227/1065/934 1210/1048/917
f 1210/1048/917 1227/1065/934 1228/1066/935 1211/1049/918
f 1211/1049/918 1228/1066/935 1229/1067/936 1212/1050/919
f 1212/1050/919 1229/1067/936 1230/1068/937 1213/1051/920
f 1214/1052/921 1231/1069/938 1232/1070/939 1215/1053/922
f 1215/1053/922 1232/1070/939 1233/1071/940 1216/1054/923
f 1216/1054/923 1233/1071/940 1234/1072/941 1217/1055/924
f 1217/1055/924 1234/1072/941 1235/1073/942 1218/1056/925
f 1218/1056/925 1235/1073/942 1236/1074/943 1219/1057/926
f 1219/1057/926 1236/1074/943 1237/1075/944 1220/1058/927
f 1220/1058/927 1237/1075/944 1238/1076/945 1221/1059/928
f 1221/1059/928 1238/1076/945 1239/1077/946 1222/1060/929
f 1222/1060/929 1239/1077/946 1240/1078/947 1223/1061/930
f 1223/1061/930 1240/1078/947 1241/1079/948 1224/1062/931
f 1224/1062/931 1241/1079/948 1242/1080/949 1225/1063/932
f 1225/1063/932 1242/1080/949 1243/1081/950 1226/1064/933
f 1226/1064/933 1243/1081/950 1244/1082/951 1227/1065/934
f 1227/1065/934 1244/1082/951 1245/1083/952 1228/1066/935
f 1228/1066/935 1245/1083/952 1246/1084/953 1229/1067/936
f 1229/1067/936 1246/1084/953 1247/1085/954 1230/1068/937
f 1231/1069/938 1248/1086/955 1249/1087/956 1232/1070/939
f 1232/1070/939 1249/1087/956 1250/1088/957 1233/1071/940
f 1233/1071/940 1250/1088/957 1251/1089/958 1234/1072/941
f 1234/1072/941 1251/1089/958 1252/1090/959 1235/1073/942
f 1235/1073/942 1252/1090/959 1253/1091/960 1236/1074/943
f 1236/1074/943 1253/1091/960 1254/1092/961 1237/1075/944
f 1237/1075/944 1254/1092/961 1255/1093/962 1238/1076/945
f 1238/1076/945 1255/1093/962 1256/1094/963 1239/1077/946
f 1239/1077/946 1256/1094/963 1257/1095/964 1240/1078/947
f 1240/1078/947 1257/1095/964 1258/1096/965 1241/1079/948
f 1241/1079/948 1258/1096/965 1259/1097/966 1242/1080/949
f 1242/1080/949 1259/1097/966 1260/1098/967 1243/1081/950
f 1243/1081/950 1260/1098/967 1261/1099/968 1244/1082/951
f 1244/1082/951 1261/1099/968 1262/1100/969 1245/1083/952
f 1245/1083/952 1262/1100/969 1263/1101/970 1246/1084/953
f 1246/1084/953 1263/1101/970 1264/1102/971 1247/1085/954
f 1248/1086/955 1265/1103/972 1266/1104/973 1249/1087/956
f 1249/1087/956 1266/1104/973 1267/1105/974 1250/1088/957
f 1250/1088/957 1267/1105/974 1268/1106/975 1251/1089/958
f 1251/1089/958 1268/1106/975 1269/1107/976 1252/1090/959
f 1252/1090/959 1269/1107/976 1270/1108/977 1253/1091/960
f 1253/1091/960 1270/1108/977 1271/1109/978 1254/1092/961
f 1254/1092/961 1271/1109/978 1272/1110/979 1255/1093/962
f 1255/1093/962 1272/1110/979 1273/1111/980 1256/1094/963
f 1256/1094/963 1273/1111/980 1274/1112/981 1257/1095/964
f 1257/1095/964 1274/1112/981 1275/1113/982 1258/1096/965
f 1258/1096/965 1275/1113/982 1276/1114/983 1259/1097/966
f 1259/1097/966 1276/1114/983 1277/1115/984 1260/1098/967
f 1260/1098/967 1277/1115/984 1278/1116/985 1261/1099/968
f 1261/1099/968 1278/1116/985 1279/1117/986 1262/1100/969
f 1262/1100/969 1279/1117/986 1280/1118/987 1263/1101/970
f 1263/1101/970 1280/1118/987 1281/1119/988 1264/1102/971
f 1265/1103/972 1282/1120/989 1283/1121/990 1266/1104/973
f 1266/1104/973 1283/1121/990 1284/1122/991 1267/1105/974
f 1267/1105/974 1284/1122/991 1285/1123/992 1268/1106/975
f 1268/1106/975 1285/1123/992 1286/1124/993 1269/1107/976
f 1269/1107/976 1286/1124/993 1287/1125/994 1270/1108/977
f 1270/1108/977 1287/1125/994 1288/1126/995 1271/1109/978
f 1271/1109/978 1288/1126/995 1289/1127/996 1272/1110/979
f 1272/1110/979 1289/1127/996 1290/1128/997 1273/1111/980
f 1273/1111/980 1290/1128/997 1291/1129/998 1274/1112/981
f 1274/1112/981 1291/1129/998 1292/1130/999 1275/1113/982
f 1275/1113/982 1292/1130/999 1293/1131/1000 1276/1114/983
f 1276/1114/983 1293/1131/1000 1294/1132/1001 1277/1115/984
f 1277/1115/984 1294/1132/1001 1295/1133/1002 1278/1116/985
f 1278/1116/985 1295/1133/1002 1296/1134/1003 1279/1117/986
f 1279/1117/986 1296/1134/1003 1297/1135/1004 1280/1118/987
f 1280/1118/987 1297/1135/1004 1298/1136/1005 1281/1119/988
f 1282/1120/989 1299/1137/1006 1300/1138/1007 1283/1121/990
f 1283/1121/990 1300/1138/1007 1301/1139/1008 1284/1122/991
f 1284/1122/991 1301/1139/1008 1302/1140/1009 1285/1123/992
f 1285/1123/992 1302/1140/1009 1303/1141/1010 1286/1124/993
f 1286/1124/993 1303/1141/1010 1304/1142/1011 1287/1125/994
f 1287/1125/994 1304/1142/1011 1305/1143/1012 1288/1126/995
f 1288/1126/995 1305/1143/1012 1306/1144/1013 1289/1127/996
f 1289/1127/996 1306/1144/1013 1307/1145/1014 1290/1128/997
f 1290/1128/997 1307/1145/1014 1308/1146/1015 1291/1129/998
f 1291/1129/998 1308/1146/1015 1309/1147/1016 1292/1130/999
f 1292/1130/999 1309/1147/1016 1310/1148/1017 1293/1131/1000
f 1293/1131/1000 1310/1148/1017 1311/1149/1018 1294/1132/1001
f 1294/1132/1001 1311/1149/1018 1312/1150/1019 1295/1133/1002
f 1295/1133/1002 1312/1150/1019 1313/1151/1020 1296/1134/1003
f 1296/1134/1003 1313/1151/1020 1314/1152/1021 1297/1135/1004
f 1297/1135/1004 1314/1152/1021 1315/1153/1022 1298/1136/1005
f 1299/1137/1006 1316/1154/1023 1317/1155/1024 1300/1138/1007
f 1300/1138/1007 1317/1155/1024 1318/1156/1025 1301/1139/1008
f 1301/1139/1008 1318/1156/1025 1319/1157/1026 1302/1140/1009
f 1302/1140/1009 1319/1157/1026 1320/1158/1027 1303/1141/1010
f 1303/1141/1010 1320/1158/1027 1321/1159/1028 1304/1142/1011
f 1304/1142/1011 1321/1159/1028 1322/1160/1029 1305/1143/1012
f 1305/1143/1012 1322/1160/1029 1323/1161/1030 1306/1144/1013
f 1306/1144/1013 1323/1161/1030 1324/1162/1031 1307/1145/1014
f 1307/1145/1014 1324/1162/1031 1325/1163/1032 1308/1146/1015
f 1308/1146/1015 1325/1163/1032 1326/1164/1033 1309/1147/1016
f 1309/1147/1016 1326/1164/1033 1327/1165/1034 1310/1148/1017
f 1310/1148/1017 1327/1165/1034 1328/1166/1035 1311/1149/1018
f 1311/1149/1018 1328/1166/1035 1329/1167/1036 1312/1150/1019
f 1312/1150/1019 1329/1167/1036 1330/1168/1037 1313/1151/1020
f 1313/1151/1020 1330/1168/1037 1331/1169/1038 1314/1152/1021
f 1314/1152/1021 1331/1169/1038 1332/1170/1039 1315/1153/1022
f 1316/1154/1023 1333/1171/1040 1334/1172/1041 1317/1155/1024
f 1317/1155/1024 1334/1172/1041 1335/1173/1042 1318/1156/1025
f 1318/1156/1025 1335/1173/1042 1336/1174/1043 1319/1157/1026
f 1319/1157/1026 1336/1174/1043 1337/1175/1044 1320/1158/1027
f 1320/1158/1027 1337/1175/1044 1338/1176/1045 1321/1159/1028
f 1321/1159/1028 1338/1176/1045 1339/1177/1046 1322/1160/1029
f 1322/1160/1029 1339/1177/1046 1340/1178/1047 1323/1161/1030
f 1323/1161/1030 1340/1178/1047 1341/1179/1048 1324/1162/1031
f 1324/1162/1031 1341/1179/1048 1342/1180/1049 1325/1163/1032
f 1325/1163/1032 1342/1180/1049 1343/1181/1050 1326/1164/1033
f 1326/1164/1033 1343/1181/1050 1344/1182/1051 1327/1165/1034
f 1327/1165/1034 1344/1182/1051 1345/1183/1052 1328/1166/1035
f 1328/1166/1035 1345/1183/1052 1346/1184/1053 1329/1167/1036
f 1329/1167/1036 1346/1184/1053 1347/1185/1054 1330/1168/1037
f 1330/1168/1037 1347/1185/1054 1348/1186/1055 1331/1169/1038
f 1331/1169/1038 1348/1186/1055 1349/1187/1056 1332/1170/1039
f 1333/1171/1040 1350/1188/1057 1351/1189/1058 1334/1172/1041
f 1334/1172/1041 1351/1189/1058 1352/1190/1059 1335/1173/1042
f 1335/1173/1042 1352/1190/1059 1353/1191/1060 1336/1174/1043
f 1336/1174/1043 1353/1191/1060 1354/1192/1061 1337/1175/1044
f 1337/1175/1044 1354/1192/1061 1355/1193/1062 1338/1176/1045
f 1338/1176/1045 1355/1193/1062 1356/1194/1063 1339/1177/1046
f 1339/1177/1046 1356/1194/1063 1357/1195/1064 1340/1178/1047
f 1340/1178/1047 1357/1195/1064 1358/1196/1065 1341/1179/1048
f 1341/1179/1048 1358/1196/1065 1359/1197/1066 1342/1180/1049
f 1342/1180/1049 1359/1197/1066 1360/1198/1067 1343/1181/1050
f 1343/1181/1050 1360/1198/1067 1361/1199/1068 1344/1182/1051
f 1344/1182/1051 1361/1199/1068 1362/1200/1069 1345/1183/1052
f 1345/1183/1052 1362/1200/1069 1363/1201/1070 1346/1184/1053
f 1346/1184/1053 1363/1201/1070 1364/1202/1071 1347/1185/1054
f 1347/1185/1054 1364/1202/1071 1365/1203/1072 1348/1186/1055
f 1348/1186/1055 1365/1203/1072 1366/1204/1073 1349/1187/1056
f 1350/1188/1057 1367/1205/1074 1368/1206/1075 1351/1189/1058
f 1351/1189/1058 1368/1206/1075 1369/1207/1076 1352/1190/1059
f 1352/1190/1059 1369/1207/1076 1370/1208/1077 1353/1191/1060
f 1353/1191/1060 1370/1208/1077 1371/1209/1078 1354/1192/1061
f 1354/1192/1061 1371/1209/1078 1372/1210/1079 1355/1193/1062
f 1355/1193/1062 1372/1210/1079 1373/1211/1080 1356/1194/1063
f 1356/1194/1063 1373/1211/1080 1374/1212/1081 1357/1195/1064
f 1357/1195/1064 1374/1212/1081 1375/1213/1082 1358/1196/1065
f 1358/1196/1065 1375/1213/1082 1376/1214/1083 1359/1197/1066
f 1359/1197/1066 1376/1214/1083 1377/1215/1084 1360/1198/1067
f 1360/1198/1067 1377/1215/1084 1378/1216/1085 1361/1199/1068
f 1361/1199/1068 1378/1216/1085 1379/1217/1086 1362/1200/1069
f 1362/1200/1069 1379/1217/1086 1380/1218/1087 1363/1201/1070
f 1363/1201/1070 1380/1218/1087 1381/1219/1088 1364/1202/1071
f 1364/1202/1071 1381/1219/1088 1382/1220/1089 1365/1203/1072
f 1365/1203/1072 1382/1220/1089 1383/1221/1090 1366/1204/1073
f 1367/1205/1074 1384/1222/1091 1385/1223/1092 1368/1206/1075
f 1368/1206/1075 1385/1223/1092 1386/1224/1093 1369/1207/1076
f 1369/1207/1076 1386/1224/1093 1387/1225/1094 1370/1208/1077
f 1370/1208/1077 1387/1225/1094 1388/1226/1095 1371/1209/1078
f 1371/1209/1078 1388/1226/1095 1389/1227/1096 1372/1210/1079
f 1372/1210/1079 1389/1227/1096 1390/1228/1097 1373/1211/1080
f 1373/1211/1080 1390/1228/1097 1391/1229/1098 1374/1212/1081
f 1374/1212/1081 1391/1229/1098 1392/1230/1099 1375/1213/1082
f 1375/1213/1082 1392/1230/1099 1393/1231/1100 1376/1214/1083
f 1376/1214/1083 1393/1231/1100 1394/1232/1101 1377/1215/1084
f 1377/1215/1084 1394/1232/1101 1395/1233/1102 1378/1216/1085
f 1378/1216/1085 1395/1233/1102 1396/1234/1103 1379/1217/1086
f 1379/1217/1086 1396/1234/1103 1397/1235/1104 1380/1218/1087
f 1380/1218/1087 1397/1235/1104 1398/1236/1105 1381/1219/1088
f 1381/1219/1088 1398/1236/1105 1399/1237/1106 1382/1220/1089
f 1382/1220/1089 1399/1237/1106 1400/1238/1107 1383/1221/1090
f 1384/1222/1091 1401/1239/1108 1402/1240/1109 1385/1223/1092
f 1385/1223/1092 1402/1240/1109 1403/1241/1110 1386/1224/1093
f 1386/1224/1093 1403/1241/1110 1404/1242/1111 1387/1225/1094
f 1387/1225/1094 1404/1242/1111 1405/1243/1112 1388/1226/1095
f 1388/1226/1095 1405/1243/1112 1406/1244/1113 1389/1227/1096
f 1389/1227/1096 1406/1244/1113 1407/1245/1114 1390/1228/1097
f 1390/1228/1097 1407/1245/1114 1408/1246/1115 1391/1229/1098
f 1391/1229/1098 1408/1246/1115 1409/1247/1116 1392/1230/1099
f 1392/1230/1099 1409/1247/1116 1410/1248/1117 1393/1231/1100
f 1393/1231/1100 1410/1248/1117 1411/1249/1118 1394/1232/1101
f 1394/1232/1101 1411/1249/1118 1412/1250/1119 1395/1233/1102
f 1395/1233/1102 1412/1250/1119 1413/1251/1120 1396/1234/1103
f 1396/1234/1103 1413/1251/1120 1414/1252/1121 1397/1235/1104
f 1397/1235/1104 1414/1252/1121 1415/1253/1122 1398/1236/1105
f 1398/1236/1105 1415/1253/1122 1416/1254/1123 1399/1237/1106
f 1399/1237/1106 1416/1254/1123 1417/1255/1124 1400/1238/1107
f 1401/1239/1108 1418/1256/1125 1419/1257/1126 1402/1240/1109
f 1402/1240/1109 1419/1257/1126 1420/1258/1127 1403/1241/1110
f 1403/1241/1110 1420/1258/1127 1421/1259/1128 1404/1242/1111
f 1404/1242/1111 1421/1259/1128 1422/1260/1129 1405/1243/1112
f 1405/1243/1112 1422/1260/1129 1423/1261/1130 1406/1244/1113
f 1406/1244/1113 1423/1261/1130 1424/1262/1131 1407/1245/1114
f 1407/1245/1114 1424/1262/1131 1425/1263/1132 1408/1246/1115
f 1408/1246/1115 1425/1263/1132 1426/1264/1133 1409/1247/1116
f 1409/1247/1116 1426/1264/1133 1427/1265/1134 1410/1248/1117
f 1410/1248/1117 1427/1265/1134 1428/1266/1135 1411/1249/1118
f 1411/1249/1118 1428/1266/1135 1429/1267/1136 1412/1250/1119
f 1412/1250/1119 1429/1267/1136 1430/1268/1137 1413/1251/1120
f 1413/1251/1120 1430/1268/1137 1431/1269/1138 1414/1252/1121
f 1414/1252/1121 1431/1269/1138 1432/1270/1139 1415/1253/1122
f 1415/1253/1122 1432/1270/1139 1433/1271/1140 1416/1254/1123
f 1416/1254/1123 1433/1271/1140 1434/1272/1141 1417/1255/1124
f 1418/1256/1125 1435/1273/1142 1436/1274/1143 1419/1257/1126
f 1419/1257/1126 1436/1274/1143 1437/1275/1144 1420/1258/1127
f 1420/1258/1127 1437/1275/1144 1438/1276/1145 1421/1259/1128
f 1421/1259/1128 1438/1276/1145 1439/1277/1146 1422/1260/1129
f 1422/1260/1129 1439/1277/1146 1440/1278/1147 1423/1261/1130
f 1423/1261/1130 1440/1278/1147 1441/1279/1148 1424/1262/1131
f 1424/1262/1131 1441/1279/1148 1442/1280/1149 1425/1263/1132
f 1425/1263/1132 1442/1280/1149 1443/1281/1150 1426/1264/1133
f 1426/1264/1133 1443/1281/1150 1444/1282/1151 1427/1265/1134
f 1427/1265/1134 1444/1282/1151 1445/1283/1152 1428/1266/1135
f 1428/1266/1135 1445/1283/1152 1446/1284/1153 1429/1267/1136
f 1429/1267/1136 1446/1284/1153 1447/1285/1154 1430/1268/1137
f 1430/1268/1137 1447/1285/1154 1448/1286/1155 1431/1269/1138
f 1431/1269/1138 1448/1286/1155 1449/1287/1156 1432/1270/1139
f 1432/1270/1139 1449/1287/1156 1450/1288/1157 1433/1271/1140
f 1433/1271/1140 1450/1288/1157 1451/1289/1158 1434/1272/1141
f 1435/1273/1142 1452/1290/1159 1453/1291/1160 1436/1274/1143
f 1436/1274/1143 1453/1291/1160 1454/1292/1161 1437/1275/1144
f 1437/1275/1144 1454/1292/1161 1455/1293/1162 1438/1276/1145
f 1438/1276/1145 1455/1293/1162 1456/1294/1163 1439/1277/1146
f 1439/1277/1146 1456/1294/1163 1457/1295/1164 1440/1278/1147
f 1440/1278/1147 1457/1295/1164 1458/1296/1165 1441/1279/1148
f 1441/1279/1148 1458/1296/1165 1459/1297/1166 1442/1280/1149
f 1442/1280/1149 1459/1297/1166 1460/1298/1167 1443/1281/1150
f 1443/1281/1150 1460/1298/1167 1461/1299/1168 1444/1282/1151
f 1444/1282/1151 1461/1299/1168 1462/1300/1169 1445/1283/1152
f 1445/1283/1152 1462/1300/1169 1463/1301/1170 1446/1284/1153
f 1446/1284/1153 1463/1301/1170 1464/1302/1171 1447/1285/1154
f 1447/1285/1154 1464/1302/1171 1465/1303/1172 1448/1286/1155
f 1448/1286/1155 1465/1303/1172 1466/1304/1173 1449/1287/1156
f 1449/1287/1156 1466/1304/1173 1467/1305/1174 1450/1288/1157
f 1450/1288/1157 1467/1305/1174 1468/1306/1175 1451/1289/1158
f 1452/1290/1159 1469/1307/1176 1470/1308/1177 1453/1291/1160
f 1453/1291/1160 1470/1308/1177 1471/1309/1178 1454/1292/1161
f 1454/1292/1161 1471/1309/1178 1472/1310/1179 1455/1293/1162
f 1455/1293/1162 1472/1310/1179 1473/1311/1180 1456/1294/1163
f 1456/1294/1163 1473/1311/1180 1474/1312/1181 1457/1295/1164
f 1457/1295/1164 1474/1312/1181 1475/1313/1182 1458/1296/1165
f 1458/1296/1165 1475/1313/1182 1476/1314/1183 1459/1297/1166
f 1459/1297/1166 1476/1314/1183 1477/1315/1184 1460/1298/1167
f 1460/1298/1167 1477/1315/1184 1478/1316/1185 1461/1299/1168
f 1461/1299/1168 1478/1316/1185 1479/1317/1186 1462/1300/1169
f 1462/1300/1169 1479/1317/1186 1480/1318/1187 1463/1301/1170
f 1463/1301/1170 1480/1318/1187 1481/1319/1188 1464/1302/1171
f 1464/1302/1171 1481/1319/1188 1482/1320/1189 1465/1303/1172
f 1465/1303/1172 1482/1320/1189 1483/1321/1190 1466/1304/1173
f 1466/1304/1173 1483/1321/1190 1484/1322/1191 1467/1305/1174
f 1467/1305/1174 1484/1322/1191 1485/1323/1192 1468/1306/1175
f 1469/1307/1176 1486/1324/1193 1487/1325/1194 1470/1308/1177
f 1470/1308/1177 1487/1325/1194 1488/1326/1195 1471/1309/1178
f 1471/1309/1178 1488/1326/1195 1489/1327/1196 1472/1310/1179
f 1472/1310/1179 1489/1327/1196 1490/1328/1197 1473/1311/1180
f 1473/1311/1180 1490/1328/1197 1491/1329/1198 1474/1312/1181
f 1474/1312/1181 1491/1329/1198 1492/1330/1199 1475/1313/1182
f 1475/1313/1182 1492/1330/1199 1493/1331/1200 1476/1314/1183
f 1476/1314/1183 1493/1331/1200 1494/1332/1201 1477/1315/1184
f 1477/1315/1184 1494/1332/1201 1495/1333/1202 1478/1316/1185
f 1478/1316/1185 1495/1333/1202 1496/1334/1203 1479/1317/1186
f 1479/1317/1186 1496/1334/1203 1497/1335/1204 1480/1318/1187
f 1480/1318/1187 1497/1335/1204 1498/1336/1205 1481/1319/1188
f 1481/1319/1188 1498/1336/1205 1499/1337/1206 1482/1320/1189
f 1482/1320/1189 1499/1337/1206 1500/1338/1207 1483/1321/1190
f 1483/1321/1190 1500/1338/1207 1501/1339/1208 1484/1322/1191
f 1484/1322/1191 1501/1339/1208 1502/1340/1209 1485/1323/1192
f 1486/1324/1193 1503/1341/1210 1504/1342/1211 1487/1325/1194
f 1487/1325/1194 1504/1342/1211 1505/1343/1212 1488/1326/1195
f 1488/1326/1195 1505/1343/1212 1506/1344/1213 1489/1327/1196
f 1489/1327/1196 1506/1344/1213 1507/1345/1214 1490/1328/1197
f 1490/1328/1197 1507/1345/1214 1508/1346/1215 1491/1329/1198
f 1491/1329/1198 1508/1346/1215 1509/1347/1216 1492/1330/1199
f 1492/1330/1199 1509/1347/1216 1510/1348/1217 1493/1331/1200
f 1493/1331/1200 1510/1348/1217 1511/1349/1218 1494/1332/1201
f 1494/1332/1201 1511/1349/1218 1512/1350/1219 1495/1333/1202
f 1495/1333/1202 1512/1350/1219 1513/1351/1220 1496/1334/1203
f 1496/1334/1203 1513/1351/1220 1514/1352/1221 1497/1335/1204
f 1497/1335/1204 1514/1352/1221 1515/1353/1222 1498/1336/1205
f 1498/1336/1205 1515/1353/1222 1516/1354/1223 1499/1337/1206
f 1499/1337/1206 1516/1354/1223 1517/1355/1224 1500/1338/1207
f 1500/1338/1207 1517/1355/1224 1518/1356/1225 1501/1339/1208
f 1501/1339/1208 1518/1356/1225 1519/1357/1226 1502/1340/1209
f 1503/1341/1210 1520/1358/1227 1521/1359/1228 1504/1342/1211
f 1504/1342/1211 1521/1359/1228 1522/1360/1229 1505/1343/1212
f 1505/1343/1212 1522/1360/1229 1523/1361/1230 1506/1344/1213
f 1506/1344/1213 1523/1361/1230 1524/1362/1231 1507/1345/1214
f 1507/1345/1214 1524/1362/1231 1525/1363/1232 1508/1346/1215
f 1508/1346/1215 1525/1363/1232 1526/1364/1233 1509/1347/1216
f 1509/1347/1216 1526/1364/1233 1527/1365/1234 1510/1348/1217
f 1510/1348/1217 1527/1365/1234 1528/1366/1235 1511/1349/1218
f 1511/1349/1218 1528/1366/1235 1529/1367/1236 1512/1350/1219
f 1512/1350/1219 1529/1367/1236 1530/1368/1237 1513/1351/1220
f 1513/1351/1220 1530/1368/1237 1531/1369/1238 1514/1352/1221
f 1514/1352/1221 1531/1369/1238 1532/1370/1239 1515/1353/1222
f 1515/1353/1222 1532/1370/1239 1533/1371/1240 1516/1354/1223
f 1516/1354/1223 1533/1371/1240 1534/1372/1241 1517/1355/1224
f 1517/1355/1224 1534/1372/1241 1535/1373/1242 1518/1356/1225
f 1518/1356/1225 1535/1373/1242 1536/1374/1243 1519/1357/1226
f 1520/1358/1227 1537/1375/1244 1538/1376/1245 1521/1359/1228
f 1521/1359/1228 1538/1376/1245 1539/1377/1246 1522/1360/1229
f 1522/1360/1229 1539/1377/1246 1540/1378/1247 1523/1361/1230
f 1523/1361/1230 1540/1378/1247 1541/1379/1248 1524/1362/1231
f 1524/1362/1231 1541/1379/1248 1542/1380/1249 1525/1363/1232
f 1525/1363/1232 1542/1380/1249 1543/1381/1250 1526/1364/1233
f 1526/1364/1233 1543/1381/1250 1544/1382/1251 1527/1365/1234
f 1527/1365/1234 1544/1382/1251 1545/1383/1252 1528/1366/1235
f 1528/1366/1235 1545/1383/1252 1546/1384/1253 1529/1367/1236
f 1529/1367/1236 1546/1384/1253 1547/1385/1254 1530/1368/1237
f 1530/1368/1237 1547/1385/1254 1548/1386/1255 1531/1369/1238
f 1531/1369/1238 1548/1386/1255 1549/1387/1256 1532/1370/1239
f 1532/1370/1239 1549/1387/1256 1550/1388/1257 1533/1371/1240
f 1533/1371/1240 1550/1388/1257 1551/1389/1258 1534/1372/1241
f 1534/1372/1241 1551/1389/1258 1552/1390/1259 1535/1373/1242
f 1535/1373/1242 1552/1390/1259 1553/1391/1260 1536/1374/1243
f 1537/1375/1244 1554/1392/1261 1555/1393/1262 1538/1376/1245
f 1538/1376/1245 1555/1393/1262 1556/1394/1263 1539/1377/1246
f 1539/1377/1246 1556/1394/1263 1557/1395/1264 1540/1378/1247
f 1540/1378/1247 1557/1395/1264 1558/1396/1265 1541/1379/1248
f 1541/1379/1248 1558/1396/1265 1559/1397/1266 1542/1380/1249
f 1542/1380/1249 1559/1397/1266 1560/1398/1267 1543/1381/1250
f 1543/1381/1250 1560/1398/1267 1561/1399/1268 1544/1382/1251
f 1544/1382/1251 1561/1399/1268 1562/1400/1269 1545/1383/1252
f 1545/1383/1252 1562/1400/1269 1563/1401/1270 1546/1384/1253
f 1546/1384/1253 1563/1401/1270 1564/1402/1271 1547/1385/1254
f 1547/1385/1254 1564/1402/1271 1565/1403/1272 1548/1386/1255
f 1548/1386/1255 1565/1403/1272 1566/1404/1273 1549/1387/1256
f 1549/1387/1256 1566/1404/1273 1567/1405/1274 1550/1388/1257
f 1550/1388/1257 1567/1405/1274 1568/1406/1275 1551/1389/1258
f 1551/1389/1258 1568/1406/1275 1569/1407/1276 1552/1390/1259
f 1552/1390/1259 1569/1407/1276 1570/1408/1277 1553/1391/1260
f 1554/1392/1261 1571/1409/1278 1572/1410/1279 1555/1393/1262
f 1555/1393/1262 1572/1410/1279 1573/1411/1280 1556/1394/1263
f 1556/1394/1263 1573/1411/1280 1574/1412/1281 1557/1395/1264
f 1557/1395/1264 1574/1412/1281 1575/1413/1282 1558/1396/1265
f 1558/1396/1265 1575/1413/1282 1576/1414/1283 1559/1397/1266
f 1559/1397/1266 1576/1414/1283 1577/1415/1284 1560/1398/1267
f 1560/1398/1267 1577/1415/1284 1578/1416/1285 1561/1399/1268
f 1561/1399/1268 1578/1416/1285 1579/1417/1286 1562/1400/1269
f 1562/1400/1269 1579/1417/1286 1580/1418/1287 1563/1401/1270
f 1563/1401/1270 1580/1418/1287 1581/1419/1288 1564/1402/1271
f 1564/1402/1271 1581/1419/1288 1582/1420/1289 1565/1403/1272
f 1565/1403/1272 1582/1420/1289 1583/1421/1290 1566/1404/1273
f 1566/1404/1273 1583/1421/1290 1584/1422/1291 1567/1405/1274
f 1567/1405/1274 1584/1422/1291 1585/1423/1292 1568/1406/1275
f 1568/1406/1275 1585/1423/1292 1586/1424/1293 1569/1407/1276
f 1569/1407/1276 1586/1424/1293 1587/1425/1294 1570/1408/1277
f 1571/1409/1278 1588/1426/1295 1589/1427/1296 1572/1410/1279
f 1572/1410/1279 1589/1427/1296 1590/1428/1297 1573/1411/1280
f 1573/1411/1280 1590/1428/1297 1591/1429/1298 1574/1412/1281
f 1574/1412/1281 1591/1429/1298 1592/1430/1299 1575/1413/1282
f 1575/1413/1282 1592/1430/1299 1593/1431/1300 1576/1414/1283
f 1576/1414/1283 1593/1431/1300 1594/1432/1301 1577/1415/1284
f 1577/1415/1284 1594/1432/1301 1595/1433/1302 1578/1416/1285
f 1578/1416/1285 1595/1433/1302 1596/1434/1303 1579/1417/1286
f 1579/1417/1286 1596/1434/1303 1597/1435/1304 1580/1418/1287
f 1580/1418/1287 1597/1435/1304 1598/1436/1305 1581/1419/1288
f 1581/1419/1288 1598/1436/1305 1599/1437/1306 1582/1420/1289
f 1582/1420/1289 1599/1437/1306 1600/1438/1307 1583/1421/1290
f 1583/1421/1290 1600/1438/1307 1601/1439/1308 1584/1422/1291
f 1584/1422/1291 1601/1439/1308 1602/1440/1309 1585/1423/1292
f 1585/1423/1292 1602/1440/1309 1603/1441/1310 1586/1424/1293
f 1586/1424/1293 1603/1441/1310 1604/1442/1311 1587/1425/1294
f 1588/1426/1295 1605/1443/1312 1606/1444/1312 1589/1427/1296
f 1589/1427/1296 1606/1444/1312 1607/1445/1313 1590/1428/1297
f 1590/1428/1297 1607/1445/1313 1608/1446/1314 1591/1429/1298
f 1591/1429/1298 1608/1446/1314 1609/1447/1315 1592/1430/1299
f 1592/1430/1299 1609/1447/1315 1610/1448/1316 1593/1431/1300
f 1593/1431/1300 1610/1448/1316 1611/1449/1317 1594/1432/1301
f 1594/1432/1301 1611/1449/1317 1612/1450/1318 1595/1433/1302
f 1595/1433/1302 1612/1450/1318 1613/1451/1310 1596/1434/1303
f 1596/1434/1303 1613/1451/1310 1614/1452/1319 1597/1435/1304
f 1597/1435/1304 1614/1452/1319 1615/1453/1320 1598/1436/1305
f 1598/1436/1305 1615/1453/1320 1616/1454/1321 1599/1437/1306
f 1599/1437/1306 1616/1454/1321 1617/1455/1322 1600/1438/1307
f 1600/1438/1307 1617/1455/1322 1618/1456/1323 1601/1439/1308
f 1601/1439/1308 1618/1456/1323 1619/1457/1324 1602/1440/1309
f 1602/1440/1309 1619/1457/1324 1620/1458/1325 1603/1441/1310
f 1603/1441/1310 1620/1458/1325 1621/1459/1326 1604/1442/1311
f 1605/1443/1312 1622/1460/1327 1623/1461/1328 1606/1444/1312
f 1606/1444/1312 1623/1461/1328 1624/1462/1329 1607/1445/1313
f 1607/1445/1313 1624/1462/1329 1625/1463/1330 1608/1446/1314
f 1608/1446/1314 1625/1463/1330 1626/1464/1331 1609/1447/1315
f 1609/1447/1315 1626/1464/1331 1627/1465/1332 1610/1448/1316
f 1610/1448/1316 1627/1465/1332 1628/1466/1333 1611/1449/1317
f 1611/1449/1317 1628/1466/1333 1629/1467/1334 1612/1450/1318
f 1612/1450/1318 1629/1467/1334 1630/1468/1335 1613/1451/1310
f 1613/1451/1310 1630/1468/1335 1631/1469/1336 1614/1452/1319
f 1614/1452/1319 1631/1469/1336 1632/1470/1337 1615/1453/1320
f 1615/1453/1320 1632/1470/1337 1633/1471/1338 1616/1454/1321
f 1616/1454/1321 1633/1471/1338 1634/1472/1339 1617/1455/1322
f 1617/1455/1322 1634/1472/1339 1635/1473/1340 1618/1456/1323
f 1618/1456/1323 1635/1473/1340 1636/1474/1341 1619/1457/1324
f 1619/1457/1324 1636/1474/1341 1637/1475/1342 1620/1458/1325
f 1620/1458/1325 1637/1475/1342 1638/1476/1343 1621/1459/1326
usemtl track_rail
f 584/406/1344 601/407/1345 1640/438/1345 1639/439/1344
f 601/407/1345 618/440/1346 1641/456/1346 1640/438/1345
f 618/440/1346 635/457/1347 1642/473/1347 1641/456/1346
f 635/457/1347 652/474/1348 1643/490/1348 1642/473/1347
f 652/474/1348 669/491/1349 1644/507/1349 1643/490/1348
f 669/491/1349 686/508/1350 1645/524/1350 1644/507/1349
f 686/508/1350 703/525/1351 1646/541/1352 1645/524/1350
f 703/525/1351 720/542/1353 1647/558/1353 1646/541/1352
f 720/542/1353 737/559/1354 1648/575/1355 1647/558/1353
f 737/559/1354 754/576/1356 1649/592/1356 1648/575/1355
f 754/576/1356 771/593/1357 1650/609/1358 1649/592/1356
f 771/593/1357 788/610/1359 1651/626/1360 1650/609/1358
f 788/610/1359 805/627/1361 1652/643/1361 1651/626/1360
f 805/627/1361 822/644/1362 1653/660/1363 1652/643/1361
f 822/644/1362 839/661/1364 1654/677/1364 1653/660/1363
f 839/661/1364 856/678/1365 1655/694/1365 1654/677/1364
f 856/678/1365 873/695/1366 1656/711/1366 1655/694/1365
f 873/695/1366 890/712/1367 1657/728/1368 1656/711/1366
f 890/712/1367 907/729/1369 1658/745/1370 1657/728/1368
f 907/729/1369 924/746/1371 1659/762/1371 1658/745/1370
f 924/746/1371 941/763/1372 1660/779/1373 1659/762/1371
f 941/763/1372 958/780/1374 1661/796/1374 1660/779/1373
f 958/780/1374 975/797/1375 1662/813/1375 1661/796/1374
f 975/797/1375 992/814/1376 1663/830/1376 1662/813/1375
f 992/814/1376 1009/831/1377 1664/847/1377 1663/830/1376
f 1009/831/1377 1026/848/1378 1665/864/1378 1664/847/1377
f 1026/848/1378 1043/865/1379 1666/881/1379 1665/864/1378
f 1043/865/1379 1060/882/1380 1667/898/1381 1666/881/1379
f 1060/882/1380 1077/899/1382 1668/915/1383 1667/898/1381
f 1077/899/1382 1094/916/1384 1669/932/1384 1668/915/1383
f 1094/916/1384 1111/933/1385 1670/949/1386 1669/932/1384
f 1111/933/1385 1128/950/1387 1671/966/1387 1670/949/1386
f 1128/950/1387 1145/967/1388 1672/983/1389 1671/966/1387
f 1145/967/1388 1162/984/1390 1673/1000/1390 1672/983/1389
f 1162/984/1390 1179/1001/1391 1674/1017/1391 1673/1000/1390
f 1179/1001/1391 1196/1018/1392 1675/1034/1393 1674/1017/1391
f 1196/1018/1392 1213/1035/1394 1676/1051/1395 1675/1034/1393
f 1213/1035/1394 1230/1052/1396 1677/1068/1397 1676/1051/1395
f 1230/1052/1396 1247/1069/1398 1678/1085/1399 1677/1068/1397
f 1247/1069/1398 1264/1086/1400 1679/1102/1401 1678/1085/1399
f 1264/1086/1400 1281/1103/1402 1680/1119/1403 1679/1102/1401
f 1281/1103/1402 1298/1120/1404 1681/1136/1405 1680/1119/1403
f 1298/1120/1404 1315/1137/1406 1682/1153/1407 1681/1136/1405
f 1315/1137/1406 1332/1154/1408 1683/1170/1409 1682/1153/1407
f 1332/1154/1408 1349/1171/1410 1684/1187/1411 1683/1170/1409
f 1349/1171/1410 1366/1188/1412 1685/1204/1413 1684/1187/1411
f 1366/1188/1412 1383/1205/1414 1686/1221/1415 1685/1204/1413
f 1383/1205/1414 1400/1222/1416 1687/1238/1416 1686/1221/1415
f 1400/1222/1416 1417/1239/1417 1688/1255/1417 1687/1238/1416
f 1417/1239/1417 1434/1256/1418 1689/1272/1418 1688/1255/1417
f 1434/1256/1418 1451/1273/1419 1690/1289/1420 1689/1272/1418
f 1451/1273/1419 1468/1290/1421 1691/1306/1421 1690/1289/1420
f 1468/1290/1421 1485/1307/1422 1692/1323/1423 1691/1306/1421
f 1485/1307/1422 1502/1324/1424 1693/1340/1425 1692/1323/1423
f 1502/1324/1424 1519/1341/1426 1694/1357/1426 1693/1340/1425
f 1519/1341/1426 1536/1358/1427 1695/1374/1427 1694/1357/1426
f 1536/1358/1427 1553/1375/1428 1696/1391/1428 1695/1374/1427
f 1553/1375/1428 1570/1392/1429 1697/1408/1430 1696/1391/1428
f 1570/1392/1429 1587/1409/1431 1698/1425/1432 1697/1408/1430
f 1587/1409/1431 1604/1426/1433 1699/1442/1434 1698/1425/1432
f 1604/1426/1433 1621/1443/1435 1700/1459/1436 1699/1442/1434
f 1621/1443/1435 1638/1460/1437 1701/1476/1437 1700/1459/1436
f 1702/406/1438 1703/407/1439 585/438/1439 568/439/1438
f 1703/407/1439 1704/440/1440 602/456/1441 585/438/1439
f 1704/440/1440 1705/457/1442 619/473/1442 602/456/1441
f 1705/457/1442 1706/474/1443 636/490/1443 619/473/1442
f 1706/474/1443 1707/491/1444 653/507/1445 636/490/1443
f 1707/491/1444 1708/508/1446 670/524/1446 653/507/1445
f 1708/508/1446 1709/525/1447 687/541/1448 670/524/1446
f 1709/525/1447 1710/542/1449 704/558/1449 687/541/1448
f 1710/542/1449 1711/559/1450 721/575/1450 704/558/1449
f 1711/559/1450 1712/576/1451 738/592/1451 721/575/1450
f 1712/576/1451 1713/593/1452 755/609/1452 738/592/1451
f 1713/593/1452 1714/610/1453 772/626/1454 755/609/1452
f 1714/610/1453 1715/627/1455 789/643/1456 772/626/1454
f 1715/627/1455 1716/644/1457 806/660/1457 789/643/1456
f 1716/644/1457 1717/661/1458 823/677/1458 806/660/1457
f 1717/661/1458 1718/678/1459 840/694/1460 823/677/1458
f 1718/678/1459 1719/695/1461 857/711/1461 840/694/1460
f 1719/695/1461 1720/712/1462 874/728/1463 857/711/1461
f 1720/712/1462 1721/729/1464 891/745/1465 874/728/1463
f 1721/729/1464 1722/746/1466 908/762/1467 891/745/1465
f 1722/746/1466 1723/763/1468 925/779/1469 908/762/1467
f 1723/763/1468 1724/780/1470 942/796/1471 925/779/1469
f 1724/780/1470 1725/797/1472 959/813/1472 942/796/1471
f 1725/797/1472 1726/814/1473 976/830/1473 959/813/1472
f 1726/814/1473 1727/831/1474 993/847/1475 976/830/1473
f 1727/831/1474 1728/848/1476 1010/864/1477 993/847/1475
f 1728/848/1476 1729/865/1478 1027/881/1478 1010/864/1477
f 1729/865/1478 1730/882/1479 1044/898/1480 1027/881/1478
f 1730/882/1479 1731/899/1481 1061/915/1482 1044/898/1480
f 1731/899/1481 1732/916/1483 1078/932/1483 1061/915/1482
f 1732/916/1483 1733/933/1484 1095/949/1485 1078/932/1483
f 1733/933/1484 1734/950/1486 1112/966/1487 1095/949/1485
f 1734/950/1486 1735/967/1488 1129/983/1488 1112/966/1487
f 1735/967/1488 1736/984/1489 1146/1000/1490 1129/983/1488
f 1736/984/1489 1737/1001/1491 1163/1017/1492 1146/1000/1490
f 1737/1001/1491 1738/1018/1493 1180/1034/1493 1163/1017/1492
f 1738/1018/1493 1739/1035/1494 1197/1051/1494 1180/1034/1493
f 1739/1035/1494 1740/1052/1495 1214/1068/1496 1197/1051/1494
f 1740/1052/1495 1741/1069/1497 1231/1085/1498 1214/1068/1496
f 1741/1069/1497 1742/1086/1499 1248/1102/1499 1231/1085/1498
f 1742/1086/1499 1743/1103/1500 1265/1119/1501 1248/1102/1499
f 1743/1103/1500 1744/1120/1502 1282/1136/1503 1265/1119/1501
f 1744/1120/1502 1745/1137/1504 1299/1153/1505 1282/1136/1503
f 1745/1137/1504 1746/1154/1506 1316/1170/1507 1299/1153/1505
f 1746/1154/1506 1747/1171/1508 1333/1187/1509 1316/1170/1507
f 1747/1171/1508 1748/1188/1510 1350/1204/1510 1333/1187/1509
f 1748/1188/1510 1749/1205/1511 1367/1221/1512 1350/1204/1510
f 1749/1205/1511 1750/1222/1513 1384/1238/1514 1367/1221/1512
f 1750/1222/1513 1751/1239/1515 1401/1255/1516 1384/1238/1514
f 1751/1239/1515 1752/1256/1517 1418/1272/1518 1401/1255/1516
f 1752/1256/1517 1753/1273/1519 1435/1289/1520 1418/1272/1518
f 1753/1273/1519 1754/1290/1521 1452/1306/1522 1435/1289/1520
f 1754/1290/1521 1755/1307/1523 1469/1323/1524 1452/1306/1522
f 1755/1307/1523 1756/1324/1525 1486/1340/1526 1469/1323/1524
f 1756/1324/1525 1757/1341/1527 1503/1357/1527 1486/1340/1526
f 1757/1341/1527 1758/1358/1528 1520/1374/1529 1503/1357/1527
f 1758/1358/1528 1759/1375/1530 1537/1391/1531 1520/1374/1529
f 1759/1375/1530 1760/1392/1532 1554/1408/1533 1537/1391/1531
f 1760/1392/1532 1761/1409/1534 1571/1425/1535 1554/1408/1533
f 1761/1409/1534 1762/1426/1536 1588/1442/1537 1571/1425/1535
f 1762/1426/1536 1763/1443/1538 1605/1459/1539 1588/1442/1537
f 1763/1443/1538 1764/1460/1540 1622/1476/1540 1605/1459/1539
o MXTRoadSegment.019_PreviewMesh
v -1817.952271 -789.205750 105.213890
v -1839.081909 -788.352905 83.934631
v -1860.211670 -787.500000 62.655365
v -1881.341431 -786.647095 41.376102
v -1902.471069 -785.794250 20.096836
v -1817.719238 -809.003235 104.493492
v -1838.848877 -808.150391 83.214226
v -1859.978638 -807.297485 61.934956
v -1881.108398 -806.444580 40.655685
v -1902.238037 -805.591736 19.376415
v -1817.272949 -829.039490 103.598061
v -1838.402588 -828.186584 82.318787
v -1859.532349 -827.333679 61.039516
v -1880.662109 -826.480774 39.760242
v -1901.791748 -825.627869 18.480970
v -1816.525513 -849.007568 102.465500
v -1837.655151 -848.154663 81.186226
v -1858.784912 -847.301758 59.906956
v -1879.914673 -846.448853 38.627682
v -1901.044312 -845.595947 17.348410
v -1815.346069 -868.891968 100.991386
v -1836.475708 -868.039062 79.712112
v -1857.605469 -867.186157 58.432842
v -1878.735229 -866.333252 37.153572
v -1899.864868 -865.480347 15.874299
v -1813.597412 -888.662537 99.066948
v -1834.727051 -887.809631 77.787682
v -1855.856812 -886.956726 56.508411
v -1876.986572 -886.103821 35.229141
v -1898.116211 -885.250916 13.949874
v -1811.133667 -908.270020 96.576714
v -1832.263306 -907.417175 75.297447
v -1853.393066 -906.564270 54.018181
v -1874.522827 -905.711365 32.738914
v -1895.652466 -904.858521 11.459649
v -1807.798340 -927.638428 93.397957
v -1828.927979 -926.785583 72.118690
v -1850.057739 -925.932678 50.839428
v -1871.187500 -925.079773 29.560163
v -1892.317139 -924.226929 8.280900
v -1803.431030 -946.662048 89.405083
v -1824.560791 -945.809204 68.125824
v -1845.690552 -944.956299 46.846558
v -1866.820312 -944.103394 25.567295
v -1887.950073 -943.250549 4.288031
v -1798.080322 -965.518311 84.625717
v -1819.210083 -964.665466 63.346455
v -1840.339844 -963.812561 42.067192
v -1861.469604 -962.959656 20.787931
v -1882.599365 -962.106812 -0.491331
v -1791.987183 -983.929199 79.259781
v -1813.116943 -983.076355 57.980515
v -1834.246704 -982.223450 36.701252
v -1855.376465 -981.370544 15.421989
v -1876.506226 -980.517700 -5.857274
v -1785.206055 -1001.873962 73.356079
v -1806.335815 -1001.021118 52.076817
v -1827.465576 -1000.168213 30.797554
v -1848.595337 -999.315308 9.518291
v -1869.725098 -998.462463 -11.760973
v -1777.774536 -1019.326904 66.949463
v -1798.904297 -1018.474060 45.670200
v -1820.034058 -1017.621155 24.390938
v -1841.163818 -1016.768250 3.111675
v -1862.293579 -1015.915405 -18.167589
v -1769.715210 -1036.255981 60.063194
v -1790.844849 -1035.403076 38.783928
v -1811.974609 -1034.550171 17.504663
v -1833.104370 -1033.697266 -3.774601
v -1854.234009 -1032.844360 -25.053865
v -1761.038818 -1052.618164 52.711304
v -1782.168579 -1051.765259 31.432041
v -1803.298340 -1050.912354 10.152779
v -1824.428101 -1050.059448 -11.126484
v -1845.557861 -1049.206543 -32.405746
v -1751.745361 -1068.357178 44.899864
v -1772.875122 -1067.504272 23.620600
v -1794.004883 -1066.651367 2.341336
v -1815.134644 -1065.798462 -18.937927
v -1836.264404 -1064.945557 -40.217190
v -1741.810181 -1083.421997 36.614117
v -1762.939941 -1082.569092 15.334854
v -1784.069702 -1081.716187 -5.944409
v -1805.199463 -1080.863281 -27.223673
v -1826.329224 -1080.010376 -48.502937
v -1731.079468 -1097.991333 27.706148
v -1752.209229 -1097.138428 6.426886
v -1773.338989 -1096.285522 -14.852377
v -1794.468750 -1095.432617 -36.131641
v -1815.598511 -1094.579712 -57.410904
v -1719.801147 -1111.791870 18.379826
v -1740.930786 -1110.938965 -2.899439
v -1762.060547 -1110.086060 -24.178703
v -1783.190308 -1109.233154 -45.457966
v -1804.319946 -1108.380249 -66.737228
v -1708.026489 -1124.831299 8.686517
v -1729.156250 -1123.978394 -12.592746
v -1750.286011 -1123.125488 -33.872009
v -1771.415771 -1122.272583 -55.151272
v -1792.545532 -1121.419678 -76.430534
v -1695.793945 -1137.104736 -1.333699
v -1716.923706 -1136.251831 -22.612961
v -1738.053467 -1135.398926 -43.892223
v -1759.183228 -1134.546021 -65.171486
v -1780.312988 -1133.693115 -86.450745
v -1683.130615 -1148.593140 -11.648616
v -1704.260376 -1147.740234 -32.927879
v -1725.390137 -1146.887329 -54.207142
v -1746.519897 -1146.034424 -75.486404
v -1767.649658 -1145.181519 -96.765671
v -1670.054565 -1159.263184 -22.232615
v -1691.184326 -1158.410278 -43.511875
v -1712.314087 -1157.557373 -64.791138
v -1733.443848 -1156.704468 -86.070396
v -1754.573608 -1155.851562 -107.349663
v -1656.579590 -1169.062500 -33.062279
v -1677.709351 -1168.209595 -54.341541
v -1698.839111 -1167.356689 -75.620804
v -1719.968872 -1166.503784 -96.900070
v -1741.098633 -1165.650879 -118.179329
v -1642.674072 -1177.945923 -44.153698
v -1663.803833 -1177.093018 -65.432961
v -1684.933594 -1176.240112 -86.712227
v -1706.063354 -1175.387207 -107.991493
v -1727.193115 -1174.534302 -129.270752
v -1628.195679 -1185.979614 -55.657524
v -1649.325439 -1185.126709 -76.936783
v -1670.455200 -1184.273804 -98.216049
v -1691.584961 -1183.420898 -119.495316
v -1712.714722 -1182.567993 -140.774582
v -1613.435059 -1193.051514 -67.341965
v -1634.564819 -1192.198608 -88.621223
v -1655.694580 -1191.345703 -109.900490
v -1676.824341 -1190.492798 -131.179749
v -1697.954102 -1189.639893 -152.459015
v -1598.435181 -1199.194702 -79.160484
v -1619.564819 -1198.341797 -100.439743
v -1640.694580 -1197.488892 -121.719009
v -1661.824341 -1196.635986 -142.998276
v -1682.953979 -1195.783081 -164.277542
v -1583.229126 -1204.423218 -91.073418
v -1604.358887 -1203.570312 -112.352676
v -1625.488647 -1202.717407 -133.631943
v -1646.618408 -1201.864502 -154.911209
v -1667.748169 -1201.011597 -176.190475
v -1567.844482 -1208.734375 -103.045143
v -1588.974243 -1207.881470 -124.324402
v -1610.104004 -1207.028564 -145.603668
v -1631.233765 -1206.175659 -166.882935
v -1652.363525 -1205.322754 -188.162201
v -1552.306396 -1212.107422 -115.040306
v -1573.436157 -1211.254517 -136.319565
v -1594.565918 -1210.401611 -157.598831
v -1615.695679 -1209.548706 -178.878098
v -1636.825439 -1208.695801 -200.157364
v -1536.639038 -1214.502441 -127.022026
v -1557.768799 -1213.649536 -148.301285
v -1578.898560 -1212.796631 -169.580551
v -1600.028320 -1211.943726 -190.859818
v -1621.158081 -1211.090820 -212.139084
v -1520.802124 -1215.865845 -139.010147
v -1541.931885 -1215.012939 -160.289398
v -1563.061646 -1214.160034 -181.568665
v -1584.191406 -1213.307129 -202.847931
v -1605.321167 -1212.454224 -224.127182
v -1504.699097 -1216.184448 -151.127563
v -1525.828857 -1215.331543 -172.406830
v -1546.958618 -1214.478638 -193.686096
v -1568.088379 -1213.625732 -214.965363
v -1589.218140 -1212.772827 -236.244629
v -1488.608765 -1215.500732 -163.161346
v -1509.738403 -1214.647827 -184.440613
v -1530.868164 -1213.794922 -205.719879
v -1551.997925 -1212.942017 -226.999146
v -1573.127563 -1212.089111 -248.278412
v -1472.558716 -1213.866333 -175.075821
v -1493.688354 -1213.013428 -196.355087
v -1514.818115 -1212.160522 -217.634354
v -1535.947876 -1211.307617 -238.913620
v -1557.077515 -1210.454712 -260.192871
v -1456.574219 -1211.312256 -186.836777
v -1477.703857 -1210.459351 -208.116043
v -1498.833618 -1209.606445 -229.395309
v -1519.963379 -1208.753540 -250.674576
v -1541.093018 -1207.900635 -271.953827
v -1440.681519 -1207.851685 -198.407639
v -1461.811157 -1206.998779 -219.686905
v -1482.940918 -1206.145874 -240.966171
v -1504.070679 -1205.292969 -262.245422
v -1525.200317 -1204.440063 -283.524689
v -1424.907104 -1203.479980 -209.749451
v -1446.036743 -1202.627075 -231.028717
v -1467.166504 -1201.774170 -252.307983
v -1488.296265 -1200.921265 -273.587250
v -1509.425903 -1200.068359 -294.866516
v -1409.284058 -1198.176758 -220.815033
v -1430.413696 -1197.323853 -242.094299
v -1451.543457 -1196.470947 -263.373566
v -1472.673218 -1195.618042 -284.652832
v -1493.802856 -1194.765137 -305.932098
v -1393.769531 -1191.867065 -231.622314
v -1414.899170 -1191.014160 -252.901581
v -1436.028931 -1190.161255 -274.180847
v -1457.158691 -1189.308350 -295.460114
v -1478.288330 -1188.455444 -316.739380
v -1378.320923 -1184.502319 -242.258545
v -1399.450562 -1183.649414 -263.537811
v -1420.580322 -1182.796509 -284.817078
v -1441.710083 -1181.943604 -306.096344
v -1462.839722 -1181.090698 -327.375610
v -1363.166382 -1176.245728 -252.562134
v -1384.296021 -1175.392822 -273.841400
v -1405.425781 -1174.539917 -295.120667
v -1426.555542 -1173.687012 -316.399933
v -1447.685181 -1172.834106 -337.679199
v -1348.316650 -1167.159912 -262.512238
v -1369.446289 -1166.307007 -283.791504
v -1390.576050 -1165.454102 -305.070770
v -1411.705811 -1164.601196 -326.350037
v -1432.835449 -1163.748291 -347.629303
v -1333.785645 -1157.288696 -272.083435
v -1354.915405 -1156.435791 -293.362701
v -1376.045166 -1155.582886 -314.641968
v -1397.174927 -1154.729980 -335.921234
v -1418.304688 -1153.877075 -357.200500
v -1319.593140 -1146.659790 -281.243866
v -1340.722900 -1145.806885 -302.523132
v -1361.852661 -1144.953979 -323.802399
v -1382.982422 -1144.101074 -345.081665
v -1404.112183 -1143.248169 -366.360931
v -1305.764771 -1135.286377 -289.954498
v -1326.894531 -1134.433472 -311.233765
v -1348.024292 -1133.580566 -332.513031
v -1369.154053 -1132.727661 -353.792297
v -1390.283813 -1131.874756 -375.071564
v -1292.335571 -1123.169922 -298.165314
v -1313.465332 -1122.317017 -319.444580
v -1334.595093 -1121.464111 -340.723846
v -1355.724854 -1120.611206 -362.003113
v -1376.854614 -1119.758301 -383.282379
v -1279.274536 -1110.212402 -305.879669
v -1300.404297 -1109.359497 -327.158936
v -1321.534058 -1108.506592 -348.438202
v -1342.663818 -1107.653687 -369.717468
v -1363.793579 -1106.800781 -390.996735
v -1266.581787 -1096.362061 -313.156494
v -1287.711548 -1095.509155 -334.435760
v -1308.841309 -1094.656250 -355.715027
v -1329.971069 -1093.803345 -376.994293
v -1351.100830 -1092.950439 -398.273560
v -1254.414917 -1081.861206 -319.904388
v -1275.544556 -1081.008301 -341.183655
v -1296.674316 -1080.155396 -362.462921
v -1317.804077 -1079.302490 -383.742188
v -1338.933716 -1078.449585 -405.021454
v -1242.765015 -1066.774536 -326.118896
v -1263.894775 -1065.921631 -347.398163
v -1285.024536 -1065.068726 -368.677429
v -1306.154297 -1064.215820 -389.956696
v -1327.284058 -1063.362915 -411.235962
v -1231.632935 -1051.152588 -331.786255
v -1252.762695 -1050.299683 -353.065521
v -1273.892456 -1049.446777 -374.344788
v -1295.022217 -1048.593872 -395.624054
v -1316.151978 -1047.740967 -416.903320
v -1221.029175 -1035.033691 -336.883209
v -1242.158936 -1034.180786 -358.162476
v -1263.288696 -1033.327881 -379.441742
v -1284.418457 -1032.474976 -400.721008
v -1305.548218 -1031.622070 -422.000275
v -1210.973877 -1018.448792 -341.375519
v -1232.103516 -1017.595947 -362.654785
v -1253.233276 -1016.743042 -383.934052
v -1274.363037 -1015.890137 -405.213318
v -1295.492676 -1015.037292 -426.492584
v -1201.498901 -1001.420715 -345.216400
v -1222.628540 -1000.567871 -366.495667
v -1243.758301 -999.714966 -387.774933
v -1264.888062 -998.862061 -409.054199
v -1286.017700 -998.009216 -430.333466
v -1192.595947 -983.836914 -348.384735
v -1213.725586 -982.984070 -369.664001
v -1234.855347 -982.131165 -390.943268
v -1255.985107 -981.278259 -412.222534
v -1277.114746 -980.425415 -433.501801
v -1184.293457 -965.660767 -350.922272
v -1205.423218 -964.807922 -372.201538
v -1226.552979 -963.955017 -393.480804
v -1247.682739 -963.102112 -414.760071
v -1268.812500 -962.249268 -436.039337
v -1176.667358 -947.167725 -352.816315
v -1197.796997 -946.314880 -374.095581
v -1218.926758 -945.461975 -395.374847
v -1240.056519 -944.609070 -416.654114
v -1261.186157 -943.756226 -437.933380
v -1169.691162 -928.416870 -354.077881
v -1190.820801 -927.564026 -375.357147
v -1211.950562 -926.711121 -396.636414
v -1233.080322 -925.858215 -417.915680
v -1254.209961 -925.005371 -439.194946
v -1163.351929 -909.458618 -354.706024
v -1184.481689 -908.605774 -375.985291
v -1205.611450 -907.752869 -397.264557
v -1226.741211 -906.899963 -418.543823
v -1247.870972 -906.047119 -439.823090
v -1157.648682 -890.337830 -354.688354
v -1178.778320 -889.484985 -375.967621
v -1199.908081 -888.632080 -397.246887
v -1221.037842 -887.779175 -418.526154
v -1242.167480 -886.926331 -439.805420
v -1152.591431 -871.096252 -354.000397
v -1173.721191 -870.243408 -375.279663
v -1194.850952 -869.390503 -396.558929
v -1215.980713 -868.537598 -417.838196
v -1237.110474 -867.684753 -439.117462
v -1148.204346 -851.777771 -352.604279
v -1169.333984 -850.924927 -373.883545
v -1190.463745 -850.072021 -395.162811
v -1211.593506 -849.219116 -416.442078
v -1232.723145 -848.366272 -437.721344
v -1144.508301 -832.269714 -350.448914
v -1165.638062 -831.416870 -371.728180
v -1186.767822 -830.563965 -393.007446
v -1207.897583 -829.711060 -414.286713
v -1229.027344 -828.858215 -435.565979
v -1141.546143 -812.557678 -347.570404
v -1162.675781 -811.704834 -368.849670
v -1183.805542 -810.851929 -390.128937
v -1204.935303 -809.999023 -411.408203
v -1226.064941 -809.146179 -432.687469
v -1139.310547 -792.906982 -344.031769
v -1160.440308 -792.054138 -365.311035
v -1181.570068 -791.201233 -386.590302
v -1202.699829 -790.348328 -407.869568
v -1223.829590 -789.495483 -429.148834
v -1137.762207 -773.364075 -339.857483
v -1158.891968 -772.511230 -361.136749
v -1180.021729 -771.658325 -382.416016
v -1201.151489 -770.805420 -403.695282
v -1222.281250 -769.952576 -424.974548
v -1136.874512 -753.971436 -335.058655
v -1158.004272 -753.118591 -356.337921
v -1179.134033 -752.265686 -377.617188
v -1200.263794 -751.412781 -398.896454
v -1221.393555 -750.559937 -420.175720
v -1136.634521 -734.773193 -329.634644
v -1157.764282 -733.920349 -350.913910
v -1178.894043 -733.067444 -372.193176
v -1200.023804 -732.214539 -393.472443
v -1221.153564 -731.361694 -414.751709
v -1137.040649 -715.817627 -323.573242
v -1158.170288 -714.964783 -344.852509
v -1179.300049 -714.111877 -366.131775
v -1200.429810 -713.258972 -387.411041
v -1221.559448 -712.406128 -408.690308
v -1138.103271 -697.163452 -316.851135
v -1159.233032 -696.310608 -338.130402
v -1180.362793 -695.457703 -359.409668
v -1201.492554 -694.604797 -380.688934
v -1222.622314 -693.751953 -401.968201
v -1139.875854 -678.714417 -309.386597
v -1161.005615 -677.861572 -330.665863
v -1182.135376 -677.008667 -351.945129
v -1203.265137 -676.155762 -373.224396
v -1224.394897 -675.302917 -394.503662
v -1142.399048 -660.479553 -301.221313
v -1163.528809 -659.626709 -322.500580
v -1184.658569 -658.773804 -343.779846
v -1205.788330 -657.920898 -365.059113
v -1226.918091 -657.068054 -386.338379
v -1145.595581 -642.675964 -292.481659
v -1166.725342 -641.823120 -313.760925
v -1187.855103 -640.970215 -335.040192
v -1208.984863 -640.117310 -356.319458
v -1230.114624 -639.264465 -377.598724
v -1149.415283 -625.328674 -283.200867
v -1170.545044 -624.475830 -304.480133
v -1191.674805 -623.622925 -325.759399
v -1212.804565 -622.770020 -347.038666
v -1233.934326 -621.917175 -368.317932
v -1153.822510 -608.466980 -273.399414
v -1174.952271 -607.614136 -294.678680
v -1196.082031 -606.761230 -315.957947
v -1217.211792 -605.908325 -337.237213
v -1238.341553 -605.055481 -358.516479
v -1158.793091 -592.128967 -263.087921
v -1179.922729 -591.276123 -284.367188
v -1201.052490 -590.423218 -305.646454
v -1222.182251 -589.570312 -326.925720
v -1243.311890 -588.717468 -348.204987
v -1164.312744 -576.363831 -252.268066
v -1185.442383 -575.510986 -273.547333
v -1206.572144 -574.658081 -294.826599
v -1227.701904 -573.805176 -316.105865
v -1248.831543 -572.952332 -337.385132
v -1170.376709 -561.233765 -240.932770
v -1191.506470 -560.380920 -262.212036
v -1212.636230 -559.528015 -283.491302
v -1233.765991 -558.675110 -304.770569
v -1254.895752 -557.822266 -326.049835
v -1177.068481 -546.675720 -228.972778
v -1198.198120 -545.822815 -250.252045
v -1219.327881 -544.969910 -271.531311
v -1240.457642 -544.117004 -292.810577
v -1261.587280 -543.264099 -314.089844
v -1184.409546 -532.719788 -216.450836
v -1205.539307 -531.866943 -237.730103
v -1226.669067 -531.014038 -259.009369
v -1247.798828 -530.161133 -280.288635
v -1268.928589 -529.308289 -301.567902
v -1192.273438 -519.500427 -203.532013
v -1213.403076 -518.647583 -224.811279
v -1234.532837 -517.794678 -246.090546
v -1255.662598 -516.941772 -267.369812
v -1276.792236 -516.088928 -288.649078
v -1200.606323 -507.019135 -190.252960
v -1221.735962 -506.166229 -211.532227
v -1242.865723 -505.313354 -232.811493
v -1263.995483 -504.460480 -254.090759
v -1285.125122 -503.607574 -275.370026
v -1209.366821 -495.288422 -176.639908
v -1230.496460 -494.435547 -197.919174
v -1251.626221 -493.582642 -219.198441
v -1272.755981 -492.729736 -240.477707
v -1293.885620 -491.876862 -261.756958
v -1218.523560 -484.333984 -162.711319
v -1239.653320 -483.481079 -183.990585
v -1260.783081 -482.628204 -205.269852
v -1281.912842 -481.775330 -226.549118
v -1303.042603 -480.922424 -247.828384
v -1228.050415 -474.198212 -148.482269
v -1249.180176 -473.345306 -169.761536
v -1270.309937 -472.492432 -191.040802
v -1291.439697 -471.639557 -212.320068
v -1312.569458 -470.786652 -233.599335
v -1237.926880 -464.940979 -133.963608
v -1259.056519 -464.088074 -155.242874
v -1280.186279 -463.235199 -176.522141
v -1301.316040 -462.382324 -197.801407
v -1322.445679 -461.529419 -219.080673
v -1248.264404 -456.545166 -119.020599
v -1269.394043 -455.692261 -140.299866
v -1290.523804 -454.839386 -161.579132
v -1311.653564 -453.986511 -182.858398
v -1332.783203 -453.133606 -204.137665
v -1259.043335 -449.046234 -103.757996
v -1280.172974 -448.193329 -125.037262
v -1301.302734 -447.340454 -146.316528
v -1322.432495 -446.487579 -167.595795
v -1343.562134 -445.634674 -188.875061
v -1270.119019 -442.478790 -88.344307
v -1291.248779 -441.625885 -109.623566
v -1312.378540 -440.773010 -130.902832
v -1333.508301 -439.920135 -152.182098
v -1354.638062 -439.067230 -173.461365
v -1281.441895 -436.820343 -72.812698
v -1302.571655 -435.967468 -94.091957
v -1323.701416 -435.114563 -115.371223
v -1344.831177 -434.261658 -136.650482
v -1365.960938 -433.408783 -157.929749
v -1292.970947 -432.065399 -57.190990
v -1314.100586 -431.212524 -78.470253
v -1335.230347 -430.359619 -99.749519
v -1356.360107 -429.506714 -121.028786
v -1377.489746 -428.653839 -142.308044
v -1304.669067 -428.225281 -41.503799
v -1325.798828 -427.372375 -62.783062
v -1346.928589 -426.519501 -84.062325
v -1368.058350 -425.666626 -105.341583
v -1389.188110 -424.813721 -126.620850
v -1316.502319 -425.329132 -25.776184
v -1337.632080 -424.476227 -47.055447
v -1358.761841 -423.623352 -68.334709
v -1379.891602 -422.770477 -89.613968
v -1401.021362 -421.917572 -110.893234
v -1328.436279 -423.425629 -10.035398
v -1349.566040 -422.572754 -31.314661
v -1370.695801 -421.719849 -52.593925
v -1391.825562 -420.866943 -73.873192
v -1412.955322 -420.014069 -95.152451
v -1340.608887 -422.563965 5.876195
v -1361.738647 -421.711060 -15.403068
v -1382.868408 -420.858185 -36.682331
v -1403.998169 -420.005310 -57.961594
v -1425.127930 -419.152405 -79.240860
v -1352.935303 -422.740906 21.791595
v -1374.065063 -421.888031 0.512332
v -1395.194824 -421.035126 -20.766932
v -1416.324585 -420.182220 -42.046196
v -1437.454346 -419.329346 -63.325459
v -1365.291138 -423.901093 37.578247
v -1386.420898 -423.048187 16.298986
v -1407.550659 -422.195312 -4.980278
v -1428.680420 -421.342438 -26.259541
v -1449.810181 -420.489532 -47.538803
v -1377.638428 -426.002563 53.213055
v -1398.768188 -425.149658 31.933792
v -1419.897949 -424.296783 10.654530
v -1441.027710 -423.443909 -10.624734
v -1462.157471 -422.591003 -31.903997
v -1389.940674 -429.022705 68.670876
v -1411.070312 -428.169800 47.391613
v -1432.200073 -427.316925 26.112347
v -1453.329834 -426.464050 4.833081
v -1474.459473 -425.611145 -16.446184
v -1402.161377 -432.956818 83.925056
v -1423.291016 -432.103912 62.645794
v -1444.420776 -431.251038 41.366528
v -1465.550537 -430.398163 20.087263
v -1486.680176 -429.545258 -1.192003
v -1414.261719 -437.817413 98.943291
v -1435.391357 -436.964508 77.664024
v -1456.521118 -436.111633 56.384762
v -1477.650879 -435.258759 35.105499
v -1498.780518 -434.405853 13.826233
v -1426.196655 -443.634644 113.685089
v -1447.326294 -442.781738 92.405823
v -1468.456055 -441.928864 71.126556
v -1489.585815 -441.075989 49.847290
v -1510.715454 -440.223083 28.568026
v -1438.122681 -450.553925 128.320206
v -1459.252319 -449.701019 107.040939
v -1480.382080 -448.848145 85.761673
v -1501.511841 -447.995270 64.482407
v -1522.641479 -447.142365 43.203144
v -1449.879761 -458.453857 142.618454
v -1471.009399 -457.600952 121.339188
v -1492.139160 -456.748077 100.059921
v -1513.268921 -455.895203 78.780655
v -1534.398560 -455.042297 57.501392
v -1461.401733 -467.233826 156.518555
v -1482.531372 -466.380920 135.239288
v -1503.661133 -465.528046 113.960030
v -1524.790894 -464.675171 92.680763
v -1545.920532 -463.822266 71.401497
v -1472.665161 -476.839844 170.009323
v -1493.794800 -475.986938 148.730057
v -1514.924561 -475.134064 127.450798
v -1536.054321 -474.281189 106.171532
v -1557.183960 -473.428284 84.892273
v -1483.642578 -487.235596 183.071960
v -1504.772339 -486.382690 161.792694
v -1525.902100 -485.529816 140.513428
v -1547.031860 -484.676941 119.234161
v -1568.161621 -483.824036 97.954903
v -1494.302490 -498.400665 195.680664
v -1515.432251 -497.547760 174.401398
v -1536.562012 -496.694885 153.122131
v -1557.691772 -495.842010 131.842865
v -1578.821533 -494.989105 110.563606
v -1504.606445 -510.329590 207.800491
v -1525.736084 -509.476685 186.521225
v -1546.865845 -508.623810 165.241959
v -1567.995605 -507.770935 143.962692
v -1589.125244 -506.918030 122.683426
v -1514.504272 -523.027893 219.381821
v -1535.634033 -522.175049 198.102554
v -1556.763794 -521.322144 176.823288
v -1577.893555 -520.469238 155.544022
v -1599.023315 -519.616394 134.264755
v -1524.135254 -536.754944 230.568909
v -1545.265015 -535.902039 209.289642
v -1566.394775 -535.049133 188.010376
v -1587.524536 -534.196228 166.731110
v -1608.654297 -533.343323 145.451843
v -1533.318481 -551.206848 241.137451
v -1554.448242 -550.353943 219.858200
v -1575.578003 -549.501038 198.578934
v -1596.707764 -548.648132 177.299667
v -1617.837524 -547.795227 156.020416
v -1542.047363 -566.295044 251.090424
v -1563.177002 -565.442200 229.811157
v -1584.306763 -564.589294 208.531891
v -1605.436523 -563.736389 187.252625
v -1626.566162 -562.883545 165.973358
v -1550.314453 -581.959167 260.428528
v -1571.444214 -581.106323 239.149261
v -1592.573975 -580.253418 217.869995
v -1613.703735 -579.400513 196.590729
v -1634.833496 -578.547668 175.311462
v -1558.106689 -598.155762 269.143036
v -1579.236328 -597.302917 247.863785
v -1600.366089 -596.450012 226.584518
v -1621.495850 -595.597107 205.305252
v -1642.625488 -594.744263 184.025986
v -1565.401123 -614.851685 277.213104
v -1586.530884 -613.998840 255.933853
v -1607.660645 -613.145935 234.654587
v -1628.790405 -612.293030 213.375320
v -1649.920166 -611.440186 192.096054
v -1572.164062 -632.020447 284.603546
v -1593.293701 -631.167603 263.324280
v -1614.423462 -630.314697 242.045029
v -1635.553223 -629.461792 220.765762
v -1656.682861 -628.608948 199.486496
v -1578.347534 -649.649292 291.261688
v -1599.477173 -648.796448 269.982422
v -1620.606934 -647.943542 248.703156
v -1641.736694 -647.090637 227.423889
v -1662.866333 -646.237793 206.144623
v -1583.853760 -668.066528 297.043793
v -1604.983521 -667.213684 275.764526
v -1626.113281 -666.360779 254.485275
v -1647.243042 -665.507874 233.206009
v -1668.372803 -664.655029 211.926743
v -1588.607300 -686.976318 301.867950
v -1609.737061 -686.123474 280.588684
v -1630.866821 -685.270569 259.309418
v -1651.996582 -684.417664 238.030151
v -1673.126343 -683.564819 216.750885
v -1592.719116 -706.216675 305.880219
v -1613.848877 -705.363831 284.600952
v -1634.978638 -704.510925 263.321686
v -1656.108398 -703.658020 242.042419
v -1677.238159 -702.805176 220.763153
v -1596.302246 -725.666016 309.227417
v -1617.432007 -724.813171 287.948151
v -1638.561768 -723.960266 266.668884
v -1659.691528 -723.107361 245.389618
v -1680.821289 -722.254517 224.110367
v -1599.468018 -745.236755 312.050995
v -1620.597778 -744.383850 290.771729
v -1641.727539 -743.530945 269.492462
v -1662.857300 -742.678040 248.213196
v -1683.987061 -741.825134 226.933945
v -1602.322876 -764.867371 314.485931
v -1623.452637 -764.014526 293.206665
v -1644.582397 -763.161621 271.927399
v -1665.712158 -762.308716 250.648132
v -1686.841919 -761.455872 229.368881
v -1604.969604 -784.511963 316.661682
v -1626.099365 -783.659119 295.382416
v -1647.229126 -782.806213 274.103149
v -1668.358887 -781.953308 252.823883
v -1689.488647 -781.100464 231.544632
v -1606.654907 -797.734558 318.006500
v -1627.784546 -796.881714 296.727234
v -1648.914307 -796.028809 275.447968
v -1670.044067 -795.175903 254.168701
v -1691.173706 -794.323059 232.889435
v -1897.698730 -786.208313 15.341332
v -1897.450195 -805.671265 14.619030
v -1897.000366 -825.370056 13.733538
v -1896.261230 -845.002808 12.622688
v -1895.101929 -864.553711 11.181958
v -1893.385254 -883.992615 9.302601
v -1890.965454 -903.270325 6.869221
v -1887.686157 -922.310974 3.759224
v -1883.387207 -941.009644 -0.152885
v -1878.116943 -959.544739 -4.839524
v -1872.114502 -977.645264 -10.102906
v -1865.434326 -995.289673 -15.894411
v -1858.113647 -1012.451660 -22.179281
v -1850.175049 -1029.098755 -28.934221
v -1841.629883 -1045.187744 -36.145027
v -1832.477783 -1060.661987 -43.805397
v -1822.694946 -1075.470215 -51.929626
v -1812.127197 -1089.792358 -60.665825
v -1801.018555 -1103.360962 -69.814354
v -1789.420288 -1116.182861 -79.323807
v -1777.370972 -1128.252686 -89.154030
v -1764.897583 -1139.550903 -99.272667
v -1752.018677 -1150.044189 -109.653854
v -1738.748169 -1159.680054 -120.273888
v -1725.055176 -1168.413330 -131.148300
v -1710.795898 -1176.311523 -142.429077
v -1696.256592 -1183.265259 -153.889023
v -1681.480225 -1189.306885 -165.481430
v -1666.500488 -1194.450073 -177.166367
v -1651.344727 -1198.691895 -188.908005
v -1636.038574 -1202.011475 -200.670731
v -1620.606445 -1204.369141 -212.417374
v -1605.008667 -1205.711548 -224.167206
v -1589.146240 -1206.026123 -236.045517
v -1573.293823 -1205.355225 -247.843506
v -1557.479492 -1203.749878 -259.525116
v -1541.728638 -1201.240967 -271.055817
v -1526.067871 -1197.841431 -282.398773
v -1510.524048 -1193.546875 -293.514801
v -1495.130249 -1188.337280 -304.356476
v -1479.844238 -1182.138184 -314.941223
v -1464.620605 -1174.900024 -325.359192
v -1449.684082 -1166.783813 -335.451935
v -1435.045776 -1157.851929 -345.198212
v -1420.720215 -1148.148315 -354.572205
v -1406.727173 -1137.700562 -363.541840
v -1393.092651 -1126.522095 -372.067902
v -1379.851562 -1114.614868 -380.100281
v -1366.973511 -1101.881836 -387.641968
v -1354.455688 -1088.268188 -394.754517
v -1342.453491 -1074.012939 -401.348602
v -1330.958862 -1059.180786 -407.419281
v -1319.972534 -1043.822388 -412.952454
v -1309.505371 -1027.976318 -417.924683
v -1299.577515 -1011.673767 -422.301666
v -1290.221069 -994.938110 -426.036591
v -1281.427612 -977.657837 -429.108337
v -1273.223999 -959.791809 -431.560303
v -1265.684570 -941.611572 -433.380646
v -1258.783813 -923.176453 -434.579956
v -1252.508911 -904.537231 -435.157104
v -1246.858765 -885.739014 -435.099548
v -1241.843750 -866.823914 -434.382843
v -1237.487549 -847.836182 -432.969238
v -1233.811157 -828.664307 -430.807922
v -1230.856567 -809.288330 -427.935272
v -1228.616943 -789.969849 -424.414062
v -1227.052979 -770.755737 -420.268463
v -1226.138306 -751.688904 -415.509430
v -1225.860107 -732.813782 -410.136353
v -1226.216553 -714.179016 -404.137085
v -1227.218018 -695.843567 -397.488586
v -1228.917114 -677.712158 -390.109711
v -1231.355835 -659.788269 -382.040833
v -1234.457886 -642.285767 -373.407074
v -1238.173218 -625.230286 -364.241547
v -1242.466309 -608.651611 -354.564758
v -1247.312744 -592.588074 -344.387421
v -1252.698364 -577.089172 -333.711334
v -1258.618042 -562.217224 -322.529785
v -1265.154053 -547.909729 -310.734344
v -1272.331299 -534.192078 -298.384827
v -1280.024292 -521.196594 -285.644470
v -1288.179810 -508.925385 -272.549988
v -1296.756104 -497.391388 -259.127716
v -1305.721802 -486.620605 -245.396317
v -1315.050293 -476.655457 -231.371094
v -1324.720703 -467.555786 -217.063248
v -1334.843750 -459.304657 -202.339020
v -1345.403931 -451.934326 -187.298737
v -1356.258667 -445.478699 -172.109039
v -1367.357910 -439.915833 -156.803299
v -1378.660522 -435.240540 -141.409561
v -1390.129395 -431.464294 -125.952667
v -1401.730103 -428.616150 -110.457962
v -1413.427856 -426.744537 -94.952972
v -1425.359497 -425.898315 -79.281189
v -1437.446045 -426.073578 -63.603920
v -1449.564453 -427.215485 -48.052380
v -1461.676147 -429.282379 -32.650028
v -1473.744507 -432.251831 -17.422291
v -1485.733032 -436.119110 -2.396075
v -1497.602295 -440.896515 12.396070
v -1509.307129 -446.613831 26.913445
v -1521.003052 -453.415283 41.324738
v -1532.536255 -461.182648 55.406063
v -1543.841187 -469.816071 69.096497
v -1554.893921 -479.261688 82.384430
v -1565.666748 -489.483185 95.250763
v -1576.127686 -500.459961 107.669479
v -1586.238159 -512.186157 119.605469
v -1595.948364 -524.666931 131.009064
v -1605.396484 -538.159851 142.023895
v -1614.407227 -552.368286 152.431015
v -1622.973755 -567.203918 162.232941
v -1631.088379 -582.606140 171.430054
v -1638.737305 -598.531433 180.013306
v -1645.898071 -614.946228 187.961700
v -1652.536133 -631.823669 195.240036
v -1658.604248 -649.150452 201.795700
v -1664.004639 -667.253967 207.485184
v -1668.664062 -685.845154 212.228622
v -1672.693726 -704.763123 216.172195
v -1676.206421 -723.886963 219.462601
v -1679.313721 -743.129395 222.241211
v -1682.121704 -762.429199 224.642868
v -1684.733276 -781.740417 226.797043
v -1686.401367 -794.737122 228.133942
v -1813.179810 -789.619873 100.458389
v -1812.931396 -809.082825 99.736107
v -1812.481445 -828.781616 98.850632
v -1811.742310 -848.414368 97.739777
v -1810.583008 -867.965271 96.299042
v -1808.866455 -887.404175 94.419678
v -1806.446533 -906.681885 91.986282
v -1803.167236 -925.722534 88.876282
v -1798.868286 -944.421143 84.964172
v -1793.598022 -962.956299 80.277519
v -1787.595581 -981.056824 75.014145
v -1780.915405 -998.701172 69.222641
v -1773.594727 -1015.863220 62.937771
v -1765.656128 -1032.510254 56.182838
v -1757.110962 -1048.599243 48.972023
v -1747.958862 -1064.073486 41.311657
v -1738.176025 -1078.881836 33.187428
v -1727.608276 -1093.203979 24.451227
v -1716.499634 -1106.772461 15.302703
v -1704.901367 -1119.594360 5.793245
v -1692.851929 -1131.664185 -4.036983
v -1680.378662 -1142.962524 -14.155619
v -1667.499756 -1153.455811 -24.536804
v -1654.229248 -1163.091675 -35.156837
v -1640.536255 -1171.824829 -46.031250
v -1626.276978 -1179.723145 -57.312019
v -1611.737671 -1186.676880 -68.771973
v -1596.961304 -1192.718506 -80.364372
v -1581.981567 -1197.861694 -92.049316
v -1566.825806 -1202.103516 -103.790955
v -1551.519653 -1205.423096 -115.553673
v -1536.087524 -1207.780762 -127.300316
v -1520.489746 -1209.123169 -139.050156
v -1504.627319 -1209.437744 -150.928467
v -1488.774902 -1208.766724 -162.726440
v -1472.960571 -1207.161499 -174.408051
v -1457.209717 -1204.652466 -185.938751
v -1441.548950 -1201.253052 -197.281723
v -1426.005127 -1196.958496 -208.397736
v -1410.611328 -1191.748779 -219.239410
v -1395.325317 -1185.549683 -229.824173
v -1380.101685 -1178.311523 -240.242126
v -1365.165161 -1170.195312 -250.334885
v -1350.526855 -1161.263550 -260.081146
v -1336.201294 -1151.559814 -269.455170
v -1322.208252 -1141.112061 -278.424805
v -1308.573730 -1129.933716 -286.950867
v -1295.332642 -1118.026489 -294.983215
v -1282.454590 -1105.293457 -302.524902
v -1269.936768 -1091.679810 -309.637482
v -1257.934570 -1077.424561 -316.231537
v -1246.439941 -1062.592285 -322.302216
v -1235.453613 -1047.233887 -327.835388
v -1224.986450 -1031.387817 -332.807617
v -1215.058594 -1015.085327 -337.184601
v -1205.702148 -998.349670 -340.919525
v -1196.908691 -981.069397 -343.991272
v -1188.705078 -963.203369 -346.443237
v -1181.165649 -945.023132 -348.263580
v -1174.264893 -926.588013 -349.462921
v -1167.989990 -907.948792 -350.040070
v -1162.339844 -889.150574 -349.982483
v -1157.324829 -870.235474 -349.265778
v -1152.968628 -851.247742 -347.852173
v -1149.292236 -832.075806 -345.690857
v -1146.337646 -812.699890 -342.818237
v -1144.098022 -793.381409 -339.296997
v -1142.534058 -774.167297 -335.151398
v -1141.619385 -755.100464 -330.392395
v -1141.341187 -736.225342 -325.019287
v -1141.697632 -717.590576 -319.020050
v -1142.699097 -699.255127 -312.371552
v -1144.398193 -681.123718 -304.992645
v -1146.836914 -663.199829 -296.923767
v -1149.938965 -645.697327 -288.290009
v -1153.654297 -628.641846 -279.124512
v -1157.947388 -612.063171 -269.447723
v -1162.793823 -595.999634 -259.270355
v -1168.179443 -580.500732 -248.594284
v -1174.099121 -565.628784 -237.412735
v -1180.635132 -551.321289 -225.617294
v -1187.812378 -537.603638 -213.267761
v -1195.505371 -524.608154 -200.527420
v -1203.660889 -512.336914 -187.432938
v -1212.237183 -500.802948 -174.010666
v -1221.202881 -490.032135 -160.279266
v -1230.531372 -480.066986 -146.254044
v -1240.201782 -470.967346 -131.946182
v -1250.324829 -462.716217 -117.221962
v -1260.885010 -455.345886 -102.181679
v -1271.739746 -448.890259 -86.991982
v -1282.838989 -443.327393 -71.686249
v -1294.141602 -438.652100 -56.292507
v -1305.610474 -434.875824 -40.835621
v -1317.211060 -432.027679 -25.340912
v -1328.908936 -430.156128 -9.835919
v -1340.840576 -429.309875 5.835861
v -1352.927124 -429.485168 21.513134
v -1365.045532 -430.627045 37.064671
v -1377.157227 -432.693939 52.467026
v -1389.225708 -435.663391 67.694771
v -1401.214111 -439.530670 82.720985
v -1413.083374 -444.308075 97.513130
v -1424.788208 -450.025360 112.030502
v -1436.484131 -456.826843 126.441795
v -1448.017456 -464.594208 140.523132
v -1459.322266 -473.227631 154.213562
v -1470.375000 -482.673248 167.501480
v -1481.147827 -492.894745 180.367813
v -1491.608765 -503.871490 192.786530
v -1501.719238 -515.597717 204.722534
v -1511.429443 -528.078491 216.126114
v -1520.877563 -541.571411 227.140945
v -1529.888306 -555.779846 237.548065
v -1538.454834 -570.615479 247.350006
v -1546.569458 -586.017700 256.547089
v -1554.218384 -601.942993 265.130371
v -1561.379150 -618.357788 273.078766
v -1568.017212 -635.235229 280.357117
v -1574.085327 -652.562012 286.912781
v -1579.485718 -670.665527 292.602234
v -1584.145142 -689.256714 297.345673
v -1588.174805 -708.174683 301.289246
v -1591.687500 -727.298523 304.579651
v -1594.794800 -746.540955 307.358246
v -1597.602783 -765.840759 309.759918
v -1600.214355 -785.151978 311.914093
v -1601.882446 -798.148682 313.251007
v -1831.333618 -913.429138 74.395050
v -1837.370728 -913.185425 68.315262
v -1843.407837 -912.941772 62.235474
v -1849.444824 -912.698059 56.155682
v -1855.481934 -912.454407 50.075893
v -1861.518921 -912.210693 43.996101
v -1867.556030 -911.967041 37.916313
v -1873.593140 -911.723328 31.836523
v -1828.927979 -926.785583 72.118690
v -1834.620483 -926.407349 65.702148
v -1840.657593 -926.163696 59.622368
v -1846.694580 -925.919983 53.542572
v -1852.731689 -925.676331 47.462784
v -1858.768677 -925.432617 41.382988
v -1864.805786 -925.188965 35.303200
v -1871.187500 -925.079773 29.560163
v -1824.560791 -945.809204 68.125824
v -1830.259155 -945.402283 61.716152
v -1836.296265 -945.158630 55.636372
v -1842.333252 -944.914917 49.556580
v -1848.370361 -944.671265 43.476784
v -1854.407349 -944.427551 37.396996
v -1860.444458 -944.183899 31.317205
v -1866.820312 -944.103394 25.567295
v -1819.210083 -964.665466 63.346455
v -1824.915039 -964.231995 56.944435
v -1830.952148 -963.988342 50.864651
v -1836.989136 -963.744629 44.784863
v -1843.026245 -963.500977 38.705070
v -1849.063232 -963.257263 32.625282
v -1855.100342 -963.013611 26.545490
v -1861.469604 -962.959656 20.787931
v -1813.116943 -983.076355 57.980515
v -1818.828613 -982.619873 51.586117
v -1824.865723 -982.376221 45.506329
v -1830.902710 -982.132507 39.426544
v -1836.939819 -981.888855 33.346756
v -1842.976807 -981.645142 27.266964
v -1849.013916 -981.401489 21.187170
v -1855.376465 -981.370544 15.421989
v -1806.335815 -1001.021118 52.076817
v -1812.054810 -1000.543030 45.690479
v -1818.091797 -1000.299377 39.610695
v -1824.128784 -1000.055664 33.530903
v -1830.165894 -999.812012 27.451113
v -1836.202881 -999.568298 21.371325
v -1842.240112 -999.324646 15.291530
v -1848.595337 -999.315308 9.518291
v -1798.904297 -1018.474060 45.670200
v -1804.631104 -1017.975281 39.292461
v -1810.668213 -1017.731628 33.212669
v -1816.705200 -1017.487915 27.132881
v -1822.742310 -1017.244263 21.053095
v -1828.779297 -1017.000549 14.973307
v -1834.816406 -1016.756897 8.893515
v -1841.163818 -1016.768250 3.111675
v -1790.844849 -1035.403076 38.783928
v -1796.580200 -1034.884277 32.415482
v -1802.617310 -1034.640503 26.335691
v -1808.654297 -1034.396851 20.255899
v -1814.691406 -1034.153198 14.176111
v -1820.728394 -1033.909546 8.096324
v -1826.765503 -1033.665771 2.016531
v -1833.104370 -1033.697266 -3.774601
v -1782.168579 -1051.765259 31.432041
v -1787.913330 -1051.226440 25.073790
v -1793.950439 -1050.982666 18.994003
v -1799.987427 -1050.739014 12.914213
v -1806.024536 -1050.495361 6.834424
v -1812.061523 -1050.251709 0.754636
v -1818.098633 -1050.007935 -5.325156
v -1824.428101 -1050.059448 -11.126484
v -1772.875122 -1067.504272 23.620600
v -1778.630493 -1066.945190 17.273735
v -1784.667603 -1066.701416 11.193943
v -1790.704590 -1066.457764 5.114152
v -1796.741699 -1066.214111 -0.965634
v -1802.778687 -1065.970459 -7.045421
v -1808.815796 -1065.726685 -13.125213
v -1815.134644 -1065.798462 -18.937927
v -1762.939941 -1082.569092 15.334854
v -1768.707275 -1081.989746 9.000619
v -1774.744385 -1081.745972 2.920829
v -1780.781372 -1081.502319 -3.158961
v -1786.818481 -1081.258667 -9.238750
v -1792.855469 -1081.015015 -15.318538
v -1798.892578 -1080.771240 -21.398329
v -1805.199463 -1080.863281 -27.223673
v -1752.209229 -1097.138428 6.426886
v -1757.989136 -1096.540161 0.105858
v -1764.026123 -1096.296387 -5.973929
v -1770.063232 -1096.052734 -12.053720
v -1776.100342 -1095.809082 -18.133511
v -1782.137329 -1095.565430 -24.213301
v -1788.174438 -1095.321655 -30.293091
v -1794.468750 -1095.432617 -36.131641
v -1740.930786 -1110.938965 -2.899439
v -1746.723145 -1110.323486 -9.207307
v -1752.760254 -1110.079712 -15.287095
v -1758.797241 -1109.836060 -21.366886
v -1764.834351 -1109.592407 -27.446674
v -1770.871338 -1109.348755 -33.526466
v -1776.908447 -1109.104980 -39.606258
v -1783.190308 -1109.233154 -45.457966
v -1729.156250 -1123.978394 -12.592746
v -1734.961304 -1123.347290 -18.887421
v -1740.998413 -1123.103516 -24.967211
v -1747.035400 -1122.859863 -31.047003
v -1753.072510 -1122.616211 -37.126789
v -1759.109497 -1122.372559 -43.206577
v -1765.146606 -1122.128784 -49.286369
v -1771.415771 -1122.272583 -55.151272
v -1716.923706 -1136.251831 -22.612961
v -1722.741699 -1135.606201 -28.894184
v -1728.778809 -1135.362427 -34.973972
v -1734.815796 -1135.118774 -41.053761
v -1740.852905 -1134.875122 -47.133553
v -1746.889893 -1134.631470 -53.213341
v -1752.927002 -1134.387695 -59.293129
v -1759.183228 -1134.546021 -65.171486
v -1704.260376 -1147.740234 -32.927879
v -1710.091919 -1147.080933 -39.195129
v -1716.129028 -1146.837158 -45.274921
v -1722.166016 -1146.593506 -51.354710
v -1728.203125 -1146.349854 -57.434498
v -1734.240112 -1146.106201 -63.514286
v -1740.277222 -1145.862427 -69.594078
v -1746.519897 -1146.034424 -75.486404
v -1691.184326 -1158.410278 -43.511875
v -1697.030273 -1157.737915 -49.764339
v -1703.067383 -1157.494141 -55.844135
v -1709.104370 -1157.250488 -61.923923
v -1715.141479 -1157.006836 -68.003708
v -1721.178467 -1156.763184 -74.083496
v -1727.215576 -1156.519409 -80.163284
v -1733.443848 -1156.704468 -86.070396
v -1677.709351 -1168.209595 -54.341541
v -1683.570801 -1167.524658 -60.578053
v -1689.607910 -1167.280884 -66.657845
v -1695.644897 -1167.037231 -72.737640
v -1701.682007 -1166.793579 -78.817421
v -1707.718994 -1166.549927 -84.897209
v -1713.756104 -1166.306152 -90.976997
v -1719.968872 -1166.503784 -96.900070
v -1663.803833 -1177.093018 -65.432961
v -1669.681885 -1176.396240 -71.652481
v -1675.718994 -1176.152466 -77.732262
v -1681.755981 -1175.908813 -83.812057
v -1687.793091 -1175.665161 -89.891846
v -1693.830078 -1175.421509 -95.971634
v -1699.867188 -1175.177734 -102.051414
v -1706.063354 -1175.387207 -107.991493
v -1649.325439 -1185.126709 -76.936783
v -1655.220337 -1184.419434 -83.139214
v -1661.257446 -1184.175659 -89.219002
v -1667.294434 -1183.932007 -95.298790
v -1673.331543 -1183.688354 -101.378578
v -1679.368530 -1183.444702 -107.458366
v -1685.405640 -1183.200928 -113.538155
v -1691.584961 -1183.420898 -119.495316
v -1634.564819 -1192.198608 -88.621223
v -1640.476074 -1191.482666 -94.807106
v -1646.513184 -1191.238892 -100.886894
v -1652.550171 -1190.995239 -106.966690
v -1658.587280 -1190.751587 -113.046478
v -1664.624268 -1190.507935 -119.126259
v -1670.661377 -1190.264160 -125.206047
v -1676.824341 -1190.492798 -131.179749
v -1619.564819 -1198.341797 -100.439743
v -1625.492065 -1197.618530 -106.609428
v -1631.529175 -1197.374756 -112.689224
v -1637.566162 -1197.131104 -118.769012
v -1643.603271 -1196.887451 -124.848801
v -1649.640259 -1196.643799 -130.928604
v -1655.677368 -1196.400024 -137.008392
v -1661.824341 -1196.635986 -142.998276
v -1604.358887 -1203.570312 -112.352676
v -1610.302124 -1202.840942 -118.506210
v -1616.339233 -1202.597168 -124.585999
v -1622.376221 -1202.353516 -130.665787
v -1628.413330 -1202.109863 -136.745590
v -1634.450317 -1201.866211 -142.825363
v -1640.487427 -1201.622437 -148.905167
v -1646.618408 -1201.864502 -154.911209
v -1588.974243 -1207.881470 -124.324402
v -1594.933838 -1207.147095 -130.461487
v -1600.970947 -1206.903320 -136.541275
v -1607.007935 -1206.659668 -142.621078
v -1613.045044 -1206.416016 -148.700867
v -1619.082031 -1206.172363 -154.780655
v -1625.119141 -1205.928589 -160.860443
v -1631.233765 -1206.175659 -166.882935
v -1573.436157 -1211.254517 -136.319565
v -1579.412720 -1210.515991 -142.439606
v -1585.449829 -1210.272217 -148.519394
v -1591.486816 -1210.028564 -154.599182
v -1597.523926 -1209.784912 -160.678986
v -1603.560913 -1209.541260 -166.758774
v -1609.598022 -1209.297485 -172.838562
v -1615.695679 -1209.548706 -178.878098
v -1557.768799 -1213.649536 -148.301285
v -1563.763428 -1212.907959 -154.403305
v -1569.800537 -1212.664185 -160.483093
v -1575.837524 -1212.420532 -166.562881
v -1581.874634 -1212.176880 -172.642685
v -1587.911621 -1211.933228 -178.722473
v -1593.948730 -1211.689453 -184.802261
v -1600.028320 -1211.943726 -190.859818
v -1541.931885 -1215.012939 -160.289398
v -1547.945312 -1214.269653 -166.372726
v -1553.982422 -1214.025879 -172.452515
v -1560.019409 -1213.782227 -178.532303
v -1566.056519 -1213.538574 -184.612106
v -1572.093506 -1213.294922 -190.691895
v -1578.130615 -1213.051147 -196.771683
v -1584.191406 -1213.307129 -202.847931
v -1525.828857 -1215.331543 -172.406830
v -1531.860596 -1214.588013 -178.471893
v -1537.897705 -1214.344238 -184.551682
v -1543.934692 -1214.100586 -190.631470
v -1549.971802 -1213.856934 -196.711273
v -1556.008789 -1213.613281 -202.791061
v -1562.045898 -1213.369507 -208.870850
v -1568.088379 -1213.625732 -214.965363
v -1509.738403 -1214.647827 -184.440613
v -1515.787598 -1213.905151 -190.488358
v -1521.824707 -1213.661377 -196.568146
v -1527.861694 -1213.417725 -202.647934
v -1533.898804 -1213.174072 -208.727737
v -1539.935791 -1212.930420 -214.807526
v -1545.972900 -1212.686646 -220.887314
v -1551.997925 -1212.942017 -226.999146
v -1493.688354 -1213.013428 -196.355087
v -1499.754517 -1212.272827 -202.386169
v -1505.791626 -1212.029053 -208.465958
v -1511.828613 -1211.785400 -214.545746
v -1517.865723 -1211.541748 -220.625549
v -1523.902588 -1211.298096 -226.705338
v -1529.939697 -1211.054321 -232.785126
v -1535.947876 -1211.307617 -238.913620
v -1477.703857 -1210.459351 -208.116043
v -1483.786499 -1209.721924 -214.130783
v -1489.823608 -1209.478149 -220.210571
v -1495.860596 -1209.234497 -226.290359
v -1501.897705 -1208.990845 -232.370163
v -1507.934692 -1208.747192 -238.449951
v -1513.971802 -1208.503418 -244.529739
v -1519.963379 -1208.753540 -250.674576
v -1461.811157 -1206.998779 -219.686905
v -1467.910522 -1206.265625 -225.685303
v -1473.947632 -1206.021851 -231.765091
v -1479.984619 -1205.778198 -237.844879
v -1486.021729 -1205.534546 -243.924683
v -1492.058716 -1205.290894 -250.004471
v -1498.095825 -1205.047119 -256.084259
v -1504.070679 -1205.292969 -262.245422
v -1446.036743 -1202.627075 -231.028717
v -1452.153076 -1201.899414 -237.010468
v -1458.190186 -1201.655640 -243.090256
v -1464.227173 -1201.411987 -249.170044
v -1470.264282 -1201.168335 -255.249847
v -1476.301270 -1200.924683 -261.329620
v -1482.338379 -1200.680908 -267.409393
v -1488.296265 -1200.921265 -273.587250
v -1430.413696 -1197.323853 -242.094299
v -1436.547729 -1196.603271 -248.058777
v -1442.584839 -1196.359497 -254.138565
v -1448.621826 -1196.115845 -260.218384
v -1454.658936 -1195.872192 -266.298157
v -1460.695923 -1195.628540 -272.377960
v -1466.733032 -1195.384766 -278.457733
v -1472.673218 -1195.618042 -284.652832
v -1414.899170 -1191.014160 -252.901581
v -1421.051025 -1190.302124 -258.848602
v -1427.088135 -1190.058350 -264.928375
v -1433.125122 -1189.814697 -271.008179
v -1439.162231 -1189.571045 -277.087952
v -1445.199219 -1189.327393 -283.167755
v -1451.236328 -1189.083618 -289.247528
v -1457.158691 -1189.308350 -295.460114
v -1399.450562 -1183.649414 -263.537811
v -1405.619629 -1182.947021 -269.468201
v -1411.656738 -1182.703247 -275.547974
v -1417.693726 -1182.459595 -281.627777
v -1423.730835 -1182.215942 -287.707550
v -1429.767822 -1181.972290 -293.787354
v -1435.804932 -1181.728516 -299.867126
v -1441.710083 -1181.943604 -306.096344
v -1384.296021 -1175.392822 -273.841400
v -1390.481079 -1174.700806 -279.756348
v -1396.518188 -1174.457031 -285.836121
v -1402.555176 -1174.213379 -291.915924
v -1408.592285 -1173.969727 -297.995697
v -1414.629272 -1173.726074 -304.075500
v -1420.666382 -1173.482300 -310.155273
v -1426.555542 -1173.687012 -316.399933
v -1369.446289 -1166.307007 -283.791504
v -1375.646484 -1165.625854 -289.691864
v -1381.683594 -1165.382080 -295.771637
v -1387.720581 -1165.138428 -301.851440
v -1393.757690 -1164.894775 -307.931213
v -1399.794678 -1164.651123 -314.011017
v -1405.831787 -1164.407349 -320.090790
v -1411.705811 -1164.601196 -326.350037
v -1354.915405 -1156.435791 -293.362701
v -1361.130127 -1155.766479 -299.249054
v -1367.167236 -1155.522705 -305.328827
v -1373.204224 -1155.279053 -311.408630
v -1379.241333 -1155.035400 -317.488403
v -1385.278320 -1154.791748 -323.568207
v -1391.315430 -1154.547974 -329.647980
v -1397.174927 -1154.729980 -335.921234
v -1340.722900 -1145.806885 -302.523132
v -1346.952026 -1145.150513 -308.395752
v -1352.989136 -1144.906738 -314.475525
v -1359.026123 -1144.663086 -320.555328
v -1365.063232 -1144.419434 -326.635101
v -1371.100220 -1144.175781 -332.714905
v -1377.137329 -1143.932007 -338.794678
v -1382.982422 -1144.101074 -345.081665
v -1326.894531 -1134.433472 -311.233765
v -1333.137939 -1133.791260 -317.092712
v -1339.175049 -1133.547485 -323.172485
v -1345.212036 -1133.303833 -329.252289
v -1351.249146 -1133.060181 -335.332062
v -1357.286133 -1132.816528 -341.411865
v -1363.323242 -1132.572754 -347.491638
v -1369.154053 -1132.727661 -353.792297
v -1313.465332 -1122.317017 -319.444580
v -1319.723389 -1121.690918 -325.289703
v -1325.760498 -1121.447144 -331.369476
v -1331.797485 -1121.203491 -337.449280
v -1337.834595 -1120.959839 -343.529053
v -1343.871582 -1120.716187 -349.608856
v -1349.908691 -1120.472412 -355.688629
v -1355.724854 -1120.611206 -362.003113
v -1300.404297 -1109.359497 -327.158936
v -1306.676636 -1108.750854 -332.990479
v -1312.713745 -1108.507080 -339.070251
v -1318.750732 -1108.263428 -345.150055
v -1324.787842 -1108.019775 -351.229828
v -1330.824829 -1107.776123 -357.309631
v -1336.861938 -1107.532349 -363.389404
v -1342.663818 -1107.653687 -369.717468
v -1287.711548 -1095.509155 -334.435760
v -1293.997192 -1094.918579 -340.254822
v -1300.034302 -1094.674805 -346.334595
v -1306.071289 -1094.431152 -352.414398
v -1312.108398 -1094.187500 -358.494171
v -1318.145386 -1093.943848 -364.573975
v -1324.182495 -1093.700073 -370.653748
v -1329.971069 -1093.803345 -376.994293
v -1275.544556 -1081.008301 -341.183655
v -1281.842285 -1080.435669 -346.991455
v -1287.879395 -1080.191895 -353.071228
v -1293.916382 -1079.948242 -359.151031
v -1299.953491 -1079.704590 -365.230804
v -1305.990479 -1079.460938 -371.310608
v -1312.027588 -1079.217163 -377.390381
v -1317.804077 -1079.302490 -383.742188
v -1263.894775 -1065.921631 -347.398163
v -1270.203613 -1065.367188 -353.195679
v -1276.240723 -1065.123413 -359.275452
v -1282.277710 -1064.879761 -365.355255
v -1288.314819 -1064.636108 -371.435028
v -1294.351807 -1064.392456 -377.514832
v -1300.388916 -1064.148682 -383.594604
v -1306.154297 -1064.215820 -389.956696
v -1252.762695 -1050.299683 -353.065521
v -1259.081909 -1049.763916 -358.853455
v -1265.119019 -1049.520142 -364.933228
v -1271.156006 -1049.276489 -371.013031
v -1277.193115 -1049.032837 -377.092804
v -1283.230103 -1048.789185 -383.172607
v -1289.267212 -1048.545410 -389.252380
v -1295.022217 -1048.593872 -395.624054
v -1242.158936 -1034.180786 -358.162476
v -1248.488037 -1033.664429 -363.941406
v -1254.525146 -1033.420654 -370.021179
v -1260.562134 -1033.177002 -376.100983
v -1266.599243 -1032.933350 -382.180756
v -1272.636230 -1032.689697 -388.260559
v -1278.673340 -1032.445923 -394.340332
v -1284.418457 -1032.474976 -400.721008
v -1232.103516 -1017.595947 -362.654785
v -1238.442139 -1017.100342 -368.425079
v -1244.479248 -1016.856689 -374.504852
v -1250.516235 -1016.612976 -380.584656
v -1256.553345 -1016.369324 -386.664459
v -1262.590332 -1016.125610 -392.744263
v -1268.627441 -1015.881958 -398.824005
v -1274.363037 -1015.890137 -405.213318
v -1222.628540 -1000.567871 -366.495667
v -1228.976440 -1000.094788 -372.257690
v -1235.013550 -999.851135 -378.337463
v -1241.050537 -999.607422 -384.417267
v -1247.087646 -999.363770 -390.497040
v -1253.124634 -999.120056 -396.576843
v -1259.161743 -998.876404 -402.656616
v -1264.888062 -998.862061 -409.054199
v -1213.725586 -982.984070 -369.664001
v -1220.082031 -982.534729 -375.418427
v -1226.119141 -982.291077 -381.498199
v -1232.156128 -982.047363 -387.578003
v -1238.193237 -981.803711 -393.657776
v -1244.230225 -981.559998 -399.737579
v -1250.267334 -981.316345 -405.817352
v -1255.985107 -981.278259 -412.222534
v -1205.423218 -964.807922 -372.201538
v -1211.787231 -964.382141 -377.949463
v -1217.824341 -964.138489 -384.029236
v -1223.861328 -963.894775 -390.109039
v -1229.898438 -963.651123 -396.188812
v -1235.935425 -963.407410 -402.268616
v -1241.972534 -963.163757 -408.348389
v -1247.682739 -963.102112 -414.760071
v -1197.796997 -946.314880 -374.095581
v -1204.167358 -945.911926 -379.838104
v -1210.204468 -945.668274 -385.917877
v -1216.241455 -945.424561 -391.997681
v -1222.278564 -945.180908 -398.077454
v -1228.315552 -944.937195 -404.157257
v -1234.352661 -944.693542 -410.237030
v -1240.056519 -944.609070 -416.654114
v -1190.820801 -927.564026 -375.357147
v -1197.196533 -927.183655 -381.095215
v -1203.233643 -926.940002 -387.174988
v -1209.270630 -926.696289 -393.254791
v -1215.307739 -926.452637 -399.334564
v -1221.344727 -926.208923 -405.414368
v -1227.381836 -925.965271 -411.494141
v -1233.080322 -925.858215 -417.915680
v -1184.481689 -908.605774 -375.985291
v -1190.862061 -908.247986 -381.719696
v -1196.899170 -908.004333 -387.799469
v -1202.936157 -907.760620 -393.879272
v -1208.973267 -907.516968 -399.959045
v -1215.010254 -907.273254 -406.038849
v -1221.047363 -907.029602 -412.118622
v -1226.741211 -906.899963 -418.543823
v -1178.778320 -889.484985 -375.967621
v -1185.162598 -889.150330 -381.699066
v -1191.199707 -888.906677 -387.778839
v -1197.236694 -888.662964 -393.858643
v -1203.273804 -888.419312 -399.938416
v -1209.310791 -888.175598 -406.018219
v -1215.347900 -887.931946 -412.097992
v -1221.037842 -887.779175 -418.526154
v -1173.721191 -870.243408 -375.279663
v -1180.108643 -869.932861 -381.008881
v -1186.145752 -869.689209 -387.088654
v -1192.182739 -869.445496 -393.168457
v -1198.219849 -869.201843 -399.248230
v -1204.256836 -868.958130 -405.328033
v -1210.293945 -868.714478 -411.407806
v -1215.980713 -868.537598 -417.838196
v -1169.333984 -850.924927 -373.883545
v -1175.723999 -850.639893 -379.611298
v -1181.761108 -850.396240 -385.691071
v -1187.798096 -850.152527 -391.770874
v -1193.835205 -849.908875 -397.850647
v -1199.872192 -849.665161 -403.930450
v -1205.909302 -849.421509 -410.010223
v -1211.593506 -849.219116 -416.442078
v -1165.638062 -831.416870 -371.728180
v -1172.029663 -831.158203 -377.455414
v -1178.066772 -830.914551 -383.535187
v -1184.103760 -830.670837 -389.614990
v -1190.140869 -830.427185 -395.694763
v -1196.177856 -830.183472 -401.774567
v -1202.214966 -829.939819 -407.854340
v -1207.897583 -829.711060 -414.286713
v -1162.675781 -811.704834 -368.849670
v -1169.067871 -811.471680 -374.577362
v -1175.104980 -811.228027 -380.657135
v -1181.141968 -810.984314 -386.736938
v -1187.179077 -810.740662 -392.816711
v -1193.216064 -810.496948 -398.896515
v -1199.253174 -810.253296 -404.976288
v -1204.935303 -809.999023 -411.408203
v -1160.440308 -792.054138 -365.311035
v -1166.832153 -791.845215 -371.039978
v -1172.869263 -791.601562 -377.119751
v -1178.906250 -791.357849 -383.199585
v -1184.943359 -791.114197 -389.279327
v -1190.980347 -790.870483 -395.359131
v -1197.017456 -790.626831 -401.438904
v -1202.699829 -790.348328 -407.869568
v -1158.891968 -772.511230 -361.136749
v -1165.282715 -772.325806 -366.867737
v -1171.319824 -772.082153 -372.947510
v -1177.356812 -771.838440 -379.027313
v -1183.393921 -771.594788 -385.107086
v -1189.430908 -771.351074 -391.186890
v -1195.468018 -771.107422 -397.266663
v -1201.151489 -770.805420 -403.695282
v -1158.004272 -753.118591 -356.337921
v -1164.393188 -752.956299 -362.071655
v -1170.430298 -752.712646 -368.151428
v -1176.467285 -752.468933 -374.231232
v -1182.504395 -752.225281 -380.311005
v -1188.541382 -751.981567 -386.390808
v -1194.578491 -751.737915 -392.470581
v -1200.263794 -751.412781 -398.896454
v -1157.764282 -733.920349 -350.913910
v -1164.150513 -733.781250 -356.651215
v -1170.187622 -733.537598 -362.730988
v -1176.224609 -733.293884 -368.810791
v -1182.261719 -733.050232 -374.890564
v -1188.298706 -732.806519 -380.970367
v -1194.335815 -732.562866 -387.050140
v -1200.023804 -732.214539 -393.472443
v -1158.170288 -714.964783 -344.852509
v -1164.552979 -714.849487 -350.594299
v -1170.590088 -714.605835 -356.674072
v -1176.627075 -714.362122 -362.753876
v -1182.664185 -714.118469 -368.833649
v -1188.701172 -713.874756 -374.913452
v -1194.738281 -713.631104 -380.993225
v -1200.429810 -713.258972 -387.411041
v -1159.233032 -696.310608 -338.130402
v -1165.611084 -696.220032 -343.877808
v -1171.648193 -695.976379 -349.957581
v -1177.685181 -695.732666 -356.037384
v -1183.722290 -695.489014 -362.117157
v -1189.759277 -695.245300 -368.196960
v -1195.796387 -695.001648 -374.276733
v -1201.492554 -694.604797 -380.688934
v -1161.005615 -677.861572 -330.665863
v -1167.377930 -677.795837 -336.419922
v -1173.415039 -677.552185 -342.499695
v -1179.452026 -677.308472 -348.579498
v -1185.489136 -677.064819 -354.659271
v -1191.526123 -676.821106 -360.739075
v -1197.563232 -676.577454 -366.818848
v -1203.265137 -676.155762 -373.224396
v -1163.528809 -659.626709 -322.500580
v -1169.894775 -659.584595 -328.261963
v -1175.931885 -659.340942 -334.341736
v -1181.968872 -659.097229 -340.421539
v -1188.005981 -658.853577 -346.501312
v -1194.042969 -658.609863 -352.581116
v -1200.080078 -658.366211 -358.660889
v -1205.788330 -657.920898 -365.059113
v -1166.725342 -641.823120 -313.760925
v -1173.084351 -641.802979 -319.530029
v -1179.121460 -641.559326 -325.609802
v -1185.158447 -641.315613 -331.689606
v -1191.195557 -641.071960 -337.769379
v -1197.232544 -640.828247 -343.849182
v -1203.269653 -640.584595 -349.928955
v -1208.984863 -640.117310 -356.319458
v -1170.545044 -624.475830 -304.480133
v -1176.896606 -624.476501 -310.257446
v -1182.933716 -624.232849 -316.337219
v -1188.970703 -623.989136 -322.417023
v -1195.007812 -623.745483 -328.496796
v -1201.044800 -623.501770 -334.576599
v -1207.081909 -623.258118 -340.656372
v -1212.804565 -622.770020 -347.038666
v -1174.952271 -607.614136 -294.678680
v -1181.295776 -607.634949 -300.464783
v -1187.332886 -607.391296 -306.544556
v -1193.369873 -607.147583 -312.624359
v -1199.406982 -606.903931 -318.704132
v -1205.443970 -606.660217 -324.783936
v -1211.481079 -606.416565 -330.863708
v -1217.211792 -605.908325 -337.237213
v -1179.922729 -591.276123 -284.367188
v -1186.257446 -591.316711 -290.162842
v -1192.294556 -591.073059 -296.242615
v -1198.331543 -590.829346 -302.322418
v -1204.368652 -590.585693 -308.402191
v -1210.405640 -590.341980 -314.481995
v -1216.442749 -590.098328 -320.561768
v -1222.182251 -589.570312 -326.925720
v -1185.442383 -575.510986 -273.547333
v -1191.767334 -575.571411 -279.353546
v -1197.804443 -575.327759 -285.433319
v -1203.841431 -575.084045 -291.513123
v -1209.878540 -574.840393 -297.592896
v -1215.915527 -574.596680 -303.672699
v -1221.952637 -574.353027 -309.752472
v -1227.701904 -573.805176 -316.105865
v -1191.506470 -560.380920 -262.212036
v -1197.820312 -560.461426 -268.030090
v -1203.857422 -560.217773 -274.109863
v -1209.894409 -559.974060 -280.189667
v -1215.931519 -559.730408 -286.269440
v -1221.968506 -559.486694 -292.349243
v -1228.005615 -559.243042 -298.429016
v -1233.765991 -558.675110 -304.770569
v -1198.198120 -545.822815 -250.252045
v -1204.499756 -545.922913 -256.082947
v -1210.536865 -545.679260 -262.162720
v -1216.573853 -545.435547 -268.242523
v -1222.610962 -545.191956 -274.322296
v -1228.647949 -544.948181 -280.402100
v -1234.685059 -544.704529 -286.481873
v -1240.457642 -544.117004 -292.810577
v -1205.539307 -531.866943 -237.730103
v -1211.828491 -531.985107 -243.574036
v -1217.865601 -531.741455 -249.653824
v -1223.902588 -531.497742 -255.733612
v -1229.939697 -531.254089 -261.813416
v -1235.976685 -531.010376 -267.893219
v -1242.013794 -530.766724 -273.972992
v -1247.798828 -530.161133 -280.288635
v -1213.403076 -518.647583 -224.811279
v -1219.679810 -518.782104 -230.668228
v -1225.716919 -518.538452 -236.748016
v -1231.753906 -518.294739 -242.827805
v -1237.791016 -518.051086 -248.907608
v -1243.828003 -517.807373 -254.987396
v -1249.865112 -517.563721 -261.067169
v -1255.662598 -516.941772 -267.369812
v -1221.735962 -506.166229 -211.532227
v -1228.000122 -506.315765 -217.402328
v -1234.037231 -506.072083 -223.482117
v -1240.074219 -505.828400 -229.561905
v -1246.111328 -505.584747 -235.641708
v -1252.148315 -505.341064 -241.721497
v -1258.185425 -505.097382 -247.801285
v -1263.995483 -504.460480 -254.090759
v -1230.496460 -494.435547 -197.919174
v -1236.747559 -494.599121 -203.802780
v -1242.784668 -494.355438 -209.882568
v -1248.821655 -494.111755 -215.962357
v -1254.858765 -493.868042 -222.042160
v -1260.895752 -493.624359 -228.121948
v -1266.932861 -493.380676 -234.201736
v -1272.755981 -492.729736 -240.477707
v -1239.653320 -483.481079 -183.990585
v -1245.890747 -483.657959 -189.888306
v -1251.927856 -483.414276 -195.968109
v -1257.964844 -483.170593 -202.047897
v -1264.001953 -482.926941 -208.127686
v -1270.038940 -482.683258 -214.207489
v -1276.076050 -482.439575 -220.287277
v -1281.912842 -481.775330 -226.549118
v -1249.180176 -473.345306 -169.761536
v -1255.402954 -473.534973 -175.674332
v -1261.440063 -473.291290 -181.754120
v -1267.477051 -473.047607 -187.833908
v -1273.514160 -472.803955 -193.913712
v -1279.551147 -472.560272 -199.993484
v -1285.588257 -472.316589 -206.073288
v -1291.439697 -471.639557 -212.320068
v -1259.056519 -464.088074 -155.242874
v -1265.263428 -464.290100 -161.171982
v -1271.300537 -464.046417 -167.251770
v -1277.337524 -463.802734 -173.331558
v -1283.374634 -463.559082 -179.411362
v -1289.411621 -463.315399 -185.491150
v -1295.448730 -463.071716 -191.570938
v -1301.316040 -462.382324 -197.801407
v -1269.394043 -455.692261 -140.299866
v -1275.584106 -455.905640 -146.246048
v -1281.621216 -455.661957 -152.325836
v -1287.658203 -455.418274 -158.405624
v -1293.695312 -455.174622 -164.485428
v -1299.732300 -454.930939 -170.565216
v -1305.769409 -454.687256 -176.645004
v -1311.653564 -453.986511 -182.858398
v -1280.172974 -448.193329 -125.037262
v -1286.346558 -448.416443 -131.000244
v -1292.383667 -448.172760 -137.080032
v -1298.420654 -447.929077 -143.159821
v -1304.457764 -447.685425 -149.239624
v -1310.494751 -447.441742 -155.319412
v -1316.531860 -447.198059 -161.399200
v -1322.432495 -446.487579 -167.595795
v -1291.248779 -441.625885 -109.623566
v -1297.406250 -441.857117 -115.602867
v -1303.443359 -441.613434 -121.682655
v -1309.480347 -441.369751 -127.762444
v -1315.517456 -441.126099 -133.842239
v -1321.554443 -440.882416 -139.922028
v -1327.591553 -440.638733 -146.001816
v -1333.508301 -439.920135 -152.182098
v -1302.571655 -435.967468 -94.091957
v -1308.713257 -436.205566 -100.087349
v -1314.750366 -435.961884 -106.167137
v -1320.787354 -435.718201 -112.246925
v -1326.824463 -435.474487 -118.326714
v -1332.861450 -435.230804 -124.406502
v -1338.898560 -434.987122 -130.486282
v -1344.831177 -434.261658 -136.650482
v -1314.100586 -431.212524 -78.470253
v -1320.226074 -431.456360 -84.481804
v -1326.263184 -431.212677 -90.561600
v -1332.300171 -430.968994 -96.641388
v -1338.337280 -430.725281 -102.721176
v -1344.374268 -430.481598 -108.800964
v -1350.411377 -430.237915 -114.880760
v -1356.360107 -429.506714 -121.028786
v -1325.798828 -427.372375 -62.783062
v -1331.907837 -427.620941 -68.811180
v -1337.944946 -427.377258 -74.890968
v -1343.981934 -427.133575 -80.970757
v -1350.019043 -426.889923 -87.050545
v -1356.056030 -426.646240 -93.130333
v -1362.093140 -426.402557 -99.210121
v -1368.058350 -425.666626 -105.341583
v -1337.632080 -424.476227 -47.055447
v -1343.723877 -424.728516 -53.100868
v -1349.760986 -424.484833 -59.180660
v -1355.797974 -424.241150 -65.260445
v -1361.835083 -423.997498 -71.340233
v -1367.872070 -423.753815 -77.420021
v -1373.909180 -423.510132 -83.499809
v -1379.891602 -422.770477 -89.613968
v -1349.566040 -422.572754 -31.314661
v -1355.639404 -422.827667 -37.378422
v -1361.676514 -422.583984 -43.458214
v -1367.713501 -422.340302 -49.538006
v -1373.750610 -422.096588 -55.617794
v -1379.787598 -421.852905 -61.697582
v -1385.824707 -421.609222 -67.777367
v -1391.825562 -420.866943 -73.873192
v -1361.738647 -421.711060 -15.403068
v -1367.793213 -421.967224 -21.485527
v -1373.830322 -421.723541 -27.565317
v -1379.867310 -421.479858 -33.645107
v -1385.904419 -421.236206 -39.724895
v -1391.941406 -420.992523 -45.804684
v -1397.978516 -420.748840 -51.884476
v -1403.998169 -420.005310 -57.961594
v -1374.065063 -421.888031 0.512332
v -1380.101562 -422.144073 -5.588083
v -1386.138672 -421.900391 -11.667873
v -1392.175659 -421.656708 -17.747663
v -1398.212769 -421.412994 -23.827452
v -1404.249756 -421.169312 -29.907242
v -1410.286865 -420.925629 -35.987030
v -1416.324585 -420.182220 -42.046196
v -1386.420898 -423.048187 16.298986
v -1392.440186 -423.302917 10.181487
v -1398.477295 -423.059235 4.101697
v -1404.514282 -422.815552 -1.978093
v -1410.551392 -422.571899 -8.057881
v -1416.588379 -422.328217 -14.137671
v -1422.625488 -422.084534 -20.217461
v -1428.680420 -421.342438 -26.259541
v -1398.768188 -425.149658 31.933792
v -1404.770630 -425.401947 25.799742
v -1410.807739 -425.158264 19.719950
v -1416.844727 -424.914581 13.640162
v -1422.881836 -424.670929 7.560374
v -1428.918823 -424.427246 1.480584
v -1434.955933 -424.183563 -4.599206
v -1441.027710 -423.443909 -10.624734
v -1411.070312 -428.169800 47.391613
v -1417.056152 -428.418579 41.241203
v -1423.093262 -428.174896 35.161415
v -1429.130249 -427.931213 29.081625
v -1435.167358 -427.687561 23.001837
v -1441.204346 -427.443878 16.922047
v -1447.241455 -427.200195 10.842255
v -1453.329834 -426.464050 4.833081
v -1423.291016 -432.103912 62.645794
v -1429.260132 -432.348022 56.478916
v -1435.297241 -432.104340 50.399128
v -1441.334229 -431.860657 44.319336
v -1447.371338 -431.617004 38.239548
v -1453.408325 -431.373322 32.159756
v -1459.445435 -431.129639 26.079966
v -1465.550537 -430.398163 20.087263
v -1435.391357 -436.964508 77.664024
v -1441.343140 -437.202576 71.480247
v -1447.380249 -436.958893 65.400459
v -1453.417236 -436.715210 59.320667
v -1459.454346 -436.471558 53.240879
v -1465.491333 -436.227875 47.161083
v -1471.528442 -435.984192 41.081295
v -1477.650879 -435.258759 35.105499
v -1447.326294 -442.781738 92.405823
v -1453.260132 -443.012146 86.204498
v -1459.297241 -442.768463 80.124702
v -1465.334229 -442.524780 74.044914
v -1471.371338 -442.281128 67.965126
v -1477.408325 -442.037415 61.885330
v -1483.445435 -441.793762 55.805542
v -1489.585815 -441.075989 49.847290
v -1459.252319 -449.701019 107.040939
v -1465.168213 -449.922302 100.822197
v -1471.205322 -449.678619 94.742409
v -1477.242310 -449.434937 88.662621
v -1483.279419 -449.191284 82.582825
v -1489.316406 -448.947601 76.503036
v -1495.353516 -448.703918 70.423241
v -1501.511841 -447.995270 64.482407
v -1471.009399 -457.600952 121.339188
v -1476.908569 -457.812256 115.104156
v -1482.945679 -457.568573 109.024361
v -1488.982666 -457.324890 102.944572
v -1495.019775 -457.081238 96.864784
v -1501.056763 -456.837555 90.784996
v -1507.093872 -456.593872 84.705200
v -1513.268921 -455.895203 78.780655
v -1482.531372 -466.380920 135.239288
v -1488.414795 -466.581604 128.989059
v -1494.451904 -466.337921 122.909279
v -1500.488892 -466.094238 116.829483
v -1506.526001 -465.850586 110.749695
v -1512.562988 -465.606903 104.669907
v -1518.600098 -465.363220 98.590111
v -1524.790894 -464.675171 92.680763
v -1493.794800 -475.986938 148.730057
v -1499.663208 -476.176270 142.465393
v -1505.700317 -475.932587 136.385605
v -1511.737305 -475.688904 130.305817
v -1517.774414 -475.445251 124.226028
v -1523.811401 -475.201569 118.146240
v -1529.848511 -474.957886 112.066437
v -1536.054321 -474.281189 106.171532
v -1504.772339 -486.382690 161.792694
v -1510.626099 -486.559723 155.514038
v -1516.663208 -486.316040 149.434250
v -1522.700195 -486.072357 143.354462
v -1528.737305 -485.828705 137.274658
v -1534.774292 -485.585022 131.194870
v -1540.811401 -485.341339 125.115089
v -1547.031860 -484.676941 119.234161
v -1515.432251 -497.547760 174.401398
v -1521.271606 -497.711273 168.108932
v -1527.308716 -497.467590 162.029144
v -1533.345703 -497.223907 155.949356
v -1539.382812 -496.980255 149.869553
v -1545.419800 -496.736572 143.789764
v -1551.456909 -496.492889 137.709976
v -1557.691772 -495.842010 131.842865
v -1525.736084 -509.476685 186.521225
v -1531.560913 -509.625153 180.214905
v -1537.598022 -509.381470 174.135117
v -1543.635010 -509.137787 168.055328
v -1549.672119 -508.894135 161.975525
v -1555.709106 -508.650452 155.895737
v -1561.746216 -508.406769 149.815948
v -1567.995605 -507.770935 143.962692
v -1535.634033 -522.175049 198.102554
v -1541.444092 -522.306519 191.782257
v -1547.481201 -522.062866 185.702469
v -1553.518188 -521.819153 179.622681
v -1559.555298 -521.575500 173.542877
v -1565.592285 -521.331787 167.463089
v -1571.629395 -521.088135 161.383301
v -1577.893555 -520.469238 155.544022
v -1545.265015 -535.902039 209.289642
v -1551.060913 -536.015381 202.955978
v -1557.098022 -535.771729 196.876190
v -1563.135010 -535.528015 190.796402
v -1569.172119 -535.284363 184.716599
v -1575.209106 -535.040649 178.636810
v -1581.246216 -534.796997 172.557022
v -1587.524536 -534.196228 166.731110
v -1554.448242 -550.353943 219.858200
v -1560.231201 -550.449097 213.512451
v -1566.268311 -550.205444 207.432663
v -1572.305298 -549.961731 201.352875
v -1578.342407 -549.718079 195.273071
v -1584.379395 -549.474365 189.193283
v -1590.416504 -549.230713 183.113495
v -1596.707764 -548.648132 177.299667
v -1563.177002 -565.442200 229.811157
v -1568.948242 -565.519104 223.454498
v -1574.985352 -565.275452 217.374710
v -1581.022339 -565.031738 211.294922
v -1587.059448 -564.788086 205.215118
v -1593.096436 -564.544373 199.135330
v -1599.133545 -564.300720 193.055542
v -1605.436523 -563.736389 187.252625
v -1571.444214 -581.106323 239.149261
v -1577.204590 -581.164673 232.782562
v -1583.241699 -580.921021 226.702774
v -1589.278687 -580.677307 220.622986
v -1595.315796 -580.433655 214.543182
v -1601.352783 -580.189941 208.463394
v -1607.389893 -579.946289 202.383606
v -1613.703735 -579.400513 196.590729
v -1579.236328 -597.302917 247.863785
v -1584.986450 -597.342041 241.487686
v -1591.023560 -597.098389 235.407898
v -1597.060547 -596.854675 229.328110
v -1603.097656 -596.611023 223.248306
v -1609.134644 -596.367310 217.168518
v -1615.171753 -596.123657 211.088730
v -1621.495850 -595.597107 205.305252
v -1586.530884 -613.998840 255.933853
v -1592.271240 -614.017639 249.548843
v -1598.308350 -613.773987 243.469055
v -1604.345337 -613.530273 237.389267
v -1610.382446 -613.286621 231.309464
v -1616.419434 -613.042908 225.229675
v -1622.456543 -612.799255 219.149887
v -1628.790405 -612.293030 213.375320
v -1593.293701 -631.167603 263.324280
v -1599.024536 -631.164490 256.930725
v -1605.061646 -630.920837 250.850937
v -1611.098633 -630.677124 244.771149
v -1617.135742 -630.433472 238.691345
v -1623.172729 -630.189758 232.611557
v -1629.209839 -629.946106 226.531769
v -1635.553223 -629.461792 220.765762
v -1599.477173 -648.796448 269.982422
v -1605.197754 -648.766907 263.579773
v -1611.234863 -648.523254 257.500000
v -1617.271851 -648.279541 251.420197
v -1623.308960 -648.035889 245.340393
v -1629.345947 -647.792175 239.260605
v -1635.383057 -647.548523 233.180817
v -1641.736694 -647.090637 227.423889
v -1604.983521 -667.213684 275.764526
v -1610.695557 -667.158142 269.354462
v -1616.732666 -666.914490 263.274658
v -1622.769653 -666.670776 257.194885
v -1628.806763 -666.427124 251.115082
v -1634.843750 -666.183411 245.035294
v -1640.880859 -665.939758 238.955505
v -1647.243042 -665.507874 233.206009
v -1606.889771 -674.417419 277.720093
v -1612.926880 -674.173706 271.640289
v -1618.963989 -673.930054 265.560516
v -1625.000977 -673.686340 259.480713
v -1631.038086 -673.442688 253.400925
v -1637.075073 -673.198975 247.321136
v -1643.112183 -672.955322 241.241348
v -1649.149292 -672.711609 235.161560
v -1831.516602 -914.251526 73.180321
v -1836.872559 -914.035339 67.786537
v -1829.280884 -926.657654 71.065437
v -1824.916626 -945.657593 67.076660
v -1819.569458 -964.491394 62.302032
v -1813.479980 -982.882568 56.940861
v -1806.702759 -1000.808655 51.042240
v -1799.275757 -1018.243469 44.641087
v -1791.221191 -1035.154663 37.760761
v -1782.550293 -1051.498657 30.415457
v -1773.263062 -1067.218994 22.611458
v -1763.335327 -1082.264282 14.334323
v -1752.612915 -1096.814453 5.435759
v -1741.342773 -1110.597168 -3.881068
v -1729.576782 -1123.619995 -13.564835
v -1717.352905 -1135.877808 -23.575306
v -1704.698608 -1147.351074 -33.880093
v -1691.632202 -1158.006104 -44.453327
v -1678.167725 -1167.790405 -55.271255
v -1664.274292 -1176.658447 -66.349442
v -1649.809082 -1184.677368 -77.839211
v -1635.061401 -1191.736084 -89.509895
v -1620.073975 -1197.867554 -101.314957
v -1604.880615 -1203.085205 -113.214485
v -1589.508667 -1207.386353 -125.172577
v -1573.983765 -1210.749756 -137.153580
v -1558.330566 -1213.135620 -149.120117
v -1542.509766 -1214.490356 -161.091446
v -1526.423584 -1214.801636 -173.191467
v -1510.349365 -1214.111938 -185.208588
v -1494.314941 -1212.472900 -197.107040
v -1478.345581 -1209.915039 -208.852295
v -1462.468018 -1206.451416 -220.407440
v -1446.708984 -1202.077515 -231.733185
v -1431.102295 -1196.772949 -242.781799
v -1415.605713 -1190.463501 -253.570694
v -1400.175903 -1183.100830 -264.188324
v -1385.038818 -1174.847290 -274.474487
v -1370.205688 -1165.765259 -284.408051
v -1355.690552 -1155.898560 -293.963287
v -1341.513672 -1145.275024 -303.107971
v -1327.700806 -1133.907837 -311.802734
v -1314.287964 -1121.799072 -319.997070
v -1301.244385 -1108.851562 -327.694061
v -1288.569336 -1095.013428 -334.953888
v -1276.418579 -1080.525024 -341.686157
v -1264.783813 -1065.451050 -347.886139
v -1253.665894 -1049.842163 -353.539703
v -1243.075806 -1033.736816 -358.623291
v -1233.033813 -1017.166504 -363.102325
v -1223.572510 -1000.154663 -366.929749
v -1214.683716 -982.590271 -370.084625
v -1206.395142 -964.435181 -372.609619
v -1198.781250 -945.962708 -374.492523
v -1191.815918 -927.232178 -375.744049
v -1185.486938 -908.294067 -376.362946
v -1179.792847 -889.193787 -376.336578
v -1174.744507 -869.973389 -375.640320
v -1170.365967 -850.677917 -374.236206
v -1166.678223 -831.196045 -372.073761
v -1163.723145 -811.511230 -369.189606
v -1161.493652 -791.886536 -365.646454
v -1159.950073 -772.368652 -361.468628
v -1159.066284 -753.000549 -356.666962
v -1158.829468 -733.826721 -351.240753
v -1159.237793 -714.896057 -345.177734
v -1160.302246 -696.268372 -338.454926
v -1162.075195 -677.848206 -330.991364
v -1164.597656 -659.642578 -322.828705
v -1167.792236 -641.866272 -314.092407
v -1171.609375 -624.544800 -304.815582
v -1176.013184 -607.708008 -295.018646
v -1180.979614 -591.394470 -284.712280
v -1186.494385 -575.653870 -273.898315
v -1192.552246 -560.549316 -262.570190
v -1199.235840 -546.017944 -250.619644
v -1206.567749 -532.088257 -238.108612
v -1214.421997 -518.892761 -225.200867
v -1222.744995 -506.433502 -211.933075
v -1231.494995 -494.723694 -198.331589
v -1240.640747 -483.789307 -184.415070
v -1250.155640 -473.673157 -170.198868
v -1260.018433 -464.435730 -155.694595
v -1270.340454 -456.059631 -140.768265
v -1281.103149 -448.578888 -125.523308
v -1292.162964 -442.027313 -110.126785
v -1303.469971 -436.383026 -94.612083
v -1314.982788 -431.640808 -79.007286
v -1326.664551 -427.812256 -63.337322
v -1338.480469 -424.926788 -47.627625
v -1350.395630 -423.033142 -31.906269
v -1362.547729 -422.179901 -16.015909
v -1374.853760 -422.363342 -0.121866
v -1387.189941 -423.528076 15.644460
v -1399.518066 -425.632538 31.259615
v -1411.801270 -428.654297 46.698093
v -1424.002930 -432.588684 61.932873
v -1436.083618 -437.448151 76.931252
v -1447.997803 -443.262451 91.652046
v -1459.902222 -450.176575 106.265305
v -1471.638550 -458.069641 120.542511
v -1483.140991 -466.841522 134.422943
v -1494.385742 -476.438263 147.895050
v -1505.345093 -486.823517 160.939621
v -1515.987061 -497.976562 173.530502
v -1526.272705 -509.891693 185.632462
v -1536.152100 -522.573792 197.195511
v -1545.764771 -536.282471 208.364624
v -1554.931030 -550.715210 218.916656
v -1563.644409 -565.783875 228.854630
v -1571.897217 -581.427734 238.178925
v -1579.675781 -597.603088 246.880478
v -1586.957397 -614.276245 254.938248
v -1593.707642 -631.420288 262.316833
v -1599.877563 -649.018738 268.962402
v -1605.372314 -667.405640 274.733948
v -1607.018677 -673.630676 276.423462
v -1612.328247 -673.416321 271.076294
v -1842.909668 -913.791687 61.706749
v -1618.365356 -673.172668 264.996521
v -1848.946655 -913.547974 55.626957
v -1624.402344 -672.928955 258.916718
v -1854.983765 -913.304321 49.547169
v -1630.439453 -672.685303 252.836929
v -1861.020752 -913.060608 43.467377
v -1636.476440 -672.441589 246.757141
v -1867.057861 -912.816956 37.387589
v -1642.513550 -672.197937 240.677353
v -1872.366699 -912.602600 32.041195
v -1647.868774 -671.981750 235.284271
v -1870.145386 -924.938660 29.939911
v -1865.786987 -943.928589 25.956699
v -1860.445923 -962.754211 21.187897
v -1854.362549 -981.138794 15.832431
v -1847.591919 -999.059021 9.939769
v -1840.171753 -1016.488708 3.544890
v -1832.124512 -1033.395386 -3.328751
v -1823.461670 -1049.735718 -10.666824
v -1814.183228 -1065.452881 -18.462938
v -1804.264526 -1080.496704 -26.732037
v -1793.550659 -1095.047363 -35.622997
v -1782.288818 -1108.831299 -44.932495
v -1770.531128 -1121.856079 -54.608955
v -1758.315796 -1134.116089 -64.612015
v -1745.670532 -1145.592285 -74.909119
v -1732.613647 -1156.251221 -85.474304
v -1719.159180 -1166.040405 -96.283813
v -1705.274780 -1174.915527 -107.354462
v -1690.816895 -1182.942993 -118.838158
v -1676.076050 -1190.010742 -130.503265
v -1661.095459 -1196.151001 -142.302856
v -1645.908936 -1201.378174 -154.196884
v -1630.544312 -1205.689331 -166.149368
v -1615.026978 -1209.063721 -178.124588
v -1599.381592 -1211.461792 -190.085449
v -1583.566162 -1212.830444 -202.052963
v -1567.482910 -1213.155884 -214.151276
v -1551.411133 -1212.479858 -226.167084
v -1535.379395 -1210.854248 -238.064255
v -1519.412720 -1208.310303 -249.808228
v -1503.538330 -1204.861328 -261.362091
v -1487.782471 -1200.502808 -272.686676
v -1472.178467 -1195.215088 -283.734741
v -1456.681641 -1188.922241 -294.525452
v -1441.248657 -1181.574707 -305.147003
v -1426.108643 -1173.335815 -315.437134
v -1411.272583 -1164.267944 -325.374603
v -1396.755005 -1154.415894 -334.933746
v -1382.575684 -1143.807495 -344.082458
v -1368.760376 -1132.456177 -352.781616
v -1355.344116 -1120.364258 -360.981262
v -1342.294189 -1107.431641 -368.685822
v -1329.610352 -1093.605225 -375.954681
v -1317.451294 -1079.127808 -382.695679
v -1305.808716 -1064.064819 -388.904144
v -1294.683228 -1048.467163 -394.566132
v -1284.085571 -1032.373535 -399.658447
v -1274.035767 -1015.815796 -404.146759
v -1264.565674 -998.816528 -407.984558
v -1255.665649 -981.260803 -411.151154
v -1247.364624 -963.110718 -413.688232
v -1239.738770 -944.642761 -415.582611
v -1232.762451 -925.916748 -416.845306
v -1226.422485 -906.983521 -417.475372
v -1220.717651 -887.888489 -417.460480
v -1215.658081 -868.673950 -416.776367
v -1211.267334 -849.383484 -415.385315
v -1207.566406 -829.901978 -413.235992
v -1204.597900 -810.213745 -410.364044
v -1202.355957 -790.585510 -406.832428
v -1200.800659 -771.064575 -402.665771
v -1199.905396 -751.693665 -397.875275
v -1199.656860 -732.517395 -392.460602
v -1200.053467 -713.584534 -386.409790
v -1201.105225 -694.953308 -379.699615
v -1202.865967 -676.525085 -372.247406
v -1205.377197 -658.308228 -364.094147
v -1208.561768 -640.521301 -355.366577
v -1212.369141 -623.189819 -346.098236
v -1216.763672 -606.343506 -336.309845
v -1221.720581 -590.020569 -326.012329
v -1227.225586 -574.270569 -315.207703
v -1233.273682 -559.155151 -303.888916
v -1239.948975 -544.609497 -291.945160
v -1247.274536 -530.663574 -279.438446
v -1255.122925 -517.453064 -266.534546
v -1263.440552 -504.979645 -253.270538
v -1272.185425 -493.256104 -239.672928
v -1281.326050 -482.308228 -225.760529
v -1290.835571 -472.178406 -211.548752
v -1300.693726 -462.926086 -197.048325
v -1311.013062 -454.533264 -182.122787
v -1321.775269 -447.035614 -166.876144
v -1332.834839 -440.468536 -151.477890
v -1344.141846 -434.809662 -135.961533
v -1355.654663 -430.053467 -120.355278
v -1367.336426 -426.211243 -104.683975
v -1379.152588 -423.311859 -88.973053
v -1391.068481 -421.403748 -73.249527
v -1403.223999 -420.536163 -57.354092
v -1415.534668 -420.706360 -41.453251
v -1427.875732 -421.859375 -25.680433
v -1440.208496 -423.952972 -10.059080
v -1452.496338 -426.964478 5.385369
v -1464.702637 -430.888977 20.626013
v -1476.787964 -435.738617 35.630291
v -1488.707764 -441.543457 50.357990
v -1500.619507 -448.449646 64.980133
v -1512.363892 -456.336487 79.266846
v -1523.873901 -465.103302 93.156219
v -1535.125977 -474.695892 106.636780
v -1546.092407 -485.077545 119.689507
v -1556.741455 -496.227600 132.288406
v -1567.034424 -508.140228 144.398392
v -1576.921387 -520.820862 155.970047
v -1586.542358 -534.529907 167.148376
v -1595.716675 -548.964600 177.709290
v -1604.437378 -564.035950 187.655411
v -1612.697266 -579.683228 196.987244
v -1620.482422 -595.862610 205.695938
v -1627.770386 -612.540649 213.760483
v -1634.526733 -629.690308 221.145645
v -1640.703247 -647.296692 227.798203
v -1646.204102 -665.692261 233.575989
vn 0.7060 -0.0880 -0.7027
vn 0.7098 0.0406 -0.7032
vn 0.7051 -0.0879 -0.7036
vn 0.7051 -0.0879 -0.7037
vn 0.7098 0.0405 -0.7032
vn 0.7096 0.0556 -0.7024
vn 0.7096 0.0557 -0.7024
vn 0.7090 0.0789 -0.7008
vn 0.7090 0.0790 -0.7008
vn 0.7075 0.1105 -0.6981
vn 0.7075 0.1106 -0.6981
vn 0.7075 0.1106 -0.6980
vn 0.7045 0.1513 -0.6934
vn 0.7044 0.1513 -0.6934
vn 0.7044 0.1514 -0.6934
vn 0.6989 0.2026 -0.6859
vn 0.6989 0.2027 -0.6859
vn 0.6898 0.2633 -0.6744
vn 0.6898 0.2635 -0.6744
vn 0.6763 0.3304 -0.6584
vn 0.6763 0.3303 -0.6584
vn 0.6764 0.3303 -0.6584
vn 0.6639 0.3801 -0.6440
vn 0.6638 0.3803 -0.6439
vn 0.6638 0.3804 -0.6439
vn 0.6504 0.4262 -0.6288
vn 0.6504 0.4261 -0.6288
vn 0.6360 0.4691 -0.6127
vn 0.6361 0.4689 -0.6128
vn 0.6362 0.4686 -0.6129
vn 0.6360 0.4690 -0.6128
vn 0.6361 0.4690 -0.6128
vn 0.6203 0.5105 -0.5955
vn 0.6204 0.5104 -0.5956
vn 0.6203 0.5106 -0.5954
vn 0.6033 0.5506 -0.5770
vn 0.6033 0.5505 -0.5770
vn 0.6034 0.5504 -0.5771
vn 0.5845 0.5903 -0.5567
vn 0.5845 0.5902 -0.5568
vn 0.5845 0.5902 -0.5567
vn 0.5635 0.6301 -0.5343
vn 0.5634 0.6302 -0.5342
vn 0.5390 0.6717 -0.5083
vn 0.5389 0.6718 -0.5082
vn 0.5138 0.7098 -0.4818
vn 0.5138 0.7099 -0.4818
vn 0.5139 0.7098 -0.4818
vn 0.4886 0.7443 -0.4553
vn 0.4887 0.7441 -0.4555
vn 0.4888 0.7441 -0.4555
vn 0.4637 0.7750 -0.4294
vn 0.4377 0.8041 -0.4023
vn 0.4376 0.8041 -0.4023
vn 0.4376 0.8042 -0.4023
vn 0.4107 0.8313 -0.3745
vn 0.4108 0.8313 -0.3746
vn 0.3821 0.8573 -0.3450
vn 0.3823 0.8571 -0.3452
vn 0.3820 0.8574 -0.3450
vn 0.3515 0.8821 -0.3137
vn 0.3515 0.8821 -0.3136
vn 0.3514 0.8822 -0.3136
vn 0.3172 0.9065 -0.2787
vn 0.3172 0.9065 -0.2786
vn 0.3173 0.9064 -0.2788
vn 0.3173 0.9065 -0.2787
vn 0.2831 0.9275 -0.2440
vn 0.2833 0.9274 -0.2442
vn 0.2834 0.9274 -0.2442
vn 0.2516 0.9443 -0.2120
vn 0.2517 0.9443 -0.2121
vn 0.2515 0.9444 -0.2119
vn 0.2191 0.9591 -0.1791
vn 0.2192 0.9591 -0.1792
vn 0.2192 0.9591 -0.1793
vn 0.1876 0.9711 -0.1474
vn 0.1877 0.9711 -0.1474
vn 0.1550 0.9812 -0.1146
vn 0.1551 0.9812 -0.1147
vn 0.1209 0.9894 -0.0803
vn 0.1208 0.9894 -0.0803
vn 0.1210 0.9894 -0.0805
vn 0.1209 0.9894 -0.0804
vn 0.0849 0.9954 -0.0444
vn 0.0849 0.9954 -0.0445
vn 0.0467 0.9989 -0.0063
vn 0.0102 0.9995 0.0299
vn 0.0104 0.9995 0.0298
vn 0.0105 0.9995 0.0297
vn 0.0103 0.9995 0.0298
vn -0.0249 0.9976 0.0647
vn -0.0250 0.9976 0.0648
vn -0.0583 0.9935 0.0977
vn -0.0582 0.9935 0.0976
vn -0.0915 0.9872 0.1304
vn -0.0914 0.9873 0.1303
vn -0.1248 0.9787 0.1632
vn -0.1247 0.9787 0.1631
vn -0.1249 0.9787 0.1632
vn -0.1583 0.9678 0.1960
vn -0.1584 0.9677 0.1960
vn -0.1583 0.9677 0.1960
vn -0.1935 0.9537 0.2304
vn -0.1937 0.9536 0.2305
vn -0.1934 0.9537 0.2303
vn -0.2303 0.9360 0.2662
vn -0.2302 0.9360 0.2661
vn -0.2642 0.9169 0.2991
vn -0.2640 0.9170 0.2989
vn -0.2641 0.9170 0.2990
vn -0.2966 0.8960 0.3304
vn -0.2965 0.8961 0.3304
vn -0.3263 0.8744 0.3590
vn -0.3263 0.8744 0.3591
vn -0.3262 0.8745 0.3590
vn -0.3557 0.8506 0.3872
vn -0.3556 0.8506 0.3872
vn -0.3556 0.8507 0.3872
vn -0.3842 0.8249 0.4146
vn -0.3841 0.8250 0.4145
vn -0.4124 0.7969 0.4415
vn -0.4123 0.7970 0.4413
vn -0.4125 0.7968 0.4416
vn -0.4124 0.7969 0.4414
vn -0.4415 0.7649 0.4690
vn -0.4417 0.7647 0.4692
vn -0.4414 0.7650 0.4690
vn -0.4709 0.7290 0.4968
vn -0.4708 0.7291 0.4968
vn -0.4974 0.6931 0.5217
vn -0.4974 0.6932 0.5217
vn -0.5215 0.6572 0.5442
vn -0.5433 0.6215 0.5644
vn -0.5433 0.6214 0.5644
vn -0.5644 0.5836 0.5838
vn -0.5837 0.5455 0.6015
vn -0.5838 0.5452 0.6016
vn -0.5837 0.5456 0.6014
vn -0.5837 0.5455 0.6014
vn -0.6029 0.5035 0.6189
vn -0.6028 0.5036 0.6188
vn -0.6029 0.5035 0.6188
vn -0.6212 0.4590 0.6352
vn -0.6213 0.4586 0.6353
vn -0.6211 0.4590 0.6352
vn -0.6387 0.4107 0.6507
vn -0.6387 0.4109 0.6506
vn -0.6538 0.3633 0.6637
vn -0.6538 0.3634 0.6637
vn -0.6537 0.3635 0.6637
vn -0.6664 0.3178 0.6745
vn -0.6664 0.3179 0.6744
vn -0.6664 0.3177 0.6745
vn -0.6772 0.2726 0.6834
vn -0.6772 0.2728 0.6834
vn -0.6772 0.2727 0.6834
vn -0.6864 0.2278 0.6907
vn -0.6863 0.2281 0.6906
vn -0.6942 0.1816 0.6966
vn -0.6942 0.1815 0.6966
vn -0.6941 0.1819 0.6965
vn -0.7005 0.1338 0.7010
vn -0.7005 0.1340 0.7010
vn -0.7005 0.1337 0.7010
vn -0.7055 0.0830 0.7039
vn -0.7055 0.0830 0.7038
vn -0.7087 0.0289 0.7049
vn -0.7087 0.0290 0.7049
vn -0.7087 0.0291 0.7049
vn -0.7099 -0.0217 0.7040
vn -0.7099 -0.0218 0.7040
vn -0.7092 -0.0703 0.7014
vn -0.7092 -0.0704 0.7014
vn -0.7092 -0.0702 0.7015
vn -0.7071 -0.1170 0.6974
vn -0.7071 -0.1169 0.6974
vn -0.7033 -0.1634 0.6918
vn -0.7033 -0.1635 0.6918
vn -0.7033 -0.1632 0.6919
vn -0.7033 -0.1633 0.6918
vn -0.6981 -0.2093 0.6848
vn -0.6981 -0.2092 0.6848
vn -0.6909 -0.2567 0.6758
vn -0.6910 -0.2566 0.6758
vn -0.6817 -0.3060 0.6646
vn -0.6816 -0.3061 0.6646
vn -0.6817 -0.3058 0.6647
vn -0.6817 -0.3059 0.6646
vn -0.6700 -0.3569 0.6510
vn -0.6700 -0.3568 0.6510
vn -0.6572 -0.4039 0.6364
vn -0.6572 -0.4038 0.6364
vn -0.6435 -0.4475 0.6210
vn -0.6435 -0.4474 0.6211
vn -0.6288 -0.4888 0.6048
vn -0.6288 -0.4886 0.6048
vn -0.6127 -0.5289 0.5872
vn -0.6128 -0.5288 0.5873
vn -0.5949 -0.5688 0.5680
vn -0.5949 -0.5688 0.5679
vn -0.5950 -0.5687 0.5680
vn -0.5949 -0.5687 0.5680
vn -0.5753 -0.6083 0.5468
vn -0.5754 -0.6080 0.5470
vn -0.5753 -0.6083 0.5469
vn -0.5533 -0.6480 0.5234
vn -0.5532 -0.6482 0.5233
vn -0.5533 -0.6479 0.5235
vn -0.5533 -0.6480 0.5235
vn -0.5285 -0.6881 0.4972
vn -0.5286 -0.6880 0.4973
vn -0.5038 -0.7240 0.4712
vn -0.4789 -0.7566 0.4452
vn -0.4790 -0.7565 0.4453
vn -0.4538 -0.7864 0.4191
vn -0.4537 -0.7865 0.4190
vn -0.4540 -0.7862 0.4193
vn -0.4539 -0.7863 0.4192
vn -0.4277 -0.8144 0.3921
vn -0.4279 -0.8143 0.3923
vn -0.4277 -0.8145 0.3921
vn -0.4005 -0.8409 0.3640
vn -0.3712 -0.8664 0.3339
vn -0.3713 -0.8664 0.3339
vn -0.3395 -0.8910 0.3014
vn -0.3394 -0.8911 0.3013
vn -0.3055 -0.9141 0.2667
vn -0.3054 -0.9141 0.2667
vn -0.2723 -0.9336 0.2329
vn -0.2723 -0.9336 0.2330
vn -0.2403 -0.9498 0.2005
vn -0.2404 -0.9497 0.2006
vn -0.2403 -0.9498 0.2006
vn -0.2086 -0.9634 0.1685
vn -0.2088 -0.9633 0.1688
vn -0.2085 -0.9634 0.1684
vn -0.1765 -0.9748 0.1362
vn -0.1767 -0.9748 0.1364
vn -0.1766 -0.9748 0.1363
vn -0.1436 -0.9842 0.1032
vn -0.1438 -0.9842 0.1033
vn -0.1092 -0.9916 0.0687
vn -0.0727 -0.9968 0.0322
vn -0.0725 -0.9969 0.0320
vn -0.0726 -0.9968 0.0322
vn -0.0343 -0.9994 -0.0060
vn -0.0342 -0.9994 -0.0061
vn 0.0016 -0.9991 -0.0417
vn 0.0017 -0.9991 -0.0417
vn 0.0360 -0.9965 -0.0757
vn 0.0361 -0.9965 -0.0758
vn 0.0361 -0.9965 -0.0757
vn 0.0695 -0.9916 -0.1087
vn 0.0695 -0.9916 -0.1088
vn 0.1026 -0.9846 -0.1413
vn 0.1024 -0.9847 -0.1412
vn 0.1025 -0.9846 -0.1413
vn 0.1360 -0.9753 -0.1741
vn 0.1704 -0.9632 -0.2078
vn 0.1705 -0.9632 -0.2079
vn 0.2063 -0.9479 -0.2428
vn 0.2065 -0.9478 -0.2430
vn 0.2063 -0.9479 -0.2429
vn 0.2428 -0.9293 -0.2784
vn 0.2429 -0.9293 -0.2784
vn 0.2429 -0.9292 -0.2785
vn 0.2762 -0.9095 -0.3107
vn 0.2761 -0.9096 -0.3106
vn 0.2761 -0.9095 -0.3106
vn 0.3076 -0.8883 -0.3410
vn 0.3075 -0.8883 -0.3410
vn 0.3076 -0.8883 -0.3411
vn 0.3376 -0.8656 -0.3699
vn 0.3376 -0.8655 -0.3699
vn 0.3667 -0.8410 -0.3978
vn 0.3665 -0.8412 -0.3976
vn 0.3666 -0.8411 -0.3977
vn 0.3953 -0.8142 -0.4252
vn 0.3954 -0.8142 -0.4252
vn 0.4243 -0.7842 -0.4527
vn 0.4245 -0.7840 -0.4529
vn 0.4542 -0.7499 -0.4810
vn 0.4540 -0.7501 -0.4808
vn 0.4828 -0.7133 -0.5080
vn 0.4829 -0.7132 -0.5081
vn 0.4829 -0.7133 -0.5081
vn 0.5085 -0.6771 -0.5320
vn 0.5083 -0.6773 -0.5319
vn 0.5084 -0.6772 -0.5320
vn 0.5319 -0.6406 -0.5538
vn 0.5316 -0.6410 -0.5536
vn 0.5318 -0.6407 -0.5538
vn 0.5535 -0.6036 -0.5738
vn 0.5536 -0.6035 -0.5739
vn 0.5537 -0.6034 -0.5740
vn 0.5536 -0.6034 -0.5739
vn 0.5739 -0.5654 -0.5925
vn 0.5740 -0.5651 -0.5926
vn 0.5739 -0.5652 -0.5926
vn 0.5738 -0.5655 -0.5924
vn 0.5739 -0.5653 -0.5925
vn 0.5934 -0.5247 -0.6103
vn 0.5934 -0.5249 -0.6102
vn 0.5935 -0.5246 -0.6104
vn 0.6122 -0.4814 -0.6272
vn 0.6123 -0.4814 -0.6272
vn 0.6122 -0.4815 -0.6272
vn 0.6121 -0.4817 -0.6271
vn 0.6317 -0.4308 -0.6445
vn 0.6317 -0.4309 -0.6445
vn 0.6316 -0.4309 -0.6445
vn 0.6530 -0.3658 -0.6631
vn 0.6531 -0.3657 -0.6631
vn 0.6685 -0.3097 -0.6762
vn 0.6794 -0.2628 -0.6851
vn 0.6794 -0.2629 -0.6851
vn 0.6866 -0.2264 -0.6909
vn 0.6916 -0.1979 -0.6947
vn 0.6916 -0.1980 -0.6946
vn 0.6947 -0.1778 -0.6970
vn 0.6947 -0.1777 -0.6970
vn 0.6965 -0.1654 -0.6982
vn 0.6965 -0.1651 -0.6983
vn 0.6965 -0.1655 -0.6982
vn 0.6965 -0.1652 -0.6983
vn 0.0243 -0.0969 -0.9950
vn 0.6972 -0.1599 -0.6988
vn 0.6973 -0.1599 -0.6988
vn 0.9912 -0.1292 -0.0286
vn 0.7048 -0.0174 0.7092
vn 0.7046 -0.0167 0.7094
vn 0.7044 -0.0168 0.7096
vn 0.7039 -0.0150 0.7101
vn 0.7033 -0.0125 0.7108
vn 0.7035 -0.0123 0.7106
vn 0.7023 -0.0091 0.7118
vn 0.7009 -0.0051 0.7133
vn 0.7009 -0.0050 0.7132
vn 0.6991 -0.0000 0.7150
vn 0.6992 -0.0000 0.7150
vn 0.6967 0.0058 0.7173
vn 0.6966 0.0057 0.7174
vn 0.6937 0.0112 0.7201
vn 0.6938 0.0112 0.7201
vn 0.6907 0.0153 0.7230
vn 0.6876 0.0185 0.7259
vn 0.6876 0.0184 0.7259
vn 0.6842 0.0212 0.7289
vn 0.6806 0.0235 0.7322
vn 0.6807 0.0236 0.7322
vn 0.6769 0.0256 0.7356
vn 0.6728 0.0273 0.7394
vn 0.6728 0.0273 0.7393
vn 0.6684 0.0287 0.7433
vn 0.6684 0.0288 0.7433
vn 0.6640 0.0294 0.7472
vn 0.6598 0.0292 0.7509
vn 0.6556 0.0284 0.7545
vn 0.6514 0.0272 0.7582
vn 0.6471 0.0258 0.7620
vn 0.6426 0.0240 0.7659
vn 0.6378 0.0218 0.7699
vn 0.6329 0.0193 0.7740
vn 0.6286 0.0159 0.7776
vn 0.6286 0.0158 0.7776
vn 0.6251 0.0116 0.7805
vn 0.6217 0.0070 0.7832
vn 0.6184 0.0023 0.7859
vn 0.6149 -0.0027 0.7886
vn 0.6149 -0.0028 0.7886
vn 0.6114 -0.0081 0.7913
vn 0.6077 -0.0138 0.7941
vn 0.6039 -0.0199 0.7968
vn 0.6039 -0.0200 0.7968
vn 0.6014 -0.0266 0.7985
vn 0.6001 -0.0334 0.7992
vn 0.6001 -0.0334 0.7993
vn 0.5989 -0.0403 0.7998
vn 0.5978 -0.0474 0.8003
vn 0.5965 -0.0547 0.8007
vn 0.5965 -0.0546 0.8008
vn 0.5952 -0.0622 0.8012
vn 0.5938 -0.0700 0.8016
vn 0.5925 -0.0782 0.8018
vn 0.5928 -0.0861 0.8008
vn 0.5927 -0.0861 0.8008
vn 0.5943 -0.0934 0.7988
vn 0.5960 -0.1006 0.7966
vn 0.5976 -0.1080 0.7945
vn 0.5992 -0.1154 0.7923
vn 0.5992 -0.1154 0.7922
vn 0.6006 -0.1231 0.7900
vn 0.6021 -0.1312 0.7876
vn 0.6021 -0.1311 0.7876
vn 0.6038 -0.1393 0.7849
vn 0.6038 -0.1392 0.7849
vn 0.6070 -0.1461 0.7812
vn 0.6113 -0.1517 0.7767
vn 0.6156 -0.1571 0.7722
vn 0.6198 -0.1627 0.7677
vn 0.6239 -0.1683 0.7632
vn 0.6239 -0.1683 0.7631
vn 0.6280 -0.1742 0.7585
vn 0.6279 -0.1741 0.7585
vn 0.6320 -0.1802 0.7537
vn 0.6363 -0.1861 0.7486
vn 0.6418 -0.1901 0.7430
vn 0.6417 -0.1901 0.7430
vn 0.6479 -0.1922 0.7371
vn 0.6538 -0.1943 0.7313
vn 0.6597 -0.1965 0.7254
vn 0.6654 -0.1988 0.7196
vn 0.6711 -0.2012 0.7136
vn 0.6710 -0.2013 0.7136
vn 0.6768 -0.2039 0.7074
vn 0.6827 -0.2061 0.7011
vn 0.6826 -0.2061 0.7011
vn 0.6890 -0.2060 0.6949
vn 0.6955 -0.2041 0.6890
vn 0.7017 -0.2021 0.6832
vn 0.7078 -0.2003 0.6774
vn 0.7138 -0.1987 0.6716
vn 0.7197 -0.1972 0.6657
vn 0.7257 -0.1958 0.6596
vn 0.7257 -0.1957 0.6596
vn 0.7317 -0.1938 0.6535
vn 0.7374 -0.1897 0.6483
vn 0.7427 -0.1840 0.6438
vn 0.7478 -0.1785 0.6395
vn 0.7527 -0.1732 0.6352
vn 0.7575 -0.1681 0.6308
vn 0.7623 -0.1630 0.6263
vn 0.7671 -0.1581 0.6217
vn 0.7717 -0.1527 0.6174
vn 0.7755 -0.1457 0.6143
vn 0.7784 -0.1377 0.6125
vn 0.7812 -0.1300 0.6106
vn 0.7839 -0.1226 0.6087
vn 0.7839 -0.1225 0.6087
vn 0.7864 -0.1154 0.6068
vn 0.7890 -0.1083 0.6048
vn 0.7915 -0.1013 0.6027
vn 0.7915 -0.1014 0.6027
vn 0.7937 -0.0941 0.6010
vn 0.7946 -0.0861 0.6009
vn 0.7947 -0.0778 0.6020
vn 0.7947 -0.0700 0.6030
vn 0.7946 -0.0625 0.6039
vn 0.7945 -0.0553 0.6047
vn 0.7945 -0.0552 0.6047
vn 0.7944 -0.0482 0.6055
vn 0.7942 -0.0412 0.6062
vn 0.7936 -0.0344 0.6075
vn 0.7936 -0.0343 0.6075
vn 0.7918 -0.0276 0.6102
vn 0.7893 -0.0213 0.6137
vn 0.7868 -0.0154 0.6170
vn 0.7843 -0.0098 0.6203
vn 0.7819 -0.0046 0.6234
vn 0.7819 -0.0045 0.6234
vn 0.7795 0.0005 0.6264
vn 0.7795 0.0005 0.6265
vn 0.7770 0.0052 0.6295
vn 0.7741 0.0096 0.6330
vn 0.7704 0.0131 0.6374
vn 0.7664 0.0160 0.6422
vn 0.7625 0.0185 0.6467
vn 0.7625 0.0184 0.6467
vn 0.7587 0.0206 0.6511
vn 0.7587 0.0205 0.6511
vn 0.7551 0.0223 0.6553
vn 0.7551 0.0223 0.6552
vn 0.7515 0.0238 0.6593
vn 0.7515 0.0238 0.6594
vn 0.7479 0.0248 0.6634
vn 0.7479 0.0249 0.6634
vn 0.7441 0.0253 0.6676
vn 0.7441 0.0252 0.6676
vn 0.7400 0.0247 0.6721
vn 0.7360 0.0236 0.6765
vn 0.7361 0.0236 0.6765
vn 0.7324 0.0221 0.6805
vn 0.7323 0.0221 0.6806
vn 0.7288 0.0204 0.6844
vn 0.7255 0.0183 0.6880
vn 0.7223 0.0157 0.6914
vn 0.7224 0.0157 0.6913
vn 0.7194 0.0127 0.6945
vn 0.7193 0.0127 0.6946
vn 0.7162 0.0085 0.6978
vn 0.7163 0.0085 0.6977
vn 0.7133 0.0031 0.7008
vn 0.7134 0.0031 0.7008
vn 0.7108 -0.0023 0.7034
vn 0.7089 -0.0068 0.7053
vn 0.7088 -0.0068 0.7054
vn 0.7075 -0.0106 0.7066
vn 0.7074 -0.0106 0.7067
vn 0.7064 -0.0136 0.7077
vn 0.7067 -0.0135 0.7074
vn 0.7056 -0.0157 0.7084
vn 0.7053 -0.0171 0.7087
vn 0.7049 -0.0178 0.7091
vn -0.7046 0.0173 -0.7094
vn -0.7044 0.0166 -0.7097
vn -0.7046 0.0167 -0.7094
vn -0.7039 0.0148 -0.7101
vn -0.7041 0.0149 -0.7099
vn -0.7035 0.0123 -0.7106
vn -0.7024 0.0089 -0.7117
vn -0.7024 0.0089 -0.7118
vn -0.7010 0.0046 -0.7132
vn -0.6991 -0.0005 -0.7151
vn -0.6991 -0.0005 -0.7150
vn -0.6966 -0.0063 -0.7175
vn -0.6966 -0.0063 -0.7174
vn -0.6936 -0.0118 -0.7203
vn -0.6935 -0.0118 -0.7204
vn -0.6904 -0.0160 -0.7232
vn -0.6873 -0.0192 -0.7261
vn -0.6838 -0.0220 -0.7293
vn -0.6839 -0.0220 -0.7293
vn -0.6803 -0.0244 -0.7326
vn -0.6764 -0.0265 -0.7361
vn -0.6722 -0.0283 -0.7398
vn -0.6677 -0.0297 -0.7438
vn -0.6632 -0.0304 -0.7478
vn -0.6590 -0.0301 -0.7515
vn -0.6589 -0.0301 -0.7516
vn -0.6548 -0.0293 -0.7553
vn -0.6548 -0.0294 -0.7552
vn -0.6505 -0.0282 -0.7590
vn -0.6461 -0.0267 -0.7628
vn -0.6414 -0.0248 -0.7668
vn -0.6415 -0.0249 -0.7668
vn -0.6366 -0.0227 -0.7708
vn -0.6316 -0.0201 -0.7750
vn -0.6272 -0.0166 -0.7787
vn -0.6236 -0.0123 -0.7816
vn -0.6203 -0.0076 -0.7844
vn -0.6203 -0.0077 -0.7843
vn -0.6168 -0.0028 -0.7871
vn -0.6169 -0.0028 -0.7871
vn -0.6134 0.0023 -0.7898
vn -0.6133 0.0023 -0.7898
vn -0.6097 0.0077 -0.7926
vn -0.6097 0.0078 -0.7926
vn -0.6059 0.0136 -0.7954
vn -0.6021 0.0198 -0.7982
vn -0.6021 0.0198 -0.7981
vn -0.5995 0.0265 -0.7999
vn -0.5982 0.0335 -0.8006
vn -0.5971 0.0405 -0.8012
vn -0.5959 0.0477 -0.8017
vn -0.5958 0.0477 -0.8017
vn -0.5946 0.0551 -0.8021
vn -0.5932 0.0627 -0.8026
vn -0.5918 0.0707 -0.8030
vn -0.5905 0.0791 -0.8032
vn -0.5907 0.0870 -0.8022
vn -0.5924 0.0945 -0.8001
vn -0.5941 0.1018 -0.7979
vn -0.5957 0.1093 -0.7957
vn -0.5973 0.1169 -0.7935
vn -0.5988 0.1247 -0.7912
vn -0.6002 0.1329 -0.7887
vn -0.6002 0.1328 -0.7887
vn -0.6019 0.1411 -0.7860
vn -0.6020 0.1411 -0.7860
vn -0.6052 0.1481 -0.7822
vn -0.6096 0.1537 -0.7777
vn -0.6140 0.1592 -0.7731
vn -0.6182 0.1648 -0.7685
vn -0.6182 0.1649 -0.7685
vn -0.6224 0.1706 -0.7639
vn -0.6265 0.1766 -0.7592
vn -0.6265 0.1765 -0.7592
vn -0.6306 0.1827 -0.7543
vn -0.6306 0.1828 -0.7543
vn -0.6350 0.1888 -0.7491
vn -0.6405 0.1928 -0.7434
vn -0.6467 0.1949 -0.7374
vn -0.6528 0.1970 -0.7315
vn -0.6528 0.1970 -0.7314
vn -0.6587 0.1992 -0.7255
vn -0.6646 0.2016 -0.7195
vn -0.6645 0.2016 -0.7195
vn -0.6703 0.2041 -0.7134
vn -0.6703 0.2041 -0.7135
vn -0.6761 0.2068 -0.7072
vn -0.6821 0.2091 -0.7007
vn -0.6885 0.2090 -0.6944
vn -0.6951 0.2070 -0.6884
vn -0.6951 0.2070 -0.6885
vn -0.7015 0.2049 -0.6826
vn -0.7077 0.2031 -0.6767
vn -0.7138 0.2015 -0.6708
vn -0.7198 0.1999 -0.6648
vn -0.7259 0.1985 -0.6586
vn -0.7258 0.1985 -0.6586
vn -0.7319 0.1966 -0.6524
vn -0.7378 0.1924 -0.6470
vn -0.7432 0.1866 -0.6426
vn -0.7483 0.1810 -0.6382
vn -0.7533 0.1756 -0.6338
vn -0.7583 0.1703 -0.6293
vn -0.7583 0.1704 -0.6293
vn -0.7631 0.1653 -0.6248
vn -0.7680 0.1603 -0.6201
vn -0.7727 0.1548 -0.6156
vn -0.7765 0.1477 -0.6126
vn -0.7795 0.1395 -0.6107
vn -0.7823 0.1316 -0.6088
vn -0.7850 0.1241 -0.6069
vn -0.7877 0.1168 -0.6049
vn -0.7902 0.1097 -0.6029
vn -0.7903 0.1096 -0.6029
vn -0.7928 0.1026 -0.6008
vn -0.7950 0.0952 -0.5991
vn -0.7960 0.0870 -0.5990
vn -0.7961 0.0786 -0.6000
vn -0.7961 0.0707 -0.6011
vn -0.7960 0.0631 -0.6020
vn -0.7960 0.0630 -0.6020
vn -0.7959 0.0557 -0.6028
vn -0.7958 0.0485 -0.6036
vn -0.7956 0.0414 -0.6044
vn -0.7950 0.0344 -0.6056
vn -0.7932 0.0276 -0.6084
vn -0.7932 0.0275 -0.6084
vn -0.7906 0.0212 -0.6120
vn -0.7906 0.0211 -0.6120
vn -0.7881 0.0151 -0.6154
vn -0.7856 0.0095 -0.6187
vn -0.7831 0.0041 -0.6219
vn -0.7806 -0.0010 -0.6250
vn -0.7806 -0.0009 -0.6250
vn -0.7781 -0.0058 -0.6281
vn -0.7752 -0.0103 -0.6316
vn -0.7715 -0.0138 -0.6361
vn -0.7674 -0.0167 -0.6410
vn -0.7634 -0.0192 -0.6456
vn -0.7634 -0.0193 -0.6456
vn -0.7596 -0.0214 -0.6500
vn -0.7559 -0.0232 -0.6543
vn -0.7522 -0.0247 -0.6585
vn -0.7522 -0.0246 -0.6584
vn -0.7486 -0.0258 -0.6625
vn -0.7447 -0.0262 -0.6668
vn -0.7406 -0.0256 -0.6714
vn -0.7366 -0.0245 -0.6759
vn -0.7328 -0.0230 -0.6801
vn -0.7292 -0.0212 -0.6839
vn -0.7258 -0.0191 -0.6876
vn -0.7226 -0.0165 -0.6911
vn -0.7226 -0.0166 -0.6911
vn -0.7196 -0.0135 -0.6943
vn -0.7165 -0.0091 -0.6975
vn -0.7135 -0.0036 -0.7007
vn -0.7134 -0.0036 -0.7007
vn -0.7109 0.0019 -0.7033
vn -0.7110 0.0019 -0.7032
vn -0.7091 0.0066 -0.7051
vn -0.7090 0.0065 -0.7052
vn -0.7076 0.0104 -0.7066
vn -0.7075 0.0103 -0.7067
vn -0.7064 0.0133 -0.7076
vn -0.7057 0.0155 -0.7084
vn -0.7053 0.0171 -0.7087
vn -0.7049 0.0175 -0.7091
vn 0.7669 0.4024 -0.5000
vn 0.8307 0.2637 -0.4903
vn 0.6888 0.2689 -0.6732
vn 0.6402 0.4571 -0.6174
vn 0.5090 0.2603 -0.8205
vn 0.5221 0.4040 -0.7511
vn 0.8185 0.3208 -0.4765
vn 0.6773 0.3262 -0.6595
vn 0.6773 0.3263 -0.6594
vn 0.4983 0.3151 -0.8078
vn 0.8050 0.3734 -0.4611
vn 0.6641 0.3793 -0.6443
vn 0.6641 0.3794 -0.6442
vn 0.4864 0.3658 -0.7935
vn 0.7910 0.4191 -0.4457
vn 0.6506 0.4254 -0.6290
vn 0.6506 0.4255 -0.6290
vn 0.4741 0.4098 -0.7793
vn 0.7762 0.4618 -0.4293
vn 0.4608 0.4511 -0.7643
vn 0.7600 0.5027 -0.4120
vn 0.6205 0.5099 -0.5957
vn 0.6205 0.5100 -0.5957
vn 0.4463 0.4908 -0.7483
vn 0.7425 0.5424 -0.3931
vn 0.6034 0.5502 -0.5772
vn 0.6034 0.5502 -0.5771
vn 0.6034 0.5503 -0.5771
vn 0.4305 0.5296 -0.7309
vn 0.7230 0.5819 -0.3723
vn 0.4130 0.5681 -0.7119
vn 0.7011 0.6217 -0.3493
vn 0.5632 0.6306 -0.5340
vn 0.3932 0.6070 -0.6906
vn 0.6768 0.6612 -0.3237
vn 0.5394 0.6710 -0.5087
vn 0.5394 0.6711 -0.5087
vn 0.3710 0.6462 -0.6669
vn 0.6514 0.6982 -0.2971
vn 0.5144 0.7091 -0.4823
vn 0.5143 0.7091 -0.4823
vn 0.3477 0.6833 -0.6421
vn 0.6260 0.7314 -0.2706
vn 0.4893 0.7434 -0.4560
vn 0.4892 0.7434 -0.4560
vn 0.3243 0.7168 -0.6172
vn 0.6003 0.7616 -0.2441
vn 0.4640 0.7747 -0.4297
vn 0.4640 0.7747 -0.4296
vn 0.4639 0.7747 -0.4296
vn 0.3007 0.7474 -0.5924
vn 0.5740 0.7896 -0.2171
vn 0.4381 0.8037 -0.4028
vn 0.4380 0.8037 -0.4028
vn 0.4380 0.8037 -0.4027
vn 0.2764 0.7759 -0.5671
vn 0.5465 0.8158 -0.1890
vn 0.4110 0.8310 -0.3748
vn 0.2511 0.8028 -0.5408
vn 0.5174 0.8408 -0.1592
vn 0.3823 0.8571 -0.3453
vn 0.2242 0.8287 -0.5129
vn 0.4857 0.8648 -0.1272
vn 0.3512 0.8823 -0.3134
vn 0.3512 0.8823 -0.3133
vn 0.3511 0.8823 -0.3133
vn 0.1950 0.8538 -0.4827
vn 0.4521 0.8871 -0.0932
vn 0.3179 0.9060 -0.2794
vn 0.3179 0.9060 -0.2793
vn 0.3179 0.9061 -0.2793
vn 0.1636 0.8777 -0.4504
vn 0.4186 0.9062 -0.0592
vn 0.2844 0.9268 -0.2452
vn 0.2843 0.9268 -0.2452
vn 0.2843 0.9269 -0.2452
vn 0.1319 0.8989 -0.4179
vn 0.3861 0.9221 -0.0263
vn 0.2518 0.9442 -0.2121
vn 0.1010 0.9168 -0.3864
vn 0.3541 0.9352 0.0058
vn 0.2198 0.9588 -0.1798
vn 0.2197 0.9589 -0.1797
vn 0.2197 0.9589 -0.1798
vn 0.0706 0.9320 -0.3555
vn 0.3220 0.9460 0.0379
vn 0.1877 0.9711 -0.1475
vn 0.0403 0.9450 -0.3247
vn 0.2892 0.9547 0.0706
vn 0.1550 0.9813 -0.1145
vn 0.0093 0.9560 -0.2933
vn 0.2550 0.9613 0.1044
vn 0.1209 0.9894 -0.0805
vn -0.0230 0.9651 -0.2608
vn 0.2188 0.9656 0.1402
vn 0.0850 0.9954 -0.0445
vn -0.0573 0.9724 -0.2263
vn 0.1817 0.9673 0.1772
vn 0.0475 0.9988 -0.0071
vn 0.0474 0.9989 -0.0070
vn -0.0930 0.9773 -0.1903
vn 0.1456 0.9662 0.2128
vn 0.0107 0.9995 0.0294
vn 0.0107 0.9995 0.0295
vn -0.1285 0.9795 -0.1549
vn 0.1114 0.9627 0.2467
vn -0.0242 0.9977 0.0640
vn -0.0243 0.9977 0.0641
vn -0.0243 0.9976 0.0641
vn -0.1621 0.9793 -0.1214
vn 0.0783 0.9570 0.2793
vn -0.0579 0.9936 0.0973
vn -0.0580 0.9936 0.0974
vn -0.1946 0.9768 -0.0892
vn 0.0456 0.9492 0.3112
vn -0.0911 0.9873 0.1300
vn -0.0911 0.9873 0.1301
vn -0.0912 0.9873 0.1301
vn -0.2266 0.9723 -0.0575
vn 0.0128 0.9392 0.3431
vn -0.1243 0.9788 0.1627
vn -0.1244 0.9788 0.1627
vn -0.1244 0.9788 0.1628
vn -0.2586 0.9656 -0.0258
vn -0.0209 0.9265 0.3757
vn -0.1584 0.9677 0.1961
vn -0.2913 0.9566 0.0065
vn -0.0558 0.9107 0.4094
vn -0.1936 0.9536 0.2305
vn -0.1937 0.9536 0.2306
vn -0.3255 0.9447 0.0400
vn -0.0906 0.8918 0.4433
vn -0.2295 0.9364 0.2654
vn -0.2295 0.9364 0.2655
vn -0.2296 0.9364 0.2655
vn -0.3603 0.9299 0.0743
vn -0.1235 0.8712 0.4751
vn -0.2638 0.9172 0.2987
vn -0.2639 0.9171 0.2988
vn -0.3939 0.9129 0.1071
vn -0.1541 0.8495 0.5047
vn -0.2957 0.8966 0.3296
vn -0.2958 0.8966 0.3296
vn -0.2958 0.8966 0.3297
vn -0.4253 0.8945 0.1376
vn -0.1831 0.8264 0.5325
vn -0.3260 0.8747 0.3587
vn -0.3260 0.8746 0.3588
vn -0.4551 0.8748 0.1664
vn -0.2112 0.8016 0.5593
vn -0.3551 0.8511 0.3868
vn -0.3552 0.8510 0.3868
vn -0.4837 0.8534 0.1941
vn -0.2390 0.7746 0.5855
vn -0.3838 0.8253 0.4142
vn -0.3839 0.8253 0.4142
vn -0.3839 0.8252 0.4143
vn -0.5119 0.8300 0.2212
vn -0.2668 0.7448 0.6116
vn -0.4125 0.7968 0.4415
vn -0.4126 0.7967 0.4416
vn -0.5402 0.8041 0.2483
vn -0.2950 0.7114 0.6378
vn -0.4416 0.7648 0.4692
vn -0.4417 0.7647 0.4693
vn -0.5690 0.7747 0.2759
vn -0.3220 0.6754 0.6634
vn -0.4703 0.7297 0.4963
vn -0.4704 0.7296 0.4963
vn -0.4704 0.7296 0.4964
vn -0.5975 0.7423 0.3033
vn -0.3467 0.6391 0.6866
vn -0.4970 0.6937 0.5213
vn -0.4971 0.6936 0.5214
vn -0.6244 0.7086 0.3286
vn -0.3691 0.6028 0.7074
vn -0.5211 0.6578 0.5438
vn -0.5212 0.6577 0.5439
vn -0.6488 0.6749 0.3514
vn -0.3897 0.5662 0.7264
vn -0.5434 0.6214 0.5645
vn -0.6713 0.6409 0.3724
vn -0.4089 0.5285 0.7440
vn -0.5641 0.5842 0.5835
vn -0.5641 0.5842 0.5836
vn -0.5641 0.5841 0.5836
vn -0.6924 0.6058 0.3920
vn -0.4273 0.4890 0.7604
vn -0.5839 0.5451 0.6016
vn -0.7124 0.5692 0.4105
vn -0.4450 0.4469 0.7760
vn -0.6028 0.5037 0.6188
vn -0.6029 0.5036 0.6188
vn -0.7318 0.5302 0.4282
vn -0.4621 0.4014 0.7908
vn -0.6213 0.4587 0.6353
vn -0.7508 0.4877 0.4455
vn -0.4773 0.3541 0.8043
vn -0.6385 0.4112 0.6505
vn -0.6386 0.4111 0.6506
vn -0.7688 0.4424 0.4618
vn -0.4903 0.3078 0.8154
vn -0.6535 0.3641 0.6636
vn -0.6536 0.3641 0.6636
vn -0.6536 0.3640 0.6636
vn -0.7847 0.3973 0.4758
vn -0.5011 0.2628 0.8245
vn -0.6662 0.3184 0.6743
vn -0.6663 0.3183 0.6743
vn -0.6663 0.3183 0.6744
vn -0.7984 0.3533 0.4875
vn -0.5102 0.2185 0.8319
vn -0.6771 0.2734 0.6833
vn -0.6771 0.2733 0.6833
vn -0.6771 0.2732 0.6833
vn -0.8102 0.3100 0.4975
vn -0.5178 0.1739 0.8376
vn -0.6863 0.2282 0.6906
vn -0.6863 0.2280 0.6906
vn -0.8204 0.2666 0.5059
vn -0.5241 0.1281 0.8419
vn -0.6941 0.1818 0.6965
vn -0.8292 0.2221 0.5129
vn -0.5292 0.0804 0.8447
vn -0.7006 0.1336 0.7010
vn -0.8367 0.1758 0.5186
vn -0.5327 0.0298 0.8458
vn -0.7055 0.0826 0.7039
vn -0.7055 0.0825 0.7039
vn -0.8429 0.1266 0.5229
vn -0.5339 -0.0215 0.8453
vn -0.7087 0.0300 0.7049
vn -0.7087 0.0299 0.7049
vn -0.8474 0.0754 0.5255
vn -0.5333 -0.0705 0.8430
vn -0.7099 -0.0210 0.7040
vn -0.7099 -0.0211 0.7040
vn -0.8501 0.0254 0.5260
vn -0.5312 -0.1172 0.8391
vn -0.7093 -0.0695 0.7015
vn -0.7093 -0.0696 0.7015
vn -0.7093 -0.0697 0.7015
vn -0.8509 -0.0221 0.5248
vn -0.5275 -0.1624 0.8339
vn -0.7071 -0.1165 0.6975
vn -0.7071 -0.1166 0.6975
vn -0.8502 -0.0681 0.5221
vn -0.5226 -0.2071 0.8271
vn -0.7034 -0.1627 0.6919
vn -0.7034 -0.1628 0.6919
vn -0.8479 -0.1134 0.5180
vn -0.5160 -0.2521 0.8187
vn -0.6981 -0.2091 0.6848
vn -0.8440 -0.1589 0.5123
vn -0.5077 -0.2982 0.8083
vn -0.6909 -0.2568 0.6758
vn -0.8384 -0.2055 0.5049
vn -0.4971 -0.3461 0.7957
vn -0.6816 -0.3062 0.6646
vn -0.8307 -0.2539 0.4954
vn -0.4843 -0.3934 0.7815
vn -0.6702 -0.3558 0.6513
vn -0.6702 -0.3559 0.6513
vn -0.8209 -0.3033 0.4838
vn -0.4705 -0.4378 0.7662
vn -0.6575 -0.4030 0.6367
vn -0.6574 -0.4030 0.6367
vn -0.6574 -0.4031 0.6367
vn -0.8097 -0.3504 0.4706
vn -0.4557 -0.4791 0.7502
vn -0.6437 -0.4469 0.6213
vn -0.6437 -0.4470 0.6212
vn -0.6436 -0.4470 0.6212
vn -0.7975 -0.3943 0.4566
vn -0.4401 -0.5184 0.7332
vn -0.6288 -0.4886 0.6049
vn -0.6288 -0.4887 0.6048
vn -0.7842 -0.4360 0.4416
vn -0.4233 -0.5564 0.7150
vn -0.7696 -0.4762 0.4254
vn -0.4050 -0.5938 0.6953
vn -0.5951 -0.5684 0.5681
vn -0.5951 -0.5685 0.5681
vn -0.7535 -0.5158 0.4077
vn -0.3846 -0.6313 0.6734
vn -0.5754 -0.6081 0.5470
vn -0.7354 -0.5554 0.3882
vn -0.3618 -0.6692 0.6491
vn -0.5532 -0.6481 0.5234
vn -0.5531 -0.6482 0.5233
vn -0.7149 -0.5957 0.3662
vn -0.3370 -0.7056 0.6234
vn -0.5289 -0.6874 0.4977
vn -0.5289 -0.6875 0.4976
vn -0.6921 -0.6356 0.3420
vn -0.3121 -0.7386 0.5976
vn -0.5041 -0.7235 0.4716
vn -0.5041 -0.7236 0.4715
vn -0.6687 -0.6725 0.3172
vn -0.2871 -0.7684 0.5719
vn -0.4792 -0.7562 0.4456
vn -0.4792 -0.7562 0.4455
vn -0.6451 -0.7060 0.2923
vn -0.2619 -0.7959 0.5459
vn -0.4539 -0.7862 0.4192
vn -0.6212 -0.7367 0.2671
vn -0.2359 -0.8215 0.5191
vn -0.4279 -0.8142 0.3923
vn -0.4279 -0.8143 0.3922
vn -0.5964 -0.7656 0.2413
vn -0.2086 -0.8458 0.4911
vn -0.4006 -0.8408 0.3641
vn -0.5704 -0.7930 0.2142
vn -0.1794 -0.8690 0.4612
vn -0.3712 -0.8665 0.3338
vn -0.5425 -0.8194 0.1853
vn -0.1477 -0.8913 0.4287
vn -0.3393 -0.8911 0.3012
vn -0.5120 -0.8451 0.1540
vn -0.1148 -0.9113 0.3955
vn -0.3059 -0.9138 0.2672
vn -0.3059 -0.9138 0.2671
vn -0.4796 -0.8691 0.1209
vn -0.0825 -0.9280 0.3632
vn -0.2729 -0.9333 0.2336
vn -0.2729 -0.9333 0.2335
vn -0.2728 -0.9333 0.2335
vn -0.4476 -0.8899 0.0880
vn -0.0512 -0.9420 0.3318
vn -0.2407 -0.9496 0.2010
vn -0.2407 -0.9496 0.2009
vn -0.2406 -0.9496 0.2009
vn -0.4164 -0.9075 0.0561
vn -0.0202 -0.9535 0.3008
vn -0.2089 -0.9633 0.1688
vn -0.2088 -0.9633 0.1687
vn -0.3854 -0.9224 0.0246
vn 0.0110 -0.9629 0.2695
vn -0.1768 -0.9747 0.1365
vn -0.1768 -0.9748 0.1364
vn -0.3541 -0.9352 -0.0070
vn 0.0431 -0.9705 0.2374
vn -0.1438 -0.9842 0.1034
vn -0.1437 -0.9842 0.1033
vn -0.3221 -0.9459 -0.0394
vn 0.0768 -0.9760 0.2037
vn -0.1093 -0.9916 0.0688
vn -0.2884 -0.9547 -0.0733
vn 0.1125 -0.9793 0.1682
vn -0.0726 -0.9968 0.0321
vn -0.2525 -0.9614 -0.1093
vn 0.1487 -0.9800 0.1326
vn -0.0350 -0.9994 -0.0053
vn -0.0349 -0.9994 -0.0054
vn -0.2156 -0.9655 -0.1462
vn 0.1833 -0.9781 0.0987
vn 0.0012 -0.9992 -0.0412
vn 0.0012 -0.9991 -0.0412
vn 0.0012 -0.9991 -0.0413
vn -0.1799 -0.9667 -0.1819
vn 0.2163 -0.9741 0.0663
vn 0.0357 -0.9965 -0.0754
vn -0.1458 -0.9655 -0.2158
vn 0.2484 -0.9680 0.0350
vn 0.0692 -0.9917 -0.1085
vn 0.0693 -0.9917 -0.1085
vn -0.1127 -0.9620 -0.2487
vn 0.2801 -0.9600 0.0039
vn 0.1025 -0.9847 -0.1412
vn -0.0799 -0.9563 -0.2812
vn 0.3123 -0.9496 -0.0274
vn 0.1360 -0.9753 -0.1742
vn -0.0467 -0.9483 -0.3140
vn 0.3453 -0.9366 -0.0597
vn -0.0126 -0.9376 -0.3476
vn 0.3797 -0.9204 -0.0930
vn 0.2064 -0.9478 -0.2430
vn 0.0231 -0.9236 -0.3826
vn 0.4136 -0.9017 -0.1257
vn 0.2422 -0.9296 -0.2778
vn 0.2423 -0.9296 -0.2778
vn 0.0587 -0.9068 -0.4174
vn 0.4453 -0.8816 -0.1562
vn 0.2759 -0.9097 -0.3104
vn 0.0923 -0.8882 -0.4501
vn 0.4750 -0.8604 -0.1846
vn 0.3073 -0.8885 -0.3407
vn 0.3073 -0.8885 -0.3408
vn 0.3074 -0.8885 -0.3408
vn 0.1237 -0.8681 -0.4806
vn 0.5034 -0.8378 -0.2115
vn 0.3373 -0.8658 -0.3696
vn 0.3373 -0.8658 -0.3697
vn 0.3374 -0.8658 -0.3697
vn 0.1537 -0.8465 -0.5097
vn 0.5309 -0.8134 -0.2377
vn 0.1829 -0.8229 -0.5379
vn 0.5582 -0.7867 -0.2635
vn 0.2118 -0.7970 -0.5657
vn 0.5857 -0.7570 -0.2895
vn 0.2409 -0.7679 -0.5935
vn 0.6135 -0.7238 -0.3157
vn 0.4540 -0.7502 -0.4808
vn 0.4540 -0.7501 -0.4809
vn 0.2705 -0.7351 -0.6217
vn 0.6402 -0.6887 -0.3405
vn 0.4824 -0.7139 -0.5076
vn 0.2990 -0.6998 -0.6487
vn 0.6643 -0.6535 -0.3628
vn 0.5082 -0.6775 -0.5317
vn 0.5082 -0.6775 -0.5318
vn 0.3251 -0.6641 -0.6732
vn 0.6863 -0.6184 -0.3828
vn 0.5316 -0.6411 -0.5536
vn 0.3487 -0.6284 -0.6954
vn 0.7066 -0.5827 -0.4014
vn 0.5533 -0.6039 -0.5736
vn 0.5533 -0.6039 -0.5737
vn 0.5534 -0.6039 -0.5737
vn 0.3706 -0.5919 -0.7157
vn 0.7258 -0.5457 -0.4188
vn 0.5738 -0.5655 -0.5925
vn 0.3912 -0.5541 -0.7348
vn 0.7441 -0.5068 -0.4353
vn 0.5934 -0.5249 -0.6103
vn 0.4110 -0.5140 -0.7529
vn 0.7619 -0.4648 -0.4510
vn 0.6124 -0.4811 -0.6273
vn 0.6124 -0.4811 -0.6274
vn 0.4301 -0.4707 -0.7703
vn 0.7810 -0.4141 -0.4675
vn 0.6326 -0.4281 -0.6453
vn 0.6326 -0.4281 -0.6454
vn 0.6327 -0.4281 -0.6454
vn 0.4505 -0.4181 -0.7888
vn 0.7969 -0.3649 -0.4815
vn 0.6499 -0.3762 -0.6604
vn 0.4680 -0.3668 -0.8040
vn 0.7143 -0.5084 -0.4809
vn 0.5767 -0.5597 -0.5951
vn 0.5767 -0.5598 -0.5951
vn 0.4645 -0.5061 -0.7267
vn 0.5526 0.6491 -0.5227
vn 0.7817 0.4557 -0.4259
vn 0.9284 0.2428 -0.2812
vn 0.9167 0.2962 -0.2681
vn 0.9035 0.3457 -0.2533
vn 0.8901 0.3883 -0.2385
vn 0.8758 0.4282 -0.2228
vn 0.8603 0.4662 -0.2062
vn 0.8434 0.5033 -0.1881
vn 0.8248 0.5399 -0.1681
vn 0.8038 0.5766 -0.1461
vn 0.7806 0.6131 -0.1218
vn 0.7563 0.6471 -0.0965
vn 0.7320 0.6776 -0.0714
vn 0.7075 0.7052 -0.0462
vn 0.6825 0.7306 -0.0205
vn 0.6565 0.7543 0.0061
vn 0.6287 0.7769 0.0344
vn 0.5988 0.7983 0.0646
vn 0.5671 0.8180 0.0965
vn 0.5354 0.8348 0.1284
vn 0.5047 0.8485 0.1592
vn 0.4746 0.8596 0.1894
vn 0.4444 0.8685 0.2196
vn 0.4136 0.8754 0.2502
vn 0.3817 0.8803 0.2819
vn 0.3479 0.8830 0.3152
vn 0.3130 0.8831 0.3494
vn 0.2795 0.8807 0.3824
vn 0.2475 0.8761 0.4138
vn 0.2167 0.8694 0.4439
vn 0.1865 0.8608 0.4735
vn 0.1562 0.8501 0.5030
vn 0.1252 0.8368 0.5330
vn 0.0931 0.8206 0.5638
vn 0.0610 0.8017 0.5946
vn 0.0308 0.7812 0.6235
vn 0.0028 0.7596 0.6504
vn -0.0236 0.7368 0.6757
vn -0.0491 0.7125 0.7000
vn -0.0741 0.6862 0.7236
vn -0.0992 0.6572 0.7471
vn -0.1245 0.6251 0.7706
vn -0.1489 0.5906 0.7931
vn -0.1710 0.5558 0.8136
vn -0.1908 0.5212 0.8319
vn -0.2089 0.4863 0.8485
vn -0.2258 0.4504 0.8638
vn -0.2418 0.4130 0.8780
vn -0.2570 0.3733 0.8914
vn -0.2716 0.3304 0.9039
vn -0.2847 0.2861 0.9149
vn -0.2955 0.2428 0.9240
vn -0.3043 0.2008 0.9312
vn -0.3116 0.1594 0.9368
vn -0.3174 0.1179 0.9409
vn -0.3220 0.0754 0.9437
vn -0.3253 0.0312 0.9451
vn -0.3272 -0.0154 0.9448
vn -0.3273 -0.0626 0.9429
vn -0.3255 -0.1076 0.9394
vn -0.3222 -0.1504 0.9347
vn -0.3176 -0.1918 0.9286
vn -0.3118 -0.2325 0.9213
vn -0.3044 -0.2735 0.9124
vn -0.2955 -0.3153 0.9018
vn -0.2845 -0.3587 0.8890
vn -0.2718 -0.4015 0.8746
vn -0.2580 -0.4413 0.8595
vn -0.2433 -0.4785 0.8437
vn -0.2279 -0.5136 0.8272
vn -0.2115 -0.5475 0.8096
vn -0.1935 -0.5808 0.7907
vn -0.1738 -0.6141 0.7699
vn -0.1520 -0.6476 0.7467
vn -0.1286 -0.6796 0.7222
vn -0.1050 -0.7085 0.6979
vn -0.0814 -0.7346 0.6736
vn -0.0576 -0.7583 0.6493
vn -0.0331 -0.7804 0.6244
vn -0.0075 -0.8013 0.5982
vn 0.0199 -0.8211 0.5704
vn 0.0493 -0.8399 0.5404
vn 0.0797 -0.8567 0.5097
vn 0.1094 -0.8705 0.4799
vn 0.1383 -0.8817 0.4511
vn 0.1669 -0.8908 0.4227
vn 0.1956 -0.8980 0.3941
vn 0.2251 -0.9034 0.3648
vn 0.2560 -0.9071 0.3342
vn 0.2885 -0.9086 0.3019
vn 0.3213 -0.9078 0.2695
vn 0.3527 -0.9048 0.2388
vn 0.3826 -0.8998 0.2096
vn 0.4117 -0.8931 0.1813
vn 0.4404 -0.8846 0.1534
vn 0.4694 -0.8740 0.1253
vn 0.4992 -0.8611 0.0965
vn 0.5300 -0.8454 0.0666
vn 0.5604 -0.8274 0.0372
vn 0.5888 -0.8082 0.0101
vn 0.6153 -0.7881 -0.0152
vn 0.6406 -0.7669 -0.0391
vn 0.6652 -0.7440 -0.0624
vn 0.6895 -0.7192 -0.0852
vn 0.7139 -0.6918 -0.1082
vn 0.7386 -0.6612 -0.1314
vn 0.7622 -0.6290 -0.1534
vn 0.7836 -0.5967 -0.1730
vn 0.8030 -0.5646 -0.1908
vn 0.8209 -0.5322 -0.2070
vn 0.8378 -0.4987 -0.2224
vn 0.8539 -0.4635 -0.2368
vn 0.8696 -0.4255 -0.2506
vn 0.8862 -0.3800 -0.2651
vn 0.9003 -0.3352 -0.2777
vn 0.7243 -0.5550 -0.4091
vn 0.4662 -0.7351 -0.4923
vn 0.5526 0.6491 -0.5228
vn 0.4661 -0.7351 -0.4923
vn 0.4545 0.4555 -0.7655
vn 0.3862 -0.5540 -0.7375
vn 0.3042 0.2381 -0.9224
vn 0.2949 0.2874 -0.9113
vn 0.2845 0.3330 -0.8990
vn 0.2738 0.3726 -0.8867
vn 0.2623 0.4100 -0.8736
vn 0.2499 0.4458 -0.8595
vn 0.2362 0.4810 -0.8443
vn 0.2210 0.5160 -0.8276
vn 0.2038 0.5515 -0.8089
vn 0.1844 0.5873 -0.7881
vn 0.1638 0.6214 -0.7662
vn 0.1432 0.6524 -0.7442
vn 0.1225 0.6807 -0.7222
vn 0.1012 0.7071 -0.6998
vn 0.0790 0.7322 -0.6764
vn 0.0553 0.7565 -0.6516
vn 0.0296 0.7802 -0.6248
vn 0.0017 0.8029 -0.5961
vn -0.0267 0.8233 -0.5670
vn -0.0543 0.8407 -0.5387
vn -0.0815 0.8557 -0.5110
vn -0.1085 0.8687 -0.4832
vn -0.1362 0.8800 -0.4549
vn -0.1650 0.8897 -0.4256
vn -0.1957 0.8978 -0.3946
vn -0.2281 0.9038 -0.3621
vn -0.2603 0.9074 -0.3298
vn -0.2910 0.9087 -0.2992
vn -0.3205 0.9081 -0.2697
vn -0.3495 0.9055 -0.2407
vn -0.3786 0.9010 -0.2116
vn -0.4083 0.8945 -0.1820
vn -0.4395 0.8854 -0.1512
vn -0.4716 0.8736 -0.1197
vn -0.5029 0.8597 -0.0892
vn -0.5321 0.8445 -0.0608
vn -0.5596 0.8280 -0.0338
vn -0.5863 0.8101 -0.0078
vn -0.6125 0.7903 0.0177
vn -0.6388 0.7682 0.0431
vn -0.6657 0.7430 0.0691
vn -0.6928 0.7149 0.0949
vn -0.7184 0.6853 0.1191
vn -0.7417 0.6557 0.1411
vn -0.7633 0.6256 0.1614
vn -0.7835 0.5947 0.1803
vn -0.8027 0.5623 0.1984
vn -0.8215 0.5278 0.2159
vn -0.8400 0.4901 0.2329
vn -0.8579 0.4495 0.2489
vn -0.8739 0.4087 0.2631
vn -0.8878 0.3688 0.2752
vn -0.8999 0.3296 0.2857
vn -0.9104 0.2902 0.2948
vn -0.9198 0.2499 0.3026
vn -0.9279 0.2079 0.3094
vn -0.9351 0.1631 0.3147
vn -0.9409 0.1162 0.3183
vn -0.9448 0.0699 0.3201
vn -0.9470 0.0259 0.3203
vn -0.9476 -0.0167 0.3192
vn -0.9467 -0.0587 0.3167
vn -0.9444 -0.1009 0.3128
vn -0.9406 -0.1440 0.3074
vn -0.9350 -0.1890 0.3001
vn -0.9275 -0.2352 0.2905
vn -0.9185 -0.2797 0.2795
vn -0.9084 -0.3212 0.2676
vn -0.8972 -0.3607 0.2549
vn -0.8848 -0.3987 0.2410
vn -0.8710 -0.4362 0.2258
vn -0.8555 -0.4738 0.2090
vn -0.8377 -0.5121 0.1896
vn -0.8179 -0.5503 0.1680
vn -0.7972 -0.5859 0.1457
vn -0.7761 -0.6184 0.1234
vn -0.7547 -0.6483 0.1008
vn -0.7325 -0.6764 0.0774
vn -0.7091 -0.7032 0.0531
vn -0.6839 -0.7290 0.0270
vn -0.6565 -0.7544 -0.0015
vn -0.6272 -0.7782 -0.0319
vn -0.5978 -0.7992 -0.0623
vn -0.5691 -0.8171 -0.0917
vn -0.5406 -0.8325 -0.1208
vn -0.5119 -0.8459 -0.1500
vn -0.4823 -0.8573 -0.1799
vn -0.4513 -0.8670 -0.2112
vn -0.4182 -0.8748 -0.2446
vn -0.3841 -0.8801 -0.2792
vn -0.3508 -0.8827 -0.3127
vn -0.3189 -0.8829 -0.3446
vn -0.2879 -0.8810 -0.3755
vn -0.2572 -0.8769 -0.4060
vn -0.2261 -0.8707 -0.4368
vn -0.1941 -0.8619 -0.4684
vn -0.1607 -0.8502 -0.5014
vn -0.1273 -0.8356 -0.5344
vn -0.0955 -0.8192 -0.5655
vn -0.0658 -0.8014 -0.5946
vn -0.0374 -0.7820 -0.6222
vn -0.0097 -0.7607 -0.6491
vn 0.0177 -0.7372 -0.6755
vn 0.0453 -0.7107 -0.7020
vn 0.0734 -0.6807 -0.7289
vn 0.1004 -0.6482 -0.7548
vn 0.1252 -0.6152 -0.7783
vn 0.1478 -0.5821 -0.7996
vn 0.1688 -0.5482 -0.8191
vn 0.1885 -0.5130 -0.8375
vn 0.2074 -0.4756 -0.8549
vn 0.2257 -0.4351 -0.8716
vn 0.2452 -0.3858 -0.8894
vn 0.2617 -0.3377 -0.9041
vt 0.000000 0.000000
vt 0.000000 0.398914
vt 0.250000 0.398914
vt 0.250000 0.000000
vt 0.500000 0.398914
vt 0.500000 0.000000
vt 0.750000 0.398914
vt 0.750000 0.000000
vt 1.000000 0.398914
vt 1.000000 0.000000
vt 0.000000 0.802846
vt 0.250000 0.802846
vt 0.500000 0.802846
vt 0.750000 0.802846
vt 1.000000 0.802846
vt 0.000000 1.205831
vt 0.250000 1.205831
vt 0.500000 1.205831
vt 0.750000 1.205831
vt 1.000000 1.205831
vt 0.000000 1.608004
vt 0.250000 1.608004
vt 0.500000 1.608004
vt 0.750000 1.608004
vt 1.000000 1.608004
vt 0.000000 2.009513
vt 0.250000 2.009513
vt 0.500000 2.009513
vt 0.750000 2.009513
vt 1.000000 2.009513
vt 0.000000 2.410563
vt 0.250000 2.410563
vt 0.500000 2.410563
vt 0.750000 2.410563
vt 1.000000 2.410563
vt 0.000000 2.811429
vt 0.250000 2.811429
vt 0.500000 2.811429
vt 0.750000 2.811429
vt 1.000000 2.811429
vt 0.000000 3.212572
vt 0.250000 3.212572
vt 0.500000 3.212572
vt 0.750000 3.212572
vt 1.000000 3.212572
vt 0.000000 3.618797
vt 0.250000 3.618797
vt 0.500000 3.618797
vt 0.750000 3.618797
vt 1.000000 3.618797
vt 0.000000 4.023946
vt 0.250000 4.023946
vt 0.500000 4.023946
vt 0.750000 4.023946
vt 1.000000 4.023946
vt 0.000000 4.428080
vt 0.250000 4.428080
vt 0.500000 4.428080
vt 0.750000 4.428080
vt 1.000000 4.428080
vt 0.000000 4.831222
vt 0.250000 4.831222
vt 0.500000 4.831222
vt 0.750000 4.831222
vt 1.000000 4.831222
vt 0.000000 5.233401
vt 0.250000 5.233401
vt 0.500000 5.233401
vt 0.750000 5.233401
vt 1.000000 5.233401
vt 0.000000 5.634614
vt 0.250000 5.634614
vt 0.500000 5.634614
vt 0.750000 5.634614
vt 1.000000 5.634614
vt 0.000000 6.034842
vt 0.250000 6.034842
vt 0.500000 6.034842
vt 0.750000 6.034842
vt 1.000000 6.034842
vt 0.000000 6.434668
vt 0.250000 6.434668
vt 0.500000 6.434668
vt 0.750000 6.434668
vt 1.000000 6.434668
vt 0.000000 6.840759
vt 0.250000 6.840759
vt 0.500000 6.840759
vt 0.750000 6.840759
vt 1.000000 6.840759
vt 0.000000 7.245788
vt 0.250000 7.245788
vt 0.500000 7.245788
vt 0.750000 7.245788
vt 1.000000 7.245788
vt 0.000000 7.649808
vt 0.250000 7.649808
vt 0.500000 7.649808
vt 0.750000 7.649808
vt 1.000000 7.649808
vt 0.000000 8.052850
vt 0.250000 8.052850
vt 0.500000 8.052850
vt 0.750000 8.052850
vt 1.000000 8.052850
vt 0.000000 8.454915
vt 0.250000 8.454915
vt 0.500000 8.454915
vt 0.750000 8.454915
vt 1.000000 8.454915
vt 0.000000 8.856030
vt 0.250000 8.856030
vt 0.500000 8.856030
vt 0.750000 8.856030
vt 1.000000 8.856030
vt 0.000000 9.256145
vt 0.250000 9.256145
vt 0.500000 9.256145
vt 0.750000 9.256145
vt 1.000000 9.256145
vt 0.000000 9.656472
vt 0.250000 9.656472
vt 0.500000 9.656472
vt 0.750000 9.656472
vt 1.000000 9.656472
vt 0.000000 10.062432
vt 0.250000 10.062432
vt 0.500000 10.062432
vt 0.750000 10.062432
vt 1.000000 10.062432
vt 0.000000 10.467348
vt 0.250000 10.467348
vt 0.500000 10.467348
vt 0.750000 10.467348
vt 1.000000 10.467348
vt 0.000000 10.871264
vt 0.250000 10.871264
vt 0.500000 10.871264
vt 0.750000 10.871264
vt 1.000000 10.871264
vt 0.000000 11.274203
vt 0.250000 11.274203
vt 0.500000 11.274203
vt 0.750000 11.274203
vt 1.000000 11.274203
vt 0.000000 11.676196
vt 0.250000 11.676196
vt 0.500000 11.676196
vt 0.750000 11.676196
vt 1.000000 11.676196
vt 0.000000 12.077229
vt 0.250000 12.077229
vt 0.500000 12.077229
vt 0.750000 12.077229
vt 1.000000 12.077229
vt 0.000000 12.477284
vt 0.250000 12.477284
vt 0.500000 12.477284
vt 0.750000 12.477284
vt 1.000000 12.477284
vt 0.000000 12.878160
vt 0.250000 12.878160
vt 0.500000 12.878160
vt 0.750000 12.878160
vt 1.000000 12.878160
vt 0.000000 13.283989
vt 0.250000 13.283989
vt 0.500000 13.283989
vt 0.750000 13.283989
vt 1.000000 13.283989
vt 0.000000 13.688789
vt 0.250000 13.688789
vt 0.500000 13.688789
vt 0.750000 13.688789
vt 1.000000 13.688789
vt 0.000000 14.092610
vt 0.250000 14.092610
vt 0.500000 14.092610
vt 0.750000 14.092610
vt 1.000000 14.092610
vt 0.000000 14.495486
vt 0.250000 14.495486
vt 0.500000 14.495486
vt 0.750000 14.495486
vt 1.000000 14.495486
vt 0.000000 14.897399
vt 0.250000 14.897399
vt 0.500000 14.897399
vt 0.750000 14.897399
vt 1.000000 14.897399
vt 0.000000 15.298375
vt 0.250000 15.298375
vt 0.500000 15.298375
vt 0.750000 15.298375
vt 1.000000 15.298375
vt 0.000000 15.698374
vt 0.250000 15.698374
vt 0.500000 15.698374
vt 0.750000 15.698374
vt 1.000000 15.698374
vt 0.000000 16.099718
vt 0.250000 16.099718
vt 0.500000 16.099718
vt 0.750000 16.099718
vt 1.000000 16.099718
vt 0.000000 16.505442
vt 0.250000 16.505442
vt 0.500000 16.505442
vt 0.750000 16.505442
vt 1.000000 16.505442
vt 0.000000 16.910149
vt 0.250000 16.910149
vt 0.500000 16.910149
vt 0.750000 16.910149
vt 1.000000 16.910149
vt 0.000000 17.313889
vt 0.250000 17.313889
vt 0.500000 17.313889
vt 0.750000 17.313889
vt 1.000000 17.313889
vt 0.000000 17.716688
vt 0.250000 17.716688
vt 0.500000 17.716688
vt 0.750000 17.716688
vt 1.000000 17.716688
vt 0.000000 18.118540
vt 0.250000 18.118540
vt 0.500000 18.118540
vt 0.750000 18.118540
vt 1.000000 18.118540
vt 0.000000 18.519449
vt 0.250000 18.519449
vt 0.500000 18.519449
vt 0.750000 18.519449
vt 1.000000 18.519449
vt 0.000000 18.919407
vt 0.250000 18.919407
vt 0.500000 18.919407
vt 0.750000 18.919407
vt 1.000000 18.919407
vt 0.000000 19.321100
vt 0.250000 19.321100
vt 0.500000 19.321100
vt 0.750000 19.321100
vt 1.000000 19.321100
vt 0.000000 19.726753
vt 0.250000 19.726753
vt 0.500000 19.726753
vt 0.750000 19.726753
vt 1.000000 19.726753
vt 0.000000 20.131386
vt 0.250000 20.131386
vt 0.500000 20.131386
vt 0.750000 20.131386
vt 1.000000 20.131386
vt 0.000000 20.535063
vt 0.250000 20.535063
vt 0.500000 20.535063
vt 0.750000 20.535063
vt 1.000000 20.535063
vt 0.000000 20.937807
vt 0.250000 20.937807
vt 0.500000 20.937807
vt 0.750000 20.937807
vt 1.000000 20.937807
vt 0.000000 21.339621
vt 0.250000 21.339621
vt 0.500000 21.339621
vt 0.750000 21.339621
vt 1.000000 21.339621
vt 0.000000 21.740479
vt 0.250000 21.740479
vt 0.500000 21.740479
vt 0.750000 21.740479
vt 1.000000 21.740479
vt 0.000000 22.140392
vt 0.250000 22.140392
vt 0.500000 22.140392
vt 0.750000 22.140392
vt 1.000000 22.140392
vt 0.000000 22.542332
vt 0.250000 22.542332
vt 0.500000 22.542332
vt 0.750000 22.542332
vt 1.000000 22.542332
vt 0.000000 22.947912
vt 0.250000 22.947912
vt 0.500000 22.947912
vt 0.750000 22.947912
vt 1.000000 22.947912
vt 0.000000 23.352489
vt 0.250000 23.352489
vt 0.500000 23.352489
vt 0.750000 23.352489
vt 1.000000 23.352489
vt 0.000000 23.756123
vt 0.250000 23.756123
vt 0.500000 23.756123
vt 0.750000 23.756123
vt 1.000000 23.756123
vt 0.000000 24.158819
vt 0.250000 24.158819
vt 0.500000 24.158819
vt 0.750000 24.158819
vt 1.000000 24.158819
vt 0.000000 24.560579
vt 0.250000 24.560579
vt 0.500000 24.560579
vt 0.750000 24.560579
vt 1.000000 24.560579
vt 0.000000 24.961407
vt 0.250000 24.961407
vt 0.500000 24.961407
vt 0.750000 24.961407
vt 1.000000 24.961407
vt 0.000000 25.361279
vt 0.250000 25.361279
vt 0.500000 25.361279
vt 0.750000 25.361279
vt 1.000000 25.361279
vt 0.000000 25.763409
vt 0.250000 25.763409
vt 0.500000 25.763409
vt 0.750000 25.763409
vt 1.000000 25.763409
vt 0.000000 26.168932
vt 0.250000 26.168932
vt 0.500000 26.168932
vt 0.750000 26.168932
vt 1.000000 26.168932
vt 0.000000 26.573475
vt 0.250000 26.573475
vt 0.500000 26.573475
vt 0.750000 26.573475
vt 1.000000 26.573475
vt 0.000000 26.977053
vt 0.250000 26.977053
vt 0.500000 26.977053
vt 0.750000 26.977053
vt 1.000000 26.977053
vt 0.000000 27.379698
vt 0.250000 27.379698
vt 0.500000 27.379698
vt 0.750000 27.379698
vt 1.000000 27.379698
vt 0.000000 27.781416
vt 0.250000 27.781416
vt 0.500000 27.781416
vt 0.750000 27.781416
vt 1.000000 27.781416
vt 0.000000 28.182209
vt 0.250000 28.182209
vt 0.500000 28.182209
vt 0.750000 28.182209
vt 1.000000 28.182209
vt 0.000000 28.582027
vt 0.250000 28.582027
vt 0.500000 28.582027
vt 0.750000 28.582027
vt 1.000000 28.582027
vt 0.000000 28.984339
vt 0.250000 28.984339
vt 0.500000 28.984339
vt 0.750000 28.984339
vt 1.000000 28.984339
vt 0.000000 29.389822
vt 0.250000 29.389822
vt 0.500000 29.389822
vt 0.750000 29.389822
vt 1.000000 29.389822
vt 0.000000 29.794315
vt 0.250000 29.794315
vt 0.500000 29.794315
vt 0.750000 29.794315
vt 1.000000 29.794315
vt 0.000000 30.197845
vt 0.250000 30.197845
vt 0.500000 30.197845
vt 0.750000 30.197845
vt 1.000000 30.197845
vt 0.000000 30.600451
vt 0.250000 30.600451
vt 0.500000 30.600451
vt 0.750000 30.600451
vt 1.000000 30.600451
vt 0.000000 31.002123
vt 0.250000 31.002123
vt 0.500000 31.002123
vt 0.750000 31.002123
vt 1.000000 31.002123
vt 0.000000 31.402843
vt 0.250000 31.402843
vt 0.500000 31.402843
vt 0.750000 31.402843
vt 1.000000 31.402843
vt 0.000000 31.802605
vt 0.250000 31.802605
vt 0.500000 31.802605
vt 0.750000 31.802605
vt 1.000000 31.802605
vt 0.000000 32.205181
vt 0.250000 32.205181
vt 0.500000 32.205181
vt 0.750000 32.205181
vt 1.000000 32.205181
vt 0.000000 32.610622
vt 0.250000 32.610622
vt 0.500000 32.610622
vt 0.750000 32.610622
vt 1.000000 32.610622
vt 0.000000 33.015072
vt 0.250000 33.015072
vt 0.500000 33.015072
vt 0.750000 33.015072
vt 1.000000 33.015072
vt 0.000000 33.418556
vt 0.250000 33.418556
vt 0.500000 33.418556
vt 0.750000 33.418556
vt 1.000000 33.418556
vt 0.000000 33.821091
vt 0.250000 33.821091
vt 0.500000 33.821091
vt 0.750000 33.821091
vt 1.000000 33.821091
vt 0.000000 34.222706
vt 0.250000 34.222706
vt 0.500000 34.222706
vt 0.750000 34.222706
vt 1.000000 34.222706
vt 0.000000 34.623371
vt 0.250000 34.623371
vt 0.500000 34.623371
vt 0.750000 34.623371
vt 1.000000 34.623371
vt 0.000000 35.023052
vt 0.250000 35.023052
vt 0.500000 35.023052
vt 0.750000 35.023052
vt 1.000000 35.023052
vt 0.000000 35.426079
vt 0.250000 35.426079
vt 0.500000 35.426079
vt 0.750000 35.426079
vt 1.000000 35.426079
vt 0.000000 35.831470
vt 0.250000 35.831470
vt 0.500000 35.831470
vt 0.750000 35.831470
vt 1.000000 35.831470
vt 0.000000 36.235874
vt 0.250000 36.235874
vt 0.500000 36.235874
vt 0.750000 36.235874
vt 1.000000 36.235874
vt 0.000000 36.639305
vt 0.250000 36.639305
vt 0.500000 36.639305
vt 0.750000 36.639305
vt 1.000000 36.639305
vt 0.000000 37.041786
vt 0.250000 37.041786
vt 0.500000 37.041786
vt 0.750000 37.041786
vt 1.000000 37.041786
vt 0.000000 37.443321
vt 0.250000 37.443321
vt 0.500000 37.443321
vt 0.750000 37.443321
vt 1.000000 37.443321
vt 0.000000 37.843887
vt 0.250000 37.843887
vt 0.500000 37.843887
vt 0.750000 37.843887
vt 1.000000 37.843887
vt 0.000000 38.243462
vt 0.250000 38.243462
vt 0.500000 38.243462
vt 0.750000 38.243462
vt 1.000000 38.243462
vt 0.000000 38.647213
vt 0.250000 38.647213
vt 0.500000 38.647213
vt 0.750000 38.647213
vt 1.000000 38.647213
vt 0.000000 39.052559
vt 0.250000 39.052559
vt 0.500000 39.052559
vt 0.750000 39.052559
vt 1.000000 39.052559
vt 0.000000 39.456882
vt 0.250000 39.456882
vt 0.500000 39.456882
vt 0.750000 39.456882
vt 1.000000 39.456882
vt 0.000000 39.860249
vt 0.250000 39.860249
vt 0.500000 39.860249
vt 0.750000 39.860249
vt 1.000000 39.860249
vt 0.000000 40.262650
vt 0.250000 40.262650
vt 0.500000 40.262650
vt 0.750000 40.262650
vt 1.000000 40.262650
vt 0.000000 40.664097
vt 0.250000 40.664097
vt 0.500000 40.664097
vt 0.750000 40.664097
vt 1.000000 40.664097
vt 0.000000 41.064571
vt 0.250000 41.064571
vt 0.500000 41.064571
vt 0.750000 41.064571
vt 1.000000 41.064571
vt 0.000000 41.464039
vt 0.250000 41.464039
vt 0.500000 41.464039
vt 0.750000 41.464039
vt 1.000000 41.464039
vt 0.000000 41.868893
vt 0.250000 41.868893
vt 0.500000 41.868893
vt 0.750000 41.868893
vt 1.000000 41.868893
vt 0.000000 42.274143
vt 0.250000 42.274143
vt 0.500000 42.274143
vt 0.750000 42.274143
vt 1.000000 42.274143
vt 0.000000 42.678379
vt 0.250000 42.678379
vt 0.500000 42.678379
vt 0.750000 42.678379
vt 1.000000 42.678379
vt 0.000000 43.081654
vt 0.250000 43.081654
vt 0.500000 43.081654
vt 0.750000 43.081654
vt 1.000000 43.081654
vt 0.000000 43.483955
vt 0.250000 43.483955
vt 0.500000 43.483955
vt 0.750000 43.483955
vt 1.000000 43.483955
vt 0.000000 43.885281
vt 0.250000 43.885281
vt 0.500000 43.885281
vt 0.750000 43.885281
vt 1.000000 43.885281
vt 0.000000 44.285637
vt 0.250000 44.285637
vt 0.500000 44.285637
vt 0.750000 44.285637
vt 1.000000 44.285637
vt 0.000000 44.684975
vt 0.250000 44.684975
vt 0.500000 44.684975
vt 0.750000 44.684975
vt 1.000000 44.684975
vt 0.000000 45.090851
vt 0.250000 45.090851
vt 0.500000 45.090851
vt 0.750000 45.090851
vt 1.000000 45.090851
vt 0.000000 45.496002
vt 0.250000 45.496002
vt 0.500000 45.496002
vt 0.750000 45.496002
vt 1.000000 45.496002
vt 0.000000 45.900162
vt 0.250000 45.900162
vt 0.500000 45.900162
vt 0.750000 45.900162
vt 1.000000 45.900162
vt 0.000000 46.303322
vt 0.250000 46.303322
vt 0.500000 46.303322
vt 0.750000 46.303322
vt 1.000000 46.303322
vt 0.000000 46.705513
vt 0.250000 46.705513
vt 0.500000 46.705513
vt 0.750000 46.705513
vt 1.000000 46.705513
vt 0.000000 47.106747
vt 0.250000 47.106747
vt 0.500000 47.106747
vt 0.750000 47.106747
vt 1.000000 47.106747
vt 0.000000 47.506985
vt 0.250000 47.506985
vt 0.500000 47.506985
vt 0.750000 47.506985
vt 1.000000 47.506985
vt 0.000000 47.906319
vt 0.250000 47.906319
vt 0.500000 47.906319
vt 0.750000 47.906319
vt 1.000000 47.906319
vt 0.000000 48.310501
vt 0.250000 48.310501
vt 0.500000 48.310501
vt 0.750000 48.310501
vt 1.000000 48.310501
vt 0.000000 48.714931
vt 0.250000 48.714931
vt 0.500000 48.714931
vt 0.750000 48.714931
vt 1.000000 48.714931
vt 0.000000 49.119240
vt 0.250000 49.119240
vt 0.500000 49.119240
vt 0.750000 49.119240
vt 1.000000 49.119240
vt 0.000000 49.523106
vt 0.250000 49.523106
vt 0.500000 49.523106
vt 0.750000 49.523106
vt 1.000000 49.523106
vt 0.000000 49.926311
vt 0.250000 49.926311
vt 0.500000 49.926311
vt 0.750000 49.926311
vt 1.000000 49.926311
vt 0.000000 50.328732
vt 0.250000 50.328732
vt 0.500000 50.328732
vt 0.750000 50.328732
vt 1.000000 50.328732
vt 0.000000 50.730247
vt 0.250000 50.730247
vt 0.500000 50.730247
vt 0.750000 50.730247
vt 1.000000 50.730247
vt 0.000000 51.000000
vt 0.250000 51.000000
vt 0.500000 51.000000
vt 0.750000 51.000000
vt 1.000000 51.000000
vt 0.000000 2.533994
vt 0.142857 2.811429
vt 0.142857 2.533994
vt 0.285714 2.811429
vt 0.285714 2.533994
vt 0.428571 2.811429
vt 0.428571 2.533994
vt 0.571429 2.811429
vt 0.571429 2.533994
vt 0.714286 2.811429
vt 0.714286 2.533994
vt 0.857143 2.811429
vt 0.857143 2.533994
vt 1.000000 2.533994
vt 0.142857 3.212572
vt 0.285714 3.212572
vt 0.428571 3.212572
vt 0.571429 3.212572
vt 0.714286 3.212572
vt 0.857143 3.212572
vt 0.142857 3.618797
vt 0.285714 3.618797
vt 0.428571 3.618797
vt 0.571429 3.618797
vt 0.714286 3.618797
vt 0.857143 3.618797
vt 0.142857 4.023946
vt 0.285714 4.023946
vt 0.428571 4.023946
vt 0.571429 4.023946
vt 0.714286 4.023946
vt 0.857143 4.023946
vt 0.142857 4.428080
vt 0.285714 4.428080
vt 0.428571 4.428080
vt 0.571429 4.428080
vt 0.714286 4.428080
vt 0.857143 4.428080
vt 0.142857 4.831222
vt 0.285714 4.831222
vt 0.428571 4.831222
vt 0.571429 4.831222
vt 0.714286 4.831222
vt 0.857143 4.831222
vt 0.142857 5.233401
vt 0.285714 5.233401
vt 0.428571 5.233401
vt 0.571429 5.233401
vt 0.714286 5.233401
vt 0.857143 5.233401
vt 0.142857 5.634614
vt 0.285714 5.634614
vt 0.428571 5.634614
vt 0.571429 5.634614
vt 0.714286 5.634614
vt 0.857143 5.634614
vt 0.142857 6.034842
vt 0.285714 6.034842
vt 0.428571 6.034842
vt 0.571429 6.034842
vt 0.714286 6.034842
vt 0.857143 6.034842
vt 0.142857 6.434668
vt 0.285714 6.434668
vt 0.428571 6.434668
vt 0.571429 6.434668
vt 0.714286 6.434668
vt 0.857143 6.434668
vt 0.142857 6.840759
vt 0.285714 6.840759
vt 0.428571 6.840759
vt 0.571429 6.840759
vt 0.714286 6.840759
vt 0.857143 6.840759
vt 0.142857 7.245788
vt 0.285714 7.245788
vt 0.428571 7.245788
vt 0.571429 7.245788
vt 0.714286 7.245788
vt 0.857143 7.245788
vt 0.142857 7.649808
vt 0.285714 7.649808
vt 0.428571 7.649808
vt 0.571429 7.649808
vt 0.714286 7.649808
vt 0.857143 7.649808
vt 0.142857 8.052850
vt 0.285714 8.052850
vt 0.428571 8.052850
vt 0.571429 8.052850
vt 0.714286 8.052850
vt 0.857143 8.052850
vt 0.142857 8.454915
vt 0.285714 8.454915
vt 0.428571 8.454915
vt 0.571429 8.454915
vt 0.714286 8.454915
vt 0.857143 8.454915
vt 0.142857 8.856030
vt 0.285714 8.856030
vt 0.428571 8.856030
vt 0.571429 8.856030
vt 0.714286 8.856030
vt 0.857143 8.856030
vt 0.142857 9.256145
vt 0.285714 9.256145
vt 0.428571 9.256145
vt 0.571429 9.256145
vt 0.714286 9.256145
vt 0.857143 9.256145
vt 0.142857 9.656472
vt 0.285714 9.656472
vt 0.428571 9.656472
vt 0.571429 9.656472
vt 0.714286 9.656472
vt 0.857143 9.656472
vt 0.142857 10.062432
vt 0.285714 10.062432
vt 0.428571 10.062432
vt 0.571429 10.062432
vt 0.714286 10.062432
vt 0.857143 10.062432
vt 0.142857 10.467348
vt 0.285714 10.467348
vt 0.428571 10.467348
vt 0.571429 10.467348
vt 0.714286 10.467348
vt 0.857143 10.467348
vt 0.142857 10.871264
vt 0.285714 10.871264
vt 0.428571 10.871264
vt 0.571429 10.871264
vt 0.714286 10.871264
vt 0.857143 10.871264
vt 0.142857 11.274203
vt 0.285714 11.274203
vt 0.428571 11.274203
vt 0.571429 11.274203
vt 0.714286 11.274203
vt 0.857143 11.274203
vt 0.142857 11.676196
vt 0.285714 11.676196
vt 0.428571 11.676196
vt 0.571429 11.676196
vt 0.714286 11.676196
vt 0.857143 11.676196
vt 0.142857 12.077229
vt 0.285714 12.077229
vt 0.428571 12.077229
vt 0.571429 12.077229
vt 0.714286 12.077229
vt 0.857143 12.077229
vt 0.142857 12.477284
vt 0.285714 12.477284
vt 0.428571 12.477284
vt 0.571429 12.477284
vt 0.714286 12.477284
vt 0.857143 12.477284
vt 0.142857 12.878160
vt 0.285714 12.878160
vt 0.428571 12.878160
vt 0.571429 12.878160
vt 0.714286 12.878160
vt 0.857143 12.878160
vt 0.142857 13.283989
vt 0.285714 13.283989
vt 0.428571 13.283989
vt 0.571429 13.283989
vt 0.714286 13.283989
vt 0.857143 13.283989
vt 0.142857 13.688789
vt 0.285714 13.688789
vt 0.428571 13.688789
vt 0.571429 13.688789
vt 0.714286 13.688789
vt 0.857143 13.688789
vt 0.142857 14.092610
vt 0.285714 14.092610
vt 0.428571 14.092610
vt 0.571429 14.092610
vt 0.714286 14.092610
vt 0.857143 14.092610
vt 0.142857 14.495486
vt 0.285714 14.495486
vt 0.428571 14.495486
vt 0.571429 14.495486
vt 0.714286 14.495486
vt 0.857143 14.495486
vt 0.142857 14.897399
vt 0.285714 14.897399
vt 0.428571 14.897399
vt 0.571429 14.897399
vt 0.714286 14.897399
vt 0.857143 14.897399
vt 0.142857 15.298375
vt 0.285714 15.298375
vt 0.428571 15.298375
vt 0.571429 15.298375
vt 0.714286 15.298375
vt 0.857143 15.298375
vt 0.142857 15.698374
vt 0.285714 15.698374
vt 0.428571 15.698374
vt 0.571429 15.698374
vt 0.714286 15.698374
vt 0.857143 15.698374
vt 0.142857 16.099718
vt 0.285714 16.099718
vt 0.428571 16.099718
vt 0.571429 16.099718
vt 0.714286 16.099718
vt 0.857143 16.099718
vt 0.142857 16.505442
vt 0.285714 16.505442
vt 0.428571 16.505442
vt 0.571429 16.505442
vt 0.714286 16.505442
vt 0.857143 16.505442
vt 0.142857 16.910149
vt 0.285714 16.910149
vt 0.428571 16.910149
vt 0.571429 16.910149
vt 0.714286 16.910149
vt 0.857143 16.910149
vt 0.142857 17.313889
vt 0.285714 17.313889
vt 0.428571 17.313889
vt 0.571429 17.313889
vt 0.714286 17.313889
vt 0.857143 17.313889
vt 0.142857 17.716688
vt 0.285714 17.716688
vt 0.428571 17.716688
vt 0.571429 17.716688
vt 0.714286 17.716688
vt 0.857143 17.716688
vt 0.142857 18.118540
vt 0.285714 18.118540
vt 0.428571 18.118540
vt 0.571429 18.118540
vt 0.714286 18.118540
vt 0.857143 18.118540
vt 0.142857 18.519449
vt 0.285714 18.519449
vt 0.428571 18.519449
vt 0.571429 18.519449
vt 0.714286 18.519449
vt 0.857143 18.519449
vt 0.142857 18.919407
vt 0.285714 18.919407
vt 0.428571 18.919407
vt 0.571429 18.919407
vt 0.714286 18.919407
vt 0.857143 18.919407
vt 0.142857 19.321100
vt 0.285714 19.321100
vt 0.428571 19.321100
vt 0.571429 19.321100
vt 0.714286 19.321100
vt 0.857143 19.321100
vt 0.142857 19.726753
vt 0.285714 19.726753
vt 0.428571 19.726753
vt 0.571429 19.726753
vt 0.714286 19.726753
vt 0.857143 19.726753
vt 0.142857 20.131386
vt 0.285714 20.131386
vt 0.428571 20.131386
vt 0.571429 20.131386
vt 0.714286 20.131386
vt 0.857143 20.131386
vt 0.142857 20.535063
vt 0.285714 20.535063
vt 0.428571 20.535063
vt 0.571429 20.535063
vt 0.714286 20.535063
vt 0.857143 20.535063
vt 0.142857 20.937807
vt 0.285714 20.937807
vt 0.428571 20.937807
vt 0.571429 20.937807
vt 0.714286 20.937807
vt 0.857143 20.937807
vt 0.142857 21.339621
vt 0.285714 21.339621
vt 0.428571 21.339621
vt 0.571429 21.339621
vt 0.714286 21.339621
vt 0.857143 21.339621
vt 0.142857 21.740479
vt 0.285714 21.740479
vt 0.428571 21.740479
vt 0.571429 21.740479
vt 0.714286 21.740479
vt 0.857143 21.740479
vt 0.142857 22.140392
vt 0.285714 22.140392
vt 0.428571 22.140392
vt 0.571429 22.140392
vt 0.714286 22.140392
vt 0.857143 22.140392
vt 0.142857 22.542332
vt 0.285714 22.542332
vt 0.428571 22.542332
vt 0.571429 22.542332
vt 0.714286 22.542332
vt 0.857143 22.542332
vt 0.142857 22.947912
vt 0.285714 22.947912
vt 0.428571 22.947912
vt 0.571429 22.947912
vt 0.714286 22.947912
vt 0.857143 22.947912
vt 0.142857 23.352489
vt 0.285714 23.352489
vt 0.428571 23.352489
vt 0.571429 23.352489
vt 0.714286 23.352489
vt 0.857143 23.352489
vt 0.142857 23.756123
vt 0.285714 23.756123
vt 0.428571 23.756123
vt 0.571429 23.756123
vt 0.714286 23.756123
vt 0.857143 23.756123
vt 0.142857 24.158819
vt 0.285714 24.158819
vt 0.428571 24.158819
vt 0.571429 24.158819
vt 0.714286 24.158819
vt 0.857143 24.158819
vt 0.142857 24.560579
vt 0.285714 24.560579
vt 0.428571 24.560579
vt 0.571429 24.560579
vt 0.714286 24.560579
vt 0.857143 24.560579
vt 0.142857 24.961407
vt 0.285714 24.961407
vt 0.428571 24.961407
vt 0.571429 24.961407
vt 0.714286 24.961407
vt 0.857143 24.961407
vt 0.142857 25.361279
vt 0.285714 25.361279
vt 0.428571 25.361279
vt 0.571429 25.361279
vt 0.714286 25.361279
vt 0.857143 25.361279
vt 0.142857 25.763409
vt 0.285714 25.763409
vt 0.428571 25.763409
vt 0.571429 25.763409
vt 0.714286 25.763409
vt 0.857143 25.763409
vt 0.142857 26.168932
vt 0.285714 26.168932
vt 0.428571 26.168932
vt 0.571429 26.168932
vt 0.714286 26.168932
vt 0.857143 26.168932
vt 0.142857 26.573475
vt 0.285714 26.573475
vt 0.428571 26.573475
vt 0.571429 26.573475
vt 0.714286 26.573475
vt 0.857143 26.573475
vt 0.142857 26.977053
vt 0.285714 26.977053
vt 0.428571 26.977053
vt 0.571429 26.977053
vt 0.714286 26.977053
vt 0.857143 26.977053
vt 0.142857 27.379698
vt 0.285714 27.379698
vt 0.428571 27.379698
vt 0.571429 27.379698
vt 0.714286 27.379698
vt 0.857143 27.379698
vt 0.142857 27.781416
vt 0.285714 27.781416
vt 0.428571 27.781416
vt 0.571429 27.781416
vt 0.714286 27.781416
vt 0.857143 27.781416
vt 0.142857 28.182209
vt 0.285714 28.182209
vt 0.428571 28.182209
vt 0.571429 28.182209
vt 0.714286 28.182209
vt 0.857143 28.182209
vt 0.142857 28.582027
vt 0.285714 28.582027
vt 0.428571 28.582027
vt 0.571429 28.582027
vt 0.714286 28.582027
vt 0.857143 28.582027
vt 0.142857 28.984339
vt 0.285714 28.984339
vt 0.428571 28.984339
vt 0.571429 28.984339
vt 0.714286 28.984339
vt 0.857143 28.984339
vt 0.142857 29.389822
vt 0.285714 29.389822
vt 0.428571 29.389822
vt 0.571429 29.389822
vt 0.714286 29.389822
vt 0.857143 29.389822
vt 0.142857 29.794315
vt 0.285714 29.794315
vt 0.428571 29.794315
vt 0.571429 29.794315
vt 0.714286 29.794315
vt 0.857143 29.794315
vt 0.142857 30.197845
vt 0.285714 30.197845
vt 0.428571 30.197845
vt 0.571429 30.197845
vt 0.714286 30.197845
vt 0.857143 30.197845
vt 0.142857 30.600451
vt 0.285714 30.600451
vt 0.428571 30.600451
vt 0.571429 30.600451
vt 0.714286 30.600451
vt 0.857143 30.600451
vt 0.142857 31.002123
vt 0.285714 31.002123
vt 0.428571 31.002123
vt 0.571429 31.002123
vt 0.714286 31.002123
vt 0.857143 31.002123
vt 0.142857 31.402843
vt 0.285714 31.402843
vt 0.428571 31.402843
vt 0.571429 31.402843
vt 0.714286 31.402843
vt 0.857143 31.402843
vt 0.142857 31.802605
vt 0.285714 31.802605
vt 0.428571 31.802605
vt 0.571429 31.802605
vt 0.714286 31.802605
vt 0.857143 31.802605
vt 0.142857 32.205181
vt 0.285714 32.205181
vt 0.428571 32.205181
vt 0.571429 32.205181
vt 0.714286 32.205181
vt 0.857143 32.205181
vt 0.142857 32.610622
vt 0.285714 32.610622
vt 0.428571 32.610622
vt 0.571429 32.610622
vt 0.714286 32.610622
vt 0.857143 32.610622
vt 0.142857 33.015072
vt 0.285714 33.015072
vt 0.428571 33.015072
vt 0.571429 33.015072
vt 0.714286 33.015072
vt 0.857143 33.015072
vt 0.142857 33.418556
vt 0.285714 33.418556
vt 0.428571 33.418556
vt 0.571429 33.418556
vt 0.714286 33.418556
vt 0.857143 33.418556
vt 0.142857 33.821091
vt 0.285714 33.821091
vt 0.428571 33.821091
vt 0.571429 33.821091
vt 0.714286 33.821091
vt 0.857143 33.821091
vt 0.142857 34.222706
vt 0.285714 34.222706
vt 0.428571 34.222706
vt 0.571429 34.222706
vt 0.714286 34.222706
vt 0.857143 34.222706
vt 0.142857 34.623371
vt 0.285714 34.623371
vt 0.428571 34.623371
vt 0.571429 34.623371
vt 0.714286 34.623371
vt 0.857143 34.623371
vt 0.142857 35.023052
vt 0.285714 35.023052
vt 0.428571 35.023052
vt 0.571429 35.023052
vt 0.714286 35.023052
vt 0.857143 35.023052
vt 0.142857 35.426079
vt 0.285714 35.426079
vt 0.428571 35.426079
vt 0.571429 35.426079
vt 0.714286 35.426079
vt 0.857143 35.426079
vt 0.142857 35.831470
vt 0.285714 35.831470
vt 0.428571 35.831470
vt 0.571429 35.831470
vt 0.714286 35.831470
vt 0.857143 35.831470
vt 0.142857 36.235874
vt 0.285714 36.235874
vt 0.428571 36.235874
vt 0.571429 36.235874
vt 0.714286 36.235874
vt 0.857143 36.235874
vt 0.142857 36.639305
vt 0.285714 36.639305
vt 0.428571 36.639305
vt 0.571429 36.639305
vt 0.714286 36.639305
vt 0.857143 36.639305
vt 0.142857 37.041786
vt 0.285714 37.041786
vt 0.428571 37.041786
vt 0.571429 37.041786
vt 0.714286 37.041786
vt 0.857143 37.041786
vt 0.142857 37.443321
vt 0.285714 37.443321
vt 0.428571 37.443321
vt 0.571429 37.443321
vt 0.714286 37.443321
vt 0.857143 37.443321
vt 0.142857 37.843887
vt 0.285714 37.843887
vt 0.428571 37.843887
vt 0.571429 37.843887
vt 0.714286 37.843887
vt 0.857143 37.843887
vt 0.142857 38.243462
vt 0.285714 38.243462
vt 0.428571 38.243462
vt 0.571429 38.243462
vt 0.714286 38.243462
vt 0.857143 38.243462
vt 0.142857 38.647213
vt 0.285714 38.647213
vt 0.428571 38.647213
vt 0.571429 38.647213
vt 0.714286 38.647213
vt 0.857143 38.647213
vt 0.142857 39.052559
vt 0.285714 39.052559
vt 0.428571 39.052559
vt 0.571429 39.052559
vt 0.714286 39.052559
vt 0.857143 39.052559
vt 0.142857 39.456882
vt 0.285714 39.456882
vt 0.428571 39.456882
vt 0.571429 39.456882
vt 0.714286 39.456882
vt 0.857143 39.456882
vt 0.142857 39.860249
vt 0.285714 39.860249
vt 0.428571 39.860249
vt 0.571429 39.860249
vt 0.714286 39.860249
vt 0.857143 39.860249
vt 0.142857 40.262650
vt 0.285714 40.262650
vt 0.428571 40.262650
vt 0.571429 40.262650
vt 0.714286 40.262650
vt 0.857143 40.262650
vt 0.142857 40.664097
vt 0.285714 40.664097
vt 0.428571 40.664097
vt 0.571429 40.664097
vt 0.714286 40.664097
vt 0.857143 40.664097
vt 0.142857 41.064571
vt 0.285714 41.064571
vt 0.428571 41.064571
vt 0.571429 41.064571
vt 0.714286 41.064571
vt 0.857143 41.064571
vt 0.142857 41.464039
vt 0.285714 41.464039
vt 0.428571 41.464039
vt 0.571429 41.464039
vt 0.714286 41.464039
vt 0.857143 41.464039
vt 0.142857 41.868893
vt 0.285714 41.868893
vt 0.428571 41.868893
vt 0.571429 41.868893
vt 0.714286 41.868893
vt 0.857143 41.868893
vt 0.142857 42.274143
vt 0.285714 42.274143
vt 0.428571 42.274143
vt 0.571429 42.274143
vt 0.714286 42.274143
vt 0.857143 42.274143
vt 0.142857 42.678379
vt 0.285714 42.678379
vt 0.428571 42.678379
vt 0.571429 42.678379
vt 0.714286 42.678379
vt 0.857143 42.678379
vt 0.142857 43.081654
vt 0.285714 43.081654
vt 0.428571 43.081654
vt 0.571429 43.081654
vt 0.714286 43.081654
vt 0.857143 43.081654
vt 0.142857 43.483955
vt 0.285714 43.483955
vt 0.428571 43.483955
vt 0.571429 43.483955
vt 0.714286 43.483955
vt 0.857143 43.483955
vt 0.142857 43.885281
vt 0.285714 43.885281
vt 0.428571 43.885281
vt 0.571429 43.885281
vt 0.714286 43.885281
vt 0.857143 43.885281
vt 0.142857 44.285637
vt 0.285714 44.285637
vt 0.428571 44.285637
vt 0.571429 44.285637
vt 0.714286 44.285637
vt 0.857143 44.285637
vt 0.142857 44.684975
vt 0.285714 44.684975
vt 0.428571 44.684975
vt 0.571429 44.684975
vt 0.714286 44.684975
vt 0.857143 44.684975
vt 0.142857 45.090851
vt 0.285714 45.090851
vt 0.428571 45.090851
vt 0.571429 45.090851
vt 0.714286 45.090851
vt 0.857143 45.090851
vt 0.142857 45.496002
vt 0.285714 45.496002
vt 0.428571 45.496002
vt 0.571429 45.496002
vt 0.714286 45.496002
vt 0.857143 45.496002
vt 0.142857 45.900162
vt 0.285714 45.900162
vt 0.428571 45.900162
vt 0.571429 45.900162
vt 0.714286 45.900162
vt 0.857143 45.900162
vt 0.142857 46.303322
vt 0.285714 46.303322
vt 0.428571 46.303322
vt 0.571429 46.303322
vt 0.714286 46.303322
vt 0.857143 46.303322
vt 0.142857 46.705513
vt 0.285714 46.705513
vt 0.428571 46.705513
vt 0.571429 46.705513
vt 0.714286 46.705513
vt 0.857143 46.705513
vt 0.142857 47.106747
vt 0.285714 47.106747
vt 0.428571 47.106747
vt 0.571429 47.106747
vt 0.714286 47.106747
vt 0.857143 47.106747
vt 0.142857 47.506985
vt 0.285714 47.506985
vt 0.428571 47.506985
vt 0.571429 47.506985
vt 0.714286 47.506985
vt 0.857143 47.506985
vt 0.142857 47.906319
vt 0.285714 47.906319
vt 0.428571 47.906319
vt 0.571429 47.906319
vt 0.714286 47.906319
vt 0.857143 47.906319
vt 0.142857 48.310501
vt 0.285714 48.310501
vt 0.428571 48.310501
vt 0.571429 48.310501
vt 0.714286 48.310501
vt 0.857143 48.310501
vt 0.000000 48.466026
vt 0.142857 48.466026
vt 0.285714 48.466026
vt 0.428571 48.466026
vt 0.571429 48.466026
vt 0.714286 48.466026
vt 0.857143 48.466026
vt 1.000000 48.466026
s 1
usemtl track_surface
f 1765/1477/1541 1770/1478/1542 1771/1479/1542 1766/1480/1543
f 1766/1480/1543 1771/1479/1542 1772/1481/1542 1767/1482/1544
f 1767/1482/1544 1772/1481/1542 1773/1483/1542 1768/1484/1544
f 1768/1484/1544 1773/1483/1542 1774/1485/1545 1769/1486/1543
f 1770/1478/1542 1775/1487/1546 1776/1488/1546 1771/1479/1542
f 1771/1479/1542 1776/1488/1546 1777/1489/1547 1772/1481/1542
f 1772/1481/1542 1777/1489/1547 1778/1490/1547 1773/1483/1542
f 1773/1483/1542 1778/1490/1547 1779/1491/1547 1774/1485/1545
f 1775/1487/1546 1780/1492/1548 1781/1493/1548 1776/1488/1546
f 1776/1488/1546 1781/1493/1548 1782/1494/1549 1777/1489/1547
f 1777/1489/1547 1782/1494/1549 1783/1495/1549 1778/1490/1547
f 1778/1490/1547 1783/1495/1549 1784/1496/1549 1779/1491/1547
f 1780/1492/1548 1785/1497/1550 1786/1498/1550 1781/1493/1548
f 1781/1493/1548 1786/1498/1550 1787/1499/1551 1782/1494/1549
f 1782/1494/1549 1787/1499/1551 1788/1500/1550 1783/1495/1549
f 1783/1495/1549 1788/1500/1550 1789/1501/1552 1784/1496/1549
f 1785/1497/1550 1790/1502/1553 1791/1503/1554 1786/1498/1550
f 1786/1498/1550 1791/1503/1554 1792/1504/1555 1787/1499/1551
f 1787/1499/1551 1792/1504/1555 1793/1505/1554 1788/1500/1550
f 1788/1500/1550 1793/1505/1554 1794/1506/1553 1789/1501/1552
f 1790/1502/1553 1795/1507/1556 1796/1508/1556 1791/1503/1554
f 1791/1503/1554 1796/1508/1556 1797/1509/1556 1792/1504/1555
f 1792/1504/1555 1797/1509/1556 1798/1510/1556 1793/1505/1554
f 1793/1505/1554 1798/1510/1556 1799/1511/1557 1794/1506/1553
f 1795/1507/1556 1800/1512/1558 1801/1513/1559 1796/1508/1556
f 1796/1508/1556 1801/1513/1559 1802/1514/1558 1797/1509/1556
f 1797/1509/1556 1802/1514/1558 1803/1515/1558 1798/1510/1556
f 1798/1510/1556 1803/1515/1558 1804/1516/1559 1799/1511/1557
f 1800/1512/1558 1805/1517/1560 1806/1518/1561 1801/1513/1559
f 1801/1513/1559 1806/1518/1561 1807/1519/1562 1802/1514/1558
f 1802/1514/1558 1807/1519/1562 1808/1520/1561 1803/1515/1558
f 1803/1515/1558 1808/1520/1561 1809/1521/1561 1804/1516/1559
f 1805/1517/1560 1810/1522/1563 1811/1523/1564 1806/1518/1561
f 1806/1518/1561 1811/1523/1564 1812/1524/1565 1807/1519/1562
f 1807/1519/1562 1812/1524/1565 1813/1525/1564 1808/1520/1561
f 1808/1520/1561 1813/1525/1564 1814/1526/1564 1809/1521/1561
f 1810/1522/1563 1815/1527/1566 1816/1528/1567 1811/1523/1564
f 1811/1523/1564 1816/1528/1567 1817/1529/1567 1812/1524/1565
f 1812/1524/1565 1817/1529/1567 1818/1530/1567 1813/1525/1564
f 1813/1525/1564 1818/1530/1567 1819/1531/1567 1814/1526/1564
f 1815/1527/1566 1820/1532/1568 1821/1533/1569 1816/1528/1567
f 1816/1528/1567 1821/1533/1569 1822/1534/1570 1817/1529/1567
f 1817/1529/1567 1822/1534/1570 1823/1535/1571 1818/1530/1567
f 1818/1530/1567 1823/1535/1571 1824/1536/1572 1819/1531/1567
f 1820/1532/1568 1825/1537/1573 1826/1538/1574 1821/1533/1569
f 1821/1533/1569 1826/1538/1574 1827/1539/1574 1822/1534/1570
f 1822/1534/1570 1827/1539/1574 1828/1540/1575 1823/1535/1571
f 1823/1535/1571 1828/1540/1575 1829/1541/1573 1824/1536/1572
f 1825/1537/1573 1830/1542/1576 1831/1543/1577 1826/1538/1574
f 1826/1538/1574 1831/1543/1577 1832/1544/1577 1827/1539/1574
f 1827/1539/1574 1832/1544/1577 1833/1545/1577 1828/1540/1575
f 1828/1540/1575 1833/1545/1577 1834/1546/1578 1829/1541/1573
f 1830/1542/1576 1835/1547/1579 1836/1548/1580 1831/1543/1577
f 1831/1543/1577 1836/1548/1580 1837/1549/1580 1832/1544/1577
f 1832/1544/1577 1837/1549/1580 1838/1550/1581 1833/1545/1577
f 1833/1545/1577 1838/1550/1581 1839/1551/1580 1834/1546/1578
f 1835/1547/1579 1840/1552/1582 1841/1553/1582 1836/1548/1580
f 1836/1548/1580 1841/1553/1582 1842/1554/1582 1837/1549/1580
f 1837/1549/1580 1842/1554/1582 1843/1555/1582 1838/1550/1581
f 1838/1550/1581 1843/1555/1582 1844/1556/1583 1839/1551/1580
f 1840/1552/1582 1845/1557/1584 1846/1558/1585 1841/1553/1582
f 1841/1553/1582 1846/1558/1585 1847/1559/1584 1842/1554/1582
f 1842/1554/1582 1847/1559/1584 1848/1560/1585 1843/1555/1582
f 1843/1555/1582 1848/1560/1585 1849/1561/1585 1844/1556/1583
f 1845/1557/1584 1850/1562/1586 1851/1563/1586 1846/1558/1585
f 1846/1558/1585 1851/1563/1586 1852/1564/1587 1847/1559/1584
f 1847/1559/1584 1852/1564/1587 1853/1565/1588 1848/1560/1585
f 1848/1560/1585 1853/1565/1588 1854/1566/1588 1849/1561/1585
f 1850/1562/1586 1855/1567/1589 1856/1568/1590 1851/1563/1586
f 1851/1563/1586 1856/1568/1590 1857/1569/1590 1852/1564/1587
f 1852/1564/1587 1857/1569/1590 1858/1570/1590 1853/1565/1588
f 1853/1565/1588 1858/1570/1590 1859/1571/1591 1854/1566/1588
f 1855/1567/1589 1860/1572/1592 1861/1573/1592 1856/1568/1590
f 1856/1568/1590 1861/1573/1592 1862/1574/1592 1857/1569/1590
f 1857/1569/1590 1862/1574/1592 1863/1575/1592 1858/1570/1590
f 1858/1570/1590 1863/1575/1592 1864/1576/1592 1859/1571/1591
f 1860/1572/1592 1865/1577/1593 1866/1578/1594 1861/1573/1592
f 1861/1573/1592 1866/1578/1594 1867/1579/1595 1862/1574/1592
f 1862/1574/1592 1867/1579/1595 1868/1580/1594 1863/1575/1592
f 1863/1575/1592 1868/1580/1594 1869/1581/1595 1864/1576/1592
f 1865/1577/1593 1870/1582/1596 1871/1583/1596 1866/1578/1594
f 1866/1578/1594 1871/1583/1596 1872/1584/1596 1867/1579/1595
f 1867/1579/1595 1872/1584/1596 1873/1585/1596 1868/1580/1594
f 1868/1580/1594 1873/1585/1596 1874/1586/1597 1869/1581/1595
f 1870/1582/1596 1875/1587/1598 1876/1588/1599 1871/1583/1596
f 1871/1583/1596 1876/1588/1599 1877/1589/1598 1872/1584/1596
f 1872/1584/1596 1877/1589/1598 1878/1590/1600 1873/1585/1596
f 1873/1585/1596 1878/1590/1600 1879/1591/1598 1874/1586/1597
f 1875/1587/1598 1880/1592/1601 1881/1593/1602 1876/1588/1599
f 1876/1588/1599 1881/1593/1602 1882/1594/1603 1877/1589/1598
f 1877/1589/1598 1882/1594/1603 1883/1595/1602 1878/1590/1600
f 1878/1590/1600 1883/1595/1602 1884/1596/1601 1879/1591/1598
f 1880/1592/1601 1885/1597/1604 1886/1598/1605 1881/1593/1602
f 1881/1593/1602 1886/1598/1605 1887/1599/1606 1882/1594/1603
f 1882/1594/1603 1887/1599/1606 1888/1600/1607 1883/1595/1602
f 1883/1595/1602 1888/1600/1607 1889/1601/1604 1884/1596/1601
f 1885/1597/1604 1890/1602/1608 1891/1603/1609 1886/1598/1605
f 1886/1598/1605 1891/1603/1609 1892/1604/1609 1887/1599/1606
f 1887/1599/1606 1892/1604/1609 1893/1605/1609 1888/1600/1607
f 1888/1600/1607 1893/1605/1609 1894/1606/1610 1889/1601/1604
f 1890/1602/1608 1895/1607/1611 1896/1608/1612 1891/1603/1609
f 1891/1603/1609 1896/1608/1612 1897/1609/1612 1892/1604/1609
f 1892/1604/1609 1897/1609/1612 1898/1610/1613 1893/1605/1609
f 1893/1605/1609 1898/1610/1613 1899/1611/1613 1894/1606/1610
f 1895/1607/1611 1900/1612/1614 1901/1613/1615 1896/1608/1612
f 1896/1608/1612 1901/1613/1615 1902/1614/1616 1897/1609/1612
f 1897/1609/1612 1902/1614/1616 1903/1615/1615 1898/1610/1613
f 1898/1610/1613 1903/1615/1615 1904/1616/1615 1899/1611/1613
f 1900/1612/1614 1905/1617/1617 1906/1618/1618 1901/1613/1615
f 1901/1613/1615 1906/1618/1618 1907/1619/1618 1902/1614/1616
f 1902/1614/1616 1907/1619/1618 1908/1620/1618 1903/1615/1615
f 1903/1615/1615 1908/1620/1618 1909/1621/1618 1904/1616/1615
f 1905/1617/1617 1910/1622/1619 1911/1623/1619 1906/1618/1618
f 1906/1618/1618 1911/1623/1619 1912/1624/1619 1907/1619/1618
f 1907/1619/1618 1912/1624/1619 1913/1625/1619 1908/1620/1618
f 1908/1620/1618 1913/1625/1619 1914/1626/1620 1909/1621/1618
f 1910/1622/1619 1915/1627/1621 1916/1628/1622 1911/1623/1619
f 1911/1623/1619 1916/1628/1622 1917/1629/1622 1912/1624/1619
f 1912/1624/1619 1917/1629/1622 1918/1630/1623 1913/1625/1619
f 1913/1625/1619 1918/1630/1623 1919/1631/1624 1914/1626/1620
f 1915/1627/1621 1920/1632/1625 1921/1633/1626 1916/1628/1622
f 1916/1628/1622 1921/1633/1626 1922/1634/1626 1917/1629/1622
f 1917/1629/1622 1922/1634/1626 1923/1635/1626 1918/1630/1623
f 1918/1630/1623 1923/1635/1626 1924/1636/1625 1919/1631/1624
f 1920/1632/1625 1925/1637/1627 1926/1638/1627 1921/1633/1626
f 1921/1633/1626 1926/1638/1627 1927/1639/1627 1922/1634/1626
f 1922/1634/1626 1927/1639/1627 1928/1640/1627 1923/1635/1626
f 1923/1635/1626 1928/1640/1627 1929/1641/1627 1924/1636/1625
f 1925/1637/1627 1930/1642/1628 1931/1643/1629 1926/1638/1627
f 1926/1638/1627 1931/1643/1629 1932/1644/1629 1927/1639/1627
f 1927/1639/1627 1932/1644/1629 1933/1645/1630 1928/1640/1627
f 1928/1640/1627 1933/1645/1630 1934/1646/1631 1929/1641/1627
f 1930/1642/1628 1935/1647/1632 1936/1648/1632 1931/1643/1629
f 1931/1643/1629 1936/1648/1632 1937/1649/1633 1932/1644/1629
f 1932/1644/1629 1937/1649/1633 1938/1650/1632 1933/1645/1630
f 1933/1645/1630 1938/1650/1632 1939/1651/1632 1934/1646/1631
f 1935/1647/1632 1940/1652/1634 1941/1653/1635 1936/1648/1632
f 1936/1648/1632 1941/1653/1635 1942/1654/1635 1937/1649/1633
f 1937/1649/1633 1942/1654/1635 1943/1655/1635 1938/1650/1632
f 1938/1650/1632 1943/1655/1635 1944/1656/1634 1939/1651/1632
f 1940/1652/1634 1945/1657/1636 1946/1658/1637 1941/1653/1635
f 1941/1653/1635 1946/1658/1637 1947/1659/1636 1942/1654/1635
f 1942/1654/1635 1947/1659/1636 1948/1660/1636 1943/1655/1635
f 1943/1655/1635 1948/1660/1636 1949/1661/1636 1944/1656/1634
f 1945/1657/1636 1950/1662/1638 1951/1663/1639 1946/1658/1637
f 1946/1658/1637 1951/1663/1639 1952/1664/1639 1947/1659/1636
f 1947/1659/1636 1952/1664/1639 1953/1665/1640 1948/1660/1636
f 1948/1660/1636 1953/1665/1640 1954/1666/1638 1949/1661/1636
f 1950/1662/1638 1955/1667/1641 1956/1668/1642 1951/1663/1639
f 1951/1663/1639 1956/1668/1642 1957/1669/1643 1952/1664/1639
f 1952/1664/1639 1957/1669/1643 1958/1670/1642 1953/1665/1640
f 1953/1665/1640 1958/1670/1642 1959/1671/1641 1954/1666/1638
f 1955/1667/1641 1960/1672/1644 1961/1673/1645 1956/1668/1642
f 1956/1668/1642 1961/1673/1645 1962/1674/1646 1957/1669/1643
f 1957/1669/1643 1962/1674/1646 1963/1675/1646 1958/1670/1642
f 1958/1670/1642 1963/1675/1646 1964/1676/1644 1959/1671/1641
f 1960/1672/1644 1965/1677/1647 1966/1678/1647 1961/1673/1645
f 1961/1673/1645 1966/1678/1647 1967/1679/1648 1962/1674/1646
f 1962/1674/1646 1967/1679/1648 1968/1680/1647 1963/1675/1646
f 1963/1675/1646 1968/1680/1647 1969/1681/1647 1964/1676/1644
f 1965/1677/1647 1970/1682/1649 1971/1683/1650 1966/1678/1647
f 1966/1678/1647 1971/1683/1650 1972/1684/1651 1967/1679/1648
f 1967/1679/1648 1972/1684/1651 1973/1685/1649 1968/1680/1647
f 1968/1680/1647 1973/1685/1649 1974/1686/1649 1969/1681/1647
f 1970/1682/1649 1975/1687/1652 1976/1688/1653 1971/1683/1650
f 1971/1683/1650 1976/1688/1653 1977/1689/1653 1972/1684/1651
f 1972/1684/1651 1977/1689/1653 1978/1690/1653 1973/1685/1649
f 1973/1685/1649 1978/1690/1653 1979/1691/1653 1974/1686/1649
f 1975/1687/1652 1980/1692/1654 1981/1693/1655 1976/1688/1653
f 1976/1688/1653 1981/1693/1655 1982/1694/1655 1977/1689/1653
f 1977/1689/1653 1982/1694/1655 1983/1695/1656 1978/1690/1653
f 1978/1690/1653 1983/1695/1656 1984/1696/1654 1979/1691/1653
f 1980/1692/1654 1985/1697/1657 1986/1698/1658 1981/1693/1655
f 1981/1693/1655 1986/1698/1658 1987/1699/1658 1982/1694/1655
f 1982/1694/1655 1987/1699/1658 1988/1700/1658 1983/1695/1656
f 1983/1695/1656 1988/1700/1658 1989/1701/1659 1984/1696/1654
f 1985/1697/1657 1990/1702/1660 1991/1703/1660 1986/1698/1658
f 1986/1698/1658 1991/1703/1660 1992/1704/1661 1987/1699/1658
f 1987/1699/1658 1992/1704/1661 1993/1705/1660 1988/1700/1658
f 1988/1700/1658 1993/1705/1660 1994/1706/1660 1989/1701/1659
f 1990/1702/1660 1995/1707/1662 1996/1708/1663 1991/1703/1660
f 1991/1703/1660 1996/1708/1663 1997/1709/1664 1992/1704/1661
f 1992/1704/1661 1997/1709/1664 1998/1710/1664 1993/1705/1660
f 1993/1705/1660 1998/1710/1664 1999/1711/1665 1994/1706/1660
f 1995/1707/1662 2000/1712/1666 2001/1713/1667 1996/1708/1663
f 1996/1708/1663 2001/1713/1667 2002/1714/1668 1997/1709/1664
f 1997/1709/1664 2002/1714/1668 2003/1715/1666 1998/1710/1664
f 1998/1710/1664 2003/1715/1666 2004/1716/1668 1999/1711/1665
f 2000/1712/1666 2005/1717/1669 2006/1718/1669 2001/1713/1667
f 2001/1713/1667 2006/1718/1669 2007/1719/1670 2002/1714/1668
f 2002/1714/1668 2007/1719/1670 2008/1720/1669 2003/1715/1666
f 2003/1715/1666 2008/1720/1669 2009/1721/1669 2004/1716/1668
f 2005/1717/1669 2010/1722/1671 2011/1723/1672 2006/1718/1669
f 2006/1718/1669 2011/1723/1672 2012/1724/1672 2007/1719/1670
f 2007/1719/1670 2012/1724/1672 2013/1725/1672 2008/1720/1669
f 2008/1720/1669 2013/1725/1672 2014/1726/1672 2009/1721/1669
f 2010/1722/1671 2015/1727/1673 2016/1728/1673 2011/1723/1672
f 2011/1723/1672 2016/1728/1673 2017/1729/1673 2012/1724/1672
f 2012/1724/1672 2017/1729/1673 2018/1730/1673 2013/1725/1672
f 2013/1725/1672 2018/1730/1673 2019/1731/1673 2014/1726/1672
f 2015/1727/1673 2020/1732/1674 2021/1733/1675 2016/1728/1673
f 2016/1728/1673 2021/1733/1675 2022/1734/1675 2017/1729/1673
f 2017/1729/1673 2022/1734/1675 2023/1735/1675 2018/1730/1673
f 2018/1730/1673 2023/1735/1675 2024/1736/1674 2019/1731/1673
f 2020/1732/1674 2025/1737/1676 2026/1738/1676 2021/1733/1675
f 2021/1733/1675 2026/1738/1676 2027/1739/1676 2022/1734/1675
f 2022/1734/1675 2027/1739/1676 2028/1740/1676 2023/1735/1675
f 2023/1735/1675 2028/1740/1676 2029/1741/1676 2024/1736/1674
f 2025/1737/1676 2030/1742/1677 2031/1743/1678 2026/1738/1676
f 2026/1738/1676 2031/1743/1678 2032/1744/1679 2027/1739/1676
f 2027/1739/1676 2032/1744/1679 2033/1745/1677 2028/1740/1676
f 2028/1740/1676 2033/1745/1677 2034/1746/1680 2029/1741/1676
f 2030/1742/1677 2035/1747/1681 2036/1748/1682 2031/1743/1678
f 2031/1743/1678 2036/1748/1682 2037/1749/1682 2032/1744/1679
f 2032/1744/1679 2037/1749/1682 2038/1750/1682 2033/1745/1677
f 2033/1745/1677 2038/1750/1682 2039/1751/1683 2034/1746/1680
f 2035/1747/1681 2040/1752/1684 2041/1753/1685 2036/1748/1682
f 2036/1748/1682 2041/1753/1685 2042/1754/1686 2037/1749/1682
f 2037/1749/1682 2042/1754/1686 2043/1755/1686 2038/1750/1682
f 2038/1750/1682 2043/1755/1686 2044/1756/1684 2039/1751/1683
f 2040/1752/1684 2045/1757/1687 2046/1758/1688 2041/1753/1685
f 2041/1753/1685 2046/1758/1688 2047/1759/1687 2042/1754/1686
f 2042/1754/1686 2047/1759/1687 2048/1760/1688 2043/1755/1686
f 2043/1755/1686 2048/1760/1688 2049/1761/1687 2044/1756/1684
f 2045/1757/1687 2050/1762/1689 2051/1763/1690 2046/1758/1688
f 2046/1758/1688 2051/1763/1690 2052/1764/1690 2047/1759/1687
f 2047/1759/1687 2052/1764/1690 2053/1765/1690 2048/1760/1688
f 2048/1760/1688 2053/1765/1690 2054/1766/1691 2049/1761/1687
f 2050/1762/1689 2055/1767/1692 2056/1768/1693 2051/1763/1690
f 2051/1763/1690 2056/1768/1693 2057/1769/1694 2052/1764/1690
f 2052/1764/1690 2057/1769/1694 2058/1770/1693 2053/1765/1690
f 2053/1765/1690 2058/1770/1693 2059/1771/1692 2054/1766/1691
f 2055/1767/1692 2060/1772/1695 2061/1773/1696 2056/1768/1693
f 2056/1768/1693 2061/1773/1696 2062/1774/1696 2057/1769/1694
f 2057/1769/1694 2062/1774/1696 2063/1775/1697 2058/1770/1693
f 2058/1770/1693 2063/1775/1697 2064/1776/1695 2059/1771/1692
f 2060/1772/1695 2065/1777/1698 2066/1778/1698 2061/1773/1696
f 2061/1773/1696 2066/1778/1698 2067/1779/1699 2062/1774/1696
f 2062/1774/1696 2067/1779/1699 2068/1780/1699 2063/1775/1697
f 2063/1775/1697 2068/1780/1699 2069/1781/1698 2064/1776/1695
f 2065/1777/1698 2070/1782/1700 2071/1783/1701 2066/1778/1698
f 2066/1778/1698 2071/1783/1701 2072/1784/1701 2067/1779/1699
f 2067/1779/1699 2072/1784/1701 2073/1785/1702 2068/1780/1699
f 2068/1780/1699 2073/1785/1702 2074/1786/1701 2069/1781/1698
f 2070/1782/1700 2075/1787/1703 2076/1788/1704 2071/1783/1701
f 2071/1783/1701 2076/1788/1704 2077/1789/1705 2072/1784/1701
f 2072/1784/1701 2077/1789/1705 2078/1790/1705 2073/1785/1702
f 2073/1785/1702 2078/1790/1705 2079/1791/1703 2074/1786/1701
f 2075/1787/1703 2080/1792/1706 2081/1793/1707 2076/1788/1704
f 2076/1788/1704 2081/1793/1707 2082/1794/1707 2077/1789/1705
f 2077/1789/1705 2082/1794/1707 2083/1795/1707 2078/1790/1705
f 2078/1790/1705 2083/1795/1707 2084/1796/1707 2079/1791/1703
f 2080/1792/1706 2085/1797/1708 2086/1798/1709 2081/1793/1707
f 2081/1793/1707 2086/1798/1709 2087/1799/1709 2082/1794/1707
f 2082/1794/1707 2087/1799/1709 2088/1800/1710 2083/1795/1707
f 2083/1795/1707 2088/1800/1710 2089/1801/1709 2084/1796/1707
f 2085/1797/1708 2090/1802/1711 2091/1803/1711 2086/1798/1709
f 2086/1798/1709 2091/1803/1711 2092/1804/1711 2087/1799/1709
f 2087/1799/1709 2092/1804/1711 2093/1805/1712 2088/1800/1710
f 2088/1800/1710 2093/1805/1712 2094/1806/1711 2089/1801/1709
f 2090/1802/1711 2095/1807/1713 2096/1808/1714 2091/1803/1711
f 2091/1803/1711 2096/1808/1714 2097/1809/1713 2092/1804/1711
f 2092/1804/1711 2097/1809/1713 2098/1810/1715 2093/1805/1712
f 2093/1805/1712 2098/1810/1715 2099/1811/1714 2094/1806/1711
f 2095/1807/1713 2100/1812/1716 2101/1813/1716 2096/1808/1714
f 2096/1808/1714 2101/1813/1716 2102/1814/1716 2097/1809/1713
f 2097/1809/1713 2102/1814/1716 2103/1815/1717 2098/1810/1715
f 2098/1810/1715 2103/1815/1717 2104/1816/1717 2099/1811/1714
f 2100/1812/1716 2105/1817/1718 2106/1818/1719 2101/1813/1716
f 2101/1813/1716 2106/1818/1719 2107/1819/1718 2102/1814/1716
f 2102/1814/1716 2107/1819/1718 2108/1820/1720 2103/1815/1717
f 2103/1815/1717 2108/1820/1720 2109/1821/1721 2104/1816/1717
f 2105/1817/1718 2110/1822/1722 2111/1823/1723 2106/1818/1719
f 2106/1818/1719 2111/1823/1723 2112/1824/1723 2107/1819/1718
f 2107/1819/1718 2112/1824/1723 2113/1825/1723 2108/1820/1720
f 2108/1820/1720 2113/1825/1723 2114/1826/1723 2109/1821/1721
f 2110/1822/1722 2115/1827/1724 2116/1828/1724 2111/1823/1723
f 2111/1823/1723 2116/1828/1724 2117/1829/1724 2112/1824/1723
f 2112/1824/1723 2117/1829/1724 2118/1830/1724 2113/1825/1723
f 2113/1825/1723 2118/1830/1724 2119/1831/1725 2114/1826/1723
f 2115/1827/1724 2120/1832/1726 2121/1833/1727 2116/1828/1724
f 2116/1828/1724 2121/1833/1727 2122/1834/1727 2117/1829/1724
f 2117/1829/1724 2122/1834/1727 2123/1835/1728 2118/1830/1724
f 2118/1830/1724 2123/1835/1728 2124/1836/1729 2119/1831/1725
f 2120/1832/1726 2125/1837/1730 2126/1838/1730 2121/1833/1727
f 2121/1833/1727 2126/1838/1730 2127/1839/1731 2122/1834/1727
f 2122/1834/1727 2127/1839/1731 2128/1840/1730 2123/1835/1728
f 2123/1835/1728 2128/1840/1730 2129/1841/1730 2124/1836/1729
f 2125/1837/1730 2130/1842/1732 2131/1843/1733 2126/1838/1730
f 2126/1838/1730 2131/1843/1733 2132/1844/1733 2127/1839/1731
f 2127/1839/1731 2132/1844/1733 2133/1845/1733 2128/1840/1730
f 2128/1840/1730 2133/1845/1733 2134/1846/1732 2129/1841/1730
f 2130/1842/1732 2135/1847/1734 2136/1848/1735 2131/1843/1733
f 2131/1843/1733 2136/1848/1735 2137/1849/1735 2132/1844/1733
f 2132/1844/1733 2137/1849/1735 2138/1850/1735 2133/1845/1733
f 2133/1845/1733 2138/1850/1735 2139/1851/1734 2134/1846/1732
f 2135/1847/1734 2140/1852/1736 2141/1853/1737 2136/1848/1735
f 2136/1848/1735 2141/1853/1737 2142/1854/1737 2137/1849/1735
f 2137/1849/1735 2142/1854/1737 2143/1855/1737 2138/1850/1735
f 2138/1850/1735 2143/1855/1737 2144/1856/1736 2139/1851/1734
f 2140/1852/1736 2145/1857/1738 2146/1858/1738 2141/1853/1737
f 2141/1853/1737 2146/1858/1738 2147/1859/1738 2142/1854/1737
f 2142/1854/1737 2147/1859/1738 2148/1860/1738 2143/1855/1737
f 2143/1855/1737 2148/1860/1738 2149/1861/1739 2144/1856/1736
f 2145/1857/1738 2150/1862/1740 2151/1863/1741 2146/1858/1738
f 2146/1858/1738 2151/1863/1741 2152/1864/1742 2147/1859/1738
f 2147/1859/1738 2152/1864/1742 2153/1865/1742 2148/1860/1738
f 2148/1860/1738 2153/1865/1742 2154/1866/1743 2149/1861/1739
f 2150/1862/1740 2155/1867/1744 2156/1868/1745 2151/1863/1741
f 2151/1863/1741 2156/1868/1745 2157/1869/1745 2152/1864/1742
f 2152/1864/1742 2157/1869/1745 2158/1870/1744 2153/1865/1742
f 2153/1865/1742 2158/1870/1744 2159/1871/1746 2154/1866/1743
f 2155/1867/1744 2160/1872/1747 2161/1873/1748 2156/1868/1745
f 2156/1868/1745 2161/1873/1748 2162/1874/1748 2157/1869/1745
f 2157/1869/1745 2162/1874/1748 2163/1875/1749 2158/1870/1744
f 2158/1870/1744 2163/1875/1749 2164/1876/1750 2159/1871/1746
f 2160/1872/1747 2165/1877/1751 2166/1878/1751 2161/1873/1748
f 2161/1873/1748 2166/1878/1751 2167/1879/1752 2162/1874/1748
f 2162/1874/1748 2167/1879/1752 2168/1880/1751 2163/1875/1749
f 2163/1875/1749 2168/1880/1751 2169/1881/1751 2164/1876/1750
f 2165/1877/1751 2170/1882/1753 2171/1883/1753 2166/1878/1751
f 2166/1878/1751 2171/1883/1753 2172/1884/1753 2167/1879/1752
f 2167/1879/1752 2172/1884/1753 2173/1885/1753 2168/1880/1751
f 2168/1880/1751 2173/1885/1753 2174/1886/1753 2169/1881/1751
f 2170/1882/1753 2175/1887/1754 2176/1888/1755 2171/1883/1753
f 2171/1883/1753 2176/1888/1755 2177/1889/1755 2172/1884/1753
f 2172/1884/1753 2177/1889/1755 2178/1890/1755 2173/1885/1753
f 2173/1885/1753 2178/1890/1755 2179/1891/1754 2174/1886/1753
f 2175/1887/1754 2180/1892/1756 2181/1893/1757 2176/1888/1755
f 2176/1888/1755 2181/1893/1757 2182/1894/1758 2177/1889/1755
f 2177/1889/1755 2182/1894/1758 2183/1895/1758 2178/1890/1755
f 2178/1890/1755 2183/1895/1758 2184/1896/1759 2179/1891/1754
f 2180/1892/1756 2185/1897/1760 2186/1898/1761 2181/1893/1757
f 2181/1893/1757 2186/1898/1761 2187/1899/1762 2182/1894/1758
f 2182/1894/1758 2187/1899/1762 2188/1900/1762 2183/1895/1758
f 2183/1895/1758 2188/1900/1762 2189/1901/1762 2184/1896/1759
f 2185/1897/1760 2190/1902/1763 2191/1903/1763 2186/1898/1761
f 2186/1898/1761 2191/1903/1763 2192/1904/1763 2187/1899/1762
f 2187/1899/1762 2192/1904/1763 2193/1905/1763 2188/1900/1762
f 2188/1900/1762 2193/1905/1763 2194/1906/1763 2189/1901/1762
f 2190/1902/1763 2195/1907/1764 2196/1908/1764 2191/1903/1763
f 2191/1903/1763 2196/1908/1764 2197/1909/1764 2192/1904/1763
f 2192/1904/1763 2197/1909/1764 2198/1910/1764 2193/1905/1763
f 2193/1905/1763 2198/1910/1764 2199/1911/1765 2194/1906/1763
f 2195/1907/1764 2200/1912/1766 2201/1913/1767 2196/1908/1764
f 2196/1908/1764 2201/1913/1767 2202/1914/1767 2197/1909/1764
f 2197/1909/1764 2202/1914/1767 2203/1915/1767 2198/1910/1764
f 2198/1910/1764 2203/1915/1767 2204/1916/1766 2199/1911/1765
f 2200/1912/1766 2205/1917/1768 2206/1918/1769 2201/1913/1767
f 2201/1913/1767 2206/1918/1769 2207/1919/1769 2202/1914/1767
f 2202/1914/1767 2207/1919/1769 2208/1920/1769 2203/1915/1767
f 2203/1915/1767 2208/1920/1769 2209/1921/1769 2204/1916/1766
f 2205/1917/1768 2210/1922/1770 2211/1923/1771 2206/1918/1769
f 2206/1918/1769 2211/1923/1771 2212/1924/1771 2207/1919/1769
f 2207/1919/1769 2212/1924/1771 2213/1925/1771 2208/1920/1769
f 2208/1920/1769 2213/1925/1771 2214/1926/1770 2209/1921/1769
f 2210/1922/1770 2215/1927/1772 2216/1928/1772 2211/1923/1771
f 2211/1923/1771 2216/1928/1772 2217/1929/1773 2212/1924/1771
f 2212/1924/1771 2217/1929/1773 2218/1930/1773 2213/1925/1771
f 2213/1925/1771 2218/1930/1773 2219/1931/1774 2214/1926/1770
f 2215/1927/1772 2220/1932/1775 2221/1933/1776 2216/1928/1772
f 2216/1928/1772 2221/1933/1776 2222/1934/1777 2217/1929/1773
f 2217/1929/1773 2222/1934/1777 2223/1935/1776 2218/1930/1773
f 2218/1930/1773 2223/1935/1776 2224/1936/1775 2219/1931/1774
f 2220/1932/1775 2225/1937/1778 2226/1938/1779 2221/1933/1776
f 2221/1933/1776 2226/1938/1779 2227/1939/1779 2222/1934/1777
f 2222/1934/1777 2227/1939/1779 2228/1940/1778 2223/1935/1776
f 2223/1935/1776 2228/1940/1778 2229/1941/1780 2224/1936/1775
f 2225/1937/1778 2230/1942/1781 2231/1943/1782 2226/1938/1779
f 2226/1938/1779 2231/1943/1782 2232/1944/1782 2227/1939/1779
f 2227/1939/1779 2232/1944/1782 2233/1945/1782 2228/1940/1778
f 2228/1940/1778 2233/1945/1782 2234/1946/1781 2229/1941/1780
f 2230/1942/1781 2235/1947/1783 2236/1948/1783 2231/1943/1782
f 2231/1943/1782 2236/1948/1783 2237/1949/1783 2232/1944/1782
f 2232/1944/1782 2237/1949/1783 2238/1950/1783 2233/1945/1782
f 2233/1945/1782 2238/1950/1783 2239/1951/1783 2234/1946/1781
f 2235/1947/1783 2240/1952/1784 2241/1953/1785 2236/1948/1783
f 2236/1948/1783 2241/1953/1785 2242/1954/1785 2237/1949/1783
f 2237/1949/1783 2242/1954/1785 2243/1955/1785 2238/1950/1783
f 2238/1950/1783 2243/1955/1785 2244/1956/1786 2239/1951/1783
f 2240/1952/1784 2245/1957/1787 2246/1958/1787 2241/1953/1785
f 2241/1953/1785 2246/1958/1787 2247/1959/1788 2242/1954/1785
f 2242/1954/1785 2247/1959/1788 2248/1960/1788 2243/1955/1785
f 2243/1955/1785 2248/1960/1788 2249/1961/1787 2244/1956/1786
f 2245/1957/1787 2250/1962/1789 2251/1963/1789 2246/1958/1787
f 2246/1958/1787 2251/1963/1789 2252/1964/1790 2247/1959/1788
f 2247/1959/1788 2252/1964/1790 2253/1965/1789 2248/1960/1788
f 2248/1960/1788 2253/1965/1789 2254/1966/1790 2249/1961/1787
f 2250/1962/1789 2255/1967/1791 2256/1968/1791 2251/1963/1789
f 2251/1963/1789 2256/1968/1791 2257/1969/1792 2252/1964/1790
f 2252/1964/1790 2257/1969/1792 2258/1970/1792 2253/1965/1789
f 2253/1965/1789 2258/1970/1792 2259/1971/1793 2254/1966/1790
f 2255/1967/1791 2260/1972/1794 2261/1973/1794 2256/1968/1791
f 2256/1968/1791 2261/1973/1794 2262/1974/1794 2257/1969/1792
f 2257/1969/1792 2262/1974/1794 2263/1975/1794 2258/1970/1792
f 2258/1970/1792 2263/1975/1794 2264/1976/1795 2259/1971/1793
f 2260/1972/1794 2265/1977/1796 2266/1978/1797 2261/1973/1794
f 2261/1973/1794 2266/1978/1797 2267/1979/1797 2262/1974/1794
f 2262/1974/1794 2267/1979/1797 2268/1980/1797 2263/1975/1794
f 2263/1975/1794 2268/1980/1797 2269/1981/1798 2264/1976/1795
f 2265/1977/1796 2270/1982/1799 2271/1983/1799 2266/1978/1797
f 2266/1978/1797 2271/1983/1799 2272/1984/1799 2267/1979/1797
f 2267/1979/1797 2272/1984/1799 2273/1985/1799 2268/1980/1797
f 2268/1980/1797 2273/1985/1799 2274/1986/1799 2269/1981/1798
f 2270/1982/1799 2275/1987/1800 2276/1988/1801 2271/1983/1799
f 2271/1983/1799 2276/1988/1801 2277/1989/1801 2272/1984/1799
f 2272/1984/1799 2277/1989/1801 2278/1990/1801 2273/1985/1799
f 2273/1985/1799 2278/1990/1801 2279/1991/1800 2274/1986/1799
f 2275/1987/1800 2280/1992/1802 2281/1993/1803 2276/1988/1801
f 2276/1988/1801 2281/1993/1803 2282/1994/1803 2277/1989/1801
f 2277/1989/1801 2282/1994/1803 2283/1995/1803 2278/1990/1801
f 2278/1990/1801 2283/1995/1803 2284/1996/1804 2279/1991/1800
f 2280/1992/1802 2285/1997/1805 2286/1998/1806 2281/1993/1803
f 2281/1993/1803 2286/1998/1806 2287/1999/1805 2282/1994/1803
f 2282/1994/1803 2287/1999/1805 2288/2000/1807 2283/1995/1803
f 2283/1995/1803 2288/2000/1807 2289/2001/1805 2284/1996/1804
f 2285/1997/1805 2290/2002/1808 2291/2003/1809 2286/1998/1806
f 2286/1998/1806 2291/2003/1809 2292/2004/1809 2287/1999/1805
f 2287/1999/1805 2292/2004/1809 2293/2005/1808 2288/2000/1807
f 2288/2000/1807 2293/2005/1808 2294/2006/1810 2289/2001/1805
f 2290/2002/1808 2295/2007/1811 2296/2008/1812 2291/2003/1809
f 2291/2003/1809 2296/2008/1812 2297/2009/1813 2292/2004/1809
f 2292/2004/1809 2297/2009/1813 2298/2010/1812 2293/2005/1808
f 2293/2005/1808 2298/2010/1812 2299/2011/1811 2294/2006/1810
f 2295/2007/1811 2300/2012/1814 2301/2013/1815 2296/2008/1812
f 2296/2008/1812 2301/2013/1815 2302/2014/1815 2297/2009/1813
f 2297/2009/1813 2302/2014/1815 2303/2015/1815 2298/2010/1812
f 2298/2010/1812 2303/2015/1815 2304/2016/1814 2299/2011/1811
f 2300/2012/1814 2305/2017/1816 2306/2018/1816 2301/2013/1815
f 2301/2013/1815 2306/2018/1816 2307/2019/1817 2302/2014/1815
f 2302/2014/1815 2307/2019/1817 2308/2020/1817 2303/2015/1815
f 2303/2015/1815 2308/2020/1817 2309/2021/1818 2304/2016/1814
f 2305/2017/1816 2310/2022/1819 2311/2023/1820 2306/2018/1816
f 2306/2018/1816 2311/2023/1820 2312/2024/1820 2307/2019/1817
f 2307/2019/1817 2312/2024/1820 2313/2025/1820 2308/2020/1817
f 2308/2020/1817 2313/2025/1820 2314/2026/1819 2309/2021/1818
f 2310/2022/1819 2315/2027/1821 2316/2028/1822 2311/2023/1820
f 2311/2023/1820 2316/2028/1822 2317/2029/1822 2312/2024/1820
f 2312/2024/1820 2317/2029/1822 2318/2030/1821 2313/2025/1820
f 2313/2025/1820 2318/2030/1821 2319/2031/1821 2314/2026/1819
f 2315/2027/1821 2320/2032/1823 2321/2033/1824 2316/2028/1822
f 2316/2028/1822 2321/2033/1824 2322/2034/1824 2317/2029/1822
f 2317/2029/1822 2322/2034/1824 2323/2035/1824 2318/2030/1821
f 2318/2030/1821 2323/2035/1824 2324/2036/1823 2319/2031/1821
f 2320/2032/1823 2325/2037/1825 2326/2038/1826 2321/2033/1824
f 2321/2033/1824 2326/2038/1826 2327/2039/1825 2322/2034/1824
f 2322/2034/1824 2327/2039/1825 2328/2040/1826 2323/2035/1824
f 2323/2035/1824 2328/2040/1826 2329/2041/1827 2324/2036/1823
f 2325/2037/1825 2330/2042/1828 2331/2043/1829 2326/2038/1826
f 2326/2038/1826 2331/2043/1829 2332/2044/1829 2327/2039/1825
f 2327/2039/1825 2332/2044/1829 2333/2045/1830 2328/2040/1826
f 2328/2040/1826 2333/2045/1830 2334/2046/1828 2329/2041/1827
f 2330/2042/1828 2335/2047/1831 2336/2048/1832 2331/2043/1829
f 2331/2043/1829 2336/2048/1832 2337/2049/1833 2332/2044/1829
f 2332/2044/1829 2337/2049/1833 2338/2050/1833 2333/2045/1830
f 2333/2045/1830 2338/2050/1833 2339/2051/1833 2334/2046/1828
f 2335/2047/1831 2340/2052/1834 2341/2053/1835 2336/2048/1832
f 2336/2048/1832 2341/2053/1835 2342/2054/1835 2337/2049/1833
f 2337/2049/1833 2342/2054/1835 2343/2055/1836 2338/2050/1833
f 2338/2050/1833 2343/2055/1836 2344/2056/1837 2339/2051/1833
f 2340/2052/1834 2345/2057/1838 2346/2058/1839 2341/2053/1835
f 2341/2053/1835 2346/2058/1839 2347/2059/1840 2342/2054/1835
f 2342/2054/1835 2347/2059/1840 2348/2060/1841 2343/2055/1836
f 2343/2055/1836 2348/2060/1841 2349/2061/1842 2344/2056/1837
f 2345/2057/1838 2350/2062/1843 2351/2063/1844 2346/2058/1839
f 2346/2058/1839 2351/2063/1844 2352/2064/1844 2347/2059/1840
f 2347/2059/1840 2352/2064/1844 2353/2065/1844 2348/2060/1841
f 2348/2060/1841 2353/2065/1844 2354/2066/1845 2349/2061/1842
f 2350/2062/1843 2355/2067/1846 2356/2068/1847 2351/2063/1844
f 2351/2063/1844 2356/2068/1847 2357/2069/1848 2352/2064/1844
f 2352/2064/1844 2357/2069/1848 2358/2070/1848 2353/2065/1844
f 2353/2065/1844 2358/2070/1848 2359/2071/1849 2354/2066/1845
f 2355/2067/1846 2360/2072/1850 2361/2073/1851 2356/2068/1847
f 2356/2068/1847 2361/2073/1851 2362/2074/1851 2357/2069/1848
f 2357/2069/1848 2362/2074/1851 2363/2075/1850 2358/2070/1848
f 2358/2070/1848 2363/2075/1850 2364/2076/1852 2359/2071/1849
f 2360/2072/1850 2365/2077/1853 2366/2078/1854 2361/2073/1851
f 2361/2073/1851 2366/2078/1854 2367/2079/1854 2362/2074/1851
f 2362/2074/1851 2367/2079/1854 2368/2080/1854 2363/2075/1850
f 2363/2075/1850 2368/2080/1854 2369/2081/1854 2364/2076/1852
f 2365/2077/1853 2370/2082/1855 2371/2083/1855 2366/2078/1854
f 2366/2078/1854 2371/2083/1855 2372/2084/1855 2367/2079/1854
f 2367/2079/1854 2372/2084/1855 2373/2085/1855 2368/2080/1854
f 2368/2080/1854 2373/2085/1855 2374/2086/1855 2369/2081/1854
f 2370/2082/1855 2375/2087/1856 2376/2088/1856 2371/2083/1855
f 2371/2083/1855 2376/2088/1856 2377/2089/1857 2372/2084/1855
f 2372/2084/1855 2377/2089/1857 2378/2090/1856 2373/2085/1855
f 2373/2085/1855 2378/2090/1856 2379/2091/1856 2374/2086/1855
f 2375/2087/1856 2380/2092/1858 2381/2093/1858 2376/2088/1856
f 2376/2088/1856 2381/2093/1858 2382/2094/1858 2377/2089/1857
f 2377/2089/1857 2382/2094/1858 2383/2095/1858 2378/2090/1856
f 2378/2090/1856 2383/2095/1858 2384/2096/1858 2379/2091/1856
f 2380/2092/1858 2385/2097/1859 2386/2098/1860 2381/2093/1858
f 2381/2093/1858 2386/2098/1860 2387/2099/1860 2382/2094/1858
f 2382/2094/1858 2387/2099/1860 2388/2100/1860 2383/2095/1858
f 2383/2095/1858 2388/2100/1860 2389/2101/1859 2384/2096/1858
f 2385/2097/1859 2390/2102/1861 2391/2103/1861 2386/2098/1860
f 2386/2098/1860 2391/2103/1861 2392/2104/1861 2387/2099/1860
f 2387/2099/1860 2392/2104/1861 2393/2105/1862 2388/2100/1860
f 2388/2100/1860 2393/2105/1862 2394/2106/1862 2389/2101/1859
f 2390/2102/1861 2395/2107/1863 2396/2108/1864 2391/2103/1861
f 2391/2103/1861 2396/2108/1864 2397/2109/1865 2392/2104/1861
f 2392/2104/1861 2397/2109/1865 2398/2110/1865 2393/2105/1862
f 2393/2105/1862 2398/2110/1865 2399/2111/1866 2394/2106/1862
f 2395/2107/1863 2400/2112/1867 2401/2113/1868 2396/2108/1864
f 2396/2108/1864 2401/2113/1868 2402/2114/1868 2397/2109/1865
f 2397/2109/1865 2402/2114/1868 2403/2115/1869 2398/2110/1865
f 2398/2110/1865 2403/2115/1869 2404/2116/1870 2399/2111/1866
usemtl track_rail
f 1769/1477/1871 1774/1478/1872 2406/1485/1873 2405/1486/1871
f 1774/1478/1872 1779/1487/1874 2407/1491/1874 2406/1485/1873
f 1779/1487/1874 1784/1492/1875 2408/1496/1876 2407/1491/1874
f 1784/1492/1875 1789/1497/1877 2409/1501/1877 2408/1496/1876
f 1789/1497/1877 1794/1502/1878 2410/1506/1879 2409/1501/1877
f 1794/1502/1878 1799/1507/1880 2411/1511/1881 2410/1506/1879
f 1799/1507/1880 1804/1512/1882 2412/1516/1883 2411/1511/1881
f 1804/1512/1882 1809/1517/1884 2413/1521/1885 2412/1516/1883
f 1809/1517/1884 1814/1522/1886 2414/1526/1886 2413/1521/1885
f 1814/1522/1886 1819/1527/1887 2415/1531/1888 2414/1526/1886
f 1819/1527/1887 1824/1532/1889 2416/1536/1889 2415/1531/1888
f 1824/1532/1889 1829/1537/1890 2417/1541/1891 2416/1536/1889
f 1829/1537/1890 1834/1542/1892 2418/1546/1892 2417/1541/1891
f 1834/1542/1892 1839/1547/1893 2419/1551/1894 2418/1546/1892
f 1839/1547/1893 1844/1552/1895 2420/1556/1896 2419/1551/1894
f 1844/1552/1895 1849/1557/1897 2421/1561/1897 2420/1556/1896
f 1849/1557/1897 1854/1562/1898 2422/1566/1898 2421/1561/1897
f 1854/1562/1898 1859/1567/1899 2423/1571/1899 2422/1566/1898
f 1859/1567/1899 1864/1572/1900 2424/1576/1900 2423/1571/1899
f 1864/1572/1900 1869/1577/1901 2425/1581/1901 2424/1576/1900
f 1869/1577/1901 1874/1582/1902 2426/1586/1902 2425/1581/1901
f 1874/1582/1902 1879/1587/1903 2427/1591/1903 2426/1586/1902
f 1879/1587/1903 1884/1592/1904 2428/1596/1904 2427/1591/1903
f 1884/1592/1904 1889/1597/1905 2429/1601/1906 2428/1596/1904
f 1889/1597/1905 1894/1602/1907 2430/1606/1907 2429/1601/1906
f 1894/1602/1907 1899/1607/1908 2431/1611/1908 2430/1606/1907
f 1899/1607/1908 1904/1612/1909 2432/1616/1909 2431/1611/1908
f 1904/1612/1909 1909/1617/1910 2433/1621/1911 2432/1616/1909
f 1909/1617/1910 1914/1622/1912 2434/1626/1912 2433/1621/1911
f 1914/1622/1912 1919/1627/1913 2435/1631/1913 2434/1626/1912
f 1919/1627/1913 1924/1632/1914 2436/1636/1915 2435/1631/1913
f 1924/1632/1914 1929/1637/1916 2437/1641/1916 2436/1636/1915
f 1929/1637/1916 1934/1642/1917 2438/1646/1918 2437/1641/1916
f 1934/1642/1917 1939/1647/1919 2439/1651/1919 2438/1646/1918
f 1939/1647/1919 1944/1652/1920 2440/1656/1920 2439/1651/1919
f 1944/1652/1920 1949/1657/1921 2441/1661/1922 2440/1656/1920
f 1949/1657/1921 1954/1662/1923 2442/1666/1923 2441/1661/1922
f 1954/1662/1923 1959/1667/1924 2443/1671/1924 2442/1666/1923
f 1959/1667/1924 1964/1672/1925 2444/1676/1925 2443/1671/1924
f 1964/1672/1925 1969/1677/1926 2445/1681/1927 2444/1676/1925
f 1969/1677/1926 1974/1682/1928 2446/1686/1928 2445/1681/1927
f 1974/1682/1928 1979/1687/1929 2447/1691/1929 2446/1686/1928
f 1979/1687/1929 1984/1692/1930 2448/1696/1930 2447/1691/1929
f 1984/1692/1930 1989/1697/1931 2449/1701/1932 2448/1696/1930
f 1989/1697/1931 1994/1702/1933 2450/1706/1933 2449/1701/1932
f 1994/1702/1933 1999/1707/1934 2451/1711/1935 2450/1706/1933
f 1999/1707/1934 2004/1712/1936 2452/1716/1937 2451/1711/1935
f 2004/1712/1936 2009/1717/1938 2453/1721/1938 2452/1716/1937
f 2009/1717/1938 2014/1722/1939 2454/1726/1939 2453/1721/1938
f 2014/1722/1939 2019/1727/1940 2455/1731/1940 2454/1726/1939
f 2019/1727/1940 2024/1732/1941 2456/1736/1941 2455/1731/1940
f 2024/1732/1941 2029/1737/1942 2457/1741/1943 2456/1736/1941
f 2029/1737/1942 2034/1742/1944 2458/1746/1945 2457/1741/1943
f 2034/1742/1944 2039/1747/1946 2459/1751/1946 2458/1746/1945
f 2039/1747/1946 2044/1752/1947 2460/1756/1947 2459/1751/1946
f 2044/1752/1947 2049/1757/1948 2461/1761/1949 2460/1756/1947
f 2049/1757/1948 2054/1762/1950 2462/1766/1950 2461/1761/1949
f 2054/1762/1950 2059/1767/1951 2463/1771/1951 2462/1766/1950
f 2059/1767/1951 2064/1772/1952 2464/1776/1952 2463/1771/1951
f 2064/1772/1952 2069/1777/1953 2465/1781/1953 2464/1776/1952
f 2069/1777/1953 2074/1782/1954 2466/1786/1955 2465/1781/1953
f 2074/1782/1954 2079/1787/1956 2467/1791/1956 2466/1786/1955
f 2079/1787/1956 2084/1792/1957 2468/1796/1958 2467/1791/1956
f 2084/1792/1957 2089/1797/1959 2469/1801/1959 2468/1796/1958
f 2089/1797/1959 2094/1802/1960 2470/1806/1960 2469/1801/1959
f 2094/1802/1960 2099/1807/1961 2471/1811/1961 2470/1806/1960
f 2099/1807/1961 2104/1812/1962 2472/1816/1962 2471/1811/1961
f 2104/1812/1962 2109/1817/1963 2473/1821/1963 2472/1816/1962
f 2109/1817/1963 2114/1822/1964 2474/1826/1964 2473/1821/1963
f 2114/1822/1964 2119/1827/1965 2475/1831/1966 2474/1826/1964
f 2119/1827/1965 2124/1832/1967 2476/1836/1967 2475/1831/1966
f 2124/1832/1967 2129/1837/1968 2477/1841/1968 2476/1836/1967
f 2129/1837/1968 2134/1842/1969 2478/1846/1969 2477/1841/1968
f 2134/1842/1969 2139/1847/1970 2479/1851/1970 2478/1846/1969
f 2139/1847/1970 2144/1852/1971 2480/1856/1971 2479/1851/1970
f 2144/1852/1971 2149/1857/1972 2481/1861/1972 2480/1856/1971
f 2149/1857/1972 2154/1862/1973 2482/1866/1973 2481/1861/1972
f 2154/1862/1973 2159/1867/1974 2483/1871/1974 2482/1866/1973
f 2159/1867/1974 2164/1872/1975 2484/1876/1975 2483/1871/1974
f 2164/1872/1975 2169/1877/1976 2485/1881/1976 2484/1876/1975
f 2169/1877/1976 2174/1882/1977 2486/1886/1977 2485/1881/1976
f 2174/1882/1977 2179/1887/1978 2487/1891/1978 2486/1886/1977
f 2179/1887/1978 2184/1892/1979 2488/1896/1980 2487/1891/1978
f 2184/1892/1979 2189/1897/1981 2489/1901/1981 2488/1896/1980
f 2189/1897/1981 2194/1902/1982 2490/1906/1982 2489/1901/1981
f 2194/1902/1982 2199/1907/1983 2491/1911/1984 2490/1906/1982
f 2199/1907/1983 2204/1912/1985 2492/1916/1985 2491/1911/1984
f 2204/1912/1985 2209/1917/1986 2493/1921/1986 2492/1916/1985
f 2209/1917/1986 2214/1922/1987 2494/1926/1987 2493/1921/1986
f 2214/1922/1987 2219/1927/1988 2495/1931/1988 2494/1926/1987
f 2219/1927/1988 2224/1932/1989 2496/1936/1989 2495/1931/1988
f 2224/1932/1989 2229/1937/1990 2497/1941/1991 2496/1936/1989
f 2229/1937/1990 2234/1942/1992 2498/1946/1992 2497/1941/1991
f 2234/1942/1992 2239/1947/1993 2499/1951/1993 2498/1946/1992
f 2239/1947/1993 2244/1952/1994 2500/1956/1995 2499/1951/1993
f 2244/1952/1994 2249/1957/1996 2501/1961/1996 2500/1956/1995
f 2249/1957/1996 2254/1962/1997 2502/1966/1997 2501/1961/1996
f 2254/1962/1997 2259/1967/1998 2503/1971/1998 2502/1966/1997
f 2259/1967/1998 2264/1972/1999 2504/1976/1999 2503/1971/1998
f 2264/1972/1999 2269/1977/2000 2505/1981/2001 2504/1976/1999
f 2269/1977/2000 2274/1982/2002 2506/1986/2003 2505/1981/2001
f 2274/1982/2002 2279/1987/2004 2507/1991/2004 2506/1986/2003
f 2279/1987/2004 2284/1992/2005 2508/1996/2005 2507/1991/2004
f 2284/1992/2005 2289/1997/2006 2509/2001/2006 2508/1996/2005
f 2289/1997/2006 2294/2002/2007 2510/2006/2007 2509/2001/2006
f 2294/2002/2007 2299/2007/2008 2511/2011/2009 2510/2006/2007
f 2299/2007/2008 2304/2012/2010 2512/2016/2011 2511/2011/2009
f 2304/2012/2010 2309/2017/2012 2513/2021/2013 2512/2016/2011
f 2309/2017/2012 2314/2022/2014 2514/2026/2015 2513/2021/2013
f 2314/2022/2014 2319/2027/2016 2515/2031/2017 2514/2026/2015
f 2319/2027/2016 2324/2032/2018 2516/2036/2019 2515/2031/2017
f 2324/2032/2018 2329/2037/2020 2517/2041/2020 2516/2036/2019
f 2329/2037/2020 2334/2042/2021 2518/2046/2022 2517/2041/2020
f 2334/2042/2021 2339/2047/2023 2519/2051/2024 2518/2046/2022
f 2339/2047/2023 2344/2052/2025 2520/2056/2025 2519/2051/2024
f 2344/2052/2025 2349/2057/2026 2521/2061/2026 2520/2056/2025
f 2349/2057/2026 2354/2062/2027 2522/2066/2028 2521/2061/2026
f 2354/2062/2027 2359/2067/2029 2523/2071/2030 2522/2066/2028
f 2359/2067/2029 2364/2072/2031 2524/2076/2032 2523/2071/2030
f 2364/2072/2031 2369/2077/2033 2525/2081/2034 2524/2076/2032
f 2369/2077/2033 2374/2082/2035 2526/2086/2035 2525/2081/2034
f 2374/2082/2035 2379/2087/2036 2527/2091/2037 2526/2086/2035
f 2379/2087/2036 2384/2092/2038 2528/2096/2039 2527/2091/2037
f 2384/2092/2038 2389/2097/2040 2529/2101/2041 2528/2096/2039
f 2389/2097/2040 2394/2102/2042 2530/2106/2042 2529/2101/2041
f 2394/2102/2042 2399/2107/2043 2531/2111/2043 2530/2106/2042
f 2399/2107/2043 2404/2112/2044 2532/2116/2044 2531/2111/2043
f 2533/1477/2045 2534/1478/2046 1770/1485/2047 1765/1486/2045
f 2534/1478/2046 2535/1487/2048 1775/1491/2049 1770/1485/2047
f 2535/1487/2048 2536/1492/2050 1780/1496/2050 1775/1491/2049
f 2536/1492/2050 2537/1497/2051 1785/1501/2052 1780/1496/2050
f 2537/1497/2051 2538/1502/2053 1790/1506/2053 1785/1501/2052
f 2538/1502/2053 2539/1507/2054 1795/1511/2055 1790/1506/2053
f 2539/1507/2054 2540/1512/2056 1800/1516/2057 1795/1511/2055
f 2540/1512/2056 2541/1517/2058 1805/1521/2059 1800/1516/2057
f 2541/1517/2058 2542/1522/2060 1810/1526/2060 1805/1521/2059
f 2542/1522/2060 2543/1527/2061 1815/1531/2061 1810/1526/2060
f 2543/1527/2061 2544/1532/2062 1820/1536/2063 1815/1531/2061
f 2544/1532/2062 2545/1537/2064 1825/1541/2064 1820/1536/2063
f 2545/1537/2064 2546/1542/2065 1830/1546/2065 1825/1541/2064
f 2546/1542/2065 2547/1547/2066 1835/1551/2066 1830/1546/2065
f 2547/1547/2066 2548/1552/2067 1840/1556/2067 1835/1551/2066
f 2548/1552/2067 2549/1557/2068 1845/1561/2068 1840/1556/2067
f 2549/1557/2068 2550/1562/2069 1850/1566/2070 1845/1561/2068
f 2550/1562/2069 2551/1567/2071 1855/1571/2072 1850/1566/2070
f 2551/1567/2071 2552/1572/2073 1860/1576/2073 1855/1571/2072
f 2552/1572/2073 2553/1577/2074 1865/1581/2074 1860/1576/2073
f 2553/1577/2074 2554/1582/2075 1870/1586/2076 1865/1581/2074
f 2554/1582/2075 2555/1587/2077 1875/1591/2077 1870/1586/2076
f 2555/1587/2077 2556/1592/2078 1880/1596/2078 1875/1591/2077
f 2556/1592/2078 2557/1597/2079 1885/1601/2079 1880/1596/2078
f 2557/1597/2079 2558/1602/2080 1890/1606/2080 1885/1601/2079
f 2558/1602/2080 2559/1607/2081 1895/1611/2082 1890/1606/2080
f 2559/1607/2081 2560/1612/2083 1900/1616/2084 1895/1611/2082
f 2560/1612/2083 2561/1617/2085 1905/1621/2086 1900/1616/2084
f 2561/1617/2085 2562/1622/2087 1910/1626/2088 1905/1621/2086
f 2562/1622/2087 2563/1627/2089 1915/1631/2089 1910/1626/2088
f 2563/1627/2089 2564/1632/2090 1920/1636/2091 1915/1631/2089
f 2564/1632/2090 2565/1637/2092 1925/1641/2092 1920/1636/2091
f 2565/1637/2092 2566/1642/2093 1930/1646/2093 1925/1641/2092
f 2566/1642/2093 2567/1647/2094 1935/1651/2094 1930/1646/2093
f 2567/1647/2094 2568/1652/2095 1940/1656/2096 1935/1651/2094
f 2568/1652/2095 2569/1657/2097 1945/1661/2097 1940/1656/2096
f 2569/1657/2097 2570/1662/2098 1950/1666/2098 1945/1661/2097
f 2570/1662/2098 2571/1667/2099 1955/1671/2099 1950/1666/2098
f 2571/1667/2099 2572/1672/2100 1960/1676/2100 1955/1671/2099
f 2572/1672/2100 2573/1677/2101 1965/1681/2101 1960/1676/2100
f 2573/1677/2101 2574/1682/2102 1970/1686/2102 1965/1681/2101
f 2574/1682/2102 2575/1687/2103 1975/1691/2103 1970/1686/2102
f 2575/1687/2103 2576/1692/2104 1980/1696/2104 1975/1691/2103
f 2576/1692/2104 2577/1697/2105 1985/1701/2105 1980/1696/2104
f 2577/1697/2105 2578/1702/2106 1990/1706/2106 1985/1701/2105
f 2578/1702/2106 2579/1707/2107 1995/1711/2108 1990/1706/2106
f 2579/1707/2107 2580/1712/2109 2000/1716/2110 1995/1711/2108
f 2580/1712/2109 2581/1717/2111 2005/1721/2111 2000/1716/2110
f 2581/1717/2111 2582/1722/2112 2010/1726/2112 2005/1721/2111
f 2582/1722/2112 2583/1727/2113 2015/1731/2113 2010/1726/2112
f 2583/1727/2113 2584/1732/2114 2020/1736/2115 2015/1731/2113
f 2584/1732/2114 2585/1737/2116 2025/1741/2116 2020/1736/2115
f 2585/1737/2116 2586/1742/2117 2030/1746/2118 2025/1741/2116
f 2586/1742/2117 2587/1747/2119 2035/1751/2120 2030/1746/2118
f 2587/1747/2119 2588/1752/2121 2040/1756/2121 2035/1751/2120
f 2588/1752/2121 2589/1757/2122 2045/1761/2122 2040/1756/2121
f 2589/1757/2122 2590/1762/2123 2050/1766/2123 2045/1761/2122
f 2590/1762/2123 2591/1767/2124 2055/1771/2125 2050/1766/2123
f 2591/1767/2124 2592/1772/2126 2060/1776/2126 2055/1771/2125
f 2592/1772/2126 2593/1777/2127 2065/1781/2128 2060/1776/2126
f 2593/1777/2127 2594/1782/2129 2070/1786/2130 2065/1781/2128
f 2594/1782/2129 2595/1787/2131 2075/1791/2131 2070/1786/2130
f 2595/1787/2131 2596/1792/2132 2080/1796/2132 2075/1791/2131
f 2596/1792/2132 2597/1797/2133 2085/1801/2133 2080/1796/2132
f 2597/1797/2133 2598/1802/2134 2090/1806/2135 2085/1801/2133
f 2598/1802/2134 2599/1807/2136 2095/1811/2136 2090/1806/2135
f 2599/1807/2136 2600/1812/2137 2100/1816/2137 2095/1811/2136
f 2600/1812/2137 2601/1817/2138 2105/1821/2138 2100/1816/2137
f 2601/1817/2138 2602/1822/2139 2110/1826/2139 2105/1821/2138
f 2602/1822/2139 2603/1827/2140 2115/1831/2141 2110/1826/2139
f 2603/1827/2140 2604/1832/2142 2120/1836/2142 2115/1831/2141
f 2604/1832/2142 2605/1837/2143 2125/1841/2143 2120/1836/2142
f 2605/1837/2143 2606/1842/2144 2130/1846/2144 2125/1841/2143
f 2606/1842/2144 2607/1847/2145 2135/1851/2145 2130/1846/2144
f 2607/1847/2145 2608/1852/2146 2140/1856/2146 2135/1851/2145
f 2608/1852/2146 2609/1857/2147 2145/1861/2148 2140/1856/2146
f 2609/1857/2147 2610/1862/2149 2150/1866/2149 2145/1861/2148
f 2610/1862/2149 2611/1867/2150 2155/1871/2150 2150/1866/2149
f 2611/1867/2150 2612/1872/2151 2160/1876/2151 2155/1871/2150
f 2612/1872/2151 2613/1877/2152 2165/1881/2152 2160/1876/2151
f 2613/1877/2152 2614/1882/2153 2170/1886/2153 2165/1881/2152
f 2614/1882/2153 2615/1887/2154 2175/1891/2154 2170/1886/2153
f 2615/1887/2154 2616/1892/2155 2180/1896/2155 2175/1891/2154
f 2616/1892/2155 2617/1897/2156 2185/1901/2156 2180/1896/2155
f 2617/1897/2156 2618/1902/2157 2190/1906/2158 2185/1901/2156
f 2618/1902/2157 2619/1907/2159 2195/1911/2159 2190/1906/2158
f 2619/1907/2159 2620/1912/2160 2200/1916/2160 2195/1911/2159
f 2620/1912/2160 2621/1917/2161 2205/1921/2161 2200/1916/2160
f 2621/1917/2161 2622/1922/2162 2210/1926/2162 2205/1921/2161
f 2622/1922/2162 2623/1927/2163 2215/1931/2163 2210/1926/2162
f 2623/1927/2163 2624/1932/2164 2220/1936/2165 2215/1931/2163
f 2624/1932/2164 2625/1937/2166 2225/1941/2166 2220/1936/2165
f 2625/1937/2166 2626/1942/2167 2230/1946/2167 2225/1941/2166
f 2626/1942/2167 2627/1947/2168 2235/1951/2168 2230/1946/2167
f 2627/1947/2168 2628/1952/2169 2240/1956/2169 2235/1951/2168
f 2628/1952/2169 2629/1957/2170 2245/1961/2171 2240/1956/2169
f 2629/1957/2170 2630/1962/2172 2250/1966/2173 2245/1961/2171
f 2630/1962/2172 2631/1967/2174 2255/1971/2174 2250/1966/2173
f 2631/1967/2174 2632/1972/2175 2260/1976/2175 2255/1971/2174
f 2632/1972/2175 2633/1977/2176 2265/1981/2176 2260/1976/2175
f 2633/1977/2176 2634/1982/2177 2270/1986/2178 2265/1981/2176
f 2634/1982/2177 2635/1987/2179 2275/1991/2179 2270/1986/2178
f 2635/1987/2179 2636/1992/2180 2280/1996/2180 2275/1991/2179
f 2636/1992/2180 2637/1997/2181 2285/2001/2181 2280/1996/2180
f 2637/1997/2181 2638/2002/2182 2290/2006/2182 2285/2001/2181
f 2638/2002/2182 2639/2007/2183 2295/2011/2184 2290/2006/2182
f 2639/2007/2183 2640/2012/2185 2300/2016/2185 2295/2011/2184
f 2640/2012/2185 2641/2017/2186 2305/2021/2186 2300/2016/2185
f 2641/2017/2186 2642/2022/2187 2310/2026/2188 2305/2021/2186
f 2642/2022/2187 2643/2027/2189 2315/2031/2189 2310/2026/2188
f 2643/2027/2189 2644/2032/2190 2320/2036/2190 2315/2031/2189
f 2644/2032/2190 2645/2037/2191 2325/2041/2191 2320/2036/2190
f 2645/2037/2191 2646/2042/2192 2330/2046/2192 2325/2041/2191
f 2646/2042/2192 2647/2047/2193 2335/2051/2193 2330/2046/2192
f 2647/2047/2193 2648/2052/2194 2340/2056/2194 2335/2051/2193
f 2648/2052/2194 2649/2057/2195 2345/2061/2195 2340/2056/2194
f 2649/2057/2195 2650/2062/2196 2350/2066/2197 2345/2061/2195
f 2650/2062/2196 2651/2067/2198 2355/2071/2198 2350/2066/2197
f 2651/2067/2198 2652/2072/2199 2360/2076/2199 2355/2071/2198
f 2652/2072/2199 2653/2077/2200 2365/2081/2201 2360/2076/2199
f 2653/2077/2200 2654/2082/2202 2370/2086/2203 2365/2081/2201
f 2654/2082/2202 2655/2087/2204 2375/2091/2205 2370/2086/2203
f 2655/2087/2204 2656/2092/2206 2380/2096/2207 2375/2091/2205
f 2656/2092/2206 2657/2097/2208 2385/2101/2208 2380/2096/2207
f 2657/2097/2208 2658/2102/2209 2390/2106/2209 2385/2101/2208
f 2658/2102/2209 2659/2107/2210 2395/2111/2210 2390/2106/2209
f 2659/2107/2210 2660/2112/2211 2400/2116/2211 2395/2111/2210
usemtl embed_border
f 3589/2117/2212 3590/2119/2215 2662/2119/2654 2661/2117/2655
f 3591/1512/2213 3589/2117/2212 2661/2117/2655 2669/1512/2656
f 3592/1517/2218 3591/1512/2213 2669/1512/2656 2677/1517/2657
f 3593/1522/2222 3592/1517/2218 2677/1517/2657 2685/1522/2658
f 3594/1527/2226 3593/1522/2222 2685/1522/2658 2693/1527/2659
f 3595/1532/2230 3594/1527/2226 2693/1527/2659 2701/1532/2660
f 3596/1537/2232 3595/1532/2230 2701/1532/2660 2709/1537/2661
f 3597/1542/2236 3596/1537/2232 2709/1537/2661 2717/1542/2662
f 3598/1547/2241 3597/1542/2236 2717/1542/2662 2725/1547/2663
f 3599/1552/2243 3598/1547/2241 2725/1547/2663 2733/1552/2664
f 3600/1557/2246 3599/1552/2243 2733/1552/2664 2741/1557/2665
f 3601/1562/2250 3600/1557/2246 2741/1557/2665 2749/1562/2666
f 3602/1567/2254 3601/1562/2250 2749/1562/2666 2757/1567/2667
f 3603/1572/2258 3602/1567/2254 2757/1567/2667 2765/1572/2668
f 3604/1577/2263 3603/1572/2258 2765/1572/2668 2773/1577/2669
f 3605/1582/2268 3604/1577/2263 2773/1577/2669 2781/1582/2670
f 3606/1587/2271 3605/1582/2268 2781/1582/2670 2789/1587/2671
f 3607/1592/2274 3606/1587/2271 2789/1587/2671 2797/1592/2672
f 3608/1597/2279 3607/1592/2274 2797/1592/2672 2805/1597/2673
f 3609/1602/2284 3608/1597/2279 2805/1597/2673 2813/1602/2674
f 3610/1607/2289 3609/1602/2284 2813/1602/2674 2821/1607/2675
f 3611/1612/2292 3610/1607/2289 2821/1607/2675 2829/1612/2676
f 3612/1617/2297 3611/1612/2292 2829/1612/2676 2837/1617/2677
f 3613/1622/2300 3612/1617/2297 2837/1617/2677 2845/1622/2678
f 3614/1627/2303 3613/1622/2300 2845/1622/2678 2853/1627/2679
f 3615/1632/2306 3614/1627/2303 2853/1627/2679 2861/1632/2680
f 3616/1637/2309 3615/1632/2306 2861/1632/2680 2869/1637/2681
f 3617/1642/2313 3616/1637/2309 2869/1637/2681 2877/1642/2682
f 3618/1647/2317 3617/1642/2313 2877/1642/2682 2885/1647/2683
f 3619/1652/2322 3618/1647/2317 2885/1647/2683 2893/1652/2684
f 3620/1657/2326 3619/1652/2322 2893/1652/2684 2901/1657/2685
f 3621/1662/2331 3620/1657/2326 2901/1657/2685 2909/1662/2686
f 3622/1667/2336 3621/1662/2331 2909/1662/2686 2917/1667/2687
f 3623/1672/2339 3622/1667/2336 2917/1667/2687 2925/1672/2688
f 3624/1677/2343 3623/1672/2339 2925/1672/2688 2933/1677/2689
f 3625/1682/2348 3624/1677/2343 2933/1677/2689 2941/1682/2690
f 3626/1687/2352 3625/1682/2348 2941/1682/2690 2949/1687/2691
f 3627/1692/2357 3626/1687/2352 2949/1687/2691 2957/1692/2692
f 3628/1697/2361 3627/1692/2357 2957/1692/2692 2965/1697/2693
f 3629/1702/2365 3628/1697/2361 2965/1697/2693 2973/1702/2694
f 3630/1707/2370 3629/1702/2365 2973/1702/2694 2981/1707/2695
f 3631/1712/2374 3630/1707/2370 2981/1707/2695 2989/1712/2696
f 3632/1717/2378 3631/1712/2374 2989/1712/2696 2997/1717/2697
f 3633/1722/2383 3632/1717/2378 2997/1717/2697 3005/1722/2698
f 3634/1727/2387 3633/1722/2383 3005/1722/2698 3013/1727/2699
f 3635/1732/2391 3634/1727/2387 3013/1727/2699 3021/1732/2700
f 3636/1737/2394 3635/1732/2391 3021/1732/2700 3029/1737/2701
f 3637/1742/2399 3636/1737/2394 3029/1737/2701 3037/1742/2702
f 3638/1747/2402 3637/1742/2399 3037/1742/2702 3045/1747/2703
f 3639/1752/2406 3638/1747/2402 3045/1747/2703 3053/1752/2704
f 3640/1757/2409 3639/1752/2406 3053/1752/2704 3061/1757/2705
f 3641/1762/2413 3640/1757/2409 3061/1757/2705 3069/1762/2706
f 3642/1767/2418 3641/1762/2413 3069/1762/2706 3077/1767/2707
f 3643/1772/2423 3642/1767/2418 3077/1767/2707 3085/1772/2708
f 3644/1777/2428 3643/1772/2423 3085/1772/2708 3093/1777/2709
f 3645/1782/2432 3644/1777/2428 3093/1777/2709 3101/1782/2710
f 3646/1787/2435 3645/1782/2432 3101/1782/2710 3109/1787/2711
f 3647/1792/2438 3646/1787/2435 3109/1787/2711 3117/1792/2712
f 3648/1797/2442 3647/1792/2438 3117/1792/2712 3125/1797/2713
f 3649/1802/2446 3648/1797/2442 3125/1797/2713 3133/1802/2714
f 3650/1807/2450 3649/1802/2446 3133/1802/2714 3141/1807/2715
f 3651/1812/2455 3650/1807/2450 3141/1807/2715 3149/1812/2716
f 3652/1817/2459 3651/1812/2455 3149/1812/2716 3157/1817/2717
f 3653/1822/2463 3652/1817/2459 3157/1817/2717 3165/1822/2718
f 3654/1827/2466 3653/1822/2463 3165/1822/2718 3173/1827/2719
f 3655/1832/2469 3654/1827/2466 3173/1827/2719 3181/1832/2720
f 3656/1837/2472 3655/1832/2469 3181/1832/2720 3189/1837/2721
f 3657/1842/2476 3656/1837/2472 3189/1837/2721 3197/1842/2722
f 3658/1847/2481 3657/1842/2476 3197/1842/2722 3205/1847/2723
f 3659/1852/2486 3658/1847/2481 3205/1847/2723 3213/1852/2724
f 3660/1857/2490 3659/1852/2486 3213/1852/2724 3221/1857/2725
f 3661/1862/2492 3660/1857/2490 3221/1857/2725 3229/1862/2726
f 3662/1867/2496 3661/1862/2492 3229/1862/2726 3237/1867/2727
f 3663/1872/2499 3662/1867/2496 3237/1867/2727 3245/1872/2728
f 3664/1877/2503 3663/1872/2499 3245/1872/2728 3253/1877/2729
f 3665/1882/2507 3664/1877/2503 3253/1877/2729 3261/1882/2730
f 3666/1887/2511 3665/1882/2507 3261/1882/2730 3269/1887/2731
f 3667/1892/2515 3666/1887/2511 3269/1887/2731 3277/1892/2732
f 3668/1897/2518 3667/1892/2515 3277/1892/2732 3285/1897/2733
f 3669/1902/2522 3668/1897/2518 3285/1897/2733 3293/1902/2734
f 3670/1907/2525 3669/1902/2522 3293/1902/2734 3301/1907/2735
f 3671/1912/2528 3670/1907/2525 3301/1907/2735 3309/1912/2736
f 3672/1917/2531 3671/1912/2528 3309/1912/2736 3317/1917/2737
f 3673/1922/2535 3672/1917/2531 3317/1917/2737 3325/1922/2738
f 3674/1927/2540 3673/1922/2535 3325/1922/2738 3333/1927/2739
f 3675/1932/2545 3674/1927/2540 3333/1927/2739 3341/1932/2740
f 3676/1937/2549 3675/1932/2545 3341/1932/2740 3349/1937/2741
f 3677/1942/2553 3676/1937/2549 3349/1937/2741 3357/1942/2742
f 3678/1947/2557 3677/1942/2553 3357/1942/2742 3365/1947/2743
f 3679/1952/2560 3678/1947/2557 3365/1947/2743 3373/1952/2744
f 3680/1957/2563 3679/1952/2560 3373/1952/2744 3381/1957/2745
f 3681/1962/2567 3680/1957/2563 3381/1957/2745 3389/1962/2746
f 3682/1967/2572 3681/1962/2567 3389/1962/2746 3397/1967/2747
f 3683/1972/2575 3682/1967/2572 3397/1967/2747 3405/1972/2748
f 3684/1977/2579 3683/1972/2575 3405/1972/2748 3413/1977/2749
f 3685/1982/2582 3684/1977/2579 3413/1977/2749 3421/1982/2750
f 3686/1987/2585 3685/1982/2582 3421/1982/2750 3429/1987/2751
f 3687/1992/2587 3686/1987/2585 3429/1987/2751 3437/1992/2752
f 3688/1997/2590 3687/1992/2587 3437/1992/2752 3445/1997/2753
f 3689/2002/2594 3688/1997/2590 3445/1997/2753 3453/2002/2754
f 3690/2007/2597 3689/2002/2594 3453/2002/2754 3461/2007/2755
f 3691/2012/2602 3690/2007/2597 3461/2007/2755 3469/2012/2756
f 3692/2017/2607 3691/2012/2602 3469/2012/2756 3477/2017/2757
f 3693/2022/2609 3692/2017/2607 3477/2017/2757 3485/2022/2758
f 3694/2027/2611 3693/2022/2609 3485/2022/2758 3493/2027/2759
f 3695/2032/2613 3694/2027/2611 3493/2027/2759 3501/2032/2760
f 3696/2037/2617 3695/2032/2613 3501/2032/2760 3509/2037/2761
f 3697/2042/2620 3696/2037/2617 3509/2037/2761 3517/2042/2762
f 3698/2047/2624 3697/2042/2620 3517/2042/2762 3525/2047/2763
f 3699/2052/2627 3698/2047/2624 3525/2047/2763 3533/2052/2764
f 3700/2057/2632 3699/2052/2627 3533/2052/2764 3541/2057/2765
f 3701/2062/2635 3700/2057/2632 3541/2057/2765 3549/2062/2766
f 3702/2067/2638 3701/2062/2635 3549/2062/2766 3557/2067/2767
f 3703/2072/2642 3702/2067/2638 3557/2067/2767 3565/2072/2768
f 3704/2077/2647 3703/2072/2642 3565/2072/2768 3573/2077/2769
f 3705/2809/2650 3704/2077/2647 3573/2077/2769 3581/2809/2770
f 3706/2810/2651 3705/2809/2650 3581/2809/2770 3582/2810/2771
f 3590/2119/2215 3707/2121/2215 2663/2121/2772 2662/2119/2654
f 3708/2811/2651 3706/2810/2651 3582/2810/2771 3583/2811/2771
f 3707/2121/2215 3709/2123/2215 2664/2123/2654 2663/2121/2772
f 3710/2812/2651 3708/2811/2651 3583/2811/2771 3584/2812/2771
f 3709/2123/2215 3711/2125/2215 2665/2125/2654 2664/2123/2654
f 3712/2813/2651 3710/2812/2651 3584/2812/2771 3585/2813/2773
f 3711/2125/2215 3713/2127/2215 2666/2127/2654 2665/2125/2654
f 3714/2814/2651 3712/2813/2651 3585/2813/2773 3586/2814/2773
f 3713/2127/2215 3715/2129/2215 2667/2129/2654 2666/2127/2654
f 3716/2815/2652 3714/2814/2651 3586/2814/2773 3587/2815/2773
f 3715/2129/2215 3717/2130/2217 2668/2130/2774 2667/2129/2654
f 3718/2816/2653 3716/2815/2652 3587/2815/2773 3588/2816/2775
f 3717/2130/2217 3719/1516/2216 2676/1516/2776 2668/2130/2774
f 3719/1516/2216 3720/1521/2221 2684/1521/2777 2676/1516/2776
f 3720/1521/2221 3721/1526/2225 2692/1526/2778 2684/1521/2777
f 3721/1526/2225 3722/1531/2229 2700/1531/2779 2692/1526/2778
f 3722/1531/2229 3723/1536/2231 2708/1536/2780 2700/1531/2779
f 3723/1536/2231 3724/1541/2235 2716/1541/2781 2708/1536/2780
f 3724/1541/2235 3725/1546/2240 2724/1546/2782 2716/1541/2781
f 3725/1546/2240 3726/1551/2242 2732/1551/2783 2724/1546/2782
f 3726/1551/2242 3727/1556/2245 2740/1556/2784 2732/1551/2783
f 3727/1556/2245 3728/1561/2249 2748/1561/2785 2740/1556/2784
f 3728/1561/2249 3729/1566/2253 2756/1566/2786 2748/1561/2785
f 3729/1566/2253 3730/1571/2257 2764/1571/2787 2756/1566/2786
f 3730/1571/2257 3731/1576/2262 2772/1576/2788 2764/1571/2787
f 3731/1576/2262 3732/1581/2267 2780/1581/2789 2772/1576/2788
f 3732/1581/2267 3733/1586/2270 2788/1586/2790 2780/1581/2789
f 3733/1586/2270 3734/1591/2273 2796/1591/2791 2788/1586/2790
f 3734/1591/2273 3735/1596/2278 2804/1596/2792 2796/1591/2791
f 3735/1596/2278 3736/1601/2283 2812/1601/2793 2804/1596/2792
f 3736/1601/2283 3737/1606/2288 2820/1606/2794 2812/1601/2793
f 3737/1606/2288 3738/1611/2291 2828/1611/2795 2820/1606/2794
f 3738/1611/2291 3739/1616/2296 2836/1616/2796 2828/1611/2795
f 3739/1616/2296 3740/1621/2299 2844/1621/2797 2836/1616/2796
f 3740/1621/2299 3741/1626/2302 2852/1626/2798 2844/1621/2797
f 3741/1626/2302 3742/1631/2305 2860/1631/2799 2852/1626/2798
f 3742/1631/2305 3743/1636/2308 2868/1636/2800 2860/1631/2799
f 3743/1636/2308 3744/1641/2312 2876/1641/2801 2868/1636/2800
f 3744/1641/2312 3745/1646/2316 2884/1646/2802 2876/1641/2801
f 3745/1646/2316 3746/1651/2321 2892/1651/2803 2884/1646/2802
f 3746/1651/2321 3747/1656/2325 2900/1656/2804 2892/1651/2803
f 3747/1656/2325 3748/1661/2330 2908/1661/2805 2900/1656/2804
f 3748/1661/2330 3749/1666/2335 2916/1666/2806 2908/1661/2805
f 3749/1666/2335 3750/1671/2338 2924/1671/2807 2916/1666/2806
f 3750/1671/2338 3751/1676/2342 2932/1676/2808 2924/1671/2807
f 3751/1676/2342 3752/1681/2347 2940/1681/2809 2932/1676/2808
f 3752/1681/2347 3753/1686/2351 2948/1686/2810 2940/1681/2809
f 3753/1686/2351 3754/1691/2356 2956/1691/2811 2948/1686/2810
f 3754/1691/2356 3755/1696/2360 2964/1696/2812 2956/1691/2811
f 3755/1696/2360 3756/1701/2364 2972/1701/2813 2964/1696/2812
f 3756/1701/2364 3757/1706/2369 2980/1706/2814 2972/1701/2813
f 3757/1706/2369 3758/1711/2373 2988/1711/2815 2980/1706/2814
f 3758/1711/2373 3759/1716/2377 2996/1716/2816 2988/1711/2815
f 3759/1716/2377 3760/1721/2382 3004/1721/2817 2996/1716/2816
f 3760/1721/2382 3761/1726/2386 3012/1726/2818 3004/1721/2817
f 3761/1726/2386 3762/1731/2390 3020/1731/2819 3012/1726/2818
f 3762/1731/2390 3763/1736/2393 3028/1736/2820 3020/1731/2819
f 3763/1736/2393 3764/1741/2398 3036/1741/2821 3028/1736/2820
f 3764/1741/2398 3765/1746/2401 3044/1746/2822 3036/1741/2821
f 3765/1746/2401 3766/1751/2405 3052/1751/2823 3044/1746/2822
f 3766/1751/2405 3767/1756/2408 3060/1756/2824 3052/1751/2823
f 3767/1756/2408 3768/1761/2412 3068/1761/2825 3060/1756/2824
f 3768/1761/2412 3769/1766/2417 3076/1766/2826 3068/1761/2825
f 3769/1766/2417 3770/1771/2422 3084/1771/2827 3076/1766/2826
f 3770/1771/2422 3771/1776/2427 3092/1776/2828 3084/1771/2827
f 3771/1776/2427 3772/1781/2431 3100/1781/2829 3092/1776/2828
f 3772/1781/2431 3773/1786/2434 3108/1786/2830 3100/1781/2829
f 3773/1786/2434 3774/1791/2437 3116/1791/2831 3108/1786/2830
f 3774/1791/2437 3775/1796/2441 3124/1796/2832 3116/1791/2831
f 3775/1796/2441 3776/1801/2445 3132/1801/2833 3124/1796/2832
f 3776/1801/2445 3777/1806/2449 3140/1806/2834 3132/1801/2833
f 3777/1806/2449 3778/1811/2454 3148/1811/2835 3140/1806/2834
f 3778/1811/2454 3779/1816/2458 3156/1816/2836 3148/1811/2835
f 3779/1816/2458 3780/1821/2462 3164/1821/2837 3156/1816/2836
f 3780/1821/2462 3781/1826/2465 3172/1826/2838 3164/1821/2837
f 3781/1826/2465 3782/1831/2468 3180/1831/2839 3172/1826/2838
f 3782/1831/2468 3783/1836/2471 3188/1836/2840 3180/1831/2839
f 3783/1836/2471 3784/1841/2475 3196/1841/2841 3188/1836/2840
f 3784/1841/2475 3785/1846/2480 3204/1846/2842 3196/1841/2841
f 3785/1846/2480 3786/1851/2485 3212/1851/2843 3204/1846/2842
f 3786/1851/2485 3787/1856/2489 3220/1856/2844 3212/1851/2843
f 3787/1856/2489 3788/1861/2491 3228/1861/2845 3220/1856/2844
f 3788/1861/2491 3789/1866/2495 3236/1866/2846 3228/1861/2845
f 3789/1866/2495 3790/1871/2498 3244/1871/2847 3236/1866/2846
f 3790/1871/2498 3791/1876/2502 3252/1876/2848 3244/1871/2847
f 3791/1876/2502 3792/1881/2506 3260/1881/2849 3252/1876/2848
f 3792/1881/2506 3793/1886/2510 3268/1886/2850 3260/1881/2849
f 3793/1886/2510 3794/1891/2514 3276/1891/2851 3268/1886/2850
f 3794/1891/2514 3795/1896/2517 3284/1896/2852 3276/1891/2851
f 3795/1896/2517 3796/1901/2521 3292/1901/2853 3284/1896/2852
f 3796/1901/2521 3797/1906/2524 3300/1906/2854 3292/1901/2853
f 3797/1906/2524 3798/1911/2527 3308/1911/2855 3300/1906/2854
f 3798/1911/2527 3799/1916/2530 3316/1916/2856 3308/1911/2855
f 3799/1916/2530 3800/1921/2534 3324/1921/2857 3316/1916/2856
f 3800/1921/2534 3801/1926/2539 3332/1926/2858 3324/1921/2857
f 3801/1926/2539 3802/1931/2544 3340/1931/2859 3332/1926/2858
f 3802/1931/2544 3803/1936/2548 3348/1936/2860 3340/1931/2859
f 3803/1936/2548 3804/1941/2552 3356/1941/2861 3348/1936/2860
f 3804/1941/2552 3805/1946/2556 3364/1946/2862 3356/1941/2861
f 3805/1946/2556 3806/1951/2559 3372/1951/2863 3364/1946/2862
f 3806/1951/2559 3807/1956/2562 3380/1956/2864 3372/1951/2863
f 3807/1956/2562 3808/1961/2566 3388/1961/2865 3380/1956/2864
f 3808/1961/2566 3809/1966/2571 3396/1966/2866 3388/1961/2865
f 3809/1966/2571 3810/1971/2574 3404/1971/2867 3396/1966/2866
f 3810/1971/2574 3811/1976/2578 3412/1976/2868 3404/1971/2867
f 3811/1976/2578 3812/1981/2581 3420/1981/2869 3412/1976/2868
f 3812/1981/2581 3813/1986/2584 3428/1986/2870 3420/1981/2869
f 3813/1986/2584 3814/1991/2586 3436/1991/2871 3428/1986/2870
f 3814/1991/2586 3815/1996/2589 3444/1996/2872 3436/1991/2871
f 3815/1996/2589 3816/2001/2593 3452/2001/2873 3444/1996/2872
f 3816/2001/2593 3817/2006/2596 3460/2006/2874 3452/2001/2873
f 3817/2006/2596 3818/2011/2601 3468/2011/2875 3460/2006/2874
f 3818/2011/2601 3819/2016/2606 3476/2016/2876 3468/2011/2875
f 3819/2016/2606 3820/2021/2608 3484/2021/2877 3476/2016/2876
f 3820/2021/2608 3821/2026/2610 3492/2026/2878 3484/2021/2877
f 3821/2026/2610 3822/2031/2612 3500/2031/2879 3492/2026/2878
f 3822/2031/2612 3823/2036/2616 3508/2036/2880 3500/2031/2879
f 3823/2036/2616 3824/2041/2619 3516/2041/2881 3508/2036/2880
f 3824/2041/2619 3825/2046/2623 3524/2046/2882 3516/2041/2881
f 3825/2046/2623 3826/2051/2626 3532/2051/2883 3524/2046/2882
f 3826/2051/2626 3827/2056/2631 3540/2056/2884 3532/2051/2883
f 3827/2056/2631 3828/2061/2634 3548/2061/2885 3540/2056/2884
f 3828/2061/2634 3829/2066/2637 3556/2066/2886 3548/2061/2885
f 3829/2066/2637 3830/2071/2641 3564/2071/2887 3556/2066/2886
f 3830/2071/2641 3831/2076/2646 3572/2076/2888 3564/2071/2887
f 3831/2076/2646 3832/2081/2649 3580/2081/2889 3572/2076/2888
f 3832/2081/2649 3718/2816/2653 3588/2816/2775 3580/2081/2889
usemtl embed_recharge
f 3589/2117/2212 3591/1512/2213 2670/2118/2214 3590/2119/2215
f 3590/2119/2215 2670/2118/2214 2671/2120/2214 3707/2121/2215
f 3707/2121/2215 2671/2120/2214 2672/2122/2214 3709/2123/2215
f 3709/2123/2215 2672/2122/2214 2673/2124/2214 3711/2125/2215
f 3711/2125/2215 2673/2124/2214 2674/2126/2214 3713/2127/2215
f 3713/2127/2215 2674/2126/2214 2675/2128/2214 3715/2129/2215
f 3715/2129/2215 2675/2128/2214 3719/1516/2216 3717/2130/2217
f 3591/1512/2213 3592/1517/2218 2678/2131/2219 2670/2118/2214
f 2670/2118/2214 2678/2131/2219 2679/2132/2220 2671/2120/2214
f 2671/2120/2214 2679/2132/2220 2680/2133/2220 2672/2122/2214
f 2672/2122/2214 2680/2133/2220 2681/2134/2220 2673/2124/2214
f 2673/2124/2214 2681/2134/2220 2682/2135/2220 2674/2126/2214
f 2674/2126/2214 2682/2135/2220 2683/2136/2220 2675/2128/2214
f 2675/2128/2214 2683/2136/2220 3720/1521/2221 3719/1516/2216
f 3592/1517/2218 3593/1522/2222 2686/2137/2223 2678/2131/2219
f 2678/2131/2219 2686/2137/2223 2687/2138/2224 2679/2132/2220
f 2679/2132/2220 2687/2138/2224 2688/2139/2224 2680/2133/2220
f 2680/2133/2220 2688/2139/2224 2689/2140/2224 2681/2134/2220
f 2681/2134/2220 2689/2140/2224 2690/2141/2224 2682/2135/2220
f 2682/2135/2220 2690/2141/2224 2691/2142/2224 2683/2136/2220
f 2683/2136/2220 2691/2142/2224 3721/1526/2225 3720/1521/2221
f 3593/1522/2222 3594/1527/2226 2694/2143/2227 2686/2137/2223
f 2686/2137/2223 2694/2143/2227 2695/2144/2227 2687/2138/2224
f 2687/2138/2224 2695/2144/2227 2696/2145/2227 2688/2139/2224
f 2688/2139/2224 2696/2145/2227 2697/2146/2227 2689/2140/2224
f 2689/2140/2224 2697/2146/2227 2698/2147/2227 2690/2141/2224
f 2690/2141/2224 2698/2147/2227 2699/2148/2228 2691/2142/2224
f 2691/2142/2224 2699/2148/2228 3722/1531/2229 3721/1526/2225
f 3594/1527/2226 3595/1532/2230 2702/2149/1570 2694/2143/2227
f 2694/2143/2227 2702/2149/1570 2703/2150/1570 2695/2144/2227
f 2695/2144/2227 2703/2150/1570 2704/2151/1570 2696/2145/2227
f 2696/2145/2227 2704/2151/1570 2705/2152/1570 2697/2146/2227
f 2697/2146/2227 2705/2152/1570 2706/2153/1570 2698/2147/2227
f 2698/2147/2227 2706/2153/1570 2707/2154/1570 2699/2148/2228
f 2699/2148/2228 2707/2154/1570 3723/1536/2231 3722/1531/2229
f 3595/1532/2230 3596/1537/2232 2710/2155/2233 2702/2149/1570
f 2702/2149/1570 2710/2155/2233 2711/2156/2233 2703/2150/1570
f 2703/2150/1570 2711/2156/2233 2712/2157/2233 2704/2151/1570
f 2704/2151/1570 2712/2157/2233 2713/2158/2233 2705/2152/1570
f 2705/2152/1570 2713/2158/2233 2714/2159/2233 2706/2153/1570
f 2706/2153/1570 2714/2159/2233 2715/2160/2234 2707/2154/1570
f 2707/2154/1570 2715/2160/2234 3724/1541/2235 3723/1536/2231
f 3596/1537/2232 3597/1542/2236 2718/2161/2237 2710/2155/2233
f 2710/2155/2233 2718/2161/2237 2719/2162/2238 2711/2156/2233
f 2711/2156/2233 2719/2162/2238 2720/2163/2238 2712/2157/2233
f 2712/2157/2233 2720/2163/2238 2721/2164/2237 2713/2158/2233
f 2713/2158/2233 2721/2164/2237 2722/2165/2237 2714/2159/2233
f 2714/2159/2233 2722/2165/2237 2723/2166/2239 2715/2160/2234
f 2715/2160/2234 2723/2166/2239 3725/1546/2240 3724/1541/2235
f 3597/1542/2236 3598/1547/2241 2726/2167/1580 2718/2161/2237
f 2718/2161/2237 2726/2167/1580 2727/2168/1581 2719/2162/2238
f 2719/2162/2238 2727/2168/1581 2728/2169/1581 2720/2163/2238
f 2720/2163/2238 2728/2169/1581 2729/2170/1580 2721/2164/2237
f 2721/2164/2237 2729/2170/1580 2730/2171/1580 2722/2165/2237
f 2722/2165/2237 2730/2171/1580 2731/2172/1579 2723/2166/2239
f 2723/2166/2239 2731/2172/1579 3726/1551/2242 3725/1546/2240
f 3598/1547/2241 3599/1552/2243 2734/2173/2244 2726/2167/1580
f 2726/2167/1580 2734/2173/2244 2735/2174/2244 2727/2168/1581
f 2727/2168/1581 2735/2174/2244 2736/2175/2244 2728/2169/1581
f 2728/2169/1581 2736/2175/2244 2737/2176/2244 2729/2170/1580
f 2729/2170/1580 2737/2176/2244 2738/2177/2244 2730/2171/1580
f 2730/2171/1580 2738/2177/2244 2739/2178/2244 2731/2172/1579
f 2731/2172/1579 2739/2178/2244 3727/1556/2245 3726/1551/2242
f 3599/1552/2243 3600/1557/2246 2742/2179/2247 2734/2173/2244
f 2734/2173/2244 2742/2179/2247 2743/2180/2247 2735/2174/2244
f 2735/2174/2244 2743/2180/2247 2744/2181/2247 2736/2175/2244
f 2736/2175/2244 2744/2181/2247 2745/2182/2247 2737/2176/2244
f 2737/2176/2244 2745/2182/2247 2746/2183/2247 2738/2177/2244
f 2738/2177/2244 2746/2183/2247 2747/2184/2248 2739/2178/2244
f 2739/2178/2244 2747/2184/2248 3728/1561/2249 3727/1556/2245
f 3600/1557/2246 3601/1562/2250 2750/2185/2251 2742/2179/2247
f 2742/2179/2247 2750/2185/2251 2751/2186/2251 2743/2180/2247
f 2743/2180/2247 2751/2186/2251 2752/2187/2251 2744/2181/2247
f 2744/2181/2247 2752/2187/2251 2753/2188/2251 2745/2182/2247
f 2745/2182/2247 2753/2188/2251 2754/2189/2251 2746/2183/2247
f 2746/2183/2247 2754/2189/2251 2755/2190/2252 2747/2184/2248
f 2747/2184/2248 2755/2190/2252 3729/1566/2253 3728/1561/2249
f 3601/1562/2250 3602/1567/2254 2758/2191/2255 2750/2185/2251
f 2750/2185/2251 2758/2191/2255 2759/2192/2255 2751/2186/2251
f 2751/2186/2251 2759/2192/2255 2760/2193/2255 2752/2187/2251
f 2752/2187/2251 2760/2193/2255 2761/2194/2255 2753/2188/2251
f 2753/2188/2251 2761/2194/2255 2762/2195/2255 2754/2189/2251
f 2754/2189/2251 2762/2195/2255 2763/2196/2256 2755/2190/2252
f 2755/2190/2252 2763/2196/2256 3730/1571/2257 3729/1566/2253
f 3602/1567/2254 3603/1572/2258 2766/2197/2259 2758/2191/2255
f 2758/2191/2255 2766/2197/2259 2767/2198/2260 2759/2192/2255
f 2759/2192/2255 2767/2198/2260 2768/2199/2260 2760/2193/2255
f 2760/2193/2255 2768/2199/2260 2769/2200/2259 2761/2194/2255
f 2761/2194/2255 2769/2200/2259 2770/2201/2260 2762/2195/2255
f 2762/2195/2255 2770/2201/2260 2771/2202/2261 2763/2196/2256
f 2763/2196/2256 2771/2202/2261 3731/1576/2262 3730/1571/2257
f 3603/1572/2258 3604/1577/2263 2774/2203/2264 2766/2197/2259
f 2766/2197/2259 2774/2203/2264 2775/2204/2265 2767/2198/2260
f 2767/2198/2260 2775/2204/2265 2776/2205/2265 2768/2199/2260
f 2768/2199/2260 2776/2205/2265 2777/2206/2265 2769/2200/2259
f 2769/2200/2259 2777/2206/2265 2778/2207/2265 2770/2201/2260
f 2770/2201/2260 2778/2207/2265 2779/2208/2266 2771/2202/2261
f 2771/2202/2261 2779/2208/2266 3732/1581/2267 3731/1576/2262
f 3604/1577/2263 3605/1582/2268 2782/2209/2269 2774/2203/2264
f 2774/2203/2264 2782/2209/2269 2783/2210/2269 2775/2204/2265
f 2775/2204/2265 2783/2210/2269 2784/2211/2269 2776/2205/2265
f 2776/2205/2265 2784/2211/2269 2785/2212/2269 2777/2206/2265
f 2777/2206/2265 2785/2212/2269 2786/2213/2269 2778/2207/2265
f 2778/2207/2265 2786/2213/2269 2787/2214/2269 2779/2208/2266
f 2779/2208/2266 2787/2214/2269 3733/1586/2270 3732/1581/2267
f 3605/1582/2268 3606/1587/2271 2790/2215/2272 2782/2209/2269
f 2782/2209/2269 2790/2215/2272 2791/2216/1599 2783/2210/2269
f 2783/2210/2269 2791/2216/1599 2792/2217/2272 2784/2211/2269
f 2784/2211/2269 2792/2217/2272 2793/2218/1599 2785/2212/2269
f 2785/2212/2269 2793/2218/1599 2794/2219/1599 2786/2213/2269
f 2786/2213/2269 2794/2219/1599 2795/2220/1599 2787/2214/2269
f 2787/2214/2269 2795/2220/1599 3734/1591/2273 3733/1586/2270
f 3606/1587/2271 3607/1592/2274 2798/2221/2275 2790/2215/2272
f 2790/2215/2272 2798/2221/2275 2799/2222/2276 2791/2216/1599
f 2791/2216/1599 2799/2222/2276 2800/2223/2276 2792/2217/2272
f 2792/2217/2272 2800/2223/2276 2801/2224/2276 2793/2218/1599
f 2793/2218/1599 2801/2224/2276 2802/2225/2276 2794/2219/1599
f 2794/2219/1599 2802/2225/2276 2803/2226/2277 2795/2220/1599
f 2795/2220/1599 2803/2226/2277 3735/1596/2278 3734/1591/2273
f 3607/1592/2274 3608/1597/2279 2806/2227/2280 2798/2221/2275
f 2798/2221/2275 2806/2227/2280 2807/2228/2281 2799/2222/2276
f 2799/2222/2276 2807/2228/2281 2808/2229/2281 2800/2223/2276
f 2800/2223/2276 2808/2229/2281 2809/2230/2281 2801/2224/2276
f 2801/2224/2276 2809/2230/2281 2810/2231/2281 2802/2225/2276
f 2802/2225/2276 2810/2231/2281 2811/2232/2282 2803/2226/2277
f 2803/2226/2277 2811/2232/2282 3736/1601/2283 3735/1596/2278
f 3608/1597/2279 3609/1602/2284 2814/2233/2285 2806/2227/2280
f 2806/2227/2280 2814/2233/2285 2815/2234/2286 2807/2228/2281
f 2807/2228/2281 2815/2234/2286 2816/2235/2286 2808/2229/2281
f 2808/2229/2281 2816/2235/2286 2817/2236/2286 2809/2230/2281
f 2809/2230/2281 2817/2236/2286 2818/2237/2286 2810/2231/2281
f 2810/2231/2281 2818/2237/2286 2819/2238/2287 2811/2232/2282
f 2811/2232/2282 2819/2238/2287 3737/1606/2288 3736/1601/2283
f 3609/1602/2284 3610/1607/2289 2822/2239/2290 2814/2233/2285
f 2814/2233/2285 2822/2239/2290 2823/2240/1612 2815/2234/2286
f 2815/2234/2286 2823/2240/1612 2824/2241/1612 2816/2235/2286
f 2816/2235/2286 2824/2241/1612 2825/2242/1612 2817/2236/2286
f 2817/2236/2286 2825/2242/1612 2826/2243/1612 2818/2237/2286
f 2818/2237/2286 2826/2243/1612 2827/2244/1612 2819/2238/2287
f 2819/2238/2287 2827/2244/1612 3738/1611/2291 3737/1606/2288
f 3610/1607/2289 3611/1612/2292 2830/2245/2293 2822/2239/2290
f 2822/2239/2290 2830/2245/2293 2831/2246/2294 2823/2240/1612
f 2823/2240/1612 2831/2246/2294 2832/2247/2294 2824/2241/1612
f 2824/2241/1612 2832/2247/2294 2833/2248/2295 2825/2242/1612
f 2825/2242/1612 2833/2248/2295 2834/2249/2294 2826/2243/1612
f 2826/2243/1612 2834/2249/2294 2835/2250/2294 2827/2244/1612
f 2827/2244/1612 2835/2250/2294 3739/1616/2296 3738/1611/2291
f 3611/1612/2292 3612/1617/2297 2838/2251/2298 2830/2245/2293
f 2830/2245/2293 2838/2251/2298 2839/2252/1618 2831/2246/2294
f 2831/2246/2294 2839/2252/1618 2840/2253/1618 2832/2247/2294
f 2832/2247/2294 2840/2253/1618 2841/2254/1618 2833/2248/2295
f 2833/2248/2295 2841/2254/1618 2842/2255/1618 2834/2249/2294
f 2834/2249/2294 2842/2255/1618 2843/2256/1617 2835/2250/2294
f 2835/2250/2294 2843/2256/1617 3740/1621/2299 3739/1616/2296
f 3612/1617/2297 3613/1622/2300 2846/2257/1619 2838/2251/2298
f 2838/2251/2298 2846/2257/1619 2847/2258/1619 2839/2252/1618
f 2839/2252/1618 2847/2258/1619 2848/2259/1619 2840/2253/1618
f 2840/2253/1618 2848/2259/1619 2849/2260/1619 2841/2254/1618
f 2841/2254/1618 2849/2260/1619 2850/2261/1619 2842/2255/1618
f 2842/2255/1618 2850/2261/1619 2851/2262/2301 2843/2256/1617
f 2843/2256/1617 2851/2262/2301 3741/1626/2302 3740/1621/2299
f 3613/1622/2300 3614/1627/2303 2854/2263/1623 2846/2257/1619
f 2846/2257/1619 2854/2263/1623 2855/2264/1623 2847/2258/1619
f 2847/2258/1619 2855/2264/1623 2856/2265/1623 2848/2259/1619
f 2848/2259/1619 2856/2265/1623 2857/2266/1623 2849/2260/1619
f 2849/2260/1619 2857/2266/1623 2858/2267/1623 2850/2261/1619
f 2850/2261/1619 2858/2267/1623 2859/2268/2304 2851/2262/2301
f 2851/2262/2301 2859/2268/2304 3742/1631/2305 3741/1626/2302
f 3614/1627/2303 3615/1632/2306 2862/2269/2307 2854/2263/1623
f 2854/2263/1623 2862/2269/2307 2863/2270/1626 2855/2264/1623
f 2855/2264/1623 2863/2270/1626 2864/2271/1626 2856/2265/1623
f 2856/2265/1623 2864/2271/1626 2865/2272/1626 2857/2266/1623
f 2857/2266/1623 2865/2272/1626 2866/2273/2307 2858/2267/1623
f 2858/2267/1623 2866/2273/2307 2867/2274/1625 2859/2268/2304
f 2859/2268/2304 2867/2274/1625 3743/1636/2308 3742/1631/2305
f 3615/1632/2306 3616/1637/2309 2870/2275/2310 2862/2269/2307
f 2862/2269/2307 2870/2275/2310 2871/2276/2310 2863/2270/1626
f 2863/2270/1626 2871/2276/2310 2872/2277/2310 2864/2271/1626
f 2864/2271/1626 2872/2277/2310 2873/2278/2310 2865/2272/1626
f 2865/2272/1626 2873/2278/2310 2874/2279/2310 2866/2273/2307
f 2866/2273/2307 2874/2279/2310 2875/2280/2311 2867/2274/1625
f 2867/2274/1625 2875/2280/2311 3744/1641/2312 3743/1636/2308
f 3616/1637/2309 3617/1642/2313 2878/2281/2314 2870/2275/2310
f 2870/2275/2310 2878/2281/2314 2879/2282/2314 2871/2276/2310
f 2871/2276/2310 2879/2282/2314 2880/2283/2314 2872/2277/2310
f 2872/2277/2310 2880/2283/2314 2881/2284/2314 2873/2278/2310
f 2873/2278/2310 2881/2284/2314 2882/2285/2314 2874/2279/2310
f 2874/2279/2310 2882/2285/2314 2883/2286/2315 2875/2280/2311
f 2875/2280/2311 2883/2286/2315 3745/1646/2316 3744/1641/2312
f 3617/1642/2313 3618/1647/2317 2886/2287/2318 2878/2281/2314
f 2878/2281/2314 2886/2287/2318 2887/2288/2319 2879/2282/2314
f 2879/2282/2314 2887/2288/2319 2888/2289/2319 2880/2283/2314
f 2880/2283/2314 2888/2289/2319 2889/2290/2319 2881/2284/2314
f 2881/2284/2314 2889/2290/2319 2890/2291/2319 2882/2285/2314
f 2882/2285/2314 2890/2291/2319 2891/2292/2320 2883/2286/2315
f 2883/2286/2315 2891/2292/2320 3746/1651/2321 3745/1646/2316
f 3618/1647/2317 3619/1652/2322 2894/2293/2323 2886/2287/2318
f 2886/2287/2318 2894/2293/2323 2895/2294/2324 2887/2288/2319
f 2887/2288/2319 2895/2294/2324 2896/2295/2324 2888/2289/2319
f 2888/2289/2319 2896/2295/2324 2897/2296/2324 2889/2290/2319
f 2889/2290/2319 2897/2296/2324 2898/2297/2324 2890/2291/2319
f 2890/2291/2319 2898/2297/2324 2899/2298/2324 2891/2292/2320
f 2891/2292/2320 2899/2298/2324 3747/1656/2325 3746/1651/2321
f 3619/1652/2322 3620/1657/2326 2902/2299/2327 2894/2293/2323
f 2894/2293/2323 2902/2299/2327 2903/2300/2328 2895/2294/2324
f 2895/2294/2324 2903/2300/2328 2904/2301/2328 2896/2295/2324
f 2896/2295/2324 2904/2301/2328 2905/2302/2328 2897/2296/2324
f 2897/2296/2324 2905/2302/2328 2906/2303/2328 2898/2297/2324
f 2898/2297/2324 2906/2303/2328 2907/2304/2329 2899/2298/2324
f 2899/2298/2324 2907/2304/2329 3748/1661/2330 3747/1656/2325
f 3620/1657/2326 3621/1662/2331 2910/2305/2332 2902/2299/2327
f 2902/2299/2327 2910/2305/2332 2911/2306/2333 2903/2300/2328
f 2903/2300/2328 2911/2306/2333 2912/2307/2333 2904/2301/2328
f 2904/2301/2328 2912/2307/2333 2913/2308/2333 2905/2302/2328
f 2905/2302/2328 2913/2308/2333 2914/2309/2333 2906/2303/2328
f 2906/2303/2328 2914/2309/2333 2915/2310/2334 2907/2304/2329
f 2907/2304/2329 2915/2310/2334 3749/1666/2335 3748/1661/2330
f 3621/1662/2331 3622/1667/2336 2918/2311/1643 2910/2305/2332
f 2910/2305/2332 2918/2311/1643 2919/2312/1643 2911/2306/2333
f 2911/2306/2333 2919/2312/1643 2920/2313/1642 2912/2307/2333
f 2912/2307/2333 2920/2313/1642 2921/2314/1643 2913/2308/2333
f 2913/2308/2333 2921/2314/1643 2922/2315/1643 2914/2309/2333
f 2914/2309/2333 2922/2315/1643 2923/2316/2337 2915/2310/2334
f 2915/2310/2334 2923/2316/2337 3750/1671/2338 3749/1666/2335
f 3622/1667/2336 3623/1672/2339 2926/2317/2340 2918/2311/1643
f 2918/2311/1643 2926/2317/2340 2927/2318/1645 2919/2312/1643
f 2919/2312/1643 2927/2318/1645 2928/2319/1645 2920/2313/1642
f 2920/2313/1642 2928/2319/1645 2929/2320/1645 2921/2314/1643
f 2921/2314/1643 2929/2320/1645 2930/2321/1645 2922/2315/1643
f 2922/2315/1643 2930/2321/1645 2931/2322/2341 2923/2316/2337
f 2923/2316/2337 2931/2322/2341 3751/1676/2342 3750/1671/2338
f 3623/1672/2339 3624/1677/2343 2934/2323/2344 2926/2317/2340
f 2926/2317/2340 2934/2323/2344 2935/2324/2345 2927/2318/1645
f 2927/2318/1645 2935/2324/2345 2936/2325/2344 2928/2319/1645
f 2928/2319/1645 2936/2325/2344 2937/2326/2344 2929/2320/1645
f 2929/2320/1645 2937/2326/2344 2938/2327/2345 2930/2321/1645
f 2930/2321/1645 2938/2327/2345 2939/2328/2346 2931/2322/2341
f 2931/2322/2341 2939/2328/2346 3752/1681/2347 3751/1676/2342
f 3624/1677/2343 3625/1682/2348 2942/2329/2349 2934/2323/2344
f 2934/2323/2344 2942/2329/2349 2943/2330/2349 2935/2324/2345
f 2935/2324/2345 2943/2330/2349 2944/2331/2349 2936/2325/2344
f 2936/2325/2344 2944/2331/2349 2945/2332/2349 2937/2326/2344
f 2937/2326/2344 2945/2332/2349 2946/2333/2349 2938/2327/2345
f 2938/2327/2345 2946/2333/2349 2947/2334/2350 2939/2328/2346
f 2939/2328/2346 2947/2334/2350 3753/1686/2351 3752/1681/2347
f 3625/1682/2348 3626/1687/2352 2950/2335/2353 2942/2329/2349
f 2942/2329/2349 2950/2335/2353 2951/2336/2354 2943/2330/2349
f 2943/2330/2349 2951/2336/2354 2952/2337/2354 2944/2331/2349
f 2944/2331/2349 2952/2337/2354 2953/2338/2354 2945/2332/2349
f 2945/2332/2349 2953/2338/2354 2954/2339/2354 2946/2333/2349
f 2946/2333/2349 2954/2339/2354 2955/2340/2355 2947/2334/2350
f 2947/2334/2350 2955/2340/2355 3754/1691/2356 3753/1686/2351
f 3626/1687/2352 3627/1692/2357 2958/2341/2358 2950/2335/2353
f 2950/2335/2353 2958/2341/2358 2959/2342/2359 2951/2336/2354
f 2951/2336/2354 2959/2342/2359 2960/2343/2359 2952/2337/2354
f 2952/2337/2354 2960/2343/2359 2961/2344/2359 2953/2338/2354
f 2953/2338/2354 2961/2344/2359 2962/2345/2359 2954/2339/2354
f 2954/2339/2354 2962/2345/2359 2963/2346/2359 2955/2340/2355
f 2955/2340/2355 2963/2346/2359 3755/1696/2360 3754/1691/2356
f 3627/1692/2357 3628/1697/2361 2966/2347/2362 2958/2341/2358
f 2958/2341/2358 2966/2347/2362 2967/2348/2363 2959/2342/2359
f 2959/2342/2359 2967/2348/2363 2968/2349/2363 2960/2343/2359
f 2960/2343/2359 2968/2349/2363 2969/2350/2363 2961/2344/2359
f 2961/2344/2359 2969/2350/2363 2970/2351/2363 2962/2345/2359
f 2962/2345/2359 2970/2351/2363 2971/2352/2363 2963/2346/2359
f 2963/2346/2359 2971/2352/2363 3756/1701/2364 3755/1696/2360
f 3628/1697/2361 3629/1702/2365 2974/2353/2366 2966/2347/2362
f 2966/2347/2362 2974/2353/2366 2975/2354/2367 2967/2348/2363
f 2967/2348/2363 2975/2354/2367 2976/2355/2367 2968/2349/2363
f 2968/2349/2363 2976/2355/2367 2977/2356/2367 2969/2350/2363
f 2969/2350/2363 2977/2356/2367 2978/2357/2367 2970/2351/2363
f 2970/2351/2363 2978/2357/2367 2979/2358/2368 2971/2352/2363
f 2971/2352/2363 2979/2358/2368 3757/1706/2369 3756/1701/2364
f 3629/1702/2365 3630/1707/2370 2982/2359/2371 2974/2353/2366
f 2974/2353/2366 2982/2359/2371 2983/2360/1664 2975/2354/2367
f 2975/2354/2367 2983/2360/1664 2984/2361/1664 2976/2355/2367
f 2976/2355/2367 2984/2361/1664 2985/2362/1664 2977/2356/2367
f 2977/2356/2367 2985/2362/1664 2986/2363/1664 2978/2357/2367
f 2978/2357/2367 2986/2363/1664 2987/2364/2372 2979/2358/2368
f 2979/2358/2368 2987/2364/2372 3758/1711/2373 3757/1706/2369
f 3630/1707/2370 3631/1712/2374 2990/2365/2375 2982/2359/2371
f 2982/2359/2371 2990/2365/2375 2991/2366/1667 2983/2360/1664
f 2983/2360/1664 2991/2366/1667 2992/2367/1667 2984/2361/1664
f 2984/2361/1664 2992/2367/1667 2993/2368/1667 2985/2362/1664
f 2985/2362/1664 2993/2368/1667 2994/2369/1667 2986/2363/1664
f 2986/2363/1664 2994/2369/1667 2995/2370/2376 2987/2364/2372
f 2987/2364/2372 2995/2370/2376 3759/1716/2377 3758/1711/2373
f 3631/1712/2374 3632/1717/2378 2998/2371/2379 2990/2365/2375
f 2990/2365/2375 2998/2371/2379 2999/2372/2380 2991/2366/1667
f 2991/2366/1667 2999/2372/2380 3000/2373/2380 2992/2367/1667
f 2992/2367/1667 3000/2373/2380 3001/2374/2380 2993/2368/1667
f 2993/2368/1667 3001/2374/2380 3002/2375/2380 2994/2369/1667
f 2994/2369/1667 3002/2375/2380 3003/2376/2381 2995/2370/2376
f 2995/2370/2376 3003/2376/2381 3760/1721/2382 3759/1716/2377
f 3632/1717/2378 3633/1722/2383 3006/2377/2384 2998/2371/2379
f 2998/2371/2379 3006/2377/2384 3007/2378/2384 2999/2372/2380
f 2999/2372/2380 3007/2378/2384 3008/2379/2384 3000/2373/2380
f 3000/2373/2380 3008/2379/2384 3009/2380/2384 3001/2374/2380
f 3001/2374/2380 3009/2380/2384 3010/2381/2384 3002/2375/2380
f 3002/2375/2380 3010/2381/2384 3011/2382/2385 3003/2376/2381
f 3003/2376/2381 3011/2382/2385 3761/1726/2386 3760/1721/2382
f 3633/1722/2383 3634/1727/2387 3014/2383/2388 3006/2377/2384
f 3006/2377/2384 3014/2383/2388 3015/2384/2389 3007/2378/2384
f 3007/2378/2384 3015/2384/2389 3016/2385/2389 3008/2379/2384
f 3008/2379/2384 3016/2385/2389 3017/2386/2389 3009/2380/2384
f 3009/2380/2384 3017/2386/2389 3018/2387/2389 3010/2381/2384
f 3010/2381/2384 3018/2387/2389 3019/2388/2389 3011/2382/2385
f 3011/2382/2385 3019/2388/2389 3762/1731/2390 3761/1726/2386
f 3634/1727/2387 3635/1732/2391 3022/2389/1674 3014/2383/2388
f 3014/2383/2388 3022/2389/1674 3023/2390/1675 3015/2384/2389
f 3015/2384/2389 3023/2390/1675 3024/2391/1675 3016/2385/2389
f 3016/2385/2389 3024/2391/1675 3025/2392/1675 3017/2386/2389
f 3017/2386/2389 3025/2392/1675 3026/2393/1675 3018/2387/2389
f 3018/2387/2389 3026/2393/1675 3027/2394/2392 3019/2388/2389
f 3019/2388/2389 3027/2394/2392 3763/1736/2393 3762/1731/2390
f 3635/1732/2391 3636/1737/2394 3030/2395/2395 3022/2389/1674
f 3022/2389/1674 3030/2395/2395 3031/2396/2396 3023/2390/1675
f 3023/2390/1675 3031/2396/2396 3032/2397/2396 3024/2391/1675
f 3024/2391/1675 3032/2397/2396 3033/2398/2396 3025/2392/1675
f 3025/2392/1675 3033/2398/2396 3034/2399/2396 3026/2393/1675
f 3026/2393/1675 3034/2399/2396 3035/2400/2397 3027/2394/2392
f 3027/2394/2392 3035/2400/2397 3764/1741/2398 3763/1736/2393
f 3636/1737/2394 3637/1742/2399 3038/2401/1678 3030/2395/2395
f 3030/2395/2395 3038/2401/1678 3039/2402/1678 3031/2396/2396
f 3031/2396/2396 3039/2402/1678 3040/2403/1678 3032/2397/2396
f 3032/2397/2396 3040/2403/1678 3041/2404/1678 3033/2398/2396
f 3033/2398/2396 3041/2404/1678 3042/2405/1678 3034/2399/2396
f 3034/2399/2396 3042/2405/1678 3043/2406/2400 3035/2400/2397
f 3035/2400/2397 3043/2406/2400 3765/1746/2401 3764/1741/2398
f 3637/1742/2399 3638/1747/2402 3046/2407/2403 3038/2401/1678
f 3038/2401/1678 3046/2407/2403 3047/2408/1682 3039/2402/1678
f 3039/2402/1678 3047/2408/1682 3048/2409/1682 3040/2403/1678
f 3040/2403/1678 3048/2409/1682 3049/2410/1682 3041/2404/1678
f 3041/2404/1678 3049/2410/1682 3050/2411/1682 3042/2405/1678
f 3042/2405/1678 3050/2411/1682 3051/2412/2404 3043/2406/2400
f 3043/2406/2400 3051/2412/2404 3766/1751/2405 3765/1746/2401
f 3638/1747/2402 3639/1752/2406 3054/2413/2407 3046/2407/2403
f 3046/2407/2403 3054/2413/2407 3055/2414/1685 3047/2408/1682
f 3047/2408/1682 3055/2414/1685 3056/2415/1685 3048/2409/1682
f 3048/2409/1682 3056/2415/1685 3057/2416/1685 3049/2410/1682
f 3049/2410/1682 3057/2416/1685 3058/2417/1685 3050/2411/1682
f 3050/2411/1682 3058/2417/1685 3059/2418/1685 3051/2412/2404
f 3051/2412/2404 3059/2418/1685 3767/1756/2408 3766/1751/2405
f 3639/1752/2406 3640/1757/2409 3062/2419/2410 3054/2413/2407
f 3054/2413/2407 3062/2419/2410 3063/2420/2410 3055/2414/1685
f 3055/2414/1685 3063/2420/2410 3064/2421/2410 3056/2415/1685
f 3056/2415/1685 3064/2421/2410 3065/2422/2410 3057/2416/1685
f 3057/2416/1685 3065/2422/2410 3066/2423/2410 3058/2417/1685
f 3058/2417/1685 3066/2423/2410 3067/2424/2411 3059/2418/1685
f 3059/2418/1685 3067/2424/2411 3768/1761/2412 3767/1756/2408
f 3640/1757/2409 3641/1762/2413 3070/2425/2414 3062/2419/2410
f 3062/2419/2410 3070/2425/2414 3071/2426/2415 3063/2420/2410
f 3063/2420/2410 3071/2426/2415 3072/2427/2415 3064/2421/2410
f 3064/2421/2410 3072/2427/2415 3073/2428/2415 3065/2422/2410
f 3065/2422/2410 3073/2428/2415 3074/2429/2415 3066/2423/2410
f 3066/2423/2410 3074/2429/2415 3075/2430/2416 3067/2424/2411
f 3067/2424/2411 3075/2430/2416 3769/1766/2417 3768/1761/2412
f 3641/1762/2413 3642/1767/2418 3078/2431/2419 3070/2425/2414
f 3070/2425/2414 3078/2431/2419 3079/2432/2420 3071/2426/2415
f 3071/2426/2415 3079/2432/2420 3080/2433/2420 3072/2427/2415
f 3072/2427/2415 3080/2433/2420 3081/2434/2420 3073/2428/2415
f 3073/2428/2415 3081/2434/2420 3082/2435/2420 3074/2429/2415
f 3074/2429/2415 3082/2435/2420 3083/2436/2421 3075/2430/2416
f 3075/2430/2416 3083/2436/2421 3770/1771/2422 3769/1766/2417
f 3642/1767/2418 3643/1772/2423 3086/2437/2424 3078/2431/2419
f 3078/2431/2419 3086/2437/2424 3087/2438/2425 3079/2432/2420
f 3079/2432/2420 3087/2438/2425 3088/2439/2425 3080/2433/2420
f 3080/2433/2420 3088/2439/2425 3089/2440/2425 3081/2434/2420
f 3081/2434/2420 3089/2440/2425 3090/2441/2425 3082/2435/2420
f 3082/2435/2420 3090/2441/2425 3091/2442/2426 3083/2436/2421
f 3083/2436/2421 3091/2442/2426 3771/1776/2427 3770/1771/2422
f 3643/1772/2423 3644/1777/2428 3094/2443/2429 3086/2437/2424
f 3086/2437/2424 3094/2443/2429 3095/2444/1699 3087/2438/2425
f 3087/2438/2425 3095/2444/1699 3096/2445/1699 3088/2439/2425
f 3088/2439/2425 3096/2445/1699 3097/2446/1699 3089/2440/2425
f 3089/2440/2425 3097/2446/1699 3098/2447/1699 3090/2441/2425
f 3090/2441/2425 3098/2447/1699 3099/2448/2430 3091/2442/2426
f 3091/2442/2426 3099/2448/2430 3772/1781/2431 3771/1776/2427
f 3644/1777/2428 3645/1782/2432 3102/2449/1702 3094/2443/2429
f 3094/2443/2429 3102/2449/1702 3103/2450/1702 3095/2444/1699
f 3095/2444/1699 3103/2450/1702 3104/2451/1702 3096/2445/1699
f 3096/2445/1699 3104/2451/1702 3105/2452/1702 3097/2446/1699
f 3097/2446/1699 3105/2452/1702 3106/2453/1702 3098/2447/1699
f 3098/2447/1699 3106/2453/1702 3107/2454/2433 3099/2448/2430
f 3099/2448/2430 3107/2454/2433 3773/1786/2434 3772/1781/2431
f 3645/1782/2432 3646/1787/2435 3110/2455/1705 3102/2449/1702
f 3102/2449/1702 3110/2455/1705 3111/2456/1705 3103/2450/1702
f 3103/2450/1702 3111/2456/1705 3112/2457/1705 3104/2451/1702
f 3104/2451/1702 3112/2457/1705 3113/2458/1705 3105/2452/1702
f 3105/2452/1702 3113/2458/1705 3114/2459/1705 3106/2453/1702
f 3106/2453/1702 3114/2459/1705 3115/2460/2436 3107/2454/2433
f 3107/2454/2433 3115/2460/2436 3774/1791/2437 3773/1786/2434
f 3646/1787/2435 3647/1792/2438 3118/2461/2439 3110/2455/1705
f 3110/2455/1705 3118/2461/2439 3119/2462/2439 3111/2456/1705
f 3111/2456/1705 3119/2462/2439 3120/2463/2439 3112/2457/1705
f 3112/2457/1705 3120/2463/2439 3121/2464/2439 3113/2458/1705
f 3113/2458/1705 3121/2464/2439 3122/2465/2439 3114/2459/1705
f 3114/2459/1705 3122/2465/2439 3123/2466/2440 3115/2460/2436
f 3115/2460/2436 3123/2466/2440 3775/1796/2441 3774/1791/2437
f 3647/1792/2438 3648/1797/2442 3126/2467/2443 3118/2461/2439
f 3118/2461/2439 3126/2467/2443 3127/2468/2443 3119/2462/2439
f 3119/2462/2439 3127/2468/2443 3128/2469/2443 3120/2463/2439
f 3120/2463/2439 3128/2469/2443 3129/2470/2443 3121/2464/2439
f 3121/2464/2439 3129/2470/2443 3130/2471/2443 3122/2465/2439
f 3122/2465/2439 3130/2471/2443 3131/2472/2444 3123/2466/2440
f 3123/2466/2440 3131/2472/2444 3776/1801/2445 3775/1796/2441
f 3648/1797/2442 3649/1802/2446 3134/2473/2447 3126/2467/2443
f 3126/2467/2443 3134/2473/2447 3135/2474/2448 3127/2468/2443
f 3127/2468/2443 3135/2474/2448 3136/2475/2448 3128/2469/2443
f 3128/2469/2443 3136/2475/2448 3137/2476/2448 3129/2470/2443
f 3129/2470/2443 3137/2476/2448 3138/2477/2448 3130/2471/2443
f 3130/2471/2443 3138/2477/2448 3139/2478/2448 3131/2472/2444
f 3131/2472/2444 3139/2478/2448 3777/1806/2449 3776/1801/2445
f 3649/1802/2446 3650/1807/2450 3142/2479/2451 3134/2473/2447
f 3134/2473/2447 3142/2479/2451 3143/2480/2452 3135/2474/2448
f 3135/2474/2448 3143/2480/2452 3144/2481/2452 3136/2475/2448
f 3136/2475/2448 3144/2481/2452 3145/2482/2452 3137/2476/2448
f 3137/2476/2448 3145/2482/2452 3146/2483/2452 3138/2477/2448
f 3138/2477/2448 3146/2483/2452 3147/2484/2453 3139/2478/2448
f 3139/2478/2448 3147/2484/2453 3778/1811/2454 3777/1806/2449
f 3650/1807/2450 3651/1812/2455 3150/2485/2456 3142/2479/2451
f 3142/2479/2451 3150/2485/2456 3151/2486/2456 3143/2480/2452
f 3143/2480/2452 3151/2486/2456 3152/2487/2456 3144/2481/2452
f 3144/2481/2452 3152/2487/2456 3153/2488/2456 3145/2482/2452
f 3145/2482/2452 3153/2488/2456 3154/2489/2456 3146/2483/2452
f 3146/2483/2452 3154/2489/2456 3155/2490/2457 3147/2484/2453
f 3147/2484/2453 3155/2490/2457 3779/1816/2458 3778/1811/2454
f 3651/1812/2455 3652/1817/2459 3158/2491/2460 3150/2485/2456
f 3150/2485/2456 3158/2491/2460 3159/2492/2461 3151/2486/2456
f 3151/2486/2456 3159/2492/2461 3160/2493/2461 3152/2487/2456
f 3152/2487/2456 3160/2493/2461 3161/2494/2461 3153/2488/2456
f 3153/2488/2456 3161/2494/2461 3162/2495/2461 3154/2489/2456
f 3154/2489/2456 3162/2495/2461 3163/2496/2461 3155/2490/2457
f 3155/2490/2457 3163/2496/2461 3780/1821/2462 3779/1816/2458
f 3652/1817/2459 3653/1822/2463 3166/2497/2464 3158/2491/2460
f 3158/2491/2460 3166/2497/2464 3167/2498/1723 3159/2492/2461
f 3159/2492/2461 3167/2498/1723 3168/2499/1723 3160/2493/2461
f 3160/2493/2461 3168/2499/1723 3169/2500/1723 3161/2494/2461
f 3161/2494/2461 3169/2500/1723 3170/2501/1723 3162/2495/2461
f 3162/2495/2461 3170/2501/1723 3171/2502/1722 3163/2496/2461
f 3163/2496/2461 3171/2502/1722 3781/1826/2465 3780/1821/2462
f 3653/1822/2463 3654/1827/2466 3174/2503/1725 3166/2497/2464
f 3166/2497/2464 3174/2503/1725 3175/2504/1724 3167/2498/1723
f 3167/2498/1723 3175/2504/1724 3176/2505/1724 3168/2499/1723
f 3168/2499/1723 3176/2505/1724 3177/2506/1724 3169/2500/1723
f 3169/2500/1723 3177/2506/1724 3178/2507/1724 3170/2501/1723
f 3170/2501/1723 3178/2507/1724 3179/2508/2467 3171/2502/1722
f 3171/2502/1722 3179/2508/2467 3782/1831/2468 3781/1826/2465
f 3654/1827/2466 3655/1832/2469 3182/2509/1726 3174/2503/1725
f 3174/2503/1725 3182/2509/1726 3183/2510/1727 3175/2504/1724
f 3175/2504/1724 3183/2510/1727 3184/2511/1727 3176/2505/1724
f 3176/2505/1724 3184/2511/1727 3185/2512/1727 3177/2506/1724
f 3177/2506/1724 3185/2512/1727 3186/2513/1727 3178/2507/1724
f 3178/2507/1724 3186/2513/1727 3187/2514/2470 3179/2508/2467
f 3179/2508/2467 3187/2514/2470 3783/1836/2471 3782/1831/2468
f 3655/1832/2469 3656/1837/2472 3190/2515/2473 3182/2509/1726
f 3182/2509/1726 3190/2515/2473 3191/2516/2474 3183/2510/1727
f 3183/2510/1727 3191/2516/2474 3192/2517/2474 3184/2511/1727
f 3184/2511/1727 3192/2517/2474 3193/2518/2474 3185/2512/1727
f 3185/2512/1727 3193/2518/2474 3194/2519/2474 3186/2513/1727
f 3186/2513/1727 3194/2519/2474 3195/2520/2474 3187/2514/2470
f 3187/2514/2470 3195/2520/2474 3784/1841/2475 3783/1836/2471
f 3656/1837/2472 3657/1842/2476 3198/2521/2477 3190/2515/2473
f 3190/2515/2473 3198/2521/2477 3199/2522/2478 3191/2516/2474
f 3191/2516/2474 3199/2522/2478 3200/2523/2478 3192/2517/2474
f 3192/2517/2474 3200/2523/2478 3201/2524/2478 3193/2518/2474
f 3193/2518/2474 3201/2524/2478 3202/2525/2478 3194/2519/2474
f 3194/2519/2474 3202/2525/2478 3203/2526/2479 3195/2520/2474
f 3195/2520/2474 3203/2526/2479 3785/1846/2480 3784/1841/2475
f 3657/1842/2476 3658/1847/2481 3206/2527/2482 3198/2521/2477
f 3198/2521/2477 3206/2527/2482 3207/2528/2483 3199/2522/2478
f 3199/2522/2478 3207/2528/2483 3208/2529/2483 3200/2523/2478
f 3200/2523/2478 3208/2529/2483 3209/2530/2483 3201/2524/2478
f 3201/2524/2478 3209/2530/2483 3210/2531/2483 3202/2525/2478
f 3202/2525/2478 3210/2531/2483 3211/2532/2484 3203/2526/2479
f 3203/2526/2479 3211/2532/2484 3786/1851/2485 3785/1846/2480
f 3658/1847/2481 3659/1852/2486 3214/2533/2487 3206/2527/2482
f 3206/2527/2482 3214/2533/2487 3215/2534/1737 3207/2528/2483
f 3207/2528/2483 3215/2534/1737 3216/2535/1737 3208/2529/2483
f 3208/2529/2483 3216/2535/1737 3217/2536/1737 3209/2530/2483
f 3209/2530/2483 3217/2536/1737 3218/2537/1737 3210/2531/2483
f 3210/2531/2483 3218/2537/1737 3219/2538/2488 3211/2532/2484
f 3211/2532/2484 3219/2538/2488 3787/1856/2489 3786/1851/2485
f 3659/1852/2486 3660/1857/2490 3222/2539/1739 3214/2533/2487
f 3214/2533/2487 3222/2539/1739 3223/2540/1738 3215/2534/1737
f 3215/2534/1737 3223/2540/1738 3224/2541/1738 3216/2535/1737
f 3216/2535/1737 3224/2541/1738 3225/2542/1738 3217/2536/1737
f 3217/2536/1737 3225/2542/1738 3226/2543/1738 3218/2537/1737
f 3218/2537/1737 3226/2543/1738 3227/2544/1738 3219/2538/2488
f 3219/2538/2488 3227/2544/1738 3788/1861/2491 3787/1856/2489
f 3660/1857/2490 3661/1862/2492 3230/2545/2493 3222/2539/1739
f 3222/2539/1739 3230/2545/2493 3231/2546/2493 3223/2540/1738
f 3223/2540/1738 3231/2546/2493 3232/2547/2493 3224/2541/1738
f 3224/2541/1738 3232/2547/2493 3233/2548/2493 3225/2542/1738
f 3225/2542/1738 3233/2548/2493 3234/2549/2493 3226/2543/1738
f 3226/2543/1738 3234/2549/2493 3235/2550/2494 3227/2544/1738
f 3227/2544/1738 3235/2550/2494 3789/1866/2495 3788/1861/2491
f 3661/1862/2492 3662/1867/2496 3238/2551/1745 3230/2545/2493
f 3230/2545/2493 3238/2551/1745 3239/2552/1745 3231/2546/2493
f 3231/2546/2493 3239/2552/1745 3240/2553/1745 3232/2547/2493
f 3232/2547/2493 3240/2553/1745 3241/2554/1745 3233/2548/2493
f 3233/2548/2493 3241/2554/1745 3242/2555/1745 3234/2549/2493
f 3234/2549/2493 3242/2555/1745 3243/2556/2497 3235/2550/2494
f 3235/2550/2494 3243/2556/2497 3790/1871/2498 3789/1866/2495
f 3662/1867/2496 3663/1872/2499 3246/2557/2500 3238/2551/1745
f 3238/2551/1745 3246/2557/2500 3247/2558/1748 3239/2552/1745
f 3239/2552/1745 3247/2558/1748 3248/2559/1748 3240/2553/1745
f 3240/2553/1745 3248/2559/1748 3249/2560/1748 3241/2554/1745
f 3241/2554/1745 3249/2560/1748 3250/2561/1748 3242/2555/1745
f 3242/2555/1745 3250/2561/1748 3251/2562/2501 3243/2556/2497
f 3243/2556/2497 3251/2562/2501 3791/1876/2502 3790/1871/2498
f 3663/1872/2499 3664/1877/2503 3254/2563/2504 3246/2557/2500
f 3246/2557/2500 3254/2563/2504 3255/2564/2504 3247/2558/1748
f 3247/2558/1748 3255/2564/2504 3256/2565/2504 3248/2559/1748
f 3248/2559/1748 3256/2565/2504 3257/2566/2504 3249/2560/1748
f 3249/2560/1748 3257/2566/2504 3258/2567/2504 3250/2561/1748
f 3250/2561/1748 3258/2567/2504 3259/2568/2505 3251/2562/2501
f 3251/2562/2501 3259/2568/2505 3792/1881/2506 3791/1876/2502
f 3664/1877/2503 3665/1882/2507 3262/2569/2508 3254/2563/2504
f 3254/2563/2504 3262/2569/2508 3263/2570/2508 3255/2564/2504
f 3255/2564/2504 3263/2570/2508 3264/2571/2508 3256/2565/2504
f 3256/2565/2504 3264/2571/2508 3265/2572/2508 3257/2566/2504
f 3257/2566/2504 3265/2572/2508 3266/2573/2508 3258/2567/2504
f 3258/2567/2504 3266/2573/2508 3267/2574/2509 3259/2568/2505
f 3259/2568/2505 3267/2574/2509 3793/1886/2510 3792/1881/2506
f 3665/1882/2507 3666/1887/2511 3270/2575/2512 3262/2569/2508
f 3262/2569/2508 3270/2575/2512 3271/2576/2513 3263/2570/2508
f 3263/2570/2508 3271/2576/2513 3272/2577/2513 3264/2571/2508
f 3264/2571/2508 3272/2577/2513 3273/2578/2513 3265/2572/2508
f 3265/2572/2508 3273/2578/2513 3274/2579/2513 3266/2573/2508
f 3266/2573/2508 3274/2579/2513 3275/2580/2513 3267/2574/2509
f 3267/2574/2509 3275/2580/2513 3794/1891/2514 3793/1886/2510
f 3666/1887/2511 3667/1892/2515 3278/2581/1758 3270/2575/2512
f 3270/2575/2512 3278/2581/1758 3279/2582/1758 3271/2576/2513
f 3271/2576/2513 3279/2582/1758 3280/2583/1758 3272/2577/2513
f 3272/2577/2513 3280/2583/1758 3281/2584/1758 3273/2578/2513
f 3273/2578/2513 3281/2584/1758 3282/2585/1758 3274/2579/2513
f 3274/2579/2513 3282/2585/1758 3283/2586/2516 3275/2580/2513
f 3275/2580/2513 3283/2586/2516 3795/1896/2517 3794/1891/2514
f 3667/1892/2515 3668/1897/2518 3286/2587/2519 3278/2581/1758
f 3278/2581/1758 3286/2587/2519 3287/2588/1761 3279/2582/1758
f 3279/2582/1758 3287/2588/1761 3288/2589/1761 3280/2583/1758
f 3280/2583/1758 3288/2589/1761 3289/2590/1761 3281/2584/1758
f 3281/2584/1758 3289/2590/1761 3290/2591/1761 3282/2585/1758
f 3282/2585/1758 3290/2591/1761 3291/2592/2520 3283/2586/2516
f 3283/2586/2516 3291/2592/2520 3796/1901/2521 3795/1896/2517
f 3668/1897/2518 3669/1902/2522 3294/2593/2523 3286/2587/2519
f 3286/2587/2519 3294/2593/2523 3295/2594/1763 3287/2588/1761
f 3287/2588/1761 3295/2594/1763 3296/2595/1763 3288/2589/1761
f 3288/2589/1761 3296/2595/1763 3297/2596/1763 3289/2590/1761
f 3289/2590/1761 3297/2596/1763 3298/2597/1763 3290/2591/1761
f 3290/2591/1761 3298/2597/1763 3299/2598/1763 3291/2592/2520
f 3291/2592/2520 3299/2598/1763 3797/1906/2524 3796/1901/2521
f 3669/1902/2522 3670/1907/2525 3302/2599/1765 3294/2593/2523
f 3294/2593/2523 3302/2599/1765 3303/2600/1764 3295/2594/1763
f 3295/2594/1763 3303/2600/1764 3304/2601/1764 3296/2595/1763
f 3296/2595/1763 3304/2601/1764 3305/2602/1764 3297/2596/1763
f 3297/2596/1763 3305/2602/1764 3306/2603/1764 3298/2597/1763
f 3298/2597/1763 3306/2603/1764 3307/2604/2526 3299/2598/1763
f 3299/2598/1763 3307/2604/2526 3798/1911/2527 3797/1906/2524
f 3670/1907/2525 3671/1912/2528 3310/2605/1767 3302/2599/1765
f 3302/2599/1765 3310/2605/1767 3311/2606/1767 3303/2600/1764
f 3303/2600/1764 3311/2606/1767 3312/2607/1767 3304/2601/1764
f 3304/2601/1764 3312/2607/1767 3313/2608/1767 3305/2602/1764
f 3305/2602/1764 3313/2608/1767 3314/2609/1767 3306/2603/1764
f 3306/2603/1764 3314/2609/1767 3315/2610/2529 3307/2604/2526
f 3307/2604/2526 3315/2610/2529 3799/1916/2530 3798/1911/2527
f 3671/1912/2528 3672/1917/2531 3318/2611/2532 3310/2605/1767
f 3310/2605/1767 3318/2611/2532 3319/2612/2533 3311/2606/1767
f 3311/2606/1767 3319/2612/2533 3320/2613/2533 3312/2607/1767
f 3312/2607/1767 3320/2613/2533 3321/2614/2533 3313/2608/1767
f 3313/2608/1767 3321/2614/2533 3322/2615/2533 3314/2609/1767
f 3314/2609/1767 3322/2615/2533 3323/2616/2533 3315/2610/2529
f 3315/2610/2529 3323/2616/2533 3800/1921/2534 3799/1916/2530
f 3672/1917/2531 3673/1922/2535 3326/2617/2536 3318/2611/2532
f 3318/2611/2532 3326/2617/2536 3327/2618/2537 3319/2612/2533
f 3319/2612/2533 3327/2618/2537 3328/2619/2537 3320/2613/2533
f 3320/2613/2533 3328/2619/2537 3329/2620/2537 3321/2614/2533
f 3321/2614/2533 3329/2620/2537 3330/2621/2537 3322/2615/2533
f 3322/2615/2533 3330/2621/2537 3331/2622/2538 3323/2616/2533
f 3323/2616/2533 3331/2622/2538 3801/1926/2539 3800/1921/2534
f 3673/1922/2535 3674/1927/2540 3334/2623/2541 3326/2617/2536
f 3326/2617/2536 3334/2623/2541 3335/2624/2542 3327/2618/2537
f 3327/2618/2537 3335/2624/2542 3336/2625/2542 3328/2619/2537
f 3328/2619/2537 3336/2625/2542 3337/2626/2542 3329/2620/2537
f 3329/2620/2537 3337/2626/2542 3338/2627/2542 3330/2621/2537
f 3330/2621/2537 3338/2627/2542 3339/2628/2543 3331/2622/2538
f 3331/2622/2538 3339/2628/2543 3802/1931/2544 3801/1926/2539
f 3674/1927/2540 3675/1932/2545 3342/2629/2546 3334/2623/2541
f 3334/2623/2541 3342/2629/2546 3343/2630/1776 3335/2624/2542
f 3335/2624/2542 3343/2630/1776 3344/2631/1776 3336/2625/2542
f 3336/2625/2542 3344/2631/1776 3345/2632/1776 3337/2626/2542
f 3337/2626/2542 3345/2632/1776 3346/2633/1776 3338/2627/2542
f 3338/2627/2542 3346/2633/1776 3347/2634/2547 3339/2628/2543
f 3339/2628/2543 3347/2634/2547 3803/1936/2548 3802/1931/2544
f 3675/1932/2545 3676/1937/2549 3350/2635/2550 3342/2629/2546
f 3342/2629/2546 3350/2635/2550 3351/2636/1779 3343/2630/1776
f 3343/2630/1776 3351/2636/1779 3352/2637/1779 3344/2631/1776
f 3344/2631/1776 3352/2637/1779 3353/2638/2551 3345/2632/1776
f 3345/2632/1776 3353/2638/2551 3354/2639/1779 3346/2633/1776
f 3346/2633/1776 3354/2639/1779 3355/2640/1779 3347/2634/2547
f 3347/2634/2547 3355/2640/1779 3804/1941/2552 3803/1936/2548
f 3676/1937/2549 3677/1942/2553 3358/2641/2554 3350/2635/2550
f 3350/2635/2550 3358/2641/2554 3359/2642/1782 3351/2636/1779
f 3351/2636/1779 3359/2642/1782 3360/2643/1782 3352/2637/1779
f 3352/2637/1779 3360/2643/1782 3361/2644/1782 3353/2638/2551
f 3353/2638/2551 3361/2644/1782 3362/2645/1782 3354/2639/1779
f 3354/2639/1779 3362/2645/1782 3363/2646/2555 3355/2640/1779
f 3355/2640/1779 3363/2646/2555 3805/1946/2556 3804/1941/2552
f 3677/1942/2553 3678/1947/2557 3366/2647/2558 3358/2641/2554
f 3358/2641/2554 3366/2647/2558 3367/2648/1783 3359/2642/1782
f 3359/2642/1782 3367/2648/1783 3368/2649/1783 3360/2643/1782
f 3360/2643/1782 3368/2649/1783 3369/2650/1783 3361/2644/1782
f 3361/2644/1782 3369/2650/1783 3370/2651/1783 3362/2645/1782
f 3362/2645/1782 3370/2651/1783 3371/2652/1783 3363/2646/2555
f 3363/2646/2555 3371/2652/1783 3806/1951/2559 3805/1946/2556
f 3678/1947/2557 3679/1952/2560 3374/2653/2561 3366/2647/2558
f 3366/2647/2558 3374/2653/2561 3375/2654/1785 3367/2648/1783
f 3367/2648/1783 3375/2654/1785 3376/2655/1785 3368/2649/1783
f 3368/2649/1783 3376/2655/1785 3377/2656/1785 3369/2650/1783
f 3369/2650/1783 3377/2656/1785 3378/2657/1785 3370/2651/1783
f 3370/2651/1783 3378/2657/1785 3379/2658/1785 3371/2652/1783
f 3371/2652/1783 3379/2658/1785 3807/1956/2562 3806/1951/2559
f 3679/1952/2560 3680/1957/2563 3382/2659/2564 3374/2653/2561
f 3374/2653/2561 3382/2659/2564 3383/2660/2564 3375/2654/1785
f 3375/2654/1785 3383/2660/2564 3384/2661/2564 3376/2655/1785
f 3376/2655/1785 3384/2661/2564 3385/2662/2564 3377/2656/1785
f 3377/2656/1785 3385/2662/2564 3386/2663/2564 3378/2657/1785
f 3378/2657/1785 3386/2663/2564 3387/2664/2565 3379/2658/1785
f 3379/2658/1785 3387/2664/2565 3808/1961/2566 3807/1956/2562
f 3680/1957/2563 3681/1962/2567 3390/2665/2568 3382/2659/2564
f 3382/2659/2564 3390/2665/2568 3391/2666/2569 3383/2660/2564
f 3383/2660/2564 3391/2666/2569 3392/2667/2569 3384/2661/2564
f 3384/2661/2564 3392/2667/2569 3393/2668/2569 3385/2662/2564
f 3385/2662/2564 3393/2668/2569 3394/2669/2569 3386/2663/2564
f 3386/2663/2564 3394/2669/2569 3395/2670/2570 3387/2664/2565
f 3387/2664/2565 3395/2670/2570 3809/1966/2571 3808/1961/2566
f 3681/1962/2567 3682/1967/2572 3398/2671/2573 3390/2665/2568
f 3390/2665/2568 3398/2671/2573 3399/2672/2573 3391/2666/2569
f 3391/2666/2569 3399/2672/2573 3400/2673/2573 3392/2667/2569
f 3392/2667/2569 3400/2673/2573 3401/2674/2573 3393/2668/2569
f 3393/2668/2569 3401/2674/2573 3402/2675/2573 3394/2669/2569
f 3394/2669/2569 3402/2675/2573 3403/2676/2573 3395/2670/2570
f 3395/2670/2570 3403/2676/2573 3810/1971/2574 3809/1966/2571
f 3682/1967/2572 3683/1972/2575 3406/2677/2576 3398/2671/2573
f 3398/2671/2573 3406/2677/2576 3407/2678/2576 3399/2672/2573
f 3399/2672/2573 3407/2678/2576 3408/2679/2576 3400/2673/2573
f 3400/2673/2573 3408/2679/2576 3409/2680/2576 3401/2674/2573
f 3401/2674/2573 3409/2680/2576 3410/2681/2576 3402/2675/2573
f 3402/2675/2573 3410/2681/2576 3411/2682/2577 3403/2676/2573
f 3403/2676/2573 3411/2682/2577 3811/1976/2578 3810/1971/2574
f 3683/1972/2575 3684/1977/2579 3414/2683/1797 3406/2677/2576
f 3406/2677/2576 3414/2683/1797 3415/2684/1797 3407/2678/2576
f 3407/2678/2576 3415/2684/1797 3416/2685/2580 3408/2679/2576
f 3408/2679/2576 3416/2685/2580 3417/2686/1797 3409/2680/2576
f 3409/2680/2576 3417/2686/1797 3418/2687/1797 3410/2681/2576
f 3410/2681/2576 3418/2687/1797 3419/2688/2580 3411/2682/2577
f 3411/2682/2577 3419/2688/2580 3812/1981/2581 3811/1976/2578
f 3684/1977/2579 3685/1982/2582 3422/2689/1799 3414/2683/1797
f 3414/2683/1797 3422/2689/1799 3423/2690/1799 3415/2684/1797
f 3415/2684/1797 3423/2690/1799 3424/2691/1799 3416/2685/2580
f 3416/2685/2580 3424/2691/1799 3425/2692/1799 3417/2686/1797
f 3417/2686/1797 3425/2692/1799 3426/2693/1799 3418/2687/1797
f 3418/2687/1797 3426/2693/1799 3427/2694/2583 3419/2688/2580
f 3419/2688/2580 3427/2694/2583 3813/1986/2584 3812/1981/2581
f 3685/1982/2582 3686/1987/2585 3430/2695/1801 3422/2689/1799
f 3422/2689/1799 3430/2695/1801 3431/2696/1801 3423/2690/1799
f 3423/2690/1799 3431/2696/1801 3432/2697/1801 3424/2691/1799
f 3424/2691/1799 3432/2697/1801 3433/2698/1801 3425/2692/1799
f 3425/2692/1799 3433/2698/1801 3434/2699/1801 3426/2693/1799
f 3426/2693/1799 3434/2699/1801 3435/2700/1801 3427/2694/2583
f 3427/2694/2583 3435/2700/1801 3814/1991/2586 3813/1986/2584
f 3686/1987/2585 3687/1992/2587 3438/2701/2588 3430/2695/1801
f 3430/2695/1801 3438/2701/2588 3439/2702/1803 3431/2696/1801
f 3431/2696/1801 3439/2702/1803 3440/2703/1803 3432/2697/1801
f 3432/2697/1801 3440/2703/1803 3441/2704/1803 3433/2698/1801
f 3433/2698/1801 3441/2704/1803 3442/2705/2588 3434/2699/1801
f 3434/2699/1801 3442/2705/2588 3443/2706/1803 3435/2700/1801
f 3435/2700/1801 3443/2706/1803 3815/1996/2589 3814/1991/2586
f 3687/1992/2587 3688/1997/2590 3446/2707/2591 3438/2701/2588
f 3438/2701/2588 3446/2707/2591 3447/2708/2591 3439/2702/1803
f 3439/2702/1803 3447/2708/2591 3448/2709/2592 3440/2703/1803
f 3440/2703/1803 3448/2709/2592 3449/2710/2592 3441/2704/1803
f 3441/2704/1803 3449/2710/2592 3450/2711/2591 3442/2705/2588
f 3442/2705/2588 3450/2711/2591 3451/2712/2592 3443/2706/1803
f 3443/2706/1803 3451/2712/2592 3816/2001/2593 3815/1996/2589
f 3688/1997/2590 3689/2002/2594 3454/2713/2595 3446/2707/2591
f 3446/2707/2591 3454/2713/2595 3455/2714/2595 3447/2708/2591
f 3447/2708/2591 3455/2714/2595 3456/2715/2595 3448/2709/2592
f 3448/2709/2592 3456/2715/2595 3457/2716/2595 3449/2710/2592
f 3449/2710/2592 3457/2716/2595 3458/2717/2595 3450/2711/2591
f 3450/2711/2591 3458/2717/2595 3459/2718/2595 3451/2712/2592
f 3451/2712/2592 3459/2718/2595 3817/2006/2596 3816/2001/2593
f 3689/2002/2594 3690/2007/2597 3462/2719/2598 3454/2713/2595
f 3454/2713/2595 3462/2719/2598 3463/2720/2599 3455/2714/2595
f 3455/2714/2595 3463/2720/2599 3464/2721/2599 3456/2715/2595
f 3456/2715/2595 3464/2721/2599 3465/2722/2599 3457/2716/2595
f 3457/2716/2595 3465/2722/2599 3466/2723/2599 3458/2717/2595
f 3458/2717/2595 3466/2723/2599 3467/2724/2600 3459/2718/2595
f 3459/2718/2595 3467/2724/2600 3818/2011/2601 3817/2006/2596
f 3690/2007/2597 3691/2012/2602 3470/2725/2603 3462/2719/2598
f 3462/2719/2598 3470/2725/2603 3471/2726/2604 3463/2720/2599
f 3463/2720/2599 3471/2726/2604 3472/2727/2604 3464/2721/2599
f 3464/2721/2599 3472/2727/2604 3473/2728/2604 3465/2722/2599
f 3465/2722/2599 3473/2728/2604 3474/2729/2604 3466/2723/2599
f 3466/2723/2599 3474/2729/2604 3475/2730/2605 3467/2724/2600
f 3467/2724/2600 3475/2730/2605 3819/2016/2606 3818/2011/2601
f 3691/2012/2602 3692/2017/2607 3478/2731/1817 3470/2725/2603
f 3470/2725/2603 3478/2731/1817 3479/2732/1817 3471/2726/2604
f 3471/2726/2604 3479/2732/1817 3480/2733/1817 3472/2727/2604
f 3472/2727/2604 3480/2733/1817 3481/2734/1817 3473/2728/2604
f 3473/2728/2604 3481/2734/1817 3482/2735/1817 3474/2729/2604
f 3474/2729/2604 3482/2735/1817 3483/2736/1817 3475/2730/2605
f 3475/2730/2605 3483/2736/1817 3820/2021/2608 3819/2016/2606
f 3692/2017/2607 3693/2022/2609 3486/2737/1819 3478/2731/1817
f 3478/2731/1817 3486/2737/1819 3487/2738/1820 3479/2732/1817
f 3479/2732/1817 3487/2738/1820 3488/2739/1820 3480/2733/1817
f 3480/2733/1817 3488/2739/1820 3489/2740/1820 3481/2734/1817
f 3481/2734/1817 3489/2740/1820 3490/2741/1820 3482/2735/1817
f 3482/2735/1817 3490/2741/1820 3491/2742/1820 3483/2736/1817
f 3483/2736/1817 3491/2742/1820 3821/2026/2610 3820/2021/2608
f 3693/2022/2609 3694/2027/2611 3494/2743/1822 3486/2737/1819
f 3486/2737/1819 3494/2743/1822 3495/2744/1822 3487/2738/1820
f 3487/2738/1820 3495/2744/1822 3496/2745/1822 3488/2739/1820
f 3488/2739/1820 3496/2745/1822 3497/2746/1822 3489/2740/1820
f 3489/2740/1820 3497/2746/1822 3498/2747/1822 3490/2741/1820
f 3490/2741/1820 3498/2747/1822 3499/2748/1822 3491/2742/1820
f 3491/2742/1820 3499/2748/1822 3822/2031/2612 3821/2026/2610
f 3694/2027/2611 3695/2032/2613 3502/2749/2614 3494/2743/1822
f 3494/2743/1822 3502/2749/2614 3503/2750/1824 3495/2744/1822
f 3495/2744/1822 3503/2750/1824 3504/2751/1824 3496/2745/1822
f 3496/2745/1822 3504/2751/1824 3505/2752/1824 3497/2746/1822
f 3497/2746/1822 3505/2752/1824 3506/2753/1824 3498/2747/1822
f 3498/2747/1822 3506/2753/1824 3507/2754/2615 3499/2748/1822
f 3499/2748/1822 3507/2754/2615 3823/2036/2616 3822/2031/2612
f 3695/2032/2613 3696/2037/2617 3510/2755/2618 3502/2749/2614
f 3502/2749/2614 3510/2755/2618 3511/2756/2618 3503/2750/1824
f 3503/2750/1824 3511/2756/2618 3512/2757/2618 3504/2751/1824
f 3504/2751/1824 3512/2757/2618 3513/2758/2618 3505/2752/1824
f 3505/2752/1824 3513/2758/2618 3514/2759/2618 3506/2753/1824
f 3506/2753/1824 3514/2759/2618 3515/2760/2618 3507/2754/2615
f 3507/2754/2615 3515/2760/2618 3824/2041/2619 3823/2036/2616
f 3696/2037/2617 3697/2042/2620 3518/2761/2621 3510/2755/2618
f 3510/2755/2618 3518/2761/2621 3519/2762/2622 3511/2756/2618
f 3511/2756/2618 3519/2762/2622 3520/2763/2622 3512/2757/2618
f 3512/2757/2618 3520/2763/2622 3521/2764/2621 3513/2758/2618
f 3513/2758/2618 3521/2764/2621 3522/2765/2621 3514/2759/2618
f 3514/2759/2618 3522/2765/2621 3523/2766/2622 3515/2760/2618
f 3515/2760/2618 3523/2766/2622 3825/2046/2623 3824/2041/2619
f 3697/2042/2620 3698/2047/2624 3526/2767/2625 3518/2761/2621
f 3518/2761/2621 3526/2767/2625 3527/2768/1832 3519/2762/2622
f 3519/2762/2622 3527/2768/1832 3528/2769/1832 3520/2763/2622
f 3520/2763/2622 3528/2769/1832 3529/2770/1832 3521/2764/2621
f 3521/2764/2621 3529/2770/1832 3530/2771/1832 3522/2765/2621
f 3522/2765/2621 3530/2771/1832 3531/2772/1832 3523/2766/2622
f 3523/2766/2622 3531/2772/1832 3826/2051/2626 3825/2046/2623
f 3698/2047/2624 3699/2052/2627 3534/2773/2628 3526/2767/2625
f 3526/2767/2625 3534/2773/2628 3535/2774/2629 3527/2768/1832
f 3527/2768/1832 3535/2774/2629 3536/2775/2629 3528/2769/1832
f 3528/2769/1832 3536/2775/2629 3537/2776/2629 3529/2770/1832
f 3529/2770/1832 3537/2776/2629 3538/2777/2629 3530/2771/1832
f 3530/2771/1832 3538/2777/2629 3539/2778/2630 3531/2772/1832
f 3531/2772/1832 3539/2778/2630 3827/2056/2631 3826/2051/2626
f 3699/2052/2627 3700/2057/2632 3542/2779/1841 3534/2773/2628
f 3534/2773/2628 3542/2779/1841 3543/2780/1841 3535/2774/2629
f 3535/2774/2629 3543/2780/1841 3544/2781/1841 3536/2775/2629
f 3536/2775/2629 3544/2781/1841 3545/2782/1841 3537/2776/2629
f 3537/2776/2629 3545/2782/1841 3546/2783/1841 3538/2777/2629
f 3538/2777/2629 3546/2783/1841 3547/2784/2633 3539/2778/2630
f 3539/2778/2630 3547/2784/2633 3828/2061/2634 3827/2056/2631
f 3700/2057/2632 3701/2062/2635 3550/2785/1844 3542/2779/1841
f 3542/2779/1841 3550/2785/1844 3551/2786/1844 3543/2780/1841
f 3543/2780/1841 3551/2786/1844 3552/2787/1844 3544/2781/1841
f 3544/2781/1841 3552/2787/1844 3553/2788/2636 3545/2782/1841
f 3545/2782/1841 3553/2788/2636 3554/2789/2636 3546/2783/1841
f 3546/2783/1841 3554/2789/2636 3555/2790/2636 3547/2784/2633
f 3547/2784/2633 3555/2790/2636 3829/2066/2637 3828/2061/2634
f 3701/2062/2635 3702/2067/2638 3558/2791/2639 3550/2785/1844
f 3550/2785/1844 3558/2791/2639 3559/2792/2639 3551/2786/1844
f 3551/2786/1844 3559/2792/2639 3560/2793/2639 3552/2787/1844
f 3552/2787/1844 3560/2793/2639 3561/2794/2639 3553/2788/2636
f 3553/2788/2636 3561/2794/2639 3562/2795/2639 3554/2789/2636
f 3554/2789/2636 3562/2795/2639 3563/2796/2640 3555/2790/2636
f 3555/2790/2636 3563/2796/2640 3830/2071/2641 3829/2066/2637
f 3702/2067/2638 3703/2072/2642 3566/2797/2643 3558/2791/2639
f 3558/2791/2639 3566/2797/2643 3567/2798/2644 3559/2792/2639
f 3559/2792/2639 3567/2798/2644 3568/2799/2644 3560/2793/2639
f 3560/2793/2639 3568/2799/2644 3569/2800/2643 3561/2794/2639
f 3561/2794/2639 3569/2800/2643 3570/2801/2643 3562/2795/2639
f 3562/2795/2639 3570/2801/2643 3571/2802/2645 3563/2796/2640
f 3563/2796/2640 3571/2802/2645 3831/2076/2646 3830/2071/2641
f 3703/2072/2642 3704/2077/2647 3574/2803/2648 3566/2797/2643
f 3566/2797/2643 3574/2803/2648 3575/2804/2648 3567/2798/2644
f 3567/2798/2644 3575/2804/2648 3576/2805/2648 3568/2799/2644
f 3568/2799/2644 3576/2805/2648 3577/2806/2648 3569/2800/2643
f 3569/2800/2643 3577/2806/2648 3578/2807/2648 3570/2801/2643
f 3570/2801/2643 3578/2807/2648 3579/2808/2648 3571/2802/2645
f 3571/2802/2645 3579/2808/2648 3832/2081/2649 3831/2076/2646
f 3704/2077/2647 3705/2809/2650 3706/2810/2651 3574/2803/2648
f 3574/2803/2648 3706/2810/2651 3708/2811/2651 3575/2804/2648
f 3575/2804/2648 3708/2811/2651 3710/2812/2651 3576/2805/2648
f 3576/2805/2648 3710/2812/2651 3712/2813/2651 3577/2806/2648
f 3577/2806/2648 3712/2813/2651 3714/2814/2651 3578/2807/2648
f 3578/2807/2648 3714/2814/2651 3716/2815/2652 3579/2808/2648
f 3579/2808/2648 3716/2815/2652 3718/2816/2653 3832/2081/2649
o MXTRoadSegment.024_PreviewMesh
v -1606.654785 -797.734558 318.006531
v -1627.784546 -796.881714 296.727264
v -1648.914307 -796.028809 275.447998
v -1670.044067 -795.175903 254.168732
v -1691.173828 -794.323059 232.889465
v -1606.900879 -815.949707 318.082367
v -1628.231812 -815.531799 296.991699
v -1649.562744 -815.113831 275.901031
v -1670.893677 -814.695862 254.810364
v -1692.224609 -814.277954 233.719681
v -1607.037354 -834.523743 318.153961
v -1628.565063 -834.564453 297.260040
v -1650.092773 -834.605225 276.366119
v -1671.620483 -834.645996 255.472198
v -1693.148193 -834.686707 234.578278
v -1606.966797 -853.334595 318.219574
v -1628.685547 -853.865784 297.531006
v -1650.404175 -854.397034 276.842438
v -1672.122803 -854.928284 256.153870
v -1693.841553 -855.459473 235.465302
v -1606.560791 -872.211670 318.276703
v -1628.462524 -873.275513 297.802673
v -1650.364136 -874.339417 277.328644
v -1672.265747 -875.403320 256.854614
v -1694.167480 -876.467163 236.380585
v -1605.667114 -890.946045 318.322113
v -1627.740356 -892.597168 298.072601
v -1649.813721 -894.248230 277.823120
v -1671.887085 -895.899292 257.573639
v -1693.960327 -897.550415 237.324142
v -1604.135498 -909.330872 318.351959
v -1626.364624 -911.636047 298.338165
v -1648.593750 -913.941284 278.324371
v -1670.822876 -916.246521 258.310577
v -1693.052002 -918.551697 238.296783
v -1601.991211 -927.436218 318.365082
v -1624.355713 -930.461487 298.599548
v -1646.720215 -933.486755 278.834045
v -1669.084717 -936.512024 259.068542
v -1691.449219 -939.537292 239.303024
v -1599.241577 -945.293640 318.361176
v -1621.714966 -949.106079 298.856934
v -1644.188232 -952.918579 279.352692
v -1666.661499 -956.731079 259.848450
v -1689.134888 -960.543518 240.344208
v -1595.887451 -962.916443 318.339722
v -1618.435669 -967.585327 299.110077
v -1640.983887 -972.254150 279.880402
v -1663.532104 -976.922974 260.650726
v -1686.080322 -981.591858 241.421066
v -1591.936279 -980.324280 318.300018
v -1614.517456 -985.920105 299.358582
v -1637.098633 -991.515930 280.417145
v -1659.679810 -997.111755 261.475708
v -1682.260986 -1002.707581 242.534286
v -1587.318359 -997.403687 318.237640
v -1609.879883 -1004.008240 299.600006
v -1632.441284 -1010.612793 280.962372
v -1655.002686 -1017.217346 262.324738
v -1677.564209 -1023.821899 243.687103
v -1581.943848 -1014.016846 318.148682
v -1604.420776 -1021.716614 299.832001
v -1626.897705 -1029.416382 281.515320
v -1649.374634 -1037.116089 263.198639
v -1671.851562 -1044.815918 244.881958
v -1575.832764 -1030.212158 318.034058
v -1598.151978 -1039.077515 300.054657
v -1620.471191 -1047.942871 282.075256
v -1642.790405 -1056.808228 264.095856
v -1665.109619 -1065.673584 246.116455
v -1569.017090 -1046.057495 317.895172
v -1591.100464 -1056.138062 300.268188
v -1613.183716 -1066.218628 282.641205
v -1635.266968 -1076.299194 265.014221
v -1657.350342 -1086.379761 247.387238
v -1561.430908 -1061.388916 317.726654
v -1583.185059 -1072.743774 300.469055
v -1604.939087 -1084.098755 283.211426
v -1626.693115 -1095.453735 265.953796
v -1648.447266 -1106.808594 248.696182
v -1553.018433 -1076.075317 317.524597
v -1574.338013 -1088.758545 300.654175
v -1595.657593 -1101.441772 283.783752
v -1616.977173 -1114.125000 266.913330
v -1638.296753 -1126.808228 250.042892
v -1543.831055 -1090.250977 317.293793
v -1564.622437 -1104.268677 300.825012
v -1585.413818 -1118.286499 284.356232
v -1606.205200 -1132.304321 267.887451
v -1626.996582 -1146.322021 251.418686
v -1533.894653 -1103.992188 317.037781
v -1554.081055 -1119.312866 300.982056
v -1574.267456 -1134.633545 284.926361
v -1594.453857 -1149.954224 268.870667
v -1614.640259 -1165.274902 252.814957
v -1523.126587 -1117.016479 316.748779
v -1542.615845 -1133.626953 301.119904
v -1562.104980 -1150.237549 285.491058
v -1581.594116 -1166.848145 269.862213
v -1601.083374 -1183.458618 254.233337
v -1511.586914 -1129.451538 316.430908
v -1530.314575 -1147.297852 301.239288
v -1549.042114 -1165.144165 286.047668
v -1567.769653 -1182.990479 270.856049
v -1586.497314 -1200.836792 255.664413
v -1499.343140 -1141.481567 316.092255
v -1517.290283 -1160.464844 301.343140
v -1535.237427 -1179.448120 286.594025
v -1553.184570 -1198.431396 271.844910
v -1571.131714 -1217.414673 257.095795
v -1486.323853 -1152.881836 315.728363
v -1503.473755 -1172.916260 301.427795
v -1520.623657 -1192.950562 287.127197
v -1537.773560 -1212.984863 272.826599
v -1554.923462 -1233.019287 258.526031
v -1472.603027 -1163.731689 315.340332
v -1488.963257 -1184.722046 301.492828
v -1505.323364 -1205.712280 287.645325
v -1521.683472 -1226.702515 273.797821
v -1538.043701 -1247.692871 259.950317
v -1458.297974 -1174.245239 314.934937
v -1473.917603 -1196.077026 301.541107
v -1489.537354 -1217.908936 288.147278
v -1505.157104 -1239.740845 274.753448
v -1520.776733 -1261.572632 261.359619
v -1443.336182 -1184.266357 314.510620
v -1458.275146 -1206.836060 301.571014
v -1473.214233 -1229.405762 288.631439
v -1488.153320 -1251.975464 275.691864
v -1503.092285 -1274.545166 262.752258
v -1427.795410 -1193.867676 314.066803
v -1442.126587 -1217.078613 301.582031
v -1456.457764 -1240.289551 289.097260
v -1470.788940 -1263.500488 276.612488
v -1485.120117 -1286.711426 264.127716
v -1411.828003 -1203.274170 313.607086
v -1425.645508 -1227.029785 301.575897
v -1439.463135 -1250.785278 289.544739
v -1453.280762 -1274.540771 277.513580
v -1467.098267 -1298.296387 265.482391
v -1395.355835 -1212.370483 313.130859
v -1408.761230 -1236.582642 301.552124
v -1422.166626 -1260.794800 289.973389
v -1435.572021 -1285.006958 278.394653
v -1448.977417 -1309.219116 266.815918
v -1378.441406 -1221.244263 312.637146
v -1391.543091 -1245.831665 301.510284
v -1404.644897 -1270.418945 290.383392
v -1417.746704 -1295.006226 279.256500
v -1430.848389 -1319.593628 268.129639
v -1361.243530 -1230.136230 312.127472
v -1374.160278 -1255.019531 301.451477
v -1387.077148 -1279.902832 290.775482
v -1399.994019 -1304.786133 280.099487
v -1412.910767 -1329.669434 269.423492
v -1343.681030 -1238.954224 311.600861
v -1356.533203 -1264.059082 301.375214
v -1369.385376 -1289.164062 291.149536
v -1382.237549 -1314.269043 280.923859
v -1395.089722 -1339.373901 270.698212
v -1325.800415 -1247.804077 311.056824
v -1338.715454 -1273.055786 301.281403
v -1351.630371 -1298.307373 291.505981
v -1364.545288 -1323.558960 281.730560
v -1377.460327 -1348.810669 271.955139
v -1307.754395 -1256.952759 310.495667
v -1320.869751 -1282.271240 301.170624
v -1333.985229 -1307.589844 291.845581
v -1347.100708 -1332.908447 282.520538
v -1360.216064 -1358.226929 273.195496
v -1289.464233 -1266.323120 309.915771
v -1302.915527 -1291.627563 301.041992
v -1316.366821 -1316.932129 292.168213
v -1329.818115 -1342.236694 283.294434
v -1343.269409 -1367.541138 274.420654
v -1270.983276 -1276.051758 309.317200
v -1284.912964 -1301.251709 300.895691
v -1298.842651 -1326.451782 292.474152
v -1312.772339 -1351.651855 284.052612
v -1326.702026 -1376.851807 275.631104
v -1252.471558 -1286.437012 308.700195
v -1267.034180 -1311.425781 300.732086
v -1281.596802 -1336.414551 292.764008
v -1296.159424 -1361.403320 284.795929
v -1310.722046 -1386.392090 276.827820
v -1233.858398 -1297.414673 308.061890
v -1249.204224 -1322.073730 300.549591
v -1264.549927 -1346.732910 293.037262
v -1279.895630 -1371.392090 285.524933
v -1295.241455 -1396.051147 278.012634
v -1215.259399 -1309.166504 307.403687
v -1231.535278 -1333.359985 300.348816
v -1247.811157 -1357.553467 293.293915
v -1264.087036 -1381.746948 286.239014
v -1280.362915 -1405.940430 279.184143
v -1196.883423 -1322.002197 306.725952
v -1214.235962 -1345.568848 300.130066
v -1231.588379 -1369.135498 293.534180
v -1248.940796 -1392.702148 286.938293
v -1266.293335 -1416.268799 280.342407
v -1178.682739 -1335.858154 306.025269
v -1197.250854 -1358.609009 299.891205
v -1215.818848 -1381.359863 293.757111
v -1234.386841 -1404.110718 287.623016
v -1252.954956 -1426.861572 281.488953
v -1160.924683 -1350.923096 305.305328
v -1180.805176 -1372.662476 299.633942
v -1200.685669 -1394.401855 293.962555
v -1220.566162 -1416.141235 288.291168
v -1240.446655 -1437.880615 282.619781
v -1143.906250 -1367.406128 304.567200
v -1165.158569 -1387.929443 299.358734
v -1186.410889 -1408.452881 294.150269
v -1207.663208 -1428.976318 288.941803
v -1228.915527 -1449.499634 283.733337
v -1127.615601 -1385.187378 303.808594
v -1150.284058 -1404.256348 299.063904
v -1172.952515 -1423.325439 294.319244
v -1195.620972 -1442.394531 289.574585
v -1218.289429 -1461.463501 284.829895
v -1112.476685 -1404.293335 303.036804
v -1136.511230 -1421.728516 298.753174
v -1160.545898 -1439.163818 294.469543
v -1184.580566 -1456.599121 290.185913
v -1208.615112 -1474.034302 285.902283
v -1098.771729 -1424.663208 302.255585
v -1124.065430 -1440.334351 298.428436
v -1149.359131 -1456.005371 294.601288
v -1174.652832 -1471.676392 290.774139
v -1199.946533 -1487.347534 286.946991
v -1086.434204 -1446.051880 301.464844
v -1112.877930 -1459.811768 298.089539
v -1139.321777 -1473.571533 294.714233
v -1165.765625 -1487.331299 291.338928
v -1192.209351 -1501.091187 287.963623
v -1075.766602 -1468.270874 300.674774
v -1103.183594 -1480.090698 297.742096
v -1130.600586 -1491.910522 294.809418
v -1158.017578 -1503.730347 291.876740
v -1185.434570 -1515.550171 288.944061
v -1066.854614 -1491.076904 299.892303
v -1095.050171 -1501.014526 297.390198
v -1123.245605 -1510.952026 294.888092
v -1151.441040 -1520.889526 292.385986
v -1179.636597 -1530.827148 289.883881
v -1059.457764 -1514.205200 299.116058
v -1088.272095 -1522.292236 297.033539
v -1117.086304 -1530.379395 294.951019
v -1145.900513 -1538.466553 292.868500
v -1174.714844 -1546.553589 290.785980
v -1053.598877 -1537.517822 298.353577
v -1082.874878 -1543.851074 296.676788
v -1112.150757 -1550.184204 295.000000
v -1141.426636 -1556.517334 293.323212
v -1170.702637 -1562.850586 291.646423
v -1049.262329 -1560.913818 297.611755
v -1078.858643 -1565.646606 296.324188
v -1108.454956 -1570.379517 295.036621
v -1138.051270 -1575.112427 293.749054
v -1167.647583 -1579.845215 292.461487
v -1046.395386 -1584.415771 296.886139
v -1076.201050 -1587.700439 295.973145
v -1106.006714 -1590.985107 295.060150
v -1135.812378 -1594.269775 294.147156
v -1165.618042 -1597.554443 293.234161
v -1044.585571 -1607.690063 296.178955
v -1074.516602 -1609.646729 295.626678
v -1104.447632 -1611.603271 295.074371
v -1134.378662 -1613.559814 294.522064
v -1164.309692 -1615.516479 293.969788
v -1043.434814 -1630.403320 295.496124
v -1073.425293 -1631.126953 295.289825
v -1103.415894 -1631.850586 295.083496
v -1133.406494 -1632.574219 294.877167
v -1163.396973 -1633.297852 294.670868
v -1042.924561 -1644.083740 295.087952
v -1072.924561 -1644.083740 295.087952
v -1102.924561 -1644.083740 295.087952
v -1132.924561 -1644.083740 295.087952
v -1162.924561 -1644.083740 295.087952
v -1686.401367 -794.737122 228.133972
v -1687.487183 -814.595642 228.921967
v -1688.449341 -834.904785 229.737274
v -1689.185059 -855.573975 230.579926
v -1689.557739 -876.472900 231.449753
v -1689.402344 -897.440979 232.346680
v -1688.551514 -918.319519 233.271408
v -1687.013306 -939.174683 234.228256
v -1684.771240 -960.043518 235.218628
v -1681.797852 -980.948425 236.243332
v -1678.069214 -1001.915894 237.303146
v -1673.474365 -1022.876099 238.401123
v -1667.876831 -1043.710083 239.539566
v -1661.263184 -1064.405884 240.716446
v -1653.644531 -1084.953125 241.928772
v -1644.896118 -1105.225708 243.178345
v -1634.915039 -1125.072998 244.464783
v -1623.795288 -1144.445801 245.780090
v -1611.625732 -1163.274780 247.116302
v -1598.263062 -1181.349609 248.474854
v -1583.873779 -1198.637817 249.846893
v -1568.700195 -1215.148804 251.220734
v -1552.677856 -1230.707886 252.594955
v -1535.975220 -1245.356445 253.964920
v -1518.872559 -1259.230957 255.322006
v -1501.337646 -1272.216431 256.664520
v -1483.500122 -1284.411377 257.991943
v -1465.598267 -1296.038086 259.300751
v -1447.581665 -1307.014771 260.590546
v -1429.542236 -1317.453491 261.862549
v -1411.681641 -1327.601562 263.116699
v -1393.924683 -1337.386108 264.353607
v -1376.347778 -1346.909668 265.574615
v -1359.146729 -1356.418335 266.780823
v -1342.234131 -1365.830688 267.973572
v -1325.693115 -1375.244751 269.153290
v -1309.734253 -1384.892944 270.320984
v -1294.269897 -1394.665161 271.478302
v -1279.404907 -1404.671997 272.623962
v -1265.348999 -1415.121216 273.758026
v -1252.025146 -1425.838989 274.881958
v -1239.535522 -1436.984741 275.991852
v -1228.030518 -1448.729248 277.086121
v -1217.437744 -1460.817627 278.165070
v -1207.807007 -1473.507080 279.221619
v -1199.192993 -1486.928711 280.252258
v -1191.519897 -1500.771118 281.256592
v -1184.817261 -1515.315430 282.226440
v -1179.097778 -1530.662109 283.157440
v -1174.258789 -1546.444458 284.052277
v -1170.330933 -1562.784180 284.906982
v -1167.359863 -1579.809692 285.717712
v -1165.413208 -1597.538208 286.487305
v -1164.185547 -1615.510620 287.220917
v -1163.350586 -1633.296875 287.921021
v -1162.924561 -1644.083740 288.337952
v -1601.882446 -798.148682 313.251007
v -1602.163452 -816.267395 313.284668
v -1602.338501 -834.741821 313.312958
v -1602.310425 -853.449036 313.334229
v -1601.951172 -872.217346 313.345856
v -1601.109009 -890.836609 313.344635
v -1599.635010 -909.098694 313.326599
v -1597.555176 -927.073608 313.290314
v -1594.878052 -944.793640 313.235596
v -1591.604980 -962.273010 313.161987
v -1587.744507 -979.532654 313.068878
v -1583.228638 -996.457947 312.951660
v -1577.969116 -1012.911011 312.806305
v -1571.986328 -1028.944458 312.634064
v -1565.311401 -1044.630859 312.436707
v -1557.879883 -1059.805908 312.208832
v -1549.636841 -1074.339966 311.946472
v -1540.629761 -1088.374756 311.655182
v -1530.880005 -1101.992065 311.339111
v -1520.306274 -1114.907349 310.990295
v -1508.963379 -1127.252441 310.613373
v -1496.911621 -1139.215820 310.217224
v -1484.078369 -1150.570557 309.797302
v -1470.534668 -1161.395264 309.354919
v -1456.393799 -1171.903442 308.897308
v -1441.581421 -1181.937622 308.422882
v -1426.175415 -1191.567505 307.931030
v -1410.328003 -1201.015991 307.425446
v -1393.960083 -1210.166138 306.905487
v -1377.135254 -1219.104126 306.370087
v -1360.014404 -1228.068359 305.820648
v -1342.515991 -1236.966309 305.256287
v -1324.687866 -1245.903076 304.676331
v -1306.685059 -1255.144165 304.081024
v -1288.428955 -1264.612549 303.468689
v -1269.974365 -1274.444580 302.839417
v -1251.483765 -1284.937866 302.193329
v -1232.886841 -1296.028687 301.527557
v -1214.301270 -1307.898193 300.843536
v -1195.939209 -1320.854736 300.141571
v -1177.752930 -1334.835693 299.418274
v -1160.013550 -1350.027222 298.677368
v -1143.021118 -1366.635620 297.919952
v -1126.763916 -1384.541504 297.143768
v -1111.668457 -1403.765991 296.356140
v -1098.018311 -1424.244385 295.560852
v -1085.744629 -1445.731812 294.757782
v -1075.149292 -1468.036011 293.957184
v -1066.315918 -1490.911865 293.165863
v -1059.001709 -1514.096069 292.382355
v -1053.227295 -1537.451538 291.614136
v -1048.974609 -1560.878174 290.867981
v -1046.190552 -1584.399414 290.139252
v -1044.461426 -1607.684326 289.430115
v -1043.388306 -1630.402344 288.746277
v -1042.924561 -1644.083740 288.337952
vn 0.7082 -0.0402 -0.7049
vn 0.7029 -0.0108 -0.7112
vn 0.7026 -0.0253 -0.7111
vn 0.7075 -0.0533 -0.7047
vn 0.7022 -0.0390 -0.7109
vn 0.7067 -0.0659 -0.7044
vn 0.7016 -0.0519 -0.7107
vn 0.7059 -0.0780 -0.7040
vn 0.7010 -0.0646 -0.7102
vn 0.7049 -0.0895 -0.7036
vn 0.6965 -0.0044 -0.7176
vn 0.6964 -0.0188 -0.7174
vn 0.6961 -0.0326 -0.7172
vn 0.6958 -0.0455 -0.7168
vn 0.6953 -0.0581 -0.7163
vn 0.6896 0.0057 -0.7241
vn 0.6898 -0.0090 -0.7239
vn 0.6898 -0.0228 -0.7236
vn 0.6897 -0.0359 -0.7232
vn 0.6895 -0.0486 -0.7226
vn 0.6822 0.0212 -0.7309
vn 0.6827 0.0062 -0.7307
vn 0.6830 -0.0078 -0.7304
vn 0.6833 -0.0217 -0.7298
vn 0.6834 -0.0344 -0.7292
vn 0.6737 0.0414 -0.7378
vn 0.6747 0.0256 -0.7376
vn 0.6755 0.0106 -0.7372
vn 0.6761 -0.0033 -0.7368
vn 0.6766 -0.0166 -0.7362
vn 0.6638 0.0661 -0.7449
vn 0.6654 0.0492 -0.7449
vn 0.6667 0.0334 -0.7445
vn 0.6678 0.0187 -0.7441
vn 0.6688 0.0048 -0.7434
vn 0.6528 0.0891 -0.7523
vn 0.6551 0.0713 -0.7522
vn 0.6571 0.0548 -0.7518
vn 0.6587 0.0395 -0.7514
vn 0.6601 0.0253 -0.7508
vn 0.6407 0.1107 -0.7598
vn 0.6436 0.0922 -0.7598
vn 0.6462 0.0752 -0.7594
vn 0.6486 0.0591 -0.7588
vn 0.6505 0.0446 -0.7582
vn 0.6271 0.1326 -0.7675
vn 0.6310 0.1133 -0.7674
vn 0.6344 0.0957 -0.7671
vn 0.6372 0.0793 -0.7666
vn 0.6397 0.0649 -0.7659
vn 0.6126 0.1527 -0.7755
vn 0.6174 0.1329 -0.7753
vn 0.6215 0.1150 -0.7749
vn 0.6251 0.0987 -0.7743
vn 0.6281 0.0838 -0.7736
vn 0.5948 0.1796 -0.7836
vn 0.6008 0.1587 -0.7835
vn 0.6059 0.1401 -0.7831
vn 0.6104 0.1229 -0.7825
vn 0.6142 0.1078 -0.7817
vn 0.5747 0.2064 -0.7919
vn 0.5820 0.1845 -0.7920
vn 0.5884 0.1651 -0.7916
vn 0.5938 0.1478 -0.7909
vn 0.5986 0.1322 -0.7901
vn 0.5534 0.2302 -0.8005
vn 0.5622 0.2080 -0.8004
vn 0.5698 0.1879 -0.8001
vn 0.5762 0.1704 -0.7994
vn 0.5817 0.1551 -0.7985
vn 0.5316 0.2503 -0.8092
vn 0.5417 0.2280 -0.8091
vn 0.5503 0.2084 -0.8086
vn 0.5576 0.1911 -0.8078
vn 0.5639 0.1756 -0.8069
vn 0.5032 0.2791 -0.8179
vn 0.5153 0.2558 -0.8179
vn 0.5256 0.2355 -0.8175
vn 0.5343 0.2177 -0.8168
vn 0.5418 0.2020 -0.8159
vn 0.4740 0.3030 -0.8268
vn 0.4881 0.2794 -0.8269
vn 0.4999 0.2590 -0.8265
vn 0.5099 0.2412 -0.8257
vn 0.5185 0.2256 -0.8248
vn 0.4462 0.3200 -0.8357
vn 0.4618 0.2970 -0.8358
vn 0.4749 0.2770 -0.8353
vn 0.4858 0.2598 -0.8346
vn 0.4954 0.2445 -0.8335
vn 0.4150 0.3383 -0.8446
vn 0.4322 0.3156 -0.8448
vn 0.4467 0.2959 -0.8443
vn 0.4591 0.2788 -0.8435
vn 0.4697 0.2639 -0.8424
vn 0.3816 0.3551 -0.8534
vn 0.4008 0.3330 -0.8535
vn 0.4168 0.3137 -0.8531
vn 0.4306 0.2966 -0.8524
vn 0.4423 0.2821 -0.8514
vn 0.3509 0.3656 -0.8621
vn 0.3712 0.3445 -0.8623
vn 0.3885 0.3260 -0.8619
vn 0.4033 0.3098 -0.8610
vn 0.4160 0.2955 -0.8600
vn 0.3213 0.3726 -0.8706
vn 0.3425 0.3529 -0.8707
vn 0.3608 0.3350 -0.8704
vn 0.3766 0.3195 -0.8696
vn 0.3901 0.3060 -0.8685
vn 0.2893 0.3796 -0.8788
vn 0.3117 0.3607 -0.8791
vn 0.3310 0.3439 -0.8787
vn 0.3478 0.3289 -0.8780
vn 0.3626 0.3155 -0.8769
vn 0.2632 0.3799 -0.8868
vn 0.2861 0.3623 -0.8871
vn 0.3061 0.3464 -0.8867
vn 0.3237 0.3322 -0.8859
vn 0.3393 0.3193 -0.8848
vn 0.2407 0.3766 -0.8946
vn 0.2636 0.3604 -0.8948
vn 0.2839 0.3456 -0.8944
vn 0.3022 0.3320 -0.8936
vn 0.3184 0.3197 -0.8924
vn 0.2142 0.3753 -0.9018
vn 0.2375 0.3600 -0.9022
vn 0.2585 0.3460 -0.9019
vn 0.2776 0.3329 -0.9012
vn 0.2947 0.3210 -0.9001
vn 0.1944 0.3688 -0.9089
vn 0.2176 0.3547 -0.9093
vn 0.2390 0.3414 -0.9090
vn 0.2585 0.3290 -0.9083
vn 0.2764 0.3173 -0.9072
vn 0.1793 0.3595 -0.9158
vn 0.2021 0.3464 -0.9161
vn 0.2234 0.3338 -0.9158
vn 0.2434 0.3218 -0.9150
vn 0.2618 0.3105 -0.9138
vn 0.1619 0.3514 -0.9221
vn 0.1847 0.3389 -0.9225
vn 0.2060 0.3270 -0.9223
vn 0.2267 0.3152 -0.9216
vn 0.2454 0.3043 -0.9204
vn 0.1491 0.3406 -0.9283
vn 0.1717 0.3288 -0.9287
vn 0.1930 0.3173 -0.9285
vn 0.2136 0.3060 -0.9278
vn 0.2332 0.2951 -0.9266
vn 0.1406 0.3278 -0.9342
vn 0.1626 0.3166 -0.9345
vn 0.1841 0.3053 -0.9343
vn 0.2048 0.2942 -0.9335
vn 0.2250 0.2832 -0.9323
vn 0.1291 0.3167 -0.9397
vn 0.1506 0.3058 -0.9401
vn 0.1719 0.2948 -0.9400
vn 0.1934 0.2835 -0.9393
vn 0.2137 0.2727 -0.9381
vn 0.1224 0.3032 -0.9450
vn 0.1439 0.2924 -0.9454
vn 0.1648 0.2817 -0.9453
vn 0.1858 0.2706 -0.9446
vn 0.2071 0.2593 -0.9433
vn 0.1177 0.2890 -0.9501
vn 0.1382 0.2785 -0.9504
vn 0.1592 0.2675 -0.9503
vn 0.1806 0.2562 -0.9496
vn 0.2025 0.2444 -0.9483
vn 0.1114 0.2756 -0.9548
vn 0.1314 0.2651 -0.9552
vn 0.1521 0.2541 -0.9551
vn 0.1736 0.2424 -0.9545
vn 0.1958 0.2302 -0.9532
vn 0.1093 0.2602 -0.9594
vn 0.1288 0.2495 -0.9598
vn 0.1492 0.2383 -0.9597
vn 0.1708 0.2261 -0.9590
vn 0.1935 0.2131 -0.9577
vn 0.1082 0.2442 -0.9637
vn 0.1271 0.2333 -0.9641
vn 0.1473 0.2215 -0.9640
vn 0.1686 0.2088 -0.9633
vn 0.1921 0.1948 -0.9619
vn 0.1052 0.2293 -0.9676
vn 0.1233 0.2182 -0.9681
vn 0.1428 0.2060 -0.9681
vn 0.1644 0.1924 -0.9674
vn 0.1879 0.1774 -0.9660
vn 0.1056 0.2123 -0.9715
vn 0.1227 0.2009 -0.9719
vn 0.1419 0.1879 -0.9719
vn 0.1632 0.1734 -0.9712
vn 0.1870 0.1570 -0.9697
vn 0.1059 0.1950 -0.9751
vn 0.1220 0.1832 -0.9755
vn 0.1404 0.1696 -0.9755
vn 0.1615 0.1538 -0.9748
vn 0.1860 0.1354 -0.9732
vn 0.1045 0.1785 -0.9784
vn 0.1196 0.1663 -0.9788
vn 0.1376 0.1516 -0.9788
vn 0.1577 0.1351 -0.9782
vn 0.1818 0.1150 -0.9766
vn 0.1043 0.1607 -0.9815
vn 0.1182 0.1480 -0.9819
vn 0.1352 0.1325 -0.9819
vn 0.1549 0.1143 -0.9813
vn 0.1783 0.0925 -0.9796
vn 0.1030 0.1431 -0.9843
vn 0.1160 0.1298 -0.9847
vn 0.1315 0.1138 -0.9848
vn 0.1502 0.0942 -0.9842
vn 0.1731 0.0700 -0.9824
vn 0.1000 0.1266 -0.9869
vn 0.1116 0.1130 -0.9873
vn 0.1258 0.0961 -0.9874
vn 0.1432 0.0754 -0.9868
vn 0.1647 0.0493 -0.9851
vn 0.0969 0.1095 -0.9893
vn 0.1073 0.0951 -0.9897
vn 0.1199 0.0780 -0.9897
vn 0.1355 0.0563 -0.9892
vn 0.1550 0.0290 -0.9875
vn 0.0913 0.0947 -0.9913
vn 0.1004 0.0801 -0.9917
vn 0.1114 0.0624 -0.9918
vn 0.1252 0.0400 -0.9913
vn 0.1425 0.0117 -0.9897
vn 0.0847 0.0809 -0.9931
vn 0.0926 0.0658 -0.9935
vn 0.1020 0.0478 -0.9936
vn 0.1137 0.0251 -0.9932
vn 0.1286 -0.0039 -0.9917
vn 0.0772 0.0678 -0.9947
vn 0.0837 0.0528 -0.9951
vn 0.0917 0.0343 -0.9952
vn 0.1013 0.0118 -0.9948
vn 0.1134 -0.0166 -0.9934
vn 0.0679 0.0582 -0.9960
vn 0.0735 0.0427 -0.9964
vn 0.0798 0.0246 -0.9965
vn 0.0875 0.0025 -0.9962
vn 0.0972 -0.0252 -0.9949
vn 0.0582 0.0495 -0.9971
vn 0.0625 0.0344 -0.9974
vn 0.0677 0.0162 -0.9976
vn 0.0735 -0.0055 -0.9973
vn 0.0810 -0.0322 -0.9962
vn 0.0479 0.0426 -0.9979
vn 0.0513 0.0275 -0.9983
vn 0.0552 0.0098 -0.9984
vn 0.0595 -0.0113 -0.9982
vn 0.0650 -0.0365 -0.9972
vn 0.0376 0.0368 -0.9986
vn 0.0399 0.0219 -0.9990
vn 0.0428 0.0050 -0.9991
vn 0.0460 -0.0150 -0.9988
vn 0.0495 -0.0383 -0.9980
vn 0.0269 0.0333 -0.9991
vn 0.0287 0.0187 -0.9994
vn 0.0305 0.0020 -0.9995
vn 0.0325 -0.0168 -0.9993
vn 0.0349 -0.0387 -0.9986
vn 0.0164 0.0313 -0.9994
vn 0.0172 0.0170 -0.9997
vn 0.0185 0.0005 -0.9998
vn 0.0198 -0.0180 -0.9996
vn 0.0210 -0.0387 -0.9990
vn 0.0061 0.0303 -0.9995
vn 0.0065 0.0161 -0.9999
vn 0.0068 0.0001 -1.0000
vn 0.0073 -0.0180 -0.9998
vn 0.0078 -0.0384 -0.9992
vn -0.7197 -0.0097 -0.6943
vn 0.0032 0.0157 -0.9999
vn 0.0034 -0.0003 -1.0000
vn 0.0037 -0.0182 -0.9998
vn 0.6908 0.0084 -0.7230
vn 0.7113 -0.0082 0.7029
vn 0.7144 -0.0057 0.6997
vn 0.7112 -0.0082 0.7029
vn 0.7207 0.0011 0.6932
vn 0.7272 0.0119 0.6863
vn 0.7272 0.0119 0.6864
vn 0.7335 0.0279 0.6791
vn 0.7393 0.0502 0.6715
vn 0.7445 0.0758 0.6633
vn 0.7489 0.1018 0.6549
vn 0.7489 0.1018 0.6548
vn 0.7525 0.1286 0.6460
vn 0.7552 0.1562 0.6366
vn 0.7566 0.1862 0.6268
vn 0.7557 0.2212 0.6164
vn 0.7525 0.2591 0.6054
vn 0.7525 0.2591 0.6055
vn 0.7477 0.2967 0.5940
vn 0.7403 0.3364 0.5821
vn 0.7285 0.3808 0.5695
vn 0.7136 0.4258 0.5563
vn 0.6974 0.4680 0.5428
vn 0.6766 0.5123 0.5288
vn 0.6767 0.5123 0.5288
vn 0.6519 0.5572 0.5143
vn 0.6519 0.5572 0.5144
vn 0.6282 0.5964 0.4997
vn 0.6023 0.6342 0.4848
vn 0.5735 0.6712 0.4697
vn 0.5488 0.7016 0.4545
vn 0.5247 0.7291 0.4393
vn 0.4995 0.7554 0.4241
vn 0.4807 0.7757 0.4089
vn 0.4645 0.7932 0.3938
vn 0.4481 0.8099 0.3786
vn 0.4394 0.8214 0.3635
vn 0.4344 0.8306 0.3485
vn 0.4294 0.8393 0.3334
vn 0.4294 0.8394 0.3334
vn 0.4331 0.8432 0.3184
vn 0.4331 0.8433 0.3183
vn 0.4409 0.8447 0.3033
vn 0.4409 0.8448 0.3033
vn 0.4491 0.8457 0.2882
vn 0.4491 0.8457 0.2881
vn 0.4671 0.8410 0.2731
vn 0.4671 0.8410 0.2730
vn 0.4891 0.8332 0.2579
vn 0.5120 0.8240 0.2425
vn 0.5455 0.8067 0.2273
vn 0.5819 0.7852 0.2119
vn 0.6190 0.7605 0.1964
vn 0.6190 0.7605 0.1965
vn 0.6655 0.7241 0.1811
vn 0.7112 0.6832 0.1656
vn 0.7553 0.6380 0.1502
vn 0.8032 0.5802 0.1350
vn 0.8449 0.5213 0.1198
vn 0.8811 0.4611 0.1050
vn 0.9150 0.3932 0.0905
vn 0.9409 0.3300 0.0763
vn 0.9604 0.2717 0.0626
vn 0.9764 0.2102 0.0493
vn 0.9764 0.2102 0.0494
vn 0.9885 0.1470 0.0367
vn 0.9952 0.0943 0.0244
vn 0.9980 0.0625 0.0126
vn 0.9980 0.0625 0.0127
vn 0.9989 0.0476 0.0034
vn 0.9989 0.0476 0.0035
vn 0.9990 0.0438 -0.0000
vn -0.7112 0.0097 -0.7029
vn -0.7143 0.0077 -0.6998
vn -0.7207 0.0019 -0.6933
vn -0.7272 -0.0081 -0.6864
vn -0.7336 -0.0239 -0.6792
vn -0.7336 -0.0238 -0.6792
vn -0.7396 -0.0463 -0.6715
vn -0.7448 -0.0722 -0.6634
vn -0.7493 -0.0983 -0.6549
vn -0.7530 -0.1251 -0.6460
vn -0.7560 -0.1523 -0.6366
vn -0.7559 -0.1523 -0.6367
vn -0.7576 -0.1820 -0.6269
vn -0.7576 -0.1819 -0.6269
vn -0.7569 -0.2171 -0.6165
vn -0.7568 -0.2171 -0.6165
vn -0.7538 -0.2552 -0.6056
vn -0.7538 -0.2551 -0.6055
vn -0.7494 -0.2923 -0.5941
vn -0.7424 -0.3316 -0.5821
vn -0.7307 -0.3764 -0.5696
vn -0.7160 -0.4217 -0.5564
vn -0.7005 -0.4633 -0.5429
vn -0.6800 -0.5078 -0.5289
vn -0.6799 -0.5078 -0.5289
vn -0.6549 -0.5536 -0.5144
vn -0.6320 -0.5923 -0.4997
vn -0.6064 -0.6302 -0.4849
vn -0.5771 -0.6680 -0.4698
vn -0.5529 -0.6983 -0.4546
vn -0.5292 -0.7258 -0.4395
vn -0.5035 -0.7527 -0.4242
vn -0.4850 -0.7730 -0.4090
vn -0.4690 -0.7905 -0.3939
vn -0.4522 -0.8076 -0.3787
vn -0.4436 -0.8191 -0.3636
vn -0.4386 -0.8283 -0.3486
vn -0.4335 -0.8372 -0.3335
vn -0.4371 -0.8411 -0.3184
vn -0.4449 -0.8426 -0.3034
vn -0.4532 -0.8435 -0.2882
vn -0.4708 -0.8389 -0.2731
vn -0.4927 -0.8311 -0.2579
vn -0.5160 -0.8215 -0.2426
vn -0.5488 -0.8044 -0.2274
vn -0.5850 -0.7828 -0.2120
vn -0.6227 -0.7573 -0.1965
vn -0.6682 -0.7216 -0.1811
vn -0.6682 -0.7216 -0.1812
vn -0.7137 -0.6805 -0.1657
vn -0.7584 -0.6342 -0.1502
vn -0.7584 -0.6343 -0.1503
vn -0.8051 -0.5776 -0.1350
vn -0.8466 -0.5185 -0.1199
vn -0.8831 -0.4573 -0.1050
vn -0.9161 -0.3906 -0.0905
vn -0.9418 -0.3274 -0.0764
vn -0.9418 -0.3274 -0.0763
vn -0.9614 -0.2681 -0.0626
vn -0.9770 -0.2076 -0.0494
vn -0.9885 -0.1469 -0.0367
vn -0.9952 -0.0950 -0.0244
vn -0.9981 -0.0602 -0.0127
vn -0.9981 -0.0602 -0.0126
vn -0.9992 -0.0404 -0.0034
vn -0.9992 -0.0404 -0.0035
vn -0.9994 -0.0339 -0.0000
vt 0.000000 0.000000
vt 0.000000 0.397698
vt 0.250000 0.397698
vt 0.250000 0.000000
vt 0.500000 0.397698
vt 0.500000 0.000000
vt 0.750000 0.397698
vt 0.750000 0.000000
vt 1.000000 0.397698
vt 1.000000 0.000000
vt 0.000000 0.795214
vt 0.250000 0.795214
vt 0.500000 0.795214
vt 0.750000 0.795214
vt 1.000000 0.795214
vt 0.000000 1.192547
vt 0.250000 1.192547
vt 0.500000 1.192547
vt 0.750000 1.192547
vt 1.000000 1.192547
vt 0.000000 1.589704
vt 0.250000 1.589704
vt 0.500000 1.589704
vt 0.750000 1.589704
vt 1.000000 1.589704
vt 0.000000 1.986687
vt 0.250000 1.986687
vt 0.500000 1.986687
vt 0.750000 1.986687
vt 1.000000 1.986687
vt 0.000000 2.383509
vt 0.250000 2.383509
vt 0.500000 2.383509
vt 0.750000 2.383509
vt 1.000000 2.383509
vt 0.000000 2.780190
vt 0.250000 2.780190
vt 0.500000 2.780190
vt 0.750000 2.780190
vt 1.000000 2.780190
vt 0.000000 3.176754
vt 0.250000 3.176754
vt 0.500000 3.176754
vt 0.750000 3.176754
vt 1.000000 3.176754
vt 0.000000 3.573239
vt 0.250000 3.573239
vt 0.500000 3.573239
vt 0.750000 3.573239
vt 1.000000 3.573239
vt 0.000000 3.969687
vt 0.250000 3.969687
vt 0.500000 3.969687
vt 0.750000 3.969687
vt 1.000000 3.969687
vt 0.000000 4.366158
vt 0.250000 4.366158
vt 0.500000 4.366158
vt 0.750000 4.366158
vt 1.000000 4.366158
vt 0.000000 4.762728
vt 0.250000 4.762728
vt 0.500000 4.762728
vt 0.750000 4.762728
vt 1.000000 4.762728
vt 0.000000 5.159484
vt 0.250000 5.159484
vt 0.500000 5.159484
vt 0.750000 5.159484
vt 1.000000 5.159484
vt 0.000000 5.556526
vt 0.250000 5.556526
vt 0.500000 5.556526
vt 0.750000 5.556526
vt 1.000000 5.556526
vt 0.000000 5.953954
vt 0.250000 5.953954
vt 0.500000 5.953954
vt 0.750000 5.953954
vt 1.000000 5.953954
vt 0.000000 6.351890
vt 0.250000 6.351890
vt 0.500000 6.351890
vt 0.750000 6.351890
vt 1.000000 6.351890
vt 0.000000 6.750415
vt 0.250000 6.750415
vt 0.500000 6.750415
vt 0.750000 6.750415
vt 1.000000 6.750415
vt 0.000000 7.149619
vt 0.250000 7.149619
vt 0.500000 7.149619
vt 0.750000 7.149619
vt 1.000000 7.149619
vt 0.000000 7.549546
vt 0.250000 7.549546
vt 0.500000 7.549546
vt 0.750000 7.549546
vt 1.000000 7.549546
vt 0.000000 7.950212
vt 0.250000 7.950212
vt 0.500000 7.950212
vt 0.750000 7.950212
vt 1.000000 7.950212
vt 0.000000 8.351590
vt 0.250000 8.351590
vt 0.500000 8.351590
vt 0.750000 8.351590
vt 1.000000 8.351590
vt 0.000000 8.753610
vt 0.250000 8.753610
vt 0.500000 8.753610
vt 0.750000 8.753610
vt 1.000000 8.753610
vt 0.000000 9.156183
vt 0.250000 9.156183
vt 0.500000 9.156183
vt 0.750000 9.156183
vt 1.000000 9.156183
vt 0.000000 9.559192
vt 0.250000 9.559192
vt 0.500000 9.559192
vt 0.750000 9.559192
vt 1.000000 9.559192
vt 0.000000 9.962530
vt 0.250000 9.962530
vt 0.500000 9.962530
vt 0.750000 9.962530
vt 1.000000 9.962530
vt 0.000000 10.366078
vt 0.250000 10.366078
vt 0.500000 10.366078
vt 0.750000 10.366078
vt 1.000000 10.366078
vt 0.000000 10.769735
vt 0.250000 10.769735
vt 0.500000 10.769735
vt 0.750000 10.769735
vt 1.000000 10.769735
vt 0.000000 11.173409
vt 0.250000 11.173409
vt 0.500000 11.173409
vt 0.750000 11.173409
vt 1.000000 11.173409
vt 0.000000 11.577034
vt 0.250000 11.577034
vt 0.500000 11.577034
vt 0.750000 11.577034
vt 1.000000 11.577034
vt 0.000000 11.980543
vt 0.250000 11.980543
vt 0.500000 11.980543
vt 0.750000 11.980543
vt 1.000000 11.980543
vt 0.000000 12.383897
vt 0.250000 12.383897
vt 0.500000 12.383897
vt 0.750000 12.383897
vt 1.000000 12.383897
vt 0.000000 12.787062
vt 0.250000 12.787062
vt 0.500000 12.787062
vt 0.750000 12.787062
vt 1.000000 12.787062
vt 0.000000 13.190035
vt 0.250000 13.190035
vt 0.500000 13.190035
vt 0.750000 13.190035
vt 1.000000 13.190035
vt 0.000000 13.592816
vt 0.250000 13.592816
vt 0.500000 13.592816
vt 0.750000 13.592816
vt 1.000000 13.592816
vt 0.000000 13.995432
vt 0.250000 13.995432
vt 0.500000 13.995432
vt 0.750000 13.995432
vt 1.000000 13.995432
vt 0.000000 14.397921
vt 0.250000 14.397921
vt 0.500000 14.397921
vt 0.750000 14.397921
vt 1.000000 14.397921
vt 0.000000 14.800354
vt 0.250000 14.800354
vt 0.500000 14.800354
vt 0.750000 14.800354
vt 1.000000 14.800354
vt 0.000000 15.202836
vt 0.250000 15.202836
vt 0.500000 15.202836
vt 0.750000 15.202836
vt 1.000000 15.202836
vt 0.000000 15.605494
vt 0.250000 15.605494
vt 0.500000 15.605494
vt 0.750000 15.605494
vt 1.000000 15.605494
vt 0.000000 16.008495
vt 0.250000 16.008495
vt 0.500000 16.008495
vt 0.750000 16.008495
vt 1.000000 16.008495
vt 0.000000 16.412046
vt 0.250000 16.412046
vt 0.500000 16.412046
vt 0.750000 16.412046
vt 1.000000 16.412046
vt 0.000000 16.816366
vt 0.250000 16.816366
vt 0.500000 16.816366
vt 0.750000 16.816366
vt 1.000000 16.816366
vt 0.000000 17.221678
vt 0.250000 17.221678
vt 0.500000 17.221678
vt 0.750000 17.221678
vt 1.000000 17.221678
vt 0.000000 17.628168
vt 0.250000 17.628168
vt 0.500000 17.628168
vt 0.750000 17.628168
vt 1.000000 17.628168
vt 0.000000 18.035952
vt 0.250000 18.035952
vt 0.500000 18.035952
vt 0.750000 18.035952
vt 1.000000 18.035952
vt 0.000000 18.445049
vt 0.250000 18.445049
vt 0.500000 18.445049
vt 0.750000 18.445049
vt 1.000000 18.445049
vt 0.000000 18.855370
vt 0.250000 18.855370
vt 0.500000 18.855370
vt 0.750000 18.855370
vt 1.000000 18.855370
vt 0.000000 19.266743
vt 0.250000 19.266743
vt 0.500000 19.266743
vt 0.750000 19.266743
vt 1.000000 19.266743
vt 0.000000 19.678926
vt 0.250000 19.678926
vt 0.500000 19.678926
vt 0.750000 19.678926
vt 1.000000 19.678926
vt 0.000000 20.091681
vt 0.250000 20.091681
vt 0.500000 20.091681
vt 0.750000 20.091681
vt 1.000000 20.091681
vt 0.000000 20.504778
vt 0.250000 20.504778
vt 0.500000 20.504778
vt 0.750000 20.504778
vt 1.000000 20.504778
vt 0.000000 20.918013
vt 0.250000 20.918013
vt 0.500000 20.918013
vt 0.750000 20.918013
vt 1.000000 20.918013
vt 0.000000 21.331249
vt 0.250000 21.331249
vt 0.500000 21.331249
vt 0.750000 21.331249
vt 1.000000 21.331249
vt 0.000000 21.744358
vt 0.250000 21.744358
vt 0.500000 21.744358
vt 0.750000 21.744358
vt 1.000000 21.744358
vt 0.000000 22.000000
vt 0.250000 22.000000
vt 0.500000 22.000000
vt 0.750000 22.000000
vt 1.000000 22.000000
s 1
usemtl track_surface
f 3833/2817/2890 3838/2818/2891 3839/2819/2892 3834/2820/2893
f 3834/2820/2893 3839/2819/2892 3840/2821/2894 3835/2822/2895
f 3835/2822/2895 3840/2821/2894 3841/2823/2896 3836/2824/2897
f 3836/2824/2897 3841/2823/2896 3842/2825/2898 3837/2826/2899
f 3838/2818/2891 3843/2827/2900 3844/2828/2901 3839/2819/2892
f 3839/2819/2892 3844/2828/2901 3845/2829/2902 3840/2821/2894
f 3840/2821/2894 3845/2829/2902 3846/2830/2903 3841/2823/2896
f 3841/2823/2896 3846/2830/2903 3847/2831/2904 3842/2825/2898
f 3843/2827/2900 3848/2832/2905 3849/2833/2906 3844/2828/2901
f 3844/2828/2901 3849/2833/2906 3850/2834/2907 3845/2829/2902
f 3845/2829/2902 3850/2834/2907 3851/2835/2908 3846/2830/2903
f 3846/2830/2903 3851/2835/2908 3852/2836/2909 3847/2831/2904
f 3848/2832/2905 3853/2837/2910 3854/2838/2911 3849/2833/2906
f 3849/2833/2906 3854/2838/2911 3855/2839/2912 3850/2834/2907
f 3850/2834/2907 3855/2839/2912 3856/2840/2913 3851/2835/2908
f 3851/2835/2908 3856/2840/2913 3857/2841/2914 3852/2836/2909
f 3853/2837/2910 3858/2842/2915 3859/2843/2916 3854/2838/2911
f 3854/2838/2911 3859/2843/2916 3860/2844/2917 3855/2839/2912
f 3855/2839/2912 3860/2844/2917 3861/2845/2918 3856/2840/2913
f 3856/2840/2913 3861/2845/2918 3862/2846/2919 3857/2841/2914
f 3858/2842/2915 3863/2847/2920 3864/2848/2921 3859/2843/2916
f 3859/2843/2916 3864/2848/2921 3865/2849/2922 3860/2844/2917
f 3860/2844/2917 3865/2849/2922 3866/2850/2923 3861/2845/2918
f 3861/2845/2918 3866/2850/2923 3867/2851/2924 3862/2846/2919
f 3863/2847/2920 3868/2852/2925 3869/2853/2926 3864/2848/2921
f 3864/2848/2921 3869/2853/2926 3870/2854/2927 3865/2849/2922
f 3865/2849/2922 3870/2854/2927 3871/2855/2928 3866/2850/2923
f 3866/2850/2923 3871/2855/2928 3872/2856/2929 3867/2851/2924
f 3868/2852/2925 3873/2857/2930 3874/2858/2931 3869/2853/2926
f 3869/2853/2926 3874/2858/2931 3875/2859/2932 3870/2854/2927
f 3870/2854/2927 3875/2859/2932 3876/2860/2933 3871/2855/2928
f 3871/2855/2928 3876/2860/2933 3877/2861/2934 3872/2856/2929
f 3873/2857/2930 3878/2862/2935 3879/2863/2936 3874/2858/2931
f 3874/2858/2931 3879/2863/2936 3880/2864/2937 3875/2859/2932
f 3875/2859/2932 3880/2864/2937 3881/2865/2938 3876/2860/2933
f 3876/2860/2933 3881/2865/2938 3882/2866/2939 3877/2861/2934
f 3878/2862/2935 3883/2867/2940 3884/2868/2941 3879/2863/2936
f 3879/2863/2936 3884/2868/2941 3885/2869/2942 3880/2864/2937
f 3880/2864/2937 3885/2869/2942 3886/2870/2943 3881/2865/2938
f 3881/2865/2938 3886/2870/2943 3887/2871/2944 3882/2866/2939
f 3883/2867/2940 3888/2872/2945 3889/2873/2946 3884/2868/2941
f 3884/2868/2941 3889/2873/2946 3890/2874/2947 3885/2869/2942
f 3885/2869/2942 3890/2874/2947 3891/2875/2948 3886/2870/2943
f 3886/2870/2943 3891/2875/2948 3892/2876/2949 3887/2871/2944
f 3888/2872/2945 3893/2877/2950 3894/2878/2951 3889/2873/2946
f 3889/2873/2946 3894/2878/2951 3895/2879/2952 3890/2874/2947
f 3890/2874/2947 3895/2879/2952 3896/2880/2953 3891/2875/2948
f 3891/2875/2948 3896/2880/2953 3897/2881/2954 3892/2876/2949
f 3893/2877/2950 3898/2882/2955 3899/2883/2956 3894/2878/2951
f 3894/2878/2951 3899/2883/2956 3900/2884/2957 3895/2879/2952
f 3895/2879/2952 3900/2884/2957 3901/2885/2958 3896/2880/2953
f 3896/2880/2953 3901/2885/2958 3902/2886/2959 3897/2881/2954
f 3898/2882/2955 3903/2887/2960 3904/2888/2961 3899/2883/2956
f 3899/2883/2956 3904/2888/2961 3905/2889/2962 3900/2884/2957
f 3900/2884/2957 3905/2889/2962 3906/2890/2963 3901/2885/2958
f 3901/2885/2958 3906/2890/2963 3907/2891/2964 3902/2886/2959
f 3903/2887/2960 3908/2892/2965 3909/2893/2966 3904/2888/2961
f 3904/2888/2961 3909/2893/2966 3910/2894/2967 3905/2889/2962
f 3905/2889/2962 3910/2894/2967 3911/2895/2968 3906/2890/2963
f 3906/2890/2963 3911/2895/2968 3912/2896/2969 3907/2891/2964
f 3908/2892/2965 3913/2897/2970 3914/2898/2971 3909/2893/2966
f 3909/2893/2966 3914/2898/2971 3915/2899/2972 3910/2894/2967
f 3910/2894/2967 3915/2899/2972 3916/2900/2973 3911/2895/2968
f 3911/2895/2968 3916/2900/2973 3917/2901/2974 3912/2896/2969
f 3913/2897/2970 3918/2902/2975 3919/2903/2976 3914/2898/2971
f 3914/2898/2971 3919/2903/2976 3920/2904/2977 3915/2899/2972
f 3915/2899/2972 3920/2904/2977 3921/2905/2978 3916/2900/2973
f 3916/2900/2973 3921/2905/2978 3922/2906/2979 3917/2901/2974
f 3918/2902/2975 3923/2907/2980 3924/2908/2981 3919/2903/2976
f 3919/2903/2976 3924/2908/2981 3925/2909/2982 3920/2904/2977
f 3920/2904/2977 3925/2909/2982 3926/2910/2983 3921/2905/2978
f 3921/2905/2978 3926/2910/2983 3927/2911/2984 3922/2906/2979
f 3923/2907/2980 3928/2912/2985 3929/2913/2986 3924/2908/2981
f 3924/2908/2981 3929/2913/2986 3930/2914/2987 3925/2909/2982
f 3925/2909/2982 3930/2914/2987 3931/2915/2988 3926/2910/2983
f 3926/2910/2983 3931/2915/2988 3932/2916/2989 3927/2911/2984
f 3928/2912/2985 3933/2917/2990 3934/2918/2991 3929/2913/2986
f 3929/2913/2986 3934/2918/2991 3935/2919/2992 3930/2914/2987
f 3930/2914/2987 3935/2919/2992 3936/2920/2993 3931/2915/2988
f 3931/2915/2988 3936/2920/2993 3937/2921/2994 3932/2916/2989
f 3933/2917/2990 3938/2922/2995 3939/2923/2996 3934/2918/2991
f 3934/2918/2991 3939/2923/2996 3940/2924/2997 3935/2919/2992
f 3935/2919/2992 3940/2924/2997 3941/2925/2998 3936/2920/2993
f 3936/2920/2993 3941/2925/2998 3942/2926/2999 3937/2921/2994
f 3938/2922/2995 3943/2927/3000 3944/2928/3001 3939/2923/2996
f 3939/2923/2996 3944/2928/3001 3945/2929/3002 3940/2924/2997
f 3940/2924/2997 3945/2929/3002 3946/2930/3003 3941/2925/2998
f 3941/2925/2998 3946/2930/3003 3947/2931/3004 3942/2926/2999
f 3943/2927/3000 3948/2932/3005 3949/2933/3006 3944/2928/3001
f 3944/2928/3001 3949/2933/3006 3950/2934/3007 3945/2929/3002
f 3945/2929/3002 3950/2934/3007 3951/2935/3008 3946/2930/3003
f 3946/2930/3003 3951/2935/3008 3952/2936/3009 3947/2931/3004
f 3948/2932/3005 3953/2937/3010 3954/2938/3011 3949/2933/3006
f 3949/2933/3006 3954/2938/3011 3955/2939/3012 3950/2934/3007
f 3950/2934/3007 3955/2939/3012 3956/2940/3013 3951/2935/3008
f 3951/2935/3008 3956/2940/3013 3957/2941/3014 3952/2936/3009
f 3953/2937/3010 3958/2942/3015 3959/2943/3016 3954/2938/3011
f 3954/2938/3011 3959/2943/3016 3960/2944/3017 3955/2939/3012
f 3955/2939/3012 3960/2944/3017 3961/2945/3018 3956/2940/3013
f 3956/2940/3013 3961/2945/3018 3962/2946/3019 3957/2941/3014
f 3958/2942/3015 3963/2947/3020 3964/2948/3021 3959/2943/3016
f 3959/2943/3016 3964/2948/3021 3965/2949/3022 3960/2944/3017
f 3960/2944/3017 3965/2949/3022 3966/2950/3023 3961/2945/3018
f 3961/2945/3018 3966/2950/3023 3967/2951/3024 3962/2946/3019
f 3963/2947/3020 3968/2952/3025 3969/2953/3026 3964/2948/3021
f 3964/2948/3021 3969/2953/3026 3970/2954/3027 3965/2949/3022
f 3965/2949/3022 3970/2954/3027 3971/2955/3028 3966/2950/3023
f 3966/2950/3023 3971/2955/3028 3972/2956/3029 3967/2951/3024
f 3968/2952/3025 3973/2957/3030 3974/2958/3031 3969/2953/3026
f 3969/2953/3026 3974/2958/3031 3975/2959/3032 3970/2954/3027
f 3970/2954/3027 3975/2959/3032 3976/2960/3033 3971/2955/3028
f 3971/2955/3028 3976/2960/3033 3977/2961/3034 3972/2956/3029
f 3973/2957/3030 3978/2962/3035 3979/2963/3036 3974/2958/3031
f 3974/2958/3031 3979/2963/3036 3980/2964/3037 3975/2959/3032
f 3975/2959/3032 3980/2964/3037 3981/2965/3038 3976/2960/3033
f 3976/2960/3033 3981/2965/3038 3982/2966/3039 3977/2961/3034
f 3978/2962/3035 3983/2967/3040 3984/2968/3041 3979/2963/3036
f 3979/2963/3036 3984/2968/3041 3985/2969/3042 3980/2964/3037
f 3980/2964/3037 3985/2969/3042 3986/2970/3043 3981/2965/3038
f 3981/2965/3038 3986/2970/3043 3987/2971/3044 3982/2966/3039
f 3983/2967/3040 3988/2972/3045 3989/2973/3046 3984/2968/3041
f 3984/2968/3041 3989/2973/3046 3990/2974/3047 3985/2969/3042
f 3985/2969/3042 3990/2974/3047 3991/2975/3048 3986/2970/3043
f 3986/2970/3043 3991/2975/3048 3992/2976/3049 3987/2971/3044
f 3988/2972/3045 3993/2977/3050 3994/2978/3051 3989/2973/3046
f 3989/2973/3046 3994/2978/3051 3995/2979/3052 3990/2974/3047
f 3990/2974/3047 3995/2979/3052 3996/2980/3053 3991/2975/3048
f 3991/2975/3048 3996/2980/3053 3997/2981/3054 3992/2976/3049
f 3993/2977/3050 3998/2982/3055 3999/2983/3056 3994/2978/3051
f 3994/2978/3051 3999/2983/3056 4000/2984/3057 3995/2979/3052
f 3995/2979/3052 4000/2984/3057 4001/2985/3058 3996/2980/3053
f 3996/2980/3053 4001/2985/3058 4002/2986/3059 3997/2981/3054
f 3998/2982/3055 4003/2987/3060 4004/2988/3061 3999/2983/3056
f 3999/2983/3056 4004/2988/3061 4005/2989/3062 4000/2984/3057
f 4000/2984/3057 4005/2989/3062 4006/2990/3063 4001/2985/3058
f 4001/2985/3058 4006/2990/3063 4007/2991/3064 4002/2986/3059
f 4003/2987/3060 4008/2992/3065 4009/2993/3066 4004/2988/3061
f 4004/2988/3061 4009/2993/3066 4010/2994/3067 4005/2989/3062
f 4005/2989/3062 4010/2994/3067 4011/2995/3068 4006/2990/3063
f 4006/2990/3063 4011/2995/3068 4012/2996/3069 4007/2991/3064
f 4008/2992/3065 4013/2997/3070 4014/2998/3071 4009/2993/3066
f 4009/2993/3066 4014/2998/3071 4015/2999/3072 4010/2994/3067
f 4010/2994/3067 4015/2999/3072 4016/3000/3073 4011/2995/3068
f 4011/2995/3068 4016/3000/3073 4017/3001/3074 4012/2996/3069
f 4013/2997/3070 4018/3002/3075 4019/3003/3076 4014/2998/3071
f 4014/2998/3071 4019/3003/3076 4020/3004/3077 4015/2999/3072
f 4015/2999/3072 4020/3004/3077 4021/3005/3078 4016/3000/3073
f 4016/3000/3073 4021/3005/3078 4022/3006/3079 4017/3001/3074
f 4018/3002/3075 4023/3007/3080 4024/3008/3081 4019/3003/3076
f 4019/3003/3076 4024/3008/3081 4025/3009/3082 4020/3004/3077
f 4020/3004/3077 4025/3009/3082 4026/3010/3083 4021/3005/3078
f 4021/3005/3078 4026/3010/3083 4027/3011/3084 4022/3006/3079
f 4023/3007/3080 4028/3012/3085 4029/3013/3086 4024/3008/3081
f 4024/3008/3081 4029/3013/3086 4030/3014/3087 4025/3009/3082
f 4025/3009/3082 4030/3014/3087 4031/3015/3088 4026/3010/3083
f 4026/3010/3083 4031/3015/3088 4032/3016/3089 4027/3011/3084
f 4028/3012/3085 4033/3017/3090 4034/3018/3091 4029/3013/3086
f 4029/3013/3086 4034/3018/3091 4035/3019/3092 4030/3014/3087
f 4030/3014/3087 4035/3019/3092 4036/3020/3093 4031/3015/3088
f 4031/3015/3088 4036/3020/3093 4037/3021/3094 4032/3016/3089
f 4033/3017/3090 4038/3022/3095 4039/3023/3096 4034/3018/3091
f 4034/3018/3091 4039/3023/3096 4040/3024/3097 4035/3019/3092
f 4035/3019/3092 4040/3024/3097 4041/3025/3098 4036/3020/3093
f 4036/3020/3093 4041/3025/3098 4042/3026/3099 4037/3021/3094
f 4038/3022/3095 4043/3027/3100 4044/3028/3101 4039/3023/3096
f 4039/3023/3096 4044/3028/3101 4045/3029/3102 4040/3024/3097
f 4040/3024/3097 4045/3029/3102 4046/3030/3103 4041/3025/3098
f 4041/3025/3098 4046/3030/3103 4047/3031/3104 4042/3026/3099
f 4043/3027/3100 4048/3032/3105 4049/3033/3106 4044/3028/3101
f 4044/3028/3101 4049/3033/3106 4050/3034/3107 4045/3029/3102
f 4045/3029/3102 4050/3034/3107 4051/3035/3108 4046/3030/3103
f 4046/3030/3103 4051/3035/3108 4052/3036/3109 4047/3031/3104
f 4048/3032/3105 4053/3037/3110 4054/3038/3111 4049/3033/3106
f 4049/3033/3106 4054/3038/3111 4055/3039/3112 4050/3034/3107
f 4050/3034/3107 4055/3039/3112 4056/3040/3113 4051/3035/3108
f 4051/3035/3108 4056/3040/3113 4057/3041/3114 4052/3036/3109
f 4053/3037/3110 4058/3042/3115 4059/3043/3116 4054/3038/3111
f 4054/3038/3111 4059/3043/3116 4060/3044/3117 4055/3039/3112
f 4055/3039/3112 4060/3044/3117 4061/3045/3118 4056/3040/3113
f 4056/3040/3113 4061/3045/3118 4062/3046/3119 4057/3041/3114
f 4058/3042/3115 4063/3047/3120 4064/3048/3121 4059/3043/3116
f 4059/3043/3116 4064/3048/3121 4065/3049/3122 4060/3044/3117
f 4060/3044/3117 4065/3049/3122 4066/3050/3123 4061/3045/3118
f 4061/3045/3118 4066/3050/3123 4067/3051/3124 4062/3046/3119
f 4063/3047/3120 4068/3052/3125 4069/3053/3126 4064/3048/3121
f 4064/3048/3121 4069/3053/3126 4070/3054/3127 4065/3049/3122
f 4065/3049/3122 4070/3054/3127 4071/3055/3128 4066/3050/3123
f 4066/3050/3123 4071/3055/3128 4072/3056/3129 4067/3051/3124
f 4068/3052/3125 4073/3057/3130 4074/3058/3131 4069/3053/3126
f 4069/3053/3126 4074/3058/3131 4075/3059/3132 4070/3054/3127
f 4070/3054/3127 4075/3059/3132 4076/3060/3133 4071/3055/3128
f 4071/3055/3128 4076/3060/3133 4077/3061/3134 4072/3056/3129
f 4073/3057/3130 4078/3062/3135 4079/3063/3136 4074/3058/3131
f 4074/3058/3131 4079/3063/3136 4080/3064/3137 4075/3059/3132
f 4075/3059/3132 4080/3064/3137 4081/3065/3138 4076/3060/3133
f 4076/3060/3133 4081/3065/3138 4082/3066/3139 4077/3061/3134
f 4078/3062/3135 4083/3067/3140 4084/3068/3141 4079/3063/3136
f 4079/3063/3136 4084/3068/3141 4085/3069/3142 4080/3064/3137
f 4080/3064/3137 4085/3069/3142 4086/3070/3143 4081/3065/3138
f 4081/3065/3138 4086/3070/3143 4087/3071/3144 4082/3066/3139
f 4083/3067/3140 4088/3072/3145 4089/3073/3146 4084/3068/3141
f 4084/3068/3141 4089/3073/3146 4090/3074/3147 4085/3069/3142
f 4085/3069/3142 4090/3074/3147 4091/3075/3148 4086/3070/3143
f 4086/3070/3143 4091/3075/3148 4092/3076/3149 4087/3071/3144
f 4088/3072/3145 4093/3077/3150 4094/3078/3151 4089/3073/3146
f 4089/3073/3146 4094/3078/3151 4095/3079/3152 4090/3074/3147
f 4090/3074/3147 4095/3079/3152 4096/3080/3153 4091/3075/3148
f 4091/3075/3148 4096/3080/3153 4097/3081/3154 4092/3076/3149
f 4093/3077/3150 4098/3082/3155 4099/3083/3156 4094/3078/3151
f 4094/3078/3151 4099/3083/3156 4100/3084/3157 4095/3079/3152
f 4095/3079/3152 4100/3084/3157 4101/3085/3158 4096/3080/3153
f 4096/3080/3153 4101/3085/3158 4102/3086/3159 4097/3081/3154
f 4098/3082/3155 4103/3087/3160 4104/3088/3161 4099/3083/3156
f 4099/3083/3156 4104/3088/3161 4105/3089/3162 4100/3084/3157
f 4100/3084/3157 4105/3089/3162 4106/3090/3163 4101/3085/3158
f 4101/3085/3158 4106/3090/3163 4107/3091/3164 4102/3086/3159
f 4103/3087/3160 4108/3092/3165 4109/3093/3166 4104/3088/3161
f 4104/3088/3161 4109/3093/3166 4110/3094/3167 4105/3089/3162
f 4105/3089/3162 4110/3094/3167 4111/3095/3168 4106/3090/3163
f 4106/3090/3163 4111/3095/3168 4112/3096/3169 4107/3091/3164
usemtl track_rail
f 3837/2817/3170 3842/2818/3171 4114/2825/3171 4113/2826/3172
f 3842/2818/3171 3847/2827/3173 4115/2831/3173 4114/2825/3171
f 3847/2827/3173 3852/2832/3174 4116/2836/3175 4115/2831/3173
f 3852/2832/3174 3857/2837/3176 4117/2841/3176 4116/2836/3175
f 3857/2837/3176 3862/2842/3177 4118/2846/3177 4117/2841/3176
f 3862/2842/3177 3867/2847/3178 4119/2851/3178 4118/2846/3177
f 3867/2847/3178 3872/2852/3179 4120/2856/3180 4119/2851/3178
f 3872/2852/3179 3877/2857/3181 4121/2861/3181 4120/2856/3180
f 3877/2857/3181 3882/2862/3182 4122/2866/3182 4121/2861/3181
f 3882/2862/3182 3887/2867/3183 4123/2871/3183 4122/2866/3182
f 3887/2867/3183 3892/2872/3184 4124/2876/3184 4123/2871/3183
f 3892/2872/3184 3897/2877/3185 4125/2881/3186 4124/2876/3184
f 3897/2877/3185 3902/2882/3187 4126/2886/3187 4125/2881/3186
f 3902/2882/3187 3907/2887/3188 4127/2891/3188 4126/2886/3187
f 3907/2887/3188 3912/2892/3189 4128/2896/3189 4127/2891/3188
f 3912/2892/3189 3917/2897/3190 4129/2901/3190 4128/2896/3189
f 3917/2897/3190 3922/2902/3191 4130/2906/3191 4129/2901/3190
f 3922/2902/3191 3927/2907/3192 4131/2911/3193 4130/2906/3191
f 3927/2907/3192 3932/2912/3194 4132/2916/3195 4131/2911/3193
f 3932/2912/3194 3937/2917/3196 4133/2921/3196 4132/2916/3195
f 3937/2917/3196 3942/2922/3197 4134/2926/3197 4133/2921/3196
f 3942/2922/3197 3947/2927/3198 4135/2931/3198 4134/2926/3197
f 3947/2927/3198 3952/2932/3199 4136/2936/3199 4135/2931/3198
f 3952/2932/3199 3957/2937/3200 4137/2941/3200 4136/2936/3199
f 3957/2937/3200 3962/2942/3201 4138/2946/3201 4137/2941/3200
f 3962/2942/3201 3967/2947/3202 4139/2951/3202 4138/2946/3201
f 3967/2947/3202 3972/2952/3203 4140/2956/3203 4139/2951/3202
f 3972/2952/3203 3977/2957/3204 4141/2961/3204 4140/2956/3203
f 3977/2957/3204 3982/2962/3205 4142/2966/3205 4141/2961/3204
f 3982/2962/3205 3987/2967/3206 4143/2971/3206 4142/2966/3205
f 3987/2967/3206 3992/2972/3207 4144/2976/3208 4143/2971/3206
f 3992/2972/3207 3997/2977/3209 4145/2981/3210 4144/2976/3208
f 3997/2977/3209 4002/2982/3211 4146/2986/3212 4145/2981/3210
f 4002/2982/3211 4007/2987/3213 4147/2991/3214 4146/2986/3212
f 4007/2987/3213 4012/2992/3215 4148/2996/3216 4147/2991/3214
f 4012/2992/3215 4017/2997/3217 4149/3001/3217 4148/2996/3216
f 4017/2997/3217 4022/3002/3218 4150/3006/3218 4149/3001/3217
f 4022/3002/3218 4027/3007/3219 4151/3011/3219 4150/3006/3218
f 4027/3007/3219 4032/3012/3220 4152/3016/3220 4151/3011/3219
f 4032/3012/3220 4037/3017/3221 4153/3021/3222 4152/3016/3220
f 4037/3017/3221 4042/3022/3223 4154/3026/3223 4153/3021/3222
f 4042/3022/3223 4047/3027/3224 4155/3031/3224 4154/3026/3223
f 4047/3027/3224 4052/3032/3225 4156/3036/3225 4155/3031/3224
f 4052/3032/3225 4057/3037/3226 4157/3041/3226 4156/3036/3225
f 4057/3037/3226 4062/3042/3227 4158/3046/3227 4157/3041/3226
f 4062/3042/3227 4067/3047/3228 4159/3051/3228 4158/3046/3227
f 4067/3047/3228 4072/3052/3229 4160/3056/3229 4159/3051/3228
f 4072/3052/3229 4077/3057/3230 4161/3061/3230 4160/3056/3229
f 4077/3057/3230 4082/3062/3231 4162/3066/3231 4161/3061/3230
f 4082/3062/3231 4087/3067/3232 4163/3071/3233 4162/3066/3231
f 4087/3067/3232 4092/3072/3234 4164/3076/3234 4163/3071/3233
f 4092/3072/3234 4097/3077/3235 4165/3081/3235 4164/3076/3234
f 4097/3077/3235 4102/3082/3236 4166/3086/3237 4165/3081/3235
f 4102/3082/3236 4107/3087/3238 4167/3091/3239 4166/3086/3237
f 4107/3087/3238 4112/3092/3240 4168/3096/3240 4167/3091/3239
f 4169/2817/3241 4170/2818/3242 3838/2825/3242 3833/2826/3241
f 4170/2818/3242 4171/2827/3243 3843/2831/3243 3838/2825/3242
f 4171/2827/3243 4172/2832/3244 3848/2836/3244 3843/2831/3243
f 4172/2832/3244 4173/2837/3245 3853/2841/3246 3848/2836/3244
f 4173/2837/3245 4174/2842/3247 3858/2846/3247 3853/2841/3246
f 4174/2842/3247 4175/2847/3248 3863/2851/3248 3858/2846/3247
f 4175/2847/3248 4176/2852/3249 3868/2856/3249 3863/2851/3248
f 4176/2852/3249 4177/2857/3250 3873/2861/3250 3868/2856/3249
f 4177/2857/3250 4178/2862/3251 3878/2866/3252 3873/2861/3250
f 4178/2862/3251 4179/2867/3253 3883/2871/3254 3878/2866/3252
f 4179/2867/3253 4180/2872/3255 3888/2876/3256 3883/2871/3254
f 4180/2872/3255 4181/2877/3257 3893/2881/3258 3888/2876/3256
f 4181/2877/3257 4182/2882/3259 3898/2886/3259 3893/2881/3258
f 4182/2882/3259 4183/2887/3260 3903/2891/3260 3898/2886/3259
f 4183/2887/3260 4184/2892/3261 3908/2896/3261 3903/2891/3260
f 4184/2892/3261 4185/2897/3262 3913/2901/3262 3908/2896/3261
f 4185/2897/3262 4186/2902/3263 3918/2906/3263 3913/2901/3262
f 4186/2902/3263 4187/2907/3264 3923/2911/3265 3918/2906/3263
f 4187/2907/3264 4188/2912/3266 3928/2916/3266 3923/2911/3265
f 4188/2912/3266 4189/2917/3267 3933/2921/3267 3928/2916/3266
f 4189/2917/3267 4190/2922/3268 3938/2926/3268 3933/2921/3267
f 4190/2922/3268 4191/2927/3269 3943/2931/3269 3938/2926/3268
f 4191/2927/3269 4192/2932/3270 3948/2936/3270 3943/2931/3269
f 4192/2932/3270 4193/2937/3271 3953/2941/3271 3948/2936/3270
f 4193/2937/3271 4194/2942/3272 3958/2946/3272 3953/2941/3271
f 4194/2942/3272 4195/2947/3273 3963/2951/3273 3958/2946/3272
f 4195/2947/3273 4196/2952/3274 3968/2956/3274 3963/2951/3273
f 4196/2952/3274 4197/2957/3275 3973/2961/3275 3968/2956/3274
f 4197/2957/3275 4198/2962/3276 3978/2966/3276 3973/2961/3275
f 4198/2962/3276 4199/2967/3277 3983/2971/3277 3978/2966/3276
f 4199/2967/3277 4200/2972/3278 3988/2976/3278 3983/2971/3277
f 4200/2972/3278 4201/2977/3279 3993/2981/3279 3988/2976/3278
f 4201/2977/3279 4202/2982/3280 3998/2986/3280 3993/2981/3279
f 4202/2982/3280 4203/2987/3281 4003/2991/3281 3998/2986/3280
f 4203/2987/3281 4204/2992/3282 4008/2996/3282 4003/2991/3281
f 4204/2992/3282 4205/2997/3283 4013/3001/3283 4008/2996/3282
f 4205/2997/3283 4206/3002/3284 4018/3006/3284 4013/3001/3283
f 4206/3002/3284 4207/3007/3285 4023/3011/3285 4018/3006/3284
f 4207/3007/3285 4208/3012/3286 4028/3016/3286 4023/3011/3285
f 4208/3012/3286 4209/3017/3287 4033/3021/3287 4028/3016/3286
f 4209/3017/3287 4210/3022/3288 4038/3026/3289 4033/3021/3287
f 4210/3022/3288 4211/3027/3290 4043/3031/3290 4038/3026/3289
f 4211/3027/3290 4212/3032/3291 4048/3036/3292 4043/3031/3290
f 4212/3032/3291 4213/3037/3293 4053/3041/3293 4048/3036/3292
f 4213/3037/3293 4214/3042/3294 4058/3046/3294 4053/3041/3293
f 4214/3042/3294 4215/3047/3295 4063/3051/3295 4058/3046/3294
f 4215/3047/3295 4216/3052/3296 4068/3056/3296 4063/3051/3295
f 4216/3052/3296 4217/3057/3297 4073/3061/3298 4068/3056/3296
f 4217/3057/3297 4218/3062/3299 4078/3066/3299 4073/3061/3298
f 4218/3062/3299 4219/3067/3300 4083/3071/3300 4078/3066/3299
f 4219/3067/3300 4220/3072/3301 4088/3076/3301 4083/3071/3300
f 4220/3072/3301 4221/3077/3302 4093/3081/3302 4088/3076/3301
f 4221/3077/3302 4222/3082/3303 4098/3086/3304 4093/3081/3302
f 4222/3082/3303 4223/3087/3305 4103/3091/3306 4098/3086/3304
f 4223/3087/3305 4224/3092/3307 4108/3096/3307 4103/3091/3306
o MXTRoadSegment.027_PreviewMesh
v -1042.924561 -1644.083740 295.087952
v -1072.924561 -1644.083740 295.087952
v -1102.924561 -1644.083740 295.087952
v -1132.924561 -1644.083740 295.087952
v -1162.924561 -1644.083740 295.087952
v -1043.113892 -1664.468506 295.390015
v -1073.111450 -1664.095459 295.340393
v -1103.109131 -1663.722534 295.290741
v -1133.106812 -1663.349609 295.241089
v -1163.104370 -1662.976562 295.191467
v -1043.458252 -1685.073120 295.940094
v -1073.448364 -1684.316162 295.799133
v -1103.438477 -1683.559204 295.658173
v -1133.428589 -1682.802246 295.517212
v -1163.418701 -1682.045288 295.376251
v -1044.095337 -1705.645752 296.969727
v -1074.071777 -1704.495361 296.663544
v -1104.048096 -1703.344971 296.357361
v -1134.024414 -1702.194580 296.051178
v -1164.000854 -1701.044189 295.744995
v -1045.045288 -1726.162231 298.504761
v -1075.000000 -1724.609131 297.953156
v -1104.954712 -1723.056030 297.401550
v -1134.909424 -1721.502930 296.849945
v -1164.864136 -1719.949829 296.298340
v -1046.294067 -1746.651123 300.533813
v -1076.217529 -1744.694946 299.664429
v -1106.141113 -1742.738647 298.795074
v -1136.064697 -1740.782349 297.925720
v -1165.988159 -1738.826172 297.056335
v -1047.856201 -1767.087769 303.084503
v -1077.737183 -1764.733521 301.823608
v -1107.618042 -1762.379272 300.562744
v -1137.498901 -1760.025024 299.301880
v -1167.379883 -1757.670776 298.040985
v -1049.752441 -1787.433960 306.186676
v -1079.576904 -1784.692261 304.457611
v -1109.401245 -1781.950562 302.728577
v -1139.225586 -1779.208862 300.999542
v -1169.050049 -1776.467163 299.270477
v -1051.981812 -1807.673950 309.853729
v -1081.734375 -1804.567993 307.586731
v -1111.486938 -1801.461914 305.319733
v -1141.239502 -1798.355835 303.052734
v -1170.992065 -1795.249878 300.785736
v -1054.571045 -1827.751099 314.119049
v -1084.233276 -1824.308105 311.239319
v -1113.895630 -1820.865112 308.359558
v -1143.557983 -1817.422119 305.479797
v -1173.220215 -1813.979126 302.600067
v -1057.510010 -1847.647461 318.984894
v -1087.063354 -1843.910889 315.429749
v -1116.616699 -1840.174316 311.874573
v -1146.170044 -1836.437744 308.319397
v -1175.723389 -1832.701172 304.764252
v -1060.820312 -1867.298706 324.476898
v -1090.243164 -1863.317993 320.181488
v -1119.666016 -1859.337280 315.886108
v -1149.088867 -1855.356567 311.590729
v -1178.511719 -1851.375854 307.295319
v -1064.485596 -1886.682007 330.586517
v -1093.757324 -1882.521606 325.501648
v -1123.029053 -1878.361206 320.416748
v -1152.300781 -1874.200806 315.331848
v -1181.572510 -1870.040405 310.246979
v -1068.515503 -1905.733765 337.324524
v -1097.614136 -1901.465942 331.403839
v -1126.712769 -1897.197998 325.483185
v -1155.811401 -1892.930054 319.562531
v -1184.910034 -1888.662231 313.641846
v -1072.886597 -1924.432617 344.670135
v -1101.792358 -1920.140259 337.885529
v -1130.698120 -1915.847900 331.100891
v -1159.603882 -1911.555542 324.316254
v -1188.509644 -1907.263184 317.531647
v -1077.595093 -1942.721313 352.616272
v -1106.288574 -1938.494263 344.947357
v -1134.982178 -1934.267212 337.278412
v -1163.675781 -1930.040161 329.609467
v -1192.369263 -1925.813110 321.940552
v -1082.608521 -1960.592285 361.129730
v -1111.073975 -1956.524170 352.575775
v -1139.539429 -1952.456055 344.021851
v -1168.004883 -1948.387939 335.467926
v -1196.470337 -1944.319824 326.913971
v -1087.912598 -1977.999878 370.187897
v -1116.135742 -1974.187256 360.758514
v -1144.359009 -1970.374512 351.329132
v -1172.582275 -1966.561768 341.899750
v -1200.805420 -1962.749146 332.470367
v -1093.465698 -1994.959839 379.747864
v -1121.436890 -1991.494141 369.471680
v -1149.408081 -1988.028320 359.195526
v -1177.379272 -1984.562500 348.919373
v -1205.350464 -1981.096802 338.643188
v -1099.247192 -2011.441895 389.778137
v -1126.959106 -2008.412354 378.693207
v -1154.670898 -2005.382812 367.608276
v -1182.382690 -2002.353271 356.523346
v -1210.094604 -1999.323730 345.438416
v -1105.208984 -2027.488647 400.232117
v -1132.658569 -2024.970947 388.392242
v -1160.108154 -2022.453247 376.552368
v -1187.557739 -2019.935547 364.712494
v -1215.007324 -2017.417847 352.872620
v -1111.328613 -2043.083496 411.075653
v -1138.515381 -2041.147095 398.540558
v -1165.702148 -2039.210693 386.005463
v -1192.888916 -2037.274292 373.470367
v -1220.075684 -2035.337891 360.935272
v -1117.555542 -2058.293213 422.265533
v -1144.483276 -2056.987549 409.105316
v -1171.411011 -2055.681885 395.945099
v -1198.338745 -2054.376221 382.784882
v -1225.266479 -2053.070557 369.624664
v -1123.869019 -2073.110840 433.770752
v -1150.543457 -2072.477783 420.056915
v -1177.218018 -2071.844482 406.343109
v -1203.892578 -2071.211182 392.629303
v -1230.567017 -2070.578125 378.915466
v -1130.219604 -2087.616943 445.555328
v -1156.650757 -2087.675537 431.363953
v -1183.081787 -2087.734131 417.172607
v -1209.512817 -2087.792725 402.981262
v -1235.943970 -2087.851318 388.789886
v -1136.589600 -2101.809082 457.592987
v -1162.788696 -2102.571777 442.997711
v -1188.987915 -2103.334473 428.402466
v -1215.187134 -2104.097168 413.807220
v -1241.386230 -2104.859863 399.211945
v -1142.933105 -2115.770752 469.855743
v -1168.915771 -2117.228760 454.930206
v -1194.898560 -2118.686523 440.004639
v -1220.881348 -2120.144287 425.079071
v -1246.864014 -2121.602295 410.153534
v -1149.236084 -2129.502686 482.322693
v -1175.019409 -2131.641602 467.135559
v -1200.802612 -2133.780518 451.948425
v -1226.585815 -2135.919434 436.761292
v -1252.369141 -2138.058350 421.574158
v -1155.459229 -2143.080322 494.972534
v -1181.063843 -2145.869385 479.589905
v -1206.668457 -2148.658203 464.207245
v -1232.273071 -2151.447021 448.824585
v -1257.877686 -2154.236084 433.441956
v -1161.589600 -2156.508789 507.787872
v -1187.037720 -2159.912598 492.270050
v -1212.485962 -2163.316406 476.752197
v -1237.934204 -2166.720215 461.234344
v -1263.382324 -2170.124023 445.716522
v -1167.597412 -2169.843750 520.751099
v -1192.914795 -2173.816406 505.154785
v -1218.232300 -2177.789062 489.558472
v -1243.549805 -2181.761719 473.962158
v -1268.867188 -2185.734375 458.365875
v -1173.468018 -2183.105469 533.848206
v -1198.682007 -2187.596191 518.225098
v -1223.896118 -2192.087158 502.601929
v -1249.110229 -2196.578125 486.978790
v -1274.324219 -2201.068848 471.355621
v -1179.185669 -2196.317383 547.063416
v -1204.325562 -2201.272217 531.461182
v -1229.465576 -2206.227295 515.858948
v -1254.605591 -2211.182373 500.256714
v -1279.745483 -2216.137207 484.654449
v -1184.715820 -2209.556152 560.417358
v -1209.817871 -2214.907471 544.885254
v -1234.920044 -2220.259033 529.353149
v -1260.022217 -2225.610596 513.821045
v -1285.124268 -2230.961914 498.288971
v -1190.077881 -2222.765381 573.850037
v -1215.172119 -2228.457764 558.426880
v -1240.266357 -2234.150146 543.003662
v -1265.360596 -2239.842529 527.580444
v -1290.454834 -2245.534912 512.157288
v -1192.723633 -2229.364746 580.570557
v -1217.819214 -2235.216553 565.209106
v -1242.914673 -2241.068359 549.847717
v -1268.010132 -2246.920166 534.486328
v -1293.105713 -2252.771973 519.124878
v -1162.924561 -1644.083740 288.337952
v -1163.094360 -1663.070679 288.442139
v -1163.391846 -1682.238892 288.629089
v -1163.943604 -1701.346558 289.002014
v -1164.761841 -1720.370728 289.562256
v -1165.828735 -1739.376221 290.330688
v -1167.151123 -1758.361450 291.330322
v -1168.739746 -1777.310547 292.580597
v -1170.589722 -1796.258667 294.123718
v -1172.714844 -1815.166504 295.974548
v -1175.106201 -1834.079346 298.185303
v -1177.773682 -1852.957031 300.774780
v -1180.707275 -1871.834839 303.797668
v -1183.911133 -1890.679443 307.278259
v -1187.373047 -1909.508789 311.268433
v -1191.091309 -1928.291260 315.793304
v -1195.049561 -1947.029907 320.897369
v -1199.240845 -1965.688354 326.598785
v -1203.642822 -1984.257690 332.928772
v -1208.244629 -2002.696655 339.891907
v -1213.018066 -2020.989136 347.501312
v -1217.949829 -2039.092651 355.744446
v -1223.008545 -2056.991211 364.615509
v -1228.181274 -2074.647217 374.087067
v -1233.436646 -2092.050293 384.137451
v -1238.763306 -2109.170898 394.728882
v -1244.133301 -2126.008301 405.830139
v -1249.537964 -2142.543945 417.399475
v -1254.955444 -2158.786865 429.402985
v -1260.378052 -2174.727539 441.799438
v -1265.791138 -2190.380127 454.555908
v -1271.187012 -2205.748291 467.637604
v -1276.558105 -2220.843018 481.013123
v -1281.900513 -2235.688721 494.707367
v -1287.205566 -2250.278320 508.621124
v -1289.845703 -2257.523193 515.609070
v -1042.924561 -1644.083740 288.337952
v -1043.103882 -1664.562500 288.640686
v -1043.431396 -1685.266602 289.192932
v -1044.038086 -1705.948120 290.226746
v -1044.943115 -1726.583252 291.768677
v -1046.134644 -1747.201172 293.808136
v -1047.627563 -1767.778442 296.373840
v -1049.442139 -1788.277466 299.496765
v -1051.579590 -1808.682861 303.191681
v -1054.065552 -1828.938477 307.493561
v -1056.892822 -1849.025513 312.405975
v -1060.082397 -1868.880005 317.956360
v -1063.620239 -1888.476562 324.137238
v -1067.516602 -1907.750977 330.960907
v -1071.750000 -1926.678223 338.406921
v -1076.317139 -1945.199463 346.469055
v -1081.187866 -1963.302368 355.113129
v -1086.347900 -1980.939209 364.316345
v -1091.757935 -1998.120850 374.033417
v -1097.397339 -2014.814819 384.231659
v -1103.219727 -2031.059937 394.860779
v -1109.202637 -2046.838257 405.884796
v -1115.297485 -2062.213867 417.256348
v -1121.483154 -2077.179932 428.942322
v -1127.712280 -2091.815918 440.902893
v -1133.966553 -2106.120117 453.109894
v -1140.202393 -2120.177002 465.532379
v -1146.405029 -2133.988037 478.148010
v -1152.536987 -2147.631104 490.933563
v -1158.585205 -2161.112305 503.870789
v -1164.521362 -2174.489746 516.941101
v -1170.330811 -2187.784668 530.130188
v -1175.998291 -2201.022949 543.422119
v -1181.492065 -2214.282715 556.835754
v -1186.828491 -2227.508789 570.313904
v -1189.463745 -2234.115967 577.054688
vn -0.0000 0.0034 -1.0000
vn 0.0017 -0.0192 -0.9998
vn 0.0015 -0.0162 -0.9999
vn -0.0000 0.0029 -1.0000
vn 0.0015 -0.0132 -0.9999
vn -0.0000 0.0025 -1.0000
vn 0.0016 -0.0102 -0.9999
vn -0.0000 0.0020 -1.0000
vn 0.0016 -0.0068 -1.0000
vn -0.0000 0.0016 -1.0000
vn 0.0038 -0.0369 -0.9993
vn 0.0039 -0.0314 -0.9995
vn 0.0040 -0.0258 -0.9997
vn 0.0042 -0.0201 -0.9998
vn 0.0043 -0.0140 -0.9999
vn 0.0078 -0.0633 -0.9980
vn 0.0081 -0.0543 -0.9985
vn 0.0085 -0.0449 -0.9990
vn 0.0089 -0.0352 -0.9993
vn 0.0093 -0.0250 -0.9996
vn 0.0138 -0.0876 -0.9961
vn 0.0145 -0.0754 -0.9971
vn 0.0152 -0.0627 -0.9979
vn 0.0164 -0.0494 -0.9986
vn 0.0166 -0.0355 -0.9992
vn 0.0215 -0.1122 -0.9934
vn 0.0225 -0.0972 -0.9950
vn 0.0237 -0.0817 -0.9964
vn 0.0247 -0.0653 -0.9976
vn 0.0259 -0.0482 -0.9985
vn 0.0308 -0.1393 -0.9898
vn 0.0323 -0.1211 -0.9921
vn 0.0339 -0.1019 -0.9942
vn 0.0356 -0.0819 -0.9960
vn 0.0373 -0.0609 -0.9974
vn 0.0416 -0.1684 -0.9848
vn 0.0439 -0.1473 -0.9881
vn 0.0461 -0.1252 -0.9911
vn 0.0482 -0.1020 -0.9936
vn 0.0506 -0.0777 -0.9957
vn 0.0538 -0.1990 -0.9785
vn 0.0566 -0.1749 -0.9830
vn 0.0596 -0.1496 -0.9870
vn 0.0626 -0.1230 -0.9904
vn 0.0657 -0.0952 -0.9933
vn 0.0675 -0.2302 -0.9708
vn 0.0712 -0.2033 -0.9765
vn 0.0750 -0.1750 -0.9817
vn 0.0789 -0.1454 -0.9862
vn 0.0828 -0.1143 -0.9900
vn 0.0821 -0.2646 -0.9609
vn 0.0869 -0.2352 -0.9680
vn 0.0914 -0.2043 -0.9746
vn 0.0961 -0.1718 -0.9804
vn 0.1011 -0.1378 -0.9853
vn 0.0981 -0.2991 -0.9492
vn 0.1038 -0.2675 -0.9580
vn 0.1094 -0.2340 -0.9661
vn 0.1152 -0.1988 -0.9732
vn 0.1210 -0.1621 -0.9793
vn 0.1146 -0.3362 -0.9348
vn 0.1212 -0.3024 -0.9454
vn 0.1280 -0.2668 -0.9552
vn 0.1349 -0.2295 -0.9639
vn 0.1417 -0.1906 -0.9714
vn 0.1326 -0.3723 -0.9186
vn 0.1402 -0.3365 -0.9312
vn 0.1479 -0.2988 -0.9428
vn 0.1559 -0.2593 -0.9531
vn 0.1640 -0.2183 -0.9620
vn 0.1509 -0.4086 -0.9002
vn 0.1596 -0.3715 -0.9146
vn 0.1686 -0.3326 -0.9279
vn 0.1774 -0.2917 -0.9399
vn 0.1863 -0.2492 -0.9504
vn 0.1692 -0.4467 -0.8785
vn 0.1791 -0.4083 -0.8951
vn 0.1891 -0.3679 -0.9104
vn 0.1990 -0.3258 -0.9242
vn 0.2088 -0.2823 -0.9363
vn 0.1889 -0.4805 -0.8564
vn 0.1998 -0.4414 -0.8748
vn 0.2107 -0.4005 -0.8917
vn 0.2214 -0.3582 -0.9070
vn 0.2319 -0.3143 -0.9206
vn 0.2076 -0.5172 -0.8303
vn 0.2197 -0.4776 -0.8507
vn 0.2315 -0.4364 -0.8695
vn 0.2430 -0.3936 -0.8866
vn 0.2541 -0.3497 -0.9018
vn 0.2277 -0.5484 -0.8046
vn 0.2401 -0.5092 -0.8265
vn 0.2531 -0.4682 -0.8466
vn 0.2649 -0.4263 -0.8649
vn 0.2764 -0.3831 -0.8814
vn 0.2468 -0.5808 -0.7758
vn 0.2605 -0.5417 -0.7992
vn 0.2736 -0.5012 -0.8209
vn 0.2861 -0.4595 -0.8408
vn 0.2978 -0.4170 -0.8587
vn 0.2675 -0.6059 -0.7492
vn 0.2816 -0.5678 -0.7735
vn 0.2947 -0.5289 -0.7959
vn 0.3073 -0.4887 -0.8166
vn 0.3192 -0.4477 -0.8353
vn 0.2870 -0.6315 -0.7203
vn 0.3014 -0.5944 -0.7455
vn 0.3150 -0.5564 -0.7689
vn 0.3275 -0.5174 -0.7906
vn 0.3393 -0.4780 -0.8102
vn 0.3071 -0.6518 -0.6934
vn 0.3214 -0.6165 -0.7188
vn 0.3346 -0.5804 -0.7424
vn 0.3472 -0.5435 -0.7642
vn 0.3585 -0.5064 -0.7842
vn 0.3264 -0.6703 -0.6664
vn 0.3407 -0.6367 -0.6917
vn 0.3532 -0.6026 -0.7156
vn 0.3653 -0.5679 -0.7376
vn 0.3767 -0.5328 -0.7578
vn 0.3455 -0.6852 -0.6412
vn 0.3592 -0.6536 -0.6662
vn 0.3717 -0.6216 -0.6895
vn 0.3831 -0.5894 -0.7112
vn 0.3936 -0.5570 -0.7313
vn 0.3643 -0.6971 -0.6175
vn 0.3771 -0.6677 -0.6418
vn 0.3888 -0.6380 -0.6646
vn 0.3997 -0.6082 -0.6858
vn 0.4098 -0.5782 -0.7055
vn 0.3811 -0.7082 -0.5943
vn 0.3930 -0.6814 -0.6175
vn 0.4040 -0.6543 -0.6393
vn 0.4141 -0.6271 -0.6597
vn 0.4235 -0.6000 -0.6787
vn 0.3983 -0.7142 -0.5756
vn 0.4091 -0.6897 -0.5974
vn 0.4192 -0.6650 -0.6181
vn 0.4285 -0.6405 -0.6373
vn 0.4371 -0.6160 -0.6553
vn 0.4149 -0.7165 -0.5608
vn 0.4245 -0.6948 -0.5806
vn 0.4333 -0.6732 -0.5992
vn 0.4416 -0.6516 -0.6168
vn 0.4491 -0.6303 -0.6333
vn 0.4281 -0.7219 -0.5437
vn 0.4366 -0.7027 -0.5618
vn 0.4444 -0.6836 -0.5789
vn 0.4518 -0.6647 -0.5951
vn 0.4586 -0.6459 -0.6104
vn 0.4427 -0.7192 -0.5355
vn 0.4497 -0.7030 -0.5509
vn 0.4563 -0.6869 -0.5657
vn 0.4623 -0.6710 -0.5796
vn 0.4681 -0.6552 -0.5929
vn 0.4541 -0.7191 -0.5261
vn 0.4598 -0.7054 -0.5394
vn 0.4654 -0.6918 -0.5522
vn 0.4705 -0.6784 -0.5643
vn 0.4753 -0.6652 -0.5758
vn 0.4636 -0.7181 -0.5190
vn 0.4682 -0.7073 -0.5296
vn 0.4723 -0.6968 -0.5398
vn 0.4763 -0.6864 -0.5496
vn 0.4801 -0.6761 -0.5589
vn 0.4705 -0.7178 -0.5131
vn 0.4736 -0.7103 -0.5207
vn 0.4766 -0.7029 -0.5281
vn 0.4794 -0.6956 -0.5351
vn 0.4821 -0.6884 -0.5419
vn 0.4766 -0.7149 -0.5116
vn 0.4789 -0.7091 -0.5175
vn 0.4811 -0.7035 -0.5231
vn 0.4832 -0.6979 -0.5286
vn 0.4852 -0.6925 -0.5339
vn -0.2472 -0.6420 -0.7258
vn 0.4804 -0.7078 -0.5178
vn 0.4825 -0.7024 -0.5233
vn 0.4845 -0.6971 -0.5285
vn 0.9362 -0.3515 -0.0059
vn 1.0000 -0.0094 0.0014
vn 0.9999 -0.0130 0.0030
vn 0.9997 -0.0234 0.0072
vn 0.9997 -0.0234 0.0071
vn 0.9992 -0.0378 0.0139
vn 0.9984 -0.0517 0.0232
vn 0.9973 -0.0649 0.0349
vn 0.9957 -0.0781 0.0491
vn 0.9957 -0.0781 0.0490
vn 0.9937 -0.0906 0.0657
vn 0.9911 -0.1026 0.0848
vn 0.9879 -0.1134 0.1061
vn 0.9839 -0.1228 0.1296
vn 0.9792 -0.1305 0.1551
vn 0.9738 -0.1359 0.1822
vn 0.9676 -0.1389 0.2106
vn 0.9676 -0.1389 0.2107
vn 0.9608 -0.1391 0.2399
vn 0.9533 -0.1363 0.2697
vn 0.9452 -0.1303 0.2993
vn 0.9367 -0.1212 0.3284
vn 0.9279 -0.1090 0.3565
vn 0.9279 -0.1090 0.3564
vn 0.9190 -0.0940 0.3829
vn 0.9190 -0.0940 0.3830
vn 0.9100 -0.0765 0.4076
vn 0.9010 -0.0569 0.4300
vn 0.9010 -0.0569 0.4301
vn 0.8923 -0.0357 0.4501
vn 0.8922 -0.0357 0.4501
vn 0.8838 -0.0134 0.4677
vn 0.8757 0.0096 0.4827
vn 0.8681 0.0328 0.4953
vn 0.8681 0.0328 0.4952
vn 0.8611 0.0557 0.5053
vn 0.8611 0.0556 0.5053
vn 0.8548 0.0778 0.5131
vn 0.8492 0.0990 0.5187
vn 0.8492 0.0989 0.5187
vn 0.8445 0.1187 0.5223
vn 0.8445 0.1188 0.5223
vn 0.8406 0.1370 0.5240
vn 0.8377 0.1535 0.5241
vn 0.8361 0.1684 0.5221
vn 0.8361 0.1684 0.5222
vn 0.8355 0.1811 0.5188
vn 0.8351 0.1888 0.5166
vn 0.8350 0.1910 0.5161
vn -1.0000 0.0087 -0.0016
vn -0.9999 0.0122 -0.0031
vn -0.9999 0.0122 -0.0030
vn -0.9997 0.0223 -0.0071
vn -0.9993 0.0357 -0.0138
vn -0.9985 0.0487 -0.0230
vn -0.9975 0.0611 -0.0345
vn -0.9961 0.0734 -0.0485
vn -0.9943 0.0851 -0.0649
vn -0.9918 0.0962 -0.0837
vn -0.9888 0.1061 -0.1048
vn -0.9851 0.1147 -0.1279
vn -0.9807 0.1216 -0.1529
vn -0.9807 0.1215 -0.1530
vn -0.9756 0.1262 -0.1796
vn -0.9756 0.1263 -0.1796
vn -0.9697 0.1286 -0.2075
vn -0.9632 0.1282 -0.2363
vn -0.9560 0.1250 -0.2655
vn -0.9482 0.1187 -0.2946
vn -0.9400 0.1095 -0.3231
vn -0.9400 0.1094 -0.3232
vn -0.9314 0.0973 -0.3507
vn -0.9226 0.0824 -0.3769
vn -0.9226 0.0825 -0.3769
vn -0.9137 0.0652 -0.4012
vn -0.9047 0.0460 -0.4235
vn -0.9047 0.0461 -0.4235
vn -0.8959 0.0254 -0.4435
vn -0.8874 0.0036 -0.4611
vn -0.8791 -0.0187 -0.4762
vn -0.8713 -0.0411 -0.4890
vn -0.8713 -0.0410 -0.4890
vn -0.8641 -0.0631 -0.4994
vn -0.8641 -0.0632 -0.4994
vn -0.8574 -0.0845 -0.5076
vn -0.8575 -0.0845 -0.5076
vn -0.8515 -0.1048 -0.5137
vn -0.8516 -0.1048 -0.5137
vn -0.8465 -0.1238 -0.5179
vn -0.8465 -0.1238 -0.5178
vn -0.8423 -0.1412 -0.5202
vn -0.8391 -0.1569 -0.5209
vn -0.8391 -0.1570 -0.5209
vn -0.8371 -0.1711 -0.5196
vn -0.8362 -0.1830 -0.5170
vn -0.8357 -0.1902 -0.5153
vn -0.8354 -0.1921 -0.5149
vt 0.000000 0.000000
vt 0.000000 0.401665
vt 0.250000 0.401665
vt 0.250000 0.000000
vt 0.500000 0.401665
vt 0.500000 0.000000
vt 0.750000 0.401665
vt 0.750000 0.000000
vt 1.000000 0.401665
vt 1.000000 0.000000
vt 0.000000 0.803313
vt 0.250000 0.803313
vt 0.500000 0.803313
vt 0.750000 0.803313
vt 1.000000 0.803313
vt 0.000000 1.204974
vt 0.250000 1.204974
vt 0.500000 1.204974
vt 0.750000 1.204974
vt 1.000000 1.204974
vt 0.000000 1.606662
vt 0.250000 1.606662
vt 0.500000 1.606662
vt 0.750000 1.606662
vt 1.000000 1.606662
vt 0.000000 2.008401
vt 0.250000 2.008401
vt 0.500000 2.008401
vt 0.750000 2.008401
vt 1.000000 2.008401
vt 0.000000 2.410241
vt 0.250000 2.410241
vt 0.500000 2.410241
vt 0.750000 2.410241
vt 1.000000 2.410241
vt 0.000000 2.812183
vt 0.250000 2.812183
vt 0.500000 2.812183
vt 0.750000 2.812183
vt 1.000000 2.812183
vt 0.000000 3.214288
vt 0.250000 3.214288
vt 0.500000 3.214288
vt 0.750000 3.214288
vt 1.000000 3.214288
vt 0.000000 3.616581
vt 0.250000 3.616581
vt 0.500000 3.616581
vt 0.750000 3.616581
vt 1.000000 3.616581
vt 0.000000 4.019129
vt 0.250000 4.019129
vt 0.500000 4.019129
vt 0.750000 4.019129
vt 1.000000 4.019129
vt 0.000000 4.421961
vt 0.250000 4.421961
vt 0.500000 4.421961
vt 0.750000 4.421961
vt 1.000000 4.421961
vt 0.000000 4.825120
vt 0.250000 4.825120
vt 0.500000 4.825120
vt 0.750000 4.825120
vt 1.000000 4.825120
vt 0.000000 5.228667
vt 0.250000 5.228667
vt 0.500000 5.228667
vt 0.750000 5.228667
vt 1.000000 5.228667
vt 0.000000 5.632628
vt 0.250000 5.632628
vt 0.500000 5.632628
vt 0.750000 5.632628
vt 1.000000 5.632628
vt 0.000000 6.037043
vt 0.250000 6.037043
vt 0.500000 6.037043
vt 0.750000 6.037043
vt 1.000000 6.037043
vt 0.000000 6.441937
vt 0.250000 6.441937
vt 0.500000 6.441937
vt 0.750000 6.441937
vt 1.000000 6.441937
vt 0.000000 6.847329
vt 0.250000 6.847329
vt 0.500000 6.847329
vt 0.750000 6.847329
vt 1.000000 6.847329
vt 0.000000 7.253216
vt 0.250000 7.253216
vt 0.500000 7.253216
vt 0.750000 7.253216
vt 1.000000 7.253216
vt 0.000000 7.659601
vt 0.250000 7.659601
vt 0.500000 7.659601
vt 0.750000 7.659601
vt 1.000000 7.659601
vt 0.000000 8.066467
vt 0.250000 8.066467
vt 0.500000 8.066467
vt 0.750000 8.066467
vt 1.000000 8.066467
vt 0.000000 8.473781
vt 0.250000 8.473781
vt 0.500000 8.473781
vt 0.750000 8.473781
vt 1.000000 8.473781
vt 0.000000 8.881516
vt 0.250000 8.881516
vt 0.500000 8.881516
vt 0.750000 8.881516
vt 1.000000 8.881516
vt 0.000000 9.289641
vt 0.250000 9.289641
vt 0.500000 9.289641
vt 0.750000 9.289641
vt 1.000000 9.289641
vt 0.000000 9.698115
vt 0.250000 9.698115
vt 0.500000 9.698115
vt 0.750000 9.698115
vt 1.000000 9.698115
vt 0.000000 10.106893
vt 0.250000 10.106893
vt 0.500000 10.106893
vt 0.750000 10.106893
vt 1.000000 10.106893
vt 0.000000 10.515925
vt 0.250000 10.515925
vt 0.500000 10.515925
vt 0.750000 10.515925
vt 1.000000 10.515925
vt 0.000000 10.925187
vt 0.250000 10.925187
vt 0.500000 10.925187
vt 0.750000 10.925187
vt 1.000000 10.925187
vt 0.000000 11.334636
vt 0.250000 11.334636
vt 0.500000 11.334636
vt 0.750000 11.334636
vt 1.000000 11.334636
vt 0.000000 11.744244
vt 0.250000 11.744244
vt 0.500000 11.744244
vt 0.750000 11.744244
vt 1.000000 11.744244
vt 0.000000 12.153969
vt 0.250000 12.153969
vt 0.500000 12.153969
vt 0.750000 12.153969
vt 1.000000 12.153969
vt 0.000000 12.563800
vt 0.250000 12.563800
vt 0.500000 12.563800
vt 0.750000 12.563800
vt 1.000000 12.563800
vt 0.000000 12.973711
vt 0.250000 12.973711
vt 0.500000 12.973711
vt 0.750000 12.973711
vt 1.000000 12.973711
vt 0.000000 13.383684
vt 0.250000 13.383684
vt 0.500000 13.383684
vt 0.750000 13.383684
vt 1.000000 13.383684
vt 0.000000 13.793703
vt 0.250000 13.793703
vt 0.500000 13.793703
vt 0.750000 13.793703
vt 1.000000 13.793703
vt 0.000000 14.000000
vt 0.250000 14.000000
vt 0.500000 14.000000
vt 0.750000 14.000000
vt 1.000000 14.000000
s 1
usemtl track_surface
f 4225/3097/3308 4230/3098/3309 4231/3099/3310 4226/3100/3311
f 4226/3100/3311 4231/3099/3310 4232/3101/3312 4227/3102/3313
f 4227/3102/3313 4232/3101/3312 4233/3103/3314 4228/3104/3315
f 4228/3104/3315 4233/3103/3314 4234/3105/3316 4229/3106/3317
f 4230/3098/3309 4235/3107/3318 4236/3108/3319 4231/3099/3310
f 4231/3099/3310 4236/3108/3319 4237/3109/3320 4232/3101/3312
f 4232/3101/3312 4237/3109/3320 4238/3110/3321 4233/3103/3314
f 4233/3103/3314 4238/3110/3321 4239/3111/3322 4234/3105/3316
f 4235/3107/3318 4240/3112/3323 4241/3113/3324 4236/3108/3319
f 4236/3108/3319 4241/3113/3324 4242/3114/3325 4237/3109/3320
f 4237/3109/3320 4242/3114/3325 4243/3115/3326 4238/3110/3321
f 4238/3110/3321 4243/3115/3326 4244/3116/3327 4239/3111/3322
f 4240/3112/3323 4245/3117/3328 4246/3118/3329 4241/3113/3324
f 4241/3113/3324 4246/3118/3329 4247/3119/3330 4242/3114/3325
f 4242/3114/3325 4247/3119/3330 4248/3120/3331 4243/3115/3326
f 4243/3115/3326 4248/3120/3331 4249/3121/3332 4244/3116/3327
f 4245/3117/3328 4250/3122/3333 4251/3123/3334 4246/3118/3329
f 4246/3118/3329 4251/3123/3334 4252/3124/3335 4247/3119/3330
f 4247/3119/3330 4252/3124/3335 4253/3125/3336 4248/3120/3331
f 4248/3120/3331 4253/3125/3336 4254/3126/3337 4249/3121/3332
f 4250/3122/3333 4255/3127/3338 4256/3128/3339 4251/3123/3334
f 4251/3123/3334 4256/3128/3339 4257/3129/3340 4252/3124/3335
f 4252/3124/3335 4257/3129/3340 4258/3130/3341 4253/3125/3336
f 4253/3125/3336 4258/3130/3341 4259/3131/3342 4254/3126/3337
f 4255/3127/3338 4260/3132/3343 4261/3133/3344 4256/3128/3339
f 4256/3128/3339 4261/3133/3344 4262/3134/3345 4257/3129/3340
f 4257/3129/3340 4262/3134/3345 4263/3135/3346 4258/3130/3341
f 4258/3130/3341 4263/3135/3346 4264/3136/3347 4259/3131/3342
f 4260/3132/3343 4265/3137/3348 4266/3138/3349 4261/3133/3344
f 4261/3133/3344 4266/3138/3349 4267/3139/3350 4262/3134/3345
f 4262/3134/3345 4267/3139/3350 4268/3140/3351 4263/3135/3346
f 4263/3135/3346 4268/3140/3351 4269/3141/3352 4264/3136/3347
f 4265/3137/3348 4270/3142/3353 4271/3143/3354 4266/3138/3349
f 4266/3138/3349 4271/3143/3354 4272/3144/3355 4267/3139/3350
f 4267/3139/3350 4272/3144/3355 4273/3145/3356 4268/3140/3351
f 4268/3140/3351 4273/3145/3356 4274/3146/3357 4269/3141/3352
f 4270/3142/3353 4275/3147/3358 4276/3148/3359 4271/3143/3354
f 4271/3143/3354 4276/3148/3359 4277/3149/3360 4272/3144/3355
f 4272/3144/3355 4277/3149/3360 4278/3150/3361 4273/3145/3356
f 4273/3145/3356 4278/3150/3361 4279/3151/3362 4274/3146/3357
f 4275/3147/3358 4280/3152/3363 4281/3153/3364 4276/3148/3359
f 4276/3148/3359 4281/3153/3364 4282/3154/3365 4277/3149/3360
f 4277/3149/3360 4282/3154/3365 4283/3155/3366 4278/3150/3361
f 4278/3150/3361 4283/3155/3366 4284/3156/3367 4279/3151/3362
f 4280/3152/3363 4285/3157/3368 4286/3158/3369 4281/3153/3364
f 4281/3153/3364 4286/3158/3369 4287/3159/3370 4282/3154/3365
f 4282/3154/3365 4287/3159/3370 4288/3160/3371 4283/3155/3366
f 4283/3155/3366 4288/3160/3371 4289/3161/3372 4284/3156/3367
f 4285/3157/3368 4290/3162/3373 4291/3163/3374 4286/3158/3369
f 4286/3158/3369 4291/3163/3374 4292/3164/3375 4287/3159/3370
f 4287/3159/3370 4292/3164/3375 4293/3165/3376 4288/3160/3371
f 4288/3160/3371 4293/3165/3376 4294/3166/3377 4289/3161/3372
f 4290/3162/3373 4295/3167/3378 4296/3168/3379 4291/3163/3374
f 4291/3163/3374 4296/3168/3379 4297/3169/3380 4292/3164/3375
f 4292/3164/3375 4297/3169/3380 4298/3170/3381 4293/3165/3376
f 4293/3165/3376 4298/3170/3381 4299/3171/3382 4294/3166/3377
f 4295/3167/3378 4300/3172/3383 4301/3173/3384 4296/3168/3379
f 4296/3168/3379 4301/3173/3384 4302/3174/3385 4297/3169/3380
f 4297/3169/3380 4302/3174/3385 4303/3175/3386 4298/3170/3381
f 4298/3170/3381 4303/3175/3386 4304/3176/3387 4299/3171/3382
f 4300/3172/3383 4305/3177/3388 4306/3178/3389 4301/3173/3384
f 4301/3173/3384 4306/3178/3389 4307/3179/3390 4302/3174/3385
f 4302/3174/3385 4307/3179/3390 4308/3180/3391 4303/3175/3386
f 4303/3175/3386 4308/3180/3391 4309/3181/3392 4304/3176/3387
f 4305/3177/3388 4310/3182/3393 4311/3183/3394 4306/3178/3389
f 4306/3178/3389 4311/3183/3394 4312/3184/3395 4307/3179/3390
f 4307/3179/3390 4312/3184/3395 4313/3185/3396 4308/3180/3391
f 4308/3180/3391 4313/3185/3396 4314/3186/3397 4309/3181/3392
f 4310/3182/3393 4315/3187/3398 4316/3188/3399 4311/3183/3394
f 4311/3183/3394 4316/3188/3399 4317/3189/3400 4312/3184/3395
f 4312/3184/3395 4317/3189/3400 4318/3190/3401 4313/3185/3396
f 4313/3185/3396 4318/3190/3401 4319/3191/3402 4314/3186/3397
f 4315/3187/3398 4320/3192/3403 4321/3193/3404 4316/3188/3399
f 4316/3188/3399 4321/3193/3404 4322/3194/3405 4317/3189/3400
f 4317/3189/3400 4322/3194/3405 4323/3195/3406 4318/3190/3401
f 4318/3190/3401 4323/3195/3406 4324/3196/3407 4319/3191/3402
f 4320/3192/3403 4325/3197/3408 4326/3198/3409 4321/3193/3404
f 4321/3193/3404 4326/3198/3409 4327/3199/3410 4322/3194/3405
f 4322/3194/3405 4327/3199/3410 4328/3200/3411 4323/3195/3406
f 4323/3195/3406 4328/3200/3411 4329/3201/3412 4324/3196/3407
f 4325/3197/3408 4330/3202/3413 4331/3203/3414 4326/3198/3409
f 4326/3198/3409 4331/3203/3414 4332/3204/3415 4327/3199/3410
f 4327/3199/3410 4332/3204/3415 4333/3205/3416 4328/3200/3411
f 4328/3200/3411 4333/3205/3416 4334/3206/3417 4329/3201/3412
f 4330/3202/3413 4335/3207/3418 4336/3208/3419 4331/3203/3414
f 4331/3203/3414 4336/3208/3419 4337/3209/3420 4332/3204/3415
f 4332/3204/3415 4337/3209/3420 4338/3210/3421 4333/3205/3416
f 4333/3205/3416 4338/3210/3421 4339/3211/3422 4334/3206/3417
f 4335/3207/3418 4340/3212/3423 4341/3213/3424 4336/3208/3419
f 4336/3208/3419 4341/3213/3424 4342/3214/3425 4337/3209/3420
f 4337/3209/3420 4342/3214/3425 4343/3215/3426 4338/3210/3421
f 4338/3210/3421 4343/3215/3426 4344/3216/3427 4339/3211/3422
f 4340/3212/3423 4345/3217/3428 4346/3218/3429 4341/3213/3424
f 4341/3213/3424 4346/3218/3429 4347/3219/3430 4342/3214/3425
f 4342/3214/3425 4347/3219/3430 4348/3220/3431 4343/3215/3426
f 4343/3215/3426 4348/3220/3431 4349/3221/3432 4344/3216/3427
f 4345/3217/3428 4350/3222/3433 4351/3223/3434 4346/3218/3429
f 4346/3218/3429 4351/3223/3434 4352/3224/3435 4347/3219/3430
f 4347/3219/3430 4352/3224/3435 4353/3225/3436 4348/3220/3431
f 4348/3220/3431 4353/3225/3436 4354/3226/3437 4349/3221/3432
f 4350/3222/3433 4355/3227/3438 4356/3228/3439 4351/3223/3434
f 4351/3223/3434 4356/3228/3439 4357/3229/3440 4352/3224/3435
f 4352/3224/3435 4357/3229/3440 4358/3230/3441 4353/3225/3436
f 4353/3225/3436 4358/3230/3441 4359/3231/3442 4354/3226/3437
f 4355/3227/3438 4360/3232/3443 4361/3233/3444 4356/3228/3439
f 4356/3228/3439 4361/3233/3444 4362/3234/3445 4357/3229/3440
f 4357/3229/3440 4362/3234/3445 4363/3235/3446 4358/3230/3441
f 4358/3230/3441 4363/3235/3446 4364/3236/3447 4359/3231/3442
f 4360/3232/3443 4365/3237/3448 4366/3238/3449 4361/3233/3444
f 4361/3233/3444 4366/3238/3449 4367/3239/3450 4362/3234/3445
f 4362/3234/3445 4367/3239/3450 4368/3240/3451 4363/3235/3446
f 4363/3235/3446 4368/3240/3451 4369/3241/3452 4364/3236/3447
f 4365/3237/3448 4370/3242/3453 4371/3243/3454 4366/3238/3449
f 4366/3238/3449 4371/3243/3454 4372/3244/3455 4367/3239/3450
f 4367/3239/3450 4372/3244/3455 4373/3245/3456 4368/3240/3451
f 4368/3240/3451 4373/3245/3456 4374/3246/3457 4369/3241/3452
f 4370/3242/3453 4375/3247/3458 4376/3248/3459 4371/3243/3454
f 4371/3243/3454 4376/3248/3459 4377/3249/3460 4372/3244/3455
f 4372/3244/3455 4377/3249/3460 4378/3250/3461 4373/3245/3456
f 4373/3245/3456 4378/3250/3461 4379/3251/3462 4374/3246/3457
f 4375/3247/3458 4380/3252/3463 4381/3253/3464 4376/3248/3459
f 4376/3248/3459 4381/3253/3464 4382/3254/3465 4377/3249/3460
f 4377/3249/3460 4382/3254/3465 4383/3255/3466 4378/3250/3461
f 4378/3250/3461 4383/3255/3466 4384/3256/3467 4379/3251/3462
f 4380/3252/3463 4385/3257/3468 4386/3258/3469 4381/3253/3464
f 4381/3253/3464 4386/3258/3469 4387/3259/3470 4382/3254/3465
f 4382/3254/3465 4387/3259/3470 4388/3260/3471 4383/3255/3466
f 4383/3255/3466 4388/3260/3471 4389/3261/3472 4384/3256/3467
f 4385/3257/3468 4390/3262/3473 4391/3263/3474 4386/3258/3469
f 4386/3258/3469 4391/3263/3474 4392/3264/3475 4387/3259/3470
f 4387/3259/3470 4392/3264/3475 4393/3265/3476 4388/3260/3471
f 4388/3260/3471 4393/3265/3476 4394/3266/3477 4389/3261/3472
f 4390/3262/3473 4395/3267/3478 4396/3268/3479 4391/3263/3474
f 4391/3263/3474 4396/3268/3479 4397/3269/3480 4392/3264/3475
f 4392/3264/3475 4397/3269/3480 4398/3270/3481 4393/3265/3476
f 4393/3265/3476 4398/3270/3481 4399/3271/3482 4394/3266/3477
f 4395/3267/3478 4400/3272/3483 4401/3273/3484 4396/3268/3479
f 4396/3268/3479 4401/3273/3484 4402/3274/3485 4397/3269/3480
f 4397/3269/3480 4402/3274/3485 4403/3275/3486 4398/3270/3481
f 4398/3270/3481 4403/3275/3486 4404/3276/3487 4399/3271/3482
usemtl track_rail
f 4229/3097/3488 4234/3098/3489 4406/3105/3489 4405/3106/3488
f 4234/3098/3489 4239/3107/3490 4407/3111/3491 4406/3105/3489
f 4239/3107/3490 4244/3112/3492 4408/3116/3492 4407/3111/3491
f 4244/3112/3492 4249/3117/3493 4409/3121/3493 4408/3116/3492
f 4249/3117/3493 4254/3122/3494 4410/3126/3494 4409/3121/3493
f 4254/3122/3494 4259/3127/3495 4411/3131/3496 4410/3126/3494
f 4259/3127/3495 4264/3132/3497 4412/3136/3497 4411/3131/3496
f 4264/3132/3497 4269/3137/3498 4413/3141/3498 4412/3136/3497
f 4269/3137/3498 4274/3142/3499 4414/3146/3499 4413/3141/3498
f 4274/3142/3499 4279/3147/3500 4415/3151/3500 4414/3146/3499
f 4279/3147/3500 4284/3152/3501 4416/3156/3501 4415/3151/3500
f 4284/3152/3501 4289/3157/3502 4417/3161/3502 4416/3156/3501
f 4289/3157/3502 4294/3162/3503 4418/3166/3504 4417/3161/3502
f 4294/3162/3503 4299/3167/3505 4419/3171/3505 4418/3166/3504
f 4299/3167/3505 4304/3172/3506 4420/3176/3506 4419/3171/3505
f 4304/3172/3506 4309/3177/3507 4421/3181/3507 4420/3176/3506
f 4309/3177/3507 4314/3182/3508 4422/3186/3508 4421/3181/3507
f 4314/3182/3508 4319/3187/3509 4423/3191/3510 4422/3186/3508
f 4319/3187/3509 4324/3192/3511 4424/3196/3512 4423/3191/3510
f 4324/3192/3511 4329/3197/3513 4425/3201/3513 4424/3196/3512
f 4329/3197/3513 4334/3202/3514 4426/3206/3515 4425/3201/3513
f 4334/3202/3514 4339/3207/3516 4427/3211/3517 4426/3206/3515
f 4339/3207/3516 4344/3212/3518 4428/3216/3518 4427/3211/3517
f 4344/3212/3518 4349/3217/3519 4429/3221/3519 4428/3216/3518
f 4349/3217/3519 4354/3222/3520 4430/3226/3521 4429/3221/3519
f 4354/3222/3520 4359/3227/3522 4431/3231/3523 4430/3226/3521
f 4359/3227/3522 4364/3232/3524 4432/3236/3524 4431/3231/3523
f 4364/3232/3524 4369/3237/3525 4433/3241/3526 4432/3236/3524
f 4369/3237/3525 4374/3242/3527 4434/3246/3528 4433/3241/3526
f 4374/3242/3527 4379/3247/3529 4435/3251/3529 4434/3246/3528
f 4379/3247/3529 4384/3252/3530 4436/3256/3530 4435/3251/3529
f 4384/3252/3530 4389/3257/3531 4437/3261/3532 4436/3256/3530
f 4389/3257/3531 4394/3262/3533 4438/3266/3533 4437/3261/3532
f 4394/3262/3533 4399/3267/3534 4439/3271/3534 4438/3266/3533
f 4399/3267/3534 4404/3272/3535 4440/3276/3535 4439/3271/3534
f 4441/3097/3536 4442/3098/3537 4230/3105/3538 4225/3106/3536
f 4442/3098/3537 4443/3107/3539 4235/3111/3539 4230/3105/3538
f 4443/3107/3539 4444/3112/3540 4240/3116/3540 4235/3111/3539
f 4444/3112/3540 4445/3117/3541 4245/3121/3541 4240/3116/3540
f 4445/3117/3541 4446/3122/3542 4250/3126/3542 4245/3121/3541
f 4446/3122/3542 4447/3127/3543 4255/3131/3543 4250/3126/3542
f 4447/3127/3543 4448/3132/3544 4260/3136/3544 4255/3131/3543
f 4448/3132/3544 4449/3137/3545 4265/3141/3545 4260/3136/3544
f 4449/3137/3545 4450/3142/3546 4270/3146/3546 4265/3141/3545
f 4450/3142/3546 4451/3147/3547 4275/3151/3547 4270/3146/3546
f 4451/3147/3547 4452/3152/3548 4280/3156/3549 4275/3151/3547
f 4452/3152/3548 4453/3157/3550 4285/3161/3551 4280/3156/3549
f 4453/3157/3550 4454/3162/3552 4290/3166/3552 4285/3161/3551
f 4454/3162/3552 4455/3167/3553 4295/3171/3553 4290/3166/3552
f 4455/3167/3553 4456/3172/3554 4300/3176/3554 4295/3171/3553
f 4456/3172/3554 4457/3177/3555 4305/3181/3555 4300/3176/3554
f 4457/3177/3555 4458/3182/3556 4310/3186/3557 4305/3181/3555
f 4458/3182/3556 4459/3187/3558 4315/3191/3558 4310/3186/3557
f 4459/3187/3558 4460/3192/3559 4320/3196/3560 4315/3191/3558
f 4460/3192/3559 4461/3197/3561 4325/3201/3561 4320/3196/3560
f 4461/3197/3561 4462/3202/3562 4330/3206/3563 4325/3201/3561
f 4462/3202/3562 4463/3207/3564 4335/3211/3564 4330/3206/3563
f 4463/3207/3564 4464/3212/3565 4340/3216/3565 4335/3211/3564
f 4464/3212/3565 4465/3217/3566 4345/3221/3566 4340/3216/3565
f 4465/3217/3566 4466/3222/3567 4350/3226/3568 4345/3221/3566
f 4466/3222/3567 4467/3227/3569 4355/3231/3570 4350/3226/3568
f 4467/3227/3569 4468/3232/3571 4360/3236/3572 4355/3231/3570
f 4468/3232/3571 4469/3237/3573 4365/3241/3574 4360/3236/3572
f 4469/3237/3573 4470/3242/3575 4370/3246/3576 4365/3241/3574
f 4470/3242/3575 4471/3247/3577 4375/3251/3577 4370/3246/3576
f 4471/3247/3577 4472/3252/3578 4380/3256/3579 4375/3251/3577
f 4472/3252/3578 4473/3257/3580 4385/3261/3580 4380/3256/3579
f 4473/3257/3580 4474/3262/3581 4390/3266/3581 4385/3261/3580
f 4474/3262/3581 4475/3267/3582 4395/3271/3582 4390/3266/3581
f 4475/3267/3582 4476/3272/3583 4400/3276/3583 4395/3271/3582
o MXTRoadSegment.030_PreviewMesh
v -1192.723633 -2229.364746 580.570618
v -1217.819214 -2235.216553 565.209167
v -1242.914673 -2241.068359 549.847778
v -1268.010132 -2246.920166 534.486389
v -1293.105713 -2252.771973 519.124939
v -1196.898804 -2244.215820 595.168396
v -1222.185547 -2250.592041 580.338379
v -1247.472168 -2256.968018 565.508301
v -1272.758789 -2263.343994 550.678223
v -1298.045532 -2269.720215 535.848206
v -1200.461670 -2257.298584 608.004211
v -1225.896484 -2264.139404 593.642029
v -1251.331299 -2270.980225 579.279846
v -1276.766113 -2277.821045 564.917664
v -1302.200928 -2284.661865 550.555481
v -1203.850220 -2270.412598 620.834045
v -1229.414917 -2277.721191 606.940491
v -1254.979614 -2285.030029 593.046997
v -1280.544312 -2292.338867 579.153503
v -1306.109009 -2299.647461 565.259949
v -1206.971436 -2283.578613 633.658936
v -1232.647949 -2291.358398 620.235474
v -1258.324585 -2299.137939 606.812012
v -1284.001221 -2306.917480 593.388550
v -1309.677734 -2314.697266 579.965088
v -1209.729004 -2296.814941 646.476807
v -1235.499878 -2305.068359 633.525208
v -1261.270752 -2313.321777 620.573608
v -1287.041626 -2321.575195 607.622009
v -1312.812500 -2329.828613 594.670410
v -1212.024902 -2310.134277 659.281494
v -1237.872437 -2318.864258 646.803955
v -1263.720093 -2327.594238 634.326416
v -1289.567749 -2336.324219 621.848877
v -1315.415283 -2345.054199 609.371338
v -1213.756348 -2323.548828 672.063965
v -1239.663208 -2332.758057 660.062927
v -1265.570068 -2341.967285 648.061951
v -1291.476929 -2351.176514 636.060974
v -1317.383789 -2360.385742 624.059937
v -1214.817627 -2337.062988 684.808777
v -1240.766235 -2346.753906 673.286926
v -1266.714844 -2356.445068 661.765076
v -1292.663452 -2366.136230 650.243225
v -1318.612061 -2375.827148 638.721375
v -1215.145630 -2350.689697 697.516357
v -1241.118164 -2360.864990 686.476196
v -1267.090820 -2371.040283 675.435974
v -1293.063477 -2381.215576 664.395752
v -1319.036011 -2391.390869 653.355591
v -1214.900879 -2364.414062 710.202332
v -1240.879517 -2375.073242 699.643677
v -1266.858276 -2385.732666 689.085022
v -1292.837036 -2396.392090 678.526367
v -1318.815674 -2407.051270 667.967712
v -1214.121948 -2378.171143 722.814148
v -1240.088745 -2389.312744 712.735046
v -1266.055664 -2400.454346 702.656006
v -1292.022583 -2411.595947 692.576965
v -1317.989380 -2422.737549 682.497864
v -1212.819702 -2391.947754 735.341858
v -1238.756836 -2403.570068 725.740662
v -1264.693970 -2415.192627 716.139526
v -1290.631104 -2426.815186 706.538391
v -1316.568237 -2438.437500 696.937195
v -1211.001099 -2405.730957 747.774841
v -1236.890625 -2417.833496 738.650146
v -1262.780151 -2429.936035 729.525452
v -1288.669678 -2442.038574 720.400757
v -1314.559204 -2454.141113 711.276062
v -1208.669922 -2419.509521 760.103577
v -1234.493774 -2432.091797 751.454224
v -1260.317749 -2444.674072 742.804871
v -1286.141724 -2457.256348 734.155518
v -1311.965576 -2469.838623 725.506165
v -1205.826538 -2433.269531 772.316040
v -1231.566772 -2446.331543 764.141113
v -1257.306885 -2459.393555 755.966187
v -1283.046997 -2472.455566 747.791260
v -1308.787231 -2485.517578 739.616333
v -1202.467773 -2446.999268 784.399780
v -1228.105713 -2460.541260 776.698669
v -1253.743652 -2474.083496 768.997559
v -1279.381592 -2487.625732 761.296448
v -1305.019531 -2501.167725 753.595337
v -1198.587036 -2460.684570 796.341614
v -1224.104004 -2474.707764 789.113953
v -1249.620850 -2488.730957 781.886292
v -1275.137695 -2502.754150 774.658630
v -1300.654663 -2516.777344 767.430969
v -1194.149048 -2474.402832 808.205139
v -1219.525879 -2488.908447 801.451599
v -1244.902588 -2503.413818 794.697998
v -1270.279297 -2517.919189 787.944397
v -1295.656128 -2532.424805 781.190857
v -1189.184937 -2488.073242 819.921204
v -1214.404175 -2503.056641 813.637329
v -1239.623291 -2518.040283 807.353455
v -1264.842407 -2533.023926 801.069580
v -1290.061646 -2548.007324 794.785706
v -1183.715820 -2501.672852 831.472839
v -1208.760010 -2517.130127 825.654114
v -1233.804199 -2532.587646 819.835449
v -1258.848389 -2548.045166 814.016785
v -1283.892578 -2563.502441 808.198059
v -1177.754639 -2515.190186 842.852112
v -1202.606323 -2531.117920 837.494324
v -1227.458008 -2547.045410 832.136475
v -1252.309692 -2562.972900 826.778625
v -1277.161377 -2578.900635 821.420837
v -1171.311035 -2528.614746 854.051392
v -1195.952515 -2545.009033 849.150391
v -1220.593994 -2561.403564 844.249329
v -1245.235474 -2577.798096 839.348267
v -1269.876953 -2594.192383 834.447266
v -1164.392090 -2541.933594 865.060059
v -1188.805420 -2558.791748 860.611877
v -1213.218750 -2575.650146 856.163696
v -1237.632080 -2592.508545 851.715515
v -1262.045410 -2609.366699 847.267334
v -1157.000854 -2555.134521 875.867432
v -1181.167847 -2572.454102 871.868347
v -1205.334717 -2589.773682 867.869263
v -1229.501587 -2607.093262 863.870178
v -1253.668579 -2624.412842 859.871094
v -1149.137329 -2568.204590 886.461365
v -1173.039185 -2585.983154 882.907776
v -1196.940918 -2603.761719 879.354248
v -1220.842651 -2621.540283 875.800720
v -1244.744507 -2639.318848 872.247131
v -1140.790649 -2581.141357 896.837952
v -1164.408081 -2599.376953 893.726624
v -1188.025513 -2617.612549 890.615356
v -1211.642944 -2635.848145 887.504089
v -1235.260376 -2654.083740 884.392761
v -1131.914551 -2594.004883 907.043030
v -1155.229248 -2612.693848 904.369995
v -1178.544067 -2631.382812 901.697021
v -1201.858887 -2650.071777 899.024048
v -1225.173584 -2668.760742 896.351013
v -1122.577515 -2606.710693 917.010925
v -1145.573486 -2625.845947 914.768982
v -1168.569458 -2644.981201 912.526978
v -1191.565430 -2664.116455 910.284973
v -1214.561401 -2683.251709 908.043030
v -1112.798706 -2619.249268 926.736877
v -1135.459717 -2638.823975 924.918762
v -1158.120728 -2658.398682 923.100647
v -1180.781738 -2677.973389 921.282532
v -1203.442749 -2697.548096 919.464417
v -1102.592285 -2631.610840 936.215576
v -1124.901855 -2651.618896 934.814270
v -1147.211548 -2671.626709 933.413025
v -1169.521240 -2691.634521 932.011780
v -1191.830811 -2711.642578 930.610474
v -1091.969971 -2643.786865 945.440613
v -1113.911499 -2664.221680 944.449280
v -1135.853027 -2684.656738 943.458008
v -1157.794556 -2705.091797 942.466736
v -1179.736084 -2725.526611 941.475403
v -1080.940430 -2655.765869 954.403076
v -1102.496704 -2676.622070 953.815002
v -1124.052979 -2697.478271 953.226929
v -1145.609253 -2718.334473 952.638855
v -1167.165527 -2739.190674 952.050781
v -1069.510254 -2667.535156 963.092529
v -1090.663818 -2688.807129 962.900940
v -1111.817383 -2710.078857 962.709290
v -1132.970947 -2731.350586 962.517639
v -1154.124512 -2752.622559 962.326050
v -1057.682739 -2679.080322 971.496887
v -1078.415527 -2700.762451 971.695007
v -1099.148315 -2722.444580 971.893188
v -1119.881104 -2744.126709 972.091370
v -1140.613892 -2765.808838 972.289490
v -1045.405029 -2690.438232 979.638611
v -1065.698242 -2712.525391 980.220581
v -1085.991333 -2734.612793 980.802490
v -1106.284424 -2756.700195 981.384399
v -1126.577637 -2778.787354 981.966370
v -1032.703003 -2701.585938 987.502319
v -1052.541504 -2724.069824 988.459229
v -1072.380005 -2746.553467 989.416199
v -1092.218506 -2769.037109 990.373169
v -1112.057007 -2791.520996 991.330078
v -1019.631226 -2712.489258 995.065674
v -1039.001099 -2735.359863 996.387939
v -1058.371094 -2758.230225 997.710144
v -1077.741089 -2781.100586 999.032349
v -1097.110962 -2803.971191 1000.354614
v -1006.207703 -2723.142090 1002.327576
v -1025.094971 -2746.389648 1004.005432
v -1043.982178 -2769.637451 1005.683228
v -1062.869385 -2792.885254 1007.361023
v -1081.756714 -2816.132812 1009.038879
v -992.448669 -2733.537598 1009.284363
v -1010.838806 -2757.153320 1011.308167
v -1029.228882 -2780.769287 1013.331970
v -1047.619019 -2804.385254 1015.355774
v -1066.009033 -2828.000977 1017.379578
v -978.366821 -2743.667480 1015.931091
v -996.244934 -2767.642334 1018.291321
v -1014.123108 -2791.617432 1020.651489
v -1032.001221 -2815.592529 1023.011658
v -1049.879395 -2839.567383 1025.371826
v -963.973511 -2753.521240 1022.260254
v -981.324524 -2777.846436 1024.947144
v -998.675537 -2802.171875 1027.634155
v -1016.026550 -2826.497314 1030.321167
v -1033.377563 -2850.822510 1033.008057
v -949.277832 -2763.087158 1028.262451
v -966.085999 -2787.754150 1031.266479
v -982.894165 -2812.421143 1034.270508
v -999.702332 -2837.088135 1037.274536
v -1016.510498 -2861.755127 1040.278564
v -934.282776 -2772.353027 1033.927002
v -950.531860 -2797.353027 1037.238403
v -966.781006 -2822.353027 1040.549805
v -983.030151 -2847.353027 1043.861206
v -999.279236 -2872.353027 1047.172607
v -918.891113 -2781.369629 1039.281616
v -934.565002 -2806.693604 1042.891113
v -950.238831 -2832.017578 1046.500610
v -965.912659 -2857.341553 1050.110107
v -981.586548 -2882.665527 1053.719604
v -903.221558 -2790.074463 1044.291260
v -918.309570 -2815.709717 1048.186890
v -933.397644 -2841.345215 1052.082520
v -948.485718 -2866.980713 1055.978149
v -963.573730 -2892.615967 1059.873779
v -887.295227 -2798.465820 1048.958496
v -901.786743 -2824.400391 1053.128296
v -916.278198 -2850.335205 1057.298218
v -930.769653 -2876.270020 1061.468140
v -945.261169 -2902.204590 1065.637939
v -871.129578 -2806.541504 1053.284790
v -885.013428 -2832.763672 1057.717041
v -898.897217 -2858.985596 1062.149170
v -912.781006 -2885.207520 1066.581299
v -926.664856 -2911.429688 1071.013550
v -854.740479 -2814.296875 1057.269165
v -868.005249 -2840.794434 1061.951660
v -881.269958 -2867.291992 1066.634277
v -894.534668 -2893.789551 1071.316895
v -907.799438 -2920.287109 1075.999390
v -838.142883 -2821.724854 1060.907471
v -850.776794 -2848.486328 1065.828491
v -863.410706 -2875.247559 1070.749390
v -876.044617 -2902.008789 1075.670288
v -888.678528 -2928.770264 1080.591309
v -821.349426 -2828.816162 1064.193848
v -833.340393 -2855.829590 1069.340942
v -845.331299 -2882.843018 1074.488159
v -857.322205 -2909.856445 1079.635376
v -869.313171 -2936.869873 1084.782471
v -804.372559 -2835.559570 1067.120361
v -815.707825 -2862.813232 1072.481445
v -827.043152 -2890.067139 1077.842529
v -838.378479 -2917.321045 1083.203613
v -849.713745 -2944.574707 1088.564697
v -787.177856 -2841.958496 1069.682861
v -797.844116 -2869.440918 1075.245605
v -808.510315 -2896.923340 1080.808472
v -819.176514 -2924.405762 1086.371338
v -829.842773 -2951.888184 1091.934082
v -769.737732 -2848.020996 1071.883545
v -779.725098 -2875.718750 1077.635620
v -789.712463 -2903.416504 1083.387573
v -799.699829 -2931.114258 1089.139526
v -809.687195 -2958.812012 1094.891602
v -752.148376 -2853.723145 1073.718506
v -761.450439 -2881.621826 1079.646118
v -770.752502 -2909.520508 1085.573730
v -780.054565 -2937.419189 1091.501343
v -789.356628 -2965.317871 1097.428955
v -734.429016 -2859.065674 1075.192505
v -743.039062 -2887.151123 1081.282227
v -751.649109 -2915.236328 1087.371948
v -760.259155 -2943.321533 1093.461670
v -768.869202 -2971.406982 1099.551392
v -716.596375 -2864.049072 1076.309082
v -724.507324 -2892.306885 1082.547241
v -732.418335 -2920.564697 1088.785400
v -740.329346 -2948.822510 1095.023560
v -748.240295 -2977.080322 1101.261719
v -698.666992 -2868.670166 1077.068481
v -705.871582 -2897.086182 1083.441406
v -713.076233 -2925.502441 1089.814209
v -720.280884 -2953.918701 1096.187012
v -727.485474 -2982.334717 1102.559937
v -680.656250 -2872.923340 1077.469116
v -687.146912 -2901.483887 1083.962769
v -693.637573 -2930.044434 1090.456421
v -700.128235 -2958.604980 1096.950073
v -706.618896 -2987.165527 1103.443726
v -662.578918 -2876.801025 1077.506348
v -668.347595 -2905.491699 1084.106812
v -674.116272 -2934.182373 1090.707153
v -679.884949 -2962.873047 1097.307495
v -685.653625 -2991.563721 1103.907959
v -644.450745 -2880.293213 1077.173828
v -649.489075 -2909.099854 1083.866577
v -654.527405 -2937.906494 1090.559326
v -659.565735 -2966.713135 1097.252075
v -664.604065 -2995.519775 1103.944824
v -626.159485 -2883.411133 1076.459595
v -630.457825 -2912.319336 1083.230835
v -634.756104 -2941.227295 1090.001953
v -639.054382 -2970.135254 1096.773071
v -643.352722 -2999.043457 1103.544312
v -607.828918 -2886.138184 1075.372559
v -611.385498 -2915.131836 1082.207764
v -614.942139 -2944.125488 1089.043091
v -618.498779 -2973.119141 1095.878418
v -622.055359 -3002.112793 1102.713623
v -589.484863 -2888.479980 1073.922729
v -592.298279 -2917.543213 1080.807739
v -595.111633 -2946.606689 1087.692749
v -597.924988 -2975.670166 1094.577759
v -600.738403 -3004.733398 1101.462769
v -571.143311 -2890.440918 1072.116943
v -573.211548 -2919.558594 1079.037231
v -575.279846 -2948.676025 1085.957642
v -577.348145 -2977.793457 1092.878052
v -579.416382 -3006.911133 1099.798340
v -552.820312 -2892.022461 1069.960327
v -554.141418 -2921.178467 1076.901489
v -555.462463 -2950.334473 1083.842651
v -556.783508 -2979.490479 1090.783813
v -558.104614 -3008.646484 1097.724976
v -534.532166 -2893.222900 1067.454834
v -535.103638 -2922.401855 1074.402100
v -535.675171 -2951.580811 1081.349243
v -536.246704 -2980.759766 1088.296387
v -536.818176 -3009.938721 1095.243652
v -516.295532 -2894.040039 1064.600952
v -516.114868 -2923.226074 1071.539185
v -515.934204 -2952.412109 1078.477539
v -515.753540 -2981.598145 1085.415894
v -515.572876 -3010.784180 1092.354126
v -498.127258 -2894.466797 1061.395996
v -497.191559 -2923.644287 1068.310181
v -496.255859 -2952.821533 1075.224365
v -495.320160 -2981.998779 1082.138550
v -494.384460 -3011.176270 1089.052734
v -480.021301 -2894.494629 1057.830566
v -478.327148 -2923.647217 1064.705200
v -476.632996 -2952.799805 1071.579712
v -474.938843 -2981.952393 1078.454224
v -473.244690 -3011.104980 1085.328857
v -461.903046 -2894.119873 1053.885620
v -459.449005 -2923.231201 1060.705811
v -456.994995 -2952.342285 1067.526123
v -454.540985 -2981.453369 1074.346436
v -452.086945 -3010.564697 1081.166626
v -443.889374 -2893.352051 1049.593018
v -440.679474 -2922.405762 1056.344727
v -437.469574 -2951.459229 1063.096436
v -434.259674 -2980.512695 1069.848145
v -431.049774 -3009.566406 1076.599854
v -425.994720 -2892.199463 1044.963989
v -422.032715 -2921.179199 1051.632812
v -418.070709 -2950.158936 1058.301758
v -414.108704 -2979.138672 1064.970703
v -410.146698 -3008.118408 1071.639526
v -408.234070 -2890.668701 1040.007202
v -403.523529 -2919.558594 1046.578979
v -398.812958 -2948.448486 1053.150635
v -394.102386 -2977.338379 1059.722290
v -389.391846 -3006.228271 1066.294067
v -390.621674 -2888.763428 1034.728760
v -385.165894 -2917.547119 1041.188599
v -379.710114 -2946.330811 1047.648560
v -374.254333 -2975.114502 1054.108521
v -368.798553 -3003.898193 1060.568359
v -373.173004 -2886.483887 1029.132446
v -366.975159 -2915.145264 1035.465820
v -360.777313 -2943.806641 1041.799194
v -354.579468 -2972.468018 1048.132568
v -348.381622 -3001.129395 1054.465942
v -355.905487 -2883.828857 1023.220520
v -348.968597 -2912.351562 1029.412231
v -342.031677 -2940.874268 1035.604004
v -335.094757 -2969.396973 1041.795776
v -328.157867 -2997.919678 1047.987427
v -338.837921 -2880.794678 1016.992859
v -331.164764 -2909.161865 1023.027527
v -323.491638 -2937.529297 1029.062256
v -315.818512 -2965.896729 1035.096924
v -308.145355 -2994.263916 1041.131714
v -321.902557 -2877.357910 1010.414368
v -313.494781 -2905.552734 1016.276489
v -305.087006 -2933.747559 1022.138611
v -296.679230 -2961.942383 1028.000732
v -288.271454 -2990.137207 1033.862793
v -305.152008 -2873.532227 1003.507202
v -296.017578 -2901.538330 1009.183228
v -286.883148 -2929.544434 1014.859314
v -277.748718 -2957.550537 1020.535400
v -268.614288 -2985.556641 1026.211426
v -288.633209 -2869.337158 996.299500
v -278.781586 -2897.139160 1001.776489
v -268.929962 -2924.941162 1007.253418
v -259.078339 -2952.743164 1012.730347
v -249.226700 -2980.545166 1018.207336
v -272.356934 -2864.784180 988.803101
v -261.797333 -2892.366211 994.067749
v -251.237747 -2919.948486 999.332397
v -240.678146 -2947.530762 1004.597046
v -230.118546 -2975.112793 1009.861694
v -256.334320 -2859.878906 981.027283
v -245.075775 -2887.225830 986.066223
v -233.817230 -2914.572754 991.105225
v -222.558685 -2941.919678 996.144226
v -211.300125 -2969.266602 1001.183167
v -240.579086 -2854.628174 972.979614
v -228.630478 -2881.724121 977.779358
v -216.681870 -2908.820068 982.579163
v -204.733261 -2935.916016 987.378967
v -192.784653 -2963.011963 992.178711
v -225.106567 -2849.034180 964.665710
v -212.476715 -2875.863525 969.212524
v -199.846848 -2902.692871 973.759338
v -187.216980 -2929.522217 978.306152
v -174.587128 -2956.351562 982.852966
v -209.933731 -2843.096924 956.089600
v -196.631348 -2869.643555 960.369263
v -183.328949 -2896.190430 964.648987
v -170.026550 -2922.737305 968.928711
v -156.724167 -2949.283936 973.208374
v -195.074570 -2836.812988 947.250122
v -181.108276 -2863.061035 951.248291
v -167.141983 -2889.309082 955.246399
v -153.175690 -2915.557129 959.244507
v -139.209396 -2941.805176 963.242676
v -180.448013 -2830.139893 938.090332
v -165.826569 -2856.072510 941.793030
v -151.205139 -2882.005127 945.495728
v -136.583710 -2907.937744 949.198425
v -121.962273 -2933.870361 952.901123
v -166.155792 -2823.130127 928.680847
v -150.893936 -2848.733643 932.077209
v -135.632080 -2874.337158 935.473572
v -120.370224 -2899.940674 938.869934
v -105.108360 -2925.544189 942.266296
v -152.204269 -2815.798828 919.036194
v -136.316498 -2841.059570 922.115234
v -120.428734 -2866.320068 925.194275
v -104.540962 -2891.580566 928.273315
v -88.653191 -2916.841309 931.352356
v -138.600067 -2808.156738 909.167725
v -122.100670 -2833.060791 911.918274
v -105.601273 -2857.964600 914.668823
v -89.101875 -2882.868408 917.419373
v -72.602478 -2907.772461 920.169922
v -125.353165 -2800.212891 899.086060
v -108.256317 -2824.746094 901.496765
v -91.159477 -2849.279541 903.907532
v -74.062637 -2873.812988 906.318298
v -56.965790 -2898.346191 908.729004
v -112.475388 -2791.973633 888.799744
v -94.795219 -2816.122559 890.859192
v -77.115051 -2840.271484 892.918579
v -59.434883 -2864.420410 894.977966
v -41.754715 -2888.569336 897.037415
v -99.980988 -2783.443848 878.316223
v -81.731598 -2807.194092 880.012451
v -63.482204 -2830.944580 881.708740
v -45.232811 -2854.695068 883.405029
v -26.983421 -2878.445312 885.101257
v -87.886948 -2774.626221 867.641296
v -69.082466 -2797.963867 868.962280
v -50.277988 -2821.301514 870.283264
v -31.473507 -2844.639160 871.604248
v -12.669026 -2867.976807 872.925232
v -76.177574 -2765.494629 856.747375
v -56.831726 -2788.404785 857.680542
v -37.485878 -2811.314697 858.613647
v -18.140028 -2834.224609 859.546753
v 1.205820 -2857.134766 860.479919
v -64.844856 -2756.042480 845.625671
v -44.974358 -2778.511963 846.161194
v -25.103855 -2800.981445 846.696777
v -5.233353 -2823.450928 847.232361
v 14.637149 -2845.920410 847.767883
v -53.934898 -2746.320557 834.333313
v -33.558655 -2768.338379 834.463318
v -13.182412 -2790.356445 834.593323
v 7.193831 -2812.374512 834.723328
v 27.570074 -2834.392334 834.853333
v -43.451008 -2736.344238 822.885254
v -22.587788 -2757.899902 822.601624
v -1.724569 -2779.455566 822.317993
v 19.138651 -2801.011230 822.034363
v 40.001869 -2822.566895 821.750732
v -33.396778 -2726.123779 811.292419
v -12.065183 -2747.206299 810.586853
v 9.266415 -2768.288574 809.881348
v 30.598011 -2789.370850 809.175842
v 51.929607 -2810.453369 808.470276
v -23.779671 -2715.669922 799.565918
v -1.998241 -2736.267822 798.430054
v 19.783188 -2756.865967 797.294189
v 41.564617 -2777.464111 796.158325
v 63.346046 -2798.062012 795.022461
v -14.609447 -2704.990723 787.715088
v 7.603264 -2725.093506 786.140198
v 29.815975 -2745.196045 784.565308
v 52.028687 -2765.298584 782.990417
v 74.241394 -2785.401367 781.415527
v -5.899809 -2694.093018 775.749817
v 16.725538 -2713.688965 773.726929
v 39.350887 -2733.284912 771.704102
v 61.976234 -2752.880859 769.681274
v 84.601585 -2772.476807 767.658386
v 2.333157 -2682.981689 763.677795
v 25.352356 -2702.059570 761.197693
v 48.371555 -2721.137451 758.717590
v 71.390755 -2740.215332 756.237488
v 94.409950 -2759.293213 753.757385
v 10.130030 -2671.581543 751.419495
v 33.524841 -2690.128662 748.472473
v 56.919651 -2708.675781 745.525452
v 80.314461 -2727.222900 742.578430
v 103.709274 -2745.770020 739.631409
v 17.439703 -2659.977539 739.065063
v 41.187962 -2677.986816 735.646729
v 64.936218 -2695.996094 732.228455
v 88.684479 -2714.005371 728.810181
v 112.432732 -2732.014648 725.391846
v 24.265749 -2648.186768 726.629639
v 48.345486 -2665.651123 722.735718
v 72.425224 -2683.115479 718.841736
v 96.504959 -2700.579834 714.947754
v 120.584702 -2718.044189 711.053833
v 30.609556 -2636.223389 714.125854
v 54.998970 -2653.135742 709.751709
v 79.388382 -2670.047852 705.377502
v 103.777794 -2686.959961 701.003296
v 128.167206 -2703.872314 696.629150
v 36.469570 -2624.098633 701.565247
v 61.146927 -2640.451660 696.706116
v 85.824287 -2656.804443 691.846985
v 110.501648 -2673.157227 686.987854
v 135.179001 -2689.510254 682.128723
v 41.841145 -2611.822510 688.958313
v 66.784729 -2627.608887 683.609253
v 91.728310 -2643.395020 678.260193
v 116.671890 -2659.181152 672.911133
v 141.615479 -2674.967529 667.562073
v 46.716064 -2599.405762 676.316223
v 71.904053 -2614.617920 670.472107
v 97.092041 -2629.830078 664.627930
v 122.280029 -2645.042236 658.783752
v 147.468018 -2660.254395 652.939636
v 51.082664 -2586.855957 663.649902
v 76.493057 -2601.486816 657.305176
v 101.903450 -2616.117432 650.960510
v 127.313843 -2630.748047 644.615845
v 152.724243 -2645.378906 638.271118
v 54.932156 -2574.162109 650.948975
v 80.542839 -2588.203125 644.097839
v 106.153519 -2602.244385 637.246704
v 131.764206 -2616.285645 630.395569
v 157.374878 -2630.326660 623.544434
v 58.273144 -2561.277100 638.168335
v 84.061447 -2574.722168 630.807007
v 109.849754 -2588.167480 623.445679
v 135.638062 -2601.612793 616.084351
v 161.426361 -2615.057861 608.723022
v 61.094105 -2548.285400 625.388733
v 87.036278 -2561.132080 617.516846
v 112.978455 -2573.978760 609.645020
v 138.920624 -2586.825439 601.773193
v 164.862808 -2599.672119 593.901306
v 63.403286 -2535.199219 612.620422
v 89.475792 -2547.444824 604.237488
v 115.548302 -2559.690186 595.854553
v 141.620804 -2571.935547 587.471619
v 167.693314 -2584.181152 579.088684
v 65.204979 -2522.031982 599.875183
v 91.384377 -2533.673584 590.980530
v 117.563774 -2545.314941 582.085815
v 143.743179 -2556.956299 573.191101
v 169.922577 -2568.597900 564.296448
v 66.500221 -2508.795166 587.163757
v 92.763092 -2519.829834 577.756409
v 119.025955 -2530.864502 568.349060
v 145.288818 -2541.899170 558.941711
v 171.551682 -2552.933838 549.534363
v 67.286591 -2495.500000 574.497681
v 93.609428 -2505.924805 564.576538
v 119.932266 -2516.349854 554.655396
v 146.255096 -2526.774902 544.734253
v 172.577942 -2537.199707 534.813110
v 67.558205 -2482.158447 561.889526
v 93.917343 -2491.970947 551.453308
v 120.276482 -2501.783203 541.017151
v 146.635620 -2511.595459 530.580994
v 172.994766 -2521.407959 520.144775
v 67.305725 -2468.781006 549.350586
v 93.677246 -2477.977539 538.397766
v 120.048759 -2487.174316 527.445007
v 146.420273 -2496.371094 516.492249
v 172.791794 -2505.567627 505.539429
v 66.513489 -2455.301025 536.821777
v 92.873260 -2463.877930 525.349976
v 119.233025 -2472.454590 513.878174
v 145.592789 -2481.031250 502.406372
v 171.952560 -2489.608154 490.934601
v 65.188049 -2441.777344 524.355774
v 91.512169 -2449.735352 512.367859
v 117.836296 -2457.693359 500.379913
v 144.160416 -2465.651367 488.391968
v 170.484543 -2473.609375 476.404053
v 63.344936 -2428.245605 511.983582
v 89.609764 -2435.586914 499.483124
v 115.874588 -2442.928467 486.982635
v 142.139420 -2450.270020 474.482147
v 168.404236 -2457.611328 461.981689
v 60.994816 -2414.716797 499.713776
v 87.176819 -2421.443604 486.704163
v 113.358818 -2428.170654 473.694519
v 139.540817 -2434.897705 460.684875
v 165.722824 -2441.624512 447.675262
v 58.144852 -2401.202881 487.556183
v 84.220543 -2407.317383 474.040558
v 110.296234 -2413.431885 460.524963
v 136.371918 -2419.546387 447.009369
v 162.447617 -2425.660889 433.493744
v 54.798805 -2387.715820 475.521240
v 80.744644 -2393.219727 461.502655
v 106.690483 -2398.723633 447.484100
v 132.636322 -2404.227539 433.465546
v 158.582169 -2409.731445 419.446960
v 50.957230 -2374.267334 463.620605
v 76.749550 -2379.162598 449.101929
v 102.541862 -2384.057861 434.583221
v 128.334183 -2388.953125 420.064514
v 154.126495 -2393.848389 405.545837
v 46.616974 -2360.868896 451.865845
v 72.231842 -2365.157471 436.849609
v 97.846718 -2369.446045 421.833405
v 123.461594 -2373.734619 406.817200
v 149.076462 -2378.023193 391.800964
v 41.759159 -2347.530029 440.270142
v 67.172287 -2351.213867 424.758728
v 92.585411 -2354.897461 409.247345
v 117.998535 -2358.581055 393.735962
v 143.411667 -2362.264893 378.224548
v 36.201904 -2334.216797 428.837860
v 61.388252 -2337.298340 412.833160
v 86.574600 -2340.380127 396.828430
v 111.760948 -2343.461914 380.823700
v 136.947296 -2346.543457 364.819000
v 30.000788 -2320.997070 417.621033
v 54.937119 -2323.483154 401.128693
v 79.873451 -2325.969482 384.636322
v 104.809784 -2328.455811 368.143951
v 129.746109 -2330.941895 351.651611
v 23.263090 -2307.872559 406.599030
v 47.927029 -2309.770020 389.625824
v 72.590965 -2311.667236 372.652588
v 97.254906 -2313.564453 355.679352
v 121.918839 -2315.461914 338.706146
v 16.092461 -2294.841553 395.748657
v 40.462345 -2296.156250 378.302185
v 64.832230 -2297.470947 360.855682
v 89.202118 -2298.785645 343.409180
v 113.571999 -2300.100342 325.962708
v 8.585603 -2281.892578 385.040466
v 32.640236 -2282.631104 367.128784
v 56.694870 -2283.369629 349.217072
v 80.749504 -2284.108154 331.305359
v 104.804138 -2284.846680 313.393677
v 0.835245 -2269.011475 374.443787
v 24.553726 -2269.179932 356.075195
v 48.272205 -2269.348389 337.706604
v 71.990685 -2269.516846 319.338013
v 95.709167 -2269.685303 300.969421
v -7.070483 -2256.180664 363.924866
v 16.291023 -2255.785156 345.107758
v 39.652531 -2255.389648 326.290649
v 63.014038 -2254.994141 307.473541
v 86.375542 -2254.598633 288.656433
v -15.044794 -2243.379395 353.449829
v 7.938887 -2242.426514 334.192566
v 30.922567 -2241.473633 314.935303
v 53.906250 -2240.520752 295.678040
v 76.889931 -2239.567871 276.420776
v -17.340618 -2239.752686 350.490356
v 5.531825 -2238.642578 331.109436
v 28.404266 -2237.532715 311.728546
v 51.276707 -2236.422852 292.347656
v 74.149147 -2235.312744 272.966736
v -1289.845703 -2257.523193 515.609131
v -1294.752930 -2274.375244 532.235352
v -1298.884155 -2289.233398 546.859009
v -1302.771973 -2304.135986 561.480957
v -1306.324463 -2319.103027 576.104187
v -1309.446655 -2334.151855 590.728027
v -1312.040649 -2349.294678 605.347534
v -1314.004150 -2364.543213 619.954468
v -1315.231201 -2379.900879 634.533569
v -1315.657959 -2395.379883 649.084778
v -1315.444336 -2410.955566 663.614136
v -1314.628662 -2426.557373 678.062134
v -1313.221924 -2442.173828 692.419983
v -1311.231079 -2457.793945 706.678040
v -1308.659302 -2473.408691 720.828003
v -1305.506348 -2489.005371 734.858826
v -1301.767822 -2504.573730 748.759216
v -1297.435669 -2520.102051 762.517029
v -1292.473633 -2535.668701 776.199646
v -1286.919067 -2551.171631 789.718628
v -1280.793335 -2566.588379 803.056519
v -1274.108765 -2581.909180 816.206177
v -1266.874268 -2597.125244 829.160889
v -1259.095825 -2612.224854 841.910645
v -1250.775146 -2627.197510 854.445557
v -1241.910278 -2642.031250 866.754150
v -1232.488647 -2656.725098 878.833740
v -1222.467407 -2671.332520 890.727417
v -1211.923462 -2685.755615 902.356812
v -1200.875610 -2699.986572 913.717529
v -1189.336914 -2714.016846 924.804871
v -1177.317749 -2727.838867 935.612976
v -1164.825439 -2741.442383 946.133362
v -1151.864746 -2754.815918 956.355652
v -1138.437012 -2767.945312 966.267944
v -1124.486084 -2780.869141 975.895508
v -1110.052734 -2793.549805 985.212158
v -1095.195679 -2805.949463 994.191772
v -1079.931885 -2818.063232 1002.833496
v -1064.276489 -2829.885498 1011.133850
v -1048.240356 -2841.408203 1019.087952
v -1031.833618 -2852.622070 1026.688232
v -1015.063049 -2863.515137 1033.924927
v -997.929688 -2874.075928 1040.787231
v -980.336426 -2884.353516 1047.304810
v -962.423767 -2894.271729 1053.431885
v -944.211792 -2903.830811 1059.171265
v -925.716736 -2913.028564 1064.524536
v -906.953064 -2921.861084 1069.490234
v -887.934448 -2930.321777 1074.064209
v -868.671814 -2938.401123 1078.239868
v -849.175720 -2946.088135 1082.008545
v -829.408569 -2953.386230 1085.366821
v -809.356995 -2960.296875 1088.315186
v -789.130005 -2966.791992 1090.845825
v -768.745728 -2972.873047 1092.963623
v -748.219604 -2978.540771 1094.671631
v -727.567139 -2983.792236 1095.969604
v -706.802429 -2988.621826 1096.855347
v -685.938660 -2993.021240 1097.323364
v -664.990173 -2996.980713 1097.366089
v -643.839661 -3000.510010 1096.973511
v -622.641785 -3003.587402 1096.152832
v -601.423035 -3006.218750 1094.913940
v -580.197937 -3008.408691 1093.263184
v -558.981812 -3010.158936 1091.205322
v -537.789917 -3011.467773 1088.741333
v -516.637939 -3012.332031 1085.870972
v -495.541718 -3012.744873 1082.590332
v -474.493073 -3012.696045 1078.888916
v -453.425140 -3012.180664 1074.750977
v -432.475769 -3011.208984 1070.209961
v -411.658539 -3009.789307 1065.276855
v -390.987732 -3007.929199 1059.959839
v -370.476654 -3005.631348 1054.264160
v -350.140198 -3002.895752 1048.192993
v -329.995148 -2999.720947 1041.747192
v -310.059723 -2996.102051 1034.925293
v -290.261261 -2992.013428 1027.691772
v -270.677246 -2987.472900 1020.076721
v -251.360397 -2982.502441 1012.109863
v -232.320709 -2977.112549 1003.802429
v -213.568527 -2971.309814 995.163025
v -195.117188 -2965.099854 986.198547
v -176.981735 -2958.485352 976.913635
v -159.178848 -2951.464844 967.310852
v -141.722244 -2944.033936 957.387756
v -124.531189 -2936.148682 947.089722
v -107.730759 -2927.872559 936.498718
v -91.326576 -2919.220215 925.629089
v -75.324478 -2910.202881 914.491394
v -59.734142 -2900.829102 903.095642
v -44.567230 -2891.104980 891.449646
v -29.837999 -2881.034668 879.559631
v -15.563644 -2870.620117 867.430176
v -1.726844 -2859.833008 855.031860
v 11.668815 -2848.674072 842.367126
v 24.568516 -2837.201660 829.499756
v 36.969425 -2825.432129 816.444397
v 48.868507 -2813.374512 803.211182
v 60.258427 -2801.039551 789.810669
v 71.129311 -2788.435547 776.251099
v 81.467003 -2775.567871 762.541443
v 91.254784 -2762.441162 748.688110
v 100.535515 -2748.975586 734.609924
v 109.242645 -2735.277344 720.417786
v 117.380417 -2721.363525 706.126709
v 124.950768 -2707.248535 691.748718
v 131.952347 -2692.943115 677.294739
v 138.380463 -2678.456787 662.774414
v 144.226440 -2663.800293 648.198059
v 149.477798 -2648.980957 633.575623
v 154.125275 -2633.985352 618.895020
v 158.175446 -2618.772705 604.119324
v 161.612396 -2603.442627 589.342712
v 164.445160 -2588.006592 574.574707
v 166.678345 -2572.478271 559.826538
v 168.312988 -2556.868652 545.108215
v 169.346329 -2541.188477 530.430420
v 169.771744 -2525.450439 515.805298
v 169.578827 -2509.664062 501.242981
v 168.751175 -2493.757812 486.681030
v 167.296234 -2477.812012 472.192719
v 165.230423 -2461.866211 457.811951
v 162.564880 -2445.930908 443.546509
v 159.306885 -2430.018066 429.405518
v 155.459961 -2414.139160 415.398834
v 151.024124 -2398.306152 401.537506
v 145.995193 -2382.530518 387.832214
v 140.352753 -2366.821777 374.295166
v 133.911224 -2351.148193 360.927826
v 126.733284 -2335.592773 347.797333
v 118.930031 -2320.157715 334.887970
v 110.608452 -2304.841064 322.180359
v 101.867615 -2289.632568 309.647369
v 92.801994 -2274.517334 297.259827
v 83.500679 -2259.479004 284.984711
v 74.051033 -2244.498291 272.788544
v 71.321373 -2240.258301 269.346313
v -1189.463745 -2234.115967 577.054749
v -1193.606201 -2248.870850 591.555603
v -1197.144897 -2261.869873 604.307739
v -1200.513306 -2274.900879 617.054993
v -1203.618042 -2287.984619 629.798035
v -1206.363159 -2301.138428 642.534424
v -1208.650146 -2314.375000 655.257690
v -1210.376587 -2327.706299 667.958435
v -1211.436768 -2341.136475 680.620972
v -1211.767456 -2354.678711 693.245605
v -1211.529541 -2368.318115 705.848755
v -1210.761230 -2381.991211 718.378418
v -1209.473389 -2395.683838 730.824646
v -1207.672852 -2409.383789 743.176819
v -1205.363525 -2423.079590 755.425415
v -1202.545776 -2436.757324 767.558533
v -1199.216064 -2450.405273 779.563660
v -1195.368042 -2464.009277 791.427673
v -1190.966553 -2477.646729 803.213989
v -1186.042480 -2491.237305 814.854126
v -1180.616699 -2504.758545 826.331299
v -1174.702148 -2518.198730 837.637451
v -1168.308472 -2531.547363 848.765015
v -1161.442505 -2544.791504 859.703430
v -1154.107422 -2557.919189 870.441895
v -1146.303223 -2570.916992 880.968323
v -1138.018799 -2583.782715 891.278870
v -1129.208374 -2596.576660 901.419373
v -1119.939453 -2609.214844 911.324707
v -1110.231445 -2621.687500 920.989990
v -1100.098267 -2633.985107 930.409973
v -1089.551758 -2646.099121 939.578125
v -1078.600220 -2658.017822 948.485718
v -1067.250610 -2669.728516 957.122131
v -1055.505981 -2681.217041 965.475342
v -1043.313599 -2692.519775 973.567810
v -1030.698853 -2703.614746 981.384338
v -1017.715942 -2714.467773 988.902893
v -1004.382935 -2725.072266 996.122192
v -990.716064 -2735.422119 1003.038635
v -976.727783 -2745.508301 1009.647217
v -962.429565 -2755.320557 1015.940369
v -947.830322 -2764.847168 1021.908752
v -932.933228 -2774.075928 1027.541626
v -917.641052 -2783.057861 1032.866699
v -902.071533 -2791.730225 1037.849243
v -886.245911 -2800.091797 1042.491821
v -870.181458 -2808.140381 1046.795776
v -853.894104 -2815.870850 1050.760010
v -837.398804 -2823.276367 1054.380493
v -820.708130 -2830.347412 1057.651123
v -803.834473 -2837.072998 1060.564209
v -786.743652 -2843.456299 1063.115479
v -769.407532 -2849.505859 1065.307129
v -751.921753 -2855.197510 1067.135376
v -734.305542 -2860.531982 1068.604858
v -716.575623 -2865.509766 1069.719116
v -698.748596 -2870.127441 1070.478149
v -680.839844 -2874.379639 1070.880615
v -662.864014 -2878.258545 1070.921753
v -644.836853 -2881.754150 1070.595215
v -626.646423 -2884.877930 1069.888916
v -608.415344 -2887.613037 1068.811768
v -590.169495 -2889.965088 1067.373779
v -571.924805 -2891.938721 1065.581787
v -553.697571 -2893.534668 1063.440796
v -535.503906 -2894.751953 1060.952515
v -517.360596 -2895.587891 1058.117676
v -499.284515 -2896.035400 1054.933594
v -481.269714 -2896.085938 1051.390747
v -463.241211 -2895.735840 1047.469971
v -445.315338 -2894.994629 1043.203003
v -427.506592 -2893.870361 1038.601196
v -409.829956 -2892.369873 1033.673096
v -392.299774 -2890.496338 1028.424438
v -374.931549 -2888.250244 1022.859558
v -357.742798 -2885.630371 1016.980225
v -340.752258 -2882.632812 1010.786438
v -323.892365 -2879.234375 1004.243286
v -307.214935 -2875.448242 997.372437
v -290.766907 -2871.294434 990.202087
v -274.559082 -2866.783691 982.743896
v -258.602753 -2861.922119 975.007080
v -242.911621 -2856.716064 966.999390
v -227.501175 -2851.167969 958.726440
v -212.388428 -2845.277588 950.192017
v -197.587418 -2839.041992 941.395203
v -183.016937 -2832.417969 932.278870
v -168.778198 -2825.458252 922.913269
v -154.877655 -2818.177979 913.312988
v -141.322083 -2810.587402 903.489197
v -128.121521 -2802.695557 893.452698
v -115.287903 -2794.509277 883.212036
v -102.835564 -2786.032959 872.774536
v -90.781570 -2777.269531 862.146179
v -79.110237 -2768.193115 851.299377
v -67.813194 -2758.796387 840.224854
v -56.936459 -2749.129883 828.979736
v -46.483452 -2739.209473 817.578918
v -36.457882 -2729.045166 806.033264
v -26.867290 -2718.647461 794.354126
v -17.721535 -2708.024902 782.550659
v -9.034388 -2697.183838 770.632874
v -0.822010 -2686.129639 758.608521
v 6.956272 -2674.786865 746.398010
v 14.249612 -2663.239990 734.090942
v 21.061464 -2651.506348 721.702576
v 27.393116 -2639.599609 709.245483
v 33.242916 -2627.531494 696.731323
v 38.606133 -2615.311768 684.170593
v 43.474483 -2602.951416 671.574646
v 47.836224 -2590.458252 658.954407
v 51.682549 -2577.820557 646.299500
v 55.022221 -2564.991699 633.564575
v 57.843697 -2552.055908 620.830078
v 60.155136 -2539.024902 608.106384
v 61.960754 -2525.912354 595.405273
v 63.261528 -2512.729980 582.737610
v 64.054985 -2499.488770 570.114929
v 64.335182 -2486.201172 557.549988
v 64.092758 -2472.877197 545.054138
v 63.312107 -2459.450928 532.568237
v 61.999741 -2445.979980 520.144470
v 60.171124 -2432.500244 507.813843
v 57.836876 -2419.022949 495.585052
v 55.004128 -2405.560059 483.467926
v 51.676605 -2392.123535 471.473114
v 47.854858 -2378.725098 459.612274
v 43.535713 -2365.376465 447.897095
v 38.700249 -2352.086914 436.340759
v 33.165836 -2338.821533 424.946686
v 26.987955 -2325.647705 413.766754
v 20.274282 -2312.568604 402.780884
v 13.128915 -2299.582031 391.966339
v 5.649080 -2286.678467 381.294159
v -2.071929 -2273.843750 370.734192
v -9.945348 -2261.060791 360.253143
v -17.883690 -2248.310059 349.817627
v -20.168398 -2244.698242 346.869904
vn 0.4799 -0.7117 -0.5129
vn 0.4924 -0.6750 -0.5495
vn 0.4922 -0.6757 -0.5487
vn 0.4801 -0.7114 -0.5133
vn 0.4920 -0.6766 -0.5479
vn 0.4802 -0.7111 -0.5136
vn 0.4918 -0.6772 -0.5474
vn 0.4803 -0.7109 -0.5138
vn 0.4916 -0.6780 -0.5465
vn 0.4804 -0.7106 -0.5141
vn 0.4928 -0.6724 -0.5523
vn 0.4926 -0.6730 -0.5518
vn 0.4925 -0.6734 -0.5514
vn 0.4925 -0.6735 -0.5512
vn 0.4922 -0.6742 -0.5506
vn 0.4937 -0.6675 -0.5573
vn 0.4937 -0.6679 -0.5570
vn 0.4936 -0.6681 -0.5568
vn 0.4935 -0.6684 -0.5565
vn 0.4935 -0.6686 -0.5563
vn 0.4953 -0.6599 -0.5650
vn 0.4953 -0.6601 -0.5648
vn 0.4952 -0.6604 -0.5645
vn 0.4952 -0.6606 -0.5643
vn 0.4970 -0.6504 -0.5744
vn 0.4970 -0.6506 -0.5742
vn 0.4969 -0.6507 -0.5741
vn 0.4969 -0.6509 -0.5740
vn 0.4969 -0.6510 -0.5738
vn 0.4988 -0.6372 -0.5875
vn 0.4987 -0.6376 -0.5871
vn 0.4987 -0.6379 -0.5868
vn 0.4987 -0.6382 -0.5865
vn 0.4987 -0.6383 -0.5865
vn 0.5001 -0.6225 -0.6020
vn 0.5000 -0.6230 -0.6015
vn 0.5000 -0.6235 -0.6010
vn 0.5000 -0.6240 -0.6006
vn 0.5000 -0.6241 -0.6004
vn 0.5008 -0.6053 -0.6187
vn 0.5008 -0.6061 -0.6180
vn 0.5007 -0.6072 -0.6170
vn 0.5007 -0.6075 -0.6167
vn 0.5006 -0.6082 -0.6161
vn 0.5005 -0.5895 -0.6340
vn 0.5004 -0.5909 -0.6328
vn 0.5004 -0.5919 -0.6319
vn 0.5005 -0.5924 -0.6313
vn 0.5004 -0.5932 -0.6306
vn 0.4994 -0.5764 -0.6468
vn 0.4994 -0.5778 -0.6455
vn 0.4995 -0.5789 -0.6445
vn 0.4995 -0.5799 -0.6436
vn 0.4995 -0.5804 -0.6432
vn 0.4977 -0.5639 -0.6590
vn 0.4978 -0.5653 -0.6578
vn 0.4979 -0.5665 -0.6567
vn 0.4980 -0.5676 -0.6556
vn 0.4981 -0.5686 -0.6547
vn 0.4955 -0.5509 -0.6715
vn 0.4956 -0.5525 -0.6702
vn 0.4958 -0.5537 -0.6690
vn 0.4959 -0.5549 -0.6680
vn 0.4960 -0.5560 -0.6670
vn 0.4928 -0.5392 -0.6830
vn 0.4930 -0.5408 -0.6816
vn 0.4932 -0.5418 -0.6806
vn 0.4934 -0.5434 -0.6792
vn 0.4935 -0.5444 -0.6783
vn 0.4896 -0.5275 -0.6943
vn 0.4898 -0.5290 -0.6930
vn 0.4901 -0.5304 -0.6917
vn 0.4904 -0.5319 -0.6904
vn 0.4906 -0.5331 -0.6893
vn 0.4855 -0.5144 -0.7068
vn 0.4859 -0.5162 -0.7053
vn 0.4863 -0.5176 -0.7040
vn 0.4866 -0.5191 -0.7027
vn 0.4869 -0.5204 -0.7015
vn 0.4812 -0.5027 -0.7181
vn 0.4817 -0.5045 -0.7165
vn 0.4821 -0.5061 -0.7151
vn 0.4825 -0.5076 -0.7138
vn 0.4829 -0.5089 -0.7127
vn 0.4760 -0.4898 -0.7304
vn 0.4766 -0.4917 -0.7287
vn 0.4771 -0.4934 -0.7272
vn 0.4776 -0.4950 -0.7258
vn 0.4780 -0.4963 -0.7247
vn 0.4703 -0.4772 -0.7423
vn 0.4711 -0.4794 -0.7405
vn 0.4716 -0.4809 -0.7391
vn 0.4722 -0.4828 -0.7375
vn 0.4727 -0.4841 -0.7364
vn 0.4643 -0.4654 -0.7536
vn 0.4650 -0.4674 -0.7519
vn 0.4657 -0.4693 -0.7503
vn 0.4664 -0.4710 -0.7487
vn 0.4670 -0.4727 -0.7473
vn 0.4576 -0.4536 -0.7647
vn 0.4585 -0.4558 -0.7629
vn 0.4594 -0.4577 -0.7612
vn 0.4601 -0.4596 -0.7597
vn 0.4608 -0.4611 -0.7583
vn 0.4507 -0.4424 -0.7754
vn 0.4516 -0.4445 -0.7736
vn 0.4526 -0.4465 -0.7719
vn 0.4534 -0.4484 -0.7703
vn 0.4542 -0.4501 -0.7688
vn 0.4431 -0.4311 -0.7860
vn 0.4443 -0.4334 -0.7841
vn 0.4453 -0.4355 -0.7823
vn 0.4463 -0.4374 -0.7807
vn 0.4471 -0.4391 -0.7793
vn 0.4353 -0.4203 -0.7962
vn 0.4364 -0.4224 -0.7944
vn 0.4377 -0.4248 -0.7924
vn 0.4386 -0.4265 -0.7910
vn 0.4397 -0.4285 -0.7894
vn 0.4266 -0.4091 -0.8066
vn 0.4281 -0.4115 -0.8046
vn 0.4293 -0.4137 -0.8028
vn 0.4305 -0.4157 -0.8012
vn 0.4315 -0.4174 -0.7998
vn 0.4179 -0.3986 -0.8164
vn 0.4193 -0.4009 -0.8145
vn 0.4207 -0.4031 -0.8127
vn 0.4219 -0.4051 -0.8111
vn 0.4232 -0.4071 -0.8094
vn 0.4079 -0.3871 -0.8269
vn 0.4095 -0.3897 -0.8249
vn 0.4111 -0.3920 -0.8230
vn 0.4125 -0.3941 -0.8213
vn 0.4137 -0.3960 -0.8198
vn 0.3976 -0.3763 -0.8369
vn 0.3994 -0.3789 -0.8348
vn 0.4010 -0.3811 -0.8330
vn 0.4026 -0.3833 -0.8313
vn 0.4040 -0.3853 -0.8297
vn 0.3871 -0.3660 -0.8463
vn 0.3890 -0.3686 -0.8443
vn 0.3908 -0.3709 -0.8425
vn 0.3924 -0.3731 -0.8407
vn 0.3940 -0.3752 -0.8390
vn 0.3770 -0.3571 -0.8546
vn 0.3790 -0.3596 -0.8526
vn 0.3808 -0.3618 -0.8510
vn 0.3826 -0.3640 -0.8492
vn 0.3844 -0.3663 -0.8474
vn 0.3660 -0.3477 -0.8632
vn 0.3683 -0.3503 -0.8612
vn 0.3705 -0.3529 -0.8592
vn 0.3722 -0.3549 -0.8576
vn 0.3739 -0.3570 -0.8560
vn 0.3543 -0.3382 -0.8718
vn 0.3566 -0.3407 -0.8699
vn 0.3589 -0.3432 -0.8680
vn 0.3608 -0.3454 -0.8663
vn 0.3627 -0.3475 -0.8647
vn 0.3430 -0.3298 -0.8795
vn 0.3453 -0.3322 -0.8777
vn 0.3479 -0.3349 -0.8757
vn 0.3498 -0.3369 -0.8742
vn 0.3519 -0.3391 -0.8725
vn 0.3308 -0.3209 -0.8875
vn 0.3333 -0.3235 -0.8856
vn 0.3357 -0.3259 -0.8838
vn 0.3380 -0.3282 -0.8821
vn 0.3401 -0.3303 -0.8805
vn 0.3177 -0.3120 -0.8954
vn 0.3207 -0.3148 -0.8933
vn 0.3229 -0.3169 -0.8918
vn 0.3254 -0.3193 -0.8900
vn 0.3276 -0.3214 -0.8884
vn 0.3047 -0.3038 -0.9027
vn 0.3076 -0.3064 -0.9008
vn 0.3104 -0.3089 -0.8990
vn 0.3129 -0.3111 -0.8974
vn 0.3153 -0.3133 -0.8958
vn 0.2915 -0.2959 -0.9097
vn 0.2945 -0.2985 -0.9079
vn 0.2973 -0.3009 -0.9061
vn 0.3000 -0.3032 -0.9045
vn 0.3025 -0.3054 -0.9029
vn 0.2779 -0.2884 -0.9163
vn 0.2812 -0.2911 -0.9144
vn 0.2842 -0.2935 -0.9127
vn 0.2870 -0.2958 -0.9111
vn 0.2895 -0.2978 -0.9097
vn 0.2644 -0.2814 -0.9225
vn 0.2679 -0.2841 -0.9206
vn 0.2710 -0.2865 -0.9190
vn 0.2739 -0.2888 -0.9174
vn 0.2766 -0.2908 -0.9159
vn 0.2512 -0.2752 -0.9280
vn 0.2548 -0.2778 -0.9262
vn 0.2580 -0.2801 -0.9247
vn 0.2609 -0.2823 -0.9232
vn 0.2638 -0.2844 -0.9217
vn 0.2368 -0.2685 -0.9337
vn 0.2403 -0.2710 -0.9321
vn 0.2439 -0.2735 -0.9304
vn 0.2471 -0.2757 -0.9289
vn 0.2498 -0.2776 -0.9276
vn 0.2226 -0.2625 -0.9389
vn 0.2265 -0.2651 -0.9373
vn 0.2299 -0.2674 -0.9358
vn 0.2332 -0.2695 -0.9343
vn 0.2361 -0.2715 -0.9330
vn 0.2078 -0.2566 -0.9439
vn 0.2117 -0.2590 -0.9424
vn 0.2155 -0.2615 -0.9408
vn 0.2185 -0.2633 -0.9396
vn 0.2218 -0.2654 -0.9383
vn 0.1931 -0.2511 -0.9485
vn 0.1970 -0.2535 -0.9471
vn 0.2007 -0.2557 -0.9457
vn 0.2042 -0.2578 -0.9444
vn 0.2075 -0.2598 -0.9431
vn 0.1779 -0.2459 -0.9528
vn 0.1819 -0.2482 -0.9515
vn 0.1858 -0.2504 -0.9501
vn 0.1894 -0.2525 -0.9489
vn 0.1929 -0.2544 -0.9477
vn 0.1624 -0.2410 -0.9568
vn 0.1666 -0.2433 -0.9555
vn 0.1706 -0.2454 -0.9543
vn 0.1746 -0.2476 -0.9530
vn 0.1780 -0.2494 -0.9519
vn 0.1474 -0.2368 -0.9603
vn 0.1520 -0.2391 -0.9590
vn 0.1561 -0.2412 -0.9578
vn 0.1597 -0.2430 -0.9568
vn 0.1633 -0.2449 -0.9557
vn 0.1328 -0.2331 -0.9633
vn 0.1371 -0.2353 -0.9622
vn 0.1417 -0.2374 -0.9610
vn 0.1453 -0.2392 -0.9600
vn 0.1491 -0.2410 -0.9590
vn 0.1173 -0.2295 -0.9662
vn 0.1219 -0.2316 -0.9651
vn 0.1265 -0.2337 -0.9640
vn 0.1302 -0.2354 -0.9631
vn 0.1341 -0.2371 -0.9622
vn 0.1017 -0.2262 -0.9688
vn 0.1065 -0.2282 -0.9678
vn 0.1110 -0.2302 -0.9668
vn 0.1151 -0.2319 -0.9659
vn 0.1189 -0.2336 -0.9650
vn 0.0867 -0.2235 -0.9708
vn 0.0915 -0.2254 -0.9699
vn 0.0959 -0.2272 -0.9691
vn 0.1002 -0.2290 -0.9683
vn 0.1041 -0.2306 -0.9675
vn 0.0712 -0.2209 -0.9727
vn 0.0762 -0.2229 -0.9719
vn 0.0808 -0.2246 -0.9711
vn 0.0848 -0.2261 -0.9704
vn 0.0889 -0.2277 -0.9697
vn 0.0553 -0.2187 -0.9742
vn 0.0604 -0.2205 -0.9735
vn 0.0651 -0.2222 -0.9728
vn 0.0694 -0.2237 -0.9722
vn 0.0735 -0.2252 -0.9715
vn 0.0397 -0.2169 -0.9754
vn 0.0447 -0.2186 -0.9748
vn 0.0495 -0.2202 -0.9742
vn 0.0539 -0.2216 -0.9736
vn 0.0581 -0.2230 -0.9731
vn 0.0239 -0.2154 -0.9762
vn 0.0293 -0.2171 -0.9757
vn 0.0342 -0.2186 -0.9752
vn 0.0387 -0.2200 -0.9747
vn 0.0427 -0.2213 -0.9743
vn 0.0086 -0.2144 -0.9767
vn 0.0142 -0.2160 -0.9763
vn 0.0191 -0.2175 -0.9759
vn 0.0237 -0.2188 -0.9755
vn 0.0278 -0.2199 -0.9751
vn -0.0062 -0.2139 -0.9768
vn -0.0008 -0.2153 -0.9765
vn 0.0041 -0.2167 -0.9762
vn 0.0088 -0.2179 -0.9759
vn 0.0131 -0.2190 -0.9756
vn -0.0210 -0.2137 -0.9767
vn -0.0158 -0.2150 -0.9765
vn -0.0108 -0.2162 -0.9763
vn -0.0058 -0.2174 -0.9761
vn -0.0016 -0.2185 -0.9758
vn -0.0363 -0.2137 -0.9762
vn -0.0308 -0.2149 -0.9761
vn -0.0258 -0.2161 -0.9760
vn -0.0211 -0.2171 -0.9759
vn -0.0167 -0.2181 -0.9758
vn -0.0512 -0.2141 -0.9755
vn -0.0460 -0.2152 -0.9755
vn -0.0406 -0.2163 -0.9755
vn -0.0361 -0.2171 -0.9755
vn -0.0314 -0.2181 -0.9754
vn -0.0670 -0.2147 -0.9744
vn -0.0614 -0.2157 -0.9745
vn -0.0562 -0.2166 -0.9746
vn -0.0514 -0.2175 -0.9747
vn -0.0470 -0.2182 -0.9748
vn -0.0828 -0.2156 -0.9730
vn -0.0773 -0.2165 -0.9732
vn -0.0721 -0.2173 -0.9734
vn -0.0671 -0.2181 -0.9736
vn -0.0626 -0.2188 -0.9738
vn -0.0976 -0.2170 -0.9713
vn -0.0920 -0.2178 -0.9717
vn -0.0866 -0.2185 -0.9720
vn -0.0819 -0.2192 -0.9722
vn -0.0772 -0.2198 -0.9725
vn -0.1121 -0.2188 -0.9693
vn -0.1063 -0.2194 -0.9698
vn -0.1012 -0.2200 -0.9702
vn -0.0962 -0.2206 -0.9706
vn -0.0917 -0.2211 -0.9709
vn -0.1254 -0.2210 -0.9672
vn -0.1199 -0.2215 -0.9678
vn -0.1146 -0.2220 -0.9683
vn -0.1097 -0.2225 -0.9688
vn -0.1050 -0.2229 -0.9692
vn -0.1397 -0.2233 -0.9647
vn -0.1338 -0.2238 -0.9654
vn -0.1289 -0.2241 -0.9660
vn -0.1240 -0.2245 -0.9666
vn -0.1193 -0.2248 -0.9671
vn -0.1532 -0.2260 -0.9620
vn -0.1480 -0.2263 -0.9627
vn -0.1421 -0.2266 -0.9636
vn -0.1373 -0.2269 -0.9642
vn -0.1328 -0.2271 -0.9648
vn -0.1678 -0.2290 -0.9589
vn -0.1621 -0.2292 -0.9598
vn -0.1570 -0.2293 -0.9606
vn -0.1521 -0.2295 -0.9614
vn -0.1474 -0.2296 -0.9621
vn -0.1811 -0.2323 -0.9556
vn -0.1756 -0.2323 -0.9567
vn -0.1704 -0.2324 -0.9576
vn -0.1655 -0.2324 -0.9584
vn -0.1608 -0.2325 -0.9592
vn -0.1953 -0.2358 -0.9520
vn -0.1895 -0.2358 -0.9532
vn -0.1842 -0.2357 -0.9542
vn -0.1793 -0.2357 -0.9551
vn -0.1750 -0.2356 -0.9560
vn -0.2090 -0.2397 -0.9481
vn -0.2034 -0.2396 -0.9493
vn -0.1982 -0.2394 -0.9505
vn -0.1932 -0.2392 -0.9516
vn -0.1888 -0.2391 -0.9525
vn -0.2209 -0.2439 -0.9443
vn -0.2154 -0.2436 -0.9457
vn -0.2103 -0.2433 -0.9469
vn -0.2053 -0.2430 -0.9480
vn -0.2009 -0.2427 -0.9491
vn -0.2337 -0.2483 -0.9401
vn -0.2285 -0.2479 -0.9415
vn -0.2233 -0.2475 -0.9428
vn -0.2185 -0.2471 -0.9440
vn -0.2139 -0.2468 -0.9452
vn -0.2468 -0.2530 -0.9354
vn -0.2412 -0.2525 -0.9371
vn -0.2362 -0.2520 -0.9385
vn -0.2313 -0.2515 -0.9398
vn -0.2270 -0.2511 -0.9410
vn -0.2582 -0.2579 -0.9310
vn -0.2529 -0.2573 -0.9327
vn -0.2475 -0.2566 -0.9343
vn -0.2428 -0.2560 -0.9357
vn -0.2386 -0.2555 -0.9369
vn -0.2695 -0.2630 -0.9264
vn -0.2640 -0.2622 -0.9282
vn -0.2593 -0.2615 -0.9297
vn -0.2547 -0.2608 -0.9312
vn -0.2502 -0.2602 -0.9326
vn -0.2809 -0.2684 -0.9214
vn -0.2757 -0.2675 -0.9233
vn -0.2707 -0.2666 -0.9250
vn -0.2662 -0.2659 -0.9265
vn -0.2620 -0.2652 -0.9279
vn -0.2924 -0.2740 -0.9162
vn -0.2871 -0.2730 -0.9182
vn -0.2822 -0.2720 -0.9200
vn -0.2779 -0.2712 -0.9215
vn -0.2737 -0.2704 -0.9230
vn -0.3044 -0.2801 -0.9104
vn -0.2990 -0.2789 -0.9126
vn -0.2946 -0.2779 -0.9143
vn -0.2897 -0.2769 -0.9162
vn -0.2859 -0.2760 -0.9177
vn -0.3152 -0.2862 -0.9048
vn -0.3102 -0.2850 -0.9070
vn -0.3054 -0.2838 -0.9089
vn -0.3011 -0.2828 -0.9107
vn -0.2969 -0.2818 -0.9124
vn -0.3254 -0.2925 -0.8992
vn -0.3206 -0.2912 -0.9013
vn -0.3156 -0.2898 -0.9036
vn -0.3117 -0.2888 -0.9052
vn -0.3075 -0.2876 -0.9070
vn -0.3348 -0.2987 -0.8937
vn -0.3301 -0.2974 -0.8959
vn -0.3253 -0.2960 -0.8981
vn -0.3211 -0.2947 -0.9000
vn -0.3172 -0.2936 -0.9018
vn -0.3447 -0.3055 -0.8876
vn -0.3399 -0.3039 -0.8900
vn -0.3352 -0.3024 -0.8923
vn -0.3311 -0.3011 -0.8943
vn -0.3275 -0.2999 -0.8960
vn -0.3538 -0.3122 -0.8817
vn -0.3489 -0.3105 -0.8842
vn -0.3446 -0.3090 -0.8864
vn -0.3406 -0.3076 -0.8885
vn -0.3370 -0.3063 -0.8903
vn -0.3625 -0.3191 -0.8756
vn -0.3580 -0.3173 -0.8781
vn -0.3538 -0.3157 -0.8804
vn -0.3498 -0.3142 -0.8825
vn -0.3462 -0.3128 -0.8845
vn -0.3715 -0.3263 -0.8692
vn -0.3672 -0.3245 -0.8717
vn -0.3631 -0.3228 -0.8740
vn -0.3590 -0.3212 -0.8764
vn -0.3556 -0.3198 -0.8782
vn -0.3803 -0.3337 -0.8626
vn -0.3760 -0.3318 -0.8652
vn -0.3719 -0.3301 -0.8676
vn -0.3682 -0.3284 -0.8698
vn -0.3647 -0.3269 -0.8719
vn -0.3881 -0.3410 -0.8562
vn -0.3841 -0.3392 -0.8588
vn -0.3798 -0.3371 -0.8615
vn -0.3765 -0.3356 -0.8635
vn -0.3730 -0.3339 -0.8657
vn -0.3962 -0.3488 -0.8493
vn -0.3919 -0.3467 -0.8522
vn -0.3881 -0.3447 -0.8547
vn -0.3849 -0.3431 -0.8568
vn -0.3815 -0.3414 -0.8590
vn -0.4034 -0.3565 -0.8427
vn -0.3995 -0.3543 -0.8455
vn -0.3959 -0.3523 -0.8480
vn -0.3925 -0.3505 -0.8504
vn -0.3892 -0.3487 -0.8526
vn -0.4099 -0.3639 -0.8364
vn -0.4062 -0.3618 -0.8391
vn -0.4027 -0.3597 -0.8417
vn -0.3994 -0.3578 -0.8441
vn -0.3962 -0.3560 -0.8463
vn -0.4165 -0.3718 -0.8297
vn -0.4129 -0.3695 -0.8325
vn -0.4095 -0.3674 -0.8351
vn -0.4063 -0.3654 -0.8375
vn -0.4033 -0.3636 -0.8397
vn -0.4227 -0.3796 -0.8229
vn -0.4192 -0.3773 -0.8258
vn -0.4159 -0.3751 -0.8284
vn -0.4129 -0.3731 -0.8308
vn -0.4101 -0.3713 -0.8331
vn -0.4289 -0.3879 -0.8158
vn -0.4256 -0.3855 -0.8187
vn -0.4222 -0.3831 -0.8216
vn -0.4193 -0.3810 -0.8240
vn -0.4168 -0.3793 -0.8261
vn -0.4345 -0.3959 -0.8090
vn -0.4313 -0.3935 -0.8119
vn -0.4283 -0.3912 -0.8146
vn -0.4255 -0.3891 -0.8170
vn -0.4229 -0.3871 -0.8193
vn -0.4401 -0.4043 -0.8018
vn -0.4370 -0.4018 -0.8048
vn -0.4341 -0.3995 -0.8075
vn -0.4314 -0.3973 -0.8099
vn -0.4291 -0.3954 -0.8121
vn -0.4451 -0.4126 -0.7948
vn -0.4422 -0.4101 -0.7977
vn -0.4395 -0.4077 -0.8004
vn -0.4369 -0.4055 -0.8029
vn -0.4345 -0.4035 -0.8052
vn -0.4500 -0.4211 -0.7875
vn -0.4473 -0.4186 -0.7904
vn -0.4447 -0.4162 -0.7931
vn -0.4420 -0.4137 -0.7959
vn -0.4399 -0.4118 -0.7981
vn -0.4541 -0.4292 -0.7808
vn -0.4514 -0.4265 -0.7838
vn -0.4489 -0.4241 -0.7865
vn -0.4466 -0.4219 -0.7890
vn -0.4446 -0.4199 -0.7913
vn -0.4580 -0.4375 -0.7739
vn -0.4555 -0.4349 -0.7767
vn -0.4531 -0.4323 -0.7796
vn -0.4512 -0.4303 -0.7818
vn -0.4490 -0.4281 -0.7843
vn -0.4617 -0.4459 -0.7668
vn -0.4593 -0.4432 -0.7698
vn -0.4572 -0.4408 -0.7724
vn -0.4552 -0.4386 -0.7749
vn -0.4533 -0.4365 -0.7772
vn -0.4648 -0.4541 -0.7601
vn -0.4626 -0.4513 -0.7631
vn -0.4605 -0.4489 -0.7658
vn -0.4587 -0.4466 -0.7682
vn -0.4569 -0.4446 -0.7704
vn -0.4680 -0.4626 -0.7530
vn -0.4660 -0.4600 -0.7558
vn -0.4639 -0.4573 -0.7587
vn -0.4624 -0.4553 -0.7608
vn -0.4606 -0.4531 -0.7632
vn -0.4709 -0.4712 -0.7458
vn -0.4691 -0.4687 -0.7485
vn -0.4671 -0.4659 -0.7515
vn -0.4656 -0.4638 -0.7537
vn -0.4641 -0.4617 -0.7560
vn -0.4732 -0.4795 -0.7391
vn -0.4715 -0.4768 -0.7419
vn -0.4698 -0.4743 -0.7445
vn -0.4685 -0.4723 -0.7467
vn -0.4670 -0.4700 -0.7490
vn -0.4755 -0.4882 -0.7318
vn -0.4739 -0.4855 -0.7346
vn -0.4724 -0.4830 -0.7372
vn -0.4710 -0.4808 -0.7396
vn -0.4698 -0.4787 -0.7417
vn -0.4775 -0.4969 -0.7246
vn -0.4761 -0.4942 -0.7274
vn -0.4747 -0.4917 -0.7300
vn -0.4734 -0.4894 -0.7324
vn -0.4722 -0.4873 -0.7345
vn -0.4788 -0.5047 -0.7184
vn -0.4775 -0.5022 -0.7210
vn -0.4763 -0.4997 -0.7235
vn -0.4751 -0.4975 -0.7258
vn -0.4740 -0.4953 -0.7280
vn -0.4800 -0.5128 -0.7118
vn -0.4788 -0.5102 -0.7145
vn -0.4778 -0.5080 -0.7167
vn -0.4767 -0.5058 -0.7190
vn -0.4757 -0.5036 -0.7211
vn -0.4812 -0.5217 -0.7044
vn -0.4802 -0.5191 -0.7071
vn -0.4792 -0.5167 -0.7095
vn -0.4782 -0.5144 -0.7118
vn -0.4774 -0.5125 -0.7138
vn -0.4816 -0.5290 -0.6987
vn -0.4807 -0.5266 -0.7011
vn -0.4799 -0.5243 -0.7034
vn -0.4790 -0.5221 -0.7056
vn -0.4783 -0.5201 -0.7076
vn -0.4824 -0.5380 -0.6913
vn -0.4815 -0.5354 -0.6939
vn -0.4808 -0.5331 -0.6962
vn -0.4801 -0.5310 -0.6983
vn -0.4795 -0.5292 -0.7000
vn -0.4826 -0.5461 -0.6848
vn -0.4820 -0.5438 -0.6870
vn -0.4813 -0.5416 -0.6892
vn -0.4807 -0.5395 -0.6912
vn -0.4801 -0.5375 -0.6932
vn -0.4827 -0.5548 -0.6777
vn -0.4821 -0.5525 -0.6799
vn -0.4816 -0.5500 -0.6823
vn -0.4811 -0.5480 -0.6843
vn -0.4806 -0.5463 -0.6860
vn -0.4823 -0.5625 -0.6715
vn -0.4819 -0.5604 -0.6736
vn -0.4814 -0.5580 -0.6759
vn -0.4810 -0.5561 -0.6778
vn -0.4807 -0.5543 -0.6795
vn -0.4819 -0.5709 -0.6648
vn -0.4815 -0.5685 -0.6671
vn -0.4812 -0.5664 -0.6691
vn -0.4808 -0.5644 -0.6710
vn -0.4806 -0.5628 -0.6725
vn -0.4811 -0.5790 -0.6583
vn -0.4809 -0.5767 -0.6604
vn -0.4806 -0.5747 -0.6624
vn -0.4804 -0.5728 -0.6641
vn -0.4802 -0.5711 -0.6658
vn -0.4801 -0.5862 -0.6527
vn -0.4799 -0.5840 -0.6547
vn -0.4798 -0.5823 -0.6563
vn -0.4796 -0.5802 -0.6584
vn -0.4794 -0.5786 -0.6598
vn -0.4789 -0.5944 -0.6461
vn -0.4788 -0.5921 -0.6482
vn -0.4787 -0.5903 -0.6499
vn -0.4787 -0.5885 -0.6516
vn -0.4786 -0.5871 -0.6529
vn -0.4775 -0.6025 -0.6396
vn -0.4775 -0.6005 -0.6414
vn -0.4775 -0.5988 -0.6430
vn -0.4775 -0.5969 -0.6447
vn -0.4775 -0.5955 -0.6461
vn -0.4759 -0.6104 -0.6333
vn -0.4759 -0.6086 -0.6349
vn -0.4760 -0.6068 -0.6366
vn -0.4761 -0.6050 -0.6382
vn -0.4761 -0.6037 -0.6395
vn -0.4741 -0.6177 -0.6274
vn -0.4742 -0.6161 -0.6290
vn -0.4743 -0.6144 -0.6305
vn -0.4744 -0.6129 -0.6319
vn -0.4745 -0.6115 -0.6332
vn -0.4721 -0.6251 -0.6216
vn -0.4722 -0.6234 -0.6231
vn -0.4724 -0.6219 -0.6246
vn -0.4726 -0.6205 -0.6258
vn -0.4727 -0.6191 -0.6271
vn -0.4699 -0.6326 -0.6157
vn -0.4701 -0.6312 -0.6169
vn -0.4703 -0.6296 -0.6184
vn -0.4705 -0.6284 -0.6195
vn -0.4707 -0.6270 -0.6207
vn -0.4673 -0.6410 -0.6090
vn -0.4676 -0.6395 -0.6103
vn -0.4678 -0.6380 -0.6116
vn -0.4681 -0.6366 -0.6128
vn -0.4683 -0.6356 -0.6138
vn -0.4648 -0.6478 -0.6036
vn -0.4650 -0.6465 -0.6048
vn -0.4654 -0.6449 -0.6062
vn -0.4657 -0.6437 -0.6072
vn -0.4659 -0.6427 -0.6082
vn -0.4620 -0.6551 -0.5979
vn -0.4624 -0.6535 -0.5992
vn -0.4626 -0.6527 -0.6000
vn -0.4630 -0.6512 -0.6013
vn -0.4632 -0.6503 -0.6020
vn -0.4592 -0.6618 -0.5926
vn -0.4595 -0.6608 -0.5935
vn -0.4598 -0.6597 -0.5944
vn -0.4602 -0.6585 -0.5955
vn -0.4605 -0.6576 -0.5963
vn -0.4559 -0.6695 -0.5865
vn -0.4563 -0.6684 -0.5874
vn -0.4567 -0.6672 -0.5884
vn -0.4569 -0.6667 -0.5889
vn -0.4572 -0.6656 -0.5898
vn -0.4524 -0.6772 -0.5803
vn -0.4527 -0.6764 -0.5810
vn -0.4529 -0.6759 -0.5815
vn -0.4533 -0.6747 -0.5825
vn -0.4536 -0.6740 -0.5831
vn -0.4476 -0.6874 -0.5720
vn -0.4481 -0.6861 -0.5731
vn -0.4483 -0.6856 -0.5735
vn -0.4488 -0.6845 -0.5745
vn -0.4490 -0.6841 -0.5748
vn -0.4434 -0.6954 -0.5656
vn -0.4438 -0.6945 -0.5663
vn -0.4442 -0.6937 -0.5670
vn -0.4445 -0.6930 -0.5676
vn -0.4447 -0.6926 -0.5679
vn -0.4393 -0.7026 -0.5598
vn -0.4396 -0.7019 -0.5604
vn -0.4400 -0.7012 -0.5610
vn -0.4403 -0.7006 -0.5615
vn -0.4407 -0.6998 -0.5621
vn -0.4358 -0.7082 -0.5554
vn -0.4361 -0.7077 -0.5559
vn -0.4364 -0.7071 -0.5563
vn -0.4367 -0.7066 -0.5568
vn -0.4372 -0.7057 -0.5575
vn -0.4335 -0.7116 -0.5528
vn -0.4338 -0.7111 -0.5533
vn -0.4340 -0.7108 -0.5536
vn -0.4342 -0.7104 -0.5539
vn -0.4344 -0.7101 -0.5541
vn -0.4311 -0.7153 -0.5500
vn -0.4312 -0.7150 -0.5503
vn -0.4314 -0.7147 -0.5505
vn -0.4315 -0.7146 -0.5506
vn -0.4317 -0.7143 -0.5508
vn -0.4303 -0.7162 -0.5494
vn -0.4303 -0.7164 -0.5492
vn -0.4303 -0.7165 -0.5491
vn -0.4304 -0.7164 -0.5492
vn -0.4302 -0.7167 -0.5489
vn -0.4299 -0.7171 -0.5486
vn -0.4297 -0.7173 -0.5484
vn -0.4295 -0.7176 -0.5482
vn 0.2339 -0.5218 -0.8204
vn -0.4288 -0.7187 -0.5473
vn -0.4286 -0.7190 -0.5471
vn -0.4284 -0.7193 -0.5468
vn -0.8605 -0.5061 0.0589
vn 0.8473 0.2268 0.4802
vn 0.8482 0.2291 0.4776
vn 0.8482 0.2292 0.4775
vn 0.8498 0.2348 0.4720
vn 0.8498 0.2348 0.4719
vn 0.8521 0.2422 0.4639
vn 0.8521 0.2423 0.4640
vn 0.8547 0.2523 0.4537
vn 0.8545 0.2524 0.4540
vn 0.8576 0.2649 0.4408
vn 0.8577 0.2650 0.4407
vn 0.8605 0.2804 0.4254
vn 0.8605 0.2804 0.4253
vn 0.8631 0.2987 0.4072
vn 0.8628 0.2988 0.4077
vn 0.8650 0.3194 0.3869
vn 0.8648 0.3196 0.3873
vn 0.8660 0.3388 0.3678
vn 0.8661 0.3555 0.3513
vn 0.8662 0.3555 0.3512
vn 0.8657 0.3715 0.3354
vn 0.8658 0.3715 0.3353
vn 0.8648 0.3873 0.3196
vn 0.8649 0.3873 0.3195
vn 0.8633 0.4030 0.3038
vn 0.8612 0.4187 0.2882
vn 0.8584 0.4346 0.2725
vn 0.8585 0.4346 0.2724
vn 0.8550 0.4507 0.2566
vn 0.8509 0.4671 0.2404
vn 0.8509 0.4671 0.2405
vn 0.8461 0.4835 0.2243
vn 0.8462 0.4834 0.2242
vn 0.8409 0.4995 0.2085
vn 0.8351 0.5151 0.1930
vn 0.8351 0.5152 0.1930
vn 0.8288 0.5306 0.1777
vn 0.8288 0.5306 0.1778
vn 0.8219 0.5459 0.1628
vn 0.8144 0.5612 0.1478
vn 0.8144 0.5612 0.1479
vn 0.8062 0.5765 0.1329
vn 0.8063 0.5765 0.1328
vn 0.7973 0.5920 0.1178
vn 0.7876 0.6076 0.1027
vn 0.7773 0.6229 0.0879
vn 0.7667 0.6378 0.0735
vn 0.7667 0.6378 0.0734
vn 0.7557 0.6523 0.0594
vn 0.7556 0.6523 0.0595
vn 0.7441 0.6665 0.0457
vn 0.7441 0.6665 0.0458
vn 0.7321 0.6805 0.0321
vn 0.7320 0.6805 0.0322
vn 0.7193 0.6944 0.0188
vn 0.7193 0.6944 0.0187
vn 0.7059 0.7083 0.0055
vn 0.6916 0.7223 -0.0077
vn 0.6766 0.7361 -0.0208
vn 0.6613 0.7494 -0.0333
vn 0.6457 0.7622 -0.0455
vn 0.6298 0.7746 -0.0572
vn 0.6298 0.7746 -0.0573
vn 0.6135 0.7867 -0.0687
vn 0.5967 0.7985 -0.0798
vn 0.5792 0.8101 -0.0907
vn 0.5609 0.8217 -0.1013
vn 0.5609 0.8216 -0.1014
vn 0.5418 0.8330 -0.1118
vn 0.5223 0.8440 -0.1219
vn 0.5223 0.8440 -0.1218
vn 0.5027 0.8544 -0.1314
vn 0.5027 0.8544 -0.1315
vn 0.4830 0.8643 -0.1405
vn 0.4830 0.8643 -0.1406
vn 0.4630 0.8737 -0.1492
vn 0.4427 0.8827 -0.1575
vn 0.4218 0.8914 -0.1655
vn 0.4218 0.8914 -0.1654
vn 0.4004 0.8999 -0.1730
vn 0.3782 0.9080 -0.1802
vn 0.3553 0.9158 -0.1871
vn 0.3553 0.9158 -0.1870
vn 0.3324 0.9231 -0.1934
vn 0.3324 0.9231 -0.1933
vn 0.3096 0.9297 -0.1993
vn 0.3096 0.9298 -0.1992
vn 0.2868 0.9359 -0.2047
vn 0.2638 0.9415 -0.2096
vn 0.2639 0.9415 -0.2095
vn 0.2406 0.9467 -0.2140
vn 0.2170 0.9515 -0.2180
vn 0.2169 0.9515 -0.2181
vn 0.1927 0.9559 -0.2217
vn 0.1678 0.9599 -0.2247
vn 0.1427 0.9633 -0.2273
vn 0.1178 0.9662 -0.2295
vn 0.0932 0.9685 -0.2311
vn 0.0686 0.9702 -0.2324
vn 0.0687 0.9702 -0.2324
vn 0.0441 0.9715 -0.2331
vn 0.0441 0.9715 -0.2330
vn 0.0194 0.9722 -0.2333
vn -0.0057 0.9725 -0.2330
vn -0.0056 0.9725 -0.2330
vn -0.0312 0.9722 -0.2322
vn -0.0571 0.9713 -0.2308
vn -0.0827 0.9699 -0.2288
vn -0.1079 0.9680 -0.2265
vn -0.1328 0.9655 -0.2238
vn -0.1574 0.9626 -0.2207
vn -0.1573 0.9626 -0.2207
vn -0.1818 0.9591 -0.2170
vn -0.1819 0.9591 -0.2171
vn -0.2064 0.9550 -0.2129
vn -0.2311 0.9504 -0.2081
vn -0.2562 0.9451 -0.2027
vn -0.2561 0.9451 -0.2027
vn -0.2812 0.9393 -0.1968
vn -0.3056 0.9329 -0.1905
vn -0.3294 0.9261 -0.1839
vn -0.3527 0.9189 -0.1769
vn -0.3756 0.9111 -0.1695
vn -0.3984 0.9028 -0.1618
vn -0.3984 0.9028 -0.1617
vn -0.4210 0.8940 -0.1533
vn -0.4437 0.8845 -0.1443
vn -0.4436 0.8845 -0.1442
vn -0.4663 0.8744 -0.1346
vn -0.4663 0.8743 -0.1346
vn -0.4884 0.8637 -0.1245
vn -0.5098 0.8527 -0.1142
vn -0.5305 0.8413 -0.1038
vn -0.5305 0.8413 -0.1037
vn -0.5506 0.8295 -0.0930
vn -0.5506 0.8296 -0.0930
vn -0.5703 0.8174 -0.0819
vn -0.5702 0.8174 -0.0818
vn -0.5895 0.8047 -0.0702
vn -0.5895 0.8047 -0.0703
vn -0.6085 0.7914 -0.0581
vn -0.6273 0.7774 -0.0453
vn -0.6273 0.7774 -0.0454
vn -0.6457 0.7629 -0.0321
vn -0.6458 0.7629 -0.0321
vn -0.6634 0.7481 -0.0186
vn -0.6802 0.7330 -0.0051
vn -0.6801 0.7331 -0.0051
vn -0.6962 0.7178 0.0085
vn -0.7116 0.7022 0.0223
vn -0.7116 0.7023 0.0224
vn -0.7264 0.6863 0.0365
vn -0.7407 0.6699 0.0510
vn -0.7546 0.6529 0.0661
vn -0.7545 0.6529 0.0661
vn -0.7679 0.6353 0.0818
vn -0.7806 0.6173 0.0977
vn -0.7924 0.5993 0.1135
vn -0.8034 0.5813 0.1293
vn -0.8034 0.5812 0.1292
vn -0.8136 0.5631 0.1450
vn -0.8135 0.5631 0.1450
vn -0.8230 0.5447 0.1609
vn -0.8230 0.5448 0.1610
vn -0.8319 0.5260 0.1770
vn -0.8318 0.5261 0.1771
vn -0.8400 0.5070 0.1936
vn -0.8399 0.5070 0.1936
vn -0.8475 0.4873 0.2105
vn -0.8475 0.4873 0.2106
vn -0.8542 0.4674 0.2279
vn -0.8602 0.4472 0.2451
vn -0.8602 0.4471 0.2451
vn -0.8653 0.4272 0.2622
vn -0.8696 0.4074 0.2791
vn -0.8696 0.4074 0.2790
vn -0.8730 0.3876 0.2959
vn -0.8731 0.3876 0.2958
vn -0.8758 0.3677 0.3127
vn -0.8778 0.3475 0.3297
vn -0.8790 0.3271 0.3470
vn -0.8794 0.3062 0.3647
vn -0.8793 0.3062 0.3647
vn -0.8789 0.2851 0.3823
vn -0.8790 0.2851 0.3823
vn -0.8777 0.2643 0.3997
vn -0.8777 0.2644 0.3997
vn -0.8756 0.2440 0.4168
vn -0.8757 0.2439 0.4167
vn -0.8729 0.2239 0.4336
vn -0.8729 0.2238 0.4335
vn -0.8695 0.2036 0.4500
vn -0.8653 0.1835 0.4665
vn -0.8652 0.1835 0.4666
vn -0.8601 0.1636 0.4833
vn -0.8601 0.1635 0.4832
vn -0.8540 0.1430 0.5002
vn -0.8541 0.1429 0.5001
vn -0.8460 0.1195 0.5196
vn -0.8359 0.0942 0.5408
vn -0.8257 0.0711 0.5597
vn -0.8256 0.0710 0.5597
vn -0.8161 0.0515 0.5755
vn -0.8161 0.0514 0.5756
vn -0.8076 0.0353 0.5886
vn -0.8076 0.0352 0.5887
vn -0.8004 0.0222 0.5990
vn -0.7947 0.0122 0.6069
vn -0.7908 0.0048 0.6121
vn -0.7907 0.0051 0.6122
vn -0.7873 -0.0007 0.6165
vn -0.7874 -0.0011 0.6164
vn -0.7856 -0.0036 0.6187
vn -0.8484 -0.2304 -0.4767
vn -0.8488 -0.2319 -0.4751
vn -0.8489 -0.2316 -0.4751
vn -0.8500 -0.2358 -0.4710
vn -0.8520 -0.2420 -0.4643
vn -0.8519 -0.2422 -0.4644
vn -0.8543 -0.2514 -0.4550
vn -0.8544 -0.2512 -0.4548
vn -0.8571 -0.2636 -0.4426
vn -0.8573 -0.2633 -0.4424
vn -0.8602 -0.2788 -0.4271
vn -0.8600 -0.2791 -0.4271
vn -0.8630 -0.2973 -0.4085
vn -0.8629 -0.2974 -0.4085
vn -0.8650 -0.3187 -0.3876
vn -0.8659 -0.3387 -0.3681
vn -0.8658 -0.3389 -0.3682
vn -0.8662 -0.3553 -0.3514
vn -0.8658 -0.3713 -0.3355
vn -0.8649 -0.3869 -0.3197
vn -0.8647 -0.3872 -0.3199
vn -0.8633 -0.4027 -0.3042
vn -0.8634 -0.4026 -0.3041
vn -0.8612 -0.4183 -0.2885
vn -0.8613 -0.4183 -0.2885
vn -0.8586 -0.4341 -0.2728
vn -0.8585 -0.4342 -0.2728
vn -0.8552 -0.4502 -0.2568
vn -0.8551 -0.4503 -0.2569
vn -0.8510 -0.4668 -0.2408
vn -0.8510 -0.4667 -0.2408
vn -0.8463 -0.4831 -0.2246
vn -0.8410 -0.4991 -0.2088
vn -0.8352 -0.5148 -0.1934
vn -0.8290 -0.5301 -0.1782
vn -0.8290 -0.5302 -0.1782
vn -0.8221 -0.5454 -0.1632
vn -0.8222 -0.5453 -0.1631
vn -0.8147 -0.5606 -0.1482
vn -0.8066 -0.5759 -0.1333
vn -0.8065 -0.5759 -0.1333
vn -0.7977 -0.5914 -0.1182
vn -0.7976 -0.5914 -0.1182
vn -0.7880 -0.6070 -0.1031
vn -0.7879 -0.6071 -0.1031
vn -0.7777 -0.6224 -0.0882
vn -0.7670 -0.6373 -0.0739
vn -0.7561 -0.6518 -0.0599
vn -0.7446 -0.6659 -0.0461
vn -0.7326 -0.6799 -0.0326
vn -0.7200 -0.6937 -0.0192
vn -0.7199 -0.6938 -0.0193
vn -0.7065 -0.7077 -0.0060
vn -0.6922 -0.7217 0.0073
vn -0.6772 -0.7355 0.0204
vn -0.6619 -0.7489 0.0330
vn -0.6463 -0.7617 0.0452
vn -0.6463 -0.7617 0.0451
vn -0.6305 -0.7741 0.0569
vn -0.6143 -0.7861 0.0683
vn -0.5975 -0.7979 0.0795
vn -0.5975 -0.7979 0.0794
vn -0.5801 -0.8095 0.0904
vn -0.5618 -0.8211 0.1011
vn -0.5618 -0.8211 0.1010
vn -0.5427 -0.8325 0.1116
vn -0.5427 -0.8325 0.1115
vn -0.5231 -0.8436 0.1216
vn -0.5232 -0.8435 0.1217
vn -0.5035 -0.8540 0.1312
vn -0.4838 -0.8638 0.1403
vn -0.4839 -0.8638 0.1403
vn -0.4640 -0.8732 0.1490
vn -0.4437 -0.8822 0.1573
vn -0.4437 -0.8823 0.1573
vn -0.4229 -0.8910 0.1652
vn -0.4015 -0.8994 0.1729
vn -0.4015 -0.8994 0.1728
vn -0.3793 -0.9076 0.1801
vn -0.3564 -0.9154 0.1869
vn -0.3564 -0.9155 0.1869
vn -0.3334 -0.9227 0.1933
vn -0.3334 -0.9228 0.1932
vn -0.3106 -0.9294 0.1992
vn -0.3106 -0.9294 0.1991
vn -0.2879 -0.9356 0.2046
vn -0.2879 -0.9356 0.2045
vn -0.2650 -0.9412 0.2095
vn -0.2418 -0.9464 0.2140
vn -0.2182 -0.9512 0.2180
vn -0.2182 -0.9512 0.2181
vn -0.1940 -0.9556 0.2217
vn -0.1690 -0.9596 0.2248
vn -0.1438 -0.9631 0.2274
vn -0.1189 -0.9660 0.2295
vn -0.0943 -0.9683 0.2313
vn -0.0943 -0.9683 0.2312
vn -0.0699 -0.9701 0.2324
vn -0.0454 -0.9714 0.2332
vn -0.0207 -0.9721 0.2335
vn 0.0043 -0.9724 0.2332
vn 0.0299 -0.9722 0.2324
vn 0.0559 -0.9713 0.2310
vn 0.0816 -0.9700 0.2291
vn 0.1068 -0.9681 0.2268
vn 0.1316 -0.9656 0.2241
vn 0.1562 -0.9627 0.2211
vn 0.1562 -0.9627 0.2210
vn 0.1806 -0.9592 0.2175
vn 0.1806 -0.9592 0.2174
vn 0.2052 -0.9552 0.2132
vn 0.2052 -0.9552 0.2133
vn 0.2299 -0.9506 0.2086
vn 0.2551 -0.9453 0.2032
vn 0.2801 -0.9395 0.1972
vn 0.3046 -0.9332 0.1909
vn 0.3284 -0.9264 0.1843
vn 0.3517 -0.9192 0.1774
vn 0.3746 -0.9115 0.1701
vn 0.3746 -0.9115 0.1700
vn 0.3973 -0.9032 0.1623
vn 0.4199 -0.8944 0.1539
vn 0.4199 -0.8944 0.1538
vn 0.4427 -0.8849 0.1448
vn 0.4426 -0.8849 0.1448
vn 0.4654 -0.8747 0.1351
vn 0.4654 -0.8747 0.1352
vn 0.4876 -0.8640 0.1251
vn 0.4876 -0.8641 0.1250
vn 0.5091 -0.8530 0.1148
vn 0.5091 -0.8531 0.1147
vn 0.5297 -0.8417 0.1043
vn 0.5498 -0.8300 0.0936
vn 0.5694 -0.8179 0.0825
vn 0.5887 -0.8052 0.0710
vn 0.6077 -0.7920 0.0588
vn 0.6266 -0.7780 0.0460
vn 0.6451 -0.7634 0.0327
vn 0.6451 -0.7634 0.0326
vn 0.6628 -0.7485 0.0192
vn 0.6628 -0.7485 0.0191
vn 0.6796 -0.7335 0.0057
vn 0.6957 -0.7183 -0.0079
vn 0.7110 -0.7028 -0.0217
vn 0.7258 -0.6869 -0.0359
vn 0.7258 -0.6869 -0.0358
vn 0.7402 -0.6705 -0.0503
vn 0.7402 -0.6706 -0.0503
vn 0.7541 -0.6535 -0.0655
vn 0.7541 -0.6535 -0.0654
vn 0.7675 -0.6359 -0.0812
vn 0.7675 -0.6358 -0.0811
vn 0.7803 -0.6178 -0.0971
vn 0.7921 -0.5998 -0.1130
vn 0.7922 -0.5998 -0.1130
vn 0.8031 -0.5818 -0.1287
vn 0.8133 -0.5636 -0.1444
vn 0.8228 -0.5453 -0.1603
vn 0.8227 -0.5453 -0.1603
vn 0.8315 -0.5267 -0.1765
vn 0.8315 -0.5267 -0.1764
vn 0.8397 -0.5076 -0.1929
vn 0.8398 -0.5076 -0.1928
vn 0.8473 -0.4879 -0.2100
vn 0.8541 -0.4678 -0.2274
vn 0.8601 -0.4476 -0.2448
vn 0.8652 -0.4277 -0.2618
vn 0.8695 -0.4079 -0.2787
vn 0.8695 -0.4079 -0.2786
vn 0.8730 -0.3881 -0.2954
vn 0.8757 -0.3682 -0.3122
vn 0.8758 -0.3682 -0.3121
vn 0.8778 -0.3481 -0.3292
vn 0.8790 -0.3276 -0.3466
vn 0.8790 -0.3275 -0.3465
vn 0.8794 -0.3066 -0.3643
vn 0.8794 -0.3065 -0.3642
vn 0.8789 -0.2854 -0.3821
vn 0.8789 -0.2855 -0.3822
vn 0.8777 -0.2646 -0.3995
vn 0.8776 -0.2647 -0.3996
vn 0.8758 -0.2442 -0.4165
vn 0.8758 -0.2442 -0.4164
vn 0.8730 -0.2240 -0.4333
vn 0.8730 -0.2240 -0.4332
vn 0.8695 -0.2040 -0.4498
vn 0.8696 -0.2040 -0.4497
vn 0.8653 -0.1839 -0.4663
vn 0.8653 -0.1840 -0.4663
vn 0.8602 -0.1638 -0.4829
vn 0.8603 -0.1638 -0.4828
vn 0.8542 -0.1431 -0.4999
vn 0.8459 -0.1190 -0.5198
vn 0.8459 -0.1191 -0.5199
vn 0.8352 -0.0926 -0.5421
vn 0.8354 -0.0925 -0.5418
vn 0.8246 -0.0689 -0.5615
vn 0.8247 -0.0691 -0.5614
vn 0.8150 -0.0493 -0.5773
vn 0.8151 -0.0494 -0.5772
vn 0.8068 -0.0337 -0.5899
vn 0.8068 -0.0338 -0.5898
vn 0.8004 -0.0217 -0.5991
vn 0.8002 -0.0218 -0.5994
vn 0.7954 -0.0134 -0.6059
vn 0.7954 -0.0133 -0.6059
vn 0.7929 -0.0081 -0.6093
vn 0.7906 -0.0042 -0.6124
vn 0.7905 -0.0042 -0.6124
vn 0.7892 -0.0018 -0.6142
vt 0.000000 0.000000
vt 0.000000 0.455827
vt 0.250000 0.455827
vt 0.250000 0.000000
vt 0.500000 0.455827
vt 0.500000 0.000000
vt 0.750000 0.455827
vt 0.750000 0.000000
vt 1.000000 0.455827
vt 1.000000 0.000000
vt 0.000000 0.856513
vt 0.250000 0.856513
vt 0.500000 0.856513
vt 0.750000 0.856513
vt 1.000000 0.856513
vt 0.000000 1.256875
vt 0.250000 1.256875
vt 0.500000 1.256875
vt 0.750000 1.256875
vt 1.000000 1.256875
vt 0.000000 1.656965
vt 0.250000 1.656965
vt 0.500000 1.656965
vt 0.750000 1.656965
vt 1.000000 1.656965
vt 0.000000 2.056826
vt 0.250000 2.056826
vt 0.500000 2.056826
vt 0.750000 2.056826
vt 1.000000 2.056826
vt 0.000000 2.456487
vt 0.250000 2.456487
vt 0.500000 2.456487
vt 0.750000 2.456487
vt 1.000000 2.456487
vt 0.000000 2.856063
vt 0.250000 2.856063
vt 0.500000 2.856063
vt 0.750000 2.856063
vt 1.000000 2.856063
vt 0.000000 3.255649
vt 0.250000 3.255649
vt 0.500000 3.255649
vt 0.750000 3.255649
vt 1.000000 3.255649
vt 0.000000 3.655918
vt 0.250000 3.655918
vt 0.500000 3.655918
vt 0.750000 3.655918
vt 1.000000 3.655918
vt 0.000000 4.057266
vt 0.250000 4.057266
vt 0.500000 4.057266
vt 0.750000 4.057266
vt 1.000000 4.057266
vt 0.000000 4.458278
vt 0.250000 4.458278
vt 0.500000 4.458278
vt 0.750000 4.458278
vt 1.000000 4.458278
vt 0.000000 4.858957
vt 0.250000 4.858957
vt 0.500000 4.858957
vt 0.750000 4.858957
vt 1.000000 4.858957
vt 0.000000 5.259305
vt 0.250000 5.259305
vt 0.500000 5.259305
vt 0.750000 5.259305
vt 1.000000 5.259305
vt 0.000000 5.659354
vt 0.250000 5.659354
vt 0.500000 5.659354
vt 0.750000 5.659354
vt 1.000000 5.659354
vt 0.000000 6.059068
vt 0.250000 6.059068
vt 0.500000 6.059068
vt 0.750000 6.059068
vt 1.000000 6.059068
vt 0.000000 6.458462
vt 0.250000 6.458462
vt 0.500000 6.458462
vt 0.750000 6.458462
vt 1.000000 6.458462
vt 0.000000 6.857533
vt 0.250000 6.857533
vt 0.500000 6.857533
vt 0.750000 6.857533
vt 1.000000 6.857533
vt 0.000000 7.258767
vt 0.250000 7.258767
vt 0.500000 7.258767
vt 0.750000 7.258767
vt 1.000000 7.258767
vt 0.000000 7.659990
vt 0.250000 7.659990
vt 0.500000 7.659990
vt 0.750000 7.659990
vt 1.000000 7.659990
vt 0.000000 8.060874
vt 0.250000 8.060874
vt 0.500000 8.060874
vt 0.750000 8.060874
vt 1.000000 8.060874
vt 0.000000 8.461423
vt 0.250000 8.461423
vt 0.500000 8.461423
vt 0.750000 8.461423
vt 1.000000 8.461423
vt 0.000000 8.861660
vt 0.250000 8.861660
vt 0.500000 8.861660
vt 0.750000 8.861660
vt 1.000000 8.861660
vt 0.000000 9.261557
vt 0.250000 9.261557
vt 0.500000 9.261557
vt 0.750000 9.261557
vt 1.000000 9.261557
vt 0.000000 9.661122
vt 0.250000 9.661122
vt 0.500000 9.661122
vt 0.750000 9.661122
vt 1.000000 9.661122
vt 0.000000 10.060374
vt 0.250000 10.060374
vt 0.500000 10.060374
vt 0.750000 10.060374
vt 1.000000 10.060374
vt 0.000000 10.459685
vt 0.250000 10.459685
vt 0.500000 10.459685
vt 0.750000 10.459685
vt 1.000000 10.459685
vt 0.000000 10.861086
vt 0.250000 10.861086
vt 0.500000 10.861086
vt 0.750000 10.861086
vt 1.000000 10.861086
vt 0.000000 11.262175
vt 0.250000 11.262175
vt 0.500000 11.262175
vt 0.750000 11.262175
vt 1.000000 11.262175
vt 0.000000 11.662919
vt 0.250000 11.662919
vt 0.500000 11.662919
vt 0.750000 11.662919
vt 1.000000 11.662919
vt 0.000000 12.063328
vt 0.250000 12.063328
vt 0.500000 12.063328
vt 0.750000 12.063328
vt 1.000000 12.063328
vt 0.000000 12.463418
vt 0.250000 12.463418
vt 0.500000 12.463418
vt 0.750000 12.463418
vt 1.000000 12.463418
vt 0.000000 12.863191
vt 0.250000 12.863191
vt 0.500000 12.863191
vt 0.750000 12.863191
vt 1.000000 12.863191
vt 0.000000 13.262630
vt 0.250000 13.262630
vt 0.500000 13.262630
vt 0.750000 13.262630
vt 1.000000 13.262630
vt 0.000000 13.661749
vt 0.250000 13.661749
vt 0.500000 13.661749
vt 0.750000 13.661749
vt 1.000000 13.661749
vt 0.000000 14.062263
vt 0.250000 14.062263
vt 0.500000 14.062263
vt 0.750000 14.062263
vt 1.000000 14.062263
vt 0.000000 14.463526
vt 0.250000 14.463526
vt 0.500000 14.463526
vt 0.750000 14.463526
vt 1.000000 14.463526
vt 0.000000 14.864459
vt 0.250000 14.864459
vt 0.500000 14.864459
vt 0.750000 14.864459
vt 1.000000 14.864459
vt 0.000000 15.265068
vt 0.250000 15.265068
vt 0.500000 15.265068
vt 0.750000 15.265068
vt 1.000000 15.265068
vt 0.000000 15.665349
vt 0.250000 15.665349
vt 0.500000 15.665349
vt 0.750000 15.665349
vt 1.000000 15.665349
vt 0.000000 16.065310
vt 0.250000 16.065310
vt 0.500000 16.065310
vt 0.750000 16.065310
vt 1.000000 16.065310
vt 0.000000 16.464941
vt 0.250000 16.464941
vt 0.500000 16.464941
vt 0.750000 16.464941
vt 1.000000 16.464941
vt 0.000000 16.864250
vt 0.250000 16.864250
vt 0.500000 16.864250
vt 0.750000 16.864250
vt 1.000000 16.864250
vt 0.000000 17.263342
vt 0.250000 17.263342
vt 0.500000 17.263342
vt 0.750000 17.263342
vt 1.000000 17.263342
vt 0.000000 17.664810
vt 0.250000 17.664810
vt 0.500000 17.664810
vt 0.750000 17.664810
vt 1.000000 17.664810
vt 0.000000 18.065945
vt 0.250000 18.065945
vt 0.500000 18.065945
vt 0.750000 18.065945
vt 1.000000 18.065945
vt 0.000000 18.466736
vt 0.250000 18.466736
vt 0.500000 18.466736
vt 0.750000 18.466736
vt 1.000000 18.466736
vt 0.000000 18.867207
vt 0.250000 18.867207
vt 0.500000 18.867207
vt 0.750000 18.867207
vt 1.000000 18.867207
vt 0.000000 19.267363
vt 0.250000 19.267363
vt 0.500000 19.267363
vt 0.750000 19.267363
vt 1.000000 19.267363
vt 0.000000 19.667192
vt 0.250000 19.667192
vt 0.500000 19.667192
vt 0.750000 19.667192
vt 1.000000 19.667192
vt 0.000000 20.066700
vt 0.250000 20.066700
vt 0.500000 20.066700
vt 0.750000 20.066700
vt 1.000000 20.066700
vt 0.000000 20.465887
vt 0.250000 20.465887
vt 0.500000 20.465887
vt 0.750000 20.465887
vt 1.000000 20.465887
vt 0.000000 20.865763
vt 0.250000 20.865763
vt 0.500000 20.865763
vt 0.750000 20.865763
vt 1.000000 20.865763
vt 0.000000 21.267088
vt 0.250000 21.267088
vt 0.500000 21.267088
vt 0.750000 21.267088
vt 1.000000 21.267088
vt 0.000000 21.668087
vt 0.250000 21.668087
vt 0.500000 21.668087
vt 0.750000 21.668087
vt 1.000000 21.668087
vt 0.000000 22.068750
vt 0.250000 22.068750
vt 0.500000 22.068750
vt 0.750000 22.068750
vt 1.000000 22.068750
vt 0.000000 22.469097
vt 0.250000 22.469097
vt 0.500000 22.469097
vt 0.750000 22.469097
vt 1.000000 22.469097
vt 0.000000 22.869116
vt 0.250000 22.869116
vt 0.500000 22.869116
vt 0.750000 22.869116
vt 1.000000 22.869116
vt 0.000000 23.268808
vt 0.250000 23.268808
vt 0.500000 23.268808
vt 0.750000 23.268808
vt 1.000000 23.268808
vt 0.000000 23.668180
vt 0.250000 23.668180
vt 0.500000 23.668180
vt 0.750000 23.668180
vt 1.000000 23.668180
vt 0.000000 24.067226
vt 0.250000 24.067226
vt 0.500000 24.067226
vt 0.750000 24.067226
vt 1.000000 24.067226
vt 0.000000 24.468588
vt 0.250000 24.468588
vt 0.500000 24.468588
vt 0.750000 24.468588
vt 1.000000 24.468588
vt 0.000000 24.869783
vt 0.250000 24.869783
vt 0.500000 24.869783
vt 0.750000 24.869783
vt 1.000000 24.869783
vt 0.000000 25.270639
vt 0.250000 25.270639
vt 0.500000 25.270639
vt 0.750000 25.270639
vt 1.000000 25.270639
vt 0.000000 25.671177
vt 0.250000 25.671177
vt 0.500000 25.671177
vt 0.750000 25.671177
vt 1.000000 25.671177
vt 0.000000 26.071394
vt 0.250000 26.071394
vt 0.500000 26.071394
vt 0.750000 26.071394
vt 1.000000 26.071394
vt 0.000000 26.471287
vt 0.250000 26.471287
vt 0.500000 26.471287
vt 0.750000 26.471287
vt 1.000000 26.471287
vt 0.000000 26.870850
vt 0.250000 26.870850
vt 0.500000 26.870850
vt 0.750000 26.870850
vt 1.000000 26.870850
vt 0.000000 27.270082
vt 0.250000 27.270082
vt 0.500000 27.270082
vt 0.750000 27.270082
vt 1.000000 27.270082
vt 0.000000 27.669493
vt 0.250000 27.669493
vt 0.500000 27.669493
vt 0.750000 27.669493
vt 1.000000 27.669493
vt 0.000000 28.070877
vt 0.250000 28.070877
vt 0.500000 28.070877
vt 0.750000 28.070877
vt 1.000000 28.070877
vt 0.000000 28.471941
vt 0.250000 28.471941
vt 0.500000 28.471941
vt 0.750000 28.471941
vt 1.000000 28.471941
vt 0.000000 28.872679
vt 0.250000 28.872679
vt 0.500000 28.872679
vt 0.750000 28.872679
vt 1.000000 28.872679
vt 0.000000 29.273081
vt 0.250000 29.273081
vt 0.500000 29.273081
vt 0.750000 29.273081
vt 1.000000 29.273081
vt 0.000000 29.673159
vt 0.250000 29.673159
vt 0.500000 29.673159
vt 0.750000 29.673159
vt 1.000000 29.673159
vt 0.000000 30.072918
vt 0.250000 30.072918
vt 0.500000 30.072918
vt 0.750000 30.072918
vt 1.000000 30.072918
vt 0.000000 30.472345
vt 0.250000 30.472345
vt 0.500000 30.472345
vt 0.750000 30.472345
vt 1.000000 30.472345
vt 0.000000 30.871443
vt 0.250000 30.871443
vt 0.500000 30.871443
vt 0.750000 30.871443
vt 1.000000 30.871443
vt 0.000000 31.272169
vt 0.250000 31.272169
vt 0.500000 31.272169
vt 0.750000 31.272169
vt 1.000000 31.272169
vt 0.000000 31.673426
vt 0.250000 31.673426
vt 0.500000 31.673426
vt 0.750000 31.673426
vt 1.000000 31.673426
vt 0.000000 32.074345
vt 0.250000 32.074345
vt 0.500000 32.074345
vt 0.750000 32.074345
vt 1.000000 32.074345
vt 0.000000 32.474926
vt 0.250000 32.474926
vt 0.500000 32.474926
vt 0.750000 32.474926
vt 1.000000 32.474926
vt 0.000000 32.875198
vt 0.250000 32.875198
vt 0.500000 32.875198
vt 0.750000 32.875198
vt 1.000000 32.875198
vt 0.000000 33.275143
vt 0.250000 33.275143
vt 0.500000 33.275143
vt 0.750000 33.275143
vt 1.000000 33.275143
vt 0.000000 33.674759
vt 0.250000 33.674759
vt 0.500000 33.674759
vt 0.750000 33.674759
vt 1.000000 33.674759
vt 0.000000 34.074059
vt 0.250000 34.074059
vt 0.500000 34.074059
vt 0.750000 34.074059
vt 1.000000 34.074059
vt 0.000000 34.473186
vt 0.250000 34.473186
vt 0.500000 34.473186
vt 0.750000 34.473186
vt 1.000000 34.473186
vt 0.000000 34.874630
vt 0.250000 34.874630
vt 0.500000 34.874630
vt 0.750000 34.874630
vt 1.000000 34.874630
vt 0.000000 35.275749
vt 0.250000 35.275749
vt 0.500000 35.275749
vt 0.750000 35.275749
vt 1.000000 35.275749
vt 0.000000 35.676529
vt 0.250000 35.676529
vt 0.500000 35.676529
vt 0.750000 35.676529
vt 1.000000 35.676529
vt 0.000000 36.076996
vt 0.250000 36.076996
vt 0.500000 36.076996
vt 0.750000 36.076996
vt 1.000000 36.076996
vt 0.000000 36.477139
vt 0.250000 36.477139
vt 0.500000 36.477139
vt 0.750000 36.477139
vt 1.000000 36.477139
vt 0.000000 36.876953
vt 0.250000 36.876953
vt 0.500000 36.876953
vt 0.750000 36.876953
vt 1.000000 36.876953
vt 0.000000 37.276447
vt 0.250000 37.276447
vt 0.500000 37.276447
vt 0.750000 37.276447
vt 1.000000 37.276447
vt 0.000000 37.675625
vt 0.250000 37.675625
vt 0.500000 37.675625
vt 0.750000 37.675625
vt 1.000000 37.675625
vt 0.000000 38.075642
vt 0.250000 38.075642
vt 0.500000 38.075642
vt 0.750000 38.075642
vt 1.000000 38.075642
vt 0.000000 38.476933
vt 0.250000 38.476933
vt 0.500000 38.476933
vt 0.750000 38.476933
vt 1.000000 38.476933
vt 0.000000 38.877926
vt 0.250000 38.877926
vt 0.500000 38.877926
vt 0.750000 38.877926
vt 1.000000 38.877926
vt 0.000000 39.278564
vt 0.250000 39.278564
vt 0.500000 39.278564
vt 0.750000 39.278564
vt 1.000000 39.278564
vt 0.000000 39.678894
vt 0.250000 39.678894
vt 0.500000 39.678894
vt 0.750000 39.678894
vt 1.000000 39.678894
vt 0.000000 40.078892
vt 0.250000 40.078892
vt 0.500000 40.078892
vt 0.750000 40.078892
vt 1.000000 40.078892
vt 0.000000 40.478565
vt 0.250000 40.478565
vt 0.500000 40.478565
vt 0.750000 40.478565
vt 1.000000 40.478565
vt 0.000000 40.877907
vt 0.250000 40.877907
vt 0.500000 40.877907
vt 0.750000 40.877907
vt 1.000000 40.877907
vt 0.000000 41.276936
vt 0.250000 41.276936
vt 0.500000 41.276936
vt 0.750000 41.276936
vt 1.000000 41.276936
vt 0.000000 41.678371
vt 0.250000 41.678371
vt 0.500000 41.678371
vt 0.750000 41.678371
vt 1.000000 41.678371
vt 0.000000 42.079536
vt 0.250000 42.079536
vt 0.500000 42.079536
vt 0.750000 42.079536
vt 1.000000 42.079536
vt 0.000000 42.480377
vt 0.250000 42.480377
vt 0.500000 42.480377
vt 0.750000 42.480377
vt 1.000000 42.480377
vt 0.000000 42.880886
vt 0.250000 42.880886
vt 0.500000 42.880886
vt 0.750000 42.880886
vt 1.000000 42.880886
vt 0.000000 43.281067
vt 0.250000 43.281067
vt 0.500000 43.281067
vt 0.750000 43.281067
vt 1.000000 43.281067
vt 0.000000 43.680943
vt 0.250000 43.680943
vt 0.500000 43.680943
vt 0.750000 43.680943
vt 1.000000 43.680943
vt 0.000000 44.080494
vt 0.250000 44.080494
vt 0.500000 44.080494
vt 0.750000 44.080494
vt 1.000000 44.080494
vt 0.000000 44.479725
vt 0.250000 44.479725
vt 0.500000 44.479725
vt 0.750000 44.479725
vt 1.000000 44.479725
vt 0.000000 44.879261
vt 0.250000 44.879261
vt 0.500000 44.879261
vt 0.750000 44.879261
vt 1.000000 44.879261
vt 0.000000 45.280643
vt 0.250000 45.280643
vt 0.500000 45.280643
vt 0.750000 45.280643
vt 1.000000 45.280643
vt 0.000000 45.681667
vt 0.250000 45.681667
vt 0.500000 45.681667
vt 0.750000 45.681667
vt 1.000000 45.681667
vt 0.000000 46.082382
vt 0.250000 46.082382
vt 0.500000 46.082382
vt 0.750000 46.082382
vt 1.000000 46.082382
vt 0.000000 46.482765
vt 0.250000 46.482765
vt 0.500000 46.482765
vt 0.750000 46.482765
vt 1.000000 46.482765
vt 0.000000 46.882832
vt 0.250000 46.882832
vt 0.500000 46.882832
vt 0.750000 46.882832
vt 1.000000 46.882832
vt 0.000000 47.282578
vt 0.250000 47.282578
vt 0.500000 47.282578
vt 0.750000 47.282578
vt 1.000000 47.282578
vt 0.000000 47.681973
vt 0.250000 47.681973
vt 0.500000 47.681973
vt 0.750000 47.681973
vt 1.000000 47.681973
vt 0.000000 48.081047
vt 0.250000 48.081047
vt 0.500000 48.081047
vt 0.750000 48.081047
vt 1.000000 48.081047
vt 0.000000 48.481987
vt 0.250000 48.481987
vt 0.500000 48.481987
vt 0.750000 48.481987
vt 1.000000 48.481987
vt 0.000000 48.883251
vt 0.250000 48.883251
vt 0.500000 48.883251
vt 0.750000 48.883251
vt 1.000000 48.883251
vt 0.000000 49.284161
vt 0.250000 49.284161
vt 0.500000 49.284161
vt 0.750000 49.284161
vt 1.000000 49.284161
vt 0.000000 49.684750
vt 0.250000 49.684750
vt 0.500000 49.684750
vt 0.750000 49.684750
vt 1.000000 49.684750
vt 0.000000 50.085014
vt 0.250000 50.085014
vt 0.500000 50.085014
vt 0.750000 50.085014
vt 1.000000 50.085014
vt 0.000000 50.484951
vt 0.250000 50.484951
vt 0.500000 50.484951
vt 0.750000 50.484951
vt 1.000000 50.484951
vt 0.000000 50.884556
vt 0.250000 50.884556
vt 0.500000 50.884556
vt 0.750000 50.884556
vt 1.000000 50.884556
vt 0.000000 51.283852
vt 0.250000 51.283852
vt 0.500000 51.283852
vt 0.750000 51.283852
vt 1.000000 51.283852
vt 0.000000 51.682964
vt 0.250000 51.682964
vt 0.500000 51.682964
vt 0.750000 51.682964
vt 1.000000 51.682964
vt 0.000000 52.083759
vt 0.250000 52.083759
vt 0.500000 52.083759
vt 0.750000 52.083759
vt 1.000000 52.083759
vt 0.000000 52.484612
vt 0.250000 52.484612
vt 0.500000 52.484612
vt 0.750000 52.484612
vt 1.000000 52.484612
vt 0.000000 52.885452
vt 0.250000 52.885452
vt 0.500000 52.885452
vt 0.750000 52.885452
vt 1.000000 52.885452
vt 0.000000 53.286140
vt 0.250000 53.286140
vt 0.500000 53.286140
vt 0.750000 53.286140
vt 1.000000 53.286140
vt 0.000000 53.686646
vt 0.250000 53.686646
vt 0.500000 53.686646
vt 0.750000 53.686646
vt 1.000000 53.686646
vt 0.000000 54.086899
vt 0.250000 54.086899
vt 0.500000 54.086899
vt 0.750000 54.086899
vt 1.000000 54.086899
vt 0.000000 54.486874
vt 0.250000 54.486874
vt 0.500000 54.486874
vt 0.750000 54.486874
vt 1.000000 54.486874
vt 0.000000 54.886520
vt 0.250000 54.886520
vt 0.500000 54.886520
vt 0.750000 54.886520
vt 1.000000 54.886520
vt 0.000000 55.000000
vt 0.250000 55.000000
vt 0.500000 55.000000
vt 0.750000 55.000000
vt 1.000000 55.000000
s 1
usemtl track_surface
f 4477/3277/3584 4482/3278/3585 4483/3279/3586 4478/3280/3587
f 4478/3280/3587 4483/3279/3586 4484/3281/3588 4479/3282/3589
f 4479/3282/3589 4484/3281/3588 4485/3283/3590 4480/3284/3591
f 4480/3284/3591 4485/3283/3590 4486/3285/3592 4481/3286/3593
f 4482/3278/3585 4487/3287/3594 4488/3288/3595 4483/3279/3586
f 4483/3279/3586 4488/3288/3595 4489/3289/3596 4484/3281/3588
f 4484/3281/3588 4489/3289/3596 4490/3290/3597 4485/3283/3590
f 4485/3283/3590 4490/3290/3597 4491/3291/3598 4486/3285/3592
f 4487/3287/3594 4492/3292/3599 4493/3293/3600 4488/3288/3595
f 4488/3288/3595 4493/3293/3600 4494/3294/3601 4489/3289/3596
f 4489/3289/3596 4494/3294/3601 4495/3295/3602 4490/3290/3597
f 4490/3290/3597 4495/3295/3602 4496/3296/3603 4491/3291/3598
f 4492/3292/3599 4497/3297/3604 4498/3298/3605 4493/3293/3600
f 4493/3293/3600 4498/3298/3605 4499/3299/3604 4494/3294/3601
f 4494/3294/3601 4499/3299/3604 4500/3300/3606 4495/3295/3602
f 4495/3295/3602 4500/3300/3606 4501/3301/3607 4496/3296/3603
f 4497/3297/3604 4502/3302/3608 4503/3303/3609 4498/3298/3605
f 4498/3298/3605 4503/3303/3609 4504/3304/3610 4499/3299/3604
f 4499/3299/3604 4504/3304/3610 4505/3305/3611 4500/3300/3606
f 4500/3300/3606 4505/3305/3611 4506/3306/3612 4501/3301/3607
f 4502/3302/3608 4507/3307/3613 4508/3308/3614 4503/3303/3609
f 4503/3303/3609 4508/3308/3614 4509/3309/3615 4504/3304/3610
f 4504/3304/3610 4509/3309/3615 4510/3310/3616 4505/3305/3611
f 4505/3305/3611 4510/3310/3616 4511/3311/3617 4506/3306/3612
f 4507/3307/3613 4512/3312/3618 4513/3313/3619 4508/3308/3614
f 4508/3308/3614 4513/3313/3619 4514/3314/3620 4509/3309/3615
f 4509/3309/3615 4514/3314/3620 4515/3315/3621 4510/3310/3616
f 4510/3310/3616 4515/3315/3621 4516/3316/3622 4511/3311/3617
f 4512/3312/3618 4517/3317/3623 4518/3318/3624 4513/3313/3619
f 4513/3313/3619 4518/3318/3624 4519/3319/3625 4514/3314/3620
f 4514/3314/3620 4519/3319/3625 4520/3320/3626 4515/3315/3621
f 4515/3315/3621 4520/3320/3626 4521/3321/3627 4516/3316/3622
f 4517/3317/3623 4522/3322/3628 4523/3323/3629 4518/3318/3624
f 4518/3318/3624 4523/3323/3629 4524/3324/3630 4519/3319/3625
f 4519/3319/3625 4524/3324/3630 4525/3325/3631 4520/3320/3626
f 4520/3320/3626 4525/3325/3631 4526/3326/3632 4521/3321/3627
f 4522/3322/3628 4527/3327/3633 4528/3328/3634 4523/3323/3629
f 4523/3323/3629 4528/3328/3634 4529/3329/3635 4524/3324/3630
f 4524/3324/3630 4529/3329/3635 4530/3330/3636 4525/3325/3631
f 4525/3325/3631 4530/3330/3636 4531/3331/3637 4526/3326/3632
f 4527/3327/3633 4532/3332/3638 4533/3333/3639 4528/3328/3634
f 4528/3328/3634 4533/3333/3639 4534/3334/3640 4529/3329/3635
f 4529/3329/3635 4534/3334/3640 4535/3335/3641 4530/3330/3636
f 4530/3330/3636 4535/3335/3641 4536/3336/3642 4531/3331/3637
f 4532/3332/3638 4537/3337/3643 4538/3338/3644 4533/3333/3639
f 4533/3333/3639 4538/3338/3644 4539/3339/3645 4534/3334/3640
f 4534/3334/3640 4539/3339/3645 4540/3340/3646 4535/3335/3641
f 4535/3335/3641 4540/3340/3646 4541/3341/3647 4536/3336/3642
f 4537/3337/3643 4542/3342/3648 4543/3343/3649 4538/3338/3644
f 4538/3338/3644 4543/3343/3649 4544/3344/3650 4539/3339/3645
f 4539/3339/3645 4544/3344/3650 4545/3345/3651 4540/3340/3646
f 4540/3340/3646 4545/3345/3651 4546/3346/3652 4541/3341/3647
f 4542/3342/3648 4547/3347/3653 4548/3348/3654 4543/3343/3649
f 4543/3343/3649 4548/3348/3654 4549/3349/3655 4544/3344/3650
f 4544/3344/3650 4549/3349/3655 4550/3350/3656 4545/3345/3651
f 4545/3345/3651 4550/3350/3656 4551/3351/3657 4546/3346/3652
f 4547/3347/3653 4552/3352/3658 4553/3353/3659 4548/3348/3654
f 4548/3348/3654 4553/3353/3659 4554/3354/3660 4549/3349/3655
f 4549/3349/3655 4554/3354/3660 4555/3355/3661 4550/3350/3656
f 4550/3350/3656 4555/3355/3661 4556/3356/3662 4551/3351/3657
f 4552/3352/3658 4557/3357/3663 4558/3358/3664 4553/3353/3659
f 4553/3353/3659 4558/3358/3664 4559/3359/3665 4554/3354/3660
f 4554/3354/3660 4559/3359/3665 4560/3360/3666 4555/3355/3661
f 4555/3355/3661 4560/3360/3666 4561/3361/3667 4556/3356/3662
f 4557/3357/3663 4562/3362/3668 4563/3363/3669 4558/3358/3664
f 4558/3358/3664 4563/3363/3669 4564/3364/3670 4559/3359/3665
f 4559/3359/3665 4564/3364/3670 4565/3365/3671 4560/3360/3666
f 4560/3360/3666 4565/3365/3671 4566/3366/3672 4561/3361/3667
f 4562/3362/3668 4567/3367/3673 4568/3368/3674 4563/3363/3669
f 4563/3363/3669 4568/3368/3674 4569/3369/3675 4564/3364/3670
f 4564/3364/3670 4569/3369/3675 4570/3370/3676 4565/3365/3671
f 4565/3365/3671 4570/3370/3676 4571/3371/3677 4566/3366/3672
f 4567/3367/3673 4572/3372/3678 4573/3373/3679 4568/3368/3674
f 4568/3368/3674 4573/3373/3679 4574/3374/3680 4569/3369/3675
f 4569/3369/3675 4574/3374/3680 4575/3375/3681 4570/3370/3676
f 4570/3370/3676 4575/3375/3681 4576/3376/3682 4571/3371/3677
f 4572/3372/3678 4577/3377/3683 4578/3378/3684 4573/3373/3679
f 4573/3373/3679 4578/3378/3684 4579/3379/3685 4574/3374/3680
f 4574/3374/3680 4579/3379/3685 4580/3380/3686 4575/3375/3681
f 4575/3375/3681 4580/3380/3686 4581/3381/3687 4576/3376/3682
f 4577/3377/3683 4582/3382/3688 4583/3383/3689 4578/3378/3684
f 4578/3378/3684 4583/3383/3689 4584/3384/3690 4579/3379/3685
f 4579/3379/3685 4584/3384/3690 4585/3385/3691 4580/3380/3686
f 4580/3380/3686 4585/3385/3691 4586/3386/3692 4581/3381/3687
f 4582/3382/3688 4587/3387/3693 4588/3388/3694 4583/3383/3689
f 4583/3383/3689 4588/3388/3694 4589/3389/3695 4584/3384/3690
f 4584/3384/3690 4589/3389/3695 4590/3390/3696 4585/3385/3691
f 4585/3385/3691 4590/3390/3696 4591/3391/3697 4586/3386/3692
f 4587/3387/3693 4592/3392/3698 4593/3393/3699 4588/3388/3694
f 4588/3388/3694 4593/3393/3699 4594/3394/3700 4589/3389/3695
f 4589/3389/3695 4594/3394/3700 4595/3395/3701 4590/3390/3696
f 4590/3390/3696 4595/3395/3701 4596/3396/3702 4591/3391/3697
f 4592/3392/3698 4597/3397/3703 4598/3398/3704 4593/3393/3699
f 4593/3393/3699 4598/3398/3704 4599/3399/3705 4594/3394/3700
f 4594/3394/3700 4599/3399/3705 4600/3400/3706 4595/3395/3701
f 4595/3395/3701 4600/3400/3706 4601/3401/3707 4596/3396/3702
f 4597/3397/3703 4602/3402/3708 4603/3403/3709 4598/3398/3704
f 4598/3398/3704 4603/3403/3709 4604/3404/3710 4599/3399/3705
f 4599/3399/3705 4604/3404/3710 4605/3405/3711 4600/3400/3706
f 4600/3400/3706 4605/3405/3711 4606/3406/3712 4601/3401/3707
f 4602/3402/3708 4607/3407/3713 4608/3408/3714 4603/3403/3709
f 4603/3403/3709 4608/3408/3714 4609/3409/3715 4604/3404/3710
f 4604/3404/3710 4609/3409/3715 4610/3410/3716 4605/3405/3711
f 4605/3405/3711 4610/3410/3716 4611/3411/3717 4606/3406/3712
f 4607/3407/3713 4612/3412/3718 4613/3413/3719 4608/3408/3714
f 4608/3408/3714 4613/3413/3719 4614/3414/3720 4609/3409/3715
f 4609/3409/3715 4614/3414/3720 4615/3415/3721 4610/3410/3716
f 4610/3410/3716 4615/3415/3721 4616/3416/3722 4611/3411/3717
f 4612/3412/3718 4617/3417/3723 4618/3418/3724 4613/3413/3719
f 4613/3413/3719 4618/3418/3724 4619/3419/3725 4614/3414/3720
f 4614/3414/3720 4619/3419/3725 4620/3420/3726 4615/3415/3721
f 4615/3415/3721 4620/3420/3726 4621/3421/3727 4616/3416/3722
f 4617/3417/3723 4622/3422/3728 4623/3423/3729 4618/3418/3724
f 4618/3418/3724 4623/3423/3729 4624/3424/3730 4619/3419/3725
f 4619/3419/3725 4624/3424/3730 4625/3425/3731 4620/3420/3726
f 4620/3420/3726 4625/3425/3731 4626/3426/3732 4621/3421/3727
f 4622/3422/3728 4627/3427/3733 4628/3428/3734 4623/3423/3729
f 4623/3423/3729 4628/3428/3734 4629/3429/3735 4624/3424/3730
f 4624/3424/3730 4629/3429/3735 4630/3430/3736 4625/3425/3731
f 4625/3425/3731 4630/3430/3736 4631/3431/3737 4626/3426/3732
f 4627/3427/3733 4632/3432/3738 4633/3433/3739 4628/3428/3734
f 4628/3428/3734 4633/3433/3739 4634/3434/3740 4629/3429/3735
f 4629/3429/3735 4634/3434/3740 4635/3435/3741 4630/3430/3736
f 4630/3430/3736 4635/3435/3741 4636/3436/3742 4631/3431/3737
f 4632/3432/3738 4637/3437/3743 4638/3438/3744 4633/3433/3739
f 4633/3433/3739 4638/3438/3744 4639/3439/3745 4634/3434/3740
f 4634/3434/3740 4639/3439/3745 4640/3440/3746 4635/3435/3741
f 4635/3435/3741 4640/3440/3746 4641/3441/3747 4636/3436/3742
f 4637/3437/3743 4642/3442/3748 4643/3443/3749 4638/3438/3744
f 4638/3438/3744 4643/3443/3749 4644/3444/3750 4639/3439/3745
f 4639/3439/3745 4644/3444/3750 4645/3445/3751 4640/3440/3746
f 4640/3440/3746 4645/3445/3751 4646/3446/3752 4641/3441/3747
f 4642/3442/3748 4647/3447/3753 4648/3448/3754 4643/3443/3749
f 4643/3443/3749 4648/3448/3754 4649/3449/3755 4644/3444/3750
f 4644/3444/3750 4649/3449/3755 4650/3450/3756 4645/3445/3751
f 4645/3445/3751 4650/3450/3756 4651/3451/3757 4646/3446/3752
f 4647/3447/3753 4652/3452/3758 4653/3453/3759 4648/3448/3754
f 4648/3448/3754 4653/3453/3759 4654/3454/3760 4649/3449/3755
f 4649/3449/3755 4654/3454/3760 4655/3455/3761 4650/3450/3756
f 4650/3450/3756 4655/3455/3761 4656/3456/3762 4651/3451/3757
f 4652/3452/3758 4657/3457/3763 4658/3458/3764 4653/3453/3759
f 4653/3453/3759 4658/3458/3764 4659/3459/3765 4654/3454/3760
f 4654/3454/3760 4659/3459/3765 4660/3460/3766 4655/3455/3761
f 4655/3455/3761 4660/3460/3766 4661/3461/3767 4656/3456/3762
f 4657/3457/3763 4662/3462/3768 4663/3463/3769 4658/3458/3764
f 4658/3458/3764 4663/3463/3769 4664/3464/3770 4659/3459/3765
f 4659/3459/3765 4664/3464/3770 4665/3465/3771 4660/3460/3766
f 4660/3460/3766 4665/3465/3771 4666/3466/3772 4661/3461/3767
f 4662/3462/3768 4667/3467/3773 4668/3468/3774 4663/3463/3769
f 4663/3463/3769 4668/3468/3774 4669/3469/3775 4664/3464/3770
f 4664/3464/3770 4669/3469/3775 4670/3470/3776 4665/3465/3771
f 4665/3465/3771 4670/3470/3776 4671/3471/3777 4666/3466/3772
f 4667/3467/3773 4672/3472/3778 4673/3473/3779 4668/3468/3774
f 4668/3468/3774 4673/3473/3779 4674/3474/3780 4669/3469/3775
f 4669/3469/3775 4674/3474/3780 4675/3475/3781 4670/3470/3776
f 4670/3470/3776 4675/3475/3781 4676/3476/3782 4671/3471/3777
f 4672/3472/3778 4677/3477/3783 4678/3478/3784 4673/3473/3779
f 4673/3473/3779 4678/3478/3784 4679/3479/3785 4674/3474/3780
f 4674/3474/3780 4679/3479/3785 4680/3480/3786 4675/3475/3781
f 4675/3475/3781 4680/3480/3786 4681/3481/3787 4676/3476/3782
f 4677/3477/3783 4682/3482/3788 4683/3483/3789 4678/3478/3784
f 4678/3478/3784 4683/3483/3789 4684/3484/3790 4679/3479/3785
f 4679/3479/3785 4684/3484/3790 4685/3485/3791 4680/3480/3786
f 4680/3480/3786 4685/3485/3791 4686/3486/3792 4681/3481/3787
f 4682/3482/3788 4687/3487/3793 4688/3488/3794 4683/3483/3789
f 4683/3483/3789 4688/3488/3794 4689/3489/3795 4684/3484/3790
f 4684/3484/3790 4689/3489/3795 4690/3490/3796 4685/3485/3791
f 4685/3485/3791 4690/3490/3796 4691/3491/3797 4686/3486/3792
f 4687/3487/3793 4692/3492/3798 4693/3493/3799 4688/3488/3794
f 4688/3488/3794 4693/3493/3799 4694/3494/3800 4689/3489/3795
f 4689/3489/3795 4694/3494/3800 4695/3495/3801 4690/3490/3796
f 4690/3490/3796 4695/3495/3801 4696/3496/3802 4691/3491/3797
f 4692/3492/3798 4697/3497/3803 4698/3498/3804 4693/3493/3799
f 4693/3493/3799 4698/3498/3804 4699/3499/3805 4694/3494/3800
f 4694/3494/3800 4699/3499/3805 4700/3500/3806 4695/3495/3801
f 4695/3495/3801 4700/3500/3806 4701/3501/3807 4696/3496/3802
f 4697/3497/3803 4702/3502/3808 4703/3503/3809 4698/3498/3804
f 4698/3498/3804 4703/3503/3809 4704/3504/3810 4699/3499/3805
f 4699/3499/3805 4704/3504/3810 4705/3505/3811 4700/3500/3806
f 4700/3500/3806 4705/3505/3811 4706/3506/3812 4701/3501/3807
f 4702/3502/3808 4707/3507/3813 4708/3508/3814 4703/3503/3809
f 4703/3503/3809 4708/3508/3814 4709/3509/3815 4704/3504/3810
f 4704/3504/3810 4709/3509/3815 4710/3510/3816 4705/3505/3811
f 4705/3505/3811 4710/3510/3816 4711/3511/3817 4706/3506/3812
f 4707/3507/3813 4712/3512/3818 4713/3513/3819 4708/3508/3814
f 4708/3508/3814 4713/3513/3819 4714/3514/3820 4709/3509/3815
f 4709/3509/3815 4714/3514/3820 4715/3515/3821 4710/3510/3816
f 4710/3510/3816 4715/3515/3821 4716/3516/3822 4711/3511/3817
f 4712/3512/3818 4717/3517/3823 4718/3518/3824 4713/3513/3819
f 4713/3513/3819 4718/3518/3824 4719/3519/3825 4714/3514/3820
f 4714/3514/3820 4719/3519/3825 4720/3520/3826 4715/3515/3821
f 4715/3515/3821 4720/3520/3826 4721/3521/3827 4716/3516/3822
f 4717/3517/3823 4722/3522/3828 4723/3523/3829 4718/3518/3824
f 4718/3518/3824 4723/3523/3829 4724/3524/3830 4719/3519/3825
f 4719/3519/3825 4724/3524/3830 4725/3525/3831 4720/3520/3826
f 4720/3520/3826 4725/3525/3831 4726/3526/3832 4721/3521/3827
f 4722/3522/3828 4727/3527/3833 4728/3528/3834 4723/3523/3829
f 4723/3523/3829 4728/3528/3834 4729/3529/3835 4724/3524/3830
f 4724/3524/3830 4729/3529/3835 4730/3530/3836 4725/3525/3831
f 4725/3525/3831 4730/3530/3836 4731/3531/3837 4726/3526/3832
f 4727/3527/3833 4732/3532/3838 4733/3533/3839 4728/3528/3834
f 4728/3528/3834 4733/3533/3839 4734/3534/3840 4729/3529/3835
f 4729/3529/3835 4734/3534/3840 4735/3535/3841 4730/3530/3836
f 4730/3530/3836 4735/3535/3841 4736/3536/3842 4731/3531/3837
f 4732/3532/3838 4737/3537/3843 4738/3538/3844 4733/3533/3839
f 4733/3533/3839 4738/3538/3844 4739/3539/3845 4734/3534/3840
f 4734/3534/3840 4739/3539/3845 4740/3540/3846 4735/3535/3841
f 4735/3535/3841 4740/3540/3846 4741/3541/3847 4736/3536/3842
f 4737/3537/3843 4742/3542/3848 4743/3543/3849 4738/3538/3844
f 4738/3538/3844 4743/3543/3849 4744/3544/3850 4739/3539/3845
f 4739/3539/3845 4744/3544/3850 4745/3545/3851 4740/3540/3846
f 4740/3540/3846 4745/3545/3851 4746/3546/3852 4741/3541/3847
f 4742/3542/3848 4747/3547/3853 4748/3548/3854 4743/3543/3849
f 4743/3543/3849 4748/3548/3854 4749/3549/3855 4744/3544/3850
f 4744/3544/3850 4749/3549/3855 4750/3550/3856 4745/3545/3851
f 4745/3545/3851 4750/3550/3856 4751/3551/3857 4746/3546/3852
f 4747/3547/3853 4752/3552/3858 4753/3553/3859 4748/3548/3854
f 4748/3548/3854 4753/3553/3859 4754/3554/3860 4749/3549/3855
f 4749/3549/3855 4754/3554/3860 4755/3555/3861 4750/3550/3856
f 4750/3550/3856 4755/3555/3861 4756/3556/3862 4751/3551/3857
f 4752/3552/3858 4757/3557/3863 4758/3558/3864 4753/3553/3859
f 4753/3553/3859 4758/3558/3864 4759/3559/3865 4754/3554/3860
f 4754/3554/3860 4759/3559/3865 4760/3560/3866 4755/3555/3861
f 4755/3555/3861 4760/3560/3866 4761/3561/3867 4756/3556/3862
f 4757/3557/3863 4762/3562/3868 4763/3563/3869 4758/3558/3864
f 4758/3558/3864 4763/3563/3869 4764/3564/3870 4759/3559/3865
f 4759/3559/3865 4764/3564/3870 4765/3565/3871 4760/3560/3866
f 4760/3560/3866 4765/3565/3871 4766/3566/3872 4761/3561/3867
f 4762/3562/3868 4767/3567/3873 4768/3568/3874 4763/3563/3869
f 4763/3563/3869 4768/3568/3874 4769/3569/3875 4764/3564/3870
f 4764/3564/3870 4769/3569/3875 4770/3570/3876 4765/3565/3871
f 4765/3565/3871 4770/3570/3876 4771/3571/3877 4766/3566/3872
f 4767/3567/3873 4772/3572/3878 4773/3573/3879 4768/3568/3874
f 4768/3568/3874 4773/3573/3879 4774/3574/3880 4769/3569/3875
f 4769/3569/3875 4774/3574/3880 4775/3575/3881 4770/3570/3876
f 4770/3570/3876 4775/3575/3881 4776/3576/3882 4771/3571/3877
f 4772/3572/3878 4777/3577/3883 4778/3578/3884 4773/3573/3879
f 4773/3573/3879 4778/3578/3884 4779/3579/3885 4774/3574/3880
f 4774/3574/3880 4779/3579/3885 4780/3580/3886 4775/3575/3881
f 4775/3575/3881 4780/3580/3886 4781/3581/3887 4776/3576/3882
f 4777/3577/3883 4782/3582/3888 4783/3583/3889 4778/3578/3884
f 4778/3578/3884 4783/3583/3889 4784/3584/3890 4779/3579/3885
f 4779/3579/3885 4784/3584/3890 4785/3585/3891 4780/3580/3886
f 4780/3580/3886 4785/3585/3891 4786/3586/3892 4781/3581/3887
f 4782/3582/3888 4787/3587/3893 4788/3588/3894 4783/3583/3889
f 4783/3583/3889 4788/3588/3894 4789/3589/3895 4784/3584/3890
f 4784/3584/3890 4789/3589/3895 4790/3590/3896 4785/3585/3891
f 4785/3585/3891 4790/3590/3896 4791/3591/3897 4786/3586/3892
f 4787/3587/3893 4792/3592/3898 4793/3593/3899 4788/3588/3894
f 4788/3588/3894 4793/3593/3899 4794/3594/3900 4789/3589/3895
f 4789/3589/3895 4794/3594/3900 4795/3595/3901 4790/3590/3896
f 4790/3590/3896 4795/3595/3901 4796/3596/3902 4791/3591/3897
f 4792/3592/3898 4797/3597/3903 4798/3598/3904 4793/3593/3899
f 4793/3593/3899 4798/3598/3904 4799/3599/3905 4794/3594/3900
f 4794/3594/3900 4799/3599/3905 4800/3600/3906 4795/3595/3901
f 4795/3595/3901 4800/3600/3906 4801/3601/3907 4796/3596/3902
f 4797/3597/3903 4802/3602/3908 4803/3603/3909 4798/3598/3904
f 4798/3598/3904 4803/3603/3909 4804/3604/3910 4799/3599/3905
f 4799/3599/3905 4804/3604/3910 4805/3605/3911 4800/3600/3906
f 4800/3600/3906 4805/3605/3911 4806/3606/3912 4801/3601/3907
f 4802/3602/3908 4807/3607/3913 4808/3608/3914 4803/3603/3909
f 4803/3603/3909 4808/3608/3914 4809/3609/3915 4804/3604/3910
f 4804/3604/3910 4809/3609/3915 4810/3610/3916 4805/3605/3911
f 4805/3605/3911 4810/3610/3916 4811/3611/3917 4806/3606/3912
f 4807/3607/3913 4812/3612/3918 4813/3613/3919 4808/3608/3914
f 4808/3608/3914 4813/3613/3919 4814/3614/3920 4809/3609/3915
f 4809/3609/3915 4814/3614/3920 4815/3615/3921 4810/3610/3916
f 4810/3610/3916 4815/3615/3921 4816/3616/3922 4811/3611/3917
f 4812/3612/3918 4817/3617/3923 4818/3618/3924 4813/3613/3919
f 4813/3613/3919 4818/3618/3924 4819/3619/3925 4814/3614/3920
f 4814/3614/3920 4819/3619/3925 4820/3620/3926 4815/3615/3921
f 4815/3615/3921 4820/3620/3926 4821/3621/3927 4816/3616/3922
f 4817/3617/3923 4822/3622/3928 4823/3623/3929 4818/3618/3924
f 4818/3618/3924 4823/3623/3929 4824/3624/3930 4819/3619/3925
f 4819/3619/3925 4824/3624/3930 4825/3625/3931 4820/3620/3926
f 4820/3620/3926 4825/3625/3931 4826/3626/3932 4821/3621/3927
f 4822/3622/3928 4827/3627/3933 4828/3628/3934 4823/3623/3929
f 4823/3623/3929 4828/3628/3934 4829/3629/3935 4824/3624/3930
f 4824/3624/3930 4829/3629/3935 4830/3630/3936 4825/3625/3931
f 4825/3625/3931 4830/3630/3936 4831/3631/3937 4826/3626/3932
f 4827/3627/3933 4832/3632/3938 4833/3633/3939 4828/3628/3934
f 4828/3628/3934 4833/3633/3939 4834/3634/3940 4829/3629/3935
f 4829/3629/3935 4834/3634/3940 4835/3635/3941 4830/3630/3936
f 4830/3630/3936 4835/3635/3941 4836/3636/3942 4831/3631/3937
f 4832/3632/3938 4837/3637/3943 4838/3638/3944 4833/3633/3939
f 4833/3633/3939 4838/3638/3944 4839/3639/3945 4834/3634/3940
f 4834/3634/3940 4839/3639/3945 4840/3640/3946 4835/3635/3941
f 4835/3635/3941 4840/3640/3946 4841/3641/3947 4836/3636/3942
f 4837/3637/3943 4842/3642/3948 4843/3643/3949 4838/3638/3944
f 4838/3638/3944 4843/3643/3949 4844/3644/3950 4839/3639/3945
f 4839/3639/3945 4844/3644/3950 4845/3645/3951 4840/3640/3946
f 4840/3640/3946 4845/3645/3951 4846/3646/3952 4841/3641/3947
f 4842/3642/3948 4847/3647/3953 4848/3648/3954 4843/3643/3949
f 4843/3643/3949 4848/3648/3954 4849/3649/3955 4844/3644/3950
f 4844/3644/3950 4849/3649/3955 4850/3650/3956 4845/3645/3951
f 4845/3645/3951 4850/3650/3956 4851/3651/3957 4846/3646/3952
f 4847/3647/3953 4852/3652/3958 4853/3653/3959 4848/3648/3954
f 4848/3648/3954 4853/3653/3959 4854/3654/3960 4849/3649/3955
f 4849/3649/3955 4854/3654/3960 4855/3655/3961 4850/3650/3956
f 4850/3650/3956 4855/3655/3961 4856/3656/3962 4851/3651/3957
f 4852/3652/3958 4857/3657/3963 4858/3658/3964 4853/3653/3959
f 4853/3653/3959 4858/3658/3964 4859/3659/3965 4854/3654/3960
f 4854/3654/3960 4859/3659/3965 4860/3660/3966 4855/3655/3961
f 4855/3655/3961 4860/3660/3966 4861/3661/3967 4856/3656/3962
f 4857/3657/3963 4862/3662/3968 4863/3663/3969 4858/3658/3964
f 4858/3658/3964 4863/3663/3969 4864/3664/3970 4859/3659/3965
f 4859/3659/3965 4864/3664/3970 4865/3665/3971 4860/3660/3966
f 4860/3660/3966 4865/3665/3971 4866/3666/3972 4861/3661/3967
f 4862/3662/3968 4867/3667/3973 4868/3668/3974 4863/3663/3969
f 4863/3663/3969 4868/3668/3974 4869/3669/3975 4864/3664/3970
f 4864/3664/3970 4869/3669/3975 4870/3670/3976 4865/3665/3971
f 4865/3665/3971 4870/3670/3976 4871/3671/3977 4866/3666/3972
f 4867/3667/3973 4872/3672/3978 4873/3673/3979 4868/3668/3974
f 4868/3668/3974 4873/3673/3979 4874/3674/3980 4869/3669/3975
f 4869/3669/3975 4874/3674/3980 4875/3675/3981 4870/3670/3976
f 4870/3670/3976 4875/3675/3981 4876/3676/3982 4871/3671/3977
f 4872/3672/3978 4877/3677/3983 4878/3678/3984 4873/3673/3979
f 4873/3673/3979 4878/3678/3984 4879/3679/3985 4874/3674/3980
f 4874/3674/3980 4879/3679/3985 4880/3680/3986 4875/3675/3981
f 4875/3675/3981 4880/3680/3986 4881/3681/3987 4876/3676/3982
f 4877/3677/3983 4882/3682/3988 4883/3683/3989 4878/3678/3984
f 4878/3678/3984 4883/3683/3989 4884/3684/3990 4879/3679/3985
f 4879/3679/3985 4884/3684/3990 4885/3685/3991 4880/3680/3986
f 4880/3680/3986 4885/3685/3991 4886/3686/3992 4881/3681/3987
f 4882/3682/3988 4887/3687/3993 4888/3688/3994 4883/3683/3989
f 4883/3683/3989 4888/3688/3994 4889/3689/3995 4884/3684/3990
f 4884/3684/3990 4889/3689/3995 4890/3690/3996 4885/3685/3991
f 4885/3685/3991 4890/3690/3996 4891/3691/3997 4886/3686/3992
f 4887/3687/3993 4892/3692/3998 4893/3693/3999 4888/3688/3994
f 4888/3688/3994 4893/3693/3999 4894/3694/4000 4889/3689/3995
f 4889/3689/3995 4894/3694/4000 4895/3695/4001 4890/3690/3996
f 4890/3690/3996 4895/3695/4001 4896/3696/4002 4891/3691/3997
f 4892/3692/3998 4897/3697/4003 4898/3698/4004 4893/3693/3999
f 4893/3693/3999 4898/3698/4004 4899/3699/4005 4894/3694/4000
f 4894/3694/4000 4899/3699/4005 4900/3700/4006 4895/3695/4001
f 4895/3695/4001 4900/3700/4006 4901/3701/4007 4896/3696/4002
f 4897/3697/4003 4902/3702/4008 4903/3703/4009 4898/3698/4004
f 4898/3698/4004 4903/3703/4009 4904/3704/4010 4899/3699/4005
f 4899/3699/4005 4904/3704/4010 4905/3705/4011 4900/3700/4006
f 4900/3700/4006 4905/3705/4011 4906/3706/4012 4901/3701/4007
f 4902/3702/4008 4907/3707/4013 4908/3708/4014 4903/3703/4009
f 4903/3703/4009 4908/3708/4014 4909/3709/4015 4904/3704/4010
f 4904/3704/4010 4909/3709/4015 4910/3710/4016 4905/3705/4011
f 4905/3705/4011 4910/3710/4016 4911/3711/4017 4906/3706/4012
f 4907/3707/4013 4912/3712/4018 4913/3713/4019 4908/3708/4014
f 4908/3708/4014 4913/3713/4019 4914/3714/4020 4909/3709/4015
f 4909/3709/4015 4914/3714/4020 4915/3715/4021 4910/3710/4016
f 4910/3710/4016 4915/3715/4021 4916/3716/4022 4911/3711/4017
f 4912/3712/4018 4917/3717/4023 4918/3718/4024 4913/3713/4019
f 4913/3713/4019 4918/3718/4024 4919/3719/4025 4914/3714/4020
f 4914/3714/4020 4919/3719/4025 4920/3720/4026 4915/3715/4021
f 4915/3715/4021 4920/3720/4026 4921/3721/4027 4916/3716/4022
f 4917/3717/4023 4922/3722/4028 4923/3723/4029 4918/3718/4024
f 4918/3718/4024 4923/3723/4029 4924/3724/4030 4919/3719/4025
f 4919/3719/4025 4924/3724/4030 4925/3725/4031 4920/3720/4026
f 4920/3720/4026 4925/3725/4031 4926/3726/4032 4921/3721/4027
f 4922/3722/4028 4927/3727/4033 4928/3728/4034 4923/3723/4029
f 4923/3723/4029 4928/3728/4034 4929/3729/4035 4924/3724/4030
f 4924/3724/4030 4929/3729/4035 4930/3730/4036 4925/3725/4031
f 4925/3725/4031 4930/3730/4036 4931/3731/4037 4926/3726/4032
f 4927/3727/4033 4932/3732/4038 4933/3733/4039 4928/3728/4034
f 4928/3728/4034 4933/3733/4039 4934/3734/4040 4929/3729/4035
f 4929/3729/4035 4934/3734/4040 4935/3735/4041 4930/3730/4036
f 4930/3730/4036 4935/3735/4041 4936/3736/4042 4931/3731/4037
f 4932/3732/4038 4937/3737/4043 4938/3738/4044 4933/3733/4039
f 4933/3733/4039 4938/3738/4044 4939/3739/4045 4934/3734/4040
f 4934/3734/4040 4939/3739/4045 4940/3740/4046 4935/3735/4041
f 4935/3735/4041 4940/3740/4046 4941/3741/4047 4936/3736/4042
f 4937/3737/4043 4942/3742/4048 4943/3743/4049 4938/3738/4044
f 4938/3738/4044 4943/3743/4049 4944/3744/4050 4939/3739/4045
f 4939/3739/4045 4944/3744/4050 4945/3745/4051 4940/3740/4046
f 4940/3740/4046 4945/3745/4051 4946/3746/4052 4941/3741/4047
f 4942/3742/4048 4947/3747/4053 4948/3748/4054 4943/3743/4049
f 4943/3743/4049 4948/3748/4054 4949/3749/4055 4944/3744/4050
f 4944/3744/4050 4949/3749/4055 4950/3750/4056 4945/3745/4051
f 4945/3745/4051 4950/3750/4056 4951/3751/4057 4946/3746/4052
f 4947/3747/4053 4952/3752/4058 4953/3753/4059 4948/3748/4054
f 4948/3748/4054 4953/3753/4059 4954/3754/4060 4949/3749/4055
f 4949/3749/4055 4954/3754/4060 4955/3755/4061 4950/3750/4056
f 4950/3750/4056 4955/3755/4061 4956/3756/4062 4951/3751/4057
f 4952/3752/4058 4957/3757/4063 4958/3758/4064 4953/3753/4059
f 4953/3753/4059 4958/3758/4064 4959/3759/4065 4954/3754/4060
f 4954/3754/4060 4959/3759/4065 4960/3760/4066 4955/3755/4061
f 4955/3755/4061 4960/3760/4066 4961/3761/4067 4956/3756/4062
f 4957/3757/4063 4962/3762/4068 4963/3763/4069 4958/3758/4064
f 4958/3758/4064 4963/3763/4069 4964/3764/4070 4959/3759/4065
f 4959/3759/4065 4964/3764/4070 4965/3765/4071 4960/3760/4066
f 4960/3760/4066 4965/3765/4071 4966/3766/4072 4961/3761/4067
f 4962/3762/4068 4967/3767/4073 4968/3768/4074 4963/3763/4069
f 4963/3763/4069 4968/3768/4074 4969/3769/4075 4964/3764/4070
f 4964/3764/4070 4969/3769/4075 4970/3770/4076 4965/3765/4071
f 4965/3765/4071 4970/3770/4076 4971/3771/4077 4966/3766/4072
f 4967/3767/4073 4972/3772/4078 4973/3773/4079 4968/3768/4074
f 4968/3768/4074 4973/3773/4079 4974/3774/4080 4969/3769/4075
f 4969/3769/4075 4974/3774/4080 4975/3775/4081 4970/3770/4076
f 4970/3770/4076 4975/3775/4081 4976/3776/4082 4971/3771/4077
f 4972/3772/4078 4977/3777/4083 4978/3778/4084 4973/3773/4079
f 4973/3773/4079 4978/3778/4084 4979/3779/4085 4974/3774/4080
f 4974/3774/4080 4979/3779/4085 4980/3780/4086 4975/3775/4081
f 4975/3775/4081 4980/3780/4086 4981/3781/4087 4976/3776/4082
f 4977/3777/4083 4982/3782/4088 4983/3783/4089 4978/3778/4084
f 4978/3778/4084 4983/3783/4089 4984/3784/4090 4979/3779/4085
f 4979/3779/4085 4984/3784/4090 4985/3785/4091 4980/3780/4086
f 4980/3780/4086 4985/3785/4091 4986/3786/4092 4981/3781/4087
f 4982/3782/4088 4987/3787/4093 4988/3788/4094 4983/3783/4089
f 4983/3783/4089 4988/3788/4094 4989/3789/4095 4984/3784/4090
f 4984/3784/4090 4989/3789/4095 4990/3790/4096 4985/3785/4091
f 4985/3785/4091 4990/3790/4096 4991/3791/4097 4986/3786/4092
f 4987/3787/4093 4992/3792/4098 4993/3793/4099 4988/3788/4094
f 4988/3788/4094 4993/3793/4099 4994/3794/4100 4989/3789/4095
f 4989/3789/4095 4994/3794/4100 4995/3795/4101 4990/3790/4096
f 4990/3790/4096 4995/3795/4101 4996/3796/4102 4991/3791/4097
f 4992/3792/4098 4997/3797/4103 4998/3798/4104 4993/3793/4099
f 4993/3793/4099 4998/3798/4104 4999/3799/4105 4994/3794/4100
f 4994/3794/4100 4999/3799/4105 5000/3800/4106 4995/3795/4101
f 4995/3795/4101 5000/3800/4106 5001/3801/4107 4996/3796/4102
f 4997/3797/4103 5002/3802/4108 5003/3803/4109 4998/3798/4104
f 4998/3798/4104 5003/3803/4109 5004/3804/4110 4999/3799/4105
f 4999/3799/4105 5004/3804/4110 5005/3805/4111 5000/3800/4106
f 5000/3800/4106 5005/3805/4111 5006/3806/4112 5001/3801/4107
f 5002/3802/4108 5007/3807/4113 5008/3808/4114 5003/3803/4109
f 5003/3803/4109 5008/3808/4114 5009/3809/4115 5004/3804/4110
f 5004/3804/4110 5009/3809/4115 5010/3810/4116 5005/3805/4111
f 5005/3805/4111 5010/3810/4116 5011/3811/4117 5006/3806/4112
f 5007/3807/4113 5012/3812/4118 5013/3813/4119 5008/3808/4114
f 5008/3808/4114 5013/3813/4119 5014/3814/4120 5009/3809/4115
f 5009/3809/4115 5014/3814/4120 5015/3815/4121 5010/3810/4116
f 5010/3810/4116 5015/3815/4121 5016/3816/4122 5011/3811/4117
f 5012/3812/4118 5017/3817/4123 5018/3818/4124 5013/3813/4119
f 5013/3813/4119 5018/3818/4124 5019/3819/4125 5014/3814/4120
f 5014/3814/4120 5019/3819/4125 5020/3820/4126 5015/3815/4121
f 5015/3815/4121 5020/3820/4126 5021/3821/4127 5016/3816/4122
f 5017/3817/4123 5022/3822/4128 5023/3823/4129 5018/3818/4124
f 5018/3818/4124 5023/3823/4129 5024/3824/4130 5019/3819/4125
f 5019/3819/4125 5024/3824/4130 5025/3825/4131 5020/3820/4126
f 5020/3820/4126 5025/3825/4131 5026/3826/4132 5021/3821/4127
f 5022/3822/4128 5027/3827/4133 5028/3828/4134 5023/3823/4129
f 5023/3823/4129 5028/3828/4134 5029/3829/4135 5024/3824/4130
f 5024/3824/4130 5029/3829/4135 5030/3830/4136 5025/3825/4131
f 5025/3825/4131 5030/3830/4136 5031/3831/4137 5026/3826/4132
f 5027/3827/4133 5032/3832/4138 5033/3833/4139 5028/3828/4134
f 5028/3828/4134 5033/3833/4139 5034/3834/4140 5029/3829/4135
f 5029/3829/4135 5034/3834/4140 5035/3835/4141 5030/3830/4136
f 5030/3830/4136 5035/3835/4141 5036/3836/4142 5031/3831/4137
f 5032/3832/4138 5037/3837/4143 5038/3838/4144 5033/3833/4139
f 5033/3833/4139 5038/3838/4144 5039/3839/4145 5034/3834/4140
f 5034/3834/4140 5039/3839/4145 5040/3840/4146 5035/3835/4141
f 5035/3835/4141 5040/3840/4146 5041/3841/4147 5036/3836/4142
f 5037/3837/4143 5042/3842/4148 5043/3843/4149 5038/3838/4144
f 5038/3838/4144 5043/3843/4149 5044/3844/4150 5039/3839/4145
f 5039/3839/4145 5044/3844/4150 5045/3845/4151 5040/3840/4146
f 5040/3840/4146 5045/3845/4151 5046/3846/4152 5041/3841/4147
f 5042/3842/4148 5047/3847/4153 5048/3848/4154 5043/3843/4149
f 5043/3843/4149 5048/3848/4154 5049/3849/4155 5044/3844/4150
f 5044/3844/4150 5049/3849/4155 5050/3850/4156 5045/3845/4151
f 5045/3845/4151 5050/3850/4156 5051/3851/4157 5046/3846/4152
f 5047/3847/4153 5052/3852/4158 5053/3853/4159 5048/3848/4154
f 5048/3848/4154 5053/3853/4159 5054/3854/4160 5049/3849/4155
f 5049/3849/4155 5054/3854/4160 5055/3855/4161 5050/3850/4156
f 5050/3850/4156 5055/3855/4161 5056/3856/4162 5051/3851/4157
f 5052/3852/4158 5057/3857/4163 5058/3858/4164 5053/3853/4159
f 5053/3853/4159 5058/3858/4164 5059/3859/4165 5054/3854/4160
f 5054/3854/4160 5059/3859/4165 5060/3860/4166 5055/3855/4161
f 5055/3855/4161 5060/3860/4166 5061/3861/4167 5056/3856/4162
f 5057/3857/4163 5062/3862/4168 5063/3863/4169 5058/3858/4164
f 5058/3858/4164 5063/3863/4169 5064/3864/4170 5059/3859/4165
f 5059/3859/4165 5064/3864/4170 5065/3865/4171 5060/3860/4166
f 5060/3860/4166 5065/3865/4171 5066/3866/4172 5061/3861/4167
f 5062/3862/4168 5067/3867/4173 5068/3868/4174 5063/3863/4169
f 5063/3863/4169 5068/3868/4174 5069/3869/4175 5064/3864/4170
f 5064/3864/4170 5069/3869/4175 5070/3870/4176 5065/3865/4171
f 5065/3865/4171 5070/3870/4176 5071/3871/4177 5066/3866/4172
f 5067/3867/4173 5072/3872/4178 5073/3873/4179 5068/3868/4174
f 5068/3868/4174 5073/3873/4179 5074/3874/4180 5069/3869/4175
f 5069/3869/4175 5074/3874/4180 5075/3875/4181 5070/3870/4176
f 5070/3870/4176 5075/3875/4181 5076/3876/4182 5071/3871/4177
f 5072/3872/4178 5077/3877/4183 5078/3878/4184 5073/3873/4179
f 5073/3873/4179 5078/3878/4184 5079/3879/4185 5074/3874/4180
f 5074/3874/4180 5079/3879/4185 5080/3880/4186 5075/3875/4181
f 5075/3875/4181 5080/3880/4186 5081/3881/4187 5076/3876/4182
f 5077/3877/4183 5082/3882/4188 5083/3883/4189 5078/3878/4184
f 5078/3878/4184 5083/3883/4189 5084/3884/4190 5079/3879/4185
f 5079/3879/4185 5084/3884/4190 5085/3885/4191 5080/3880/4186
f 5080/3880/4186 5085/3885/4191 5086/3886/4192 5081/3881/4187
f 5082/3882/4188 5087/3887/4193 5088/3888/4194 5083/3883/4189
f 5083/3883/4189 5088/3888/4194 5089/3889/4195 5084/3884/4190
f 5084/3884/4190 5089/3889/4195 5090/3890/4196 5085/3885/4191
f 5085/3885/4191 5090/3890/4196 5091/3891/4197 5086/3886/4192
f 5087/3887/4193 5092/3892/4198 5093/3893/4199 5088/3888/4194
f 5088/3888/4194 5093/3893/4199 5094/3894/4200 5089/3889/4195
f 5089/3889/4195 5094/3894/4200 5095/3895/4201 5090/3890/4196
f 5090/3890/4196 5095/3895/4201 5096/3896/4202 5091/3891/4197
f 5092/3892/4198 5097/3897/4203 5098/3898/4204 5093/3893/4199
f 5093/3893/4199 5098/3898/4204 5099/3899/4205 5094/3894/4200
f 5094/3894/4200 5099/3899/4205 5100/3900/4206 5095/3895/4201
f 5095/3895/4201 5100/3900/4206 5101/3901/4207 5096/3896/4202
f 5097/3897/4203 5102/3902/4208 5103/3903/4209 5098/3898/4204
f 5098/3898/4204 5103/3903/4209 5104/3904/4210 5099/3899/4205
f 5099/3899/4205 5104/3904/4210 5105/3905/4211 5100/3900/4206
f 5100/3900/4206 5105/3905/4211 5106/3906/4212 5101/3901/4207
f 5102/3902/4208 5107/3907/4213 5108/3908/4214 5103/3903/4209
f 5103/3903/4209 5108/3908/4214 5109/3909/4215 5104/3904/4210
f 5104/3904/4210 5109/3909/4215 5110/3910/4216 5105/3905/4211
f 5105/3905/4211 5110/3910/4216 5111/3911/4217 5106/3906/4212
f 5107/3907/4213 5112/3912/4218 5113/3913/4219 5108/3908/4214
f 5108/3908/4214 5113/3913/4219 5114/3914/4220 5109/3909/4215
f 5109/3909/4215 5114/3914/4220 5115/3915/4221 5110/3910/4216
f 5110/3910/4216 5115/3915/4221 5116/3916/4222 5111/3911/4217
f 5112/3912/4218 5117/3917/4223 5118/3918/4224 5113/3913/4219
f 5113/3913/4219 5118/3918/4224 5119/3919/4225 5114/3914/4220
f 5114/3914/4220 5119/3919/4225 5120/3920/4226 5115/3915/4221
f 5115/3915/4221 5120/3920/4226 5121/3921/4227 5116/3916/4222
f 5117/3917/4223 5122/3922/4228 5123/3923/4229 5118/3918/4224
f 5118/3918/4224 5123/3923/4229 5124/3924/4230 5119/3919/4225
f 5119/3919/4225 5124/3924/4230 5125/3925/4231 5120/3920/4226
f 5120/3920/4226 5125/3925/4231 5126/3926/4232 5121/3921/4227
f 5122/3922/4228 5127/3927/4233 5128/3928/4234 5123/3923/4229
f 5123/3923/4229 5128/3928/4234 5129/3929/4235 5124/3924/4230
f 5124/3924/4230 5129/3929/4235 5130/3930/4236 5125/3925/4231
f 5125/3925/4231 5130/3930/4236 5131/3931/4237 5126/3926/4232
f 5127/3927/4233 5132/3932/4238 5133/3933/4239 5128/3928/4234
f 5128/3928/4234 5133/3933/4239 5134/3934/4240 5129/3929/4235
f 5129/3929/4235 5134/3934/4240 5135/3935/4241 5130/3930/4236
f 5130/3930/4236 5135/3935/4241 5136/3936/4242 5131/3931/4237
f 5132/3932/4238 5137/3937/4243 5138/3938/4244 5133/3933/4239
f 5133/3933/4239 5138/3938/4244 5139/3939/4245 5134/3934/4240
f 5134/3934/4240 5139/3939/4245 5140/3940/4246 5135/3935/4241
f 5135/3935/4241 5140/3940/4246 5141/3941/4247 5136/3936/4242
f 5137/3937/4243 5142/3942/4248 5143/3943/4249 5138/3938/4244
f 5138/3938/4244 5143/3943/4249 5144/3944/4250 5139/3939/4245
f 5139/3939/4245 5144/3944/4250 5145/3945/4251 5140/3940/4246
f 5140/3940/4246 5145/3945/4251 5146/3946/4252 5141/3941/4247
f 5142/3942/4248 5147/3947/4253 5148/3948/4254 5143/3943/4249
f 5143/3943/4249 5148/3948/4254 5149/3949/4255 5144/3944/4250
f 5144/3944/4250 5149/3949/4255 5150/3950/4256 5145/3945/4251
f 5145/3945/4251 5150/3950/4256 5151/3951/4257 5146/3946/4252
f 5147/3947/4253 5152/3952/4258 5153/3953/4259 5148/3948/4254
f 5148/3948/4254 5153/3953/4259 5154/3954/4260 5149/3949/4255
f 5149/3949/4255 5154/3954/4260 5155/3955/4261 5150/3950/4256
f 5150/3950/4256 5155/3955/4261 5156/3956/4262 5151/3951/4257
f 5152/3952/4258 5157/3957/4263 5158/3958/4264 5153/3953/4259
f 5153/3953/4259 5158/3958/4264 5159/3959/4263 5154/3954/4260
f 5154/3954/4260 5159/3959/4263 5160/3960/4264 5155/3955/4261
f 5155/3955/4261 5160/3960/4264 5161/3961/4265 5156/3956/4262
f 5157/3957/4263 5162/3962/4266 5163/3963/4267 5158/3958/4264
f 5158/3958/4264 5163/3963/4267 5164/3964/4268 5159/3959/4263
f 5159/3959/4263 5164/3964/4268 5165/3965/4269 5160/3960/4264
f 5160/3960/4264 5165/3965/4269 5166/3966/4270 5161/3961/4265
f 5162/3962/4266 5167/3967/4271 5168/3968/4272 5163/3963/4267
f 5163/3963/4267 5168/3968/4272 5169/3969/4273 5164/3964/4268
f 5164/3964/4268 5169/3969/4273 5170/3970/4274 5165/3965/4269
f 5165/3965/4269 5170/3970/4274 5171/3971/4275 5166/3966/4270
usemtl track_rail
f 4481/3277/4276 4486/3278/4277 5173/3285/4278 5172/3286/4276
f 4486/3278/4277 4491/3287/4279 5174/3291/4280 5173/3285/4278
f 4491/3287/4279 4496/3292/4281 5175/3296/4282 5174/3291/4280
f 4496/3292/4281 4501/3297/4283 5176/3301/4284 5175/3296/4282
f 4501/3297/4283 4506/3302/4285 5177/3306/4286 5176/3301/4284
f 4506/3302/4285 4511/3307/4287 5178/3311/4288 5177/3306/4286
f 4511/3307/4287 4516/3312/4289 5179/3316/4290 5178/3311/4288
f 4516/3312/4289 4521/3317/4291 5180/3321/4292 5179/3316/4290
f 4521/3317/4291 4526/3322/4293 5181/3326/4293 5180/3321/4292
f 4526/3322/4293 4531/3327/4294 5182/3331/4295 5181/3326/4293
f 4531/3327/4294 4536/3332/4296 5183/3336/4297 5182/3331/4295
f 4536/3332/4296 4541/3337/4298 5184/3341/4299 5183/3336/4297
f 4541/3337/4298 4546/3342/4300 5185/3346/4300 5184/3341/4299
f 4546/3342/4300 4551/3347/4301 5186/3351/4301 5185/3346/4300
f 4551/3347/4301 4556/3352/4302 5187/3356/4303 5186/3351/4301
f 4556/3352/4302 4561/3357/4304 5188/3361/4304 5187/3356/4303
f 4561/3357/4304 4566/3362/4305 5189/3366/4306 5188/3361/4304
f 4566/3362/4305 4571/3367/4307 5190/3371/4308 5189/3366/4306
f 4571/3367/4307 4576/3372/4309 5191/3376/4309 5190/3371/4308
f 4576/3372/4309 4581/3377/4310 5192/3381/4311 5191/3376/4309
f 4581/3377/4310 4586/3382/4312 5193/3386/4313 5192/3381/4311
f 4586/3382/4312 4591/3387/4314 5194/3391/4314 5193/3386/4313
f 4591/3387/4314 4596/3392/4315 5195/3396/4316 5194/3391/4314
f 4596/3392/4315 4601/3397/4317 5196/3401/4318 5195/3396/4316
f 4601/3397/4317 4606/3402/4319 5197/3406/4319 5196/3401/4318
f 4606/3402/4319 4611/3407/4320 5198/3411/4320 5197/3406/4319
f 4611/3407/4320 4616/3412/4321 5199/3416/4321 5198/3411/4320
f 4616/3412/4321 4621/3417/4322 5200/3421/4323 5199/3416/4321
f 4621/3417/4322 4626/3422/4324 5201/3426/4325 5200/3421/4323
f 4626/3422/4324 4631/3427/4326 5202/3431/4327 5201/3426/4325
f 4631/3427/4326 4636/3432/4328 5203/3436/4329 5202/3431/4327
f 4636/3432/4328 4641/3437/4330 5204/3441/4331 5203/3436/4329
f 4641/3437/4330 4646/3442/4332 5205/3446/4332 5204/3441/4331
f 4646/3442/4332 4651/3447/4333 5206/3451/4333 5205/3446/4332
f 4651/3447/4333 4656/3452/4334 5207/3456/4334 5206/3451/4333
f 4656/3452/4334 4661/3457/4335 5208/3461/4335 5207/3456/4334
f 4661/3457/4335 4666/3462/4336 5209/3466/4336 5208/3461/4335
f 4666/3462/4336 4671/3467/4337 5210/3471/4338 5209/3466/4336
f 4671/3467/4337 4676/3472/4339 5211/3476/4339 5210/3471/4338
f 4676/3472/4339 4681/3477/4340 5212/3481/4340 5211/3476/4339
f 4681/3477/4340 4686/3482/4341 5213/3486/4341 5212/3481/4340
f 4686/3482/4341 4691/3487/4342 5214/3491/4343 5213/3486/4341
f 4691/3487/4342 4696/3492/4344 5215/3496/4344 5214/3491/4343
f 4696/3492/4344 4701/3497/4345 5216/3501/4346 5215/3496/4344
f 4701/3497/4345 4706/3502/4347 5217/3506/4348 5216/3501/4346
f 4706/3502/4347 4711/3507/4349 5218/3511/4350 5217/3506/4348
f 4711/3507/4349 4716/3512/4351 5219/3516/4351 5218/3511/4350
f 4716/3512/4351 4721/3517/4352 5220/3521/4352 5219/3516/4351
f 4721/3517/4352 4726/3522/4353 5221/3526/4354 5220/3521/4352
f 4726/3522/4353 4731/3527/4355 5222/3531/4355 5221/3526/4354
f 4731/3527/4355 4736/3532/4356 5223/3536/4356 5222/3531/4355
f 4736/3532/4356 4741/3537/4357 5224/3541/4358 5223/3536/4356
f 4741/3537/4357 4746/3542/4359 5225/3546/4360 5224/3541/4358
f 4746/3542/4359 4751/3547/4361 5226/3551/4362 5225/3546/4360
f 4751/3547/4361 4756/3552/4363 5227/3556/4363 5226/3551/4362
f 4756/3552/4363 4761/3557/4364 5228/3561/4365 5227/3556/4363
f 4761/3557/4364 4766/3562/4366 5229/3566/4366 5228/3561/4365
f 4766/3562/4366 4771/3567/4367 5230/3571/4368 5229/3566/4366
f 4771/3567/4367 4776/3572/4369 5231/3576/4369 5230/3571/4368
f 4776/3572/4369 4781/3577/4370 5232/3581/4370 5231/3576/4369
f 4781/3577/4370 4786/3582/4371 5233/3586/4371 5232/3581/4370
f 4786/3582/4371 4791/3587/4372 5234/3591/4372 5233/3586/4371
f 4791/3587/4372 4796/3592/4373 5235/3596/4373 5234/3591/4372
f 4796/3592/4373 4801/3597/4374 5236/3601/4375 5235/3596/4373
f 4801/3597/4374 4806/3602/4376 5237/3606/4377 5236/3601/4375
f 4806/3602/4376 4811/3607/4378 5238/3611/4378 5237/3606/4377
f 4811/3607/4378 4816/3612/4379 5239/3616/4380 5238/3611/4378
f 4816/3612/4379 4821/3617/4381 5240/3621/4381 5239/3616/4380
f 4821/3617/4381 4826/3622/4382 5241/3626/4382 5240/3621/4381
f 4826/3622/4382 4831/3627/4383 5242/3631/4383 5241/3626/4382
f 4831/3627/4383 4836/3632/4384 5243/3636/4384 5242/3631/4383
f 4836/3632/4384 4841/3637/4385 5244/3641/4385 5243/3636/4384
f 4841/3637/4385 4846/3642/4386 5245/3646/4387 5244/3641/4385
f 4846/3642/4386 4851/3647/4388 5246/3651/4389 5245/3646/4387
f 4851/3647/4388 4856/3652/4390 5247/3656/4390 5246/3651/4389
f 4856/3652/4390 4861/3657/4391 5248/3661/4391 5247/3656/4390
f 4861/3657/4391 4866/3662/4392 5249/3666/4393 5248/3661/4391
f 4866/3662/4392 4871/3667/4394 5250/3671/4394 5249/3666/4393
f 4871/3667/4394 4876/3672/4395 5251/3676/4395 5250/3671/4394
f 4876/3672/4395 4881/3677/4396 5252/3681/4396 5251/3676/4395
f 4881/3677/4396 4886/3682/4397 5253/3686/4397 5252/3681/4396
f 4886/3682/4397 4891/3687/4398 5254/3691/4398 5253/3686/4397
f 4891/3687/4398 4896/3692/4399 5255/3696/4400 5254/3691/4398
f 4896/3692/4399 4901/3697/4401 5256/3701/4401 5255/3696/4400
f 4901/3697/4401 4906/3702/4402 5257/3706/4403 5256/3701/4401
f 4906/3702/4402 4911/3707/4404 5258/3711/4405 5257/3706/4403
f 4911/3707/4404 4916/3712/4406 5259/3716/4406 5258/3711/4405
f 4916/3712/4406 4921/3717/4407 5260/3721/4407 5259/3716/4406
f 4921/3717/4407 4926/3722/4408 5261/3726/4409 5260/3721/4407
f 4926/3722/4408 4931/3727/4410 5262/3731/4411 5261/3726/4409
f 4931/3727/4410 4936/3732/4412 5263/3736/4413 5262/3731/4411
f 4936/3732/4412 4941/3737/4414 5264/3741/4415 5263/3736/4413
f 4941/3737/4414 4946/3742/4416 5265/3746/4416 5264/3741/4415
f 4946/3742/4416 4951/3747/4417 5266/3751/4418 5265/3746/4416
f 4951/3747/4417 4956/3752/4419 5267/3756/4420 5266/3751/4418
f 4956/3752/4419 4961/3757/4421 5268/3761/4421 5267/3756/4420
f 4961/3757/4421 4966/3762/4422 5269/3766/4423 5268/3761/4421
f 4966/3762/4422 4971/3767/4424 5270/3771/4424 5269/3766/4423
f 4971/3767/4424 4976/3772/4425 5271/3776/4426 5270/3771/4424
f 4976/3772/4425 4981/3777/4427 5272/3781/4427 5271/3776/4426
f 4981/3777/4427 4986/3782/4428 5273/3786/4428 5272/3781/4427
f 4986/3782/4428 4991/3787/4429 5274/3791/4430 5273/3786/4428
f 4991/3787/4429 4996/3792/4431 5275/3796/4431 5274/3791/4430
f 4996/3792/4431 5001/3797/4432 5276/3801/4432 5275/3796/4431
f 5001/3797/4432 5006/3802/4433 5277/3806/4433 5276/3801/4432
f 5006/3802/4433 5011/3807/4434 5278/3811/4435 5277/3806/4433
f 5011/3807/4434 5016/3812/4436 5279/3816/4437 5278/3811/4435
f 5016/3812/4436 5021/3817/4438 5280/3821/4439 5279/3816/4437
f 5021/3817/4438 5026/3822/4440 5281/3826/4441 5280/3821/4439
f 5026/3822/4440 5031/3827/4442 5282/3831/4443 5281/3826/4441
f 5031/3827/4442 5036/3832/4444 5283/3836/4445 5282/3831/4443
f 5036/3832/4444 5041/3837/4446 5284/3841/4446 5283/3836/4445
f 5041/3837/4446 5046/3842/4447 5285/3846/4448 5284/3841/4446
f 5046/3842/4447 5051/3847/4449 5286/3851/4449 5285/3846/4448
f 5051/3847/4449 5056/3852/4450 5287/3856/4451 5286/3851/4449
f 5056/3852/4450 5061/3857/4452 5288/3861/4453 5287/3856/4451
f 5061/3857/4452 5066/3862/4454 5289/3866/4454 5288/3861/4453
f 5066/3862/4454 5071/3867/4455 5290/3871/4455 5289/3866/4454
f 5071/3867/4455 5076/3872/4456 5291/3876/4456 5290/3871/4455
f 5076/3872/4456 5081/3877/4457 5292/3881/4458 5291/3876/4456
f 5081/3877/4457 5086/3882/4459 5293/3886/4460 5292/3881/4458
f 5086/3882/4459 5091/3887/4461 5294/3891/4462 5293/3886/4460
f 5091/3887/4461 5096/3892/4463 5295/3896/4464 5294/3891/4462
f 5096/3892/4463 5101/3897/4465 5296/3901/4466 5295/3896/4464
f 5101/3897/4465 5106/3902/4467 5297/3906/4467 5296/3901/4466
f 5106/3902/4467 5111/3907/4468 5298/3911/4469 5297/3906/4467
f 5111/3907/4468 5116/3912/4470 5299/3916/4471 5298/3911/4469
f 5116/3912/4470 5121/3917/4472 5300/3921/4473 5299/3916/4471
f 5121/3917/4472 5126/3922/4474 5301/3926/4474 5300/3921/4473
f 5126/3922/4474 5131/3927/4475 5302/3931/4475 5301/3926/4474
f 5131/3927/4475 5136/3932/4476 5303/3936/4477 5302/3931/4475
f 5136/3932/4476 5141/3937/4478 5304/3941/4479 5303/3936/4477
f 5141/3937/4478 5146/3942/4480 5305/3946/4481 5304/3941/4479
f 5146/3942/4480 5151/3947/4482 5306/3951/4482 5305/3946/4481
f 5151/3947/4482 5156/3952/4483 5307/3956/4483 5306/3951/4482
f 5156/3952/4483 5161/3957/4484 5308/3961/4485 5307/3956/4483
f 5161/3957/4484 5166/3962/4486 5309/3966/4487 5308/3961/4485
f 5166/3962/4486 5171/3967/4488 5310/3971/4488 5309/3966/4487
f 5311/3277/4489 5312/3278/4490 4482/3285/4491 4477/3286/4489
f 5312/3278/4490 5313/3287/4492 4487/3291/4492 4482/3285/4491
f 5313/3287/4492 5314/3292/4493 4492/3296/4494 4487/3291/4492
f 5314/3292/4493 5315/3297/4495 4497/3301/4496 4492/3296/4494
f 5315/3297/4495 5316/3302/4497 4502/3306/4498 4497/3301/4496
f 5316/3302/4497 5317/3307/4499 4507/3311/4500 4502/3306/4498
f 5317/3307/4499 5318/3312/4501 4512/3316/4502 4507/3311/4500
f 5318/3312/4501 5319/3317/4503 4517/3321/4503 4512/3316/4502
f 5319/3317/4503 5320/3322/4504 4522/3326/4505 4517/3321/4503
f 5320/3322/4504 5321/3327/4506 4527/3331/4506 4522/3326/4505
f 5321/3327/4506 5322/3332/4507 4532/3336/4507 4527/3331/4506
f 5322/3332/4507 5323/3337/4508 4537/3341/4509 4532/3336/4507
f 5323/3337/4508 5324/3342/4510 4542/3346/4511 4537/3341/4509
f 5324/3342/4510 5325/3347/4512 4547/3351/4513 4542/3346/4511
f 5325/3347/4512 5326/3352/4514 4552/3356/4515 4547/3351/4513
f 5326/3352/4514 5327/3357/4516 4557/3361/4517 4552/3356/4515
f 5327/3357/4516 5328/3362/4518 4562/3366/4519 4557/3361/4517
f 5328/3362/4518 5329/3367/4520 4567/3371/4520 4562/3366/4519
f 5329/3367/4520 5330/3372/4521 4572/3376/4521 4567/3371/4520
f 5330/3372/4521 5331/3377/4522 4577/3381/4522 4572/3376/4521
f 5331/3377/4522 5332/3382/4523 4582/3386/4524 4577/3381/4522
f 5332/3382/4523 5333/3387/4525 4587/3391/4526 4582/3386/4524
f 5333/3387/4525 5334/3392/4527 4592/3396/4527 4587/3391/4526
f 5334/3392/4527 5335/3397/4528 4597/3401/4529 4592/3396/4527
f 5335/3397/4528 5336/3402/4530 4602/3406/4531 4597/3401/4529
f 5336/3402/4530 5337/3407/4532 4607/3411/4533 4602/3406/4531
f 5337/3407/4532 5338/3412/4534 4612/3416/4534 4607/3411/4533
f 5338/3412/4534 5339/3417/4535 4617/3421/4535 4612/3416/4534
f 5339/3417/4535 5340/3422/4536 4622/3426/4536 4617/3421/4535
f 5340/3422/4536 5341/3427/4537 4627/3431/4537 4622/3426/4536
f 5341/3427/4537 5342/3432/4538 4632/3436/4538 4627/3431/4537
f 5342/3432/4538 5343/3437/4539 4637/3441/4540 4632/3436/4538
f 5343/3437/4539 5344/3442/4541 4642/3446/4541 4637/3441/4540
f 5344/3442/4541 5345/3447/4542 4647/3451/4542 4642/3446/4541
f 5345/3447/4542 5346/3452/4543 4652/3456/4543 4647/3451/4542
f 5346/3452/4543 5347/3457/4544 4657/3461/4544 4652/3456/4543
f 5347/3457/4544 5348/3462/4545 4662/3466/4546 4657/3461/4544
f 5348/3462/4545 5349/3467/4547 4667/3471/4547 4662/3466/4546
f 5349/3467/4547 5350/3472/4548 4672/3476/4548 4667/3471/4547
f 5350/3472/4548 5351/3477/4549 4677/3481/4550 4672/3476/4548
f 5351/3477/4549 5352/3482/4551 4682/3486/4551 4677/3481/4550
f 5352/3482/4551 5353/3487/4552 4687/3491/4553 4682/3486/4551
f 5353/3487/4552 5354/3492/4554 4692/3496/4555 4687/3491/4553
f 5354/3492/4554 5355/3497/4556 4697/3501/4557 4692/3496/4555
f 5355/3497/4556 5356/3502/4558 4702/3506/4558 4697/3501/4557
f 5356/3502/4558 5357/3507/4559 4707/3511/4560 4702/3506/4558
f 5357/3507/4559 5358/3512/4561 4712/3516/4561 4707/3511/4560
f 5358/3512/4561 5359/3517/4562 4717/3521/4563 4712/3516/4561
f 5359/3517/4562 5360/3522/4564 4722/3526/4564 4717/3521/4563
f 5360/3522/4564 5361/3527/4565 4727/3531/4566 4722/3526/4564
f 5361/3527/4565 5362/3532/4567 4732/3536/4567 4727/3531/4566
f 5362/3532/4567 5363/3537/4568 4737/3541/4569 4732/3536/4567
f 5363/3537/4568 5364/3542/4570 4742/3546/4571 4737/3541/4569
f 5364/3542/4570 5365/3547/4572 4747/3551/4573 4742/3546/4571
f 5365/3547/4572 5366/3552/4574 4752/3556/4575 4747/3551/4573
f 5366/3552/4574 5367/3557/4576 4757/3561/4576 4752/3556/4575
f 5367/3557/4576 5368/3562/4577 4762/3566/4577 4757/3561/4576
f 5368/3562/4577 5369/3567/4578 4767/3571/4579 4762/3566/4577
f 5369/3567/4578 5370/3572/4580 4772/3576/4580 4767/3571/4579
f 5370/3572/4580 5371/3577/4581 4777/3581/4581 4772/3576/4580
f 5371/3577/4581 5372/3582/4582 4782/3586/4582 4777/3581/4581
f 5372/3582/4582 5373/3587/4583 4787/3591/4583 4782/3586/4582
f 5373/3587/4583 5374/3592/4584 4792/3596/4585 4787/3591/4583
f 5374/3592/4584 5375/3597/4586 4797/3601/4586 4792/3596/4585
f 5375/3597/4586 5376/3602/4587 4802/3606/4587 4797/3601/4586
f 5376/3602/4587 5377/3607/4588 4807/3611/4588 4802/3606/4587
f 5377/3607/4588 5378/3612/4589 4812/3616/4589 4807/3611/4588
f 5378/3612/4589 5379/3617/4590 4817/3621/4590 4812/3616/4589
f 5379/3617/4590 5380/3622/4591 4822/3626/4591 4817/3621/4590
f 5380/3622/4591 5381/3627/4592 4827/3631/4592 4822/3626/4591
f 5381/3627/4592 5382/3632/4593 4832/3636/4593 4827/3631/4592
f 5382/3632/4593 5383/3637/4594 4837/3641/4594 4832/3636/4593
f 5383/3637/4594 5384/3642/4595 4842/3646/4596 4837/3641/4594
f 5384/3642/4595 5385/3647/4597 4847/3651/4598 4842/3646/4596
f 5385/3647/4597 5386/3652/4599 4852/3656/4600 4847/3651/4598
f 5386/3652/4599 5387/3657/4601 4857/3661/4601 4852/3656/4600
f 5387/3657/4601 5388/3662/4602 4862/3666/4602 4857/3661/4601
f 5388/3662/4602 5389/3667/4603 4867/3671/4603 4862/3666/4602
f 5389/3667/4603 5390/3672/4604 4872/3676/4604 4867/3671/4603
f 5390/3672/4604 5391/3677/4605 4877/3681/4605 4872/3676/4604
f 5391/3677/4605 5392/3682/4606 4882/3686/4606 4877/3681/4605
f 5392/3682/4606 5393/3687/4607 4887/3691/4608 4882/3686/4606
f 5393/3687/4607 5394/3692/4609 4892/3696/4609 4887/3691/4608
f 5394/3692/4609 5395/3697/4610 4897/3701/4611 4892/3696/4609
f 5395/3697/4610 5396/3702/4612 4902/3706/4613 4897/3701/4611
f 5396/3702/4612 5397/3707/4614 4907/3711/4615 4902/3706/4613
f 5397/3707/4614 5398/3712/4616 4912/3716/4617 4907/3711/4615
f 5398/3712/4616 5399/3717/4618 4917/3721/4619 4912/3716/4617
f 5399/3717/4618 5400/3722/4620 4922/3726/4620 4917/3721/4619
f 5400/3722/4620 5401/3727/4621 4927/3731/4621 4922/3726/4620
f 5401/3727/4621 5402/3732/4622 4932/3736/4622 4927/3731/4621
f 5402/3732/4622 5403/3737/4623 4937/3741/4623 4932/3736/4622
f 5403/3737/4623 5404/3742/4624 4942/3746/4624 4937/3741/4623
f 5404/3742/4624 5405/3747/4625 4947/3751/4625 4942/3746/4624
f 5405/3747/4625 5406/3752/4626 4952/3756/4627 4947/3751/4625
f 5406/3752/4626 5407/3757/4628 4957/3761/4629 4952/3756/4627
f 5407/3757/4628 5408/3762/4630 4962/3766/4630 4957/3761/4629
f 5408/3762/4630 5409/3767/4631 4967/3771/4631 4962/3766/4630
f 5409/3767/4631 5410/3772/4632 4972/3776/4632 4967/3771/4631
f 5410/3772/4632 5411/3777/4633 4977/3781/4634 4972/3776/4632
f 5411/3777/4633 5412/3782/4635 4982/3786/4636 4977/3781/4634
f 5412/3782/4635 5413/3787/4637 4987/3791/4638 4982/3786/4636
f 5413/3787/4637 5414/3792/4639 4992/3796/4640 4987/3791/4638
f 5414/3792/4639 5415/3797/4641 4997/3801/4641 4992/3796/4640
f 5415/3797/4641 5416/3802/4642 5002/3806/4643 4997/3801/4641
f 5416/3802/4642 5417/3807/4644 5007/3811/4644 5002/3806/4643
f 5417/3807/4644 5418/3812/4645 5012/3816/4645 5007/3811/4644
f 5418/3812/4645 5419/3817/4646 5017/3821/4647 5012/3816/4645
f 5419/3817/4646 5420/3822/4648 5022/3826/4649 5017/3821/4647
f 5420/3822/4648 5421/3827/4650 5027/3831/4651 5022/3826/4649
f 5421/3827/4650 5422/3832/4652 5032/3836/4652 5027/3831/4651
f 5422/3832/4652 5423/3837/4653 5037/3841/4653 5032/3836/4652
f 5423/3837/4653 5424/3842/4654 5042/3846/4654 5037/3841/4653
f 5424/3842/4654 5425/3847/4655 5047/3851/4655 5042/3846/4654
f 5425/3847/4655 5426/3852/4656 5052/3856/4657 5047/3851/4655
f 5426/3852/4656 5427/3857/4658 5057/3861/4658 5052/3856/4657
f 5427/3857/4658 5428/3862/4659 5062/3866/4660 5057/3861/4658
f 5428/3862/4659 5429/3867/4661 5067/3871/4661 5062/3866/4660
f 5429/3867/4661 5430/3872/4662 5072/3876/4663 5067/3871/4661
f 5430/3872/4662 5431/3877/4664 5077/3881/4665 5072/3876/4663
f 5431/3877/4664 5432/3882/4666 5082/3886/4667 5077/3881/4665
f 5432/3882/4666 5433/3887/4668 5087/3891/4669 5082/3886/4667
f 5433/3887/4668 5434/3892/4670 5092/3896/4671 5087/3891/4669
f 5434/3892/4670 5435/3897/4672 5097/3901/4673 5092/3896/4671
f 5435/3897/4672 5436/3902/4674 5102/3906/4675 5097/3901/4673
f 5436/3902/4674 5437/3907/4676 5107/3911/4677 5102/3906/4675
f 5437/3907/4676 5438/3912/4678 5112/3916/4679 5107/3911/4677
f 5438/3912/4678 5439/3917/4680 5117/3921/4680 5112/3916/4679
f 5439/3917/4680 5440/3922/4681 5122/3926/4682 5117/3921/4680
f 5440/3922/4681 5441/3927/4683 5127/3931/4684 5122/3926/4682
f 5441/3927/4683 5442/3932/4685 5132/3936/4686 5127/3931/4684
f 5442/3932/4685 5443/3937/4687 5137/3941/4688 5132/3936/4686
f 5443/3937/4687 5444/3942/4689 5142/3946/4690 5137/3941/4688
f 5444/3942/4689 5445/3947/4691 5147/3951/4692 5142/3946/4690
f 5445/3947/4691 5446/3952/4693 5152/3956/4694 5147/3951/4692
f 5446/3952/4693 5447/3957/4695 5157/3961/4695 5152/3956/4694
f 5447/3957/4695 5448/3962/4696 5162/3966/4697 5157/3961/4695
f 5448/3962/4696 5449/3967/4698 5167/3971/4698 5162/3966/4697
o MXTRoadSegment.035_PreviewMesh
v -17.340614 -2239.752686 350.490356
v 5.531826 -2238.642578 331.109436
v 28.404266 -2237.532715 311.728546
v 51.276707 -2236.422852 292.347656
v 74.149147 -2235.312744 272.966736
v -27.108419 -2225.808350 339.594757
v -4.140463 -2224.785889 320.322296
v 18.827494 -2223.763672 301.049835
v 41.795452 -2222.741455 281.777374
v 64.763405 -2221.718994 262.504913
v -36.816532 -2211.718018 328.699707
v -13.747980 -2210.774170 309.543762
v 9.320571 -2209.830322 290.387787
v 32.389122 -2208.886475 271.231812
v 55.457672 -2207.942627 252.075867
v -46.358551 -2197.435791 317.873260
v -23.178656 -2196.552979 298.849274
v 0.001242 -2195.669922 279.825256
v 23.181137 -2194.786865 260.801239
v 46.361034 -2193.904053 241.777252
v -55.633919 -2182.917725 307.177917
v -32.326462 -2182.070557 288.308777
v -9.019005 -2181.223145 269.439636
v 14.288452 -2180.375732 250.570496
v 37.595909 -2179.528564 231.701355
v -64.667152 -2168.174072 296.592865
v -41.217022 -2167.338623 277.900787
v -17.766891 -2166.502930 259.208740
v 5.683240 -2165.667236 240.516678
v 29.133371 -2164.831787 221.824631
v -73.479233 -2153.218750 286.111877
v -49.872868 -2152.376221 267.617828
v -26.266504 -2151.533447 249.123795
v -2.660141 -2150.690674 230.629761
v 20.946222 -2149.848145 212.135727
v -82.076416 -2138.061035 275.740631
v -58.301296 -2137.197266 257.465057
v -34.526180 -2136.333252 239.189453
v -10.751063 -2135.469238 220.913864
v 13.024054 -2134.605469 202.638260
v -90.452866 -2122.699463 265.481750
v -66.496445 -2121.800781 247.446182
v -42.540031 -2120.901855 229.410599
v -18.583614 -2120.002930 211.375015
v 5.372801 -2119.104248 193.339447
v -98.599243 -2107.130371 255.336182
v -74.448891 -2106.182129 237.563721
v -50.298534 -2105.233643 219.791245
v -26.148178 -2104.285156 202.018768
v -1.997823 -2103.336914 184.246307
v -106.521904 -2091.363770 245.310410
v -82.166771 -2090.355469 227.822952
v -57.811634 -2089.347412 210.335510
v -33.456501 -2088.339355 192.848068
v -9.101365 -2087.331055 175.360611
v -114.224319 -2075.406494 235.409744
v -89.655029 -2074.331787 218.228516
v -65.085739 -2073.257080 201.047272
v -40.516449 -2072.182373 183.866028
v -15.947159 -2071.107666 166.684799
v -121.692383 -2059.249512 225.632584
v -96.898865 -2058.099121 208.781525
v -72.105347 -2056.948975 191.930466
v -47.311829 -2055.798828 175.079407
v -22.518309 -2054.648438 158.228348
v -128.928986 -2042.901367 215.984863
v -103.903076 -2041.669434 199.486801
v -78.877159 -2040.437378 182.988754
v -53.851246 -2039.205322 166.490707
v -28.825333 -2037.973389 149.992645
v -135.941269 -2026.373657 206.473953
v -110.677193 -2025.057861 190.349579
v -85.413124 -2023.742065 174.225220
v -60.149052 -2022.426270 158.100861
v -34.884979 -2021.110474 141.976486
v -142.720200 -2009.660889 197.099548
v -117.212173 -2008.258545 181.371445
v -91.704140 -2006.856201 165.643326
v -66.196106 -2005.453857 149.915207
v -40.688072 -2004.051514 134.187103
v -149.261551 -1992.763794 187.864227
v -123.504768 -1991.272705 172.555252
v -97.747986 -1989.781494 157.246277
v -71.991203 -1988.290283 141.937302
v -46.234428 -1986.799194 126.628334
v -155.572891 -1975.696045 178.776855
v -129.565338 -1974.117554 163.906906
v -103.557793 -1972.538940 149.036957
v -77.550247 -1970.960327 134.167007
v -51.542698 -1969.381836 119.297058
v -161.654434 -1958.461914 169.841827
v -135.395477 -1956.798950 155.429993
v -109.136513 -1955.135864 141.018143
v -82.877556 -1953.472778 126.606300
v -56.618595 -1951.809814 112.194458
v -167.494873 -1941.052002 161.056915
v -140.983627 -1939.306030 147.124771
v -114.472366 -1937.560059 133.192627
v -87.961113 -1935.814087 119.260483
v -61.449852 -1934.068115 105.328346
v -173.101746 -1923.480713 152.431717
v -146.340042 -1921.656128 138.997330
v -119.578354 -1919.831543 125.562958
v -92.816658 -1918.006958 112.128578
v -66.054970 -1916.182373 98.694206
v -178.481247 -1905.759399 143.974777
v -151.473190 -1903.862915 131.053131
v -124.465149 -1901.966553 118.131493
v -97.457100 -1900.070190 105.209854
v -70.449059 -1898.173706 92.288208
v -183.620850 -1887.875610 135.682327
v -156.369873 -1885.912598 123.291565
v -129.118912 -1883.949585 110.900803
v -101.867943 -1881.986572 98.510040
v -74.616974 -1880.023560 86.119278
v -188.525787 -1869.839844 127.562569
v -161.037445 -1867.817017 115.717781
v -133.549103 -1865.794312 103.872986
v -106.060760 -1863.771606 92.028191
v -78.572411 -1861.748779 80.183403
v -193.205856 -1851.668579 119.627052
v -165.488129 -1849.595093 108.338646
v -137.770401 -1847.521729 97.050232
v -110.052673 -1845.448364 85.761818
v -82.334938 -1843.374878 74.473412
v -197.651901 -1833.351074 111.873665
v -169.712372 -1831.235352 101.154243
v -141.772842 -1829.119629 90.434822
v -113.833313 -1827.003906 79.715401
v -85.893776 -1824.888184 68.995979
v -201.864838 -1814.892212 104.307930
v -173.712189 -1812.742920 94.168449
v -145.559540 -1810.593628 84.028976
v -117.406891 -1808.444336 73.889503
v -89.254250 -1806.295044 63.750027
v -205.856613 -1796.309692 96.942924
v -177.501724 -1794.137451 87.388786
v -149.146851 -1791.965088 77.834641
v -120.791969 -1789.792725 68.280495
v -92.437088 -1787.620483 58.726357
v -209.624420 -1777.600830 89.780960
v -181.078278 -1775.415894 80.817467
v -152.532150 -1773.230957 71.853973
v -123.986015 -1771.046021 62.890480
v -95.439880 -1768.861084 53.926983
v -213.163803 -1758.760986 82.823555
v -184.437393 -1756.573608 74.456429
v -155.710999 -1754.386108 66.089310
v -126.984596 -1752.198608 57.722187
v -98.258202 -1750.011230 49.355064
v -216.488480 -1739.809448 76.084946
v -187.594513 -1737.630615 68.313759
v -158.700546 -1735.451782 60.542576
v -129.806580 -1733.272949 52.771389
v -100.912621 -1731.094116 45.000202
v -219.601883 -1720.750854 69.572121
v -190.553375 -1718.592163 62.394096
v -161.504868 -1716.433472 55.216072
v -132.456360 -1714.274780 48.038048
v -103.407860 -1712.116089 40.860023
v -222.495636 -1701.573242 63.283607
v -193.304871 -1699.445435 56.697979
v -164.114090 -1697.317505 50.112350
v -134.923309 -1695.189575 43.526722
v -105.732536 -1693.061768 36.941093
v -225.184540 -1682.296509 57.234501
v -195.864853 -1680.210815 51.234055
v -166.545166 -1678.125000 45.233608
v -137.225479 -1676.039185 39.233162
v -107.905792 -1673.953491 33.232716
v -227.676956 -1662.930786 51.435284
v -198.241882 -1660.898560 46.008835
v -168.806808 -1658.866333 40.582382
v -139.371735 -1656.834106 35.155930
v -109.936668 -1654.801880 29.729479
v -229.962631 -1643.459473 45.883259
v -200.424545 -1641.491455 41.022396
v -170.886444 -1639.523560 36.161533
v -141.348343 -1637.555664 31.300671
v -111.810249 -1635.587646 26.439808
v -232.057022 -1623.902100 40.594208
v -202.428665 -1622.009155 36.284023
v -172.800323 -1620.116211 31.973843
v -143.171982 -1618.223267 27.663660
v -113.543625 -1616.330322 23.353479
v -233.972046 -1604.272827 35.581291
v -204.266006 -1602.465454 31.801792
v -174.559967 -1600.658081 28.022291
v -144.853928 -1598.850708 24.242790
v -115.147896 -1597.043335 20.463291
v -235.696869 -1584.552734 30.842022
v -205.924316 -1582.840942 27.576216
v -176.151779 -1581.129150 24.310411
v -146.379242 -1579.417358 21.044607
v -116.606697 -1577.705566 17.778801
v -237.247635 -1564.761841 26.392981
v -207.419556 -1563.155151 23.617304
v -177.591492 -1561.548340 20.841625
v -147.763428 -1559.941528 18.065947
v -117.935349 -1558.334839 15.290269
v -238.638596 -1544.915649 22.249519
v -208.765320 -1543.422607 19.934605
v -178.892059 -1541.929688 17.619692
v -149.018799 -1540.436768 15.304778
v -119.145523 -1538.943726 12.989865
v -239.858795 -1524.994507 18.410089
v -209.949188 -1523.623901 16.529554
v -180.039581 -1522.253174 14.649021
v -150.129974 -1520.882446 12.768487
v -120.220360 -1519.511841 10.887954
v -240.925827 -1505.019897 14.893193
v -210.988052 -1503.778687 13.413614
v -181.050278 -1502.537476 11.934035
v -151.112503 -1501.296265 10.454456
v -121.174736 -1500.055054 8.974877
v -241.854675 -1485.008179 11.715901
v -211.895920 -1483.902466 10.597756
v -181.937164 -1482.796631 9.479610
v -151.978409 -1481.690796 8.361465
v -122.019661 -1480.585083 7.243320
v -242.634369 -1464.938965 8.878448
v -212.660385 -1463.974365 8.084915
v -182.686401 -1463.009888 7.291383
v -152.712418 -1462.045410 6.497850
v -122.738426 -1461.080811 5.704318
v -243.285019 -1444.838135 6.402879
v -213.300629 -1444.018311 5.889018
v -183.316238 -1443.198486 5.375157
v -153.331848 -1442.378662 4.861297
v -123.347458 -1441.558838 4.347436
v -243.819839 -1424.720337 4.307391
v -213.828766 -1424.046875 4.022413
v -183.837677 -1423.373413 3.737435
v -153.846588 -1422.699951 3.452457
v -123.855507 -1422.026489 3.167480
v -244.228729 -1404.566772 2.595713
v -214.233521 -1404.041138 2.490646
v -184.238312 -1403.515503 2.385579
v -154.243103 -1402.989868 2.280511
v -124.247894 -1402.464233 2.175444
v -244.535385 -1384.410889 1.294688
v -214.537796 -1384.030396 1.310734
v -184.540222 -1383.649780 1.326779
v -154.542648 -1383.269165 1.342825
v -124.545059 -1382.888672 1.358870
v -244.738388 -1364.295532 0.481901
v -214.739426 -1364.053223 0.546209
v -184.740479 -1363.811035 0.610517
v -154.741531 -1363.568848 0.674825
v -124.742577 -1363.326538 0.739133
v -244.838287 -1344.183594 0.120439
v -214.838531 -1344.072876 0.167162
v -184.838776 -1343.962280 0.213884
v -154.839020 -1343.851685 0.260607
v -124.839264 -1343.740967 0.307329
v -244.889343 -1326.537231 0.000004
v -214.889343 -1326.537231 0.000002
v -184.889343 -1326.537231 0.000000
v -154.889343 -1326.537231 -0.000002
v -124.889351 -1326.537231 -0.000004
v 71.321365 -2240.258301 269.346283
v 61.882084 -2226.580322 258.813232
v 52.526859 -2212.717529 248.311142
v 43.387238 -2198.590820 237.936279
v 34.588009 -2184.125732 227.779526
v 26.099878 -2169.337646 217.817520
v 17.894968 -2154.261230 208.039917
v 9.962431 -2138.924805 198.451141
v 2.308403 -2123.328613 189.058517
v -5.057043 -2107.465088 179.868942
v -12.148015 -2091.362305 170.885071
v -18.974237 -2075.041016 162.110031
v -25.518093 -2058.483154 153.552917
v -31.790556 -2041.708496 145.215775
v -37.809101 -2024.745605 137.098251
v -43.564121 -2007.586182 129.207520
v -49.055416 -1990.233032 121.547653
v -54.302513 -1972.714355 114.116348
v -59.311405 -1955.040894 106.915184
v -64.069221 -1937.197632 99.951790
v -68.595398 -1919.210205 93.222366
v -72.905869 -1901.099854 86.723679
v -76.984726 -1882.848145 80.464394
v -80.846443 -1864.472046 74.440987
v -84.511734 -1845.997070 68.646866
v -87.969307 -1827.409546 63.088577
v -91.224907 -1808.716064 57.765236
v -94.300583 -1789.941528 52.668114
v -97.193947 -1771.082886 47.799221
v -99.900475 -1752.134277 43.161674
v -102.442192 -1733.119019 38.745392
v -104.824348 -1714.043457 34.548035
v -107.035103 -1694.892334 30.575985
v -109.095070 -1675.687988 26.818697
v -111.014198 -1656.440796 23.270741
v -112.776955 -1637.131836 19.940294
v -114.401871 -1617.780151 16.817127
v -115.901215 -1598.399292 13.893932
v -117.257942 -1578.968140 11.179994
v -118.488831 -1559.504272 8.665432
v -119.606865 -1540.020142 6.342222
v -120.594505 -1520.495239 4.220457
v -121.468201 -1500.945190 2.290259
v -122.240311 -1481.381104 0.544064
v -122.893539 -1461.782471 -1.007328
v -123.446091 -1442.164795 -2.374589
v -123.908043 -1422.535156 -3.563126
v -124.264313 -1402.873901 -4.562089
v -124.537544 -1383.197021 -5.384077
v -124.726471 -1363.530396 -6.007770
v -124.828392 -1343.837158 -6.441978
v -124.889351 -1326.537231 -6.750004
v -20.168394 -2244.698242 346.869904
v -29.989744 -2230.669434 335.903076
v -39.747345 -2216.492920 324.934998
v -49.332348 -2202.122559 314.032288
v -58.641819 -2187.514893 303.256073
v -67.700645 -2172.679932 292.585754
v -76.530487 -2157.632080 282.016052
v -85.138039 -2142.380615 271.553528
v -93.517265 -2126.923828 261.200836
v -101.658463 -2111.258789 250.958817
v -109.568550 -2095.394775 240.834869
v -117.251396 -2079.339600 230.834991
v -124.692169 -2063.083984 220.957153
v -131.894211 -2046.636597 211.207977
v -138.865387 -2030.008911 201.595718
v -145.596252 -2013.195679 192.119965
v -152.082535 -1996.197632 182.783539
v -158.332703 -1979.028687 173.596146
v -164.347244 -1961.693115 164.562561
v -170.114243 -1944.181641 155.680359
v -175.642166 -1926.508545 146.959869
v -180.938049 -1908.685547 138.410248
v -185.988602 -1890.700195 130.027451
v -190.799820 -1872.563110 121.820160
v -195.382645 -1854.290649 113.800514
v -199.727448 -1835.872437 105.966263
v -203.835495 -1817.313232 98.323135
v -207.720108 -1798.630859 90.884682
v -211.378479 -1779.822632 83.653198
v -214.806076 -1760.884033 76.630165
v -218.018051 -1741.834351 69.830139
v -221.018372 -1722.678345 63.260132
v -223.798203 -1703.403931 56.918499
v -226.373810 -1684.031006 50.820477
v -228.754486 -1664.569702 44.976543
v -230.929337 -1645.003540 39.383747
v -232.915268 -1625.351929 34.057854
v -234.725357 -1605.628784 29.011932
v -236.348099 -1585.815308 24.243214
v -237.801117 -1565.931274 19.768143
v -239.099930 -1545.991943 15.601875
v -240.232941 -1525.977905 11.742592
v -241.219284 -1505.910034 8.208574
v -242.075317 -1485.804321 5.016645
v -242.789474 -1465.640625 2.166801
v -243.383652 -1445.444092 -0.319146
v -243.872375 -1425.228882 -2.423215
v -244.245148 -1404.976562 -4.141819
v -244.527863 -1384.719360 -5.448258
v -244.722275 -1364.499390 -6.265001
v -244.827423 -1344.279785 -6.628867
v -244.889343 -1326.537231 -6.749997
vn -0.4178 -0.7343 -0.5351
vn -0.4263 -0.7210 -0.5463
vn -0.4273 -0.7197 -0.5472
vn -0.4175 -0.7346 -0.5348
vn -0.4284 -0.7179 -0.5488
vn -0.4173 -0.7349 -0.5346
vn -0.4294 -0.7165 -0.5497
vn -0.4171 -0.7352 -0.5344
vn -0.4303 -0.7151 -0.5508
vn -0.4169 -0.7355 -0.5341
vn -0.4291 -0.7150 -0.5519
vn -0.4306 -0.7127 -0.5537
vn -0.4320 -0.7106 -0.5553
vn -0.4336 -0.7083 -0.5570
vn -0.4351 -0.7061 -0.5587
vn -0.4334 -0.7055 -0.5608
vn -0.4355 -0.7022 -0.5633
vn -0.4378 -0.6987 -0.5659
vn -0.4401 -0.6951 -0.5685
vn -0.4422 -0.6913 -0.5714
vn -0.4399 -0.6904 -0.5743
vn -0.4430 -0.6854 -0.5780
vn -0.4462 -0.6802 -0.5816
vn -0.4493 -0.6750 -0.5853
vn -0.4525 -0.6696 -0.5890
vn -0.4424 -0.6794 -0.5854
vn -0.4462 -0.6730 -0.5899
vn -0.4501 -0.6664 -0.5944
vn -0.4539 -0.6597 -0.5990
vn -0.4578 -0.6528 -0.6035
vn -0.4428 -0.6701 -0.5957
vn -0.4472 -0.6625 -0.6010
vn -0.4516 -0.6546 -0.6063
vn -0.4560 -0.6466 -0.6116
vn -0.4605 -0.6383 -0.6168
vn -0.4429 -0.6595 -0.6074
vn -0.4478 -0.6507 -0.6133
vn -0.4527 -0.6416 -0.6192
vn -0.4575 -0.6323 -0.6251
vn -0.4625 -0.6228 -0.6311
vn -0.4421 -0.6486 -0.6196
vn -0.4475 -0.6384 -0.6262
vn -0.4529 -0.6280 -0.6329
vn -0.4583 -0.6172 -0.6396
vn -0.4637 -0.6061 -0.6462
vn -0.4415 -0.6351 -0.6338
vn -0.4473 -0.6235 -0.6413
vn -0.4531 -0.6118 -0.6484
vn -0.4589 -0.5997 -0.6556
vn -0.4647 -0.5871 -0.6628
vn -0.4393 -0.6225 -0.6477
vn -0.4453 -0.6100 -0.6555
vn -0.4514 -0.5970 -0.6632
vn -0.4575 -0.5836 -0.6709
vn -0.4636 -0.5698 -0.6785
vn -0.4358 -0.6105 -0.6613
vn -0.4421 -0.5968 -0.6696
vn -0.4485 -0.5825 -0.6779
vn -0.4549 -0.5678 -0.6861
vn -0.4612 -0.5527 -0.6941
vn -0.4308 -0.5993 -0.6747
vn -0.4375 -0.5843 -0.6835
vn -0.4442 -0.5687 -0.6923
vn -0.4508 -0.5526 -0.7010
vn -0.4574 -0.5361 -0.7095
vn -0.4256 -0.5862 -0.6894
vn -0.4326 -0.5700 -0.6985
vn -0.4396 -0.5532 -0.7076
vn -0.4459 -0.5362 -0.7167
vn -0.4528 -0.5183 -0.7255
vn -0.4192 -0.5738 -0.7036
vn -0.4261 -0.5565 -0.7133
vn -0.4331 -0.5390 -0.7224
vn -0.4399 -0.5207 -0.7317
vn -0.4466 -0.5018 -0.7407
vn -0.4118 -0.5613 -0.7179
vn -0.4189 -0.5429 -0.7278
vn -0.4260 -0.5240 -0.7376
vn -0.4330 -0.5044 -0.7471
vn -0.4398 -0.4841 -0.7564
vn -0.4036 -0.5482 -0.7325
vn -0.4108 -0.5286 -0.7429
vn -0.4178 -0.5086 -0.7528
vn -0.4248 -0.4880 -0.7625
vn -0.4317 -0.4668 -0.7718
vn -0.3945 -0.5354 -0.7468
vn -0.4016 -0.5151 -0.7572
vn -0.4087 -0.4942 -0.7673
vn -0.4156 -0.4727 -0.7770
vn -0.4224 -0.4504 -0.7866
vn -0.3850 -0.5213 -0.7616
vn -0.3921 -0.5002 -0.7721
vn -0.3991 -0.4782 -0.7823
vn -0.4060 -0.4555 -0.7923
vn -0.4127 -0.4322 -0.8018
vn -0.3741 -0.5085 -0.7756
vn -0.3811 -0.4863 -0.7863
vn -0.3880 -0.4635 -0.7966
vn -0.3948 -0.4399 -0.8066
vn -0.4016 -0.4154 -0.8162
vn -0.3627 -0.4949 -0.7896
vn -0.3695 -0.4722 -0.8003
vn -0.3763 -0.4486 -0.8106
vn -0.3829 -0.4243 -0.8206
vn -0.3895 -0.3990 -0.8301
vn -0.3505 -0.4815 -0.8033
vn -0.3572 -0.4579 -0.8141
vn -0.3638 -0.4336 -0.8244
vn -0.3703 -0.4085 -0.8343
vn -0.3767 -0.3827 -0.8436
vn -0.3378 -0.4673 -0.8170
vn -0.3445 -0.4430 -0.8277
vn -0.3509 -0.4180 -0.8379
vn -0.3572 -0.3920 -0.8478
vn -0.3634 -0.3653 -0.8570
vn -0.3242 -0.4541 -0.8299
vn -0.3306 -0.4291 -0.8406
vn -0.3369 -0.4035 -0.8507
vn -0.3430 -0.3773 -0.8602
vn -0.3489 -0.3498 -0.8694
vn -0.3104 -0.4396 -0.8429
vn -0.3164 -0.4147 -0.8532
vn -0.3224 -0.3886 -0.8632
vn -0.3284 -0.3613 -0.8727
vn -0.3340 -0.3338 -0.8815
vn -0.2958 -0.4260 -0.8550
vn -0.3017 -0.4001 -0.8654
vn -0.3075 -0.3735 -0.8752
vn -0.3131 -0.3460 -0.8845
vn -0.3186 -0.3176 -0.8931
vn -0.2810 -0.4109 -0.8673
vn -0.2866 -0.3847 -0.8774
vn -0.2921 -0.3578 -0.8869
vn -0.2975 -0.3300 -0.8959
vn -0.3027 -0.3014 -0.9042
vn -0.2656 -0.3970 -0.8785
vn -0.2708 -0.3711 -0.8882
vn -0.2760 -0.3440 -0.8975
vn -0.2811 -0.3160 -0.9062
vn -0.2860 -0.2872 -0.9142
vn -0.2499 -0.3832 -0.8892
vn -0.2549 -0.3565 -0.8988
vn -0.2599 -0.3291 -0.9078
vn -0.2646 -0.3009 -0.9162
vn -0.2693 -0.2718 -0.9239
vn -0.2340 -0.3683 -0.8998
vn -0.2387 -0.3419 -0.9089
vn -0.2433 -0.3144 -0.9176
vn -0.2478 -0.2861 -0.9256
vn -0.2522 -0.2567 -0.9330
vn -0.2180 -0.3537 -0.9096
vn -0.2224 -0.3274 -0.9183
vn -0.2266 -0.3001 -0.9266
vn -0.2308 -0.2719 -0.9342
vn -0.2348 -0.2429 -0.9412
vn -0.2018 -0.3391 -0.9188
vn -0.2059 -0.3128 -0.9272
vn -0.2099 -0.2851 -0.9352
vn -0.2138 -0.2575 -0.9423
vn -0.2175 -0.2283 -0.9490
vn -0.1856 -0.3244 -0.9275
vn -0.1894 -0.2982 -0.9355
vn -0.1931 -0.2711 -0.9430
vn -0.1966 -0.2432 -0.9498
vn -0.2001 -0.2143 -0.9561
vn -0.1694 -0.3098 -0.9356
vn -0.1730 -0.2837 -0.9432
vn -0.1763 -0.2570 -0.9502
vn -0.1794 -0.2299 -0.9566
vn -0.1826 -0.2017 -0.9623
vn -0.1536 -0.2945 -0.9432
vn -0.1567 -0.2691 -0.9503
vn -0.1596 -0.2425 -0.9569
vn -0.1627 -0.2159 -0.9628
vn -0.1655 -0.1881 -0.9681
vn -0.1378 -0.2788 -0.9504
vn -0.1406 -0.2538 -0.9570
vn -0.1433 -0.2282 -0.9630
vn -0.1459 -0.2016 -0.9685
vn -0.1485 -0.1746 -0.9734
vn -0.1223 -0.2642 -0.9567
vn -0.1247 -0.2400 -0.9627
vn -0.1273 -0.2148 -0.9683
vn -0.1297 -0.1892 -0.9733
vn -0.1318 -0.1631 -0.9778
vn -0.1074 -0.2483 -0.9627
vn -0.1095 -0.2247 -0.9683
vn -0.1116 -0.2006 -0.9733
vn -0.1137 -0.1759 -0.9778
vn -0.1157 -0.1506 -0.9818
vn -0.0928 -0.2327 -0.9681
vn -0.0946 -0.2100 -0.9731
vn -0.0967 -0.1870 -0.9776
vn -0.0982 -0.1628 -0.9818
vn -0.1001 -0.1386 -0.9853
vn -0.0789 -0.2165 -0.9731
vn -0.0807 -0.1953 -0.9774
vn -0.0820 -0.1730 -0.9815
vn -0.0835 -0.1505 -0.9851
vn -0.0851 -0.1275 -0.9882
vn -0.0657 -0.2005 -0.9775
vn -0.0669 -0.1802 -0.9814
vn -0.0686 -0.1595 -0.9848
vn -0.0699 -0.1382 -0.9879
vn -0.0709 -0.1164 -0.9907
vn -0.0533 -0.1841 -0.9815
vn -0.0543 -0.1650 -0.9848
vn -0.0552 -0.1455 -0.9878
vn -0.0568 -0.1258 -0.9904
vn -0.0576 -0.1053 -0.9928
vn -0.0418 -0.1670 -0.9851
vn -0.0426 -0.1497 -0.9878
vn -0.0438 -0.1318 -0.9903
vn -0.0443 -0.1138 -0.9925
vn -0.0452 -0.0952 -0.9944
vn -0.0314 -0.1496 -0.9882
vn -0.0323 -0.1340 -0.9905
vn -0.0330 -0.1179 -0.9925
vn -0.0337 -0.1016 -0.9943
vn -0.0340 -0.0848 -0.9958
vn -0.0220 -0.1320 -0.9910
vn -0.0225 -0.1181 -0.9927
vn -0.0230 -0.1039 -0.9943
vn -0.0238 -0.0895 -0.9957
vn -0.0240 -0.0747 -0.9969
vn -0.0139 -0.1134 -0.9935
vn -0.0147 -0.1016 -0.9947
vn -0.0144 -0.0898 -0.9959
vn -0.0150 -0.0777 -0.9969
vn -0.0153 -0.0653 -0.9977
vn -0.0073 -0.0945 -0.9955
vn -0.0075 -0.0851 -0.9963
vn -0.0078 -0.0754 -0.9971
vn -0.0084 -0.0656 -0.9978
vn -0.0082 -0.0556 -0.9984
vn -0.0022 -0.0747 -0.9972
vn -0.0021 -0.0678 -0.9977
vn -0.0026 -0.0606 -0.9982
vn -0.0025 -0.0534 -0.9986
vn -0.0027 -0.0461 -0.9989
vn 0.0012 -0.0537 -0.9986
vn 0.0012 -0.0498 -0.9988
vn 0.0011 -0.0457 -0.9990
vn 0.0011 -0.0416 -0.9991
vn 0.0010 -0.0374 -0.9993
vn 0.0024 -0.0274 -0.9996
vn 0.0024 -0.0271 -0.9996
vn 0.0024 -0.0267 -0.9996
vn 0.0024 -0.0263 -0.9997
vn 0.0024 -0.0260 -0.9997
vn 0.0016 -0.0104 -0.9999
vn 0.0016 -0.0125 -0.9999
vn 0.0016 -0.0147 -0.9999
vn 0.0016 -0.0168 -0.9999
vn 0.0014 -0.0190 -0.9998
vn 0.7099 -0.0058 -0.7043
vn 0.0008 -0.0095 -1.0000
vn 0.0008 -0.0123 -0.9999
vn 0.0008 -0.0150 -0.9999
vn -0.7099 -0.0139 -0.7042
vn -0.7655 -0.0339 0.6425
vn -0.7665 -0.0339 0.6414
vn -0.7665 -0.0339 0.6413
vn -0.7691 -0.0331 0.6383
vn -0.7731 -0.0316 0.6336
vn -0.7780 -0.0303 0.6276
vn -0.7780 -0.0302 0.6276
vn -0.7832 -0.0299 0.6211
vn -0.7886 -0.0304 0.6141
vn -0.7944 -0.0315 0.6066
vn -0.8008 -0.0328 0.5981
vn -0.8075 -0.0346 0.5889
vn -0.8144 -0.0369 0.5791
vn -0.8218 -0.0393 0.5685
vn -0.8295 -0.0417 0.5569
vn -0.8295 -0.0417 0.5570
vn -0.8373 -0.0446 0.5449
vn -0.8373 -0.0447 0.5449
vn -0.8454 -0.0476 0.5321
vn -0.8537 -0.0504 0.5184
vn -0.8620 -0.0533 0.5041
vn -0.8620 -0.0533 0.5040
vn -0.8704 -0.0564 0.4892
vn -0.8704 -0.0564 0.4891
vn -0.8788 -0.0592 0.4735
vn -0.8873 -0.0617 0.4571
vn -0.8955 -0.0645 0.4403
vn -0.9037 -0.0668 0.4229
vn -0.9118 -0.0687 0.4048
vn -0.9196 -0.0707 0.3865
vn -0.9196 -0.0708 0.3865
vn -0.9271 -0.0724 0.3678
vn -0.9271 -0.0725 0.3677
vn -0.9344 -0.0735 0.3485
vn -0.9414 -0.0745 0.3291
vn -0.9479 -0.0754 0.3095
vn -0.9479 -0.0753 0.3095
vn -0.9542 -0.0754 0.2896
vn -0.9600 -0.0753 0.2697
vn -0.9653 -0.0751 0.2499
vn -0.9653 -0.0751 0.2500
vn -0.9703 -0.0741 0.2301
vn -0.9749 -0.0728 0.2104
vn -0.9790 -0.0715 0.1912
vn -0.9826 -0.0695 0.1721
vn -0.9859 -0.0670 0.1534
vn -0.9887 -0.0646 0.1354
vn -0.9911 -0.0615 0.1180
vn -0.9932 -0.0580 0.1011
vn -0.9932 -0.0580 0.1012
vn -0.9949 -0.0546 0.0853
vn -0.9949 -0.0546 0.0854
vn -0.9962 -0.0506 0.0704
vn -0.9973 -0.0462 0.0564
vn -0.9982 -0.0420 0.0436
vn -0.9988 -0.0373 0.0322
vn -0.9992 -0.0323 0.0220
vn -0.9992 -0.0323 0.0221
vn -0.9995 -0.0277 0.0135
vn -0.9995 -0.0277 0.0136
vn -0.9997 -0.0226 0.0067
vn -0.9998 -0.0175 0.0016
vn -0.9999 -0.0126 -0.0011
vn -0.9999 -0.0127 -0.0013
vn -1.0000 -0.0075 -0.0016
vn -1.0000 -0.0040 -0.0009
vn -1.0000 -0.0039 -0.0007
vn -1.0000 -0.0029 -0.0001
vn 0.7656 0.0339 -0.6424
vn 0.7667 0.0336 -0.6412
vn 0.7668 0.0337 -0.6410
vn 0.7695 0.0326 -0.6379
vn 0.7694 0.0326 -0.6379
vn 0.7735 0.0308 -0.6330
vn 0.7786 0.0292 -0.6268
vn 0.7786 0.0291 -0.6268
vn 0.7840 0.0285 -0.6201
vn 0.7895 0.0288 -0.6131
vn 0.7954 0.0296 -0.6054
vn 0.8018 0.0307 -0.5968
vn 0.8086 0.0322 -0.5874
vn 0.8156 0.0343 -0.5776
vn 0.8230 0.0364 -0.5668
vn 0.8230 0.0364 -0.5669
vn 0.8308 0.0387 -0.5553
vn 0.8386 0.0414 -0.5432
vn 0.8467 0.0441 -0.5303
vn 0.8466 0.0441 -0.5303
vn 0.8550 0.0467 -0.5166
vn 0.8633 0.0495 -0.5022
vn 0.8717 0.0524 -0.4873
vn 0.8801 0.0550 -0.4716
vn 0.8885 0.0574 -0.4552
vn 0.8967 0.0600 -0.4385
vn 0.9049 0.0623 -0.4211
vn 0.9129 0.0641 -0.4030
vn 0.9207 0.0660 -0.3847
vn 0.9282 0.0676 -0.3660
vn 0.9281 0.0676 -0.3660
vn 0.9354 0.0686 -0.3468
vn 0.9423 0.0696 -0.3274
vn 0.9488 0.0703 -0.3079
vn 0.9550 0.0704 -0.2881
vn 0.9608 0.0702 -0.2682
vn 0.9608 0.0702 -0.2683
vn 0.9661 0.0700 -0.2485
vn 0.9661 0.0700 -0.2486
vn 0.9710 0.0691 -0.2288
vn 0.9755 0.0678 -0.2092
vn 0.9795 0.0665 -0.1900
vn 0.9795 0.0665 -0.1899
vn 0.9832 0.0646 -0.1710
vn 0.9864 0.0622 -0.1524
vn 0.9891 0.0599 -0.1345
vn 0.9915 0.0570 -0.1171
vn 0.9935 0.0535 -0.1004
vn 0.9951 0.0503 -0.0846
vn 0.9965 0.0466 -0.0698
vn 0.9965 0.0466 -0.0697
vn 0.9975 0.0424 -0.0559
vn 0.9975 0.0424 -0.0558
vn 0.9983 0.0385 -0.0432
vn 0.9989 0.0341 -0.0318
vn 0.9993 0.0295 -0.0217
vn 0.9996 0.0252 -0.0133
vn 0.9998 0.0206 -0.0066
vn 0.9998 0.0206 -0.0065
vn 0.9999 0.0160 -0.0015
vn 0.9999 0.0119 0.0012
vn 0.9999 0.0118 0.0013
vn 1.0000 0.0075 0.0016
vn 1.0000 0.0044 0.0008
vn 1.0000 0.0035 -0.0001
vt 0.000000 0.000000
vt 0.000000 0.393060
vt 0.250000 0.393060
vt 0.250000 0.000000
vt 0.500000 0.393060
vt 0.500000 0.000000
vt 0.750000 0.393060
vt 0.750000 0.000000
vt 1.000000 0.393060
vt 1.000000 0.000000
vt 0.000000 0.786154
vt 0.250000 0.786154
vt 0.500000 0.786154
vt 0.750000 0.786154
vt 1.000000 0.786154
vt 0.000000 1.179289
vt 0.250000 1.179289
vt 0.500000 1.179289
vt 0.750000 1.179289
vt 1.000000 1.179289
vt 0.000000 1.572464
vt 0.250000 1.572464
vt 0.500000 1.572464
vt 0.750000 1.572464
vt 1.000000 1.572464
vt 0.000000 1.965672
vt 0.250000 1.965672
vt 0.500000 1.965672
vt 0.750000 1.965672
vt 1.000000 1.965672
vt 0.000000 2.358916
vt 0.250000 2.358916
vt 0.500000 2.358916
vt 0.750000 2.358916
vt 1.000000 2.358916
vt 0.000000 2.752198
vt 0.250000 2.752198
vt 0.500000 2.752198
vt 0.750000 2.752198
vt 1.000000 2.752198
vt 0.000000 3.145501
vt 0.250000 3.145501
vt 0.500000 3.145501
vt 0.750000 3.145501
vt 1.000000 3.145501
vt 0.000000 3.538849
vt 0.250000 3.538849
vt 0.500000 3.538849
vt 0.750000 3.538849
vt 1.000000 3.538849
vt 0.000000 3.932227
vt 0.250000 3.932227
vt 0.500000 3.932227
vt 0.750000 3.932227
vt 1.000000 3.932227
vt 0.000000 4.325618
vt 0.250000 4.325618
vt 0.500000 4.325618
vt 0.750000 4.325618
vt 1.000000 4.325618
vt 0.000000 4.719038
vt 0.250000 4.719038
vt 0.500000 4.719038
vt 0.750000 4.719038
vt 1.000000 4.719038
vt 0.000000 5.112476
vt 0.250000 5.112476
vt 0.500000 5.112476
vt 0.750000 5.112476
vt 1.000000 5.112476
vt 0.000000 5.505937
vt 0.250000 5.505937
vt 0.500000 5.505937
vt 0.750000 5.505937
vt 1.000000 5.505937
vt 0.000000 5.899421
vt 0.250000 5.899421
vt 0.500000 5.899421
vt 0.750000 5.899421
vt 1.000000 5.899421
vt 0.000000 6.292909
vt 0.250000 6.292909
vt 0.500000 6.292909
vt 0.750000 6.292909
vt 1.000000 6.292909
vt 0.000000 6.686420
vt 0.250000 6.686420
vt 0.500000 6.686420
vt 0.750000 6.686420
vt 1.000000 6.686420
vt 0.000000 7.079928
vt 0.250000 7.079928
vt 0.500000 7.079928
vt 0.750000 7.079928
vt 1.000000 7.079928
vt 0.000000 7.473444
vt 0.250000 7.473444
vt 0.500000 7.473444
vt 0.750000 7.473444
vt 1.000000 7.473444
vt 0.000000 7.866967
vt 0.250000 7.866967
vt 0.500000 7.866967
vt 0.750000 7.866967
vt 1.000000 7.866967
vt 0.000000 8.260485
vt 0.250000 8.260485
vt 0.500000 8.260485
vt 0.750000 8.260485
vt 1.000000 8.260485
vt 0.000000 8.653999
vt 0.250000 8.653999
vt 0.500000 8.653999
vt 0.750000 8.653999
vt 1.000000 8.653999
vt 0.000000 9.047513
vt 0.250000 9.047513
vt 0.500000 9.047513
vt 0.750000 9.047513
vt 1.000000 9.047513
vt 0.000000 9.441016
vt 0.250000 9.441016
vt 0.500000 9.441016
vt 0.750000 9.441016
vt 1.000000 9.441016
vt 0.000000 9.834508
vt 0.250000 9.834508
vt 0.500000 9.834508
vt 0.750000 9.834508
vt 1.000000 9.834508
vt 0.000000 10.227983
vt 0.250000 10.227983
vt 0.500000 10.227983
vt 0.750000 10.227983
vt 1.000000 10.227983
vt 0.000000 10.621438
vt 0.250000 10.621438
vt 0.500000 10.621438
vt 0.750000 10.621438
vt 1.000000 10.621438
vt 0.000000 11.014878
vt 0.250000 11.014878
vt 0.500000 11.014878
vt 0.750000 11.014878
vt 1.000000 11.014878
vt 0.000000 11.408286
vt 0.250000 11.408286
vt 0.500000 11.408286
vt 0.750000 11.408286
vt 1.000000 11.408286
vt 0.000000 11.801674
vt 0.250000 11.801674
vt 0.500000 11.801674
vt 0.750000 11.801674
vt 1.000000 11.801674
vt 0.000000 12.195026
vt 0.250000 12.195026
vt 0.500000 12.195026
vt 0.750000 12.195026
vt 1.000000 12.195026
vt 0.000000 12.588344
vt 0.250000 12.588344
vt 0.500000 12.588344
vt 0.750000 12.588344
vt 1.000000 12.588344
vt 0.000000 12.981625
vt 0.250000 12.981625
vt 0.500000 12.981625
vt 0.750000 12.981625
vt 1.000000 12.981625
vt 0.000000 13.374859
vt 0.250000 13.374859
vt 0.500000 13.374859
vt 0.750000 13.374859
vt 1.000000 13.374859
vt 0.000000 13.768057
vt 0.250000 13.768057
vt 0.500000 13.768057
vt 0.750000 13.768057
vt 1.000000 13.768057
vt 0.000000 14.161204
vt 0.250000 14.161204
vt 0.500000 14.161204
vt 0.750000 14.161204
vt 1.000000 14.161204
vt 0.000000 14.554298
vt 0.250000 14.554298
vt 0.500000 14.554298
vt 0.750000 14.554298
vt 1.000000 14.554298
vt 0.000000 14.947336
vt 0.250000 14.947336
vt 0.500000 14.947336
vt 0.750000 14.947336
vt 1.000000 14.947336
vt 0.000000 15.340315
vt 0.250000 15.340315
vt 0.500000 15.340315
vt 0.750000 15.340315
vt 1.000000 15.340315
vt 0.000000 15.733230
vt 0.250000 15.733230
vt 0.500000 15.733230
vt 0.750000 15.733230
vt 1.000000 15.733230
vt 0.000000 16.126080
vt 0.250000 16.126080
vt 0.500000 16.126080
vt 0.750000 16.126080
vt 1.000000 16.126080
vt 0.000000 16.518852
vt 0.250000 16.518852
vt 0.500000 16.518852
vt 0.750000 16.518852
vt 1.000000 16.518852
vt 0.000000 16.911551
vt 0.250000 16.911551
vt 0.500000 16.911551
vt 0.750000 16.911551
vt 1.000000 16.911551
vt 0.000000 17.304163
vt 0.250000 17.304163
vt 0.500000 17.304163
vt 0.750000 17.304163
vt 1.000000 17.304163
vt 0.000000 17.696688
vt 0.250000 17.696688
vt 0.500000 17.696688
vt 0.750000 17.696688
vt 1.000000 17.696688
vt 0.000000 18.089117
vt 0.250000 18.089117
vt 0.500000 18.089117
vt 0.750000 18.089117
vt 1.000000 18.089117
vt 0.000000 18.481453
vt 0.250000 18.481453
vt 0.500000 18.481453
vt 0.750000 18.481453
vt 1.000000 18.481453
vt 0.000000 18.873672
vt 0.250000 18.873672
vt 0.500000 18.873672
vt 0.750000 18.873672
vt 1.000000 18.873672
vt 0.000000 19.265787
vt 0.250000 19.265787
vt 0.500000 19.265787
vt 0.750000 19.265787
vt 1.000000 19.265787
vt 0.000000 19.657778
vt 0.250000 19.657778
vt 0.500000 19.657778
vt 0.750000 19.657778
vt 1.000000 19.657778
vt 0.000000 20.000000
vt 0.250000 20.000000
vt 0.500000 20.000000
vt 0.750000 20.000000
vt 1.000000 20.000000
s 1
usemtl track_surface
f 5450/3972/4699 5455/3973/4700 5456/3974/4701 5451/3975/4702
f 5451/3975/4702 5456/3974/4701 5457/3976/4703 5452/3977/4704
f 5452/3977/4704 5457/3976/4703 5458/3978/4705 5453/3979/4706
f 5453/3979/4706 5458/3978/4705 5459/3980/4707 5454/3981/4708
f 5455/3973/4700 5460/3982/4709 5461/3983/4710 5456/3974/4701
f 5456/3974/4701 5461/3983/4710 5462/3984/4711 5457/3976/4703
f 5457/3976/4703 5462/3984/4711 5463/3985/4712 5458/3978/4705
f 5458/3978/4705 5463/3985/4712 5464/3986/4713 5459/3980/4707
f 5460/3982/4709 5465/3987/4714 5466/3988/4715 5461/3983/4710
f 5461/3983/4710 5466/3988/4715 5467/3989/4716 5462/3984/4711
f 5462/3984/4711 5467/3989/4716 5468/3990/4717 5463/3985/4712
f 5463/3985/4712 5468/3990/4717 5469/3991/4718 5464/3986/4713
f 5465/3987/4714 5470/3992/4719 5471/3993/4720 5466/3988/4715
f 5466/3988/4715 5471/3993/4720 5472/3994/4721 5467/3989/4716
f 5467/3989/4716 5472/3994/4721 5473/3995/4722 5468/3990/4717
f 5468/3990/4717 5473/3995/4722 5474/3996/4723 5469/3991/4718
f 5470/3992/4719 5475/3997/4724 5476/3998/4725 5471/3993/4720
f 5471/3993/4720 5476/3998/4725 5477/3999/4726 5472/3994/4721
f 5472/3994/4721 5477/3999/4726 5478/4000/4727 5473/3995/4722
f 5473/3995/4722 5478/4000/4727 5479/4001/4728 5474/3996/4723
f 5475/3997/4724 5480/4002/4729 5481/4003/4730 5476/3998/4725
f 5476/3998/4725 5481/4003/4730 5482/4004/4731 5477/3999/4726
f 5477/3999/4726 5482/4004/4731 5483/4005/4732 5478/4000/4727
f 5478/4000/4727 5483/4005/4732 5484/4006/4733 5479/4001/4728
f 5480/4002/4729 5485/4007/4734 5486/4008/4735 5481/4003/4730
f 5481/4003/4730 5486/4008/4735 5487/4009/4736 5482/4004/4731
f 5482/4004/4731 5487/4009/4736 5488/4010/4737 5483/4005/4732
f 5483/4005/4732 5488/4010/4737 5489/4011/4738 5484/4006/4733
f 5485/4007/4734 5490/4012/4739 5491/4013/4740 5486/4008/4735
f 5486/4008/4735 5491/4013/4740 5492/4014/4741 5487/4009/4736
f 5487/4009/4736 5492/4014/4741 5493/4015/4742 5488/4010/4737
f 5488/4010/4737 5493/4015/4742 5494/4016/4743 5489/4011/4738
f 5490/4012/4739 5495/4017/4744 5496/4018/4745 5491/4013/4740
f 5491/4013/4740 5496/4018/4745 5497/4019/4746 5492/4014/4741
f 5492/4014/4741 5497/4019/4746 5498/4020/4747 5493/4015/4742
f 5493/4015/4742 5498/4020/4747 5499/4021/4748 5494/4016/4743
f 5495/4017/4744 5500/4022/4749 5501/4023/4750 5496/4018/4745
f 5496/4018/4745 5501/4023/4750 5502/4024/4751 5497/4019/4746
f 5497/4019/4746 5502/4024/4751 5503/4025/4752 5498/4020/4747
f 5498/4020/4747 5503/4025/4752 5504/4026/4753 5499/4021/4748
f 5500/4022/4749 5505/4027/4754 5506/4028/4755 5501/4023/4750
f 5501/4023/4750 5506/4028/4755 5507/4029/4756 5502/4024/4751
f 5502/4024/4751 5507/4029/4756 5508/4030/4757 5503/4025/4752
f 5503/4025/4752 5508/4030/4757 5509/4031/4758 5504/4026/4753
f 5505/4027/4754 5510/4032/4759 5511/4033/4760 5506/4028/4755
f 5506/4028/4755 5511/4033/4760 5512/4034/4761 5507/4029/4756
f 5507/4029/4756 5512/4034/4761 5513/4035/4762 5508/4030/4757
f 5508/4030/4757 5513/4035/4762 5514/4036/4763 5509/4031/4758
f 5510/4032/4759 5515/4037/4764 5516/4038/4765 5511/4033/4760
f 5511/4033/4760 5516/4038/4765 5517/4039/4766 5512/4034/4761
f 5512/4034/4761 5517/4039/4766 5518/4040/4767 5513/4035/4762
f 5513/4035/4762 5518/4040/4767 5519/4041/4768 5514/4036/4763
f 5515/4037/4764 5520/4042/4769 5521/4043/4770 5516/4038/4765
f 5516/4038/4765 5521/4043/4770 5522/4044/4771 5517/4039/4766
f 5517/4039/4766 5522/4044/4771 5523/4045/4772 5518/4040/4767
f 5518/4040/4767 5523/4045/4772 5524/4046/4773 5519/4041/4768
f 5520/4042/4769 5525/4047/4774 5526/4048/4775 5521/4043/4770
f 5521/4043/4770 5526/4048/4775 5527/4049/4776 5522/4044/4771
f 5522/4044/4771 5527/4049/4776 5528/4050/4777 5523/4045/4772
f 5523/4045/4772 5528/4050/4777 5529/4051/4778 5524/4046/4773
f 5525/4047/4774 5530/4052/4779 5531/4053/4780 5526/4048/4775
f 5526/4048/4775 5531/4053/4780 5532/4054/4781 5527/4049/4776
f 5527/4049/4776 5532/4054/4781 5533/4055/4782 5528/4050/4777
f 5528/4050/4777 5533/4055/4782 5534/4056/4783 5529/4051/4778
f 5530/4052/4779 5535/4057/4784 5536/4058/4785 5531/4053/4780
f 5531/4053/4780 5536/4058/4785 5537/4059/4786 5532/4054/4781
f 5532/4054/4781 5537/4059/4786 5538/4060/4787 5533/4055/4782
f 5533/4055/4782 5538/4060/4787 5539/4061/4788 5534/4056/4783
f 5535/4057/4784 5540/4062/4789 5541/4063/4790 5536/4058/4785
f 5536/4058/4785 5541/4063/4790 5542/4064/4791 5537/4059/4786
f 5537/4059/4786 5542/4064/4791 5543/4065/4792 5538/4060/4787
f 5538/4060/4787 5543/4065/4792 5544/4066/4793 5539/4061/4788
f 5540/4062/4789 5545/4067/4794 5546/4068/4795 5541/4063/4790
f 5541/4063/4790 5546/4068/4795 5547/4069/4796 5542/4064/4791
f 5542/4064/4791 5547/4069/4796 5548/4070/4797 5543/4065/4792
f 5543/4065/4792 5548/4070/4797 5549/4071/4798 5544/4066/4793
f 5545/4067/4794 5550/4072/4799 5551/4073/4800 5546/4068/4795
f 5546/4068/4795 5551/4073/4800 5552/4074/4801 5547/4069/4796
f 5547/4069/4796 5552/4074/4801 5553/4075/4802 5548/4070/4797
f 5548/4070/4797 5553/4075/4802 5554/4076/4803 5549/4071/4798
f 5550/4072/4799 5555/4077/4804 5556/4078/4805 5551/4073/4800
f 5551/4073/4800 5556/4078/4805 5557/4079/4806 5552/4074/4801
f 5552/4074/4801 5557/4079/4806 5558/4080/4807 5553/4075/4802
f 5553/4075/4802 5558/4080/4807 5559/4081/4808 5554/4076/4803
f 5555/4077/4804 5560/4082/4809 5561/4083/4810 5556/4078/4805
f 5556/4078/4805 5561/4083/4810 5562/4084/4811 5557/4079/4806
f 5557/4079/4806 5562/4084/4811 5563/4085/4812 5558/4080/4807
f 5558/4080/4807 5563/4085/4812 5564/4086/4813 5559/4081/4808
f 5560/4082/4809 5565/4087/4814 5566/4088/4815 5561/4083/4810
f 5561/4083/4810 5566/4088/4815 5567/4089/4816 5562/4084/4811
f 5562/4084/4811 5567/4089/4816 5568/4090/4817 5563/4085/4812
f 5563/4085/4812 5568/4090/4817 5569/4091/4818 5564/4086/4813
f 5565/4087/4814 5570/4092/4819 5571/4093/4820 5566/4088/4815
f 5566/4088/4815 5571/4093/4820 5572/4094/4821 5567/4089/4816
f 5567/4089/4816 5572/4094/4821 5573/4095/4822 5568/4090/4817
f 5568/4090/4817 5573/4095/4822 5574/4096/4823 5569/4091/4818
f 5570/4092/4819 5575/4097/4824 5576/4098/4825 5571/4093/4820
f 5571/4093/4820 5576/4098/4825 5577/4099/4826 5572/4094/4821
f 5572/4094/4821 5577/4099/4826 5578/4100/4827 5573/4095/4822
f 5573/4095/4822 5578/4100/4827 5579/4101/4828 5574/4096/4823
f 5575/4097/4824 5580/4102/4829 5581/4103/4830 5576/4098/4825
f 5576/4098/4825 5581/4103/4830 5582/4104/4831 5577/4099/4826
f 5577/4099/4826 5582/4104/4831 5583/4105/4832 5578/4100/4827
f 5578/4100/4827 5583/4105/4832 5584/4106/4833 5579/4101/4828
f 5580/4102/4829 5585/4107/4834 5586/4108/4835 5581/4103/4830
f 5581/4103/4830 5586/4108/4835 5587/4109/4836 5582/4104/4831
f 5582/4104/4831 5587/4109/4836 5588/4110/4837 5583/4105/4832
f 5583/4105/4832 5588/4110/4837 5589/4111/4838 5584/4106/4833
f 5585/4107/4834 5590/4112/4839 5591/4113/4840 5586/4108/4835
f 5586/4108/4835 5591/4113/4840 5592/4114/4841 5587/4109/4836
f 5587/4109/4836 5592/4114/4841 5593/4115/4842 5588/4110/4837
f 5588/4110/4837 5593/4115/4842 5594/4116/4843 5589/4111/4838
f 5590/4112/4839 5595/4117/4844 5596/4118/4845 5591/4113/4840
f 5591/4113/4840 5596/4118/4845 5597/4119/4846 5592/4114/4841
f 5592/4114/4841 5597/4119/4846 5598/4120/4847 5593/4115/4842
f 5593/4115/4842 5598/4120/4847 5599/4121/4848 5594/4116/4843
f 5595/4117/4844 5600/4122/4849 5601/4123/4850 5596/4118/4845
f 5596/4118/4845 5601/4123/4850 5602/4124/4851 5597/4119/4846
f 5597/4119/4846 5602/4124/4851 5603/4125/4852 5598/4120/4847
f 5598/4120/4847 5603/4125/4852 5604/4126/4853 5599/4121/4848
f 5600/4122/4849 5605/4127/4854 5606/4128/4855 5601/4123/4850
f 5601/4123/4850 5606/4128/4855 5607/4129/4856 5602/4124/4851
f 5602/4124/4851 5607/4129/4856 5608/4130/4857 5603/4125/4852
f 5603/4125/4852 5608/4130/4857 5609/4131/4858 5604/4126/4853
f 5605/4127/4854 5610/4132/4859 5611/4133/4860 5606/4128/4855
f 5606/4128/4855 5611/4133/4860 5612/4134/4861 5607/4129/4856
f 5607/4129/4856 5612/4134/4861 5613/4135/4862 5608/4130/4857
f 5608/4130/4857 5613/4135/4862 5614/4136/4863 5609/4131/4858
f 5610/4132/4859 5615/4137/4864 5616/4138/4865 5611/4133/4860
f 5611/4133/4860 5616/4138/4865 5617/4139/4866 5612/4134/4861
f 5612/4134/4861 5617/4139/4866 5618/4140/4867 5613/4135/4862
f 5613/4135/4862 5618/4140/4867 5619/4141/4868 5614/4136/4863
f 5615/4137/4864 5620/4142/4869 5621/4143/4870 5616/4138/4865
f 5616/4138/4865 5621/4143/4870 5622/4144/4871 5617/4139/4866
f 5617/4139/4866 5622/4144/4871 5623/4145/4872 5618/4140/4867
f 5618/4140/4867 5623/4145/4872 5624/4146/4873 5619/4141/4868
f 5620/4142/4869 5625/4147/4874 5626/4148/4875 5621/4143/4870
f 5621/4143/4870 5626/4148/4875 5627/4149/4876 5622/4144/4871
f 5622/4144/4871 5627/4149/4876 5628/4150/4877 5623/4145/4872
f 5623/4145/4872 5628/4150/4877 5629/4151/4878 5624/4146/4873
f 5625/4147/4874 5630/4152/4879 5631/4153/4880 5626/4148/4875
f 5626/4148/4875 5631/4153/4880 5632/4154/4881 5627/4149/4876
f 5627/4149/4876 5632/4154/4881 5633/4155/4882 5628/4150/4877
f 5628/4150/4877 5633/4155/4882 5634/4156/4883 5629/4151/4878
f 5630/4152/4879 5635/4157/4884 5636/4158/4885 5631/4153/4880
f 5631/4153/4880 5636/4158/4885 5637/4159/4886 5632/4154/4881
f 5632/4154/4881 5637/4159/4886 5638/4160/4887 5633/4155/4882
f 5633/4155/4882 5638/4160/4887 5639/4161/4888 5634/4156/4883
f 5635/4157/4884 5640/4162/4889 5641/4163/4890 5636/4158/4885
f 5636/4158/4885 5641/4163/4890 5642/4164/4891 5637/4159/4886
f 5637/4159/4886 5642/4164/4891 5643/4165/4892 5638/4160/4887
f 5638/4160/4887 5643/4165/4892 5644/4166/4893 5639/4161/4888
f 5640/4162/4889 5645/4167/4894 5646/4168/4895 5641/4163/4890
f 5641/4163/4890 5646/4168/4895 5647/4169/4896 5642/4164/4891
f 5642/4164/4891 5647/4169/4896 5648/4170/4897 5643/4165/4892
f 5643/4165/4892 5648/4170/4897 5649/4171/4898 5644/4166/4893
f 5645/4167/4894 5650/4172/4899 5651/4173/4900 5646/4168/4895
f 5646/4168/4895 5651/4173/4900 5652/4174/4901 5647/4169/4896
f 5647/4169/4896 5652/4174/4901 5653/4175/4902 5648/4170/4897
f 5648/4170/4897 5653/4175/4902 5654/4176/4903 5649/4171/4898
f 5650/4172/4899 5655/4177/4904 5656/4178/4905 5651/4173/4900
f 5651/4173/4900 5656/4178/4905 5657/4179/4906 5652/4174/4901
f 5652/4174/4901 5657/4179/4906 5658/4180/4907 5653/4175/4902
f 5653/4175/4902 5658/4180/4907 5659/4181/4908 5654/4176/4903
f 5655/4177/4904 5660/4182/4909 5661/4183/4910 5656/4178/4905
f 5656/4178/4905 5661/4183/4910 5662/4184/4911 5657/4179/4906
f 5657/4179/4906 5662/4184/4911 5663/4185/4912 5658/4180/4907
f 5658/4180/4907 5663/4185/4912 5664/4186/4913 5659/4181/4908
f 5660/4182/4909 5665/4187/4914 5666/4188/4915 5661/4183/4910
f 5661/4183/4910 5666/4188/4915 5667/4189/4916 5662/4184/4911
f 5662/4184/4911 5667/4189/4916 5668/4190/4917 5663/4185/4912
f 5663/4185/4912 5668/4190/4917 5669/4191/4918 5664/4186/4913
f 5665/4187/4914 5670/4192/4919 5671/4193/4920 5666/4188/4915
f 5666/4188/4915 5671/4193/4920 5672/4194/4921 5667/4189/4916
f 5667/4189/4916 5672/4194/4921 5673/4195/4922 5668/4190/4917
f 5668/4190/4917 5673/4195/4922 5674/4196/4923 5669/4191/4918
f 5670/4192/4919 5675/4197/4924 5676/4198/4925 5671/4193/4920
f 5671/4193/4920 5676/4198/4925 5677/4199/4926 5672/4194/4921
f 5672/4194/4921 5677/4199/4926 5678/4200/4927 5673/4195/4922
f 5673/4195/4922 5678/4200/4927 5679/4201/4928 5674/4196/4923
f 5675/4197/4924 5680/4202/4929 5681/4203/4930 5676/4198/4925
f 5676/4198/4925 5681/4203/4930 5682/4204/4931 5677/4199/4926
f 5677/4199/4926 5682/4204/4931 5683/4205/4932 5678/4200/4927
f 5678/4200/4927 5683/4205/4932 5684/4206/4933 5679/4201/4928
f 5680/4202/4929 5685/4207/4934 5686/4208/4935 5681/4203/4930
f 5681/4203/4930 5686/4208/4935 5687/4209/4936 5682/4204/4931
f 5682/4204/4931 5687/4209/4936 5688/4210/4937 5683/4205/4932
f 5683/4205/4932 5688/4210/4937 5689/4211/4938 5684/4206/4933
f 5685/4207/4934 5690/4212/4939 5691/4213/4940 5686/4208/4935
f 5686/4208/4935 5691/4213/4940 5692/4214/4941 5687/4209/4936
f 5687/4209/4936 5692/4214/4941 5693/4215/4942 5688/4210/4937
f 5688/4210/4937 5693/4215/4942 5694/4216/4943 5689/4211/4938
f 5690/4212/4939 5695/4217/4944 5696/4218/4945 5691/4213/4940
f 5691/4213/4940 5696/4218/4945 5697/4219/4946 5692/4214/4941
f 5692/4214/4941 5697/4219/4946 5698/4220/4947 5693/4215/4942
f 5693/4215/4942 5698/4220/4947 5699/4221/4948 5694/4216/4943
f 5695/4217/4944 5700/4222/4949 5701/4223/4950 5696/4218/4945
f 5696/4218/4945 5701/4223/4950 5702/4224/4951 5697/4219/4946
f 5697/4219/4946 5702/4224/4951 5703/4225/4952 5698/4220/4947
f 5698/4220/4947 5703/4225/4952 5704/4226/4953 5699/4221/4948
f 5700/4222/4949 5705/4227/4954 5706/4228/4955 5701/4223/4950
f 5701/4223/4950 5706/4228/4955 5707/4229/4956 5702/4224/4951
f 5702/4224/4951 5707/4229/4956 5708/4230/4957 5703/4225/4952
f 5703/4225/4952 5708/4230/4957 5709/4231/4958 5704/4226/4953
usemtl track_rail
f 5454/3972/4959 5459/3973/4960 5711/3980/4961 5710/3981/4959
f 5459/3973/4960 5464/3982/4962 5712/3986/4962 5711/3980/4961
f 5464/3982/4962 5469/3987/4963 5713/3991/4963 5712/3986/4962
f 5469/3987/4963 5474/3992/4964 5714/3996/4965 5713/3991/4963
f 5474/3992/4964 5479/3997/4966 5715/4001/4966 5714/3996/4965
f 5479/3997/4966 5484/4002/4967 5716/4006/4967 5715/4001/4966
f 5484/4002/4967 5489/4007/4968 5717/4011/4968 5716/4006/4967
f 5489/4007/4968 5494/4012/4969 5718/4016/4969 5717/4011/4968
f 5494/4012/4969 5499/4017/4970 5719/4021/4970 5718/4016/4969
f 5499/4017/4970 5504/4022/4971 5720/4026/4971 5719/4021/4970
f 5504/4022/4971 5509/4027/4972 5721/4031/4972 5720/4026/4971
f 5509/4027/4972 5514/4032/4973 5722/4036/4974 5721/4031/4972
f 5514/4032/4973 5519/4037/4975 5723/4041/4976 5722/4036/4974
f 5519/4037/4975 5524/4042/4977 5724/4046/4977 5723/4041/4976
f 5524/4042/4977 5529/4047/4978 5725/4051/4978 5724/4046/4977
f 5529/4047/4978 5534/4052/4979 5726/4056/4980 5725/4051/4978
f 5534/4052/4979 5539/4057/4981 5727/4061/4982 5726/4056/4980
f 5539/4057/4981 5544/4062/4983 5728/4066/4983 5727/4061/4982
f 5544/4062/4983 5549/4067/4984 5729/4071/4984 5728/4066/4983
f 5549/4067/4984 5554/4072/4985 5730/4076/4985 5729/4071/4984
f 5554/4072/4985 5559/4077/4986 5731/4081/4986 5730/4076/4985
f 5559/4077/4986 5564/4082/4987 5732/4086/4987 5731/4081/4986
f 5564/4082/4987 5569/4087/4988 5733/4091/4989 5732/4086/4987
f 5569/4087/4988 5574/4092/4990 5734/4096/4991 5733/4091/4989
f 5574/4092/4990 5579/4097/4992 5735/4101/4992 5734/4096/4991
f 5579/4097/4992 5584/4102/4993 5736/4106/4993 5735/4101/4992
f 5584/4102/4993 5589/4107/4994 5737/4111/4995 5736/4106/4993
f 5589/4107/4994 5594/4112/4996 5738/4116/4996 5737/4111/4995
f 5594/4112/4996 5599/4117/4997 5739/4121/4997 5738/4116/4996
f 5599/4117/4997 5604/4122/4998 5740/4126/4999 5739/4121/4997
f 5604/4122/4998 5609/4127/5000 5741/4131/5000 5740/4126/4999
f 5609/4127/5000 5614/4132/5001 5742/4136/5001 5741/4131/5000
f 5614/4132/5001 5619/4137/5002 5743/4141/5002 5742/4136/5001
f 5619/4137/5002 5624/4142/5003 5744/4146/5003 5743/4141/5002
f 5624/4142/5003 5629/4147/5004 5745/4151/5004 5744/4146/5003
f 5629/4147/5004 5634/4152/5005 5746/4156/5005 5745/4151/5004
f 5634/4152/5005 5639/4157/5006 5747/4161/5006 5746/4156/5005
f 5639/4157/5006 5644/4162/5007 5748/4166/5008 5747/4161/5006
f 5644/4162/5007 5649/4167/5009 5749/4171/5010 5748/4166/5008
f 5649/4167/5009 5654/4172/5011 5750/4176/5011 5749/4171/5010
f 5654/4172/5011 5659/4177/5012 5751/4181/5012 5750/4176/5011
f 5659/4177/5012 5664/4182/5013 5752/4186/5013 5751/4181/5012
f 5664/4182/5013 5669/4187/5014 5753/4191/5014 5752/4186/5013
f 5669/4187/5014 5674/4192/5015 5754/4196/5016 5753/4191/5014
f 5674/4192/5015 5679/4197/5017 5755/4201/5018 5754/4196/5016
f 5679/4197/5017 5684/4202/5019 5756/4206/5019 5755/4201/5018
f 5684/4202/5019 5689/4207/5020 5757/4211/5020 5756/4206/5019
f 5689/4207/5020 5694/4212/5021 5758/4216/5022 5757/4211/5020
f 5694/4212/5021 5699/4217/5023 5759/4221/5023 5758/4216/5022
f 5699/4217/5023 5704/4222/5024 5760/4226/5025 5759/4221/5023
f 5704/4222/5024 5709/4227/5026 5761/4231/5026 5760/4226/5025
f 5762/3972/5027 5763/3973/5028 5455/3980/5029 5450/3981/5027
f 5763/3973/5028 5764/3982/5030 5460/3986/5031 5455/3980/5029
f 5764/3982/5030 5765/3987/5032 5465/3991/5032 5460/3986/5031
f 5765/3987/5032 5766/3992/5033 5470/3996/5034 5465/3991/5032
f 5766/3992/5033 5767/3997/5035 5475/4001/5035 5470/3996/5034
f 5767/3997/5035 5768/4002/5036 5480/4006/5036 5475/4001/5035
f 5768/4002/5036 5769/4007/5037 5485/4011/5037 5480/4006/5036
f 5769/4007/5037 5770/4012/5038 5490/4016/5038 5485/4011/5037
f 5770/4012/5038 5771/4017/5039 5495/4021/5039 5490/4016/5038
f 5771/4017/5039 5772/4022/5040 5500/4026/5040 5495/4021/5039
f 5772/4022/5040 5773/4027/5041 5505/4031/5042 5500/4026/5040
f 5773/4027/5041 5774/4032/5043 5510/4036/5043 5505/4031/5042
f 5774/4032/5043 5775/4037/5044 5515/4041/5044 5510/4036/5043
f 5775/4037/5044 5776/4042/5045 5520/4046/5046 5515/4041/5044
f 5776/4042/5045 5777/4047/5047 5525/4051/5047 5520/4046/5046
f 5777/4047/5047 5778/4052/5048 5530/4056/5048 5525/4051/5047
f 5778/4052/5048 5779/4057/5049 5535/4061/5049 5530/4056/5048
f 5779/4057/5049 5780/4062/5050 5540/4066/5050 5535/4061/5049
f 5780/4062/5050 5781/4067/5051 5545/4071/5051 5540/4066/5050
f 5781/4067/5051 5782/4072/5052 5550/4076/5052 5545/4071/5051
f 5782/4072/5052 5783/4077/5053 5555/4081/5053 5550/4076/5052
f 5783/4077/5053 5784/4082/5054 5560/4086/5054 5555/4081/5053
f 5784/4082/5054 5785/4087/5055 5565/4091/5055 5560/4086/5054
f 5785/4087/5055 5786/4092/5056 5570/4096/5057 5565/4091/5055
f 5786/4092/5056 5787/4097/5058 5575/4101/5058 5570/4096/5057
f 5787/4097/5058 5788/4102/5059 5580/4106/5059 5575/4101/5058
f 5788/4102/5059 5789/4107/5060 5585/4111/5060 5580/4106/5059
f 5789/4107/5060 5790/4112/5061 5590/4116/5061 5585/4111/5060
f 5790/4112/5061 5791/4117/5062 5595/4121/5063 5590/4116/5061
f 5791/4117/5062 5792/4122/5064 5600/4126/5065 5595/4121/5063
f 5792/4122/5064 5793/4127/5066 5605/4131/5066 5600/4126/5065
f 5793/4127/5066 5794/4132/5067 5610/4136/5067 5605/4131/5066
f 5794/4132/5067 5795/4137/5068 5615/4141/5069 5610/4136/5067
f 5795/4137/5068 5796/4142/5070 5620/4146/5070 5615/4141/5069
f 5796/4142/5070 5797/4147/5071 5625/4151/5071 5620/4146/5070
f 5797/4147/5071 5798/4152/5072 5630/4156/5072 5625/4151/5071
f 5798/4152/5072 5799/4157/5073 5635/4161/5073 5630/4156/5072
f 5799/4157/5073 5800/4162/5074 5640/4166/5074 5635/4161/5073
f 5800/4162/5074 5801/4167/5075 5645/4171/5075 5640/4166/5074
f 5801/4167/5075 5802/4172/5076 5650/4176/5077 5645/4171/5075
f 5802/4172/5076 5803/4177/5078 5655/4181/5079 5650/4176/5077
f 5803/4177/5078 5804/4182/5080 5660/4186/5080 5655/4181/5079
f 5804/4182/5080 5805/4187/5081 5665/4191/5081 5660/4186/5080
f 5805/4187/5081 5806/4192/5082 5670/4196/5082 5665/4191/5081
f 5806/4192/5082 5807/4197/5083 5675/4201/5083 5670/4196/5082
f 5807/4197/5083 5808/4202/5084 5680/4206/5085 5675/4201/5083
f 5808/4202/5084 5809/4207/5086 5685/4211/5086 5680/4206/5085
f 5809/4207/5086 5810/4212/5087 5690/4216/5088 5685/4211/5086
f 5810/4212/5087 5811/4217/5089 5695/4221/5089 5690/4216/5088
f 5811/4217/5089 5812/4222/5090 5700/4226/5090 5695/4221/5089
f 5812/4222/5090 5813/4227/5091 5705/4231/5091 5700/4226/5090
o MXTRoadSegment.038_PreviewMesh
v -244.889343 -1326.537231 -0.000000
v -214.889343 -1326.537231 -0.000002
v -184.889343 -1326.537231 -0.000004
v -154.889343 -1326.537231 -0.000005
v -124.889351 -1326.537231 -0.000007
v -244.698242 -1302.301025 -0.250704
v -214.793793 -1302.300659 -0.226391
v -184.889343 -1302.300293 -0.202078
v -154.984894 -1302.299927 -0.177765
v -125.080437 -1302.299561 -0.153452
v -244.348602 -1280.418823 -0.708471
v -214.618988 -1280.417480 -0.640094
v -184.889359 -1280.416138 -0.571716
v -155.159729 -1280.414795 -0.503339
v -125.430107 -1280.413452 -0.434961
v -243.932419 -1259.250366 -1.251754
v -214.410873 -1259.247681 -1.131629
v -184.889343 -1259.244995 -1.011504
v -155.367813 -1259.242310 -0.891379
v -125.846275 -1259.239624 -0.771254
v -243.473831 -1238.400024 -1.848414
v -214.181595 -1238.395752 -1.672148
v -184.889343 -1238.391479 -1.495883
v -155.597092 -1238.387207 -1.319617
v -126.304855 -1238.382935 -1.143352
v -242.986099 -1217.741333 -2.480739
v -213.937729 -1217.735229 -2.245774
v -184.889343 -1217.729248 -2.010810
v -155.840958 -1217.723267 -1.775846
v -126.792587 -1217.717163 -1.540881
v -242.478516 -1197.244873 -3.136322
v -213.683929 -1197.236938 -2.841373
v -184.889343 -1197.229126 -2.546424
v -156.094757 -1197.221313 -2.251475
v -127.300163 -1197.213379 -1.956525
v -241.954010 -1176.826294 -3.811167
v -213.421677 -1176.816528 -3.455408
v -184.889343 -1176.806763 -3.099649
v -156.357010 -1176.796997 -2.743890
v -127.824684 -1176.787231 -2.388131
v -241.417740 -1156.498535 -4.498360
v -213.153549 -1156.486816 -4.081666
v -184.889343 -1156.475098 -3.664972
v -156.625137 -1156.463379 -3.248278
v -128.360947 -1156.451660 -2.831584
v -240.872192 -1136.240845 -5.194623
v -212.880768 -1136.227173 -4.717218
v -184.889343 -1136.213501 -4.239813
v -156.897919 -1136.199829 -3.762408
v -128.906494 -1136.186157 -3.285003
v -240.317947 -1116.009033 -5.899077
v -212.603653 -1115.993408 -5.361311
v -184.889343 -1115.977783 -4.823545
v -157.175034 -1115.962158 -4.285778
v -129.460739 -1115.946533 -3.748012
v -239.760178 -1095.871460 -6.605077
v -212.324753 -1095.853882 -6.007904
v -184.889343 -1095.836426 -5.410730
v -157.453934 -1095.818970 -4.813557
v -130.018509 -1095.801392 -4.216384
v -239.195572 -1075.717896 -7.316699
v -212.042465 -1075.698486 -6.660758
v -184.889343 -1075.679077 -6.004818
v -157.736221 -1075.659668 -5.348878
v -130.583115 -1075.640259 -4.692937
v -238.630432 -1055.653564 -8.026027
v -211.759903 -1055.632446 -7.312632
v -184.889359 -1055.611206 -6.599237
v -158.018814 -1055.589966 -5.885843
v -131.148285 -1055.568848 -5.172448
v -238.061813 -1035.586304 -8.736684
v -211.475571 -1035.563354 -7.966864
v -184.889343 -1035.540405 -7.197044
v -158.303116 -1035.517456 -6.427225
v -131.716873 -1035.494507 -5.657405
v -237.492599 -1015.552917 -9.445060
v -211.190979 -1015.528320 -8.620143
v -184.889343 -1015.503662 -7.795226
v -158.587708 -1015.479004 -6.970309
v -132.286087 -1015.454407 -6.145392
v -236.925430 -995.585815 -10.147938
v -210.907394 -995.559631 -9.269496
v -184.889343 -995.533386 -8.391054
v -158.871292 -995.507141 -7.512612
v -132.853256 -995.480957 -6.634171
v -236.357407 -975.598633 -10.848871
v -210.623367 -975.570923 -9.918201
v -184.889328 -975.543213 -8.987532
v -159.155289 -975.515503 -8.056862
v -133.421249 -975.487793 -7.126193
v -235.794510 -955.697083 -11.540594
v -210.341919 -955.667969 -10.559520
v -184.889328 -955.638916 -9.578445
v -159.436737 -955.609863 -8.597371
v -133.984146 -955.580750 -7.616296
v -235.233597 -935.787415 -12.227024
v -210.061462 -935.757080 -11.197061
v -184.889343 -935.726746 -10.167096
v -159.717224 -935.696411 -9.137132
v -134.545090 -935.666077 -8.107168
v -234.678146 -915.920105 -12.903925
v -209.783752 -915.888672 -11.826865
v -184.889343 -915.857239 -10.749804
v -159.994934 -915.825806 -9.672744
v -135.100540 -915.794373 -8.595684
v -234.130600 -896.117981 -13.568497
v -209.509964 -896.085632 -12.446286
v -184.889343 -896.053284 -11.324077
v -160.268723 -896.020935 -10.201867
v -135.648087 -895.988586 -9.079657
v -233.589279 -876.311829 -14.222852
v -209.239304 -876.278687 -13.057253
v -184.889343 -876.245605 -11.891653
v -160.539383 -876.212524 -10.726053
v -136.189407 -876.179382 -9.560454
v -233.061020 -856.611633 -14.858899
v -208.975174 -856.578064 -13.652149
v -184.889343 -856.544434 -12.445398
v -160.803513 -856.510803 -11.238647
v -136.717667 -856.477234 -10.031898
v -232.543060 -836.909912 -15.480131
v -208.716202 -836.876099 -14.234174
v -184.889343 -836.842224 -12.988216
v -161.062485 -836.808350 -11.742259
v -137.235626 -836.774536 -10.496302
v -232.043579 -817.326904 -16.076962
v -208.466461 -817.293213 -14.794260
v -184.889343 -817.259460 -13.511559
v -161.312225 -817.225708 -12.228859
v -137.735107 -817.192017 -10.946157
v -231.562485 -797.784546 -16.649776
v -208.225906 -797.751343 -15.332669
v -184.889343 -797.718140 -14.015561
v -161.552780 -797.684937 -12.698453
v -138.216202 -797.651733 -11.381345
v -231.109360 -778.390503 -17.187441
v -207.999344 -778.358459 -15.838804
v -184.889343 -778.326477 -14.490168
v -161.779343 -778.294495 -13.141531
v -138.669327 -778.262451 -11.792894
v -230.688889 -759.103027 -17.684774
v -207.789124 -759.072998 -16.307638
v -184.889343 -759.042969 -14.930504
v -161.989563 -759.012939 -13.553369
v -139.089798 -758.982910 -12.176234
v -230.318130 -740.076172 -18.122093
v -207.603729 -740.049622 -16.720415
v -184.889343 -740.023071 -15.318738
v -162.174957 -739.996521 -13.917061
v -139.460556 -739.969971 -12.515383
v -230.014252 -721.327637 -18.479710
v -207.451797 -721.306824 -17.058310
v -184.889343 -721.286011 -15.636910
v -162.326889 -721.265198 -14.215511
v -139.764435 -721.244385 -12.794112
v -229.984650 -704.586426 -18.701557
v -207.512344 -704.316040 -17.268343
v -185.040039 -704.045654 -15.835127
v -162.567734 -703.775269 -14.401912
v -140.095428 -703.504883 -12.968697
v -228.924332 -677.792969 -18.658920
v -206.540085 -679.509644 -17.234987
v -184.155823 -681.226318 -15.811053
v -161.771561 -682.942993 -14.387119
v -139.387314 -684.659668 -12.963186
v -225.431473 -652.361938 -18.306753
v -203.466125 -657.042236 -16.939817
v -181.500778 -661.722534 -15.572882
v -159.535431 -666.402832 -14.205946
v -137.570084 -671.083130 -12.839009
v -218.485855 -627.839417 -17.628340
v -197.346756 -635.442993 -16.373533
v -176.207657 -643.046509 -15.118728
v -155.068558 -650.650024 -13.863921
v -133.929459 -658.253601 -12.609116
v -208.269196 -604.435791 -16.629990
v -188.334778 -614.812683 -15.539422
v -168.400360 -625.189575 -14.448853
v -148.465942 -635.566467 -13.358285
v -128.531525 -645.943359 -12.267717
v -195.233215 -582.721191 -15.352489
v -176.716660 -595.472534 -14.463077
v -158.200119 -608.223877 -13.573663
v -139.683578 -620.975220 -12.684249
v -121.167030 -633.726562 -11.794836
v -180.319138 -563.248779 -13.883698
v -163.190613 -577.822937 -13.207953
v -146.062088 -592.397156 -12.532207
v -128.933563 -606.971375 -11.856462
v -111.805046 -621.545532 -11.180717
v -164.430298 -545.966187 -12.309137
v -148.466110 -561.814697 -11.838936
v -132.501938 -577.663147 -11.368733
v -116.537758 -593.511597 -10.898531
v -100.573578 -609.360107 -10.428329
v -148.277328 -530.521667 -10.697444
v -133.144348 -547.169861 -10.411436
v -118.011353 -563.817993 -10.125427
v -102.878365 -580.466125 -9.839418
v -87.745377 -597.114319 -9.553411
v -132.359772 -516.465088 -9.097929
v -117.681671 -533.517578 -8.967836
v -103.003563 -550.570007 -8.837745
v -88.325455 -567.622437 -8.707653
v -73.647354 -584.674927 -8.577560
v -117.036697 -503.366821 -7.546717
v -102.427505 -520.478882 -7.540777
v -87.818314 -537.590881 -7.534837
v -73.209122 -554.702881 -7.528897
v -58.599934 -571.814941 -7.522957
v -102.602478 -490.864838 -6.073750
v -87.678688 -507.702972 -6.158066
v -72.754898 -524.541138 -6.242383
v -57.831108 -541.379272 -6.326699
v -42.907318 -558.217468 -6.411016
v -89.334801 -478.675537 -4.707440
v -73.721947 -494.876465 -4.846599
v -58.109093 -511.077362 -4.985758
v -42.496239 -527.278259 -5.124917
v -26.883389 -543.479187 -5.264076
v -77.516869 -466.592773 -3.477258
v -60.865681 -481.724304 -3.635423
v -44.214497 -496.855835 -3.793588
v -27.563311 -511.987366 -3.951753
v -10.912126 -527.118896 -4.109918
v -67.409889 -454.472595 -2.411842
v -49.440159 -468.012085 -2.555989
v -31.470425 -481.551575 -2.700135
v -13.500692 -495.091064 -2.844280
v 4.469040 -508.630554 -2.988427
v -59.178516 -442.191498 -1.532501
v -39.758381 -453.553589 -1.638742
v -20.338245 -464.915680 -1.744982
v -0.918110 -476.277771 -1.851223
v 18.502026 -487.639862 -1.957464
v -52.859650 -429.552460 -0.850139
v -32.087692 -438.199554 -0.910491
v -11.315736 -446.846649 -0.970842
v 9.456222 -455.493744 -1.031193
v 30.228178 -464.140839 -1.091545
v -48.409389 -416.247650 -0.367591
v -26.620413 -421.859222 -0.391036
v -4.831436 -427.470825 -0.414482
v 16.957542 -433.082428 -0.437928
v 38.746521 -438.694000 -0.461373
v -45.857288 -401.931702 -0.091478
v -23.506296 -404.516876 -0.095272
v -1.155307 -407.102081 -0.099066
v 21.195684 -409.687286 -0.102859
v 43.546673 -412.272461 -0.106653
v -45.000000 -387.788422 0.000067
v -22.500000 -387.788422 0.000065
v 0.000000 -387.788422 0.000062
v 22.500000 -387.788422 0.000059
v 45.000000 -387.788422 0.000057
v -124.889351 -1326.537231 -6.750008
v -125.074951 -1302.394409 -6.902784
v -125.414581 -1280.542969 -7.183702
v -125.818802 -1259.389526 -7.519534
v -126.264221 -1238.546021 -7.891259
v -126.737968 -1217.889893 -8.288451
v -127.231003 -1197.393188 -8.703775
v -127.740494 -1176.972534 -9.135060
v -128.261398 -1156.641357 -9.578185
v -128.791336 -1136.379272 -10.031258
v -129.329727 -1116.142334 -10.493901
v -129.871567 -1095.999268 -10.961884
v -130.420029 -1075.839722 -11.438022
v -130.969055 -1055.769287 -11.917090
v -131.521423 -1035.695557 -12.401577
v -132.074387 -1015.655762 -12.889066
v -132.625381 -995.682190 -13.377321
v -133.177185 -975.688538 -13.868791
v -133.724045 -955.780579 -14.358322
v -134.269012 -935.864624 -14.848598
v -134.808640 -915.991089 -15.336500
v -135.340622 -896.182922 -15.819848
v -135.866547 -876.370850 -16.300009
v -136.379776 -856.664917 -16.770823
v -136.883011 -836.957642 -17.234598
v -137.368286 -817.369202 -17.683855
v -137.835724 -797.821533 -18.118475
v -138.275986 -778.422302 -18.529528
v -138.684494 -759.129822 -18.912455
v -139.044739 -740.097595 -19.251354
v -139.339996 -721.343018 -19.530033
v -139.665421 -703.537354 -19.704908
v -138.957535 -684.643127 -19.699469
v -137.143997 -671.050903 -19.575472
v -133.509247 -658.197083 -19.345787
v -128.118484 -645.857849 -19.004526
v -120.761810 -633.608032 -18.531620
v -111.408394 -621.391724 -17.917295
v -100.186989 -609.170532 -17.164583
v -87.371490 -596.890137 -16.289320
v -73.290085 -584.418762 -15.313231
v -58.264523 -571.530945 -14.258634
v -42.600319 -557.911621 -13.147092
v -26.612482 -543.160217 -12.001092
v -10.685538 -526.799072 -10.848531
v 4.644093 -508.326477 -9.729300
v 18.622137 -487.371521 -8.701058
v 30.296972 -463.928497 -7.837853
v 38.775726 -438.552399 -7.209825
v 43.553196 -412.206177 -6.856325
v 45.000000 -387.788422 -6.749944
v -244.889343 -1326.537231 -6.750000
v -244.692764 -1302.395752 -7.000037
v -244.333084 -1280.548218 -7.457211
v -243.904938 -1259.400269 -8.000034
v -243.433212 -1238.563110 -8.596321
v -242.931488 -1217.913940 -9.228309
v -242.409363 -1197.424683 -9.883572
v -241.869812 -1177.011719 -10.558096
v -241.318207 -1156.688232 -11.244960
v -240.757034 -1136.433960 -11.940878
v -240.186935 -1116.204712 -12.644966
v -239.613220 -1096.069336 -13.350576
v -239.032486 -1075.917236 -14.061783
v -238.451202 -1055.854004 -14.770669
v -237.866348 -1035.787476 -15.480856
v -237.280914 -1015.754272 -16.188734
v -236.697556 -995.787048 -16.891088
v -236.113342 -975.799377 -17.591469
v -235.534409 -955.896912 -18.282621
v -234.957520 -935.985901 -18.968454
v -234.386261 -916.116821 -19.644741
v -233.823120 -896.312378 -20.308687
v -233.266403 -876.503296 -20.962408
v -232.723114 -856.799316 -21.597824
v -232.190445 -837.093079 -22.218428
v -231.676773 -817.504089 -22.814659
v -231.181992 -797.954346 -23.386906
v -230.716003 -778.550354 -23.924074
v -230.283600 -759.249939 -24.420994
v -229.902313 -740.203796 -24.858065
v -229.589798 -721.426270 -25.215630
v -229.554642 -704.618835 -25.437769
v -228.494553 -677.776428 -25.395205
v -225.005371 -652.329712 -25.043215
v -218.065659 -627.782898 -24.365011
v -207.856140 -604.350342 -23.366798
v -194.827988 -582.602661 -22.089273
v -179.922485 -563.094971 -20.620279
v -164.043701 -545.776672 -19.045393
v -147.903442 -530.297546 -17.433353
v -132.002502 -516.208984 -15.833599
v -116.701286 -503.082825 -14.282393
v -102.295479 -490.558990 -12.809826
v -89.063889 -478.356598 -11.444456
v -77.290283 -466.273010 -10.215871
v -67.234840 -454.168488 -9.152717
v -59.058407 -441.923157 -8.276095
v -52.790859 -429.340118 -7.596448
v -48.380184 -416.106049 -7.116043
v -45.850765 -401.865417 -6.841150
v -45.000000 -387.788422 -6.749933
vn -0.0000 0.0015 -1.0000
vn 0.0008 -0.0172 -0.9999
vn 0.0008 -0.0156 -0.9999
vn -0.0000 0.0013 -1.0000
vn 0.0008 -0.0138 -0.9999
vn -0.0000 0.0011 -1.0000
vn 0.0008 -0.0123 -0.9999
vn -0.0000 0.0010 -1.0000
vn 0.0010 -0.0103 -0.9999
vn -0.0000 0.0008 -1.0000
vn 0.0023 -0.0237 -0.9997
vn 0.0023 -0.0214 -0.9998
vn 0.0023 -0.0192 -0.9998
vn 0.0023 -0.0170 -0.9999
vn 0.0023 -0.0146 -0.9999
vn 0.0041 -0.0275 -0.9996
vn 0.0041 -0.0246 -0.9997
vn 0.0040 -0.0225 -0.9997
vn 0.0041 -0.0194 -0.9998
vn 0.0041 -0.0170 -0.9998
vn 0.0060 -0.0298 -0.9995
vn 0.0060 -0.0269 -0.9996
vn 0.0060 -0.0241 -0.9997
vn 0.0060 -0.0212 -0.9998
vn 0.0060 -0.0185 -0.9998
vn 0.0081 -0.0317 -0.9995
vn 0.0081 -0.0285 -0.9996
vn 0.0081 -0.0255 -0.9996
vn 0.0081 -0.0225 -0.9997
vn 0.0081 -0.0196 -0.9998
vn 0.0102 -0.0327 -0.9994
vn 0.0103 -0.0297 -0.9995
vn 0.0103 -0.0266 -0.9996
vn 0.0103 -0.0235 -0.9997
vn 0.0102 -0.0205 -0.9997
vn 0.0125 -0.0338 -0.9993
vn 0.0125 -0.0306 -0.9995
vn 0.0125 -0.0274 -0.9995
vn 0.0125 -0.0243 -0.9996
vn 0.0125 -0.0212 -0.9997
vn 0.0147 -0.0343 -0.9993
vn 0.0148 -0.0313 -0.9994
vn 0.0148 -0.0281 -0.9995
vn 0.0148 -0.0249 -0.9996
vn 0.0147 -0.0217 -0.9997
vn 0.0171 -0.0351 -0.9992
vn 0.0171 -0.0318 -0.9993
vn 0.0171 -0.0286 -0.9994
vn 0.0171 -0.0254 -0.9995
vn 0.0171 -0.0223 -0.9996
vn 0.0194 -0.0355 -0.9992
vn 0.0194 -0.0322 -0.9993
vn 0.0194 -0.0290 -0.9994
vn 0.0194 -0.0258 -0.9995
vn 0.0194 -0.0226 -0.9996
vn 0.0218 -0.0358 -0.9991
vn 0.0218 -0.0325 -0.9992
vn 0.0218 -0.0293 -0.9993
vn 0.0218 -0.0261 -0.9994
vn 0.0218 -0.0229 -0.9995
vn 0.0242 -0.0360 -0.9991
vn 0.0242 -0.0328 -0.9992
vn 0.0242 -0.0295 -0.9993
vn 0.0242 -0.0263 -0.9994
vn 0.0242 -0.0231 -0.9994
vn 0.0266 -0.0361 -0.9990
vn 0.0265 -0.0329 -0.9991
vn 0.0265 -0.0297 -0.9992
vn 0.0265 -0.0265 -0.9993
vn 0.0266 -0.0233 -0.9994
vn 0.0290 -0.0362 -0.9989
vn 0.0290 -0.0330 -0.9990
vn 0.0290 -0.0298 -0.9991
vn 0.0290 -0.0266 -0.9992
vn 0.0290 -0.0234 -0.9993
vn 0.0314 -0.0361 -0.9989
vn 0.0314 -0.0330 -0.9990
vn 0.0314 -0.0298 -0.9991
vn 0.0314 -0.0267 -0.9992
vn 0.0314 -0.0235 -0.9992
vn 0.0338 -0.0361 -0.9988
vn 0.0338 -0.0329 -0.9989
vn 0.0338 -0.0298 -0.9990
vn 0.0338 -0.0267 -0.9991
vn 0.0338 -0.0236 -0.9992
vn 0.0362 -0.0359 -0.9987
vn 0.0361 -0.0328 -0.9988
vn 0.0361 -0.0297 -0.9989
vn 0.0361 -0.0266 -0.9990
vn 0.0362 -0.0236 -0.9991
vn 0.0385 -0.0356 -0.9986
vn 0.0385 -0.0326 -0.9987
vn 0.0385 -0.0296 -0.9988
vn 0.0385 -0.0266 -0.9989
vn 0.0385 -0.0236 -0.9990
vn 0.0409 -0.0354 -0.9985
vn 0.0409 -0.0324 -0.9986
vn 0.0409 -0.0294 -0.9987
vn 0.0409 -0.0264 -0.9988
vn 0.0409 -0.0234 -0.9989
vn 0.0432 -0.0349 -0.9985
vn 0.0432 -0.0320 -0.9986
vn 0.0432 -0.0291 -0.9986
vn 0.0432 -0.0262 -0.9987
vn 0.0432 -0.0233 -0.9988
vn 0.0456 -0.0346 -0.9984
vn 0.0455 -0.0316 -0.9985
vn 0.0455 -0.0288 -0.9985
vn 0.0455 -0.0259 -0.9986
vn 0.0456 -0.0231 -0.9987
vn 0.0478 -0.0340 -0.9983
vn 0.0478 -0.0311 -0.9984
vn 0.0478 -0.0283 -0.9985
vn 0.0478 -0.0256 -0.9985
vn 0.0478 -0.0229 -0.9986
vn 0.0501 -0.0332 -0.9982
vn 0.0500 -0.0305 -0.9983
vn 0.0500 -0.0278 -0.9984
vn 0.0500 -0.0251 -0.9984
vn 0.0501 -0.0224 -0.9985
vn 0.0522 -0.0324 -0.9981
vn 0.0522 -0.0297 -0.9982
vn 0.0522 -0.0271 -0.9983
vn 0.0522 -0.0245 -0.9983
vn 0.0522 -0.0219 -0.9984
vn 0.0543 -0.0312 -0.9980
vn 0.0543 -0.0287 -0.9981
vn 0.0543 -0.0262 -0.9982
vn 0.0543 -0.0237 -0.9982
vn 0.0543 -0.0212 -0.9983
vn 0.0564 -0.0300 -0.9980
vn 0.0563 -0.0274 -0.9980
vn 0.0563 -0.0251 -0.9981
vn 0.0563 -0.0227 -0.9982
vn 0.0564 -0.0204 -0.9982
vn 0.0583 -0.0282 -0.9979
vn 0.0582 -0.0258 -0.9980
vn 0.0582 -0.0236 -0.9980
vn 0.0582 -0.0214 -0.9981
vn 0.0583 -0.0193 -0.9981
vn 0.0600 -0.0259 -0.9979
vn 0.0601 -0.0239 -0.9979
vn 0.0600 -0.0216 -0.9980
vn 0.0601 -0.0199 -0.9980
vn 0.0600 -0.0177 -0.9980
vn 0.0616 -0.0224 -0.9978
vn 0.0615 -0.0204 -0.9979
vn 0.0616 -0.0190 -0.9979
vn 0.0615 -0.0169 -0.9980
vn 0.0616 -0.0155 -0.9980
vn 0.0629 -0.0171 -0.9979
vn 0.0629 -0.0156 -0.9979
vn 0.0629 -0.0144 -0.9979
vn 0.0629 -0.0131 -0.9979
vn 0.0628 -0.0119 -0.9980
vn 0.0637 -0.0079 -0.9979
vn 0.0637 -0.0071 -0.9979
vn 0.0637 -0.0064 -0.9980
vn 0.0634 -0.0057 -0.9980
vn 0.0636 -0.0052 -0.9980
vn 0.0637 0.0033 -0.9980
vn 0.0637 0.0029 -0.9980
vn 0.0637 0.0025 -0.9980
vn 0.0636 0.0019 -0.9980
vn 0.0635 0.0009 -0.9980
vn 0.0637 0.0073 -0.9979
vn 0.0632 0.0064 -0.9980
vn 0.0632 0.0048 -0.9980
vn 0.0627 0.0030 -0.9980
vn 0.0622 0.0003 -0.9981
vn 0.0635 0.0120 -0.9979
vn 0.0629 0.0106 -0.9980
vn 0.0621 0.0085 -0.9980
vn 0.0610 0.0055 -0.9981
vn 0.0597 0.0012 -0.9982
vn 0.0636 0.0174 -0.9978
vn 0.0627 0.0153 -0.9979
vn 0.0610 0.0128 -0.9981
vn 0.0591 0.0090 -0.9982
vn 0.0565 0.0037 -0.9984
vn 0.0640 0.0233 -0.9977
vn 0.0621 0.0208 -0.9979
vn 0.0599 0.0176 -0.9981
vn 0.0570 0.0135 -0.9983
vn 0.0533 0.0078 -0.9985
vn 0.0642 0.0292 -0.9975
vn 0.0615 0.0263 -0.9978
vn 0.0589 0.0229 -0.9980
vn 0.0550 0.0185 -0.9983
vn 0.0507 0.0132 -0.9986
vn 0.0640 0.0349 -0.9973
vn 0.0610 0.0318 -0.9976
vn 0.0574 0.0282 -0.9980
vn 0.0533 0.0240 -0.9983
vn 0.0483 0.0191 -0.9986
vn 0.0633 0.0404 -0.9972
vn 0.0592 0.0368 -0.9976
vn 0.0555 0.0333 -0.9979
vn 0.0508 0.0291 -0.9983
vn 0.0462 0.0248 -0.9986
vn 0.0616 0.0454 -0.9971
vn 0.0575 0.0419 -0.9975
vn 0.0528 0.0378 -0.9979
vn 0.0485 0.0342 -0.9982
vn 0.0438 0.0301 -0.9986
vn 0.0588 0.0498 -0.9970
vn 0.0540 0.0458 -0.9975
vn 0.0495 0.0419 -0.9979
vn 0.0451 0.0381 -0.9983
vn 0.0409 0.0346 -0.9986
vn 0.0547 0.0535 -0.9971
vn 0.0500 0.0493 -0.9975
vn 0.0453 0.0451 -0.9980
vn 0.0412 0.0414 -0.9983
vn 0.0373 0.0381 -0.9986
vn 0.0490 0.0558 -0.9972
vn 0.0442 0.0512 -0.9977
vn 0.0400 0.0470 -0.9981
vn 0.0362 0.0434 -0.9984
vn 0.0328 0.0402 -0.9987
vn 0.0419 0.0565 -0.9975
vn 0.0373 0.0513 -0.9980
vn 0.0334 0.0471 -0.9983
vn 0.0302 0.0438 -0.9986
vn 0.0275 0.0407 -0.9988
vn 0.0332 0.0547 -0.9979
vn 0.0291 0.0493 -0.9984
vn 0.0259 0.0450 -0.9987
vn 0.0233 0.0413 -0.9989
vn 0.0213 0.0390 -0.9990
vn 0.0234 0.0494 -0.9985
vn 0.0202 0.0437 -0.9988
vn 0.0179 0.0399 -0.9990
vn 0.0161 0.0368 -0.9992
vn 0.0148 0.0346 -0.9993
vn 0.0137 0.0398 -0.9991
vn 0.0117 0.0345 -0.9993
vn 0.0103 0.0315 -0.9994
vn 0.0092 0.0293 -0.9995
vn 0.0085 0.0274 -0.9996
vn 0.0058 0.0267 -0.9996
vn 0.0050 0.0234 -0.9997
vn 0.0045 0.0208 -0.9998
vn 0.0041 0.0192 -0.9998
vn 0.0039 0.0185 -0.9998
vn 0.0010 0.0103 -0.9999
vn 0.0009 0.0093 -1.0000
vn 0.0008 0.0085 -1.0000
vn 0.0008 0.0080 -1.0000
vn 0.0007 0.0076 -1.0000
vn 0.6912 -0.0375 -0.7217
vn 0.0002 0.0057 -1.0000
vn 0.0002 0.0051 -1.0000
vn 0.0002 0.0047 -1.0000
vn -0.7182 0.0457 -0.6944
vn -1.0000 -0.0078 -0.0004
vn -0.9999 -0.0120 -0.0014
vn -0.9999 -0.0119 -0.0013
vn -0.9998 -0.0179 -0.0029
vn -0.9998 -0.0178 -0.0028
vn -0.9998 -0.0209 -0.0046
vn -0.9998 -0.0209 -0.0045
vn -0.9997 -0.0229 -0.0065
vn -0.9997 -0.0243 -0.0085
vn -0.9996 -0.0254 -0.0107
vn -0.9996 -0.0254 -0.0106
vn -0.9996 -0.0263 -0.0129
vn -0.9995 -0.0270 -0.0151
vn -0.9995 -0.0275 -0.0175
vn -0.9994 -0.0280 -0.0198
vn -0.9994 -0.0280 -0.0197
vn -0.9994 -0.0283 -0.0220
vn -0.9994 -0.0283 -0.0221
vn -0.9993 -0.0286 -0.0245
vn -0.9992 -0.0289 -0.0269
vn -0.9992 -0.0288 -0.0268
vn -0.9991 -0.0291 -0.0293
vn -0.9991 -0.0291 -0.0294
vn -0.9991 -0.0291 -0.0317
vn -0.9990 -0.0292 -0.0341
vn -0.9989 -0.0292 -0.0364
vn -0.9989 -0.0292 -0.0365
vn -0.9988 -0.0291 -0.0388
vn -0.9987 -0.0290 -0.0411
vn -0.9987 -0.0290 -0.0412
vn -0.9986 -0.0288 -0.0435
vn -0.9985 -0.0286 -0.0459
vn -0.9984 -0.0282 -0.0481
vn -0.9984 -0.0282 -0.0482
vn -0.9983 -0.0277 -0.0504
vn -0.9982 -0.0271 -0.0526
vn -0.9982 -0.0262 -0.0546
vn -0.9982 -0.0263 -0.0547
vn -0.9981 -0.0252 -0.0567
vn -0.9981 -0.0251 -0.0566
vn -0.9980 -0.0237 -0.0585
vn -0.9980 -0.0238 -0.0587
vn -0.9979 -0.0217 -0.0603
vn -0.9979 -0.0218 -0.0604
vn -0.9979 -0.0189 -0.0620
vn -0.9979 -0.0188 -0.0619
vn -0.9978 -0.0182 -0.0632
vn -0.9979 0.0092 -0.0634
vn -0.9944 0.0853 -0.0628
vn -0.9772 0.2038 -0.0599
vn -0.9772 0.2037 -0.0600
vn -0.9393 0.3387 -0.0544
vn -0.8864 0.4606 -0.0467
vn -0.8864 0.4606 -0.0468
vn -0.8246 0.5645 -0.0376
vn -0.8246 0.5644 -0.0376
vn -0.7638 0.6449 -0.0279
vn -0.7638 0.6448 -0.0279
vn -0.7125 0.7014 -0.0187
vn -0.6758 0.7370 -0.0104
vn -0.6555 0.7552 -0.0034
vn -0.6524 0.7579 0.0021
vn -0.6662 0.7457 0.0060
vn -0.6968 0.7172 0.0083
vn -0.7430 0.6692 0.0089
vn -0.8013 0.5982 0.0081
vn -0.8649 0.5019 0.0061
vn -0.8649 0.5020 0.0062
vn -0.9238 0.3828 0.0038
vn -0.9686 0.2487 0.0016
vn -0.9686 0.2487 0.0017
vn -0.9929 0.1192 0.0003
vn -0.9929 0.1192 0.0004
vn -0.9982 0.0592 -0.0002
vn 1.0000 -0.0081 0.0008
vn 0.9999 -0.0123 0.0018
vn 0.9999 -0.0122 0.0017
vn 0.9998 -0.0183 0.0036
vn 0.9998 -0.0213 0.0055
vn 0.9998 -0.0213 0.0056
vn 0.9997 -0.0232 0.0077
vn 0.9997 -0.0246 0.0098
vn 0.9996 -0.0246 0.0098
vn 0.9996 -0.0256 0.0120
vn 0.9996 -0.0255 0.0120
vn 0.9996 -0.0263 0.0144
vn 0.9996 -0.0263 0.0143
vn 0.9995 -0.0269 0.0167
vn 0.9995 -0.0268 0.0167
vn 0.9994 -0.0273 0.0190
vn 0.9994 -0.0273 0.0191
vn 0.9994 -0.0276 0.0214
vn 0.9994 -0.0275 0.0213
vn 0.9993 -0.0278 0.0237
vn 0.9993 -0.0278 0.0238
vn 0.9993 -0.0279 0.0262
vn 0.9992 -0.0280 0.0287
vn 0.9992 -0.0280 0.0286
vn 0.9991 -0.0281 0.0310
vn 0.9990 -0.0280 0.0334
vn 0.9990 -0.0279 0.0358
vn 0.9990 -0.0279 0.0357
vn 0.9989 -0.0278 0.0382
vn 0.9989 -0.0278 0.0381
vn 0.9988 -0.0276 0.0405
vn 0.9987 -0.0274 0.0429
vn 0.9986 -0.0270 0.0452
vn 0.9986 -0.0270 0.0451
vn 0.9985 -0.0267 0.0475
vn 0.9984 -0.0262 0.0497
vn 0.9983 -0.0256 0.0518
vn 0.9982 -0.0249 0.0540
vn 0.9982 -0.0249 0.0539
vn 0.9981 -0.0241 0.0560
vn 0.9981 -0.0230 0.0579
vn 0.9981 -0.0229 0.0578
vn 0.9980 -0.0216 0.0596
vn 0.9979 -0.0197 0.0611
vn 0.9979 -0.0197 0.0613
vn 0.9979 -0.0170 0.0626
vn 0.9980 -0.0083 0.0634
vn 0.9978 -0.0204 0.0638
vn 0.9978 -0.0203 0.0635
vn 0.9941 -0.0881 0.0628
vn 0.9941 -0.0881 0.0631
vn 0.9769 -0.2053 0.0600
vn 0.9769 -0.2053 0.0599
vn 0.9397 -0.3377 0.0544
vn 0.8872 -0.4590 0.0468
vn 0.8258 -0.5627 0.0377
vn 0.7652 -0.6432 0.0280
vn 0.7140 -0.6999 0.0188
vn 0.6772 -0.7357 0.0105
vn 0.6570 -0.7539 0.0035
vn 0.6537 -0.7567 -0.0019
vn 0.6537 -0.7567 -0.0020
vn 0.6674 -0.7447 -0.0059
vn 0.6977 -0.7163 -0.0082
vn 0.7437 -0.6685 -0.0089
vn 0.8018 -0.5976 -0.0080
vn 0.8018 -0.5975 -0.0080
vn 0.8653 -0.5013 -0.0061
vn 0.9242 -0.3818 -0.0037
vn 0.9692 -0.2461 -0.0017
vn 0.9692 -0.2462 -0.0016
vn 0.9930 -0.1178 -0.0003
vn 0.9982 -0.0604 0.0002
vt 0.000000 0.000000
vt 0.000000 0.482662
vt 0.250000 0.482662
vt 0.250000 0.000000
vt 0.500000 0.482662
vt 0.500000 0.000000
vt 0.750000 0.482662
vt 0.750000 0.000000
vt 1.000000 0.482662
vt 1.000000 0.000000
vt 0.000000 0.917901
vt 0.250000 0.917901
vt 0.500000 0.917901
vt 0.750000 0.917901
vt 1.000000 0.917901
vt 0.000000 1.339814
vt 0.250000 1.339814
vt 0.500000 1.339814
vt 0.750000 1.339814
vt 1.000000 1.339814
vt 0.000000 1.755094
vt 0.250000 1.755094
vt 0.500000 1.755094
vt 0.750000 1.755094
vt 1.000000 1.755094
vt 0.000000 2.166343
vt 0.250000 2.166343
vt 0.500000 2.166343
vt 0.750000 2.166343
vt 1.000000 2.166343
vt 0.000000 2.574834
vt 0.250000 2.574834
vt 0.500000 2.574834
vt 0.750000 2.574834
vt 1.000000 2.574834
vt 0.000000 2.981313
vt 0.250000 2.981313
vt 0.500000 2.981313
vt 0.750000 2.981313
vt 1.000000 2.981313
vt 0.000000 3.386230
vt 0.250000 3.386230
vt 0.500000 3.386230
vt 0.750000 3.386230
vt 1.000000 3.386230
vt 0.000000 3.789886
vt 0.250000 3.789886
vt 0.500000 3.789886
vt 0.750000 3.789886
vt 1.000000 3.789886
vt 0.000000 4.192488
vt 0.250000 4.192488
vt 0.500000 4.192488
vt 0.750000 4.192488
vt 1.000000 4.192488
vt 0.000000 4.594185
vt 0.250000 4.594185
vt 0.500000 4.594185
vt 0.750000 4.594185
vt 1.000000 4.594185
vt 0.000000 4.995075
vt 0.250000 4.995075
vt 0.500000 4.995075
vt 0.750000 4.995075
vt 1.000000 4.995075
vt 0.000000 5.395238
vt 0.250000 5.395238
vt 0.500000 5.395238
vt 0.750000 5.395238
vt 1.000000 5.395238
vt 0.000000 5.794720
vt 0.250000 5.794720
vt 0.500000 5.794720
vt 0.750000 5.794720
vt 1.000000 5.794720
vt 0.000000 6.193558
vt 0.250000 6.193558
vt 0.500000 6.193558
vt 0.750000 6.193558
vt 1.000000 6.193558
vt 0.000000 6.591761
vt 0.250000 6.591761
vt 0.500000 6.591761
vt 0.750000 6.591761
vt 1.000000 6.591761
vt 0.000000 6.989340
vt 0.250000 6.989340
vt 0.500000 6.989340
vt 0.750000 6.989340
vt 1.000000 6.989340
vt 0.000000 7.386281
vt 0.250000 7.386281
vt 0.500000 7.386281
vt 0.750000 7.386281
vt 1.000000 7.386281
vt 0.000000 7.782556
vt 0.250000 7.782556
vt 0.500000 7.782556
vt 0.750000 7.782556
vt 1.000000 7.782556
vt 0.000000 8.178125
vt 0.250000 8.178125
vt 0.500000 8.178125
vt 0.750000 8.178125
vt 1.000000 8.178125
vt 0.000000 8.572923
vt 0.250000 8.572923
vt 0.500000 8.572923
vt 0.750000 8.572923
vt 1.000000 8.572923
vt 0.000000 8.966866
vt 0.250000 8.966866
vt 0.500000 8.966866
vt 0.750000 8.966866
vt 1.000000 8.966866
vt 0.000000 9.359830
vt 0.250000 9.359830
vt 0.500000 9.359830
vt 0.750000 9.359830
vt 1.000000 9.359830
vt 0.000000 9.751655
vt 0.250000 9.751655
vt 0.500000 9.751655
vt 0.750000 9.751655
vt 1.000000 9.751655
vt 0.000000 10.142101
vt 0.250000 10.142101
vt 0.500000 10.142101
vt 0.750000 10.142101
vt 1.000000 10.142101
vt 0.000000 10.530835
vt 0.250000 10.530835
vt 0.500000 10.530835
vt 0.750000 10.530835
vt 1.000000 10.530835
vt 0.000000 10.917363
vt 0.250000 10.917363
vt 0.500000 10.917363
vt 0.750000 10.917363
vt 1.000000 10.917363
vt 0.000000 11.300897
vt 0.250000 11.300897
vt 0.500000 11.300897
vt 0.750000 11.300897
vt 1.000000 11.300897
vt 0.000000 11.680121
vt 0.250000 11.680121
vt 0.500000 11.680121
vt 0.750000 11.680121
vt 1.000000 11.680121
vt 0.000000 12.052588
vt 0.250000 12.052588
vt 0.500000 12.052588
vt 0.750000 12.052588
vt 1.000000 12.052588
vt 0.000000 12.412991
vt 0.250000 12.412991
vt 0.500000 12.412991
vt 0.750000 12.412991
vt 1.000000 12.412991
vt 0.000000 12.859097
vt 0.250000 12.859097
vt 0.500000 12.859097
vt 0.750000 12.859097
vt 1.000000 12.859097
vt 0.000000 13.242736
vt 0.250000 13.242736
vt 0.500000 13.242736
vt 0.750000 13.242736
vt 1.000000 13.242736
vt 0.000000 13.629282
vt 0.250000 13.629282
vt 0.500000 13.629282
vt 0.750000 13.629282
vt 1.000000 13.629282
vt 0.000000 14.017540
vt 0.250000 14.017540
vt 0.500000 14.017540
vt 0.750000 14.017540
vt 1.000000 14.017540
vt 0.000000 14.412016
vt 0.250000 14.412016
vt 0.500000 14.412016
vt 0.750000 14.412016
vt 1.000000 14.412016
vt 0.000000 14.809606
vt 0.250000 14.809606
vt 0.500000 14.809606
vt 0.750000 14.809606
vt 1.000000 14.809606
vt 0.000000 15.208906
vt 0.250000 15.208906
vt 0.500000 15.208906
vt 0.750000 15.208906
vt 1.000000 15.208906
vt 0.000000 15.608659
vt 0.250000 15.608659
vt 0.500000 15.608659
vt 0.750000 15.608659
vt 1.000000 15.608659
vt 0.000000 16.008015
vt 0.250000 16.008015
vt 0.500000 16.008015
vt 0.750000 16.008015
vt 1.000000 16.008015
vt 0.000000 16.406542
vt 0.250000 16.406542
vt 0.500000 16.406542
vt 0.750000 16.406542
vt 1.000000 16.406542
vt 0.000000 16.804117
vt 0.250000 16.804117
vt 0.500000 16.804117
vt 0.750000 16.804117
vt 1.000000 16.804117
vt 0.000000 17.200909
vt 0.250000 17.200909
vt 0.500000 17.200909
vt 0.750000 17.200909
vt 1.000000 17.200909
vt 0.000000 17.597395
vt 0.250000 17.597395
vt 0.500000 17.597395
vt 0.750000 17.597395
vt 1.000000 17.597395
vt 0.000000 17.994448
vt 0.250000 17.994448
vt 0.500000 17.994448
vt 0.750000 17.994448
vt 1.000000 17.994448
vt 0.000000 18.393373
vt 0.250000 18.393373
vt 0.500000 18.393373
vt 0.750000 18.393373
vt 1.000000 18.393373
vt 0.000000 18.795700
vt 0.250000 18.795700
vt 0.500000 18.795700
vt 0.750000 18.795700
vt 1.000000 18.795700
vt 0.000000 19.202536
vt 0.250000 19.202536
vt 0.500000 19.202536
vt 0.750000 19.202536
vt 1.000000 19.202536
vt 0.000000 19.613832
vt 0.250000 19.613832
vt 0.500000 19.613832
vt 0.750000 19.613832
vt 1.000000 19.613832
vt 0.000000 20.000000
vt 0.250000 20.000000
vt 0.500000 20.000000
vt 0.750000 20.000000
vt 1.000000 20.000000
s 1
usemtl track_surface
f 5814/4232/5092 5819/4233/5093 5820/4234/5094 5815/4235/5095
f 5815/4235/5095 5820/4234/5094 5821/4236/5096 5816/4237/5097
f 5816/4237/5097 5821/4236/5096 5822/4238/5098 5817/4239/5099
f 5817/4239/5099 5822/4238/5098 5823/4240/5100 5818/4241/5101
f 5819/4233/5093 5824/4242/5102 5825/4243/5103 5820/4234/5094
f 5820/4234/5094 5825/4243/5103 5826/4244/5104 5821/4236/5096
f 5821/4236/5096 5826/4244/5104 5827/4245/5105 5822/4238/5098
f 5822/4238/5098 5827/4245/5105 5828/4246/5106 5823/4240/5100
f 5824/4242/5102 5829/4247/5107 5830/4248/5108 5825/4243/5103
f 5825/4243/5103 5830/4248/5108 5831/4249/5109 5826/4244/5104
f 5826/4244/5104 5831/4249/5109 5832/4250/5110 5827/4245/5105
f 5827/4245/5105 5832/4250/5110 5833/4251/5111 5828/4246/5106
f 5829/4247/5107 5834/4252/5112 5835/4253/5113 5830/4248/5108
f 5830/4248/5108 5835/4253/5113 5836/4254/5114 5831/4249/5109
f 5831/4249/5109 5836/4254/5114 5837/4255/5115 5832/4250/5110
f 5832/4250/5110 5837/4255/5115 5838/4256/5116 5833/4251/5111
f 5834/4252/5112 5839/4257/5117 5840/4258/5118 5835/4253/5113
f 5835/4253/5113 5840/4258/5118 5841/4259/5119 5836/4254/5114
f 5836/4254/5114 5841/4259/5119 5842/4260/5120 5837/4255/5115
f 5837/4255/5115 5842/4260/5120 5843/4261/5121 5838/4256/5116
f 5839/4257/5117 5844/4262/5122 5845/4263/5123 5840/4258/5118
f 5840/4258/5118 5845/4263/5123 5846/4264/5124 5841/4259/5119
f 5841/4259/5119 5846/4264/5124 5847/4265/5125 5842/4260/5120
f 5842/4260/5120 5847/4265/5125 5848/4266/5126 5843/4261/5121
f 5844/4262/5122 5849/4267/5127 5850/4268/5128 5845/4263/5123
f 5845/4263/5123 5850/4268/5128 5851/4269/5129 5846/4264/5124
f 5846/4264/5124 5851/4269/5129 5852/4270/5130 5847/4265/5125
f 5847/4265/5125 5852/4270/5130 5853/4271/5131 5848/4266/5126
f 5849/4267/5127 5854/4272/5132 5855/4273/5133 5850/4268/5128
f 5850/4268/5128 5855/4273/5133 5856/4274/5134 5851/4269/5129
f 5851/4269/5129 5856/4274/5134 5857/4275/5135 5852/4270/5130
f 5852/4270/5130 5857/4275/5135 5858/4276/5136 5853/4271/5131
f 5854/4272/5132 5859/4277/5137 5860/4278/5138 5855/4273/5133
f 5855/4273/5133 5860/4278/5138 5861/4279/5139 5856/4274/5134
f 5856/4274/5134 5861/4279/5139 5862/4280/5140 5857/4275/5135
f 5857/4275/5135 5862/4280/5140 5863/4281/5141 5858/4276/5136
f 5859/4277/5137 5864/4282/5142 5865/4283/5143 5860/4278/5138
f 5860/4278/5138 5865/4283/5143 5866/4284/5144 5861/4279/5139
f 5861/4279/5139 5866/4284/5144 5867/4285/5145 5862/4280/5140
f 5862/4280/5140 5867/4285/5145 5868/4286/5146 5863/4281/5141
f 5864/4282/5142 5869/4287/5147 5870/4288/5148 5865/4283/5143
f 5865/4283/5143 5870/4288/5148 5871/4289/5149 5866/4284/5144
f 5866/4284/5144 5871/4289/5149 5872/4290/5150 5867/4285/5145
f 5867/4285/5145 5872/4290/5150 5873/4291/5151 5868/4286/5146
f 5869/4287/5147 5874/4292/5152 5875/4293/5153 5870/4288/5148
f 5870/4288/5148 5875/4293/5153 5876/4294/5154 5871/4289/5149
f 5871/4289/5149 5876/4294/5154 5877/4295/5155 5872/4290/5150
f 5872/4290/5150 5877/4295/5155 5878/4296/5156 5873/4291/5151
f 5874/4292/5152 5879/4297/5157 5880/4298/5158 5875/4293/5153
f 5875/4293/5153 5880/4298/5158 5881/4299/5159 5876/4294/5154
f 5876/4294/5154 5881/4299/5159 5882/4300/5160 5877/4295/5155
f 5877/4295/5155 5882/4300/5160 5883/4301/5161 5878/4296/5156
f 5879/4297/5157 5884/4302/5162 5885/4303/5163 5880/4298/5158
f 5880/4298/5158 5885/4303/5163 5886/4304/5164 5881/4299/5159
f 5881/4299/5159 5886/4304/5164 5887/4305/5165 5882/4300/5160
f 5882/4300/5160 5887/4305/5165 5888/4306/5166 5883/4301/5161
f 5884/4302/5162 5889/4307/5167 5890/4308/5168 5885/4303/5163
f 5885/4303/5163 5890/4308/5168 5891/4309/5169 5886/4304/5164
f 5886/4304/5164 5891/4309/5169 5892/4310/5170 5887/4305/5165
f 5887/4305/5165 5892/4310/5170 5893/4311/5171 5888/4306/5166
f 5889/4307/5167 5894/4312/5172 5895/4313/5173 5890/4308/5168
f 5890/4308/5168 5895/4313/5173 5896/4314/5174 5891/4309/5169
f 5891/4309/5169 5896/4314/5174 5897/4315/5175 5892/4310/5170
f 5892/4310/5170 5897/4315/5175 5898/4316/5176 5893/4311/5171
f 5894/4312/5172 5899/4317/5177 5900/4318/5178 5895/4313/5173
f 5895/4313/5173 5900/4318/5178 5901/4319/5179 5896/4314/5174
f 5896/4314/5174 5901/4319/5179 5902/4320/5180 5897/4315/5175
f 5897/4315/5175 5902/4320/5180 5903/4321/5181 5898/4316/5176
f 5899/4317/5177 5904/4322/5182 5905/4323/5183 5900/4318/5178
f 5900/4318/5178 5905/4323/5183 5906/4324/5184 5901/4319/5179
f 5901/4319/5179 5906/4324/5184 5907/4325/5185 5902/4320/5180
f 5902/4320/5180 5907/4325/5185 5908/4326/5186 5903/4321/5181
f 5904/4322/5182 5909/4327/5187 5910/4328/5188 5905/4323/5183
f 5905/4323/5183 5910/4328/5188 5911/4329/5189 5906/4324/5184
f 5906/4324/5184 5911/4329/5189 5912/4330/5190 5907/4325/5185
f 5907/4325/5185 5912/4330/5190 5913/4331/5191 5908/4326/5186
f 5909/4327/5187 5914/4332/5192 5915/4333/5193 5910/4328/5188
f 5910/4328/5188 5915/4333/5193 5916/4334/5194 5911/4329/5189
f 5911/4329/5189 5916/4334/5194 5917/4335/5195 5912/4330/5190
f 5912/4330/5190 5917/4335/5195 5918/4336/5196 5913/4331/5191
f 5914/4332/5192 5919/4337/5197 5920/4338/5198 5915/4333/5193
f 5915/4333/5193 5920/4338/5198 5921/4339/5199 5916/4334/5194
f 5916/4334/5194 5921/4339/5199 5922/4340/5200 5917/4335/5195
f 5917/4335/5195 5922/4340/5200 5923/4341/5201 5918/4336/5196
f 5919/4337/5197 5924/4342/5202 5925/4343/5203 5920/4338/5198
f 5920/4338/5198 5925/4343/5203 5926/4344/5204 5921/4339/5199
f 5921/4339/5199 5926/4344/5204 5927/4345/5205 5922/4340/5200
f 5922/4340/5200 5927/4345/5205 5928/4346/5206 5923/4341/5201
f 5924/4342/5202 5929/4347/5207 5930/4348/5208 5925/4343/5203
f 5925/4343/5203 5930/4348/5208 5931/4349/5209 5926/4344/5204
f 5926/4344/5204 5931/4349/5209 5932/4350/5210 5927/4345/5205
f 5927/4345/5205 5932/4350/5210 5933/4351/5211 5928/4346/5206
f 5929/4347/5207 5934/4352/5212 5935/4353/5213 5930/4348/5208
f 5930/4348/5208 5935/4353/5213 5936/4354/5214 5931/4349/5209
f 5931/4349/5209 5936/4354/5214 5937/4355/5215 5932/4350/5210
f 5932/4350/5210 5937/4355/5215 5938/4356/5216 5933/4351/5211
f 5934/4352/5212 5939/4357/5217 5940/4358/5218 5935/4353/5213
f 5935/4353/5213 5940/4358/5218 5941/4359/5219 5936/4354/5214
f 5936/4354/5214 5941/4359/5219 5942/4360/5220 5937/4355/5215
f 5937/4355/5215 5942/4360/5220 5943/4361/5221 5938/4356/5216
f 5939/4357/5217 5944/4362/5222 5945/4363/5223 5940/4358/5218
f 5940/4358/5218 5945/4363/5223 5946/4364/5224 5941/4359/5219
f 5941/4359/5219 5946/4364/5224 5947/4365/5225 5942/4360/5220
f 5942/4360/5220 5947/4365/5225 5948/4366/5226 5943/4361/5221
f 5944/4362/5222 5949/4367/5227 5950/4368/5228 5945/4363/5223
f 5945/4363/5223 5950/4368/5228 5951/4369/5229 5946/4364/5224
f 5946/4364/5224 5951/4369/5229 5952/4370/5230 5947/4365/5225
f 5947/4365/5225 5952/4370/5230 5953/4371/5231 5948/4366/5226
f 5949/4367/5227 5954/4372/5232 5955/4373/5233 5950/4368/5228
f 5950/4368/5228 5955/4373/5233 5956/4374/5234 5951/4369/5229
f 5951/4369/5229 5956/4374/5234 5957/4375/5235 5952/4370/5230
f 5952/4370/5230 5957/4375/5235 5958/4376/5236 5953/4371/5231
f 5954/4372/5232 5959/4377/5237 5960/4378/5238 5955/4373/5233
f 5955/4373/5233 5960/4378/5238 5961/4379/5239 5956/4374/5234
f 5956/4374/5234 5961/4379/5239 5962/4380/5240 5957/4375/5235
f 5957/4375/5235 5962/4380/5240 5963/4381/5241 5958/4376/5236
f 5959/4377/5237 5964/4382/5242 5965/4383/5243 5960/4378/5238
f 5960/4378/5238 5965/4383/5243 5966/4384/5244 5961/4379/5239
f 5961/4379/5239 5966/4384/5244 5967/4385/5245 5962/4380/5240
f 5962/4380/5240 5967/4385/5245 5968/4386/5246 5963/4381/5241
f 5964/4382/5242 5969/4387/5247 5970/4388/5248 5965/4383/5243
f 5965/4383/5243 5970/4388/5248 5971/4389/5249 5966/4384/5244
f 5966/4384/5244 5971/4389/5249 5972/4390/5250 5967/4385/5245
f 5967/4385/5245 5972/4390/5250 5973/4391/5251 5968/4386/5246
f 5969/4387/5247 5974/4392/5252 5975/4393/5253 5970/4388/5248
f 5970/4388/5248 5975/4393/5253 5976/4394/5254 5971/4389/5249
f 5971/4389/5249 5976/4394/5254 5977/4395/5255 5972/4390/5250
f 5972/4390/5250 5977/4395/5255 5978/4396/5256 5973/4391/5251
f 5974/4392/5252 5979/4397/5257 5980/4398/5258 5975/4393/5253
f 5975/4393/5253 5980/4398/5258 5981/4399/5259 5976/4394/5254
f 5976/4394/5254 5981/4399/5259 5982/4400/5260 5977/4395/5255
f 5977/4395/5255 5982/4400/5260 5983/4401/5261 5978/4396/5256
f 5979/4397/5257 5984/4402/5262 5985/4403/5263 5980/4398/5258
f 5980/4398/5258 5985/4403/5263 5986/4404/5264 5981/4399/5259
f 5981/4399/5259 5986/4404/5264 5987/4405/5265 5982/4400/5260
f 5982/4400/5260 5987/4405/5265 5988/4406/5266 5983/4401/5261
f 5984/4402/5262 5989/4407/5267 5990/4408/5268 5985/4403/5263
f 5985/4403/5263 5990/4408/5268 5991/4409/5269 5986/4404/5264
f 5986/4404/5264 5991/4409/5269 5992/4410/5270 5987/4405/5265
f 5987/4405/5265 5992/4410/5270 5993/4411/5271 5988/4406/5266
f 5989/4407/5267 5994/4412/5272 5995/4413/5273 5990/4408/5268
f 5990/4408/5268 5995/4413/5273 5996/4414/5274 5991/4409/5269
f 5991/4409/5269 5996/4414/5274 5997/4415/5275 5992/4410/5270
f 5992/4410/5270 5997/4415/5275 5998/4416/5276 5993/4411/5271
f 5994/4412/5272 5999/4417/5277 6000/4418/5278 5995/4413/5273
f 5995/4413/5273 6000/4418/5278 6001/4419/5279 5996/4414/5274
f 5996/4414/5274 6001/4419/5279 6002/4420/5280 5997/4415/5275
f 5997/4415/5275 6002/4420/5280 6003/4421/5281 5998/4416/5276
f 5999/4417/5277 6004/4422/5282 6005/4423/5283 6000/4418/5278
f 6000/4418/5278 6005/4423/5283 6006/4424/5284 6001/4419/5279
f 6001/4419/5279 6006/4424/5284 6007/4425/5285 6002/4420/5280
f 6002/4420/5280 6007/4425/5285 6008/4426/5286 6003/4421/5281
f 6004/4422/5282 6009/4427/5287 6010/4428/5288 6005/4423/5283
f 6005/4423/5283 6010/4428/5288 6011/4429/5289 6006/4424/5284
f 6006/4424/5284 6011/4429/5289 6012/4430/5290 6007/4425/5285
f 6007/4425/5285 6012/4430/5290 6013/4431/5291 6008/4426/5286
f 6009/4427/5287 6014/4432/5292 6015/4433/5293 6010/4428/5288
f 6010/4428/5288 6015/4433/5293 6016/4434/5294 6011/4429/5289
f 6011/4429/5289 6016/4434/5294 6017/4435/5295 6012/4430/5290
f 6012/4430/5290 6017/4435/5295 6018/4436/5296 6013/4431/5291
f 6014/4432/5292 6019/4437/5297 6020/4438/5298 6015/4433/5293
f 6015/4433/5293 6020/4438/5298 6021/4439/5299 6016/4434/5294
f 6016/4434/5294 6021/4439/5299 6022/4440/5300 6017/4435/5295
f 6017/4435/5295 6022/4440/5300 6023/4441/5301 6018/4436/5296
f 6019/4437/5297 6024/4442/5302 6025/4443/5303 6020/4438/5298
f 6020/4438/5298 6025/4443/5303 6026/4444/5304 6021/4439/5299
f 6021/4439/5299 6026/4444/5304 6027/4445/5305 6022/4440/5300
f 6022/4440/5300 6027/4445/5305 6028/4446/5306 6023/4441/5301
f 6024/4442/5302 6029/4447/5307 6030/4448/5308 6025/4443/5303
f 6025/4443/5303 6030/4448/5308 6031/4449/5309 6026/4444/5304
f 6026/4444/5304 6031/4449/5309 6032/4450/5310 6027/4445/5305
f 6027/4445/5305 6032/4450/5310 6033/4451/5311 6028/4446/5306
f 6029/4447/5307 6034/4452/5312 6035/4453/5313 6030/4448/5308
f 6030/4448/5308 6035/4453/5313 6036/4454/5314 6031/4449/5309
f 6031/4449/5309 6036/4454/5314 6037/4455/5315 6032/4450/5310
f 6032/4450/5310 6037/4455/5315 6038/4456/5316 6033/4451/5311
f 6034/4452/5312 6039/4457/5317 6040/4458/5318 6035/4453/5313
f 6035/4453/5313 6040/4458/5318 6041/4459/5319 6036/4454/5314
f 6036/4454/5314 6041/4459/5319 6042/4460/5320 6037/4455/5315
f 6037/4455/5315 6042/4460/5320 6043/4461/5321 6038/4456/5316
f 6039/4457/5317 6044/4462/5322 6045/4463/5323 6040/4458/5318
f 6040/4458/5318 6045/4463/5323 6046/4464/5324 6041/4459/5319
f 6041/4459/5319 6046/4464/5324 6047/4465/5325 6042/4460/5320
f 6042/4460/5320 6047/4465/5325 6048/4466/5326 6043/4461/5321
f 6044/4462/5322 6049/4467/5327 6050/4468/5328 6045/4463/5323
f 6045/4463/5323 6050/4468/5328 6051/4469/5329 6046/4464/5324
f 6046/4464/5324 6051/4469/5329 6052/4470/5330 6047/4465/5325
f 6047/4465/5325 6052/4470/5330 6053/4471/5331 6048/4466/5326
f 6049/4467/5327 6054/4472/5332 6055/4473/5333 6050/4468/5328
f 6050/4468/5328 6055/4473/5333 6056/4474/5334 6051/4469/5329
f 6051/4469/5329 6056/4474/5334 6057/4475/5335 6052/4470/5330
f 6052/4470/5330 6057/4475/5335 6058/4476/5336 6053/4471/5331
f 6054/4472/5332 6059/4477/5337 6060/4478/5338 6055/4473/5333
f 6055/4473/5333 6060/4478/5338 6061/4479/5339 6056/4474/5334
f 6056/4474/5334 6061/4479/5339 6062/4480/5340 6057/4475/5335
f 6057/4475/5335 6062/4480/5340 6063/4481/5341 6058/4476/5336
f 6059/4477/5337 6064/4482/5342 6065/4483/5343 6060/4478/5338
f 6060/4478/5338 6065/4483/5343 6066/4484/5344 6061/4479/5339
f 6061/4479/5339 6066/4484/5344 6067/4485/5345 6062/4480/5340
f 6062/4480/5340 6067/4485/5345 6068/4486/5346 6063/4481/5341
usemtl track_rail
f 5818/4232/5347 5823/4233/5348 6070/4240/5349 6069/4241/5347
f 5823/4233/5348 5828/4242/5350 6071/4246/5351 6070/4240/5349
f 5828/4242/5350 5833/4247/5352 6072/4251/5353 6071/4246/5351
f 5833/4247/5352 5838/4252/5354 6073/4256/5354 6072/4251/5353
f 5838/4252/5354 5843/4257/5355 6074/4261/5355 6073/4256/5354
f 5843/4257/5355 5848/4262/5356 6075/4266/5357 6074/4261/5355
f 5848/4262/5356 5853/4267/5358 6076/4271/5358 6075/4266/5357
f 5853/4267/5358 5858/4272/5359 6077/4276/5359 6076/4271/5358
f 5858/4272/5359 5863/4277/5360 6078/4281/5360 6077/4276/5359
f 5863/4277/5360 5868/4282/5361 6079/4286/5362 6078/4281/5360
f 5868/4282/5361 5873/4287/5363 6080/4291/5364 6079/4286/5362
f 5873/4287/5363 5878/4292/5365 6081/4296/5365 6080/4291/5364
f 5878/4292/5365 5883/4297/5366 6082/4301/5367 6081/4296/5365
f 5883/4297/5366 5888/4302/5368 6083/4306/5369 6082/4301/5367
f 5888/4302/5368 5893/4307/5370 6084/4311/5370 6083/4306/5369
f 5893/4307/5370 5898/4312/5371 6085/4316/5371 6084/4311/5370
f 5898/4312/5371 5903/4317/5372 6086/4321/5373 6085/4316/5371
f 5903/4317/5372 5908/4322/5374 6087/4326/5374 6086/4321/5373
f 5908/4322/5374 5913/4327/5375 6088/4331/5376 6087/4326/5374
f 5913/4327/5375 5918/4332/5377 6089/4336/5377 6088/4331/5376
f 5918/4332/5377 5923/4337/5378 6090/4341/5378 6089/4336/5377
f 5923/4337/5378 5928/4342/5379 6091/4346/5380 6090/4341/5378
f 5928/4342/5379 5933/4347/5381 6092/4351/5381 6091/4346/5380
f 5933/4347/5381 5938/4352/5382 6093/4356/5382 6092/4351/5381
f 5938/4352/5382 5943/4357/5383 6094/4361/5384 6093/4356/5382
f 5943/4357/5383 5948/4362/5385 6095/4366/5386 6094/4361/5384
f 5948/4362/5385 5953/4367/5387 6096/4371/5388 6095/4366/5386
f 5953/4367/5387 5958/4372/5389 6097/4376/5390 6096/4371/5388
f 5958/4372/5389 5963/4377/5391 6098/4381/5392 6097/4376/5390
f 5963/4377/5391 5968/4382/5393 6099/4386/5393 6098/4381/5392
f 5968/4382/5393 5973/4387/5394 6100/4391/5394 6099/4386/5393
f 5973/4387/5394 5978/4392/5395 6101/4396/5395 6100/4391/5394
f 5978/4392/5395 5983/4397/5396 6102/4401/5397 6101/4396/5395
f 5983/4397/5396 5988/4402/5398 6103/4406/5398 6102/4401/5397
f 5988/4402/5398 5993/4407/5399 6104/4411/5400 6103/4406/5398
f 5993/4407/5399 5998/4412/5401 6105/4416/5402 6104/4411/5400
f 5998/4412/5401 6003/4417/5403 6106/4421/5404 6105/4416/5402
f 6003/4417/5403 6008/4422/5405 6107/4426/5405 6106/4421/5404
f 6008/4422/5405 6013/4427/5406 6108/4431/5406 6107/4426/5405
f 6013/4427/5406 6018/4432/5407 6109/4436/5407 6108/4431/5406
f 6018/4432/5407 6023/4437/5408 6110/4441/5408 6109/4436/5407
f 6023/4437/5408 6028/4442/5409 6111/4446/5409 6110/4441/5408
f 6028/4442/5409 6033/4447/5410 6112/4451/5410 6111/4446/5409
f 6033/4447/5410 6038/4452/5411 6113/4456/5411 6112/4451/5410
f 6038/4452/5411 6043/4457/5412 6114/4461/5412 6113/4456/5411
f 6043/4457/5412 6048/4462/5413 6115/4466/5414 6114/4461/5412
f 6048/4462/5413 6053/4467/5415 6116/4471/5415 6115/4466/5414
f 6053/4467/5415 6058/4472/5416 6117/4476/5417 6116/4471/5415
f 6058/4472/5416 6063/4477/5418 6118/4481/5419 6117/4476/5417
f 6063/4477/5418 6068/4482/5420 6119/4486/5420 6118/4481/5419
f 6120/4232/5421 6121/4233/5422 5819/4240/5423 5814/4241/5421
f 6121/4233/5422 6122/4242/5424 5824/4246/5424 5819/4240/5423
f 6122/4242/5424 6123/4247/5425 5829/4251/5426 5824/4246/5424
f 6123/4247/5425 6124/4252/5427 5834/4256/5427 5829/4251/5426
f 6124/4252/5427 6125/4257/5428 5839/4261/5429 5834/4256/5427
f 6125/4257/5428 6126/4262/5430 5844/4266/5431 5839/4261/5429
f 6126/4262/5430 6127/4267/5432 5849/4271/5433 5844/4266/5431
f 6127/4267/5432 6128/4272/5434 5854/4276/5435 5849/4271/5433
f 6128/4272/5434 6129/4277/5436 5859/4281/5437 5854/4276/5435
f 6129/4277/5436 6130/4282/5438 5864/4286/5439 5859/4281/5437
f 6130/4282/5438 6131/4287/5440 5869/4291/5441 5864/4286/5439
f 6131/4287/5440 6132/4292/5442 5874/4296/5442 5869/4291/5441
f 6132/4292/5442 6133/4297/5443 5879/4301/5444 5874/4296/5442
f 6133/4297/5443 6134/4302/5445 5884/4306/5445 5879/4301/5444
f 6134/4302/5445 6135/4307/5446 5889/4311/5446 5884/4306/5445
f 6135/4307/5446 6136/4312/5447 5894/4316/5448 5889/4311/5446
f 6136/4312/5447 6137/4317/5449 5899/4321/5450 5894/4316/5448
f 6137/4317/5449 6138/4322/5451 5904/4326/5451 5899/4321/5450
f 6138/4322/5451 6139/4327/5452 5909/4331/5452 5904/4326/5451
f 6139/4327/5452 6140/4332/5453 5914/4336/5454 5909/4331/5452
f 6140/4332/5453 6141/4337/5455 5919/4341/5455 5914/4336/5454
f 6141/4337/5455 6142/4342/5456 5924/4346/5456 5919/4341/5455
f 6142/4342/5456 6143/4347/5457 5929/4351/5457 5924/4346/5456
f 6143/4347/5457 6144/4352/5458 5934/4356/5459 5929/4351/5457
f 6144/4352/5458 6145/4357/5460 5939/4361/5460 5934/4356/5459
f 6145/4357/5460 6146/4362/5461 5944/4366/5462 5939/4361/5460
f 6146/4362/5461 6147/4367/5463 5949/4371/5463 5944/4366/5462
f 6147/4367/5463 6148/4372/5464 5954/4376/5465 5949/4371/5463
f 6148/4372/5464 6149/4377/5466 5959/4381/5466 5954/4376/5465
f 6149/4377/5466 6150/4382/5467 5964/4386/5467 5959/4381/5466
f 6150/4382/5467 6151/4387/5468 5969/4391/5469 5964/4386/5467
f 6151/4387/5468 6152/4392/5470 5974/4396/5471 5969/4391/5469
f 6152/4392/5470 6153/4397/5472 5979/4401/5473 5974/4396/5471
f 6153/4397/5472 6154/4402/5474 5984/4406/5474 5979/4401/5473
f 6154/4402/5474 6155/4407/5475 5989/4411/5475 5984/4406/5474
f 6155/4407/5475 6156/4412/5476 5994/4416/5476 5989/4411/5475
f 6156/4412/5476 6157/4417/5477 5999/4421/5477 5994/4416/5476
f 6157/4417/5477 6158/4422/5478 6004/4426/5478 5999/4421/5477
f 6158/4422/5478 6159/4427/5479 6009/4431/5479 6004/4426/5478
f 6159/4427/5479 6160/4432/5480 6014/4436/5480 6009/4431/5479
f 6160/4432/5480 6161/4437/5481 6019/4441/5482 6014/4436/5480
f 6161/4437/5481 6162/4442/5483 6024/4446/5483 6019/4441/5482
f 6162/4442/5483 6163/4447/5484 6029/4451/5484 6024/4446/5483
f 6163/4447/5484 6164/4452/5485 6034/4456/5485 6029/4451/5484
f 6164/4452/5485 6165/4457/5486 6039/4461/5487 6034/4456/5485
f 6165/4457/5486 6166/4462/5488 6044/4466/5488 6039/4461/5487
f 6166/4462/5488 6167/4467/5489 6049/4471/5489 6044/4466/5488
f 6167/4467/5489 6168/4472/5490 6054/4476/5491 6049/4471/5489
f 6168/4472/5490 6169/4477/5492 6059/4481/5492 6054/4476/5491
f 6169/4477/5492 6170/4482/5493 6064/4486/5493 6059/4481/5492
o MXTRoadSegment.041_PreviewMesh
v -45.000000 -387.788422 0.000065
v -22.500000 -387.788422 0.000063
v 0.000000 -387.788422 0.000062
v 22.500000 -387.788422 0.000061
v 45.000000 -387.788422 0.000059
v -45.000000 -366.670746 0.000065
v -22.500000 -366.670746 0.000064
v 0.000001 -366.670746 0.000062
v 22.500000 -366.670746 0.000061
v 45.000000 -366.670746 0.000060
v -45.000000 -345.882233 0.000064
v -22.500000 -345.882233 0.000063
v 0.000001 -345.882233 0.000061
v 22.500000 -345.882233 0.000060
v 45.000000 -345.882233 0.000059
v -45.000000 -325.295532 0.000062
v -22.500000 -325.295532 0.000060
v 0.000001 -325.295532 0.000059
v 22.500000 -325.295532 0.000058
v 45.000000 -325.295532 0.000056
v -45.000000 -304.852417 0.000059
v -22.500000 -304.852417 0.000057
v 0.000001 -304.852417 0.000056
v 22.500000 -304.852417 0.000055
v 45.000000 -304.852417 0.000053
v -45.000000 -284.519257 0.000055
v -22.500000 -284.519257 0.000054
v 0.000001 -284.519257 0.000053
v 22.500000 -284.519257 0.000051
v 45.000000 -284.519257 0.000050
v -45.000000 -264.272095 0.000051
v -22.500000 -264.272095 0.000050
v 0.000001 -264.272095 0.000049
v 22.500000 -264.272095 0.000047
v 45.000000 -264.272095 0.000046
v -45.000000 -244.092072 0.000047
v -22.500000 -244.092072 0.000046
v 0.000001 -244.092072 0.000045
v 22.500000 -244.092072 0.000043
v 45.000000 -244.092072 0.000042
v -45.000000 -223.965866 0.000043
v -22.500000 -223.965866 0.000042
v 0.000001 -223.965866 0.000040
v 22.500000 -223.965866 0.000039
v 45.000000 -223.965866 0.000038
v -45.000000 -203.903763 0.000038
v -22.500000 -203.903763 0.000037
v 0.000001 -203.903763 0.000036
v 22.500000 -203.903763 0.000034
v 45.000000 -203.903763 0.000033
v -45.000000 -183.899338 0.000034
v -22.500000 -183.899338 0.000033
v 0.000001 -183.899338 0.000031
v 22.500000 -183.899338 0.000030
v 45.000000 -183.899338 0.000029
v -45.000000 -163.942993 0.000029
v -22.500000 -163.942993 0.000028
v 0.000000 -163.942993 0.000027
v 22.500000 -163.942993 0.000025
v 45.000000 -163.942993 0.000024
v -45.000000 -144.032455 0.000025
v -22.500000 -144.032455 0.000024
v 0.000000 -144.032455 0.000022
v 22.500000 -144.032455 0.000021
v 45.000000 -144.032455 0.000020
v -45.000000 -124.187180 0.000021
v -22.500000 -124.187180 0.000019
v 0.000000 -124.187180 0.000018
v 22.500000 -124.187180 0.000017
v 45.000000 -124.187180 0.000015
v -45.000000 -104.407524 0.000016
v -22.500000 -104.407524 0.000015
v 0.000000 -104.407524 0.000014
v 22.500000 -104.407524 0.000012
v 45.000000 -104.407524 0.000011
v -45.000000 -84.695755 0.000013
v -22.500000 -84.695755 0.000011
v 0.000000 -84.695755 0.000010
v 22.500000 -84.695755 0.000009
v 45.000000 -84.695755 0.000007
v -45.000000 -65.061836 0.000009
v -22.500000 -65.061836 0.000008
v 0.000000 -65.061836 0.000006
v 22.500000 -65.061836 0.000005
v 45.000000 -65.061836 0.000004
v -45.000000 -45.534626 0.000006
v -22.500000 -45.534626 0.000005
v 0.000000 -45.534626 0.000003
v 22.500000 -45.534626 0.000002
v 45.000000 -45.534626 0.000001
v -45.000000 -26.147221 0.000004
v -22.500000 -26.147221 0.000003
v 0.000000 -26.147221 0.000001
v 22.500000 -26.147221 -0.000000
v 45.000000 -26.147221 -0.000001
v -45.000000 -7.025877 0.000003
v -22.500000 -7.025877 0.000002
v 0.000000 -7.025877 0.000000
v 22.500000 -7.025877 -0.000001
v 45.000000 -7.025877 -0.000003
v -45.000000 0.000000 0.000003
v -22.500000 0.000000 0.000001
v 0.000000 0.000000 0.000000
v 22.500000 -0.000000 -0.000001
v 45.000000 -0.000000 -0.000003
v 45.000000 -387.788422 -6.749941
v 45.000000 -366.670746 -6.749940
v 45.000000 -345.882233 -6.749942
v 45.000000 -325.295532 -6.749944
v 45.000000 -304.852417 -6.749947
v 45.000000 -284.519257 -6.749950
v 45.000000 -264.272095 -6.749954
v 45.000000 -244.092072 -6.749959
v 45.000000 -223.965866 -6.749963
v 45.000000 -203.903763 -6.749967
v 45.000000 -183.899338 -6.749972
v 45.000000 -163.942993 -6.749976
v 45.000000 -144.032455 -6.749981
v 45.000000 -124.187180 -6.749985
v 45.000000 -104.407524 -6.749989
v 45.000000 -84.695755 -6.749993
v 45.000000 -65.061836 -6.749997
v 45.000000 -45.534626 -6.750000
v 45.000000 -26.147221 -6.750001
v 45.000000 -7.025877 -6.750003
v 45.000000 0.000000 -6.750003
v -45.000000 -387.788422 -6.749936
v -45.000000 -366.670746 -6.749935
v -45.000000 -345.882233 -6.749936
v -45.000000 -325.295532 -6.749938
v -45.000000 -304.852417 -6.749941
v -45.000000 -284.519257 -6.749945
v -45.000000 -264.272095 -6.749949
v -45.000000 -244.092072 -6.749953
v -45.000000 -223.965866 -6.749957
v -45.000000 -203.903763 -6.749962
v -45.000000 -183.899338 -6.749966
v -45.000000 -163.942993 -6.749971
v -45.000000 -144.032455 -6.749975
v -45.000000 -124.187180 -6.749979
v -45.000000 -104.407524 -6.749984
v -45.000000 -84.695755 -6.749988
v -45.000000 -65.061836 -6.749991
v -45.000000 -45.534626 -6.749994
v -45.000000 -26.147221 -6.749996
v -45.000000 -7.025877 -6.749998
v -45.000000 0.000001 -6.749998
vn -0.0000 -0.0000 -1.0000
vn 0.7071 -0.0000 -0.7071
vn -0.7071 -0.0000 -0.7071
vn -1.0000 -0.0000 -0.0000
vn 1.0000 -0.0000 -0.0000
vt 0.000000 0.000000
vt 0.000000 0.435698
vt 0.250000 0.435698
vt 0.250000 0.000000
vt 0.500000 0.435698
vt 0.500000 0.000000
vt 0.750000 0.435698
vt 0.750000 0.000000
vt 1.000000 0.435698
vt 1.000000 0.000000
vt 0.000000 0.864539
vt 0.250000 0.864539
vt 0.500000 0.864539
vt 0.750000 0.864539
vt 1.000000 0.864539
vt 0.000000 1.289162
vt 0.250000 1.289162
vt 0.500000 1.289162
vt 0.750000 1.289162
vt 1.000000 1.289162
vt 0.000000 1.710869
vt 0.250000 1.710869
vt 0.500000 1.710869
vt 0.750000 1.710869
vt 1.000000 1.710869
vt 0.000000 2.130391
vt 0.250000 2.130391
vt 0.500000 2.130391
vt 0.750000 2.130391
vt 1.000000 2.130391
vt 0.000000 2.548174
vt 0.250000 2.548174
vt 0.500000 2.548174
vt 0.750000 2.548174
vt 1.000000 2.548174
vt 0.000000 2.964502
vt 0.250000 2.964502
vt 0.500000 2.964502
vt 0.750000 2.964502
vt 1.000000 2.964502
vt 0.000000 3.379558
vt 0.250000 3.379558
vt 0.500000 3.379558
vt 0.750000 3.379558
vt 1.000000 3.379558
vt 0.000000 3.793452
vt 0.250000 3.793452
vt 0.500000 3.793452
vt 0.750000 3.793452
vt 1.000000 3.793452
vt 0.000000 4.206246
vt 0.250000 4.206246
vt 0.500000 4.206246
vt 0.750000 4.206246
vt 1.000000 4.206246
vt 0.000000 4.617957
vt 0.250000 4.617957
vt 0.500000 4.617957
vt 0.750000 4.617957
vt 1.000000 4.617957
vt 0.000000 5.028561
vt 0.250000 5.028561
vt 0.500000 5.028561
vt 0.750000 5.028561
vt 1.000000 5.028561
vt 0.000000 5.437996
vt 0.250000 5.437996
vt 0.500000 5.437996
vt 0.750000 5.437996
vt 1.000000 5.437996
vt 0.000000 5.846144
vt 0.250000 5.846144
vt 0.500000 5.846144
vt 0.750000 5.846144
vt 1.000000 5.846144
vt 0.000000 6.252824
vt 0.250000 6.252824
vt 0.500000 6.252824
vt 0.750000 6.252824
vt 1.000000 6.252824
vt 0.000000 6.657763
vt 0.250000 6.657763
vt 0.500000 6.657763
vt 0.750000 6.657763
vt 1.000000 6.657763
vt 0.000000 7.060545
vt 0.250000 7.060545
vt 0.500000 7.060545
vt 0.750000 7.060545
vt 1.000000 7.060545
vt 0.000000 7.460519
vt 0.250000 7.460519
vt 0.500000 7.460519
vt 0.750000 7.460519
vt 1.000000 7.460519
vt 0.000000 7.856617
vt 0.250000 7.856617
vt 0.500000 7.856617
vt 0.750000 7.856617
vt 1.000000 7.856617
vt 0.000000 8.000000
vt 0.250000 8.000000
vt 0.500000 8.000000
vt 0.750000 8.000000
vt 1.000000 8.000000
s 1
usemtl track_surface
f 6171/4487/5494 6176/4488/5494 6177/4489/5494 6172/4490/5494
f 6172/4490/5494 6177/4489/5494 6178/4491/5494 6173/4492/5494
f 6173/4492/5494 6178/4491/5494 6179/4493/5494 6174/4494/5494
f 6174/4494/5494 6179/4493/5494 6180/4495/5494 6175/4496/5494
f 6176/4488/5494 6181/4497/5494 6182/4498/5494 6177/4489/5494
f 6177/4489/5494 6182/4498/5494 6183/4499/5494 6178/4491/5494
f 6178/4491/5494 6183/4499/5494 6184/4500/5494 6179/4493/5494
f 6179/4493/5494 6184/4500/5494 6185/4501/5494 6180/4495/5494
f 6181/4497/5494 6186/4502/5494 6187/4503/5494 6182/4498/5494
f 6182/4498/5494 6187/4503/5494 6188/4504/5494 6183/4499/5494
f 6183/4499/5494 6188/4504/5494 6189/4505/5494 6184/4500/5494
f 6184/4500/5494 6189/4505/5494 6190/4506/5494 6185/4501/5494
f 6186/4502/5494 6191/4507/5494 6192/4508/5494 6187/4503/5494
f 6187/4503/5494 6192/4508/5494 6193/4509/5494 6188/4504/5494
f 6188/4504/5494 6193/4509/5494 6194/4510/5494 6189/4505/5494
f 6189/4505/5494 6194/4510/5494 6195/4511/5494 6190/4506/5494
f 6191/4507/5494 6196/4512/5494 6197/4513/5494 6192/4508/5494
f 6192/4508/5494 6197/4513/5494 6198/4514/5494 6193/4509/5494
f 6193/4509/5494 6198/4514/5494 6199/4515/5494 6194/4510/5494
f 6194/4510/5494 6199/4515/5494 6200/4516/5494 6195/4511/5494
f 6196/4512/5494 6201/4517/5494 6202/4518/5494 6197/4513/5494
f 6197/4513/5494 6202/4518/5494 6203/4519/5494 6198/4514/5494
f 6198/4514/5494 6203/4519/5494 6204/4520/5494 6199/4515/5494
f 6199/4515/5494 6204/4520/5494 6205/4521/5494 6200/4516/5494
f 6201/4517/5494 6206/4522/5494 6207/4523/5494 6202/4518/5494
f 6202/4518/5494 6207/4523/5494 6208/4524/5494 6203/4519/5494
f 6203/4519/5494 6208/4524/5494 6209/4525/5494 6204/4520/5494
f 6204/4520/5494 6209/4525/5494 6210/4526/5494 6205/4521/5494
f 6206/4522/5494 6211/4527/5494 6212/4528/5494 6207/4523/5494
f 6207/4523/5494 6212/4528/5494 6213/4529/5494 6208/4524/5494
f 6208/4524/5494 6213/4529/5494 6214/4530/5494 6209/4525/5494
f 6209/4525/5494 6214/4530/5494 6215/4531/5494 6210/4526/5494
f 6211/4527/5494 6216/4532/5494 6217/4533/5494 6212/4528/5494
f 6212/4528/5494 6217/4533/5494 6218/4534/5494 6213/4529/5494
f 6213/4529/5494 6218/4534/5494 6219/4535/5494 6214/4530/5494
f 6214/4530/5494 6219/4535/5494 6220/4536/5494 6215/4531/5494
f 6216/4532/5494 6221/4537/5494 6222/4538/5494 6217/4533/5494
f 6217/4533/5494 6222/4538/5494 6223/4539/5494 6218/4534/5494
f 6218/4534/5494 6223/4539/5494 6224/4540/5494 6219/4535/5494
f 6219/4535/5494 6224/4540/5494 6225/4541/5494 6220/4536/5494
f 6221/4537/5494 6226/4542/5494 6227/4543/5494 6222/4538/5494
f 6222/4538/5494 6227/4543/5494 6228/4544/5494 6223/4539/5494
f 6223/4539/5494 6228/4544/5494 6229/4545/5494 6224/4540/5494
f 6224/4540/5494 6229/4545/5494 6230/4546/5494 6225/4541/5494
f 6226/4542/5494 6231/4547/5494 6232/4548/5494 6227/4543/5494
f 6227/4543/5494 6232/4548/5494 6233/4549/5494 6228/4544/5494
f 6228/4544/5494 6233/4549/5494 6234/4550/5494 6229/4545/5494
f 6229/4545/5494 6234/4550/5494 6235/4551/5494 6230/4546/5494
f 6231/4547/5494 6236/4552/5494 6237/4553/5494 6232/4548/5494
f 6232/4548/5494 6237/4553/5494 6238/4554/5494 6233/4549/5494
f 6233/4549/5494 6238/4554/5494 6239/4555/5494 6234/4550/5494
f 6234/4550/5494 6239/4555/5494 6240/4556/5494 6235/4551/5494
f 6236/4552/5494 6241/4557/5494 6242/4558/5494 6237/4553/5494
f 6237/4553/5494 6242/4558/5494 6243/4559/5494 6238/4554/5494
f 6238/4554/5494 6243/4559/5494 6244/4560/5494 6239/4555/5494
f 6239/4555/5494 6244/4560/5494 6245/4561/5494 6240/4556/5494
f 6241/4557/5494 6246/4562/5494 6247/4563/5494 6242/4558/5494
f 6242/4558/5494 6247/4563/5494 6248/4564/5494 6243/4559/5494
f 6243/4559/5494 6248/4564/5494 6249/4565/5494 6244/4560/5494
f 6244/4560/5494 6249/4565/5494 6250/4566/5494 6245/4561/5494
f 6246/4562/5494 6251/4567/5494 6252/4568/5494 6247/4563/5494
f 6247/4563/5494 6252/4568/5494 6253/4569/5494 6248/4564/5494
f 6248/4564/5494 6253/4569/5494 6254/4570/5494 6249/4565/5494
f 6249/4565/5494 6254/4570/5494 6255/4571/5494 6250/4566/5494
f 6251/4567/5494 6256/4572/5494 6257/4573/5494 6252/4568/5494
f 6252/4568/5494 6257/4573/5494 6258/4574/5494 6253/4569/5494
f 6253/4569/5494 6258/4574/5494 6259/4575/5494 6254/4570/5494
f 6254/4570/5494 6259/4575/5494 6260/4576/5494 6255/4571/5494
f 6256/4572/5494 6261/4577/5494 6262/4578/5494 6257/4573/5494
f 6257/4573/5494 6262/4578/5494 6263/4579/5494 6258/4574/5494
f 6258/4574/5494 6263/4579/5494 6264/4580/5494 6259/4575/5494
f 6259/4575/5494 6264/4580/5494 6265/4581/5494 6260/4576/5494
f 6261/4577/5494 6266/4582/5494 6267/4583/5494 6262/4578/5494
f 6262/4578/5494 6267/4583/5494 6268/4584/5494 6263/4579/5494
f 6263/4579/5494 6268/4584/5494 6269/4585/5494 6264/4580/5494
f 6264/4580/5494 6269/4585/5494 6270/4586/5494 6265/4581/5494
f 6266/4582/5494 6271/4587/5495 6272/4588/5494 6267/4583/5494
f 6267/4583/5494 6272/4588/5494 6273/4589/5494 6268/4584/5494
f 6268/4584/5494 6273/4589/5494 6274/4590/5494 6269/4585/5494
f 6269/4585/5494 6274/4590/5494 6275/4591/5496 6270/4586/5494
usemtl track_rail
f 6175/4487/5497 6180/4488/5497 6277/4495/5497 6276/4496/5497
f 6180/4488/5497 6185/4497/5497 6278/4501/5497 6277/4495/5497
f 6185/4497/5497 6190/4502/5497 6279/4506/5497 6278/4501/5497
f 6190/4502/5497 6195/4507/5497 6280/4511/5497 6279/4506/5497
f 6195/4507/5497 6200/4512/5497 6281/4516/5497 6280/4511/5497
f 6200/4512/5497 6205/4517/5497 6282/4521/5497 6281/4516/5497
f 6205/4517/5497 6210/4522/5497 6283/4526/5497 6282/4521/5497
f 6210/4522/5497 6215/4527/5497 6284/4531/5497 6283/4526/5497
f 6215/4527/5497 6220/4532/5497 6285/4536/5497 6284/4531/5497
f 6220/4532/5497 6225/4537/5497 6286/4541/5497 6285/4536/5497
f 6225/4537/5497 6230/4542/5497 6287/4546/5497 6286/4541/5497
f 6230/4542/5497 6235/4547/5497 6288/4551/5497 6287/4546/5497
f 6235/4547/5497 6240/4552/5497 6289/4556/5497 6288/4551/5497
f 6240/4552/5497 6245/4557/5497 6290/4561/5497 6289/4556/5497
f 6245/4557/5497 6250/4562/5497 6291/4566/5497 6290/4561/5497
f 6250/4562/5497 6255/4567/5497 6292/4571/5497 6291/4566/5497
f 6255/4567/5497 6260/4572/5497 6293/4576/5497 6292/4571/5497
f 6260/4572/5497 6265/4577/5497 6294/4581/5497 6293/4576/5497
f 6265/4577/5497 6270/4582/5497 6295/4586/5497 6294/4581/5497
f 6270/4582/5497 6275/4587/5497 6296/4591/5497 6295/4586/5497
f 6297/4487/5498 6298/4488/5498 6176/4495/5498 6171/4496/5498
f 6298/4488/5498 6299/4497/5498 6181/4501/5498 6176/4495/5498
f 6299/4497/5498 6300/4502/5498 6186/4506/5498 6181/4501/5498
f 6300/4502/5498 6301/4507/5498 6191/4511/5498 6186/4506/5498
f 6301/4507/5498 6302/4512/5498 6196/4516/5498 6191/4511/5498
f 6302/4512/5498 6303/4517/5498 6201/4521/5498 6196/4516/5498
f 6303/4517/5498 6304/4522/5498 6206/4526/5498 6201/4521/5498
f 6304/4522/5498 6305/4527/5498 6211/4531/5498 6206/4526/5498
f 6305/4527/5498 6306/4532/5498 6216/4536/5498 6211/4531/5498
f 6306/4532/5498 6307/4537/5498 6221/4541/5498 6216/4536/5498
f 6307/4537/5498 6308/4542/5498 6226/4546/5498 6221/4541/5498
f 6308/4542/5498 6309/4547/5498 6231/4551/5498 6226/4546/5498
f 6309/4547/5498 6310/4552/5498 6236/4556/5498 6231/4551/5498
f 6310/4552/5498 6311/4557/5498 6241/4561/5498 6236/4556/5498
f 6311/4557/5498 6312/4562/5498 6246/4566/5498 6241/4561/5498
f 6312/4562/5498 6313/4567/5498 6251/4571/5498 6246/4566/5498
f 6313/4567/5498 6314/4572/5498 6256/4576/5498 6251/4571/5498
f 6314/4572/5498 6315/4577/5498 6261/4581/5498 6256/4576/5498
f 6315/4577/5498 6316/4582/5498 6266/4586/5498 6261/4581/5498
f 6316/4582/5498 6317/4587/5498 6271/4591/5498 6266/4586/5498
o MXTRoadSegment.042_PreviewMesh
v -249.999954 698.038452 30.000011
v -249.999954 704.533691 26.250010
v -249.999969 711.028870 22.500008
v -249.999969 717.524048 18.750008
v -249.999969 724.019226 15.000006
v -249.999969 730.514404 11.250004
v -249.999969 737.009644 7.500003
v -249.999969 743.504822 3.750001
v -249.999969 750.000000 0.000000
v -249.999969 756.495178 -3.750001
v -249.999969 762.990356 -7.500003
v -249.999969 769.485596 -11.250004
v -249.999969 775.980774 -15.000006
v -249.999969 782.475952 -18.750008
v -249.999969 788.971130 -22.500008
v -249.999985 795.466309 -26.250010
v -249.999985 801.961548 -30.000011
v -274.619171 698.669128 30.550484
v -274.185516 705.197754 26.762564
v -273.751770 711.727173 22.975912
v -273.318024 718.256714 19.189533
v -272.884338 724.785828 15.402431
v -272.450745 731.313965 11.613606
v -272.017303 737.840576 7.822063
v -271.584137 744.364990 4.026803
v -271.151276 750.886658 0.226831
v -270.718933 757.403809 -3.580929
v -270.287140 763.915955 -7.397463
v -269.855774 770.424194 -11.220635
v -269.424744 776.929810 -15.048314
v -268.993835 783.434082 -18.878363
v -268.562958 789.938232 -22.708651
v -268.131927 796.443481 -26.537041
v -267.700684 802.951050 -30.361403
v -297.736267 700.126160 31.886217
v -297.019867 706.748718 28.007523
v -296.302948 713.373779 24.133171
v -295.585968 719.999451 20.259752
v -294.869232 726.623657 16.383856
v -294.153137 733.244385 12.502072
v -293.438019 739.859680 8.610991
v -292.724274 746.467590 4.707199
v -292.012268 753.066040 0.787288
v -291.303101 759.648926 -3.159255
v -290.597137 766.214294 -7.135801
v -289.893616 772.766418 -11.135055
v -289.191742 779.309509 -15.149717
v -288.490723 785.847839 -19.172489
v -287.789795 792.385742 -23.196074
v -287.088165 798.927429 -27.213173
v -286.385071 805.477112 -31.216488
v -319.904022 702.036316 33.696316
v -318.990387 708.796997 29.694492
v -318.075623 715.562744 25.701139
v -317.160614 722.329529 21.709606
v -316.246277 729.093506 17.713240
v -315.333466 735.850586 13.705393
v -314.423096 742.596924 9.679411
v -313.516083 749.328613 5.628644
v -312.613281 756.041565 1.546441
v -311.717499 762.723694 -2.587700
v -310.829590 769.371094 -6.780355
v -309.947662 775.992249 -11.017292
v -309.069794 782.595520 -15.284279
v -308.194031 789.189392 -19.567083
v -307.318512 795.782349 -23.851471
v -306.441254 802.382812 -28.123211
v -305.560394 808.999268 -32.368069
v -341.438965 704.214722 35.805283
v -340.381409 711.142761 31.658810
v -339.321838 718.078857 27.525539
v -338.261780 725.016663 23.395105
v -337.202911 731.949890 19.257141
v -336.146820 738.872253 15.101282
v -335.095032 745.777527 10.917159
v -334.049225 752.659424 6.694407
v -333.010956 759.511597 2.422660
v -331.985138 766.314758 -1.930034
v -330.973358 773.062683 -6.373926
v -329.972229 779.768799 -10.886834
v -328.978271 786.446533 -15.446576
v -327.988129 793.109314 -20.030970
v -326.998383 799.770630 -24.617832
v -326.005585 806.443848 -29.184982
v -325.006317 813.142517 -33.710236
v -362.525421 706.558289 38.106560
v -361.360687 713.672058 33.800316
v -360.192932 720.797119 29.512327
v -359.024506 727.924561 25.228262
v -357.857819 735.045654 20.933784
v -356.695282 742.151306 16.614561
v -355.539276 749.232788 12.256260
v -354.392212 756.281128 7.844548
v -353.256470 763.287476 3.365091
v -352.139465 770.224426 -1.226288
v -351.043518 777.083191 -5.943765
v -349.963562 783.882812 -10.756668
v -348.894440 790.642273 -15.634326
v -347.830994 797.380554 -20.546070
v -346.768127 804.116760 -25.461227
v -345.700714 810.869873 -30.349129
v -344.623627 817.658875 -35.179100
v -383.277863 709.005310 40.532986
v -382.033752 716.315430 36.055851
v -380.785492 723.640442 31.602161
v -379.536346 730.968689 27.153503
v -378.289581 738.288391 22.691479
v -377.048401 745.587891 18.197678
v -375.816071 752.855469 13.653698
v -374.595856 760.079468 9.041134
v -373.390961 767.248169 4.341580
v -372.211426 774.325439 -0.501691
v -371.060425 781.299805 -5.506882
v -369.931061 788.196228 -10.634607
v -368.816345 795.039795 -15.845486
v -367.709381 801.855469 -21.100130
v -366.603149 808.668457 -26.359159
v -365.490753 815.503601 -31.583189
v -364.365265 822.386108 -36.732834
v -403.774628 711.515747 43.037670
v -402.473145 719.027466 38.381397
v -401.166412 726.557861 33.753757
v -399.858612 734.092224 29.132269
v -398.553741 741.616028 24.494448
v -397.255981 749.114441 19.817816
v -395.969360 756.572815 15.079892
v -394.698029 763.976501 10.258194
v -393.446045 771.310852 5.330241
v -392.226074 778.530579 0.226741
v -391.042114 785.621216 -5.074539
v -389.885468 792.614075 -10.525492
v -388.747314 799.540649 -16.078012
v -387.618927 806.432373 -21.683994
v -386.491486 813.320557 -27.295330
v -385.356293 820.236633 -32.863914
v -384.204498 827.212036 -38.341640
v -424.078400 714.047974 45.566921
v -422.737061 721.761353 40.726986
v -421.389435 729.497314 35.920792
v -420.040497 737.238159 31.121843
v -418.695099 744.966064 26.303652
v -417.358215 752.663330 21.439724
v -416.034729 760.312134 16.503567
v -414.729553 767.894775 11.468690
v -413.447662 775.393433 6.308599
v -412.204163 782.753418 0.941639
v -411.003937 789.957092 -4.658390
v -409.836487 797.042480 -10.434796
v -408.691223 804.047607 -16.330893
v -407.557678 811.010559 -22.289989
v -406.425293 817.969238 -28.255396
v -405.283569 824.961670 -34.170422
v -404.121948 832.025940 -39.978382
v -444.223358 716.584717 48.099190
v -442.857727 724.497314 43.072514
v -441.484863 732.436584 38.084541
v -440.110443 740.381592 33.104881
v -438.740143 748.311401 28.103149
v -437.379669 756.205017 23.048954
v -436.034668 764.041626 17.911907
v -434.710846 771.800232 12.661620
v -433.413879 779.459961 7.267705
v -432.161285 786.956238 1.636499
v -430.958679 794.268433 -4.262052
v -429.793915 801.441284 -10.362920
v -428.654816 808.519531 -16.601080
v -427.529236 815.548096 -22.911505
v -426.404999 822.571594 -29.229168
v -425.269958 829.634949 -35.489040
v -424.111969 836.782837 -41.626102
v -464.241547 719.107849 50.609276
v -462.865051 727.215027 45.394657
v -461.480469 735.352905 40.223511
v -460.094116 743.497375 35.061703
v -458.712433 751.624390 29.875097
v -457.341705 759.709656 24.629564
v -455.988342 767.729187 19.290970
v -454.658722 775.658752 13.825178
v -453.359192 783.474243 8.198055
v -452.109375 791.101257 2.304394
v -450.915588 798.515991 -3.889561
v -449.764191 805.770020 -10.310772
v -448.641571 812.915039 -16.886194
v -447.534088 820.002625 -23.542789
v -446.428101 827.084534 -30.207516
v -445.310028 834.212280 -36.807331
v -444.166229 841.437561 -43.269192
v -484.159821 721.592651 53.063259
v -482.784149 729.887268 47.662193
v -481.399567 738.216675 42.309151
v -480.013123 746.553589 36.966427
v -478.631714 754.870667 31.596310
v -477.262329 763.140503 26.161100
v -475.911896 771.335754 20.623093
v -474.587433 779.429138 14.944580
v -473.295837 787.393188 9.087860
v -472.058594 795.143677 2.936718
v -470.882599 802.653625 -3.546135
v -469.752930 809.981384 -10.280018
v -468.654694 817.185669 -17.184246
v -467.572998 824.324829 -24.178137
v -466.492981 831.457520 -31.181009
v -465.399719 838.642273 -38.112179
v -464.278351 845.937500 -44.890968
v -503.992157 724.038452 55.458965
v -502.628082 732.512939 49.873180
v -501.254486 741.026367 44.339718
v -499.878876 749.548157 38.817493
v -498.508667 758.047791 33.265427
v -497.151306 766.494629 27.642435
v -495.814270 774.858215 21.907438
v -494.504944 783.107971 16.019350
v -493.230835 791.213318 9.937093
v -492.014862 799.080139 3.534039
v -490.864410 806.678223 -3.230437
v -489.763519 814.072937 -10.268428
v -488.696259 821.329590 -17.492023
v -487.646698 828.513611 -24.813314
v -486.598938 835.690369 -32.144390
v -485.537018 842.925232 -39.397343
v -484.444977 850.283569 -46.484261
v -523.759766 726.418152 57.759026
v -522.416443 735.063110 51.993382
v -521.063171 743.750916 46.284100
v -519.707764 752.447937 40.586926
v -518.357971 761.120544 34.857601
v -517.021729 769.734924 29.051876
v -515.706848 778.257446 23.125488
v -514.421082 786.654419 17.034182
v -513.172241 794.892090 10.733702
v -511.984497 802.866638 4.087638
v -510.865540 810.544800 -2.947776
v -509.798676 817.998596 -10.277839
v -508.767120 825.300110 -17.807848
v -507.754150 832.521545 -25.443102
v -506.743073 839.734924 -33.088898
v -505.717102 847.012390 -40.650528
v -504.659546 854.426086 -48.033302
v -543.469543 728.736816 59.968880
v -542.155701 737.542847 54.027916
v -540.831604 746.395691 48.147087
v -539.505249 755.258667 42.279179
v -538.184753 764.094849 36.376972
v -536.878235 772.867554 30.393246
v -535.593750 781.540039 24.280785
v -534.339355 790.075500 17.992367
v -533.123108 798.437134 11.480778
v -531.969910 806.511658 4.600479
v -530.887817 814.262634 -2.695226
v -529.859436 821.768799 -10.305299
v -528.867554 829.108826 -18.128698
v -527.894897 836.361389 -26.064384
v -526.924194 843.605225 -34.011318
v -525.938049 850.919006 -41.868458
v -524.919312 858.381348 -49.534763
v -563.137512 730.969238 62.054447
v -561.860535 739.925659 55.945671
v -560.573120 748.932739 49.900532
v -559.283447 757.950623 43.869061
v -557.999756 766.939636 37.801296
v -556.730225 775.860107 31.647268
v -555.483032 784.672119 25.357012
v -554.266541 793.336060 18.880564
v -553.088806 801.812134 12.167956
v -551.975220 809.977844 5.065183
v -550.933899 817.793823 -2.477168
v -549.947266 825.345215 -10.352180
v -548.997681 832.717041 -18.452934
v -548.067688 839.994324 -26.672506
v -547.139648 847.262146 -34.903984
v -546.195984 854.605530 -43.040440
v -545.219116 862.109619 -50.974960
v -582.767273 733.122375 64.024109
v -581.534180 742.218933 57.754486
v -580.290588 751.369812 51.551720
v -579.044739 760.532349 45.363319
v -577.804932 769.663940 39.136780
v -576.579224 778.721985 32.819618
v -575.376038 787.663879 26.359329
v -574.203491 796.446960 19.703424
v -573.069824 805.028748 12.799404
v -572.000427 813.277832 5.485469
v -571.003418 821.152161 -2.290295
v -570.061218 828.742798 -10.415560
v -569.156189 836.140991 -18.777992
v -568.270691 843.437866 -27.265259
v -567.387207 850.724609 -35.765030
v -566.488037 858.092346 -44.164974
v -565.555603 865.632263 -52.352757
v -602.370667 735.172363 65.846283
v -601.187317 744.397888 59.425579
v -599.993591 753.681091 53.074680
v -598.797729 762.976746 46.738777
v -597.607666 772.239441 40.363056
v -596.431702 781.423950 33.892715
v -595.277893 790.484924 27.272942
v -594.154358 799.377014 20.448923
v -593.069275 808.054932 13.365854
v -592.047668 816.379028 5.854799
v -591.097534 824.304504 -2.138447
v -590.201538 831.928345 -10.496600
v -589.342285 839.347412 -19.102375
v -588.502380 846.658752 -27.838490
v -587.664368 853.959290 -36.587662
v -586.810913 861.346008 -45.232601
v -585.924622 868.915833 -53.656033
v -621.949402 737.128540 67.532745
v -620.821350 746.472412 60.969902
v -619.683289 755.877258 54.479530
v -618.542969 765.295166 48.004730
v -617.408508 774.678284 41.488590
v -616.287598 783.978821 34.874207
v -615.188354 793.148865 28.104670
v -614.118591 802.140564 21.123075
v -613.086182 810.906067 13.872515
v -612.115601 819.297852 6.177588
v -611.214661 827.268555 -2.017981
v -610.366394 834.920654 -10.592424
v -609.553833 842.356506 -19.423967
v -608.760132 849.678528 -28.390835
v -607.968323 856.989197 -37.371262
v -607.161499 864.390808 -46.243465
v -606.322632 871.985901 -54.885681
v -641.512207 738.967407 69.053146
v -640.444153 748.418152 62.359814
v -639.366455 757.932922 55.741356
v -638.286682 767.461365 49.138985
v -637.212463 776.953369 42.493904
v -636.151306 786.358704 35.747322
v -635.110840 795.627014 28.840443
v -634.098633 804.708252 21.714472
v -633.122375 813.552063 14.310616
v -632.205383 822.003723 6.447657
v -631.355164 830.013489 -1.932548
v -630.555481 837.688904 -10.704190
v -629.790161 845.137451 -19.741457
v -629.042847 852.466553 -28.918539
v -628.297363 859.783630 -38.109627
v -627.537415 867.196289 -47.188908
v -626.746765 874.811890 -56.030571
v -661.060059 740.699890 70.421577
v -660.056335 750.246887 63.608364
v -659.043457 759.860657 56.872162
v -658.028625 769.488708 50.152508
v -657.019043 779.078735 43.388924
v -656.021790 788.578308 36.520943
v -655.044067 797.935059 29.488096
v -654.093079 807.096558 22.229912
v -653.175964 816.010437 14.685920
v -652.314819 824.515198 6.669735
v -651.516724 832.559021 -1.878442
v -650.766357 840.254089 -10.829216
v -650.048340 847.712402 -20.053190
v -649.347412 855.046143 -29.420965
v -648.648193 862.367371 -38.803143
v -647.935303 869.788269 -48.070328
v -647.193481 877.420898 -57.093121
v -680.598328 742.305359 71.612053
v -679.662598 751.937317 64.691917
v -678.718323 761.638550 57.850662
v -677.772278 771.354614 51.026360
v -676.830994 781.031189 44.157059
v -675.901245 790.613953 37.180817
v -674.989624 800.048584 30.035696
v -674.102783 809.280640 22.659752
v -673.247375 818.255859 14.991038
v -672.443909 826.806702 6.838636
v -671.698914 834.879456 -1.858713
v -670.998230 842.590393 -10.968463
v -670.327576 850.055786 -20.358063
v -669.672729 857.391968 -29.894966
v -669.019470 864.715210 -39.446625
v -668.353577 872.141785 -48.880489
v -667.660828 879.787964 -58.064007
v -700.128296 743.791077 72.634148
v -699.263672 753.497314 65.619347
v -698.391357 763.274963 58.685051
v -697.517395 773.067932 51.768051
v -696.647827 782.820190 44.805130
v -695.788696 792.475647 37.733086
v -694.946106 801.978210 30.488693
v -694.125977 811.271851 23.008747
v -693.334473 820.300415 15.230035
v -692.590210 828.891113 6.957721
v -691.899109 836.988525 -1.870708
v -691.248291 844.712585 -11.119987
v -690.624817 852.183289 -20.654854
v -690.015686 859.520691 -30.340042
v -689.408020 866.844666 -40.040287
v -688.788818 874.275330 -49.620323
v -688.145203 881.932617 -58.944885
v -719.652100 745.147156 73.475990
v -718.861511 754.916809 66.379921
v -718.064026 764.759705 59.365723
v -717.265076 774.618408 52.369110
v -716.470032 784.435303 45.325802
v -715.684265 794.152771 38.171516
v -714.913147 803.713318 30.841967
v -714.162048 813.059387 23.272869
v -713.436340 822.133301 15.399940
v -712.752563 830.757690 7.025046
v -712.116028 838.875671 -1.915388
v -711.515198 846.610413 -11.283806
v -710.938660 854.085022 -20.942650
v -710.374939 861.422729 -30.754362
v -709.812439 868.746765 -40.581387
v -709.239746 876.180237 -50.286167
v -708.645386 883.846375 -59.731144
v -739.172180 746.367004 74.129616
v -738.457886 756.189148 66.966454
v -737.737671 766.086182 59.886272
v -737.016174 775.999268 52.823925
v -736.298035 785.869690 45.714245
v -735.587891 795.638550 38.492069
v -734.890381 805.247070 31.092236
v -734.210144 814.636414 23.449587
v -733.551758 823.747803 15.498961
v -732.929504 832.399963 7.039517
v -732.347961 840.534729 -1.993184
v -731.797302 848.277893 -11.459712
v -731.267456 855.755371 -21.220631
v -730.748718 863.093018 -31.136503
v -730.231018 870.416626 -41.067898
v -729.704529 877.852112 -50.875378
v -729.159302 885.525269 -60.419510
v -758.687744 747.458679 74.605484
v -758.051697 757.322937 67.388588
v -757.410828 767.263306 60.255550
v -756.768921 777.220093 53.140530
v -756.129761 787.133362 45.977676
v -755.497192 796.943481 38.701149
v -754.875122 806.590454 31.245100
v -754.267334 816.014648 23.543690
v -753.677612 825.156128 15.531069
v -753.117859 833.830627 7.004292
v -752.591736 841.979004 -2.101757
v -752.091187 849.729187 -11.646183
v -751.607910 857.209229 -21.488089
v -751.133789 864.546997 -31.486574
v -750.660583 871.870605 -41.500744
v -750.180054 879.307861 -51.389702
v -749.684082 886.986816 -61.012547
v -778.291687 748.403625 74.878860
v -777.736023 758.299316 67.623985
v -777.176575 768.272156 60.453609
v -776.616272 778.261536 53.301384
v -776.058167 788.206970 46.100964
v -775.505249 798.047852 38.786007
v -774.960510 807.723755 31.290171
v -774.426941 817.174072 23.547110
v -773.907532 826.338257 15.490482
v -773.411560 835.029785 6.915801
v -772.942017 843.188843 -2.242545
v -772.492432 850.944824 -11.842591
v -772.056458 858.427368 -21.742371
v -771.627563 865.765991 -31.799919
v -771.199402 873.090149 -41.873268
v -770.765503 880.529480 -51.820457
v -770.319519 888.213379 -61.499516
v -798.309143 749.214478 74.956390
v -797.837036 759.132874 67.679520
v -797.362122 769.128967 60.487560
v -796.886658 779.141724 53.313835
v -796.412720 789.110168 46.091682
v -795.942566 798.973328 38.754436
v -795.478333 808.670288 31.235434
v -795.022156 818.139954 23.468002
v -794.576294 827.321411 15.385478
v -794.147400 836.026672 6.782381
v -793.737549 844.195496 -2.407219
v -793.342224 851.958313 -12.040667
v -792.956665 859.445679 -21.975306
v -792.576294 866.787964 -32.068481
v -792.196472 874.115723 -42.177536
v -791.812439 881.559448 -52.159813
v -791.419678 889.249695 -61.872658
v -817.469116 749.887695 74.870041
v -817.077637 759.815247 67.581581
v -816.684631 769.820740 60.378170
v -816.291260 779.842957 53.193027
v -815.898804 789.820740 45.959377
v -815.508484 799.692871 38.610447
v -815.121582 809.398193 31.079451
v -814.739380 818.875488 23.299620
v -814.363098 828.063538 15.204171
v -813.996582 836.773743 6.587287
v -813.641113 844.945618 -2.617071
v -813.293945 852.710083 -12.266014
v -812.952454 860.198120 -22.216648
v -812.613892 867.540588 -32.326080
v -812.275696 874.868469 -42.451420
v -811.935120 882.312744 -52.449768
v -811.589417 890.004333 -62.178242
v -835.759583 750.432312 74.617638
v -835.445557 760.352051 67.325539
v -835.131348 770.349731 60.118313
v -834.817200 780.364136 52.929317
v -834.503052 790.334045 45.691914
v -834.189087 800.198364 38.339458
v -833.875244 809.895874 30.805313
v -833.561707 819.365417 23.022831
v -833.248474 828.545776 14.925375
v -832.935791 837.248352 6.307538
v -832.623718 845.412720 -2.896584
v -832.312134 853.169739 -12.544390
v -832.000854 860.650330 -22.493275
v -831.689758 867.985413 -32.600636
v -831.378662 875.305969 -42.723873
v -831.067444 882.742798 -52.720379
v -830.755920 890.426941 -62.447552
v -854.701599 750.874451 74.148819
v -854.467285 760.766296 66.862305
v -854.234741 770.735718 59.660099
v -854.002563 780.721802 52.476013
v -853.769409 790.663635 45.243832
v -853.533875 800.500366 37.897362
v -853.294617 810.171082 30.370392
v -853.050232 819.614868 22.596725
v -852.799377 828.770874 14.510157
v -852.537781 837.451416 5.906635
v -852.264160 845.596252 -3.279309
v -851.981384 853.335693 -12.906015
v -851.692444 860.800049 -22.831818
v -851.400269 868.119568 -32.915054
v -851.107666 875.424622 -43.014057
v -850.817749 882.845459 -52.987167
v -850.533386 890.512390 -62.692719
v -873.852539 751.248108 73.496063
v -873.696533 761.087463 66.217094
v -873.543945 771.003662 59.021446
v -873.392151 780.936340 51.843700
v -873.238342 790.825195 44.618427
v -873.079895 800.609863 37.280205
v -872.914001 810.229980 29.763609
v -872.737976 819.625183 22.003216
v -872.549072 828.735107 13.933600
v -872.338989 837.373718 5.353110
v -872.104980 845.481323 -3.802956
v -871.852844 853.187134 -13.394601
v -871.588440 860.620178 -23.281826
v -871.317566 867.909790 -33.324631
v -871.046082 875.184937 -43.383022
v -870.779724 882.574890 -53.316998
v -870.524414 890.208801 -62.986561
v -893.116028 751.537720 72.643250
v -893.035706 761.299438 65.375275
v -892.960510 771.137085 58.189224
v -892.886353 780.990967 51.020767
v -892.809265 790.801636 43.805588
v -892.725403 800.509399 36.479370
v -892.630676 810.054749 28.977791
v -892.521118 819.377991 21.236538
v -892.392761 828.419678 13.191287
v -892.233398 836.996094 4.643797
v -892.039062 845.048279 -4.469539
v -891.818237 852.703796 -14.011091
v -891.579529 860.090088 -23.843227
v -891.331299 867.334717 -33.828316
v -891.082153 874.565125 -43.828724
v -890.840576 881.908875 -53.706821
v -890.615051 889.493408 -63.324974
v -912.391785 751.745789 71.611382
v -912.383118 761.407715 64.358047
v -912.381042 771.144226 57.184826
v -912.380310 780.896790 50.028816
v -912.375854 790.606812 42.827110
v -912.362549 800.215698 35.516808
v -912.335266 809.664917 28.035006
v -912.288757 818.895874 20.318796
v -912.218018 827.850037 12.305277
v -912.107117 836.346863 3.800565
v -911.950989 844.328369 -5.257547
v -911.760681 851.919983 -14.734457
v -911.547180 859.246948 -24.495560
v -911.321411 866.434631 -34.406250
v -911.094421 873.608398 -44.331924
v -910.877197 880.893555 -54.137978
v -910.680725 888.415405 -63.689804
v -931.684021 751.863892 70.385765
v -931.742310 761.403198 63.151604
v -931.808472 771.015564 55.995373
v -931.876404 780.643616 48.855885
v -931.939758 790.229980 41.671947
v -931.992493 799.717407 34.382366
v -932.028259 809.048584 26.925953
v -932.040955 818.166138 19.241514
v -932.024353 827.012756 11.267859
v -931.959351 835.411804 2.816381
v -931.839844 843.306580 -6.173434
v -931.679016 850.819763 -15.570648
v -931.490234 858.073975 -25.244318
v -931.286682 865.191895 -35.063503
v -931.081665 872.296143 -44.897266
v -930.888428 879.509399 -54.614662
v -930.720215 886.954285 -64.084755
v -950.990967 751.899170 68.984482
v -951.110718 761.295349 61.773781
v -951.239502 770.762695 54.638474
v -951.370239 780.245239 47.519363
v -951.495789 789.687256 40.357250
v -951.609009 799.032837 33.092934
v -951.702820 808.226257 25.667217
v -951.770020 817.211548 18.020895
v -951.803528 825.932922 10.094772
v -951.781311 834.218323 1.706380
v -951.696289 842.012451 -7.202826
v -951.563843 849.434814 -16.506168
v -951.399109 856.604980 -26.076969
v -951.217407 863.642273 -35.788548
v -951.034058 870.666321 -45.514229
v -950.864197 877.796570 -55.127335
v -950.723206 885.152466 -64.501183
v -970.316223 751.844910 67.396736
v -970.491211 761.077271 60.214645
v -970.676331 770.378601 53.105076
v -970.863647 779.694702 46.011086
v -971.045166 788.971497 38.875732
v -971.212952 798.154846 31.642071
v -971.359131 807.190613 24.253157
v -971.475769 816.024658 16.652050
v -971.554871 824.602844 8.781805
v -971.572021 832.758362 0.466910
v -971.519287 840.437622 -8.348948
v -971.413818 847.756531 -17.543922
v -971.272400 854.830872 -26.996161
v -971.112183 861.776550 -36.583809
v -970.950012 868.709229 -46.185024
v -970.802979 875.744934 -55.677952
v -970.687988 882.999329 -64.940742
v -989.656982 751.706970 65.638023
v -989.880615 760.757019 58.489605
v -990.115234 769.873535 51.410522
v -990.352112 779.004395 44.346333
v -990.582825 788.097290 37.242596
v -990.798706 797.100037 30.044870
v -990.991150 805.960510 22.698708
v -991.151611 814.626404 15.149670
v -991.271423 823.045593 7.343310
v -991.324158 831.057129 -0.888175
v -991.301392 838.609375 -9.598627
v -991.221375 845.814087 -18.671549
v -991.102539 852.782959 -27.990438
v -990.963318 859.627686 -37.438797
v -990.822021 866.459961 -46.900120
v -990.697083 873.391479 -56.257912
v -990.606873 880.534058 -65.395676
v -1009.015869 751.479980 63.701000
v -1009.281067 760.329590 56.592113
v -1009.557861 769.242920 49.549091
v -1009.837158 778.169922 42.520222
v -1010.109863 787.060608 35.453781
v -1010.366821 795.864807 28.298058
v -1010.599060 804.532532 21.001329
v -1010.797424 813.013672 13.511882
v -1010.952820 821.258240 5.777996
v -1011.037231 829.111816 -2.359734
v -1011.041748 836.525024 -10.952451
v -1010.985718 843.604858 -19.889490
v -1010.888611 850.458496 -29.060184
v -1010.769897 857.193115 -38.353863
v -1010.649048 863.915771 -47.659863
v -1010.545471 870.733643 -56.867512
v -1010.478638 877.753906 -65.866142
v -1028.389648 751.169556 61.601353
v -1028.689087 759.802673 54.537796
v -1029.000488 768.496582 47.536373
v -1029.314575 777.203552 40.548302
v -1029.621704 785.875854 33.524788
v -1029.912720 794.465820 26.417042
v -1030.177856 802.925598 19.176275
v -1030.408081 811.207642 11.753699
v -1030.593628 819.264099 4.100523
v -1030.705688 826.947937 -3.933634
v -1030.734863 834.211975 -12.397020
v -1030.701294 841.158325 -21.185238
v -1030.625122 847.889038 -30.193880
v -1030.526611 854.506348 -39.318546
v -1030.425781 861.112244 -48.454834
v -1030.342896 867.808899 -57.498341
v -1030.298096 874.698364 -66.344666
v -1047.780151 750.770386 59.333004
v -1048.106323 759.171692 52.321362
v -1048.444702 767.630493 45.367901
v -1048.785645 776.101685 38.426933
v -1049.119629 784.540100 31.452785
v -1049.437134 792.900452 24.399775
v -1049.728394 801.137695 17.222216
v -1049.984009 809.206543 9.874432
v -1050.194336 817.061890 2.310740
v -1050.329834 824.564453 -5.609658
v -1050.380859 831.669556 -13.931938
v -1050.368164 838.473938 -22.558352
v -1050.312256 845.074158 -31.391148
v -1050.233398 851.566956 -40.332577
v -1050.152344 858.049011 -49.284885
v -1050.089478 864.617004 -58.150322
v -1050.065308 871.367554 -66.831139
v -1067.182739 750.290222 56.916214
v -1067.527954 758.446838 49.962818
v -1067.885498 766.657532 43.063450
v -1068.245483 774.879883 36.175686
v -1068.598633 783.071350 29.257107
v -1068.935181 791.189514 22.265299
v -1069.245728 799.191956 15.157843
v -1069.520508 807.036255 7.892320
v -1069.750000 814.679932 0.426314
v -1069.904785 821.992126 -7.370916
v -1069.975220 828.930908 -15.541319
v -1069.981934 835.587097 -23.994129
v -1069.945435 842.051514 -32.638577
v -1069.886108 848.414978 -41.383896
v -1069.824463 854.768372 -50.139320
v -1069.781128 861.202454 -58.814079
v -1069.776489 867.808044 -67.317406
v -1086.599243 749.723267 54.344112
v -1086.956177 757.622864 47.456135
v -1087.324951 765.572876 40.617851
v -1087.696289 773.533630 33.790245
v -1088.060791 781.465759 26.934294
v -1088.409180 789.329529 20.010973
v -1088.731812 797.085571 12.981256
v -1089.019531 804.694214 5.806123
v -1089.262817 812.115967 -1.553451
v -1089.432739 819.228943 -9.217745
v -1089.519897 825.994080 -17.225349
v -1089.544556 832.495972 -25.492762
v -1089.526733 838.819153 -33.936478
v -1089.486572 845.048340 -42.472996
v -1089.444214 851.268127 -51.018806
v -1089.419678 857.563110 -59.490406
v -1089.433105 864.017822 -67.804298
v -1106.023804 749.080505 51.645081
v -1106.384888 756.713989 44.829044
v -1106.757568 764.393860 38.058250
v -1107.132568 772.083740 31.297178
v -1107.501099 779.747131 24.510298
v -1107.854004 787.347534 17.662085
v -1108.182251 794.848511 10.717008
v -1108.476807 802.213562 3.639542
v -1108.728516 809.406250 -3.605839
v -1108.909668 816.314087 -11.128640
v -1109.011108 822.901062 -18.963995
v -1109.052368 829.245239 -27.035881
v -1109.052734 835.424622 -35.268276
v -1109.031616 841.517212 -43.585155
v -1109.008301 847.601196 -51.910496
v -1109.002197 853.754456 -60.168278
v -1109.032715 860.055176 -68.282478
v -1125.458740 748.355957 48.812969
v -1125.817017 755.714539 42.076183
v -1126.186157 763.115540 35.380100
v -1126.557617 770.525635 28.692757
v -1126.922974 777.911560 21.982201
v -1127.273560 785.240051 15.216477
v -1127.600830 792.477905 8.363629
v -1127.896240 799.591797 1.391700
v -1128.151367 806.548462 -5.731265
v -1128.339844 813.245422 -13.103760
v -1128.453125 819.649841 -20.757389
v -1128.509644 825.832764 -28.623772
v -1128.527466 831.865479 -36.634525
v -1128.525146 837.819031 -44.721272
v -1128.520630 843.764709 -52.815632
v -1128.532471 849.773621 -60.849220
v -1128.578735 855.916992 -68.753662
v -1144.896973 747.564148 45.883537
v -1145.245850 754.642944 39.232296
v -1145.604858 761.759827 32.617149
v -1145.965942 768.884888 26.009758
v -1146.321289 775.988220 19.381779
v -1146.662964 783.039917 12.704871
v -1146.983276 790.010010 5.950693
v -1147.274292 796.868652 -0.909096
v -1147.527954 803.585876 -7.902838
v -1147.720215 810.069519 -15.117887
v -1147.843140 816.289917 -22.582270
v -1147.913574 822.311157 -30.235340
v -1147.948486 828.197266 -38.016453
v -1147.964600 834.012146 -45.864964
v -1147.978882 839.820007 -53.720226
v -1148.008179 845.684692 -61.521591
v -1148.069214 851.670288 -69.208420
v -1164.340210 746.704041 42.862309
v -1164.673584 753.499268 36.303131
v -1165.015991 760.328186 29.775429
v -1165.360352 767.164368 23.254490
v -1165.699585 773.981323 16.715597
v -1166.026611 780.752563 10.134037
v -1166.334229 787.451660 3.485094
v -1166.615601 794.052063 -3.255946
v -1166.863403 800.527405 -10.113798
v -1167.055908 806.796021 -17.164639
v -1167.186157 812.831787 -24.432909
v -1167.269287 818.691284 -31.865725
v -1167.320435 824.431213 -39.410198
v -1167.354736 830.108154 -47.013443
v -1167.387329 835.778809 -54.622578
v -1167.433472 841.499817 -62.184711
v -1167.508057 847.327759 -69.646965
v -1183.784058 745.787231 39.780979
v -1184.096558 752.298340 33.319439
v -1184.416870 758.838684 26.884787
v -1184.738892 765.385315 20.455908
v -1185.056519 771.915283 14.011695
v -1185.363403 778.405640 7.531034
v -1185.653442 784.833435 0.992813
v -1185.920532 791.175659 -5.624079
v -1186.158447 797.409485 -12.340755
v -1186.348145 803.464111 -19.222286
v -1186.483643 809.316772 -26.289553
v -1186.577881 815.016724 -33.497375
v -1186.644409 820.612915 -40.800579
v -1186.696167 826.154602 -48.153988
v -1186.746460 831.690796 -55.512428
v -1186.808472 837.270630 -62.830719
v -1186.895386 842.943237 -70.063683
v -1203.225464 744.827759 36.677197
v -1203.512329 751.057861 30.317604
v -1203.805786 757.312561 23.980389
v -1204.100586 763.572632 17.647982
v -1204.391724 769.818604 11.302810
v -1204.673950 776.031067 4.927302
v -1204.942017 782.190735 -1.496114
v -1205.190796 788.278076 -7.985011
v -1205.415039 794.273865 -14.556960
v -1205.598877 800.118225 -21.266123
v -1205.737305 805.792053 -28.129875
v -1205.841187 811.336792 -35.110619
v -1205.921631 816.793945 -42.170750
v -1205.989868 822.205017 -49.272667
v -1206.056763 827.611450 -56.378769
v -1206.133545 833.054749 -63.451458
v -1206.231323 838.576416 -70.453125
v -1222.666260 743.833618 33.578243
v -1222.923584 749.788391 27.324072
v -1223.186279 755.763245 21.087904
v -1223.449951 761.742493 14.855606
v -1223.710693 767.710205 8.613038
v -1223.964355 773.650635 2.346062
v -1224.206665 779.547852 -3.959460
v -1224.433594 785.386108 -10.317665
v -1224.640991 791.149536 -16.742691
v -1224.816162 796.789368 -23.278114
v -1224.954834 802.289856 -29.937916
v -1225.066040 807.684998 -36.691845
v -1225.158691 813.008606 -43.509647
v -1225.241333 818.294617 -50.361069
v -1225.323120 823.576782 -57.215858
v -1225.412720 828.889099 -64.043762
v -1225.519043 834.265381 -70.814529
v -1242.102051 742.831421 30.551033
v -1242.326904 748.522095 24.403086
v -1242.555664 754.228516 18.268970
v -1242.785156 759.938293 12.137829
v -1243.012573 765.639099 5.998796
v -1243.234619 771.318604 -0.158989
v -1243.448120 776.964478 -6.346387
v -1243.650269 782.564392 -12.574262
v -1243.837769 788.105957 -18.853474
v -1244.001221 793.551147 -25.217503
v -1244.137451 798.887817 -31.677088
v -1244.253174 804.142334 -38.208992
v -1244.354858 809.341125 -44.789967
v -1244.449341 814.510498 -51.396770
v -1244.542969 819.677002 -58.006165
v -1244.642578 824.866943 -64.594902
v -1244.754639 830.106750 -71.139740
v -1261.533569 741.846924 27.664165
v -1261.723633 747.290466 21.620489
v -1261.916260 752.745544 15.586756
v -1262.109375 758.203003 9.555159
v -1262.301025 763.653992 3.517889
v -1262.489136 769.089417 -2.532858
v -1262.671509 774.500305 -8.604891
v -1262.846069 779.877747 -14.706017
v -1263.010742 785.212646 -20.844044
v -1263.159058 790.477356 -27.043034
v -1263.289062 795.662964 -33.310711
v -1263.405029 800.788635 -39.630363
v -1263.511719 805.873779 -45.985291
v -1263.613281 810.937500 -52.358784
v -1263.714355 815.999023 -58.734135
v -1263.819458 821.077759 -65.094643
v -1263.932983 826.192749 -71.423592
v -1280.963135 740.912537 25.004583
v -1281.116455 746.132996 19.059662
v -1281.271362 751.360962 13.121180
v -1281.426636 756.590515 7.184081
v -1281.580933 761.815796 1.243309
v -1281.733154 767.030945 -4.706190
v -1281.882080 772.229980 -10.669474
v -1282.026489 777.407043 -16.651596
v -1282.165161 782.556213 -22.657614
v -1282.294312 787.659363 -28.703110
v -1282.412720 792.710632 -34.793083
v -1282.523071 797.722656 -40.916714
v -1282.627930 802.708008 -47.063187
v -1282.729858 807.679382 -53.221684
v -1282.831421 812.649292 -59.381382
v -1282.935425 817.630493 -65.531471
v -1283.044312 822.635498 -71.661125
v -1300.394775 740.078247 22.701122
v -1300.509644 745.109802 16.844067
v -1300.625244 750.145447 10.990474
v -1300.740967 755.181946 5.137626
v -1300.856323 760.216125 -0.717197
v -1300.970703 765.244751 -6.576717
v -1301.083618 770.264709 -12.443652
v -1301.194458 775.272644 -18.320723
v -1301.302856 780.265442 -24.210649
v -1301.406982 785.233215 -30.121815
v -1301.506348 790.172729 -36.056911
v -1301.602173 795.090942 -42.010113
v -1301.695557 799.994690 -47.975605
v -1301.787598 804.890747 -53.947567
v -1301.879517 809.786072 -59.920174
v -1301.972412 814.687500 -65.887611
v -1302.067627 819.601868 -71.844055
v -1319.838257 739.418518 20.944239
v -1319.910645 744.310547 15.156222
v -1319.983032 749.204041 9.369437
v -1320.055542 754.097839 3.582916
v -1320.127930 758.990784 -2.204307
v -1320.200195 763.881775 -7.993198
v -1320.271973 768.769592 -13.784723
v -1320.343384 773.653198 -19.579849
v -1320.414062 778.531311 -25.379541
v -1320.483765 783.400513 -31.186779
v -1320.552368 788.259583 -37.002518
v -1320.620117 793.111023 -42.824688
v -1320.687256 797.957214 -48.651222
v -1320.754028 802.800781 -54.480057
v -1320.820801 807.643982 -60.309120
v -1320.887817 812.489441 -66.136345
v -1320.955444 817.339478 -71.959663
v -1339.261475 739.061157 20.054819
v -1339.278931 743.887756 14.303549
v -1339.296387 748.714478 8.552346
v -1339.313843 753.541199 2.801158
v -1339.331299 758.367859 -2.950069
v -1339.348755 763.194397 -8.701387
v -1339.366089 768.020813 -14.452850
v -1339.383545 772.846924 -20.204512
v -1339.401001 777.672791 -25.956425
v -1339.418457 782.498169 -31.708754
v -1339.435791 787.322937 -37.461548
v -1339.453125 792.147339 -43.214699
v -1339.470581 796.971436 -48.968086
v -1339.487915 801.795349 -54.721603
v -1339.505249 806.619263 -60.475132
v -1339.522705 811.443298 -66.228561
v -1339.540039 816.267639 -71.981773
v -1344.823730 739.005005 19.938004
v -1344.822876 743.825928 14.192671
v -1344.822021 748.646851 8.447337
v -1344.821045 753.467712 2.702004
v -1344.820190 758.288635 -3.043329
v -1344.819336 763.109558 -8.788662
v -1344.818481 767.930481 -14.533996
v -1344.817505 772.751343 -20.279329
v -1344.816650 777.572266 -26.024662
v -1344.815796 782.393188 -31.769995
v -1344.814819 787.214050 -37.515327
v -1344.813965 792.034973 -43.260662
v -1344.813110 796.855896 -49.005997
v -1344.812256 801.676819 -54.751328
v -1344.811279 806.497681 -60.496662
v -1344.810425 811.318604 -66.241997
v -1344.809570 816.139526 -71.987328
v -249.997650 798.586487 -35.845680
v -268.081848 799.574768 -36.193874
v -287.006073 802.085815 -37.019566
v -306.337555 805.576477 -38.133766
v -325.887512 809.675171 -39.434185
v -345.573669 814.137390 -40.858788
v -365.358887 818.803650 -42.366791
v -385.222809 823.564270 -43.929066
v -405.150726 828.310608 -45.519203
v -425.139374 832.998962 -47.120552
v -445.182648 837.585083 -48.717842
v -465.275848 842.017639 -50.294876
v -485.416504 846.297791 -51.844501
v -505.599304 850.376892 -53.351505
v -525.822021 854.271240 -54.812481
v -546.080261 857.941772 -56.214245
v -566.371216 861.409912 -57.555550
v -586.691162 864.642761 -58.824757
v -607.037048 867.665710 -60.022583
v -627.406372 870.448608 -61.138371
v -647.795776 873.018494 -62.174328
v -668.203796 875.350769 -63.121548
v -688.627075 877.464661 -63.981529
v -709.064636 879.352051 -64.749863
v -729.514771 881.008911 -65.423409
v -749.974548 882.452759 -66.004555
v -770.544922 883.666382 -66.483139
v -791.581909 884.695129 -66.851860
v -811.682800 885.444458 -67.154266
v -830.761169 885.862000 -67.419838
v -850.430481 885.943420 -67.660255
v -870.318359 885.633972 -67.945480
v -890.309387 884.910889 -68.271629
v -910.277832 883.823853 -68.621147
v -930.222595 882.352295 -68.997643
v -950.133728 880.538635 -69.392792
v -970.009583 878.372253 -69.808235
v -989.843079 875.892334 -70.236496
v -1009.633057 873.096008 -70.677788
v -1029.375000 870.023010 -71.124962
v -1049.069336 866.673096 -71.577980
v -1068.712646 863.093079 -72.029106
v -1088.307373 859.280762 -72.479256
v -1107.851807 855.294495 -72.919662
v -1127.350098 851.130920 -73.352165
v -1146.802124 846.857117 -73.768051
v -1166.212891 842.485657 -74.167877
v -1185.584961 838.070068 -74.546738
v -1204.921265 833.670166 -74.900063
v -1224.228638 829.323669 -75.227783
v -1243.509033 825.127136 -75.523125
v -1262.765503 821.172668 -75.782295
v -1281.999390 817.572937 -76.001747
v -1301.207764 814.496216 -76.174774
v -1320.374023 812.194153 -76.289787
v -1339.388916 811.097961 -76.319313
v -1344.807373 810.968689 -76.326141
v -249.997635 694.663452 24.154341
v -275.000336 695.292786 24.718012
v -298.357269 696.734802 26.083138
v -320.681152 698.613586 27.930618
v -342.320160 700.747375 30.081331
v -363.475464 703.036804 32.426872
v -384.271484 705.422913 34.899029
v -404.792938 707.867981 37.450249
v -425.107178 710.332703 40.026100
v -445.250793 712.800781 42.604740
v -465.257965 715.255371 45.160625
v -485.157318 717.672791 47.659351
v -504.963684 720.052673 50.098724
v -524.699524 722.368958 52.440819
v -544.372192 724.626648 54.691162
v -563.998718 726.801453 56.815163
v -583.582886 728.900024 58.821316
v -603.137207 730.899292 60.677559
v -622.663757 732.808289 62.395847
v -642.171753 734.604187 63.945347
v -661.662354 736.297485 65.340370
v -681.141357 737.868164 66.554520
v -700.610168 739.323120 67.597504
v -720.071350 740.652832 68.457268
v -739.527649 741.850708 69.125717
v -758.978210 742.924622 69.613472
v -778.517090 743.856628 69.895241
v -798.471375 744.659973 69.977188
v -817.562439 745.327759 69.894005
v -835.764832 745.867371 69.645355
v -854.598694 746.305481 69.181282
v -873.646545 746.673279 68.537148
v -892.810364 746.955139 67.696594
v -911.988892 747.154236 66.680038
v -931.186340 747.261902 65.472878
v -950.401489 747.285400 64.092873
v -969.637817 747.217834 62.529247
v -988.893188 747.065247 60.797203
v -1008.170288 746.822144 58.889355
v -1027.466553 746.494141 56.821060
v -1046.784058 746.075928 54.586166
v -1066.118896 745.575256 52.204514
v -1085.473511 744.986206 49.669155
v -1104.842896 744.319824 47.007893
v -1124.230103 743.569824 44.214462
v -1143.629761 742.751038 41.323902
v -1163.045044 741.861938 38.341393
v -1182.473511 740.914124 35.297932
v -1201.915405 739.921570 32.230263
v -1221.375977 738.891907 29.164986
v -1240.856445 737.851746 26.167646
v -1260.366089 736.826843 23.305468
v -1279.918213 735.849976 20.663956
v -1299.534912 734.972595 18.370399
v -1319.256836 734.273193 16.614115
v -1339.110352 733.891479 15.717279
v -1344.821533 733.834229 15.599189
vn 0.0045 -0.5000 -0.8660
vn -0.0597 -0.4981 -0.8651
vn -0.0594 -0.4979 -0.8652
vn -0.0593 -0.4978 -0.8653
vn -0.0592 -0.4978 -0.8652
vn -0.0590 -0.4980 -0.8652
vn -0.0586 -0.4983 -0.8650
vn -0.0580 -0.4988 -0.8648
vn -0.0570 -0.4995 -0.8645
vn -0.0555 -0.5003 -0.8641
vn 0.0044 -0.5000 -0.8660
vn -0.0532 -0.5017 -0.8634
vn -0.0499 -0.5030 -0.8628
vn -0.0458 -0.5040 -0.8625
vn -0.0410 -0.5049 -0.8622
vn -0.0358 -0.5054 -0.8621
vn -0.0304 -0.5057 -0.8622
vn -0.0249 -0.5056 -0.8624
vn -0.0194 -0.5028 -0.8642
vn -0.0982 -0.4955 -0.8631
vn -0.0975 -0.4948 -0.8635
vn -0.0972 -0.4944 -0.8638
vn -0.0969 -0.4946 -0.8637
vn -0.0966 -0.4952 -0.8634
vn -0.0959 -0.4963 -0.8629
vn -0.0949 -0.4978 -0.8621
vn -0.0933 -0.4999 -0.8610
vn -0.0910 -0.5026 -0.8597
vn -0.0877 -0.5073 -0.8573
vn -0.0828 -0.5114 -0.8553
vn -0.0766 -0.5146 -0.8540
vn -0.0694 -0.5170 -0.8532
vn -0.0616 -0.5185 -0.8529
vn -0.0534 -0.5190 -0.8531
vn -0.0451 -0.5185 -0.8539
vn -0.0356 -0.5088 -0.8602
vn -0.1241 -0.4939 -0.8606
vn -0.1230 -0.4925 -0.8616
vn -0.1224 -0.4919 -0.8620
vn -0.1218 -0.4922 -0.8619
vn -0.1211 -0.4934 -0.8613
vn -0.1202 -0.4955 -0.8603
vn -0.1188 -0.4985 -0.8587
vn -0.1171 -0.5023 -0.8567
vn -0.1144 -0.5072 -0.8542
vn -0.1108 -0.5161 -0.8493
vn -0.1053 -0.5235 -0.8455
vn -0.0980 -0.5294 -0.8427
vn -0.0897 -0.5333 -0.8411
vn -0.0805 -0.5362 -0.8403
vn -0.0706 -0.5364 -0.8410
vn -0.0608 -0.5353 -0.8425
vn -0.0472 -0.5166 -0.8549
vn -0.1429 -0.4934 -0.8580
vn -0.1416 -0.4913 -0.8594
vn -0.1406 -0.4905 -0.8600
vn -0.1397 -0.4910 -0.8599
vn -0.1387 -0.4928 -0.8590
vn -0.1376 -0.4959 -0.8574
vn -0.1361 -0.5004 -0.8551
vn -0.1340 -0.5063 -0.8519
vn -0.1312 -0.5136 -0.8480
vn -0.1277 -0.5269 -0.8403
vn -0.1220 -0.5378 -0.8342
vn -0.1146 -0.5461 -0.8298
vn -0.1057 -0.5519 -0.8272
vn -0.0958 -0.5551 -0.8262
vn -0.0849 -0.5557 -0.8270
vn -0.0740 -0.5536 -0.8295
vn -0.0565 -0.5255 -0.8489
vn -0.1544 -0.4948 -0.8552
vn -0.1527 -0.4919 -0.8571
vn -0.1512 -0.4909 -0.8580
vn -0.1500 -0.4915 -0.8579
vn -0.1487 -0.4940 -0.8567
vn -0.1474 -0.4982 -0.8545
vn -0.1457 -0.5042 -0.8512
vn -0.1436 -0.5120 -0.8469
vn -0.1408 -0.5217 -0.8414
vn -0.1377 -0.5393 -0.8308
vn -0.1323 -0.5536 -0.8222
vn -0.1248 -0.5643 -0.8161
vn -0.1156 -0.5716 -0.8123
vn -0.1055 -0.5756 -0.8109
vn -0.0943 -0.5761 -0.8119
vn -0.0824 -0.5729 -0.8154
vn -0.0614 -0.5352 -0.8425
vn -0.1617 -0.4974 -0.8523
vn -0.1596 -0.4939 -0.8547
vn -0.1579 -0.4927 -0.8558
vn -0.1564 -0.4935 -0.8556
vn -0.1550 -0.4964 -0.8541
vn -0.1534 -0.5017 -0.8513
vn -0.1517 -0.5091 -0.8472
vn -0.1496 -0.5189 -0.8417
vn -0.1469 -0.5308 -0.8347
vn -0.1443 -0.5525 -0.8209
vn -0.1393 -0.5699 -0.8098
vn -0.1322 -0.5828 -0.8018
vn -0.1232 -0.5914 -0.7969
vn -0.1129 -0.5961 -0.7949
vn -0.1014 -0.5964 -0.7963
vn -0.0891 -0.5922 -0.8009
vn -0.0648 -0.5453 -0.8357
vn -0.1670 -0.5010 -0.8492
vn -0.1646 -0.4968 -0.8521
vn -0.1625 -0.4953 -0.8534
vn -0.1607 -0.4962 -0.8532
vn -0.1589 -0.4999 -0.8513
vn -0.1573 -0.5061 -0.8480
vn -0.1555 -0.5148 -0.8431
vn -0.1533 -0.5265 -0.8363
vn -0.1508 -0.5405 -0.8277
vn -0.1488 -0.5659 -0.8109
vn -0.1442 -0.5861 -0.7973
vn -0.1374 -0.6010 -0.7873
vn -0.1287 -0.6110 -0.7811
vn -0.1184 -0.6159 -0.7789
vn -0.1069 -0.6160 -0.7805
vn -0.0942 -0.6108 -0.7861
vn -0.0671 -0.5554 -0.8289
vn -0.1700 -0.5054 -0.8460
vn -0.1673 -0.5005 -0.8494
vn -0.1649 -0.4987 -0.8509
vn -0.1628 -0.4999 -0.8507
vn -0.1609 -0.5040 -0.8486
vn -0.1591 -0.5112 -0.8446
vn -0.1570 -0.5214 -0.8387
vn -0.1551 -0.5344 -0.8309
vn -0.1527 -0.5503 -0.8209
vn -0.1512 -0.5793 -0.8009
vn -0.1471 -0.6021 -0.7848
vn -0.1407 -0.6188 -0.7729
vn -0.1322 -0.6297 -0.7655
vn -0.1221 -0.6350 -0.7628
vn -0.1106 -0.6348 -0.7647
vn -0.0979 -0.6289 -0.7713
vn -0.0684 -0.5655 -0.8219
vn -0.1699 -0.5107 -0.8428
vn -0.1670 -0.5054 -0.8466
vn -0.1644 -0.5032 -0.8484
vn -0.1621 -0.5045 -0.8480
vn -0.1601 -0.5093 -0.8456
vn -0.1581 -0.5171 -0.8412
vn -0.1562 -0.5284 -0.8345
vn -0.1542 -0.5429 -0.8255
vn -0.1520 -0.5607 -0.8140
vn -0.1509 -0.5927 -0.7912
vn -0.1473 -0.6177 -0.7725
vn -0.1413 -0.6359 -0.7587
vn -0.1332 -0.6476 -0.7502
vn -0.1235 -0.6534 -0.7469
vn -0.1121 -0.6528 -0.7492
vn -0.0993 -0.6460 -0.7569
vn -0.0682 -0.5755 -0.8150
vn -0.1698 -0.5162 -0.8394
vn -0.1666 -0.5103 -0.8437
vn -0.1638 -0.5079 -0.8457
vn -0.1612 -0.5094 -0.8453
vn -0.1590 -0.5144 -0.8427
vn -0.1570 -0.5232 -0.8377
vn -0.1550 -0.5355 -0.8302
vn -0.1531 -0.5513 -0.8201
vn -0.1509 -0.5707 -0.8072
vn -0.1503 -0.6056 -0.7815
vn -0.1471 -0.6326 -0.7604
vn -0.1414 -0.6520 -0.7449
vn -0.1338 -0.6645 -0.7352
vn -0.1243 -0.6704 -0.7315
vn -0.1132 -0.6696 -0.7340
vn -0.1005 -0.6621 -0.7427
vn -0.0680 -0.5851 -0.8081
vn -0.1671 -0.5223 -0.8362
vn -0.1638 -0.5159 -0.8409
vn -0.1607 -0.5135 -0.8429
vn -0.1581 -0.5149 -0.8426
vn -0.1558 -0.5204 -0.8396
vn -0.1537 -0.5296 -0.8342
vn -0.1517 -0.5429 -0.8260
vn -0.1498 -0.5600 -0.8148
vn -0.1479 -0.5807 -0.8006
vn -0.1476 -0.6180 -0.7722
vn -0.1448 -0.6468 -0.7488
vn -0.1396 -0.6674 -0.7315
vn -0.1323 -0.6805 -0.7207
vn -0.1232 -0.6865 -0.7166
vn -0.1124 -0.6854 -0.7194
vn -0.1000 -0.6772 -0.7290
vn -0.0667 -0.5944 -0.8014
vn -0.1635 -0.5287 -0.8329
vn -0.1600 -0.5217 -0.8380
vn -0.1569 -0.5190 -0.8402
vn -0.1542 -0.5205 -0.8398
vn -0.1518 -0.5263 -0.8367
vn -0.1496 -0.5363 -0.8307
vn -0.1476 -0.5504 -0.8217
vn -0.1458 -0.5685 -0.8096
vn -0.1441 -0.5905 -0.7941
vn -0.1441 -0.6300 -0.7631
vn -0.1416 -0.6603 -0.7375
vn -0.1367 -0.6818 -0.7187
vn -0.1299 -0.6953 -0.7068
vn -0.1212 -0.7015 -0.7023
vn -0.1107 -0.7001 -0.7054
vn -0.0986 -0.6913 -0.7158
vn -0.0651 -0.6034 -0.7948
vn -0.1589 -0.5351 -0.8297
vn -0.1553 -0.5277 -0.8351
vn -0.1521 -0.5249 -0.8375
vn -0.1493 -0.5264 -0.8370
vn -0.1469 -0.5324 -0.8336
vn -0.1447 -0.5429 -0.8272
vn -0.1428 -0.5577 -0.8177
vn -0.1410 -0.5768 -0.8046
vn -0.1394 -0.5999 -0.7879
vn -0.1397 -0.6413 -0.7544
vn -0.1375 -0.6729 -0.7268
vn -0.1330 -0.6952 -0.7064
vn -0.1266 -0.7092 -0.6936
vn -0.1182 -0.7153 -0.6888
vn -0.1082 -0.7137 -0.6920
vn -0.0965 -0.7043 -0.7033
vn -0.0631 -0.6118 -0.7885
vn -0.1529 -0.5416 -0.8266
vn -0.1494 -0.5339 -0.8322
vn -0.1462 -0.5307 -0.8349
vn -0.1434 -0.5324 -0.8343
vn -0.1409 -0.5386 -0.8307
vn -0.1388 -0.5496 -0.8238
vn -0.1369 -0.5650 -0.8137
vn -0.1353 -0.5849 -0.7998
vn -0.1338 -0.6089 -0.7819
vn -0.1344 -0.6521 -0.7461
vn -0.1325 -0.6847 -0.7166
vn -0.1284 -0.7077 -0.6948
vn -0.1223 -0.7219 -0.6811
vn -0.1145 -0.7281 -0.6759
vn -0.1049 -0.7263 -0.6793
vn -0.0937 -0.7165 -0.6913
vn -0.0608 -0.6199 -0.7824
vn -0.1465 -0.5479 -0.8236
vn -0.1430 -0.5398 -0.8296
vn -0.1398 -0.5365 -0.8322
vn -0.1370 -0.5382 -0.8316
vn -0.1345 -0.5447 -0.8278
vn -0.1324 -0.5560 -0.8206
vn -0.1306 -0.5721 -0.8097
vn -0.1291 -0.5925 -0.7951
vn -0.1278 -0.6174 -0.7762
vn -0.1285 -0.6621 -0.7383
vn -0.1269 -0.6957 -0.7071
vn -0.1231 -0.7192 -0.6839
vn -0.1175 -0.7336 -0.6693
vn -0.1101 -0.7398 -0.6637
vn -0.1011 -0.7378 -0.6674
vn -0.0903 -0.7275 -0.6801
vn -0.0582 -0.6274 -0.7765
vn -0.1388 -0.5542 -0.8207
vn -0.1353 -0.5457 -0.8269
vn -0.1322 -0.5423 -0.8297
vn -0.1295 -0.5439 -0.8291
vn -0.1271 -0.5506 -0.8250
vn -0.1251 -0.5623 -0.8174
vn -0.1235 -0.5787 -0.8062
vn -0.1221 -0.5999 -0.7907
vn -0.1209 -0.6255 -0.7708
vn -0.1218 -0.6714 -0.7310
vn -0.1204 -0.7058 -0.6981
vn -0.1171 -0.7298 -0.6736
vn -0.1119 -0.7444 -0.6583
vn -0.1050 -0.7505 -0.6524
vn -0.0966 -0.7483 -0.6562
vn -0.0864 -0.7377 -0.6696
vn -0.0554 -0.6344 -0.7711
vn -0.1306 -0.5602 -0.8180
vn -0.1273 -0.5514 -0.8244
vn -0.1243 -0.5478 -0.8273
vn -0.1216 -0.5494 -0.8266
vn -0.1193 -0.5563 -0.8224
vn -0.1174 -0.5682 -0.8145
vn -0.1158 -0.5851 -0.8026
vn -0.1145 -0.6069 -0.7865
vn -0.1135 -0.6330 -0.7657
vn -0.1145 -0.6801 -0.7241
vn -0.1134 -0.7152 -0.6897
vn -0.1104 -0.7394 -0.6642
vn -0.1056 -0.7541 -0.6482
vn -0.0992 -0.7603 -0.6420
vn -0.0913 -0.7579 -0.6459
vn -0.0818 -0.7469 -0.6599
vn -0.0522 -0.6408 -0.7659
vn -0.1217 -0.5659 -0.8154
vn -0.1185 -0.5569 -0.8221
vn -0.1156 -0.5531 -0.8250
vn -0.1131 -0.5547 -0.8243
vn -0.1109 -0.5616 -0.8200
vn -0.1091 -0.5738 -0.8117
vn -0.1077 -0.5911 -0.7994
vn -0.1066 -0.6132 -0.7827
vn -0.1057 -0.6401 -0.7610
vn -0.1069 -0.6881 -0.7177
vn -0.1060 -0.7237 -0.6820
vn -0.1033 -0.7482 -0.6554
vn -0.0990 -0.7630 -0.6388
vn -0.0932 -0.7691 -0.6323
vn -0.0859 -0.7665 -0.6364
vn -0.0771 -0.7552 -0.6509
vn -0.0491 -0.6468 -0.7611
vn -0.1122 -0.5713 -0.8131
vn -0.1092 -0.5620 -0.8199
vn -0.1064 -0.5580 -0.8230
vn -0.1041 -0.5596 -0.8222
vn -0.1021 -0.5667 -0.8176
vn -0.1005 -0.5790 -0.8091
vn -0.0992 -0.5966 -0.7964
vn -0.0982 -0.6192 -0.7790
vn -0.0975 -0.6464 -0.7567
vn -0.0988 -0.6952 -0.7120
vn -0.0982 -0.7313 -0.6749
vn -0.0959 -0.7561 -0.6474
vn -0.0920 -0.7710 -0.6302
vn -0.0867 -0.7769 -0.6236
vn -0.0801 -0.7743 -0.6278
vn -0.0720 -0.7627 -0.6428
vn -0.0457 -0.6521 -0.7567
vn -0.1028 -0.5761 -0.8109
vn -0.1000 -0.5666 -0.8179
vn -0.0975 -0.5625 -0.8210
vn -0.0952 -0.5642 -0.8201
vn -0.0934 -0.5713 -0.8154
vn -0.0920 -0.5837 -0.8067
vn -0.0909 -0.6016 -0.7936
vn -0.0901 -0.6245 -0.7758
vn -0.0896 -0.6522 -0.7528
vn -0.0911 -0.7016 -0.7067
vn -0.0907 -0.7381 -0.6686
vn -0.0887 -0.7630 -0.6402
vn -0.0854 -0.7779 -0.6225
vn -0.0807 -0.7839 -0.6157
vn -0.0746 -0.7810 -0.6200
vn -0.0673 -0.7692 -0.6354
vn -0.0428 -0.6569 -0.7527
vn -0.0915 -0.5807 -0.8089
vn -0.0890 -0.5710 -0.8161
vn -0.0867 -0.5668 -0.8193
vn -0.0848 -0.5684 -0.8184
vn -0.0832 -0.5755 -0.8136
vn -0.0820 -0.5882 -0.8046
vn -0.0811 -0.6062 -0.7912
vn -0.0805 -0.6295 -0.7728
vn -0.0802 -0.6574 -0.7493
vn -0.0817 -0.7074 -0.7021
vn -0.0816 -0.7443 -0.6629
vn -0.0800 -0.7693 -0.6339
vn -0.0771 -0.7842 -0.6157
vn -0.0730 -0.7900 -0.6087
vn -0.0677 -0.7871 -0.6131
vn -0.0611 -0.7751 -0.6289
vn -0.0389 -0.6613 -0.7492
vn -0.0815 -0.5847 -0.8072
vn -0.0792 -0.5747 -0.8145
vn -0.0771 -0.5706 -0.8176
vn -0.0754 -0.5721 -0.8167
vn -0.0740 -0.5791 -0.8119
vn -0.0730 -0.5919 -0.8027
vn -0.0722 -0.6102 -0.7889
vn -0.0719 -0.6337 -0.7703
vn -0.0717 -0.6619 -0.7462
vn -0.0733 -0.7124 -0.6979
vn -0.0735 -0.7495 -0.6579
vn -0.0722 -0.7746 -0.6283
vn -0.0698 -0.7895 -0.6098
vn -0.0663 -0.7953 -0.6026
vn -0.0617 -0.7922 -0.6071
vn -0.0558 -0.7800 -0.6232
vn -0.0357 -0.6650 -0.7460
vn -0.0693 -0.5882 -0.8057
vn -0.0673 -0.5781 -0.8132
vn -0.0656 -0.5739 -0.8163
vn -0.0642 -0.5754 -0.8154
vn -0.0631 -0.5825 -0.8104
vn -0.0623 -0.5954 -0.8010
vn -0.0618 -0.6138 -0.7871
vn -0.0617 -0.6374 -0.7681
vn -0.0618 -0.6659 -0.7435
vn -0.0635 -0.7167 -0.6944
vn -0.0639 -0.7540 -0.6537
vn -0.0630 -0.7792 -0.6236
vn -0.0611 -0.7941 -0.6047
vn -0.0582 -0.7999 -0.5973
vn -0.0543 -0.7967 -0.6020
vn -0.0494 -0.7843 -0.6184
vn -0.0317 -0.6681 -0.7434
vn -0.0588 -0.5911 -0.8044
vn -0.0571 -0.5809 -0.8120
vn -0.0556 -0.5765 -0.8152
vn -0.0544 -0.5781 -0.8142
vn -0.0536 -0.5851 -0.8092
vn -0.0530 -0.5982 -0.7996
vn -0.0528 -0.6166 -0.7855
vn -0.0528 -0.6405 -0.7662
vn -0.0532 -0.6691 -0.7413
vn -0.0550 -0.7203 -0.6915
vn -0.0556 -0.7577 -0.6502
vn -0.0552 -0.7829 -0.6197
vn -0.0538 -0.7978 -0.6005
vn -0.0515 -0.8035 -0.5931
vn -0.0483 -0.8002 -0.5977
vn -0.0441 -0.7878 -0.6143
vn -0.0286 -0.6707 -0.7412
vn -0.0464 -0.5936 -0.8034
vn -0.0450 -0.5833 -0.8110
vn -0.0438 -0.5788 -0.8143
vn -0.0430 -0.5803 -0.8133
vn -0.0424 -0.5874 -0.8082
vn -0.0421 -0.6004 -0.7986
vn -0.0421 -0.6191 -0.7842
vn -0.0424 -0.6430 -0.7647
vn -0.0429 -0.6717 -0.7396
vn -0.0448 -0.7232 -0.6892
vn -0.0456 -0.7607 -0.6475
vn -0.0456 -0.7860 -0.6166
vn -0.0447 -0.8008 -0.5972
vn -0.0430 -0.8065 -0.5897
vn -0.0405 -0.8031 -0.5944
vn -0.0373 -0.7906 -0.6112
vn -0.0243 -0.6728 -0.7394
vn -0.0331 -0.5955 -0.8027
vn -0.0322 -0.5851 -0.8103
vn -0.0315 -0.5806 -0.8136
vn -0.0312 -0.5821 -0.8125
vn -0.0309 -0.5891 -0.8075
vn -0.0311 -0.6023 -0.7977
vn -0.0315 -0.6209 -0.7833
vn -0.0321 -0.6448 -0.7637
vn -0.0330 -0.6736 -0.7383
vn -0.0351 -0.7253 -0.6876
vn -0.0363 -0.7629 -0.6455
vn -0.0368 -0.7882 -0.6143
vn -0.0365 -0.8030 -0.5949
vn -0.0356 -0.8086 -0.5873
vn -0.0341 -0.8052 -0.5920
vn -0.0318 -0.7925 -0.6090
vn -0.0217 -0.6742 -0.7382
vn -0.0221 -0.5965 -0.8023
vn -0.0214 -0.5861 -0.8100
vn -0.0210 -0.5815 -0.8133
vn -0.0209 -0.5829 -0.8123
vn -0.0210 -0.5901 -0.8071
vn -0.0213 -0.6032 -0.7973
vn -0.0219 -0.6218 -0.7829
vn -0.0227 -0.6458 -0.7632
vn -0.0238 -0.6748 -0.7377
vn -0.0260 -0.7265 -0.6867
vn -0.0274 -0.7642 -0.6444
vn -0.0283 -0.7895 -0.6131
vn -0.0285 -0.8043 -0.5936
vn -0.0282 -0.8098 -0.5860
vn -0.0273 -0.8064 -0.5907
vn -0.0259 -0.7937 -0.6078
vn -0.0181 -0.6750 -0.7376
vn -0.0126 -0.5972 -0.8020
vn -0.0118 -0.5868 -0.8097
vn -0.0112 -0.5822 -0.8130
vn -0.0109 -0.5835 -0.8120
vn -0.0107 -0.5908 -0.8068
vn -0.0109 -0.6039 -0.7970
vn -0.0113 -0.6225 -0.7825
vn -0.0118 -0.6466 -0.7627
vn -0.0127 -0.6756 -0.7372
vn -0.0145 -0.7274 -0.6861
vn -0.0158 -0.7651 -0.6438
vn -0.0166 -0.7904 -0.6124
vn -0.0168 -0.8052 -0.5928
vn -0.0167 -0.8107 -0.5852
vn -0.0161 -0.8073 -0.5899
vn -0.0150 -0.7946 -0.6070
vn -0.0090 -0.6757 -0.7371
vn 0.0001 -0.5981 -0.8014
vn 0.0009 -0.5876 -0.8091
vn 0.0015 -0.5831 -0.8124
vn 0.0019 -0.5845 -0.8114
vn 0.0021 -0.5916 -0.8062
vn 0.0021 -0.6047 -0.7964
vn 0.0018 -0.6234 -0.7819
vn 0.0013 -0.6474 -0.7621
vn 0.0007 -0.6763 -0.7366
vn -0.0009 -0.7281 -0.6855
vn -0.0022 -0.7657 -0.6432
vn -0.0030 -0.7909 -0.6119
vn -0.0035 -0.8057 -0.5923
vn -0.0037 -0.8113 -0.5846
vn -0.0035 -0.8078 -0.5894
vn -0.0031 -0.7951 -0.6065
vn 0.0003 -0.6763 -0.7366
vn 0.0114 -0.5990 -0.8007
vn 0.0127 -0.5886 -0.8083
vn 0.0138 -0.5840 -0.8116
vn 0.0146 -0.5854 -0.8106
vn 0.0152 -0.5926 -0.8054
vn 0.0156 -0.6056 -0.7956
vn 0.0158 -0.6242 -0.7811
vn 0.0158 -0.6481 -0.7614
vn 0.0155 -0.6769 -0.7359
vn 0.0144 -0.7284 -0.6850
vn 0.0136 -0.7659 -0.6428
vn 0.0129 -0.7911 -0.6116
vn 0.0124 -0.8059 -0.5920
vn 0.0122 -0.8113 -0.5844
vn 0.0121 -0.8079 -0.5892
vn 0.0122 -0.7952 -0.6062
vn 0.0133 -0.6769 -0.7360
vn 0.0211 -0.6005 -0.7993
vn 0.0231 -0.5902 -0.8069
vn 0.0248 -0.5857 -0.8102
vn 0.0264 -0.5871 -0.8091
vn 0.0277 -0.5942 -0.8039
vn 0.0288 -0.6070 -0.7942
vn 0.0297 -0.6254 -0.7797
vn 0.0303 -0.6492 -0.7600
vn 0.0308 -0.6778 -0.7346
vn 0.0304 -0.7289 -0.6839
vn 0.0301 -0.7661 -0.6420
vn 0.0298 -0.7911 -0.6109
vn 0.0297 -0.8058 -0.5914
vn 0.0297 -0.8113 -0.5839
vn 0.0298 -0.8078 -0.5887
vn 0.0299 -0.7953 -0.6055
vn 0.0293 -0.6778 -0.7347
vn 0.0311 -0.6027 -0.7973
vn 0.0337 -0.5925 -0.8049
vn 0.0360 -0.5880 -0.8081
vn 0.0381 -0.5892 -0.8071
vn 0.0400 -0.5962 -0.8018
vn 0.0416 -0.6090 -0.7921
vn 0.0430 -0.6272 -0.7777
vn 0.0442 -0.6507 -0.7581
vn 0.0452 -0.6789 -0.7328
vn 0.0454 -0.7295 -0.6825
vn 0.0455 -0.7664 -0.6408
vn 0.0456 -0.7911 -0.6100
vn 0.0456 -0.8056 -0.5907
vn 0.0456 -0.8111 -0.5832
vn 0.0457 -0.8076 -0.5879
vn 0.0457 -0.7952 -0.6046
vn 0.0432 -0.6790 -0.7329
vn 0.0411 -0.6055 -0.7948
vn 0.0442 -0.5953 -0.8023
vn 0.0470 -0.5908 -0.8055
vn 0.0496 -0.5921 -0.8044
vn 0.0520 -0.5990 -0.7991
vn 0.0542 -0.6114 -0.7894
vn 0.0561 -0.6293 -0.7751
vn 0.0579 -0.6525 -0.7556
vn 0.0593 -0.6802 -0.7306
vn 0.0601 -0.7301 -0.6807
vn 0.0606 -0.7665 -0.6394
vn 0.0608 -0.7909 -0.6089
vn 0.0610 -0.8052 -0.5898
vn 0.0611 -0.8106 -0.5824
vn 0.0611 -0.8072 -0.5871
vn 0.0609 -0.7949 -0.6037
vn 0.0566 -0.6804 -0.7307
vn 0.0518 -0.6087 -0.7917
vn 0.0555 -0.5987 -0.7991
vn 0.0588 -0.5943 -0.8021
vn 0.0619 -0.5954 -0.8011
vn 0.0648 -0.6021 -0.7958
vn 0.0675 -0.6143 -0.7862
vn 0.0700 -0.6318 -0.7720
vn 0.0722 -0.6545 -0.7526
vn 0.0741 -0.6818 -0.7278
vn 0.0755 -0.7307 -0.6785
vn 0.0764 -0.7664 -0.6377
vn 0.0769 -0.7905 -0.6076
vn 0.0773 -0.8046 -0.5888
vn 0.0774 -0.8099 -0.5815
vn 0.0773 -0.8066 -0.5861
vn 0.0770 -0.7944 -0.6024
vn 0.0708 -0.6820 -0.7280
vn 0.0611 -0.6125 -0.7881
vn 0.0652 -0.6026 -0.7953
vn 0.0690 -0.5982 -0.7984
vn 0.0726 -0.5993 -0.7972
vn 0.0760 -0.6058 -0.7920
vn 0.0791 -0.6178 -0.7824
vn 0.0821 -0.6348 -0.7683
vn 0.0847 -0.6568 -0.7492
vn 0.0871 -0.6836 -0.7247
vn 0.0890 -0.7314 -0.6761
vn 0.0901 -0.7664 -0.6360
vn 0.0909 -0.7900 -0.6064
vn 0.0912 -0.8039 -0.5878
vn 0.0914 -0.8091 -0.5806
vn 0.0912 -0.8058 -0.5851
vn 0.0907 -0.7939 -0.6012
vn 0.0830 -0.6838 -0.7249
vn 0.0717 -0.6168 -0.7838
vn 0.0762 -0.6071 -0.7910
vn 0.0805 -0.6027 -0.7939
vn 0.0846 -0.6037 -0.7927
vn 0.0884 -0.6100 -0.7875
vn 0.0920 -0.6215 -0.7780
vn 0.0954 -0.6380 -0.7641
vn 0.0985 -0.6596 -0.7452
vn 0.1013 -0.6854 -0.7211
vn 0.1037 -0.7321 -0.6733
vn 0.1052 -0.7662 -0.6339
vn 0.1061 -0.7892 -0.6048
vn 0.1067 -0.8028 -0.5866
vn 0.1068 -0.8079 -0.5796
vn 0.1066 -0.8047 -0.5840
vn 0.1059 -0.7931 -0.5998
vn 0.0966 -0.6858 -0.7214
vn 0.0798 -0.6217 -0.7792
vn 0.0848 -0.6123 -0.7861
vn 0.0895 -0.6079 -0.7890
vn 0.0939 -0.6087 -0.7878
vn 0.0982 -0.6147 -0.7826
vn 0.1022 -0.6258 -0.7732
vn 0.1060 -0.6419 -0.7594
vn 0.1094 -0.6626 -0.7409
vn 0.1126 -0.6877 -0.7172
vn 0.1152 -0.7330 -0.6704
vn 0.1170 -0.7661 -0.6320
vn 0.1180 -0.7886 -0.6035
vn 0.1184 -0.8018 -0.5858
vn 0.1185 -0.8067 -0.5789
vn 0.1181 -0.8037 -0.5833
vn 0.1172 -0.7923 -0.5987
vn 0.1068 -0.6882 -0.7176
vn 0.0899 -0.6270 -0.7739
vn 0.0952 -0.6177 -0.7806
vn 0.1003 -0.6135 -0.7833
vn 0.1052 -0.6142 -0.7821
vn 0.1098 -0.6199 -0.7769
vn 0.1143 -0.6305 -0.7677
vn 0.1184 -0.6459 -0.7542
vn 0.1223 -0.6659 -0.7360
vn 0.1258 -0.6900 -0.7128
vn 0.1288 -0.7337 -0.6672
vn 0.1308 -0.7657 -0.6297
vn 0.1319 -0.7875 -0.6020
vn 0.1324 -0.8003 -0.5847
vn 0.1325 -0.8052 -0.5781
vn 0.1319 -0.8022 -0.5823
vn 0.1309 -0.7912 -0.5974
vn 0.1193 -0.6907 -0.7133
vn 0.0977 -0.6329 -0.7681
vn 0.1034 -0.6239 -0.7746
vn 0.1089 -0.6198 -0.7772
vn 0.1141 -0.6203 -0.7760
vn 0.1191 -0.6257 -0.7709
vn 0.1239 -0.6358 -0.7618
vn 0.1283 -0.6505 -0.7486
vn 0.1325 -0.6696 -0.7308
vn 0.1363 -0.6927 -0.7082
vn 0.1395 -0.7347 -0.6639
vn 0.1416 -0.7655 -0.6276
vn 0.1427 -0.7865 -0.6008
vn 0.1432 -0.7989 -0.5841
vn 0.1431 -0.8036 -0.5777
vn 0.1424 -0.8008 -0.5818
vn 0.1411 -0.7902 -0.5964
vn 0.1287 -0.6935 -0.7089
vn 0.1069 -0.6391 -0.7617
vn 0.1128 -0.6305 -0.7679
vn 0.1186 -0.6264 -0.7704
vn 0.1242 -0.6268 -0.7692
vn 0.1295 -0.6319 -0.7641
vn 0.1346 -0.6414 -0.7553
vn 0.1394 -0.6553 -0.7424
vn 0.1438 -0.6735 -0.7251
vn 0.1479 -0.6954 -0.7032
vn 0.1514 -0.7355 -0.6604
vn 0.1536 -0.7650 -0.6254
vn 0.1548 -0.7852 -0.5996
vn 0.1552 -0.7971 -0.5835
vn 0.1549 -0.8017 -0.5773
vn 0.1541 -0.7990 -0.5813
vn 0.1526 -0.7888 -0.5954
vn 0.1395 -0.6964 -0.7040
vn 0.1143 -0.6459 -0.7548
vn 0.1206 -0.6376 -0.7609
vn 0.1267 -0.6336 -0.7632
vn 0.1326 -0.6340 -0.7619
vn 0.1382 -0.6387 -0.7570
vn 0.1436 -0.6477 -0.7482
vn 0.1486 -0.6606 -0.7359
vn 0.1533 -0.6777 -0.7192
vn 0.1575 -0.6985 -0.6980
vn 0.1611 -0.7365 -0.6570
vn 0.1633 -0.7647 -0.6234
vn 0.1644 -0.7839 -0.5987
vn 0.1647 -0.7953 -0.5834
vn 0.1642 -0.7997 -0.5775
vn 0.1632 -0.7971 -0.5814
vn 0.1614 -0.7875 -0.5948
vn 0.1479 -0.6997 -0.6989
vn 0.1220 -0.6531 -0.7473
vn 0.1285 -0.6452 -0.7531
vn 0.1349 -0.6413 -0.7553
vn 0.1410 -0.6415 -0.7540
vn 0.1469 -0.6458 -0.7493
vn 0.1524 -0.6542 -0.7408
vn 0.1577 -0.6663 -0.7288
vn 0.1626 -0.6823 -0.7128
vn 0.1669 -0.7018 -0.6926
vn 0.1706 -0.7375 -0.6534
vn 0.1728 -0.7641 -0.6215
vn 0.1739 -0.7823 -0.5981
vn 0.1740 -0.7933 -0.5835
vn 0.1733 -0.7974 -0.5780
vn 0.1720 -0.7950 -0.5817
vn 0.1701 -0.7859 -0.5945
vn 0.1563 -0.7032 -0.6936
vn 0.1289 -0.6608 -0.7394
vn 0.1356 -0.6533 -0.7448
vn 0.1421 -0.6496 -0.7468
vn 0.1485 -0.6497 -0.7456
vn 0.1547 -0.6535 -0.7410
vn 0.1605 -0.6611 -0.7329
vn 0.1659 -0.6723 -0.7214
vn 0.1709 -0.6871 -0.7062
vn 0.1753 -0.7053 -0.6869
vn 0.1790 -0.7386 -0.6500
vn 0.1812 -0.7635 -0.6199
vn 0.1821 -0.7806 -0.5979
vn 0.1820 -0.7910 -0.5842
vn 0.1812 -0.7950 -0.5789
vn 0.1796 -0.7928 -0.5824
vn 0.1774 -0.7842 -0.5946
vn 0.1635 -0.7069 -0.6881
vn 0.1339 -0.6690 -0.7311
vn 0.1408 -0.6621 -0.7361
vn 0.1475 -0.6585 -0.7380
vn 0.1541 -0.6585 -0.7367
vn 0.1603 -0.6618 -0.7323
vn 0.1663 -0.6688 -0.7246
vn 0.1719 -0.6791 -0.7137
vn 0.1769 -0.6925 -0.6994
vn 0.1813 -0.7091 -0.6814
vn 0.1850 -0.7400 -0.6467
vn 0.1870 -0.7630 -0.6187
vn 0.1877 -0.7791 -0.5982
vn 0.1874 -0.7887 -0.5855
vn 0.1862 -0.7926 -0.5807
vn 0.1844 -0.7905 -0.5840
vn 0.1820 -0.7826 -0.5953
vn 0.1684 -0.7110 -0.6827
vn 0.1401 -0.6774 -0.7221
vn 0.1471 -0.6709 -0.7268
vn 0.1539 -0.6676 -0.7284
vn 0.1606 -0.6674 -0.7272
vn 0.1669 -0.6704 -0.7230
vn 0.1730 -0.6766 -0.7158
vn 0.1786 -0.6858 -0.7055
vn 0.1838 -0.6980 -0.6922
vn 0.1883 -0.7130 -0.6755
vn 0.1919 -0.7411 -0.6434
vn 0.1937 -0.7622 -0.6177
vn 0.1942 -0.7770 -0.5988
vn 0.1936 -0.7859 -0.5872
vn 0.1922 -0.7895 -0.5828
vn 0.1902 -0.7878 -0.5859
vn 0.1875 -0.7805 -0.5964
vn 0.1743 -0.7151 -0.6769
vn 0.1427 -0.6865 -0.7130
vn 0.1496 -0.6806 -0.7172
vn 0.1567 -0.6776 -0.7186
vn 0.1633 -0.6772 -0.7174
vn 0.1698 -0.6797 -0.7136
vn 0.1760 -0.6852 -0.7068
vn 0.1816 -0.6932 -0.6975
vn 0.1867 -0.7040 -0.6852
vn 0.1911 -0.7175 -0.6698
vn 0.1945 -0.7427 -0.6408
vn 0.1961 -0.7618 -0.6174
vn 0.1963 -0.7752 -0.6005
vn 0.1954 -0.7835 -0.5899
vn 0.1936 -0.7868 -0.5860
vn 0.1912 -0.7853 -0.5889
vn 0.1884 -0.7787 -0.5984
vn 0.1759 -0.7198 -0.6715
vn 0.1463 -0.6957 -0.7033
vn 0.1533 -0.6904 -0.7070
vn 0.1602 -0.6875 -0.7083
vn 0.1670 -0.6871 -0.7071
vn 0.1735 -0.6892 -0.7035
vn 0.1797 -0.6938 -0.6974
vn 0.1853 -0.7008 -0.6889
vn 0.1904 -0.7101 -0.6778
vn 0.1947 -0.7218 -0.6641
vn 0.1979 -0.7440 -0.6381
vn 0.1993 -0.7610 -0.6174
vn 0.1991 -0.7729 -0.6024
vn 0.1979 -0.7804 -0.5932
vn 0.1959 -0.7835 -0.5898
vn 0.1932 -0.7822 -0.5924
vn 0.1903 -0.7764 -0.6008
vn 0.1787 -0.7244 -0.6658
vn 0.1466 -0.7054 -0.6935
vn 0.1533 -0.7008 -0.6967
vn 0.1602 -0.6982 -0.6977
vn 0.1669 -0.6978 -0.6966
vn 0.1735 -0.6993 -0.6934
vn 0.1796 -0.7031 -0.6880
vn 0.1851 -0.7090 -0.6805
vn 0.1900 -0.7169 -0.6708
vn 0.1941 -0.7269 -0.6588
vn 0.1971 -0.7459 -0.6362
vn 0.1981 -0.7605 -0.6184
vn 0.1977 -0.7710 -0.6054
vn 0.1961 -0.7775 -0.5975
vn 0.1938 -0.7803 -0.5946
vn 0.1908 -0.7792 -0.5970
vn 0.1877 -0.7744 -0.6043
vn 0.1773 -0.7295 -0.6606
vn 0.1441 -0.7154 -0.6837
vn 0.1507 -0.7115 -0.6864
vn 0.1577 -0.7094 -0.6869
vn 0.1639 -0.7087 -0.6862
vn 0.1706 -0.7101 -0.6831
vn 0.1764 -0.7129 -0.6787
vn 0.1818 -0.7176 -0.6723
vn 0.1865 -0.7243 -0.6638
vn 0.1904 -0.7322 -0.6539
vn 0.1930 -0.7481 -0.6350
vn 0.1937 -0.7603 -0.6200
vn 0.1929 -0.7691 -0.6093
vn 0.1909 -0.7747 -0.6028
vn 0.1882 -0.7772 -0.6004
vn 0.1851 -0.7764 -0.6024
vn 0.1818 -0.7724 -0.6086
vn 0.1728 -0.7350 -0.6557
vn 0.1404 -0.7254 -0.6739
vn 0.1464 -0.7222 -0.6760
vn 0.1530 -0.7203 -0.6766
vn 0.1594 -0.7198 -0.6757
vn 0.1656 -0.7205 -0.6733
vn 0.1713 -0.7228 -0.6695
vn 0.1764 -0.7264 -0.6643
vn 0.1809 -0.7313 -0.6576
vn 0.1846 -0.7377 -0.6494
vn 0.1868 -0.7502 -0.6342
vn 0.1872 -0.7601 -0.6223
vn 0.1861 -0.7672 -0.6138
vn 0.1840 -0.7718 -0.6086
vn 0.1809 -0.7739 -0.6070
vn 0.1778 -0.7734 -0.6085
vn 0.1745 -0.7702 -0.6135
vn 0.1669 -0.7403 -0.6512
vn 0.1328 -0.7353 -0.6646
vn 0.1385 -0.7329 -0.6661
vn 0.1445 -0.7314 -0.6664
vn 0.1505 -0.7309 -0.6657
vn 0.1562 -0.7314 -0.6639
vn 0.1616 -0.7328 -0.6609
vn 0.1664 -0.7354 -0.6569
vn 0.1705 -0.7390 -0.6518
vn 0.1738 -0.7436 -0.6457
vn 0.1756 -0.7529 -0.6343
vn 0.1756 -0.7602 -0.6255
vn 0.1742 -0.7656 -0.6192
vn 0.1718 -0.7692 -0.6155
vn 0.1688 -0.7709 -0.6142
vn 0.1656 -0.7705 -0.6155
vn 0.1623 -0.7682 -0.6193
vn 0.1563 -0.7460 -0.6473
vn 0.1172 -0.7454 -0.6563
vn 0.1223 -0.7437 -0.6573
vn 0.1274 -0.7426 -0.6575
vn 0.1328 -0.7421 -0.6570
vn 0.1378 -0.7424 -0.6557
vn 0.1425 -0.7433 -0.6536
vn 0.1470 -0.7447 -0.6510
vn 0.1505 -0.7471 -0.6475
vn 0.1531 -0.7502 -0.6432
vn 0.1544 -0.7564 -0.6356
vn 0.1542 -0.7613 -0.6298
vn 0.1525 -0.7651 -0.6255
vn 0.1501 -0.7676 -0.6232
vn 0.1472 -0.7687 -0.6224
vn 0.1439 -0.7686 -0.6233
vn 0.1408 -0.7671 -0.6258
vn 0.1364 -0.7523 -0.6446
vn 0.0978 -0.7543 -0.6492
vn 0.1019 -0.7533 -0.6497
vn 0.1062 -0.7527 -0.6498
vn 0.1103 -0.7524 -0.6495
vn 0.1144 -0.7524 -0.6487
vn 0.1183 -0.7528 -0.6475
vn 0.1217 -0.7536 -0.6459
vn 0.1246 -0.7548 -0.6440
vn 0.1267 -0.7565 -0.6416
vn 0.1276 -0.7599 -0.6374
vn 0.1271 -0.7626 -0.6342
vn 0.1255 -0.7648 -0.6320
vn 0.1233 -0.7662 -0.6307
vn 0.1205 -0.7669 -0.6303
vn 0.1176 -0.7669 -0.6308
vn 0.1149 -0.7662 -0.6323
vn 0.1119 -0.7580 -0.6426
vn 0.0684 -0.7617 -0.6443
vn 0.0710 -0.7613 -0.6445
vn 0.0737 -0.7610 -0.6445
vn 0.0764 -0.7609 -0.6444
vn 0.0790 -0.7609 -0.6441
vn 0.0815 -0.7610 -0.6436
vn 0.0837 -0.7612 -0.6431
vn 0.0854 -0.7617 -0.6423
vn 0.0867 -0.7622 -0.6415
vn 0.0871 -0.7635 -0.6400
vn 0.0865 -0.7645 -0.6388
vn 0.0852 -0.7653 -0.6380
vn 0.0834 -0.7659 -0.6376
vn 0.0813 -0.7662 -0.6375
vn 0.0791 -0.7662 -0.6377
vn 0.0772 -0.7660 -0.6382
vn 0.0754 -0.7630 -0.6420
vn 0.0233 -0.7658 -0.6427
vn 0.0237 -0.7657 -0.6427
vn 0.0241 -0.7657 -0.6427
vn 0.0246 -0.7657 -0.6427
vn 0.0250 -0.7657 -0.6427
vn 0.0254 -0.7657 -0.6427
vn 0.0258 -0.7657 -0.6426
vn 0.0260 -0.7658 -0.6426
vn 0.0260 -0.7658 -0.6425
vn 0.0259 -0.7659 -0.6425
vn 0.0255 -0.7659 -0.6424
vn 0.0249 -0.7660 -0.6424
vn 0.0240 -0.7660 -0.6424
vn 0.0232 -0.7661 -0.6424
vn 0.0224 -0.7661 -0.6424
vn 0.0215 -0.7661 -0.6424
vn 0.0209 -0.7659 -0.6426
vn 0.0151 -0.0835 -0.9964
vn 0.0214 -0.7658 -0.6427
vn 0.0216 -0.7658 -0.6427
vn 0.0218 -0.7658 -0.6427
vn 0.0220 -0.7658 -0.6427
vn 0.0221 -0.7658 -0.6427
vn 0.0222 -0.7658 -0.6427
vn 0.0223 -0.7658 -0.6426
vn 0.0223 -0.7659 -0.6426
vn 0.0222 -0.7659 -0.6426
vn 0.0219 -0.7659 -0.6425
vn 0.0215 -0.7660 -0.6425
vn 0.0211 -0.7660 -0.6425
vn 0.0206 -0.7660 -0.6425
vn 0.0202 -0.7660 -0.6425
vn 0.0197 -0.7660 -0.6425
vn 0.0241 -0.9958 0.0886
vn -0.0585 -0.8623 0.5030
vn -0.0984 -0.8562 0.5073
vn -0.1613 -0.8416 0.5155
vn -0.1980 -0.8277 0.5251
vn -0.2193 -0.8158 0.5352
vn -0.2311 -0.8056 0.5455
vn -0.2311 -0.8056 0.5456
vn -0.2367 -0.7968 0.5559
vn -0.2376 -0.7894 0.5660
vn -0.2352 -0.7830 0.5759
vn -0.2308 -0.7772 0.5854
vn -0.2243 -0.7721 0.5946
vn -0.2167 -0.7675 0.6033
vn -0.2081 -0.7633 0.6116
vn -0.1987 -0.7595 0.6194
vn -0.1986 -0.7595 0.6194
vn -0.1887 -0.7560 0.6267
vn -0.1887 -0.7560 0.6268
vn -0.1783 -0.7529 0.6336
vn -0.1676 -0.7500 0.6399
vn -0.1675 -0.7500 0.6399
vn -0.1566 -0.7474 0.6457
vn -0.1566 -0.7473 0.6457
vn -0.1455 -0.7450 0.6510
vn -0.1342 -0.7429 0.6558
vn -0.1229 -0.7411 0.6601
vn -0.1229 -0.7411 0.6600
vn -0.1115 -0.7395 0.6638
vn -0.1115 -0.7396 0.6638
vn -0.1002 -0.7383 0.6670
vn -0.0887 -0.7373 0.6697
vn -0.0774 -0.7365 0.6719
vn -0.0773 -0.7366 0.6719
vn -0.0658 -0.7362 0.6736
vn -0.0658 -0.7361 0.6737
vn -0.0539 -0.7362 0.6747
vn -0.0430 -0.7362 0.6754
vn -0.0429 -0.7363 0.6753
vn -0.0317 -0.7366 0.6756
vn -0.0187 -0.7362 0.6765
vn -0.0185 -0.7365 0.6762
vn -0.0051 -0.7356 0.6774
vn -0.0052 -0.7355 0.6775
vn 0.0079 -0.7341 0.6790
vn 0.0207 -0.7318 0.6812
vn 0.0332 -0.7289 0.6838
vn 0.0332 -0.7289 0.6839
vn 0.0452 -0.7253 0.6869
vn 0.0566 -0.7213 0.6903
vn 0.0566 -0.7212 0.6904
vn 0.0674 -0.7166 0.6942
vn 0.0775 -0.7115 0.6984
vn 0.0870 -0.7059 0.7029
vn 0.0957 -0.7000 0.7077
vn 0.1035 -0.6938 0.7127
vn 0.1106 -0.6873 0.7179
vn 0.1166 -0.6807 0.7232
vn 0.1218 -0.6741 0.7286
vn 0.1260 -0.6674 0.7339
vn 0.1260 -0.6675 0.7339
vn 0.1289 -0.6610 0.7392
vn 0.1308 -0.6548 0.7444
vn 0.1311 -0.6491 0.7493
vn 0.1300 -0.6440 0.7539
vn 0.1271 -0.6396 0.7581
vn 0.1271 -0.6397 0.7581
vn 0.1217 -0.6365 0.7616
vn 0.1217 -0.6364 0.7617
vn 0.1134 -0.6346 0.7645
vn 0.1012 -0.6344 0.7663
vn 0.0828 -0.6362 0.7670
vn 0.0828 -0.6362 0.7671
vn 0.0537 -0.6397 0.7667
vn 0.0541 -0.6397 0.7667
vn 0.0253 -0.6420 0.7663
vn 0.0254 -0.6422 0.7661
vn 0.0150 -0.6428 0.7659
vn 0.0105 0.8651 -0.5014
vn 0.0170 0.8636 -0.5039
vn 0.0267 0.8599 -0.5097
vn 0.0267 0.8599 -0.5098
vn 0.0310 0.8552 -0.5173
vn 0.0325 0.8498 -0.5260
vn 0.0325 0.8498 -0.5261
vn 0.0325 0.8439 -0.5355
vn 0.0316 0.8376 -0.5453
vn 0.0316 0.8376 -0.5454
vn 0.0302 0.8310 -0.5554
vn 0.0285 0.8243 -0.5654
vn 0.0267 0.8174 -0.5754
vn 0.0266 0.8174 -0.5754
vn 0.0248 0.8106 -0.5851
vn 0.0232 0.8037 -0.5945
vn 0.0232 0.8037 -0.5946
vn 0.0217 0.7970 -0.6036
vn 0.0204 0.7904 -0.6122
vn 0.0194 0.7841 -0.6204
vn 0.0187 0.7779 -0.6281
vn 0.0186 0.7779 -0.6281
vn 0.0182 0.7721 -0.6352
vn 0.0180 0.7666 -0.6418
vn 0.0181 0.7615 -0.6479
vn 0.0184 0.7568 -0.6534
vn 0.0190 0.7526 -0.6582
vn 0.0190 0.7525 -0.6583
vn 0.0198 0.7488 -0.6626
vn 0.0208 0.7454 -0.6662
vn 0.0208 0.7455 -0.6662
vn 0.0220 0.7426 -0.6693
vn 0.0220 0.7427 -0.6693
vn 0.0233 0.7403 -0.6718
vn 0.0233 0.7404 -0.6718
vn 0.0247 0.7386 -0.6737
vn 0.0262 0.7376 -0.6747
vn 0.0280 0.7372 -0.6751
vn 0.0300 0.7367 -0.6756
vn 0.0299 0.7365 -0.6758
vn 0.0324 0.7360 -0.6762
vn 0.0325 0.7363 -0.6759
vn 0.0354 0.7355 -0.6766
vn 0.0388 0.7348 -0.6772
vn 0.0388 0.7347 -0.6772
vn 0.0421 0.7336 -0.6783
vn 0.0453 0.7322 -0.6796
vn 0.0453 0.7323 -0.6795
vn 0.0484 0.7305 -0.6812
vn 0.0515 0.7285 -0.6831
vn 0.0545 0.7262 -0.6853
vn 0.0545 0.7263 -0.6853
vn 0.0575 0.7237 -0.6877
vn 0.0575 0.7238 -0.6877
vn 0.0605 0.7210 -0.6903
vn 0.0605 0.7209 -0.6903
vn 0.0634 0.7179 -0.6933
vn 0.0662 0.7146 -0.6964
vn 0.0689 0.7110 -0.6998
vn 0.0715 0.7071 -0.7035
vn 0.0739 0.7030 -0.7074
vn 0.0760 0.6986 -0.7115
vn 0.0778 0.6939 -0.7159
vn 0.0792 0.6889 -0.7205
vn 0.0792 0.6890 -0.7205
vn 0.0799 0.6838 -0.7253
vn 0.0799 0.6837 -0.7253
vn 0.0799 0.6783 -0.7304
vn 0.0799 0.6783 -0.7305
vn 0.0788 0.6726 -0.7358
vn 0.0761 0.6666 -0.7415
vn 0.0714 0.6606 -0.7474
vn 0.0714 0.6605 -0.7474
vn 0.0639 0.6545 -0.7534
vn 0.0639 0.6545 -0.7533
vn 0.0521 0.6489 -0.7591
vn 0.0336 0.6446 -0.7638
vn 0.0336 0.6447 -0.7637
vn 0.0158 0.6428 -0.7658
vn 0.0158 0.6429 -0.7658
vn 0.0095 0.6428 -0.7660
vt 0.000000 0.000000
vt 0.000000 0.420952
vt 0.062500 0.420952
vt 0.062500 0.000000
vt 0.125000 0.420952
vt 0.125000 0.000000
vt 0.187500 0.420952
vt 0.187500 0.000000
vt 0.250000 0.420952
vt 0.250000 0.000000
vt 0.312500 0.420952
vt 0.312500 0.000000
vt 0.375000 0.420952
vt 0.375000 0.000000
vt 0.437500 0.420952
vt 0.437500 0.000000
vt 0.500000 0.420952
vt 0.500000 0.000000
vt 0.562500 0.420952
vt 0.562500 0.000000
vt 0.625000 0.420952
vt 0.625000 0.000000
vt 0.687500 0.420952
vt 0.687500 0.000000
vt 0.750000 0.420952
vt 0.750000 0.000000
vt 0.812500 0.420952
vt 0.812500 0.000000
vt 0.875000 0.420952
vt 0.875000 0.000000
vt 0.937500 0.420952
vt 0.937500 0.000000
vt 1.000000 0.420952
vt 1.000000 0.000000
vt 0.000000 0.838153
vt 0.062500 0.838153
vt 0.125000 0.838153
vt 0.187500 0.838153
vt 0.250000 0.838153
vt 0.312500 0.838153
vt 0.375000 0.838153
vt 0.437500 0.838153
vt 0.500000 0.838153
vt 0.562500 0.838153
vt 0.625000 0.838153
vt 0.687500 0.838153
vt 0.750000 0.838153
vt 0.812500 0.838153
vt 0.875000 0.838153
vt 0.937500 0.838153
vt 1.000000 0.838153
vt 0.000000 1.252295
vt 0.062500 1.252295
vt 0.125000 1.252295
vt 0.187500 1.252295
vt 0.250000 1.252295
vt 0.312500 1.252295
vt 0.375000 1.252295
vt 0.437500 1.252295
vt 0.500000 1.252295
vt 0.562500 1.252295
vt 0.625000 1.252295
vt 0.687500 1.252295
vt 0.750000 1.252295
vt 0.812500 1.252295
vt 0.875000 1.252295
vt 0.937500 1.252295
vt 1.000000 1.252295
vt 0.000000 1.664067
vt 0.062500 1.664067
vt 0.125000 1.664067
vt 0.187500 1.664067
vt 0.250000 1.664067
vt 0.312500 1.664067
vt 0.375000 1.664067
vt 0.437500 1.664067
vt 0.500000 1.664067
vt 0.562500 1.664067
vt 0.625000 1.664067
vt 0.687500 1.664067
vt 0.750000 1.664067
vt 0.812500 1.664067
vt 0.875000 1.664067
vt 0.937500 1.664067
vt 1.000000 1.664067
vt 0.000000 2.074000
vt 0.062500 2.074000
vt 0.125000 2.074000
vt 0.187500 2.074000
vt 0.250000 2.074000
vt 0.312500 2.074000
vt 0.375000 2.074000
vt 0.437500 2.074000
vt 0.500000 2.074000
vt 0.562500 2.074000
vt 0.625000 2.074000
vt 0.687500 2.074000
vt 0.750000 2.074000
vt 0.812500 2.074000
vt 0.875000 2.074000
vt 0.937500 2.074000
vt 1.000000 2.074000
vt 0.000000 2.482483
vt 0.062500 2.482483
vt 0.125000 2.482483
vt 0.187500 2.482483
vt 0.250000 2.482483
vt 0.312500 2.482483
vt 0.375000 2.482483
vt 0.437500 2.482483
vt 0.500000 2.482483
vt 0.562500 2.482483
vt 0.625000 2.482483
vt 0.687500 2.482483
vt 0.750000 2.482483
vt 0.812500 2.482483
vt 0.875000 2.482483
vt 0.937500 2.482483
vt 1.000000 2.482483
vt 0.000000 2.889807
vt 0.062500 2.889807
vt 0.125000 2.889807
vt 0.187500 2.889807
vt 0.250000 2.889807
vt 0.312500 2.889807
vt 0.375000 2.889807
vt 0.437500 2.889807
vt 0.500000 2.889807
vt 0.562500 2.889807
vt 0.625000 2.889807
vt 0.687500 2.889807
vt 0.750000 2.889807
vt 0.812500 2.889807
vt 0.875000 2.889807
vt 0.937500 2.889807
vt 1.000000 2.889807
vt 0.000000 3.296188
vt 0.062500 3.296188
vt 0.125000 3.296188
vt 0.187500 3.296188
vt 0.250000 3.296188
vt 0.312500 3.296188
vt 0.375000 3.296188
vt 0.437500 3.296188
vt 0.500000 3.296188
vt 0.562500 3.296188
vt 0.625000 3.296188
vt 0.687500 3.296188
vt 0.750000 3.296188
vt 0.812500 3.296188
vt 0.875000 3.296188
vt 0.937500 3.296188
vt 1.000000 3.296188
vt 0.000000 3.701787
vt 0.062500 3.701787
vt 0.125000 3.701787
vt 0.187500 3.701787
vt 0.250000 3.701787
vt 0.312500 3.701787
vt 0.375000 3.701787
vt 0.437500 3.701787
vt 0.500000 3.701787
vt 0.562500 3.701787
vt 0.625000 3.701787
vt 0.687500 3.701787
vt 0.750000 3.701787
vt 0.812500 3.701787
vt 0.875000 3.701787
vt 0.937500 3.701787
vt 1.000000 3.701787
vt 0.000000 4.106737
vt 0.062500 4.106737
vt 0.125000 4.106737
vt 0.187500 4.106737
vt 0.250000 4.106737
vt 0.312500 4.106737
vt 0.375000 4.106737
vt 0.437500 4.106737
vt 0.500000 4.106737
vt 0.562500 4.106737
vt 0.625000 4.106737
vt 0.687500 4.106737
vt 0.750000 4.106737
vt 0.812500 4.106737
vt 0.875000 4.106737
vt 0.937500 4.106737
vt 1.000000 4.106737
vt 0.000000 4.511136
vt 0.062500 4.511136
vt 0.125000 4.511136
vt 0.187500 4.511136
vt 0.250000 4.511136
vt 0.312500 4.511136
vt 0.375000 4.511136
vt 0.437500 4.511136
vt 0.500000 4.511136
vt 0.562500 4.511136
vt 0.625000 4.511136
vt 0.687500 4.511136
vt 0.750000 4.511136
vt 0.812500 4.511136
vt 0.875000 4.511136
vt 0.937500 4.511136
vt 1.000000 4.511136
vt 0.000000 4.915063
vt 0.062500 4.915063
vt 0.125000 4.915063
vt 0.187500 4.915063
vt 0.250000 4.915063
vt 0.312500 4.915063
vt 0.375000 4.915063
vt 0.437500 4.915063
vt 0.500000 4.915063
vt 0.562500 4.915063
vt 0.625000 4.915063
vt 0.687500 4.915063
vt 0.750000 4.915063
vt 0.812500 4.915063
vt 0.875000 4.915063
vt 0.937500 4.915063
vt 1.000000 4.915063
vt 0.000000 5.318585
vt 0.062500 5.318585
vt 0.125000 5.318585
vt 0.187500 5.318585
vt 0.250000 5.318585
vt 0.312500 5.318585
vt 0.375000 5.318585
vt 0.437500 5.318585
vt 0.500000 5.318585
vt 0.562500 5.318585
vt 0.625000 5.318585
vt 0.687500 5.318585
vt 0.750000 5.318585
vt 0.812500 5.318585
vt 0.875000 5.318585
vt 0.937500 5.318585
vt 1.000000 5.318585
vt 0.000000 5.721755
vt 0.062500 5.721755
vt 0.125000 5.721755
vt 0.187500 5.721755
vt 0.250000 5.721755
vt 0.312500 5.721755
vt 0.375000 5.721755
vt 0.437500 5.721755
vt 0.500000 5.721755
vt 0.562500 5.721755
vt 0.625000 5.721755
vt 0.687500 5.721755
vt 0.750000 5.721755
vt 0.812500 5.721755
vt 0.875000 5.721755
vt 0.937500 5.721755
vt 1.000000 5.721755
vt 0.000000 6.124618
vt 0.062500 6.124618
vt 0.125000 6.124618
vt 0.187500 6.124618
vt 0.250000 6.124618
vt 0.312500 6.124618
vt 0.375000 6.124618
vt 0.437500 6.124618
vt 0.500000 6.124618
vt 0.562500 6.124618
vt 0.625000 6.124618
vt 0.687500 6.124618
vt 0.750000 6.124618
vt 0.812500 6.124618
vt 0.875000 6.124618
vt 0.937500 6.124618
vt 1.000000 6.124618
vt 0.000000 6.527211
vt 0.062500 6.527211
vt 0.125000 6.527211
vt 0.187500 6.527211
vt 0.250000 6.527211
vt 0.312500 6.527211
vt 0.375000 6.527211
vt 0.437500 6.527211
vt 0.500000 6.527211
vt 0.562500 6.527211
vt 0.625000 6.527211
vt 0.687500 6.527211
vt 0.750000 6.527211
vt 0.812500 6.527211
vt 0.875000 6.527211
vt 0.937500 6.527211
vt 1.000000 6.527211
vt 0.000000 6.929565
vt 0.062500 6.929565
vt 0.125000 6.929565
vt 0.187500 6.929565
vt 0.250000 6.929565
vt 0.312500 6.929565
vt 0.375000 6.929565
vt 0.437500 6.929565
vt 0.500000 6.929565
vt 0.562500 6.929565
vt 0.625000 6.929565
vt 0.687500 6.929565
vt 0.750000 6.929565
vt 0.812500 6.929565
vt 0.875000 6.929565
vt 0.937500 6.929565
vt 1.000000 6.929565
vt 0.000000 7.331707
vt 0.062500 7.331707
vt 0.125000 7.331707
vt 0.187500 7.331707
vt 0.250000 7.331707
vt 0.312500 7.331707
vt 0.375000 7.331707
vt 0.437500 7.331707
vt 0.500000 7.331707
vt 0.562500 7.331707
vt 0.625000 7.331707
vt 0.687500 7.331707
vt 0.750000 7.331707
vt 0.812500 7.331707
vt 0.875000 7.331707
vt 0.937500 7.331707
vt 1.000000 7.331707
vt 0.000000 7.733660
vt 0.062500 7.733660
vt 0.125000 7.733660
vt 0.187500 7.733660
vt 0.250000 7.733660
vt 0.312500 7.733660
vt 0.375000 7.733660
vt 0.437500 7.733660
vt 0.500000 7.733660
vt 0.562500 7.733660
vt 0.625000 7.733660
vt 0.687500 7.733660
vt 0.750000 7.733660
vt 0.812500 7.733660
vt 0.875000 7.733660
vt 0.937500 7.733660
vt 1.000000 7.733660
vt 0.000000 8.135444
vt 0.062500 8.135444
vt 0.125000 8.135444
vt 0.187500 8.135444
vt 0.250000 8.135444
vt 0.312500 8.135444
vt 0.375000 8.135444
vt 0.437500 8.135444
vt 0.500000 8.135444
vt 0.562500 8.135444
vt 0.625000 8.135444
vt 0.687500 8.135444
vt 0.750000 8.135444
vt 0.812500 8.135444
vt 0.875000 8.135444
vt 0.937500 8.135444
vt 1.000000 8.135444
vt 0.000000 8.537074
vt 0.062500 8.537074
vt 0.125000 8.537074
vt 0.187500 8.537074
vt 0.250000 8.537074
vt 0.312500 8.537074
vt 0.375000 8.537074
vt 0.437500 8.537074
vt 0.500000 8.537074
vt 0.562500 8.537074
vt 0.625000 8.537074
vt 0.687500 8.537074
vt 0.750000 8.537074
vt 0.812500 8.537074
vt 0.875000 8.537074
vt 0.937500 8.537074
vt 1.000000 8.537074
vt 0.000000 8.938568
vt 0.062500 8.938568
vt 0.125000 8.938568
vt 0.187500 8.938568
vt 0.250000 8.938568
vt 0.312500 8.938568
vt 0.375000 8.938568
vt 0.437500 8.938568
vt 0.500000 8.938568
vt 0.562500 8.938568
vt 0.625000 8.938568
vt 0.687500 8.938568
vt 0.750000 8.938568
vt 0.812500 8.938568
vt 0.875000 8.938568
vt 0.937500 8.938568
vt 1.000000 8.938568
vt 0.000000 9.339936
vt 0.062500 9.339936
vt 0.125000 9.339936
vt 0.187500 9.339936
vt 0.250000 9.339936
vt 0.312500 9.339936
vt 0.375000 9.339936
vt 0.437500 9.339936
vt 0.500000 9.339936
vt 0.562500 9.339936
vt 0.625000 9.339936
vt 0.687500 9.339936
vt 0.750000 9.339936
vt 0.812500 9.339936
vt 0.875000 9.339936
vt 0.937500 9.339936
vt 1.000000 9.339936
vt 0.000000 9.741192
vt 0.062500 9.741192
vt 0.125000 9.741192
vt 0.187500 9.741192
vt 0.250000 9.741192
vt 0.312500 9.741192
vt 0.375000 9.741192
vt 0.437500 9.741192
vt 0.500000 9.741192
vt 0.562500 9.741192
vt 0.625000 9.741192
vt 0.687500 9.741192
vt 0.750000 9.741192
vt 0.812500 9.741192
vt 0.875000 9.741192
vt 0.937500 9.741192
vt 1.000000 9.741192
vt 0.000000 10.142346
vt 0.062500 10.142346
vt 0.125000 10.142346
vt 0.187500 10.142346
vt 0.250000 10.142346
vt 0.312500 10.142346
vt 0.375000 10.142346
vt 0.437500 10.142346
vt 0.500000 10.142346
vt 0.562500 10.142346
vt 0.625000 10.142346
vt 0.687500 10.142346
vt 0.750000 10.142346
vt 0.812500 10.142346
vt 0.875000 10.142346
vt 0.937500 10.142346
vt 1.000000 10.142346
vt 0.000000 10.543404
vt 0.062500 10.543404
vt 0.125000 10.543404
vt 0.187500 10.543404
vt 0.250000 10.543404
vt 0.312500 10.543404
vt 0.375000 10.543404
vt 0.437500 10.543404
vt 0.500000 10.543404
vt 0.562500 10.543404
vt 0.625000 10.543404
vt 0.687500 10.543404
vt 0.750000 10.543404
vt 0.812500 10.543404
vt 0.875000 10.543404
vt 0.937500 10.543404
vt 1.000000 10.543404
vt 0.000000 10.944377
vt 0.062500 10.944377
vt 0.125000 10.944377
vt 0.187500 10.944377
vt 0.250000 10.944377
vt 0.312500 10.944377
vt 0.375000 10.944377
vt 0.437500 10.944377
vt 0.500000 10.944377
vt 0.562500 10.944377
vt 0.625000 10.944377
vt 0.687500 10.944377
vt 0.750000 10.944377
vt 0.812500 10.944377
vt 0.875000 10.944377
vt 0.937500 10.944377
vt 1.000000 10.944377
vt 0.000000 11.345270
vt 0.062500 11.345270
vt 0.125000 11.345270
vt 0.187500 11.345270
vt 0.250000 11.345270
vt 0.312500 11.345270
vt 0.375000 11.345270
vt 0.437500 11.345270
vt 0.500000 11.345270
vt 0.562500 11.345270
vt 0.625000 11.345270
vt 0.687500 11.345270
vt 0.750000 11.345270
vt 0.812500 11.345270
vt 0.875000 11.345270
vt 0.937500 11.345270
vt 1.000000 11.345270
vt 0.000000 11.717927
vt 0.062500 11.717927
vt 0.125000 11.717927
vt 0.187500 11.717927
vt 0.250000 11.717927
vt 0.312500 11.717927
vt 0.375000 11.717927
vt 0.437500 11.717927
vt 0.500000 11.717927
vt 0.562500 11.717927
vt 0.625000 11.717927
vt 0.687500 11.717927
vt 0.750000 11.717927
vt 0.812500 11.717927
vt 0.875000 11.717927
vt 0.937500 11.717927
vt 1.000000 11.717927
vt 0.000000 12.112916
vt 0.062500 12.112916
vt 0.125000 12.112916
vt 0.187500 12.112916
vt 0.250000 12.112916
vt 0.312500 12.112916
vt 0.375000 12.112916
vt 0.437500 12.112916
vt 0.500000 12.112916
vt 0.562500 12.112916
vt 0.625000 12.112916
vt 0.687500 12.112916
vt 0.750000 12.112916
vt 0.812500 12.112916
vt 0.875000 12.112916
vt 0.937500 12.112916
vt 1.000000 12.112916
vt 0.000000 12.507844
vt 0.062500 12.507844
vt 0.125000 12.507844
vt 0.187500 12.507844
vt 0.250000 12.507844
vt 0.312500 12.507844
vt 0.375000 12.507844
vt 0.437500 12.507844
vt 0.500000 12.507844
vt 0.562500 12.507844
vt 0.625000 12.507844
vt 0.687500 12.507844
vt 0.750000 12.507844
vt 0.812500 12.507844
vt 0.875000 12.507844
vt 0.937500 12.507844
vt 1.000000 12.507844
vt 0.000000 12.902707
vt 0.062500 12.902707
vt 0.125000 12.902707
vt 0.187500 12.902707
vt 0.250000 12.902707
vt 0.312500 12.902707
vt 0.375000 12.902707
vt 0.437500 12.902707
vt 0.500000 12.902707
vt 0.562500 12.902707
vt 0.625000 12.902707
vt 0.687500 12.902707
vt 0.750000 12.902707
vt 0.812500 12.902707
vt 0.875000 12.902707
vt 0.937500 12.902707
vt 1.000000 12.902707
vt 0.000000 13.297486
vt 0.062500 13.297486
vt 0.125000 13.297486
vt 0.187500 13.297486
vt 0.250000 13.297486
vt 0.312500 13.297486
vt 0.375000 13.297486
vt 0.437500 13.297486
vt 0.500000 13.297486
vt 0.562500 13.297486
vt 0.625000 13.297486
vt 0.687500 13.297486
vt 0.750000 13.297486
vt 0.812500 13.297486
vt 0.875000 13.297486
vt 0.937500 13.297486
vt 1.000000 13.297486
vt 0.000000 13.692173
vt 0.062500 13.692173
vt 0.125000 13.692173
vt 0.187500 13.692173
vt 0.250000 13.692173
vt 0.312500 13.692173
vt 0.375000 13.692173
vt 0.437500 13.692173
vt 0.500000 13.692173
vt 0.562500 13.692173
vt 0.625000 13.692173
vt 0.687500 13.692173
vt 0.750000 13.692173
vt 0.812500 13.692173
vt 0.875000 13.692173
vt 0.937500 13.692173
vt 1.000000 13.692173
vt 0.000000 14.086750
vt 0.062500 14.086750
vt 0.125000 14.086750
vt 0.187500 14.086750
vt 0.250000 14.086750
vt 0.312500 14.086750
vt 0.375000 14.086750
vt 0.437500 14.086750
vt 0.500000 14.086750
vt 0.562500 14.086750
vt 0.625000 14.086750
vt 0.687500 14.086750
vt 0.750000 14.086750
vt 0.812500 14.086750
vt 0.875000 14.086750
vt 0.937500 14.086750
vt 1.000000 14.086750
vt 0.000000 14.481210
vt 0.062500 14.481210
vt 0.125000 14.481210
vt 0.187500 14.481210
vt 0.250000 14.481210
vt 0.312500 14.481210
vt 0.375000 14.481210
vt 0.437500 14.481210
vt 0.500000 14.481210
vt 0.562500 14.481210
vt 0.625000 14.481210
vt 0.687500 14.481210
vt 0.750000 14.481210
vt 0.812500 14.481210
vt 0.875000 14.481210
vt 0.937500 14.481210
vt 1.000000 14.481210
vt 0.000000 14.875526
vt 0.062500 14.875526
vt 0.125000 14.875526
vt 0.187500 14.875526
vt 0.250000 14.875526
vt 0.312500 14.875526
vt 0.375000 14.875526
vt 0.437500 14.875526
vt 0.500000 14.875526
vt 0.562500 14.875526
vt 0.625000 14.875526
vt 0.687500 14.875526
vt 0.750000 14.875526
vt 0.812500 14.875526
vt 0.875000 14.875526
vt 0.937500 14.875526
vt 1.000000 14.875526
vt 0.000000 15.269685
vt 0.062500 15.269685
vt 0.125000 15.269685
vt 0.187500 15.269685
vt 0.250000 15.269685
vt 0.312500 15.269685
vt 0.375000 15.269685
vt 0.437500 15.269685
vt 0.500000 15.269685
vt 0.562500 15.269685
vt 0.625000 15.269685
vt 0.687500 15.269685
vt 0.750000 15.269685
vt 0.812500 15.269685
vt 0.875000 15.269685
vt 0.937500 15.269685
vt 1.000000 15.269685
vt 0.000000 15.663659
vt 0.062500 15.663659
vt 0.125000 15.663659
vt 0.187500 15.663659
vt 0.250000 15.663659
vt 0.312500 15.663659
vt 0.375000 15.663659
vt 0.437500 15.663659
vt 0.500000 15.663659
vt 0.562500 15.663659
vt 0.625000 15.663659
vt 0.687500 15.663659
vt 0.750000 15.663659
vt 0.812500 15.663659
vt 0.875000 15.663659
vt 0.937500 15.663659
vt 1.000000 15.663659
vt 0.000000 16.057426
vt 0.062500 16.057426
vt 0.125000 16.057426
vt 0.187500 16.057426
vt 0.250000 16.057426
vt 0.312500 16.057426
vt 0.375000 16.057426
vt 0.437500 16.057426
vt 0.500000 16.057426
vt 0.562500 16.057426
vt 0.625000 16.057426
vt 0.687500 16.057426
vt 0.750000 16.057426
vt 0.812500 16.057426
vt 0.875000 16.057426
vt 0.937500 16.057426
vt 1.000000 16.057426
vt 0.000000 16.450954
vt 0.062500 16.450954
vt 0.125000 16.450954
vt 0.187500 16.450954
vt 0.250000 16.450954
vt 0.312500 16.450954
vt 0.375000 16.450954
vt 0.437500 16.450954
vt 0.500000 16.450954
vt 0.562500 16.450954
vt 0.625000 16.450954
vt 0.687500 16.450954
vt 0.750000 16.450954
vt 0.812500 16.450954
vt 0.875000 16.450954
vt 0.937500 16.450954
vt 1.000000 16.450954
vt 0.000000 16.844213
vt 0.062500 16.844213
vt 0.125000 16.844213
vt 0.187500 16.844213
vt 0.250000 16.844213
vt 0.312500 16.844213
vt 0.375000 16.844213
vt 0.437500 16.844213
vt 0.500000 16.844213
vt 0.562500 16.844213
vt 0.625000 16.844213
vt 0.687500 16.844213
vt 0.750000 16.844213
vt 0.812500 16.844213
vt 0.875000 16.844213
vt 0.937500 16.844213
vt 1.000000 16.844213
vt 0.000000 17.237160
vt 0.062500 17.237160
vt 0.125000 17.237160
vt 0.187500 17.237160
vt 0.250000 17.237160
vt 0.312500 17.237160
vt 0.375000 17.237160
vt 0.437500 17.237160
vt 0.500000 17.237160
vt 0.562500 17.237160
vt 0.625000 17.237160
vt 0.687500 17.237160
vt 0.750000 17.237160
vt 0.812500 17.237160
vt 0.875000 17.237160
vt 0.937500 17.237160
vt 1.000000 17.237160
vt 0.000000 17.629744
vt 0.062500 17.629744
vt 0.125000 17.629744
vt 0.187500 17.629744
vt 0.250000 17.629744
vt 0.312500 17.629744
vt 0.375000 17.629744
vt 0.437500 17.629744
vt 0.500000 17.629744
vt 0.562500 17.629744
vt 0.625000 17.629744
vt 0.687500 17.629744
vt 0.750000 17.629744
vt 0.812500 17.629744
vt 0.875000 17.629744
vt 0.937500 17.629744
vt 1.000000 17.629744
vt 0.000000 18.021919
vt 0.062500 18.021919
vt 0.125000 18.021919
vt 0.187500 18.021919
vt 0.250000 18.021919
vt 0.312500 18.021919
vt 0.375000 18.021919
vt 0.437500 18.021919
vt 0.500000 18.021919
vt 0.562500 18.021919
vt 0.625000 18.021919
vt 0.687500 18.021919
vt 0.750000 18.021919
vt 0.812500 18.021919
vt 0.875000 18.021919
vt 0.937500 18.021919
vt 1.000000 18.021919
vt 0.000000 18.413614
vt 0.062500 18.413614
vt 0.125000 18.413614
vt 0.187500 18.413614
vt 0.250000 18.413614
vt 0.312500 18.413614
vt 0.375000 18.413614
vt 0.437500 18.413614
vt 0.500000 18.413614
vt 0.562500 18.413614
vt 0.625000 18.413614
vt 0.687500 18.413614
vt 0.750000 18.413614
vt 0.812500 18.413614
vt 0.875000 18.413614
vt 0.937500 18.413614
vt 1.000000 18.413614
vt 0.000000 18.804745
vt 0.062500 18.804745
vt 0.125000 18.804745
vt 0.187500 18.804745
vt 0.250000 18.804745
vt 0.312500 18.804745
vt 0.375000 18.804745
vt 0.437500 18.804745
vt 0.500000 18.804745
vt 0.562500 18.804745
vt 0.625000 18.804745
vt 0.687500 18.804745
vt 0.750000 18.804745
vt 0.812500 18.804745
vt 0.875000 18.804745
vt 0.937500 18.804745
vt 1.000000 18.804745
vt 0.000000 19.195215
vt 0.062500 19.195215
vt 0.125000 19.195215
vt 0.187500 19.195215
vt 0.250000 19.195215
vt 0.312500 19.195215
vt 0.375000 19.195215
vt 0.437500 19.195215
vt 0.500000 19.195215
vt 0.562500 19.195215
vt 0.625000 19.195215
vt 0.687500 19.195215
vt 0.750000 19.195215
vt 0.812500 19.195215
vt 0.875000 19.195215
vt 0.937500 19.195215
vt 1.000000 19.195215
vt 0.000000 19.584896
vt 0.062500 19.584896
vt 0.125000 19.584896
vt 0.187500 19.584896
vt 0.250000 19.584896
vt 0.312500 19.584896
vt 0.375000 19.584896
vt 0.437500 19.584896
vt 0.500000 19.584896
vt 0.562500 19.584896
vt 0.625000 19.584896
vt 0.687500 19.584896
vt 0.750000 19.584896
vt 0.812500 19.584896
vt 0.875000 19.584896
vt 0.937500 19.584896
vt 1.000000 19.584896
vt 0.000000 19.973640
vt 0.062500 19.973640
vt 0.125000 19.973640
vt 0.187500 19.973640
vt 0.250000 19.973640
vt 0.312500 19.973640
vt 0.375000 19.973640
vt 0.437500 19.973640
vt 0.500000 19.973640
vt 0.562500 19.973640
vt 0.625000 19.973640
vt 0.687500 19.973640
vt 0.750000 19.973640
vt 0.812500 19.973640
vt 0.875000 19.973640
vt 0.937500 19.973640
vt 1.000000 19.973640
vt 0.000000 20.361238
vt 0.062500 20.361238
vt 0.125000 20.361238
vt 0.187500 20.361238
vt 0.250000 20.361238
vt 0.312500 20.361238
vt 0.375000 20.361238
vt 0.437500 20.361238
vt 0.500000 20.361238
vt 0.562500 20.361238
vt 0.625000 20.361238
vt 0.687500 20.361238
vt 0.750000 20.361238
vt 0.812500 20.361238
vt 0.875000 20.361238
vt 0.937500 20.361238
vt 1.000000 20.361238
vt 0.000000 20.747431
vt 0.062500 20.747431
vt 0.125000 20.747431
vt 0.187500 20.747431
vt 0.250000 20.747431
vt 0.312500 20.747431
vt 0.375000 20.747431
vt 0.437500 20.747431
vt 0.500000 20.747431
vt 0.562500 20.747431
vt 0.625000 20.747431
vt 0.687500 20.747431
vt 0.750000 20.747431
vt 0.812500 20.747431
vt 0.875000 20.747431
vt 0.937500 20.747431
vt 1.000000 20.747431
vt 0.000000 21.131884
vt 0.062500 21.131884
vt 0.125000 21.131884
vt 0.187500 21.131884
vt 0.250000 21.131884
vt 0.312500 21.131884
vt 0.375000 21.131884
vt 0.437500 21.131884
vt 0.500000 21.131884
vt 0.562500 21.131884
vt 0.625000 21.131884
vt 0.687500 21.131884
vt 0.750000 21.131884
vt 0.812500 21.131884
vt 0.875000 21.131884
vt 0.937500 21.131884
vt 1.000000 21.131884
vt 0.000000 21.514156
vt 0.062500 21.514156
vt 0.125000 21.514156
vt 0.187500 21.514156
vt 0.250000 21.514156
vt 0.312500 21.514156
vt 0.375000 21.514156
vt 0.437500 21.514156
vt 0.500000 21.514156
vt 0.562500 21.514156
vt 0.625000 21.514156
vt 0.687500 21.514156
vt 0.750000 21.514156
vt 0.812500 21.514156
vt 0.875000 21.514156
vt 0.937500 21.514156
vt 1.000000 21.514156
vt 0.000000 21.893732
vt 0.062500 21.893732
vt 0.125000 21.893732
vt 0.187500 21.893732
vt 0.250000 21.893732
vt 0.312500 21.893732
vt 0.375000 21.893732
vt 0.437500 21.893732
vt 0.500000 21.893732
vt 0.562500 21.893732
vt 0.625000 21.893732
vt 0.687500 21.893732
vt 0.750000 21.893732
vt 0.812500 21.893732
vt 0.875000 21.893732
vt 0.937500 21.893732
vt 1.000000 21.893732
vt 0.000000 22.000000
vt 0.062500 22.000000
vt 0.125000 22.000000
vt 0.187500 22.000000
vt 0.250000 22.000000
vt 0.312500 22.000000
vt 0.375000 22.000000
vt 0.437500 22.000000
vt 0.500000 22.000000
vt 0.562500 22.000000
vt 0.625000 22.000000
vt 0.687500 22.000000
vt 0.750000 22.000000
vt 0.812500 22.000000
vt 0.875000 22.000000
vt 0.937500 22.000000
vt 1.000000 22.000000
s 1
usemtl track_surface
f 6318/4592/5499 6335/4593/5500 6336/4594/5501 6319/4595/5499
f 6319/4595/5499 6336/4594/5501 6337/4596/5502 6320/4597/5499
f 6320/4597/5499 6337/4596/5502 6338/4598/5503 6321/4599/5499
f 6321/4599/5499 6338/4598/5503 6339/4600/5504 6322/4601/5499
f 6322/4601/5499 6339/4600/5504 6340/4602/5505 6323/4603/5499
f 6323/4603/5499 6340/4602/5505 6341/4604/5506 6324/4605/5499
f 6324/4605/5499 6341/4604/5506 6342/4606/5507 6325/4607/5499
f 6325/4607/5499 6342/4606/5507 6343/4608/5508 6326/4609/5509
f 6326/4609/5509 6343/4608/5508 6344/4610/5510 6327/4611/5499
f 6327/4611/5499 6344/4610/5510 6345/4612/5511 6328/4613/5499
f 6328/4613/5499 6345/4612/5511 6346/4614/5512 6329/4615/5499
f 6329/4615/5499 6346/4614/5512 6347/4616/5513 6330/4617/5509
f 6330/4617/5509 6347/4616/5513 6348/4618/5514 6331/4619/5509
f 6331/4619/5509 6348/4618/5514 6349/4620/5515 6332/4621/5509
f 6332/4621/5509 6349/4620/5515 6350/4622/5516 6333/4623/5509
f 6333/4623/5509 6350/4622/5516 6351/4624/5517 6334/4625/5509
f 6335/4593/5500 6352/4626/5518 6353/4627/5519 6336/4594/5501
f 6336/4594/5501 6353/4627/5519 6354/4628/5520 6337/4596/5502
f 6337/4596/5502 6354/4628/5520 6355/4629/5521 6338/4598/5503
f 6338/4598/5503 6355/4629/5521 6356/4630/5522 6339/4600/5504
f 6339/4600/5504 6356/4630/5522 6357/4631/5523 6340/4602/5505
f 6340/4602/5505 6357/4631/5523 6358/4632/5524 6341/4604/5506
f 6341/4604/5506 6358/4632/5524 6359/4633/5525 6342/4606/5507
f 6342/4606/5507 6359/4633/5525 6360/4634/5526 6343/4608/5508
f 6343/4608/5508 6360/4634/5526 6361/4635/5527 6344/4610/5510
f 6344/4610/5510 6361/4635/5527 6362/4636/5528 6345/4612/5511
f 6345/4612/5511 6362/4636/5528 6363/4637/5529 6346/4614/5512
f 6346/4614/5512 6363/4637/5529 6364/4638/5530 6347/4616/5513
f 6347/4616/5513 6364/4638/5530 6365/4639/5531 6348/4618/5514
f 6348/4618/5514 6365/4639/5531 6366/4640/5532 6349/4620/5515
f 6349/4620/5515 6366/4640/5532 6367/4641/5533 6350/4622/5516
f 6350/4622/5516 6367/4641/5533 6368/4642/5534 6351/4624/5517
f 6352/4626/5518 6369/4643/5535 6370/4644/5536 6353/4627/5519
f 6353/4627/5519 6370/4644/5536 6371/4645/5537 6354/4628/5520
f 6354/4628/5520 6371/4645/5537 6372/4646/5538 6355/4629/5521
f 6355/4629/5521 6372/4646/5538 6373/4647/5539 6356/4630/5522
f 6356/4630/5522 6373/4647/5539 6374/4648/5540 6357/4631/5523
f 6357/4631/5523 6374/4648/5540 6375/4649/5541 6358/4632/5524
f 6358/4632/5524 6375/4649/5541 6376/4650/5542 6359/4633/5525
f 6359/4633/5525 6376/4650/5542 6377/4651/5543 6360/4634/5526
f 6360/4634/5526 6377/4651/5543 6378/4652/5544 6361/4635/5527
f 6361/4635/5527 6378/4652/5544 6379/4653/5545 6362/4636/5528
f 6362/4636/5528 6379/4653/5545 6380/4654/5546 6363/4637/5529
f 6363/4637/5529 6380/4654/5546 6381/4655/5547 6364/4638/5530
f 6364/4638/5530 6381/4655/5547 6382/4656/5548 6365/4639/5531
f 6365/4639/5531 6382/4656/5548 6383/4657/5549 6366/4640/5532
f 6366/4640/5532 6383/4657/5549 6384/4658/5550 6367/4641/5533
f 6367/4641/5533 6384/4658/5550 6385/4659/5551 6368/4642/5534
f 6369/4643/5535 6386/4660/5552 6387/4661/5553 6370/4644/5536
f 6370/4644/5536 6387/4661/5553 6388/4662/5554 6371/4645/5537
f 6371/4645/5537 6388/4662/5554 6389/4663/5555 6372/4646/5538
f 6372/4646/5538 6389/4663/5555 6390/4664/5556 6373/4647/5539
f 6373/4647/5539 6390/4664/5556 6391/4665/5557 6374/4648/5540
f 6374/4648/5540 6391/4665/5557 6392/4666/5558 6375/4649/5541
f 6375/4649/5541 6392/4666/5558 6393/4667/5559 6376/4650/5542
f 6376/4650/5542 6393/4667/5559 6394/4668/5560 6377/4651/5543
f 6377/4651/5543 6394/4668/5560 6395/4669/5561 6378/4652/5544
f 6378/4652/5544 6395/4669/5561 6396/4670/5562 6379/4653/5545
f 6379/4653/5545 6396/4670/5562 6397/4671/5563 6380/4654/5546
f 6380/4654/5546 6397/4671/5563 6398/4672/5564 6381/4655/5547
f 6381/4655/5547 6398/4672/5564 6399/4673/5565 6382/4656/5548
f 6382/4656/5548 6399/4673/5565 6400/4674/5566 6383/4657/5549
f 6383/4657/5549 6400/4674/5566 6401/4675/5567 6384/4658/5550
f 6384/4658/5550 6401/4675/5567 6402/4676/5568 6385/4659/5551
f 6386/4660/5552 6403/4677/5569 6404/4678/5570 6387/4661/5553
f 6387/4661/5553 6404/4678/5570 6405/4679/5571 6388/4662/5554
f 6388/4662/5554 6405/4679/5571 6406/4680/5572 6389/4663/5555
f 6389/4663/5555 6406/4680/5572 6407/4681/5573 6390/4664/5556
f 6390/4664/5556 6407/4681/5573 6408/4682/5574 6391/4665/5557
f 6391/4665/5557 6408/4682/5574 6409/4683/5575 6392/4666/5558
f 6392/4666/5558 6409/4683/5575 6410/4684/5576 6393/4667/5559
f 6393/4667/5559 6410/4684/5576 6411/4685/5577 6394/4668/5560
f 6394/4668/5560 6411/4685/5577 6412/4686/5578 6395/4669/5561
f 6395/4669/5561 6412/4686/5578 6413/4687/5579 6396/4670/5562
f 6396/4670/5562 6413/4687/5579 6414/4688/5580 6397/4671/5563
f 6397/4671/5563 6414/4688/5580 6415/4689/5581 6398/4672/5564
f 6398/4672/5564 6415/4689/5581 6416/4690/5582 6399/4673/5565
f 6399/4673/5565 6416/4690/5582 6417/4691/5583 6400/4674/5566
f 6400/4674/5566 6417/4691/5583 6418/4692/5584 6401/4675/5567
f 6401/4675/5567 6418/4692/5584 6419/4693/5585 6402/4676/5568
f 6403/4677/5569 6420/4694/5586 6421/4695/5587 6404/4678/5570
f 6404/4678/5570 6421/4695/5587 6422/4696/5588 6405/4679/5571
f 6405/4679/5571 6422/4696/5588 6423/4697/5589 6406/4680/5572
f 6406/4680/5572 6423/4697/5589 6424/4698/5590 6407/4681/5573
f 6407/4681/5573 6424/4698/5590 6425/4699/5591 6408/4682/5574
f 6408/4682/5574 6425/4699/5591 6426/4700/5592 6409/4683/5575
f 6409/4683/5575 6426/4700/5592 6427/4701/5593 6410/4684/5576
f 6410/4684/5576 6427/4701/5593 6428/4702/5594 6411/4685/5577
f 6411/4685/5577 6428/4702/5594 6429/4703/5595 6412/4686/5578
f 6412/4686/5578 6429/4703/5595 6430/4704/5596 6413/4687/5579
f 6413/4687/5579 6430/4704/5596 6431/4705/5597 6414/4688/5580
f 6414/4688/5580 6431/4705/5597 6432/4706/5598 6415/4689/5581
f 6415/4689/5581 6432/4706/5598 6433/4707/5599 6416/4690/5582
f 6416/4690/5582 6433/4707/5599 6434/4708/5600 6417/4691/5583
f 6417/4691/5583 6434/4708/5600 6435/4709/5601 6418/4692/5584
f 6418/4692/5584 6435/4709/5601 6436/4710/5602 6419/4693/5585
f 6420/4694/5586 6437/4711/5603 6438/4712/5604 6421/4695/5587
f 6421/4695/5587 6438/4712/5604 6439/4713/5605 6422/4696/5588
f 6422/4696/5588 6439/4713/5605 6440/4714/5606 6423/4697/5589
f 6423/4697/5589 6440/4714/5606 6441/4715/5607 6424/4698/5590
f 6424/4698/5590 6441/4715/5607 6442/4716/5608 6425/4699/5591
f 6425/4699/5591 6442/4716/5608 6443/4717/5609 6426/4700/5592
f 6426/4700/5592 6443/4717/5609 6444/4718/5610 6427/4701/5593
f 6427/4701/5593 6444/4718/5610 6445/4719/5611 6428/4702/5594
f 6428/4702/5594 6445/4719/5611 6446/4720/5612 6429/4703/5595
f 6429/4703/5595 6446/4720/5612 6447/4721/5613 6430/4704/5596
f 6430/4704/5596 6447/4721/5613 6448/4722/5614 6431/4705/5597
f 6431/4705/5597 6448/4722/5614 6449/4723/5615 6432/4706/5598
f 6432/4706/5598 6449/4723/5615 6450/4724/5616 6433/4707/5599
f 6433/4707/5599 6450/4724/5616 6451/4725/5617 6434/4708/5600
f 6434/4708/5600 6451/4725/5617 6452/4726/5618 6435/4709/5601
f 6435/4709/5601 6452/4726/5618 6453/4727/5619 6436/4710/5602
f 6437/4711/5603 6454/4728/5620 6455/4729/5621 6438/4712/5604
f 6438/4712/5604 6455/4729/5621 6456/4730/5622 6439/4713/5605
f 6439/4713/5605 6456/4730/5622 6457/4731/5623 6440/4714/5606
f 6440/4714/5606 6457/4731/5623 6458/4732/5624 6441/4715/5607
f 6441/4715/5607 6458/4732/5624 6459/4733/5625 6442/4716/5608
f 6442/4716/5608 6459/4733/5625 6460/4734/5626 6443/4717/5609
f 6443/4717/5609 6460/4734/5626 6461/4735/5627 6444/4718/5610
f 6444/4718/5610 6461/4735/5627 6462/4736/5628 6445/4719/5611
f 6445/4719/5611 6462/4736/5628 6463/4737/5629 6446/4720/5612
f 6446/4720/5612 6463/4737/5629 6464/4738/5630 6447/4721/5613
f 6447/4721/5613 6464/4738/5630 6465/4739/5631 6448/4722/5614
f 6448/4722/5614 6465/4739/5631 6466/4740/5632 6449/4723/5615
f 6449/4723/5615 6466/4740/5632 6467/4741/5633 6450/4724/5616
f 6450/4724/5616 6467/4741/5633 6468/4742/5634 6451/4725/5617
f 6451/4725/5617 6468/4742/5634 6469/4743/5635 6452/4726/5618
f 6452/4726/5618 6469/4743/5635 6470/4744/5636 6453/4727/5619
f 6454/4728/5620 6471/4745/5637 6472/4746/5638 6455/4729/5621
f 6455/4729/5621 6472/4746/5638 6473/4747/5639 6456/4730/5622
f 6456/4730/5622 6473/4747/5639 6474/4748/5640 6457/4731/5623
f 6457/4731/5623 6474/4748/5640 6475/4749/5641 6458/4732/5624
f 6458/4732/5624 6475/4749/5641 6476/4750/5642 6459/4733/5625
f 6459/4733/5625 6476/4750/5642 6477/4751/5643 6460/4734/5626
f 6460/4734/5626 6477/4751/5643 6478/4752/5644 6461/4735/5627
f 6461/4735/5627 6478/4752/5644 6479/4753/5645 6462/4736/5628
f 6462/4736/5628 6479/4753/5645 6480/4754/5646 6463/4737/5629
f 6463/4737/5629 6480/4754/5646 6481/4755/5647 6464/4738/5630
f 6464/4738/5630 6481/4755/5647 6482/4756/5648 6465/4739/5631
f 6465/4739/5631 6482/4756/5648 6483/4757/5649 6466/4740/5632
f 6466/4740/5632 6483/4757/5649 6484/4758/5650 6467/4741/5633
f 6467/4741/5633 6484/4758/5650 6485/4759/5651 6468/4742/5634
f 6468/4742/5634 6485/4759/5651 6486/4760/5652 6469/4743/5635
f 6469/4743/5635 6486/4760/5652 6487/4761/5653 6470/4744/5636
f 6471/4745/5637 6488/4762/5654 6489/4763/5655 6472/4746/5638
f 6472/4746/5638 6489/4763/5655 6490/4764/5656 6473/4747/5639
f 6473/4747/5639 6490/4764/5656 6491/4765/5657 6474/4748/5640
f 6474/4748/5640 6491/4765/5657 6492/4766/5658 6475/4749/5641
f 6475/4749/5641 6492/4766/5658 6493/4767/5659 6476/4750/5642
f 6476/4750/5642 6493/4767/5659 6494/4768/5660 6477/4751/5643
f 6477/4751/5643 6494/4768/5660 6495/4769/5661 6478/4752/5644
f 6478/4752/5644 6495/4769/5661 6496/4770/5662 6479/4753/5645
f 6479/4753/5645 6496/4770/5662 6497/4771/5663 6480/4754/5646
f 6480/4754/5646 6497/4771/5663 6498/4772/5664 6481/4755/5647
f 6481/4755/5647 6498/4772/5664 6499/4773/5665 6482/4756/5648
f 6482/4756/5648 6499/4773/5665 6500/4774/5666 6483/4757/5649
f 6483/4757/5649 6500/4774/5666 6501/4775/5667 6484/4758/5650
f 6484/4758/5650 6501/4775/5667 6502/4776/5668 6485/4759/5651
f 6485/4759/5651 6502/4776/5668 6503/4777/5669 6486/4760/5652
f 6486/4760/5652 6503/4777/5669 6504/4778/5670 6487/4761/5653
f 6488/4762/5654 6505/4779/5671 6506/4780/5672 6489/4763/5655
f 6489/4763/5655 6506/4780/5672 6507/4781/5673 6490/4764/5656
f 6490/4764/5656 6507/4781/5673 6508/4782/5674 6491/4765/5657
f 6491/4765/5657 6508/4782/5674 6509/4783/5675 6492/4766/5658
f 6492/4766/5658 6509/4783/5675 6510/4784/5676 6493/4767/5659
f 6493/4767/5659 6510/4784/5676 6511/4785/5677 6494/4768/5660
f 6494/4768/5660 6511/4785/5677 6512/4786/5678 6495/4769/5661
f 6495/4769/5661 6512/4786/5678 6513/4787/5679 6496/4770/5662
f 6496/4770/5662 6513/4787/5679 6514/4788/5680 6497/4771/5663
f 6497/4771/5663 6514/4788/5680 6515/4789/5681 6498/4772/5664
f 6498/4772/5664 6515/4789/5681 6516/4790/5682 6499/4773/5665
f 6499/4773/5665 6516/4790/5682 6517/4791/5683 6500/4774/5666
f 6500/4774/5666 6517/4791/5683 6518/4792/5684 6501/4775/5667
f 6501/4775/5667 6518/4792/5684 6519/4793/5685 6502/4776/5668
f 6502/4776/5668 6519/4793/5685 6520/4794/5686 6503/4777/5669
f 6503/4777/5669 6520/4794/5686 6521/4795/5687 6504/4778/5670
f 6505/4779/5671 6522/4796/5688 6523/4797/5689 6506/4780/5672
f 6506/4780/5672 6523/4797/5689 6524/4798/5690 6507/4781/5673
f 6507/4781/5673 6524/4798/5690 6525/4799/5691 6508/4782/5674
f 6508/4782/5674 6525/4799/5691 6526/4800/5692 6509/4783/5675
f 6509/4783/5675 6526/4800/5692 6527/4801/5693 6510/4784/5676
f 6510/4784/5676 6527/4801/5693 6528/4802/5694 6511/4785/5677
f 6511/4785/5677 6528/4802/5694 6529/4803/5695 6512/4786/5678
f 6512/4786/5678 6529/4803/5695 6530/4804/5696 6513/4787/5679
f 6513/4787/5679 6530/4804/5696 6531/4805/5697 6514/4788/5680
f 6514/4788/5680 6531/4805/5697 6532/4806/5698 6515/4789/5681
f 6515/4789/5681 6532/4806/5698 6533/4807/5699 6516/4790/5682
f 6516/4790/5682 6533/4807/5699 6534/4808/5700 6517/4791/5683
f 6517/4791/5683 6534/4808/5700 6535/4809/5701 6518/4792/5684
f 6518/4792/5684 6535/4809/5701 6536/4810/5702 6519/4793/5685
f 6519/4793/5685 6536/4810/5702 6537/4811/5703 6520/4794/5686
f 6520/4794/5686 6537/4811/5703 6538/4812/5704 6521/4795/5687
f 6522/4796/5688 6539/4813/5705 6540/4814/5706 6523/4797/5689
f 6523/4797/5689 6540/4814/5706 6541/4815/5707 6524/4798/5690
f 6524/4798/5690 6541/4815/5707 6542/4816/5708 6525/4799/5691
f 6525/4799/5691 6542/4816/5708 6543/4817/5709 6526/4800/5692
f 6526/4800/5692 6543/4817/5709 6544/4818/5710 6527/4801/5693
f 6527/4801/5693 6544/4818/5710 6545/4819/5711 6528/4802/5694
f 6528/4802/5694 6545/4819/5711 6546/4820/5712 6529/4803/5695
f 6529/4803/5695 6546/4820/5712 6547/4821/5713 6530/4804/5696
f 6530/4804/5696 6547/4821/5713 6548/4822/5714 6531/4805/5697
f 6531/4805/5697 6548/4822/5714 6549/4823/5715 6532/4806/5698
f 6532/4806/5698 6549/4823/5715 6550/4824/5716 6533/4807/5699
f 6533/4807/5699 6550/4824/5716 6551/4825/5717 6534/4808/5700
f 6534/4808/5700 6551/4825/5717 6552/4826/5718 6535/4809/5701
f 6535/4809/5701 6552/4826/5718 6553/4827/5719 6536/4810/5702
f 6536/4810/5702 6553/4827/5719 6554/4828/5720 6537/4811/5703
f 6537/4811/5703 6554/4828/5720 6555/4829/5721 6538/4812/5704
f 6539/4813/5705 6556/4830/5722 6557/4831/5723 6540/4814/5706
f 6540/4814/5706 6557/4831/5723 6558/4832/5724 6541/4815/5707
f 6541/4815/5707 6558/4832/5724 6559/4833/5725 6542/4816/5708
f 6542/4816/5708 6559/4833/5725 6560/4834/5726 6543/4817/5709
f 6543/4817/5709 6560/4834/5726 6561/4835/5727 6544/4818/5710
f 6544/4818/5710 6561/4835/5727 6562/4836/5728 6545/4819/5711
f 6545/4819/5711 6562/4836/5728 6563/4837/5729 6546/4820/5712
f 6546/4820/5712 6563/4837/5729 6564/4838/5730 6547/4821/5713
f 6547/4821/5713 6564/4838/5730 6565/4839/5731 6548/4822/5714
f 6548/4822/5714 6565/4839/5731 6566/4840/5732 6549/4823/5715
f 6549/4823/5715 6566/4840/5732 6567/4841/5733 6550/4824/5716
f 6550/4824/5716 6567/4841/5733 6568/4842/5734 6551/4825/5717
f 6551/4825/5717 6568/4842/5734 6569/4843/5735 6552/4826/5718
f 6552/4826/5718 6569/4843/5735 6570/4844/5736 6553/4827/5719
f 6553/4827/5719 6570/4844/5736 6571/4845/5737 6554/4828/5720
f 6554/4828/5720 6571/4845/5737 6572/4846/5738 6555/4829/5721
f 6556/4830/5722 6573/4847/5739 6574/4848/5740 6557/4831/5723
f 6557/4831/5723 6574/4848/5740 6575/4849/5741 6558/4832/5724
f 6558/4832/5724 6575/4849/5741 6576/4850/5742 6559/4833/5725
f 6559/4833/5725 6576/4850/5742 6577/4851/5743 6560/4834/5726
f 6560/4834/5726 6577/4851/5743 6578/4852/5744 6561/4835/5727
f 6561/4835/5727 6578/4852/5744 6579/4853/5745 6562/4836/5728
f 6562/4836/5728 6579/4853/5745 6580/4854/5746 6563/4837/5729
f 6563/4837/5729 6580/4854/5746 6581/4855/5747 6564/4838/5730
f 6564/4838/5730 6581/4855/5747 6582/4856/5748 6565/4839/5731
f 6565/4839/5731 6582/4856/5748 6583/4857/5749 6566/4840/5732
f 6566/4840/5732 6583/4857/5749 6584/4858/5750 6567/4841/5733
f 6567/4841/5733 6584/4858/5750 6585/4859/5751 6568/4842/5734
f 6568/4842/5734 6585/4859/5751 6586/4860/5752 6569/4843/5735
f 6569/4843/5735 6586/4860/5752 6587/4861/5753 6570/4844/5736
f 6570/4844/5736 6587/4861/5753 6588/4862/5754 6571/4845/5737
f 6571/4845/5737 6588/4862/5754 6589/4863/5755 6572/4846/5738
f 6573/4847/5739 6590/4864/5756 6591/4865/5757 6574/4848/5740
f 6574/4848/5740 6591/4865/5757 6592/4866/5758 6575/4849/5741
f 6575/4849/5741 6592/4866/5758 6593/4867/5759 6576/4850/5742
f 6576/4850/5742 6593/4867/5759 6594/4868/5760 6577/4851/5743
f 6577/4851/5743 6594/4868/5760 6595/4869/5761 6578/4852/5744
f 6578/4852/5744 6595/4869/5761 6596/4870/5762 6579/4853/5745
f 6579/4853/5745 6596/4870/5762 6597/4871/5763 6580/4854/5746
f 6580/4854/5746 6597/4871/5763 6598/4872/5764 6581/4855/5747
f 6581/4855/5747 6598/4872/5764 6599/4873/5765 6582/4856/5748
f 6582/4856/5748 6599/4873/5765 6600/4874/5766 6583/4857/5749
f 6583/4857/5749 6600/4874/5766 6601/4875/5767 6584/4858/5750
f 6584/4858/5750 6601/4875/5767 6602/4876/5768 6585/4859/5751
f 6585/4859/5751 6602/4876/5768 6603/4877/5769 6586/4860/5752
f 6586/4860/5752 6603/4877/5769 6604/4878/5770 6587/4861/5753
f 6587/4861/5753 6604/4878/5770 6605/4879/5771 6588/4862/5754
f 6588/4862/5754 6605/4879/5771 6606/4880/5772 6589/4863/5755
f 6590/4864/5756 6607/4881/5773 6608/4882/5774 6591/4865/5757
f 6591/4865/5757 6608/4882/5774 6609/4883/5775 6592/4866/5758
f 6592/4866/5758 6609/4883/5775 6610/4884/5776 6593/4867/5759
f 6593/4867/5759 6610/4884/5776 6611/4885/5777 6594/4868/5760
f 6594/4868/5760 6611/4885/5777 6612/4886/5778 6595/4869/5761
f 6595/4869/5761 6612/4886/5778 6613/4887/5779 6596/4870/5762
f 6596/4870/5762 6613/4887/5779 6614/4888/5780 6597/4871/5763
f 6597/4871/5763 6614/4888/5780 6615/4889/5781 6598/4872/5764
f 6598/4872/5764 6615/4889/5781 6616/4890/5782 6599/4873/5765
f 6599/4873/5765 6616/4890/5782 6617/4891/5783 6600/4874/5766
f 6600/4874/5766 6617/4891/5783 6618/4892/5784 6601/4875/5767
f 6601/4875/5767 6618/4892/5784 6619/4893/5785 6602/4876/5768
f 6602/4876/5768 6619/4893/5785 6620/4894/5786 6603/4877/5769
f 6603/4877/5769 6620/4894/5786 6621/4895/5787 6604/4878/5770
f 6604/4878/5770 6621/4895/5787 6622/4896/5788 6605/4879/5771
f 6605/4879/5771 6622/4896/5788 6623/4897/5789 6606/4880/5772
f 6607/4881/5773 6624/4898/5790 6625/4899/5791 6608/4882/5774
f 6608/4882/5774 6625/4899/5791 6626/4900/5792 6609/4883/5775
f 6609/4883/5775 6626/4900/5792 6627/4901/5793 6610/4884/5776
f 6610/4884/5776 6627/4901/5793 6628/4902/5794 6611/4885/5777
f 6611/4885/5777 6628/4902/5794 6629/4903/5795 6612/4886/5778
f 6612/4886/5778 6629/4903/5795 6630/4904/5796 6613/4887/5779
f 6613/4887/5779 6630/4904/5796 6631/4905/5797 6614/4888/5780
f 6614/4888/5780 6631/4905/5797 6632/4906/5798 6615/4889/5781
f 6615/4889/5781 6632/4906/5798 6633/4907/5799 6616/4890/5782
f 6616/4890/5782 6633/4907/5799 6634/4908/5800 6617/4891/5783
f 6617/4891/5783 6634/4908/5800 6635/4909/5801 6618/4892/5784
f 6618/4892/5784 6635/4909/5801 6636/4910/5802 6619/4893/5785
f 6619/4893/5785 6636/4910/5802 6637/4911/5803 6620/4894/5786
f 6620/4894/5786 6637/4911/5803 6638/4912/5804 6621/4895/5787
f 6621/4895/5787 6638/4912/5804 6639/4913/5805 6622/4896/5788
f 6622/4896/5788 6639/4913/5805 6640/4914/5806 6623/4897/5789
f 6624/4898/5790 6641/4915/5807 6642/4916/5808 6625/4899/5791
f 6625/4899/5791 6642/4916/5808 6643/4917/5809 6626/4900/5792
f 6626/4900/5792 6643/4917/5809 6644/4918/5810 6627/4901/5793
f 6627/4901/5793 6644/4918/5810 6645/4919/5811 6628/4902/5794
f 6628/4902/5794 6645/4919/5811 6646/4920/5812 6629/4903/5795
f 6629/4903/5795 6646/4920/5812 6647/4921/5813 6630/4904/5796
f 6630/4904/5796 6647/4921/5813 6648/4922/5814 6631/4905/5797
f 6631/4905/5797 6648/4922/5814 6649/4923/5815 6632/4906/5798
f 6632/4906/5798 6649/4923/5815 6650/4924/5816 6633/4907/5799
f 6633/4907/5799 6650/4924/5816 6651/4925/5817 6634/4908/5800
f 6634/4908/5800 6651/4925/5817 6652/4926/5818 6635/4909/5801
f 6635/4909/5801 6652/4926/5818 6653/4927/5819 6636/4910/5802
f 6636/4910/5802 6653/4927/5819 6654/4928/5820 6637/4911/5803
f 6637/4911/5803 6654/4928/5820 6655/4929/5821 6638/4912/5804
f 6638/4912/5804 6655/4929/5821 6656/4930/5822 6639/4913/5805
f 6639/4913/5805 6656/4930/5822 6657/4931/5823 6640/4914/5806
f 6641/4915/5807 6658/4932/5824 6659/4933/5825 6642/4916/5808
f 6642/4916/5808 6659/4933/5825 6660/4934/5826 6643/4917/5809
f 6643/4917/5809 6660/4934/5826 6661/4935/5827 6644/4918/5810
f 6644/4918/5810 6661/4935/5827 6662/4936/5828 6645/4919/5811
f 6645/4919/5811 6662/4936/5828 6663/4937/5829 6646/4920/5812
f 6646/4920/5812 6663/4937/5829 6664/4938/5830 6647/4921/5813
f 6647/4921/5813 6664/4938/5830 6665/4939/5831 6648/4922/5814
f 6648/4922/5814 6665/4939/5831 6666/4940/5832 6649/4923/5815
f 6649/4923/5815 6666/4940/5832 6667/4941/5833 6650/4924/5816
f 6650/4924/5816 6667/4941/5833 6668/4942/5834 6651/4925/5817
f 6651/4925/5817 6668/4942/5834 6669/4943/5835 6652/4926/5818
f 6652/4926/5818 6669/4943/5835 6670/4944/5836 6653/4927/5819
f 6653/4927/5819 6670/4944/5836 6671/4945/5837 6654/4928/5820
f 6654/4928/5820 6671/4945/5837 6672/4946/5838 6655/4929/5821
f 6655/4929/5821 6672/4946/5838 6673/4947/5839 6656/4930/5822
f 6656/4930/5822 6673/4947/5839 6674/4948/5840 6657/4931/5823
f 6658/4932/5824 6675/4949/5841 6676/4950/5842 6659/4933/5825
f 6659/4933/5825 6676/4950/5842 6677/4951/5843 6660/4934/5826
f 6660/4934/5826 6677/4951/5843 6678/4952/5844 6661/4935/5827
f 6661/4935/5827 6678/4952/5844 6679/4953/5845 6662/4936/5828
f 6662/4936/5828 6679/4953/5845 6680/4954/5846 6663/4937/5829
f 6663/4937/5829 6680/4954/5846 6681/4955/5847 6664/4938/5830
f 6664/4938/5830 6681/4955/5847 6682/4956/5848 6665/4939/5831
f 6665/4939/5831 6682/4956/5848 6683/4957/5849 6666/4940/5832
f 6666/4940/5832 6683/4957/5849 6684/4958/5850 6667/4941/5833
f 6667/4941/5833 6684/4958/5850 6685/4959/5851 6668/4942/5834
f 6668/4942/5834 6685/4959/5851 6686/4960/5852 6669/4943/5835
f 6669/4943/5835 6686/4960/5852 6687/4961/5853 6670/4944/5836
f 6670/4944/5836 6687/4961/5853 6688/4962/5854 6671/4945/5837
f 6671/4945/5837 6688/4962/5854 6689/4963/5855 6672/4946/5838
f 6672/4946/5838 6689/4963/5855 6690/4964/5856 6673/4947/5839
f 6673/4947/5839 6690/4964/5856 6691/4965/5857 6674/4948/5840
f 6675/4949/5841 6692/4966/5858 6693/4967/5859 6676/4950/5842
f 6676/4950/5842 6693/4967/5859 6694/4968/5860 6677/4951/5843
f 6677/4951/5843 6694/4968/5860 6695/4969/5861 6678/4952/5844
f 6678/4952/5844 6695/4969/5861 6696/4970/5862 6679/4953/5845
f 6679/4953/5845 6696/4970/5862 6697/4971/5863 6680/4954/5846
f 6680/4954/5846 6697/4971/5863 6698/4972/5864 6681/4955/5847
f 6681/4955/5847 6698/4972/5864 6699/4973/5865 6682/4956/5848
f 6682/4956/5848 6699/4973/5865 6700/4974/5866 6683/4957/5849
f 6683/4957/5849 6700/4974/5866 6701/4975/5867 6684/4958/5850
f 6684/4958/5850 6701/4975/5867 6702/4976/5868 6685/4959/5851
f 6685/4959/5851 6702/4976/5868 6703/4977/5869 6686/4960/5852
f 6686/4960/5852 6703/4977/5869 6704/4978/5870 6687/4961/5853
f 6687/4961/5853 6704/4978/5870 6705/4979/5871 6688/4962/5854
f 6688/4962/5854 6705/4979/5871 6706/4980/5872 6689/4963/5855
f 6689/4963/5855 6706/4980/5872 6707/4981/5873 6690/4964/5856
f 6690/4964/5856 6707/4981/5873 6708/4982/5874 6691/4965/5857
f 6692/4966/5858 6709/4983/5875 6710/4984/5876 6693/4967/5859
f 6693/4967/5859 6710/4984/5876 6711/4985/5877 6694/4968/5860
f 6694/4968/5860 6711/4985/5877 6712/4986/5878 6695/4969/5861
f 6695/4969/5861 6712/4986/5878 6713/4987/5879 6696/4970/5862
f 6696/4970/5862 6713/4987/5879 6714/4988/5880 6697/4971/5863
f 6697/4971/5863 6714/4988/5880 6715/4989/5881 6698/4972/5864
f 6698/4972/5864 6715/4989/5881 6716/4990/5882 6699/4973/5865
f 6699/4973/5865 6716/4990/5882 6717/4991/5883 6700/4974/5866
f 6700/4974/5866 6717/4991/5883 6718/4992/5884 6701/4975/5867
f 6701/4975/5867 6718/4992/5884 6719/4993/5885 6702/4976/5868
f 6702/4976/5868 6719/4993/5885 6720/4994/5886 6703/4977/5869
f 6703/4977/5869 6720/4994/5886 6721/4995/5887 6704/4978/5870
f 6704/4978/5870 6721/4995/5887 6722/4996/5888 6705/4979/5871
f 6705/4979/5871 6722/4996/5888 6723/4997/5889 6706/4980/5872
f 6706/4980/5872 6723/4997/5889 6724/4998/5890 6707/4981/5873
f 6707/4981/5873 6724/4998/5890 6725/4999/5891 6708/4982/5874
f 6709/4983/5875 6726/5000/5892 6727/5001/5893 6710/4984/5876
f 6710/4984/5876 6727/5001/5893 6728/5002/5894 6711/4985/5877
f 6711/4985/5877 6728/5002/5894 6729/5003/5895 6712/4986/5878
f 6712/4986/5878 6729/5003/5895 6730/5004/5896 6713/4987/5879
f 6713/4987/5879 6730/5004/5896 6731/5005/5897 6714/4988/5880
f 6714/4988/5880 6731/5005/5897 6732/5006/5898 6715/4989/5881
f 6715/4989/5881 6732/5006/5898 6733/5007/5899 6716/4990/5882
f 6716/4990/5882 6733/5007/5899 6734/5008/5900 6717/4991/5883
f 6717/4991/5883 6734/5008/5900 6735/5009/5901 6718/4992/5884
f 6718/4992/5884 6735/5009/5901 6736/5010/5902 6719/4993/5885
f 6719/4993/5885 6736/5010/5902 6737/5011/5903 6720/4994/5886
f 6720/4994/5886 6737/5011/5903 6738/5012/5904 6721/4995/5887
f 6721/4995/5887 6738/5012/5904 6739/5013/5905 6722/4996/5888
f 6722/4996/5888 6739/5013/5905 6740/5014/5906 6723/4997/5889
f 6723/4997/5889 6740/5014/5906 6741/5015/5907 6724/4998/5890
f 6724/4998/5890 6741/5015/5907 6742/5016/5908 6725/4999/5891
f 6726/5000/5892 6743/5017/5909 6744/5018/5910 6727/5001/5893
f 6727/5001/5893 6744/5018/5910 6745/5019/5911 6728/5002/5894
f 6728/5002/5894 6745/5019/5911 6746/5020/5912 6729/5003/5895
f 6729/5003/5895 6746/5020/5912 6747/5021/5913 6730/5004/5896
f 6730/5004/5896 6747/5021/5913 6748/5022/5914 6731/5005/5897
f 6731/5005/5897 6748/5022/5914 6749/5023/5915 6732/5006/5898
f 6732/5006/5898 6749/5023/5915 6750/5024/5916 6733/5007/5899
f 6733/5007/5899 6750/5024/5916 6751/5025/5917 6734/5008/5900
f 6734/5008/5900 6751/5025/5917 6752/5026/5918 6735/5009/5901
f 6735/5009/5901 6752/5026/5918 6753/5027/5919 6736/5010/5902
f 6736/5010/5902 6753/5027/5919 6754/5028/5920 6737/5011/5903
f 6737/5011/5903 6754/5028/5920 6755/5029/5921 6738/5012/5904
f 6738/5012/5904 6755/5029/5921 6756/5030/5922 6739/5013/5905
f 6739/5013/5905 6756/5030/5922 6757/5031/5923 6740/5014/5906
f 6740/5014/5906 6757/5031/5923 6758/5032/5924 6741/5015/5907
f 6741/5015/5907 6758/5032/5924 6759/5033/5925 6742/5016/5908
f 6743/5017/5909 6760/5034/5926 6761/5035/5927 6744/5018/5910
f 6744/5018/5910 6761/5035/5927 6762/5036/5928 6745/5019/5911
f 6745/5019/5911 6762/5036/5928 6763/5037/5929 6746/5020/5912
f 6746/5020/5912 6763/5037/5929 6764/5038/5930 6747/5021/5913
f 6747/5021/5913 6764/5038/5930 6765/5039/5931 6748/5022/5914
f 6748/5022/5914 6765/5039/5931 6766/5040/5932 6749/5023/5915
f 6749/5023/5915 6766/5040/5932 6767/5041/5933 6750/5024/5916
f 6750/5024/5916 6767/5041/5933 6768/5042/5934 6751/5025/5917
f 6751/5025/5917 6768/5042/5934 6769/5043/5935 6752/5026/5918
f 6752/5026/5918 6769/5043/5935 6770/5044/5936 6753/5027/5919
f 6753/5027/5919 6770/5044/5936 6771/5045/5937 6754/5028/5920
f 6754/5028/5920 6771/5045/5937 6772/5046/5938 6755/5029/5921
f 6755/5029/5921 6772/5046/5938 6773/5047/5939 6756/5030/5922
f 6756/5030/5922 6773/5047/5939 6774/5048/5940 6757/5031/5923
f 6757/5031/5923 6774/5048/5940 6775/5049/5941 6758/5032/5924
f 6758/5032/5924 6775/5049/5941 6776/5050/5942 6759/5033/5925
f 6760/5034/5926 6777/5051/5943 6778/5052/5944 6761/5035/5927
f 6761/5035/5927 6778/5052/5944 6779/5053/5945 6762/5036/5928
f 6762/5036/5928 6779/5053/5945 6780/5054/5946 6763/5037/5929
f 6763/5037/5929 6780/5054/5946 6781/5055/5947 6764/5038/5930
f 6764/5038/5930 6781/5055/5947 6782/5056/5948 6765/5039/5931
f 6765/5039/5931 6782/5056/5948 6783/5057/5949 6766/5040/5932
f 6766/5040/5932 6783/5057/5949 6784/5058/5950 6767/5041/5933
f 6767/5041/5933 6784/5058/5950 6785/5059/5951 6768/5042/5934
f 6768/5042/5934 6785/5059/5951 6786/5060/5952 6769/5043/5935
f 6769/5043/5935 6786/5060/5952 6787/5061/5953 6770/5044/5936
f 6770/5044/5936 6787/5061/5953 6788/5062/5954 6771/5045/5937
f 6771/5045/5937 6788/5062/5954 6789/5063/5955 6772/5046/5938
f 6772/5046/5938 6789/5063/5955 6790/5064/5956 6773/5047/5939
f 6773/5047/5939 6790/5064/5956 6791/5065/5957 6774/5048/5940
f 6774/5048/5940 6791/5065/5957 6792/5066/5958 6775/5049/5941
f 6775/5049/5941 6792/5066/5958 6793/5067/5959 6776/5050/5942
f 6777/5051/5943 6794/5068/5960 6795/5069/5961 6778/5052/5944
f 6778/5052/5944 6795/5069/5961 6796/5070/5962 6779/5053/5945
f 6779/5053/5945 6796/5070/5962 6797/5071/5963 6780/5054/5946
f 6780/5054/5946 6797/5071/5963 6798/5072/5964 6781/5055/5947
f 6781/5055/5947 6798/5072/5964 6799/5073/5965 6782/5056/5948
f 6782/5056/5948 6799/5073/5965 6800/5074/5966 6783/5057/5949
f 6783/5057/5949 6800/5074/5966 6801/5075/5967 6784/5058/5950
f 6784/5058/5950 6801/5075/5967 6802/5076/5968 6785/5059/5951
f 6785/5059/5951 6802/5076/5968 6803/5077/5969 6786/5060/5952
f 6786/5060/5952 6803/5077/5969 6804/5078/5970 6787/5061/5953
f 6787/5061/5953 6804/5078/5970 6805/5079/5971 6788/5062/5954
f 6788/5062/5954 6805/5079/5971 6806/5080/5972 6789/5063/5955
f 6789/5063/5955 6806/5080/5972 6807/5081/5973 6790/5064/5956
f 6790/5064/5956 6807/5081/5973 6808/5082/5974 6791/5065/5957
f 6791/5065/5957 6808/5082/5974 6809/5083/5975 6792/5066/5958
f 6792/5066/5958 6809/5083/5975 6810/5084/5976 6793/5067/5959
f 6794/5068/5960 6811/5085/5977 6812/5086/5978 6795/5069/5961
f 6795/5069/5961 6812/5086/5978 6813/5087/5979 6796/5070/5962
f 6796/5070/5962 6813/5087/5979 6814/5088/5980 6797/5071/5963
f 6797/5071/5963 6814/5088/5980 6815/5089/5981 6798/5072/5964
f 6798/5072/5964 6815/5089/5981 6816/5090/5982 6799/5073/5965
f 6799/5073/5965 6816/5090/5982 6817/5091/5983 6800/5074/5966
f 6800/5074/5966 6817/5091/5983 6818/5092/5984 6801/5075/5967
f 6801/5075/5967 6818/5092/5984 6819/5093/5985 6802/5076/5968
f 6802/5076/5968 6819/5093/5985 6820/5094/5986 6803/5077/5969
f 6803/5077/5969 6820/5094/5986 6821/5095/5987 6804/5078/5970
f 6804/5078/5970 6821/5095/5987 6822/5096/5988 6805/5079/5971
f 6805/5079/5971 6822/5096/5988 6823/5097/5989 6806/5080/5972
f 6806/5080/5972 6823/5097/5989 6824/5098/5990 6807/5081/5973
f 6807/5081/5973 6824/5098/5990 6825/5099/5991 6808/5082/5974
f 6808/5082/5974 6825/5099/5991 6826/5100/5992 6809/5083/5975
f 6809/5083/5975 6826/5100/5992 6827/5101/5993 6810/5084/5976
f 6811/5085/5977 6828/5102/5994 6829/5103/5995 6812/5086/5978
f 6812/5086/5978 6829/5103/5995 6830/5104/5996 6813/5087/5979
f 6813/5087/5979 6830/5104/5996 6831/5105/5997 6814/5088/5980
f 6814/5088/5980 6831/5105/5997 6832/5106/5998 6815/5089/5981
f 6815/5089/5981 6832/5106/5998 6833/5107/5999 6816/5090/5982
f 6816/5090/5982 6833/5107/5999 6834/5108/6000 6817/5091/5983
f 6817/5091/5983 6834/5108/6000 6835/5109/6001 6818/5092/5984
f 6818/5092/5984 6835/5109/6001 6836/5110/6002 6819/5093/5985
f 6819/5093/5985 6836/5110/6002 6837/5111/6003 6820/5094/5986
f 6820/5094/5986 6837/5111/6003 6838/5112/6004 6821/5095/5987
f 6821/5095/5987 6838/5112/6004 6839/5113/6005 6822/5096/5988
f 6822/5096/5988 6839/5113/6005 6840/5114/6006 6823/5097/5989
f 6823/5097/5989 6840/5114/6006 6841/5115/6007 6824/5098/5990
f 6824/5098/5990 6841/5115/6007 6842/5116/6008 6825/5099/5991
f 6825/5099/5991 6842/5116/6008 6843/5117/6009 6826/5100/5992
f 6826/5100/5992 6843/5117/6009 6844/5118/6010 6827/5101/5993
f 6828/5102/5994 6845/5119/6011 6846/5120/6012 6829/5103/5995
f 6829/5103/5995 6846/5120/6012 6847/5121/6013 6830/5104/5996
f 6830/5104/5996 6847/5121/6013 6848/5122/6014 6831/5105/5997
f 6831/5105/5997 6848/5122/6014 6849/5123/6015 6832/5106/5998
f 6832/5106/5998 6849/5123/6015 6850/5124/6016 6833/5107/5999
f 6833/5107/5999 6850/5124/6016 6851/5125/6017 6834/5108/6000
f 6834/5108/6000 6851/5125/6017 6852/5126/6018 6835/5109/6001
f 6835/5109/6001 6852/5126/6018 6853/5127/6019 6836/5110/6002
f 6836/5110/6002 6853/5127/6019 6854/5128/6020 6837/5111/6003
f 6837/5111/6003 6854/5128/6020 6855/5129/6021 6838/5112/6004
f 6838/5112/6004 6855/5129/6021 6856/5130/6022 6839/5113/6005
f 6839/5113/6005 6856/5130/6022 6857/5131/6023 6840/5114/6006
f 6840/5114/6006 6857/5131/6023 6858/5132/6024 6841/5115/6007
f 6841/5115/6007 6858/5132/6024 6859/5133/6025 6842/5116/6008
f 6842/5116/6008 6859/5133/6025 6860/5134/6026 6843/5117/6009
f 6843/5117/6009 6860/5134/6026 6861/5135/6027 6844/5118/6010
f 6845/5119/6011 6862/5136/6028 6863/5137/6029 6846/5120/6012
f 6846/5120/6012 6863/5137/6029 6864/5138/6030 6847/5121/6013
f 6847/5121/6013 6864/5138/6030 6865/5139/6031 6848/5122/6014
f 6848/5122/6014 6865/5139/6031 6866/5140/6032 6849/5123/6015
f 6849/5123/6015 6866/5140/6032 6867/5141/6033 6850/5124/6016
f 6850/5124/6016 6867/5141/6033 6868/5142/6034 6851/5125/6017
f 6851/5125/6017 6868/5142/6034 6869/5143/6035 6852/5126/6018
f 6852/5126/6018 6869/5143/6035 6870/5144/6036 6853/5127/6019
f 6853/5127/6019 6870/5144/6036 6871/5145/6037 6854/5128/6020
f 6854/5128/6020 6871/5145/6037 6872/5146/6038 6855/5129/6021
f 6855/5129/6021 6872/5146/6038 6873/5147/6039 6856/5130/6022
f 6856/5130/6022 6873/5147/6039 6874/5148/6040 6857/5131/6023
f 6857/5131/6023 6874/5148/6040 6875/5149/6041 6858/5132/6024
f 6858/5132/6024 6875/5149/6041 6876/5150/6042 6859/5133/6025
f 6859/5133/6025 6876/5150/6042 6877/5151/6043 6860/5134/6026
f 6860/5134/6026 6877/5151/6043 6878/5152/6044 6861/5135/6027
f 6862/5136/6028 6879/5153/6045 6880/5154/6046 6863/5137/6029
f 6863/5137/6029 6880/5154/6046 6881/5155/6047 6864/5138/6030
f 6864/5138/6030 6881/5155/6047 6882/5156/6048 6865/5139/6031
f 6865/5139/6031 6882/5156/6048 6883/5157/6049 6866/5140/6032
f 6866/5140/6032 6883/5157/6049 6884/5158/6050 6867/5141/6033
f 6867/5141/6033 6884/5158/6050 6885/5159/6051 6868/5142/6034
f 6868/5142/6034 6885/5159/6051 6886/5160/6052 6869/5143/6035
f 6869/5143/6035 6886/5160/6052 6887/5161/6053 6870/5144/6036
f 6870/5144/6036 6887/5161/6053 6888/5162/6054 6871/5145/6037
f 6871/5145/6037 6888/5162/6054 6889/5163/6055 6872/5146/6038
f 6872/5146/6038 6889/5163/6055 6890/5164/6056 6873/5147/6039
f 6873/5147/6039 6890/5164/6056 6891/5165/6057 6874/5148/6040
f 6874/5148/6040 6891/5165/6057 6892/5166/6058 6875/5149/6041
f 6875/5149/6041 6892/5166/6058 6893/5167/6059 6876/5150/6042
f 6876/5150/6042 6893/5167/6059 6894/5168/6060 6877/5151/6043
f 6877/5151/6043 6894/5168/6060 6895/5169/6061 6878/5152/6044
f 6879/5153/6045 6896/5170/6062 6897/5171/6063 6880/5154/6046
f 6880/5154/6046 6897/5171/6063 6898/5172/6064 6881/5155/6047
f 6881/5155/6047 6898/5172/6064 6899/5173/6065 6882/5156/6048
f 6882/5156/6048 6899/5173/6065 6900/5174/6066 6883/5157/6049
f 6883/5157/6049 6900/5174/6066 6901/5175/6067 6884/5158/6050
f 6884/5158/6050 6901/5175/6067 6902/5176/6068 6885/5159/6051
f 6885/5159/6051 6902/5176/6068 6903/5177/6069 6886/5160/6052
f 6886/5160/6052 6903/5177/6069 6904/5178/6070 6887/5161/6053
f 6887/5161/6053 6904/5178/6070 6905/5179/6071 6888/5162/6054
f 6888/5162/6054 6905/5179/6071 6906/5180/6072 6889/5163/6055
f 6889/5163/6055 6906/5180/6072 6907/5181/6073 6890/5164/6056
f 6890/5164/6056 6907/5181/6073 6908/5182/6074 6891/5165/6057
f 6891/5165/6057 6908/5182/6074 6909/5183/6075 6892/5166/6058
f 6892/5166/6058 6909/5183/6075 6910/5184/6076 6893/5167/6059
f 6893/5167/6059 6910/5184/6076 6911/5185/6077 6894/5168/6060
f 6894/5168/6060 6911/5185/6077 6912/5186/6078 6895/5169/6061
f 6896/5170/6062 6913/5187/6079 6914/5188/6080 6897/5171/6063
f 6897/5171/6063 6914/5188/6080 6915/5189/6081 6898/5172/6064
f 6898/5172/6064 6915/5189/6081 6916/5190/6082 6899/5173/6065
f 6899/5173/6065 6916/5190/6082 6917/5191/6083 6900/5174/6066
f 6900/5174/6066 6917/5191/6083 6918/5192/6084 6901/5175/6067
f 6901/5175/6067 6918/5192/6084 6919/5193/6085 6902/5176/6068
f 6902/5176/6068 6919/5193/6085 6920/5194/6086 6903/5177/6069
f 6903/5177/6069 6920/5194/6086 6921/5195/6087 6904/5178/6070
f 6904/5178/6070 6921/5195/6087 6922/5196/6088 6905/5179/6071
f 6905/5179/6071 6922/5196/6088 6923/5197/6089 6906/5180/6072
f 6906/5180/6072 6923/5197/6089 6924/5198/6090 6907/5181/6073
f 6907/5181/6073 6924/5198/6090 6925/5199/6091 6908/5182/6074
f 6908/5182/6074 6925/5199/6091 6926/5200/6092 6909/5183/6075
f 6909/5183/6075 6926/5200/6092 6927/5201/6093 6910/5184/6076
f 6910/5184/6076 6927/5201/6093 6928/5202/6094 6911/5185/6077
f 6911/5185/6077 6928/5202/6094 6929/5203/6095 6912/5186/6078
f 6913/5187/6079 6930/5204/6096 6931/5205/6097 6914/5188/6080
f 6914/5188/6080 6931/5205/6097 6932/5206/6098 6915/5189/6081
f 6915/5189/6081 6932/5206/6098 6933/5207/6099 6916/5190/6082
f 6916/5190/6082 6933/5207/6099 6934/5208/6100 6917/5191/6083
f 6917/5191/6083 6934/5208/6100 6935/5209/6101 6918/5192/6084
f 6918/5192/6084 6935/5209/6101 6936/5210/6102 6919/5193/6085
f 6919/5193/6085 6936/5210/6102 6937/5211/6103 6920/5194/6086
f 6920/5194/6086 6937/5211/6103 6938/5212/6104 6921/5195/6087
f 6921/5195/6087 6938/5212/6104 6939/5213/6105 6922/5196/6088
f 6922/5196/6088 6939/5213/6105 6940/5214/6106 6923/5197/6089
f 6923/5197/6089 6940/5214/6106 6941/5215/6107 6924/5198/6090
f 6924/5198/6090 6941/5215/6107 6942/5216/6108 6925/5199/6091
f 6925/5199/6091 6942/5216/6108 6943/5217/6109 6926/5200/6092
f 6926/5200/6092 6943/5217/6109 6944/5218/6110 6927/5201/6093
f 6927/5201/6093 6944/5218/6110 6945/5219/6111 6928/5202/6094
f 6928/5202/6094 6945/5219/6111 6946/5220/6112 6929/5203/6095
f 6930/5204/6096 6947/5221/6113 6948/5222/6114 6931/5205/6097
f 6931/5205/6097 6948/5222/6114 6949/5223/6115 6932/5206/6098
f 6932/5206/6098 6949/5223/6115 6950/5224/6116 6933/5207/6099
f 6933/5207/6099 6950/5224/6116 6951/5225/6117 6934/5208/6100
f 6934/5208/6100 6951/5225/6117 6952/5226/6118 6935/5209/6101
f 6935/5209/6101 6952/5226/6118 6953/5227/6119 6936/5210/6102
f 6936/5210/6102 6953/5227/6119 6954/5228/6120 6937/5211/6103
f 6937/5211/6103 6954/5228/6120 6955/5229/6121 6938/5212/6104
f 6938/5212/6104 6955/5229/6121 6956/5230/6122 6939/5213/6105
f 6939/5213/6105 6956/5230/6122 6957/5231/6123 6940/5214/6106
f 6940/5214/6106 6957/5231/6123 6958/5232/6124 6941/5215/6107
f 6941/5215/6107 6958/5232/6124 6959/5233/6125 6942/5216/6108
f 6942/5216/6108 6959/5233/6125 6960/5234/6126 6943/5217/6109
f 6943/5217/6109 6960/5234/6126 6961/5235/6127 6944/5218/6110
f 6944/5218/6110 6961/5235/6127 6962/5236/6128 6945/5219/6111
f 6945/5219/6111 6962/5236/6128 6963/5237/6129 6946/5220/6112
f 6947/5221/6113 6964/5238/6130 6965/5239/6131 6948/5222/6114
f 6948/5222/6114 6965/5239/6131 6966/5240/6132 6949/5223/6115
f 6949/5223/6115 6966/5240/6132 6967/5241/6133 6950/5224/6116
f 6950/5224/6116 6967/5241/6133 6968/5242/6134 6951/5225/6117
f 6951/5225/6117 6968/5242/6134 6969/5243/6135 6952/5226/6118
f 6952/5226/6118 6969/5243/6135 6970/5244/6136 6953/5227/6119
f 6953/5227/6119 6970/5244/6136 6971/5245/6137 6954/5228/6120
f 6954/5228/6120 6971/5245/6137 6972/5246/6138 6955/5229/6121
f 6955/5229/6121 6972/5246/6138 6973/5247/6139 6956/5230/6122
f 6956/5230/6122 6973/5247/6139 6974/5248/6140 6957/5231/6123
f 6957/5231/6123 6974/5248/6140 6975/5249/6141 6958/5232/6124
f 6958/5232/6124 6975/5249/6141 6976/5250/6142 6959/5233/6125
f 6959/5233/6125 6976/5250/6142 6977/5251/6143 6960/5234/6126
f 6960/5234/6126 6977/5251/6143 6978/5252/6144 6961/5235/6127
f 6961/5235/6127 6978/5252/6144 6979/5253/6145 6962/5236/6128
f 6962/5236/6128 6979/5253/6145 6980/5254/6146 6963/5237/6129
f 6964/5238/6130 6981/5255/6147 6982/5256/6148 6965/5239/6131
f 6965/5239/6131 6982/5256/6148 6983/5257/6149 6966/5240/6132
f 6966/5240/6132 6983/5257/6149 6984/5258/6150 6967/5241/6133
f 6967/5241/6133 6984/5258/6150 6985/5259/6151 6968/5242/6134
f 6968/5242/6134 6985/5259/6151 6986/5260/6152 6969/5243/6135
f 6969/5243/6135 6986/5260/6152 6987/5261/6153 6970/5244/6136
f 6970/5244/6136 6987/5261/6153 6988/5262/6154 6971/5245/6137
f 6971/5245/6137 6988/5262/6154 6989/5263/6155 6972/5246/6138
f 6972/5246/6138 6989/5263/6155 6990/5264/6156 6973/5247/6139
f 6973/5247/6139 6990/5264/6156 6991/5265/6157 6974/5248/6140
f 6974/5248/6140 6991/5265/6157 6992/5266/6158 6975/5249/6141
f 6975/5249/6141 6992/5266/6158 6993/5267/6159 6976/5250/6142
f 6976/5250/6142 6993/5267/6159 6994/5268/6160 6977/5251/6143
f 6977/5251/6143 6994/5268/6160 6995/5269/6161 6978/5252/6144
f 6978/5252/6144 6995/5269/6161 6996/5270/6162 6979/5253/6145
f 6979/5253/6145 6996/5270/6162 6997/5271/6163 6980/5254/6146
f 6981/5255/6147 6998/5272/6164 6999/5273/6165 6982/5256/6148
f 6982/5256/6148 6999/5273/6165 7000/5274/6166 6983/5257/6149
f 6983/5257/6149 7000/5274/6166 7001/5275/6167 6984/5258/6150
f 6984/5258/6150 7001/5275/6167 7002/5276/6168 6985/5259/6151
f 6985/5259/6151 7002/5276/6168 7003/5277/6169 6986/5260/6152
f 6986/5260/6152 7003/5277/6169 7004/5278/6170 6987/5261/6153
f 6987/5261/6153 7004/5278/6170 7005/5279/6171 6988/5262/6154
f 6988/5262/6154 7005/5279/6171 7006/5280/6172 6989/5263/6155
f 6989/5263/6155 7006/5280/6172 7007/5281/6173 6990/5264/6156
f 6990/5264/6156 7007/5281/6173 7008/5282/6174 6991/5265/6157
f 6991/5265/6157 7008/5282/6174 7009/5283/6175 6992/5266/6158
f 6992/5266/6158 7009/5283/6175 7010/5284/6176 6993/5267/6159
f 6993/5267/6159 7010/5284/6176 7011/5285/6177 6994/5268/6160
f 6994/5268/6160 7011/5285/6177 7012/5286/6178 6995/5269/6161
f 6995/5269/6161 7012/5286/6178 7013/5287/6179 6996/5270/6162
f 6996/5270/6162 7013/5287/6179 7014/5288/6180 6997/5271/6163
f 6998/5272/6164 7015/5289/6181 7016/5290/6182 6999/5273/6165
f 6999/5273/6165 7016/5290/6182 7017/5291/6183 7000/5274/6166
f 7000/5274/6166 7017/5291/6183 7018/5292/6184 7001/5275/6167
f 7001/5275/6167 7018/5292/6184 7019/5293/6185 7002/5276/6168
f 7002/5276/6168 7019/5293/6185 7020/5294/6186 7003/5277/6169
f 7003/5277/6169 7020/5294/6186 7021/5295/6187 7004/5278/6170
f 7004/5278/6170 7021/5295/6187 7022/5296/6188 7005/5279/6171
f 7005/5279/6171 7022/5296/6188 7023/5297/6189 7006/5280/6172
f 7006/5280/6172 7023/5297/6189 7024/5298/6190 7007/5281/6173
f 7007/5281/6173 7024/5298/6190 7025/5299/6191 7008/5282/6174
f 7008/5282/6174 7025/5299/6191 7026/5300/6192 7009/5283/6175
f 7009/5283/6175 7026/5300/6192 7027/5301/6193 7010/5284/6176
f 7010/5284/6176 7027/5301/6193 7028/5302/6194 7011/5285/6177
f 7011/5285/6177 7028/5302/6194 7029/5303/6195 7012/5286/6178
f 7012/5286/6178 7029/5303/6195 7030/5304/6196 7013/5287/6179
f 7013/5287/6179 7030/5304/6196 7031/5305/6197 7014/5288/6180
f 7015/5289/6181 7032/5306/6198 7033/5307/6199 7016/5290/6182
f 7016/5290/6182 7033/5307/6199 7034/5308/6200 7017/5291/6183
f 7017/5291/6183 7034/5308/6200 7035/5309/6201 7018/5292/6184
f 7018/5292/6184 7035/5309/6201 7036/5310/6202 7019/5293/6185
f 7019/5293/6185 7036/5310/6202 7037/5311/6203 7020/5294/6186
f 7020/5294/6186 7037/5311/6203 7038/5312/6204 7021/5295/6187
f 7021/5295/6187 7038/5312/6204 7039/5313/6205 7022/5296/6188
f 7022/5296/6188 7039/5313/6205 7040/5314/6206 7023/5297/6189
f 7023/5297/6189 7040/5314/6206 7041/5315/6207 7024/5298/6190
f 7024/5298/6190 7041/5315/6207 7042/5316/6208 7025/5299/6191
f 7025/5299/6191 7042/5316/6208 7043/5317/6209 7026/5300/6192
f 7026/5300/6192 7043/5317/6209 7044/5318/6210 7027/5301/6193
f 7027/5301/6193 7044/5318/6210 7045/5319/6211 7028/5302/6194
f 7028/5302/6194 7045/5319/6211 7046/5320/6212 7029/5303/6195
f 7029/5303/6195 7046/5320/6212 7047/5321/6213 7030/5304/6196
f 7030/5304/6196 7047/5321/6213 7048/5322/6214 7031/5305/6197
f 7032/5306/6198 7049/5323/6215 7050/5324/6216 7033/5307/6199
f 7033/5307/6199 7050/5324/6216 7051/5325/6217 7034/5308/6200
f 7034/5308/6200 7051/5325/6217 7052/5326/6218 7035/5309/6201
f 7035/5309/6201 7052/5326/6218 7053/5327/6219 7036/5310/6202
f 7036/5310/6202 7053/5327/6219 7054/5328/6220 7037/5311/6203
f 7037/5311/6203 7054/5328/6220 7055/5329/6221 7038/5312/6204
f 7038/5312/6204 7055/5329/6221 7056/5330/6222 7039/5313/6205
f 7039/5313/6205 7056/5330/6222 7057/5331/6223 7040/5314/6206
f 7040/5314/6206 7057/5331/6223 7058/5332/6224 7041/5315/6207
f 7041/5315/6207 7058/5332/6224 7059/5333/6225 7042/5316/6208
f 7042/5316/6208 7059/5333/6225 7060/5334/6226 7043/5317/6209
f 7043/5317/6209 7060/5334/6226 7061/5335/6227 7044/5318/6210
f 7044/5318/6210 7061/5335/6227 7062/5336/6228 7045/5319/6211
f 7045/5319/6211 7062/5336/6228 7063/5337/6229 7046/5320/6212
f 7046/5320/6212 7063/5337/6229 7064/5338/6230 7047/5321/6213
f 7047/5321/6213 7064/5338/6230 7065/5339/6231 7048/5322/6214
f 7049/5323/6215 7066/5340/6232 7067/5341/6233 7050/5324/6216
f 7050/5324/6216 7067/5341/6233 7068/5342/6234 7051/5325/6217
f 7051/5325/6217 7068/5342/6234 7069/5343/6235 7052/5326/6218
f 7052/5326/6218 7069/5343/6235 7070/5344/6236 7053/5327/6219
f 7053/5327/6219 7070/5344/6236 7071/5345/6237 7054/5328/6220
f 7054/5328/6220 7071/5345/6237 7072/5346/6238 7055/5329/6221
f 7055/5329/6221 7072/5346/6238 7073/5347/6239 7056/5330/6222
f 7056/5330/6222 7073/5347/6239 7074/5348/6240 7057/5331/6223
f 7057/5331/6223 7074/5348/6240 7075/5349/6241 7058/5332/6224
f 7058/5332/6224 7075/5349/6241 7076/5350/6242 7059/5333/6225
f 7059/5333/6225 7076/5350/6242 7077/5351/6243 7060/5334/6226
f 7060/5334/6226 7077/5351/6243 7078/5352/6244 7061/5335/6227
f 7061/5335/6227 7078/5352/6244 7079/5353/6245 7062/5336/6228
f 7062/5336/6228 7079/5353/6245 7080/5354/6246 7063/5337/6229
f 7063/5337/6229 7080/5354/6246 7081/5355/6247 7064/5338/6230
f 7064/5338/6230 7081/5355/6247 7082/5356/6248 7065/5339/6231
f 7066/5340/6232 7083/5357/6249 7084/5358/6250 7067/5341/6233
f 7067/5341/6233 7084/5358/6250 7085/5359/6251 7068/5342/6234
f 7068/5342/6234 7085/5359/6251 7086/5360/6252 7069/5343/6235
f 7069/5343/6235 7086/5360/6252 7087/5361/6253 7070/5344/6236
f 7070/5344/6236 7087/5361/6253 7088/5362/6254 7071/5345/6237
f 7071/5345/6237 7088/5362/6254 7089/5363/6255 7072/5346/6238
f 7072/5346/6238 7089/5363/6255 7090/5364/6256 7073/5347/6239
f 7073/5347/6239 7090/5364/6256 7091/5365/6257 7074/5348/6240
f 7074/5348/6240 7091/5365/6257 7092/5366/6258 7075/5349/6241
f 7075/5349/6241 7092/5366/6258 7093/5367/6259 7076/5350/6242
f 7076/5350/6242 7093/5367/6259 7094/5368/6260 7077/5351/6243
f 7077/5351/6243 7094/5368/6260 7095/5369/6261 7078/5352/6244
f 7078/5352/6244 7095/5369/6261 7096/5370/6262 7079/5353/6245
f 7079/5353/6245 7096/5370/6262 7097/5371/6263 7080/5354/6246
f 7080/5354/6246 7097/5371/6263 7098/5372/6264 7081/5355/6247
f 7081/5355/6247 7098/5372/6264 7099/5373/6265 7082/5356/6248
f 7083/5357/6249 7100/5374/6266 7101/5375/6267 7084/5358/6250
f 7084/5358/6250 7101/5375/6267 7102/5376/6268 7085/5359/6251
f 7085/5359/6251 7102/5376/6268 7103/5377/6269 7086/5360/6252
f 7086/5360/6252 7103/5377/6269 7104/5378/6270 7087/5361/6253
f 7087/5361/6253 7104/5378/6270 7105/5379/6271 7088/5362/6254
f 7088/5362/6254 7105/5379/6271 7106/5380/6272 7089/5363/6255
f 7089/5363/6255 7106/5380/6272 7107/5381/6273 7090/5364/6256
f 7090/5364/6256 7107/5381/6273 7108/5382/6274 7091/5365/6257
f 7091/5365/6257 7108/5382/6274 7109/5383/6275 7092/5366/6258
f 7092/5366/6258 7109/5383/6275 7110/5384/6276 7093/5367/6259
f 7093/5367/6259 7110/5384/6276 7111/5385/6277 7094/5368/6260
f 7094/5368/6260 7111/5385/6277 7112/5386/6278 7095/5369/6261
f 7095/5369/6261 7112/5386/6278 7113/5387/6279 7096/5370/6262
f 7096/5370/6262 7113/5387/6279 7114/5388/6280 7097/5371/6263
f 7097/5371/6263 7114/5388/6280 7115/5389/6281 7098/5372/6264
f 7098/5372/6264 7115/5389/6281 7116/5390/6282 7099/5373/6265
f 7100/5374/6266 7117/5391/6283 7118/5392/6284 7101/5375/6267
f 7101/5375/6267 7118/5392/6284 7119/5393/6285 7102/5376/6268
f 7102/5376/6268 7119/5393/6285 7120/5394/6286 7103/5377/6269
f 7103/5377/6269 7120/5394/6286 7121/5395/6287 7104/5378/6270
f 7104/5378/6270 7121/5395/6287 7122/5396/6288 7105/5379/6271
f 7105/5379/6271 7122/5396/6288 7123/5397/6289 7106/5380/6272
f 7106/5380/6272 7123/5397/6289 7124/5398/6290 7107/5381/6273
f 7107/5381/6273 7124/5398/6290 7125/5399/6291 7108/5382/6274
f 7108/5382/6274 7125/5399/6291 7126/5400/6292 7109/5383/6275
f 7109/5383/6275 7126/5400/6292 7127/5401/6293 7110/5384/6276
f 7110/5384/6276 7127/5401/6293 7128/5402/6294 7111/5385/6277
f 7111/5385/6277 7128/5402/6294 7129/5403/6295 7112/5386/6278
f 7112/5386/6278 7129/5403/6295 7130/5404/6296 7113/5387/6279
f 7113/5387/6279 7130/5404/6296 7131/5405/6297 7114/5388/6280
f 7114/5388/6280 7131/5405/6297 7132/5406/6298 7115/5389/6281
f 7115/5389/6281 7132/5406/6298 7133/5407/6299 7116/5390/6282
f 7117/5391/6283 7134/5408/6300 7135/5409/6301 7118/5392/6284
f 7118/5392/6284 7135/5409/6301 7136/5410/6302 7119/5393/6285
f 7119/5393/6285 7136/5410/6302 7137/5411/6303 7120/5394/6286
f 7120/5394/6286 7137/5411/6303 7138/5412/6304 7121/5395/6287
f 7121/5395/6287 7138/5412/6304 7139/5413/6305 7122/5396/6288
f 7122/5396/6288 7139/5413/6305 7140/5414/6306 7123/5397/6289
f 7123/5397/6289 7140/5414/6306 7141/5415/6307 7124/5398/6290
f 7124/5398/6290 7141/5415/6307 7142/5416/6308 7125/5399/6291
f 7125/5399/6291 7142/5416/6308 7143/5417/6309 7126/5400/6292
f 7126/5400/6292 7143/5417/6309 7144/5418/6310 7127/5401/6293
f 7127/5401/6293 7144/5418/6310 7145/5419/6311 7128/5402/6294
f 7128/5402/6294 7145/5419/6311 7146/5420/6312 7129/5403/6295
f 7129/5403/6295 7146/5420/6312 7147/5421/6313 7130/5404/6296
f 7130/5404/6296 7147/5421/6313 7148/5422/6314 7131/5405/6297
f 7131/5405/6297 7148/5422/6314 7149/5423/6315 7132/5406/6298
f 7132/5406/6298 7149/5423/6315 7150/5424/6316 7133/5407/6299
f 7134/5408/6300 7151/5425/6317 7152/5426/6318 7135/5409/6301
f 7135/5409/6301 7152/5426/6318 7153/5427/6319 7136/5410/6302
f 7136/5410/6302 7153/5427/6319 7154/5428/6320 7137/5411/6303
f 7137/5411/6303 7154/5428/6320 7155/5429/6321 7138/5412/6304
f 7138/5412/6304 7155/5429/6321 7156/5430/6322 7139/5413/6305
f 7139/5413/6305 7156/5430/6322 7157/5431/6323 7140/5414/6306
f 7140/5414/6306 7157/5431/6323 7158/5432/6324 7141/5415/6307
f 7141/5415/6307 7158/5432/6324 7159/5433/6325 7142/5416/6308
f 7142/5416/6308 7159/5433/6325 7160/5434/6326 7143/5417/6309
f 7143/5417/6309 7160/5434/6326 7161/5435/6327 7144/5418/6310
f 7144/5418/6310 7161/5435/6327 7162/5436/6328 7145/5419/6311
f 7145/5419/6311 7162/5436/6328 7163/5437/6329 7146/5420/6312
f 7146/5420/6312 7163/5437/6329 7164/5438/6330 7147/5421/6313
f 7147/5421/6313 7164/5438/6330 7165/5439/6331 7148/5422/6314
f 7148/5422/6314 7165/5439/6331 7166/5440/6332 7149/5423/6315
f 7149/5423/6315 7166/5440/6332 7167/5441/6333 7150/5424/6316
f 7151/5425/6317 7168/5442/6334 7169/5443/6335 7152/5426/6318
f 7152/5426/6318 7169/5443/6335 7170/5444/6336 7153/5427/6319
f 7153/5427/6319 7170/5444/6336 7171/5445/6337 7154/5428/6320
f 7154/5428/6320 7171/5445/6337 7172/5446/6338 7155/5429/6321
f 7155/5429/6321 7172/5446/6338 7173/5447/6339 7156/5430/6322
f 7156/5430/6322 7173/5447/6339 7174/5448/6340 7157/5431/6323
f 7157/5431/6323 7174/5448/6340 7175/5449/6341 7158/5432/6324
f 7158/5432/6324 7175/5449/6341 7176/5450/6342 7159/5433/6325
f 7159/5433/6325 7176/5450/6342 7177/5451/6343 7160/5434/6326
f 7160/5434/6326 7177/5451/6343 7178/5452/6344 7161/5435/6327
f 7161/5435/6327 7178/5452/6344 7179/5453/6345 7162/5436/6328
f 7162/5436/6328 7179/5453/6345 7180/5454/6346 7163/5437/6329
f 7163/5437/6329 7180/5454/6346 7181/5455/6347 7164/5438/6330
f 7164/5438/6330 7181/5455/6347 7182/5456/6348 7165/5439/6331
f 7165/5439/6331 7182/5456/6348 7183/5457/6349 7166/5440/6332
f 7166/5440/6332 7183/5457/6349 7184/5458/6350 7167/5441/6333
f 7168/5442/6334 7185/5459/6351 7186/5460/6352 7169/5443/6335
f 7169/5443/6335 7186/5460/6352 7187/5461/6353 7170/5444/6336
f 7170/5444/6336 7187/5461/6353 7188/5462/6354 7171/5445/6337
f 7171/5445/6337 7188/5462/6354 7189/5463/6355 7172/5446/6338
f 7172/5446/6338 7189/5463/6355 7190/5464/6356 7173/5447/6339
f 7173/5447/6339 7190/5464/6356 7191/5465/6357 7174/5448/6340
f 7174/5448/6340 7191/5465/6357 7192/5466/6358 7175/5449/6341
f 7175/5449/6341 7192/5466/6358 7193/5467/6359 7176/5450/6342
f 7176/5450/6342 7193/5467/6359 7194/5468/6360 7177/5451/6343
f 7177/5451/6343 7194/5468/6360 7195/5469/6361 7178/5452/6344
f 7178/5452/6344 7195/5469/6361 7196/5470/6362 7179/5453/6345
f 7179/5453/6345 7196/5470/6362 7197/5471/6363 7180/5454/6346
f 7180/5454/6346 7197/5471/6363 7198/5472/6364 7181/5455/6347
f 7181/5455/6347 7198/5472/6364 7199/5473/6365 7182/5456/6348
f 7182/5456/6348 7199/5473/6365 7200/5474/6366 7183/5457/6349
f 7183/5457/6349 7200/5474/6366 7201/5475/6367 7184/5458/6350
f 7185/5459/6351 7202/5476/6368 7203/5477/6369 7186/5460/6352
f 7186/5460/6352 7203/5477/6369 7204/5478/6370 7187/5461/6353
f 7187/5461/6353 7204/5478/6370 7205/5479/6371 7188/5462/6354
f 7188/5462/6354 7205/5479/6371 7206/5480/6372 7189/5463/6355
f 7189/5463/6355 7206/5480/6372 7207/5481/6373 7190/5464/6356
f 7190/5464/6356 7207/5481/6373 7208/5482/6374 7191/5465/6357
f 7191/5465/6357 7208/5482/6374 7209/5483/6375 7192/5466/6358
f 7192/5466/6358 7209/5483/6375 7210/5484/6376 7193/5467/6359
f 7193/5467/6359 7210/5484/6376 7211/5485/6377 7194/5468/6360
f 7194/5468/6360 7211/5485/6377 7212/5486/6378 7195/5469/6361
f 7195/5469/6361 7212/5486/6378 7213/5487/6379 7196/5470/6362
f 7196/5470/6362 7213/5487/6379 7214/5488/6380 7197/5471/6363
f 7197/5471/6363 7214/5488/6380 7215/5489/6381 7198/5472/6364
f 7198/5472/6364 7215/5489/6381 7216/5490/6382 7199/5473/6365
f 7199/5473/6365 7216/5490/6382 7217/5491/6383 7200/5474/6366
f 7200/5474/6366 7217/5491/6383 7218/5492/6384 7201/5475/6367
f 7202/5476/6368 7219/5493/6385 7220/5494/6386 7203/5477/6369
f 7203/5477/6369 7220/5494/6386 7221/5495/6387 7204/5478/6370
f 7204/5478/6370 7221/5495/6387 7222/5496/6388 7205/5479/6371
f 7205/5479/6371 7222/5496/6388 7223/5497/6389 7206/5480/6372
f 7206/5480/6372 7223/5497/6389 7224/5498/6390 7207/5481/6373
f 7207/5481/6373 7224/5498/6390 7225/5499/6391 7208/5482/6374
f 7208/5482/6374 7225/5499/6391 7226/5500/6392 7209/5483/6375
f 7209/5483/6375 7226/5500/6392 7227/5501/6393 7210/5484/6376
f 7210/5484/6376 7227/5501/6393 7228/5502/6394 7211/5485/6377
f 7211/5485/6377 7228/5502/6394 7229/5503/6395 7212/5486/6378
f 7212/5486/6378 7229/5503/6395 7230/5504/6396 7213/5487/6379
f 7213/5487/6379 7230/5504/6396 7231/5505/6397 7214/5488/6380
f 7214/5488/6380 7231/5505/6397 7232/5506/6398 7215/5489/6381
f 7215/5489/6381 7232/5506/6398 7233/5507/6399 7216/5490/6382
f 7216/5490/6382 7233/5507/6399 7234/5508/6400 7217/5491/6383
f 7217/5491/6383 7234/5508/6400 7235/5509/6401 7218/5492/6384
f 7219/5493/6385 7236/5510/6402 7237/5511/6403 7220/5494/6386
f 7220/5494/6386 7237/5511/6403 7238/5512/6404 7221/5495/6387
f 7221/5495/6387 7238/5512/6404 7239/5513/6405 7222/5496/6388
f 7222/5496/6388 7239/5513/6405 7240/5514/6406 7223/5497/6389
f 7223/5497/6389 7240/5514/6406 7241/5515/6407 7224/5498/6390
f 7224/5498/6390 7241/5515/6407 7242/5516/6408 7225/5499/6391
f 7225/5499/6391 7242/5516/6408 7243/5517/6409 7226/5500/6392
f 7226/5500/6392 7243/5517/6409 7244/5518/6410 7227/5501/6393
f 7227/5501/6393 7244/5518/6410 7245/5519/6411 7228/5502/6394
f 7228/5502/6394 7245/5519/6411 7246/5520/6412 7229/5503/6395
f 7229/5503/6395 7246/5520/6412 7247/5521/6413 7230/5504/6396
f 7230/5504/6396 7247/5521/6413 7248/5522/6414 7231/5505/6397
f 7231/5505/6397 7248/5522/6414 7249/5523/6415 7232/5506/6398
f 7232/5506/6398 7249/5523/6415 7250/5524/6416 7233/5507/6399
f 7233/5507/6399 7250/5524/6416 7251/5525/6417 7234/5508/6400
f 7234/5508/6400 7251/5525/6417 7252/5526/6418 7235/5509/6401
f 7236/5510/6402 7253/5527/6419 7254/5528/6420 7237/5511/6403
f 7237/5511/6403 7254/5528/6420 7255/5529/6421 7238/5512/6404
f 7238/5512/6404 7255/5529/6421 7256/5530/6422 7239/5513/6405
f 7239/5513/6405 7256/5530/6422 7257/5531/6423 7240/5514/6406
f 7240/5514/6406 7257/5531/6423 7258/5532/6424 7241/5515/6407
f 7241/5515/6407 7258/5532/6424 7259/5533/6425 7242/5516/6408
f 7242/5516/6408 7259/5533/6425 7260/5534/6426 7243/5517/6409
f 7243/5517/6409 7260/5534/6426 7261/5535/6427 7244/5518/6410
f 7244/5518/6410 7261/5535/6427 7262/5536/6428 7245/5519/6411
f 7245/5519/6411 7262/5536/6428 7263/5537/6429 7246/5520/6412
f 7246/5520/6412 7263/5537/6429 7264/5538/6430 7247/5521/6413
f 7247/5521/6413 7264/5538/6430 7265/5539/6431 7248/5522/6414
f 7248/5522/6414 7265/5539/6431 7266/5540/6432 7249/5523/6415
f 7249/5523/6415 7266/5540/6432 7267/5541/6433 7250/5524/6416
f 7250/5524/6416 7267/5541/6433 7268/5542/6434 7251/5525/6417
f 7251/5525/6417 7268/5542/6434 7269/5543/6435 7252/5526/6418
f 7253/5527/6419 7270/5544/6436 7271/5545/6437 7254/5528/6420
f 7254/5528/6420 7271/5545/6437 7272/5546/6438 7255/5529/6421
f 7255/5529/6421 7272/5546/6438 7273/5547/6439 7256/5530/6422
f 7256/5530/6422 7273/5547/6439 7274/5548/6440 7257/5531/6423
f 7257/5531/6423 7274/5548/6440 7275/5549/6441 7258/5532/6424
f 7258/5532/6424 7275/5549/6441 7276/5550/6442 7259/5533/6425
f 7259/5533/6425 7276/5550/6442 7277/5551/6443 7260/5534/6426
f 7260/5534/6426 7277/5551/6443 7278/5552/6444 7261/5535/6427
f 7261/5535/6427 7278/5552/6444 7279/5553/6445 7262/5536/6428
f 7262/5536/6428 7279/5553/6445 7280/5554/6446 7263/5537/6429
f 7263/5537/6429 7280/5554/6446 7281/5555/6447 7264/5538/6430
f 7264/5538/6430 7281/5555/6447 7282/5556/6448 7265/5539/6431
f 7265/5539/6431 7282/5556/6448 7283/5557/6449 7266/5540/6432
f 7266/5540/6432 7283/5557/6449 7284/5558/6450 7267/5541/6433
f 7267/5541/6433 7284/5558/6450 7285/5559/6451 7268/5542/6434
f 7268/5542/6434 7285/5559/6451 7286/5560/6452 7269/5543/6435
usemtl track_rail
f 6334/4592/6453 6351/4593/6454 7288/4624/6454 7287/4625/6453
f 6351/4593/6454 6368/4626/6455 7289/4642/6455 7288/4624/6454
f 6368/4626/6455 6385/4643/6456 7290/4659/6456 7289/4642/6455
f 6385/4643/6456 6402/4660/6457 7291/4676/6457 7290/4659/6456
f 6402/4660/6457 6419/4677/6458 7292/4693/6459 7291/4676/6457
f 6419/4677/6458 6436/4694/6460 7293/4710/6460 7292/4693/6459
f 6436/4694/6460 6453/4711/6461 7294/4727/6461 7293/4710/6460
f 6453/4711/6461 6470/4728/6462 7295/4744/6462 7294/4727/6461
f 6470/4728/6462 6487/4745/6463 7296/4761/6463 7295/4744/6462
f 6487/4745/6463 6504/4762/6464 7297/4778/6464 7296/4761/6463
f 6504/4762/6464 6521/4779/6465 7298/4795/6465 7297/4778/6464
f 6521/4779/6465 6538/4796/6466 7299/4812/6466 7298/4795/6465
f 6538/4796/6466 6555/4813/6467 7300/4829/6468 7299/4812/6466
f 6555/4813/6467 6572/4830/6469 7301/4846/6470 7300/4829/6468
f 6572/4830/6469 6589/4847/6471 7302/4863/6471 7301/4846/6470
f 6589/4847/6471 6606/4864/6472 7303/4880/6473 7302/4863/6471
f 6606/4864/6472 6623/4881/6474 7304/4897/6475 7303/4880/6473
f 6623/4881/6474 6640/4898/6476 7305/4914/6476 7304/4897/6475
f 6640/4898/6476 6657/4915/6477 7306/4931/6477 7305/4914/6476
f 6657/4915/6477 6674/4932/6478 7307/4948/6479 7306/4931/6477
f 6674/4932/6478 6691/4949/6480 7308/4965/6481 7307/4948/6479
f 6691/4949/6480 6708/4966/6482 7309/4982/6482 7308/4965/6481
f 6708/4966/6482 6725/4983/6483 7310/4999/6483 7309/4982/6482
f 6725/4983/6483 6742/5000/6484 7311/5016/6485 7310/4999/6483
f 6742/5000/6484 6759/5017/6486 7312/5033/6487 7311/5016/6485
f 6759/5017/6486 6776/5034/6488 7313/5050/6488 7312/5033/6487
f 6776/5034/6488 6793/5051/6489 7314/5067/6490 7313/5050/6488
f 6793/5051/6489 6810/5068/6491 7315/5084/6491 7314/5067/6490
f 6810/5068/6491 6827/5085/6492 7316/5101/6493 7315/5084/6491
f 6827/5085/6492 6844/5102/6494 7317/5118/6495 7316/5101/6493
f 6844/5102/6494 6861/5119/6496 7318/5135/6496 7317/5118/6495
f 6861/5119/6496 6878/5136/6497 7319/5152/6497 7318/5135/6496
f 6878/5136/6497 6895/5153/6498 7320/5169/6499 7319/5152/6497
f 6895/5153/6498 6912/5170/6500 7321/5186/6500 7320/5169/6499
f 6912/5170/6500 6929/5187/6501 7322/5203/6502 7321/5186/6500
f 6929/5187/6501 6946/5204/6503 7323/5220/6503 7322/5203/6502
f 6946/5204/6503 6963/5221/6504 7324/5237/6504 7323/5220/6503
f 6963/5221/6504 6980/5238/6505 7325/5254/6505 7324/5237/6504
f 6980/5238/6505 6997/5255/6506 7326/5271/6506 7325/5254/6505
f 6997/5255/6506 7014/5272/6507 7327/5288/6507 7326/5271/6506
f 7014/5272/6507 7031/5289/6508 7328/5305/6508 7327/5288/6507
f 7031/5289/6508 7048/5306/6509 7329/5322/6509 7328/5305/6508
f 7048/5306/6509 7065/5323/6510 7330/5339/6510 7329/5322/6509
f 7065/5323/6510 7082/5340/6511 7331/5356/6512 7330/5339/6510
f 7082/5340/6511 7099/5357/6513 7332/5373/6513 7331/5356/6512
f 7099/5357/6513 7116/5374/6514 7333/5390/6514 7332/5373/6513
f 7116/5374/6514 7133/5391/6515 7334/5407/6515 7333/5390/6514
f 7133/5391/6515 7150/5408/6516 7335/5424/6516 7334/5407/6515
f 7150/5408/6516 7167/5425/6517 7336/5441/6518 7335/5424/6516
f 7167/5425/6517 7184/5442/6519 7337/5458/6520 7336/5441/6518
f 7184/5442/6519 7201/5459/6521 7338/5475/6521 7337/5458/6520
f 7201/5459/6521 7218/5476/6522 7339/5492/6522 7338/5475/6521
f 7218/5476/6522 7235/5493/6523 7340/5509/6524 7339/5492/6522
f 7235/5493/6523 7252/5510/6525 7341/5526/6526 7340/5509/6524
f 7252/5510/6525 7269/5527/6527 7342/5543/6528 7341/5526/6526
f 7269/5527/6527 7286/5544/6529 7343/5560/6529 7342/5543/6528
f 7344/4592/6530 7345/4593/6531 6335/4624/6531 6318/4625/6530
f 7345/4593/6531 7346/4626/6532 6352/4642/6533 6335/4624/6531
f 7346/4626/6532 7347/4643/6534 6369/4659/6534 6352/4642/6533
f 7347/4643/6534 7348/4660/6535 6386/4676/6536 6369/4659/6534
f 7348/4660/6535 7349/4677/6537 6403/4693/6537 6386/4676/6536
f 7349/4677/6537 7350/4694/6538 6420/4710/6539 6403/4693/6537
f 7350/4694/6538 7351/4711/6540 6437/4727/6540 6420/4710/6539
f 7351/4711/6540 7352/4728/6541 6454/4744/6541 6437/4727/6540
f 7352/4728/6541 7353/4745/6542 6471/4761/6543 6454/4744/6541
f 7353/4745/6542 7354/4762/6544 6488/4778/6544 6471/4761/6543
f 7354/4762/6544 7355/4779/6545 6505/4795/6546 6488/4778/6544
f 7355/4779/6545 7356/4796/6547 6522/4812/6547 6505/4795/6546
f 7356/4796/6547 7357/4813/6548 6539/4829/6548 6522/4812/6547
f 7357/4813/6548 7358/4830/6549 6556/4846/6549 6539/4829/6548
f 7358/4830/6549 7359/4847/6550 6573/4863/6551 6556/4846/6549
f 7359/4847/6550 7360/4864/6552 6590/4880/6552 6573/4863/6551
f 7360/4864/6552 7361/4881/6553 6607/4897/6553 6590/4880/6552
f 7361/4881/6553 7362/4898/6554 6624/4914/6554 6607/4897/6553
f 7362/4898/6554 7363/4915/6555 6641/4931/6555 6624/4914/6554
f 7363/4915/6555 7364/4932/6556 6658/4948/6557 6641/4931/6555
f 7364/4932/6556 7365/4949/6558 6675/4965/6558 6658/4948/6557
f 7365/4949/6558 7366/4966/6559 6692/4982/6560 6675/4965/6558
f 7366/4966/6559 7367/4983/6561 6709/4999/6562 6692/4982/6560
f 7367/4983/6561 7368/5000/6563 6726/5016/6564 6709/4999/6562
f 7368/5000/6563 7369/5017/6565 6743/5033/6565 6726/5016/6564
f 7369/5017/6565 7370/5034/6566 6760/5050/6566 6743/5033/6565
f 7370/5034/6566 7371/5051/6567 6777/5067/6567 6760/5050/6566
f 7371/5051/6567 7372/5068/6568 6794/5084/6569 6777/5067/6567
f 7372/5068/6568 7373/5085/6570 6811/5101/6571 6794/5084/6569
f 7373/5085/6570 7374/5102/6572 6828/5118/6572 6811/5101/6571
f 7374/5102/6572 7375/5119/6573 6845/5135/6574 6828/5118/6572
f 7375/5119/6573 7376/5136/6575 6862/5152/6575 6845/5135/6574
f 7376/5136/6575 7377/5153/6576 6879/5169/6577 6862/5152/6575
f 7377/5153/6576 7378/5170/6578 6896/5186/6578 6879/5169/6577
f 7378/5170/6578 7379/5187/6579 6913/5203/6579 6896/5186/6578
f 7379/5187/6579 7380/5204/6580 6930/5220/6581 6913/5203/6579
f 7380/5204/6580 7381/5221/6582 6947/5237/6583 6930/5220/6581
f 7381/5221/6582 7382/5238/6584 6964/5254/6585 6947/5237/6583
f 7382/5238/6584 7383/5255/6586 6981/5271/6586 6964/5254/6585
f 7383/5255/6586 7384/5272/6587 6998/5288/6587 6981/5271/6586
f 7384/5272/6587 7385/5289/6588 7015/5305/6588 6998/5288/6587
f 7385/5289/6588 7386/5306/6589 7032/5322/6589 7015/5305/6588
f 7386/5306/6589 7387/5323/6590 7049/5339/6590 7032/5322/6589
f 7387/5323/6590 7388/5340/6591 7066/5356/6591 7049/5339/6590
f 7388/5340/6591 7389/5357/6592 7083/5373/6592 7066/5356/6591
f 7389/5357/6592 7390/5374/6593 7100/5390/6594 7083/5373/6592
f 7390/5374/6593 7391/5391/6595 7117/5407/6596 7100/5390/6594
f 7391/5391/6595 7392/5408/6597 7134/5424/6598 7117/5407/6596
f 7392/5408/6597 7393/5425/6599 7151/5441/6599 7134/5424/6598
f 7393/5425/6599 7394/5442/6600 7168/5458/6600 7151/5441/6599
f 7394/5442/6600 7395/5459/6601 7185/5475/6602 7168/5458/6600
f 7395/5459/6601 7396/5476/6603 7202/5492/6604 7185/5475/6602
f 7396/5476/6603 7397/5493/6605 7219/5509/6605 7202/5492/6604
f 7397/5493/6605 7398/5510/6606 7236/5526/6607 7219/5509/6605
f 7398/5510/6606 7399/5527/6608 7253/5543/6609 7236/5526/6607
f 7399/5527/6608 7400/5544/6610 7270/5560/6610 7253/5543/6609
