# Blender 4.5.0
# www.blender.org
mtllib mesh.mtl
o Cube.005
v 0.000494 0.314472 -0.507760
v 0.003169 0.319841 -0.456143
v 0.003169 0.214345 -0.456143
v 0.000494 0.220406 -0.503610
v 0.000494 0.314472 -0.507760
v -0.004357 0.319841 -0.456143
v -0.004357 0.214345 -0.456143
v 0.000494 0.220406 -0.503610
vn -0.9952 -0.0020 -0.0975
vn 0.9985 -0.0011 -0.0539
vt 0.251804 0.912419
vt 0.249082 0.974075
vt 0.217944 0.978029
vt 0.217946 0.908880
vt 0.068592 0.915372
vt 0.102451 0.911964
vt 0.102452 0.980715
vt 0.071315 0.976682
s 0
f 5/1/1 8/2/1 7/3/1 6/4/1
f 1/5/2 2/6/2 3/7/2 4/8/2
o lowres
v 0.350193 0.005154 0.064788
v 0.395843 0.030295 -0.220752
v 0.000000 0.005164 0.389687
v 0.041859 0.005164 0.386942
v 0.095610 0.005843 0.407548
v 0.134678 0.005603 0.392761
v 0.174765 0.005603 0.372992
v 0.210280 0.005843 0.350999
v 0.247946 0.005413 0.316363
v 0.277479 0.005413 0.282687
v 0.302046 0.005658 0.248531
v 0.323228 0.005192 0.202563
v 0.337661 0.005192 0.160047
v 0.347359 0.005441 0.118767
v 0.226313 0.005164 -0.387413
v 0.243391 0.005164 -0.381973
v 0.261758 0.005164 -0.367315
v 0.276260 0.005164 -0.353073
v 0.306460 0.005732 -0.355994
v 0.320835 0.005527 -0.333982
v 0.333570 0.005340 -0.308244
v 0.342824 0.005220 -0.281073
v 0.348427 0.005161 -0.253146
v 0.330563 0.179216 0.063878
v 0.000000 0.177954 0.369615
v 0.000000 0.177954 0.384189
v 0.083907 0.177366 0.385559
v 0.127172 0.178824 0.374644
v 0.167035 0.124397 -0.365651
v 0.164962 0.178824 0.356008
v 0.163644 0.131574 -0.365663
v 0.198510 0.178517 0.335512
v 0.158381 0.137973 -0.365689
v 0.151378 0.142989 -0.365699
v 0.234071 0.178989 0.302490
v 0.142934 0.146211 -0.365698
v 0.261914 0.178989 0.270741
v 0.114221 0.144968 -0.365715
v 0.285236 0.178679 0.238722
v 0.305089 0.179183 0.195051
v -0.000000 0.145694 -0.365722
v 0.318696 0.179183 0.154966
v 0.328061 0.178868 0.116145
v 0.331667 0.178913 -0.218190
v 0.330157 0.176422 -0.399517
v 0.313679 0.171659 -0.412965
v 0.351109 0.005390 -0.218778
v 0.395341 0.030254 0.066864
v -0.000000 0.085153 0.525551
v 0.134440 0.041173 -0.366030
v 0.066680 0.083751 0.520818
v 0.165778 0.105060 -0.365744
v 0.106799 0.030347 0.450106
v 0.151649 0.030279 0.433667
v 0.196887 0.030279 0.411358
v 0.239452 0.031699 0.381207
v 0.279544 0.030274 0.347927
v 0.312898 0.030274 0.309894
v 0.340651 0.031699 0.265819
v 0.364905 0.030268 0.219802
v 0.381221 0.030268 0.171737
v 0.392730 0.030325 0.117244
v 0.393447 0.030881 -0.259364
v 0.386695 0.033647 -0.292863
v 0.375522 0.039264 -0.325669
v 0.360150 0.047998 -0.356738
v 0.342428 0.057589 -0.383349
v 0.314555 0.078883 -0.412104
v 0.291341 0.089820 -0.431570
v 0.262472 0.099926 -0.451071
v 0.230720 0.106462 -0.467188
v 0.000000 0.150276 0.526388
v 0.067628 0.150220 0.521982
v 0.101996 0.150853 0.446901
v 0.151473 0.149372 0.433242
v 0.196657 0.149372 0.410959
v 0.239197 0.147852 0.380875
v 0.279218 0.149376 0.347602
v 0.312533 0.149376 0.309613
v 0.340288 0.147852 0.265610
v 0.364479 0.149381 0.219626
v 0.380776 0.149381 0.171617
v 0.392275 0.149325 0.117188
v 0.395382 0.149355 -0.220776
v 0.392996 0.151069 -0.259493
v 0.386401 0.153816 -0.293216
v 0.375515 0.158366 -0.325721
v 0.360406 0.164709 -0.356853
v 0.343464 0.171663 -0.383601
v 0.287443 0.177570 -0.410233
v 0.261758 0.172085 -0.451729
v 0.228975 0.177545 -0.443885
v 0.196948 0.177543 -0.454735
v 0.161424 0.177543 -0.461183
v 0.127627 0.166991 -0.452264
v 0.394879 0.149396 0.066842
v 0.227128 0.217549 -0.271782
v 0.252505 0.216175 -0.272321
v 0.275523 0.212147 -0.273900
v 0.295290 0.205740 -0.276412
v 0.310457 0.197390 -0.279686
v 0.319992 0.187667 -0.283498
v 0.323889 0.177232 -0.287589
v 0.325434 0.177418 0.058892
v 0.116185 0.177232 -0.287589
v 0.129834 0.177418 0.058892
v 0.120710 0.187667 -0.283498
v 0.131786 0.197390 -0.279686
v 0.149406 0.205740 -0.276412
v 0.172367 0.212147 -0.273900
v 0.199107 0.216175 -0.272321
v 0.000000 0.203153 0.452446
v 0.075417 0.202197 0.449849
v 0.116335 0.172419 0.372095
v 0.000000 0.199493 -0.430299
v -0.000000 0.258731 -0.210911
v -0.000000 0.294321 -0.005964
v -0.000000 0.281281 0.303248
v 0.000000 0.248939 0.372517
v 0.000000 0.177772 -0.487689
v 0.000000 0.291965 0.148140
v 0.070112 0.199065 -0.430174
v 0.081439 0.257044 -0.210910
v 0.087244 0.291870 -0.005964
v 0.067446 0.177772 -0.486568
v 0.087174 0.289584 0.148140
v -0.000000 0.005164 -0.280301
v 0.000000 0.173561 -0.481361
v -0.000000 0.005164 0.095789
v 0.000000 0.177954 -0.049191
v 0.000000 0.177954 -0.106819
v 0.000000 0.177954 -0.164448
v -0.000000 0.177945 -0.226760
v 0.000000 0.177954 0.111098
v 0.000000 0.177954 0.064074
v 0.000000 0.177954 0.008438
v -0.000000 0.177954 0.153316
v 0.000000 0.177954 0.193596
v 0.000000 0.177954 0.231752
v 0.086359 0.279111 0.303248
v 0.081758 0.247344 0.372037
v 0.125721 0.177130 0.303259
v 0.129738 0.177663 0.148140
v 0.121952 0.177772 -0.210829
v 0.128174 0.176646 -0.005964
v 0.082853 0.177772 -0.430292
v 0.100474 0.031895 0.450129
v 0.237232 0.030347 0.385783
v 0.106677 0.149305 0.449666
v 0.236957 0.149305 0.385419
v 0.089746 0.005527 0.403829
v 0.131989 0.005163 0.387746
v 0.172426 0.005163 0.367804
v 0.217289 0.005658 0.345177
v 0.123214 0.177985 0.369695
v 0.090489 0.178517 0.388782
v 0.160962 0.177985 0.350884
v 0.205370 0.178679 0.329792
v 0.340179 0.149314 0.270295
v 0.340574 0.030337 0.270527
v 0.244126 0.030337 0.380504
v 0.243844 0.149314 0.380144
v 0.210925 0.005440 0.344022
v 0.243863 0.005159 0.312977
v 0.273592 0.005159 0.279078
v 0.305784 0.005441 0.241234
v 0.197860 0.177669 0.328513
v 0.227285 0.177989 0.299163
v 0.254923 0.177989 0.267185
v 0.288873 0.178868 0.231575
v 0.344058 0.149324 0.263595
v 0.344457 0.030326 0.263821
v 0.391796 0.030327 0.124367
v 0.391342 0.149323 0.124304
v 0.300057 0.005435 0.242375
v 0.318606 0.005154 0.201091
v 0.333099 0.005154 0.158397
v 0.348288 0.005406 0.111136
v 0.281240 0.177673 0.232602
v 0.296799 0.177993 0.193616
v 0.310036 0.177993 0.153344
v 0.328966 0.178899 0.108674
v 0.395865 0.030240 -0.165351
v 0.395860 0.030236 -0.107648
v 0.395798 0.030262 -0.045242
v 0.395859 0.030237 0.010144
v 0.395401 0.149411 -0.165373
v 0.395395 0.149415 -0.107668
v 0.395333 0.149387 -0.045259
v 0.395394 0.149414 0.010128
v 0.350653 0.005138 -0.164459
v 0.350653 0.005138 -0.107324
v 0.351138 0.005404 -0.044969
v 0.350684 0.005154 0.009260
v 0.331001 0.179230 -0.164101
v 0.331001 0.179230 -0.107213
v 0.331697 0.178901 -0.045110
v 0.331033 0.179217 0.008877
v -0.000000 0.005164 0.009062
v -0.000000 0.005164 -0.048877
v -0.000000 0.005164 -0.106817
v 0.000000 0.005164 -0.184226
v -0.000000 0.177954 0.267126
v 0.000000 0.177954 0.299112
v 0.000000 0.177954 0.327163
v 0.000000 0.177954 0.350799
v 0.389991 0.031699 0.120477
v 0.389576 0.147852 0.120423
v 0.345940 0.005153 0.008837
v 0.345429 0.005153 0.064987
v 0.343506 0.005432 0.114339
v 0.321983 0.177994 0.008447
v 0.321499 0.177994 0.064069
v 0.321745 0.177676 0.111788
v 0.351108 0.005390 -0.053060
v 0.331666 0.178914 -0.053186
v 0.392944 0.147855 -0.048779
v 0.393362 0.031696 -0.048761
v 0.393373 0.031690 -0.224249
v 0.392957 0.147863 -0.224272
v 0.351273 0.005389 -0.226413
v 0.332061 0.178940 -0.225882
v 0.319075 0.005164 -0.169065
v 0.320138 0.005164 -0.106921
v 0.320138 0.005164 -0.049033
v 0.321982 0.177994 -0.164440
v 0.321982 0.177994 -0.106828
v 0.324762 0.177676 -0.049185
v 0.395348 0.149377 -0.052265
v 0.395811 0.030272 -0.052248
v 0.330643 0.179568 -0.355422
v 0.330964 0.179434 -0.327681
v 0.309995 0.167342 -0.311331
v 0.331337 0.179279 -0.261007
v 0.330285 0.179559 -0.382343
v 0.327816 0.064708 -0.398442
v 0.296628 0.006484 -0.368748
v 0.130975 0.177954 -0.049191
v 0.042210 0.177954 0.384189
v 0.130975 0.177954 0.008438
v 0.135312 0.177948 -0.234888
v 0.127748 0.177954 0.153316
v 0.113671 0.177954 0.267126
v 0.103281 0.177954 0.299112
v 0.130243 0.177954 0.193596
v 0.130975 0.177954 -0.164448
v 0.130759 0.177954 0.064074
v 0.081310 0.177954 0.350799
v 0.130975 0.177954 -0.106819
v 0.124083 0.177954 0.231752
v 0.062232 0.177954 0.369615
v 0.129283 0.177954 0.111098
v 0.096711 0.177954 0.327163
v 0.250886 0.247910 0.030787
v 0.227803 0.250483 0.029640
v 0.272351 0.240380 0.034142
v 0.296076 0.234648 0.033913
v 0.311417 0.217884 0.041231
v 0.321056 0.198364 0.049752
v 0.142294 0.195056 0.054303
v 0.150874 0.212979 0.046351
v 0.164894 0.228449 0.039458
v 0.183254 0.240380 0.034142
v 0.204719 0.247910 0.030787
v 0.225102 0.177228 -0.295122
v 0.396237 0.029955 -0.227785
v 0.395857 0.149785 -0.227758
v 0.321806 0.005164 -0.259985
v 0.317084 0.005164 -0.280233
v 0.310445 0.005164 -0.299234
v 0.301604 0.005164 -0.317286
v 0.291644 0.005164 -0.333523
v 0.324641 0.005164 -0.229766
v 0.325034 0.177677 -0.221678
v 0.322969 0.177995 -0.257082
v 0.326296 0.177990 -0.381865
v 0.326296 0.177994 -0.355005
v 0.321470 0.177746 -0.310119
v 0.331196 0.179338 -0.305401
v 0.310038 0.167007 -0.374234
v 0.322769 0.089299 -0.403823
v 0.283962 0.005164 -0.344314
v 0.161100 0.161976 -0.481361
v 0.169231 0.151010 -0.475636
v 0.177523 0.141087 -0.474151
v 0.197567 0.117081 -0.479715
v 0.184945 0.107357 -0.472831
v 0.187213 0.130759 -0.481361
v 0.110993 0.164870 -0.478810
v 0.145821 0.163064 -0.477926
v 0.000000 0.165103 -0.478997
v 0.124716 0.177772 -0.141608
v 0.126456 0.177575 -0.074534
v 0.114569 0.177772 -0.283627
v 0.100382 0.177772 -0.358572
v 0.074143 0.221616 -0.358613
v 0.077933 0.241016 -0.283716
v -0.000000 0.222549 -0.358614
v 0.000000 0.242361 -0.283718
v 0.084174 0.270073 -0.141681
v 0.085841 0.281253 -0.074572
v -0.000000 0.272037 -0.141682
v -0.000000 0.283459 -0.074573
v 0.169340 0.177671 -0.300031
v 0.245825 0.177954 -0.286475
v 0.206671 0.177946 -0.286475
v 0.150390 0.177663 -0.300031
v 0.000000 0.177891 -0.318150
v 0.140392 0.177663 -0.300031
v 0.129839 0.177689 -0.300006
v 0.129704 0.167124 -0.315332
v 0.290424 0.171870 -0.432632
v 0.259318 0.177555 -0.428961
v 0.321445 0.177705 -0.336848
v 0.326296 0.177994 -0.324476
v 0.310474 0.177561 -0.390674
v 0.322527 0.156487 -0.403901
v 0.321902 0.177976 -0.292987
v 0.321445 0.177667 -0.363395
v 0.230827 0.172224 -0.467374
v 0.197520 0.171496 -0.479283
v 0.160946 0.173083 -0.481361
v 0.101471 0.173571 -0.481361
v 0.102095 0.177891 -0.308449
v 0.162454 0.177913 -0.286476
v 0.220452 0.177710 -0.300031
v 0.264553 0.177722 -0.300031
v 0.127337 0.177905 -0.286475
v 0.137087 0.177905 -0.286475
v 0.145786 0.177905 -0.286475
v 0.281986 0.166893 -0.399554
v 0.253036 0.166841 -0.415401
v 0.307507 0.166911 -0.339148
v 0.302660 0.166915 -0.382921
v 0.320100 0.177621 -0.378463
v 0.319513 0.177726 -0.300279
v 0.310097 0.166879 -0.363444
v 0.223355 0.166879 -0.431071
v 0.193093 0.166877 -0.441242
v 0.161276 0.166877 -0.447762
v 0.116786 0.177609 -0.463696
v 0.118734 0.177662 -0.304890
v 0.171203 0.166982 -0.312732
v 0.222134 0.167024 -0.311442
v 0.262853 0.167158 -0.310605
v 0.141370 0.166977 -0.313471
v 0.151941 0.166976 -0.313255
v 0.287180 0.233514 -0.395130
v 0.228929 0.250223 -0.424187
v 0.197019 0.255611 -0.433544
v 0.161644 0.258863 -0.439188
v 0.128279 0.243305 -0.433547
v 0.309581 0.175599 -0.315383
v 0.321056 0.183939 -0.308721
v 0.310309 0.206785 -0.370156
v 0.169529 0.179060 -0.300401
v 0.150641 0.179053 -0.300406
v 0.140676 0.179053 -0.300405
v 0.130175 0.179063 -0.300370
v 0.129563 0.176668 -0.317377
v 0.259160 0.242815 -0.411307
v 0.321030 0.197160 -0.331754
v 0.310122 0.223782 -0.378255
v 0.321031 0.210330 -0.354695
v 0.220472 0.179093 -0.300382
v 0.264410 0.179104 -0.300376
v 0.280768 0.220144 -0.393186
v 0.253929 0.229017 -0.408697
v 0.310460 0.188372 -0.337906
v 0.302257 0.211073 -0.377522
v 0.320784 0.218020 -0.368121
v 0.319150 0.179189 -0.300515
v 0.310460 0.200734 -0.359515
v 0.224960 0.236103 -0.421047
v 0.194402 0.241264 -0.430010
v 0.162251 0.244337 -0.435345
v 0.117808 0.257711 -0.437181
v 0.119163 0.181557 -0.304754
v 0.169633 0.175101 -0.314938
v 0.220526 0.175135 -0.314918
v 0.262667 0.175151 -0.314909
v 0.140664 0.175096 -0.314940
v 0.150764 0.175095 -0.314941
v 0.081260 0.023983 -0.360589
v 0.081260 0.036159 -0.497538
v 0.098914 0.026307 -0.360589
v 0.095763 0.038068 -0.497538
v 0.115365 0.033122 -0.360589
v 0.109278 0.043666 -0.497538
v 0.129492 0.043962 -0.360589
v 0.120883 0.052571 -0.497538
v 0.140332 0.058089 -0.360589
v 0.129788 0.064177 -0.497538
v 0.147147 0.074540 -0.360589
v 0.135386 0.077691 -0.497538
v 0.149471 0.092194 -0.360589
v 0.137295 0.092194 -0.497538
v 0.147147 0.109849 -0.360589
v 0.135386 0.106697 -0.497538
v 0.140332 0.126300 -0.360589
v 0.129788 0.120212 -0.497538
v 0.129492 0.140427 -0.360589
v 0.120883 0.131817 -0.497538
v 0.115365 0.151267 -0.360589
v 0.109278 0.140722 -0.497538
v 0.098914 0.158081 -0.360589
v 0.095763 0.146320 -0.497538
v 0.081260 0.160405 -0.360589
v 0.081260 0.148230 -0.497538
v 0.063606 0.158081 -0.360589
v 0.066757 0.146320 -0.497538
v 0.047154 0.151267 -0.360589
v 0.053242 0.140722 -0.497538
v 0.033027 0.140427 -0.360589
v 0.041637 0.131817 -0.497538
v 0.022187 0.126300 -0.360589
v 0.032732 0.120212 -0.497538
v 0.015373 0.109849 -0.360589
v 0.027134 0.106697 -0.497538
v 0.013049 0.092194 -0.360589
v 0.025225 0.092194 -0.497538
v 0.015373 0.074540 -0.360589
v 0.027134 0.077691 -0.497538
v 0.022187 0.058089 -0.360589
v 0.032732 0.064177 -0.497538
v 0.033027 0.043962 -0.360589
v 0.041637 0.052571 -0.497538
v 0.047154 0.033122 -0.360589
v 0.053242 0.043666 -0.497538
v 0.063606 0.026307 -0.360589
v 0.066757 0.038068 -0.497538
v 0.098851 0.026542 -0.495704
v 0.081260 0.024226 -0.495704
v 0.115244 0.033332 -0.495704
v 0.129321 0.044133 -0.495704
v 0.140122 0.058210 -0.495704
v 0.146912 0.074603 -0.495704
v 0.149228 0.092194 -0.495704
v 0.146912 0.109786 -0.495704
v 0.140122 0.126178 -0.495704
v 0.129321 0.140255 -0.495704
v 0.115244 0.151057 -0.495704
v 0.098851 0.157847 -0.495704
v 0.081260 0.160163 -0.495704
v 0.063668 0.157847 -0.495704
v 0.047276 0.151057 -0.495704
v 0.033199 0.140255 -0.495704
v 0.022398 0.126178 -0.495704
v 0.015607 0.109786 -0.495704
v 0.013291 0.092194 -0.495704
v 0.015607 0.074603 -0.495704
v 0.022398 0.058210 -0.495704
v 0.033199 0.044133 -0.495704
v 0.047276 0.033332 -0.495704
v 0.063668 0.026542 -0.495704
v 0.084570 0.079841 -0.448639
v 0.081260 0.079406 -0.448639
v 0.087654 0.081119 -0.448639
v 0.090303 0.083151 -0.448639
v 0.092335 0.085800 -0.448639
v 0.093613 0.088884 -0.448639
v 0.094049 0.092194 -0.448639
v 0.093613 0.095504 -0.448639
v 0.092335 0.098589 -0.448639
v 0.090303 0.101237 -0.448639
v 0.087654 0.103270 -0.448639
v 0.084570 0.104547 -0.448639
v 0.081260 0.104983 -0.448639
v 0.077950 0.104547 -0.448639
v 0.074866 0.103270 -0.448639
v 0.072217 0.101237 -0.448639
v 0.070185 0.098589 -0.448639
v 0.068907 0.095504 -0.448639
v 0.068471 0.092194 -0.448639
v 0.068907 0.088884 -0.448639
v 0.070185 0.085800 -0.448639
v 0.072217 0.083151 -0.448639
v 0.074866 0.081119 -0.448639
v 0.077950 0.079841 -0.448639
v 0.000000 0.281222 -0.076375
v 0.000000 0.341345 -0.373286
v 0.000000 0.342071 -0.484194
v 0.000000 0.314869 -0.508655
v 0.000000 0.311689 -0.462298
v 0.000000 0.222511 -0.462221
v 0.000000 0.219842 -0.505542
v 0.000000 0.185821 -0.506046
v 0.000000 0.168246 -0.477042
v 0.259650 0.005164 -0.286880
v -0.000000 0.026253 -0.366076
v 0.184932 0.055029 -0.472403
v 0.181154 0.015815 -0.426040
v 0.184692 0.037941 -0.472818
v 0.184375 0.030264 -0.469515
v 0.183941 0.023588 -0.464355
v 0.183374 0.018463 -0.457648
v 0.182660 0.015225 -0.448621
v 0.222435 0.005164 -0.366756
v 0.191357 0.051863 -0.478780
v 0.187955 0.009064 -0.450086
v 0.189193 0.013199 -0.460739
v 0.190174 0.019649 -0.468861
v 0.190746 0.026933 -0.474608
v 0.191243 0.036049 -0.478295
v 0.006028 0.278546 -0.112478
v 0.006064 0.330792 -0.376251
v 0.006028 0.333863 -0.476684
v 0.005964 0.320945 -0.492821
v 0.006064 0.318318 -0.454629
v 0.006102 0.216764 -0.449891
v 0.005964 0.213321 -0.498632
v 0.006028 0.189009 -0.498751
v 0.006028 0.177019 -0.472229
v 0.252794 0.255600 0.024767
v 0.227788 0.258359 0.023563
v 0.276080 0.247512 0.028298
v 0.159294 0.234648 0.033913
v 0.179358 0.247512 0.028298
v 0.139262 0.175878 0.062679
v 0.134227 0.198364 0.049752
v 0.143899 0.217884 0.041231
v 0.202725 0.255600 0.024767
v 0.290712 0.228449 0.039458
v 0.304731 0.212979 0.046351
v 0.313311 0.195056 0.054303
v 0.316344 0.175878 0.062679
v 0.290866 0.154603 -0.126680
v 0.304884 0.139208 -0.119821
v 0.139460 0.103371 -0.104052
v 0.250945 0.174126 -0.135379
v 0.227803 0.176709 -0.136530
v 0.272463 0.166571 -0.132013
v 0.313316 0.121845 -0.112118
v 0.142289 0.121845 -0.112118
v 0.150721 0.139208 -0.119821
v 0.164739 0.154603 -0.126680
v 0.183143 0.166571 -0.132013
v 0.204660 0.174126 -0.135379
v 0.316145 0.103371 -0.104052
v 0.218434 0.252761 0.031471
v 0.155934 0.229189 0.031471
v 0.155934 0.176165 0.031471
v 0.175009 0.242002 0.008360
v 0.175009 0.176165 0.008360
v 0.218434 0.176165 0.031471
v 0.206259 0.176165 0.008360
v 0.206259 0.252761 0.008360
v 0.187184 0.176165 0.031471
v 0.187184 0.251006 0.031471
v 0.237509 0.252761 0.008360
v 0.280934 0.242411 0.031471
v 0.280934 0.176165 0.031471
v 0.300009 0.228773 0.008360
v 0.300009 0.176165 0.008360
v 0.237509 0.176165 0.008360
v 0.268759 0.176165 0.008360
v 0.268759 0.248091 0.008360
v 0.249684 0.176165 0.031471
v 0.249684 0.252761 0.031471
v -0.350193 0.005154 0.064788
v -0.395843 0.030295 -0.220752
v -0.041859 0.005164 0.386942
v -0.095610 0.005843 0.407548
v -0.134678 0.005603 0.392761
v -0.174765 0.005603 0.372992
v -0.210280 0.005843 0.350999
v -0.247946 0.005413 0.316363
v -0.277479 0.005413 0.282687
v -0.302046 0.005658 0.248531
v -0.323228 0.005192 0.202563
v -0.337661 0.005192 0.160047
v -0.347359 0.005441 0.118767
v -0.226313 0.005164 -0.387413
v -0.243391 0.005164 -0.381973
v -0.261758 0.005164 -0.367315
v -0.276260 0.005164 -0.353073
v -0.306460 0.005732 -0.355994
v -0.320835 0.005527 -0.333982
v -0.333570 0.005340 -0.308244
v -0.342824 0.005220 -0.281073
v -0.348427 0.005161 -0.253146
v -0.330563 0.179216 0.063878
v -0.083907 0.177366 0.385559
v -0.127172 0.178824 0.374644
v -0.167035 0.124397 -0.365651
v -0.164962 0.178824 0.356008
v -0.163644 0.131574 -0.365663
v -0.198510 0.178517 0.335512
v -0.158381 0.137973 -0.365689
v -0.151378 0.142989 -0.365699
v -0.234071 0.178989 0.302490
v -0.142934 0.146211 -0.365698
v -0.261914 0.178989 0.270741
v -0.114221 0.144968 -0.365715
v -0.285236 0.178679 0.238722
v -0.305089 0.179183 0.195051
v -0.318696 0.179183 0.154966
v -0.328061 0.178868 0.116145
v -0.331667 0.178913 -0.218190
v -0.330157 0.176422 -0.399517
v -0.313679 0.171659 -0.412965
v -0.351109 0.005390 -0.218778
v -0.395341 0.030254 0.066864
v -0.134440 0.041173 -0.366030
v -0.066680 0.083751 0.520818
v -0.165778 0.105060 -0.365744
v -0.106799 0.030347 0.450106
v -0.151649 0.030279 0.433667
v -0.196887 0.030279 0.411358
v -0.239452 0.031699 0.381207
v -0.279544 0.030274 0.347927
v -0.312898 0.030274 0.309894
v -0.340651 0.031699 0.265819
v -0.364905 0.030268 0.219802
v -0.381221 0.030268 0.171737
v -0.392730 0.030325 0.117244
v -0.393447 0.030881 -0.259364
v -0.386695 0.033647 -0.292863
v -0.375522 0.039264 -0.325669
v -0.360150 0.047998 -0.356738
v -0.342428 0.057589 -0.383349
v -0.314555 0.078883 -0.412104
v -0.291341 0.089820 -0.431570
v -0.262472 0.099926 -0.451071
v -0.230720 0.106462 -0.467188
v -0.067628 0.150220 0.521982
v -0.101996 0.150853 0.446901
v -0.151473 0.149372 0.433242
v -0.196657 0.149372 0.410959
v -0.239197 0.147852 0.380875
v -0.279218 0.149376 0.347602
v -0.312533 0.149376 0.309613
v -0.340288 0.147852 0.265610
v -0.364479 0.149381 0.219626
v -0.380776 0.149381 0.171617
v -0.392275 0.149325 0.117188
v -0.395382 0.149355 -0.220776
v -0.392996 0.151069 -0.259493
v -0.386401 0.153816 -0.293216
v -0.375515 0.158366 -0.325721
v -0.360406 0.164709 -0.356853
v -0.343464 0.171663 -0.383601
v -0.287443 0.177570 -0.410233
v -0.261758 0.172085 -0.451729
v -0.228975 0.177545 -0.443884
v -0.196948 0.177543 -0.454735
v -0.161424 0.177543 -0.461183
v -0.127627 0.166991 -0.452264
v -0.394879 0.149396 0.066842
v -0.227128 0.217549 -0.271782
v -0.252505 0.216175 -0.272321
v -0.275523 0.212148 -0.273900
v -0.295290 0.205740 -0.276412
v -0.310458 0.197390 -0.279686
v -0.319992 0.187667 -0.283498
v -0.323889 0.177232 -0.287589
v -0.325434 0.177418 0.058892
v -0.116185 0.177232 -0.287589
v -0.129834 0.177418 0.058892
v -0.120710 0.187667 -0.283498
v -0.131786 0.197390 -0.279686
v -0.149406 0.205740 -0.276412
v -0.172367 0.212147 -0.273900
v -0.199107 0.216175 -0.272321
v -0.075417 0.202197 0.449849
v -0.116335 0.172419 0.372095
v -0.070112 0.199065 -0.430174
v -0.081439 0.257044 -0.210910
v -0.087244 0.291870 -0.005964
v -0.067446 0.177772 -0.486568
v -0.087174 0.289584 0.148140
v -0.086359 0.279111 0.303248
v -0.081758 0.247344 0.372037
v -0.125721 0.177130 0.303259
v -0.129738 0.177663 0.148140
v -0.121952 0.177772 -0.210829
v -0.128174 0.176646 -0.005964
v -0.082853 0.177772 -0.430292
v -0.100474 0.031895 0.450129
v -0.237232 0.030347 0.385783
v -0.106677 0.149305 0.449666
v -0.236957 0.149305 0.385419
v -0.089746 0.005527 0.403829
v -0.131989 0.005163 0.387746
v -0.172426 0.005163 0.367804
v -0.217289 0.005658 0.345177
v -0.123214 0.177985 0.369695
v -0.090489 0.178517 0.388782
v -0.160962 0.177985 0.350884
v -0.205370 0.178679 0.329792
v -0.340179 0.149314 0.270295
v -0.340574 0.030337 0.270527
v -0.244126 0.030337 0.380504
v -0.243844 0.149314 0.380144
v -0.210925 0.005440 0.344022
v -0.243863 0.005159 0.312977
v -0.273592 0.005159 0.279078
v -0.305784 0.005441 0.241234
v -0.197860 0.177669 0.328513
v -0.227285 0.177989 0.299163
v -0.254923 0.177989 0.267185
v -0.288873 0.178868 0.231575
v -0.344058 0.149324 0.263595
v -0.344457 0.030326 0.263821
v -0.391796 0.030327 0.124367
v -0.391342 0.149323 0.124304
v -0.300057 0.005435 0.242375
v -0.318606 0.005154 0.201091
v -0.333099 0.005154 0.158397
v -0.348288 0.005406 0.111136
v -0.281240 0.177673 0.232602
v -0.296799 0.177993 0.193616
v -0.310036 0.177993 0.153344
v -0.328966 0.178899 0.108674
v -0.395865 0.030240 -0.165351
v -0.395860 0.030236 -0.107648
v -0.395798 0.030262 -0.045242
v -0.395859 0.030237 0.010144
v -0.395401 0.149411 -0.165373
v -0.395395 0.149415 -0.107668
v -0.395333 0.149387 -0.045259
v -0.395394 0.149414 0.010128
v -0.350653 0.005138 -0.164459
v -0.350653 0.005138 -0.107324
v -0.351138 0.005404 -0.044969
v -0.350684 0.005154 0.009260
v -0.331001 0.179230 -0.164101
v -0.331001 0.179230 -0.107213
v -0.331697 0.178901 -0.045110
v -0.331033 0.179217 0.008877
v -0.389991 0.031699 0.120477
v -0.389576 0.147852 0.120423
v -0.345940 0.005153 0.008837
v -0.345429 0.005153 0.064987
v -0.343506 0.005432 0.114339
v -0.321983 0.177994 0.008447
v -0.321499 0.177994 0.064069
v -0.321745 0.177676 0.111788
v -0.351108 0.005390 -0.053060
v -0.331666 0.178914 -0.053186
v -0.392944 0.147855 -0.048779
v -0.393362 0.031696 -0.048761
v -0.393373 0.031690 -0.224249
v -0.392957 0.147863 -0.224272
v -0.351273 0.005389 -0.226413
v -0.332061 0.178940 -0.225882
v -0.319075 0.005164 -0.169065
v -0.320138 0.005164 -0.106921
v -0.320138 0.005164 -0.049033
v -0.321982 0.177994 -0.164440
v -0.321982 0.177994 -0.106828
v -0.324762 0.177676 -0.049185
v -0.395348 0.149377 -0.052265
v -0.395811 0.030272 -0.052248
v -0.330643 0.179568 -0.355423
v -0.330964 0.179434 -0.327681
v -0.309994 0.167342 -0.311331
v -0.331337 0.179279 -0.261007
v -0.330285 0.179559 -0.382343
v -0.327816 0.064708 -0.398442
v -0.296628 0.006484 -0.368748
v -0.130975 0.177954 -0.049191
v -0.042210 0.177954 0.384189
v -0.130975 0.177954 0.008438
v -0.135312 0.177948 -0.234888
v -0.127748 0.177954 0.153316
v -0.113671 0.177954 0.267126
v -0.103281 0.177954 0.299112
v -0.130243 0.177954 0.193596
v -0.130975 0.177954 -0.164448
v -0.130759 0.177954 0.064074
v -0.081310 0.177954 0.350799
v -0.130975 0.177954 -0.106819
v -0.124083 0.177954 0.231752
v -0.062232 0.177954 0.369615
v -0.129283 0.177954 0.111098
v -0.096711 0.177954 0.327163
v -0.250886 0.247910 0.030787
v -0.227803 0.250483 0.029640
v -0.272351 0.240380 0.034142
v -0.296076 0.234648 0.033913
v -0.311417 0.217884 0.041231
v -0.321056 0.198364 0.049752
v -0.142294 0.195056 0.054303
v -0.150874 0.212979 0.046351
v -0.164894 0.228449 0.039458
v -0.183254 0.240380 0.034142
v -0.204719 0.247910 0.030787
v -0.225102 0.177228 -0.295122
v -0.396237 0.029955 -0.227785
v -0.395857 0.149785 -0.227758
v -0.321806 0.005164 -0.259985
v -0.317084 0.005164 -0.280233
v -0.310445 0.005164 -0.299234
v -0.301604 0.005164 -0.317286
v -0.291644 0.005164 -0.333523
v -0.324641 0.005164 -0.229766
v -0.325034 0.177677 -0.221678
v -0.322969 0.177995 -0.257082
v -0.326296 0.177990 -0.381865
v -0.326296 0.177994 -0.355005
v -0.321470 0.177746 -0.310119
v -0.331196 0.179338 -0.305401
v -0.310038 0.167007 -0.374234
v -0.322769 0.089299 -0.403823
v -0.283962 0.005164 -0.344314
v -0.161100 0.161976 -0.481361
v -0.169231 0.151010 -0.475636
v -0.177523 0.141087 -0.474151
v -0.197567 0.117081 -0.479715
v -0.184945 0.107357 -0.472834
v -0.187213 0.130759 -0.481361
v -0.110993 0.164870 -0.478810
v -0.145821 0.163064 -0.477926
v -0.222435 0.005164 -0.366756
v -0.124716 0.177772 -0.141608
v -0.126456 0.177575 -0.074534
v -0.114569 0.177772 -0.283627
v -0.100382 0.177772 -0.358572
v -0.074143 0.221616 -0.358613
v -0.077933 0.241016 -0.283716
v -0.084174 0.270073 -0.141681
v -0.085841 0.281253 -0.074572
v -0.169340 0.177671 -0.300031
v -0.248363 0.177954 -0.287425
v -0.206671 0.177946 -0.286475
v -0.150390 0.177663 -0.300031
v -0.140392 0.177663 -0.300031
v -0.129839 0.177689 -0.300006
v -0.129704 0.167124 -0.315332
v -0.290424 0.171870 -0.432632
v -0.259318 0.177555 -0.428961
v -0.321445 0.177705 -0.336848
v -0.326296 0.177994 -0.324476
v -0.310474 0.177561 -0.390674
v -0.322527 0.156487 -0.403901
v -0.323024 0.177976 -0.294506
v -0.321445 0.177667 -0.363395
v -0.230827 0.172224 -0.467374
v -0.197520 0.171496 -0.479283
v -0.160946 0.173083 -0.481361
v -0.101471 0.173571 -0.481361
v -0.102096 0.177891 -0.308449
v -0.162454 0.177913 -0.286476
v -0.220452 0.177710 -0.300031
v -0.264553 0.177722 -0.300031
v -0.127337 0.177905 -0.286475
v -0.137087 0.177905 -0.286475
v -0.145786 0.177905 -0.286475
v -0.281986 0.166893 -0.399554
v -0.253036 0.166841 -0.415401
v -0.307507 0.166911 -0.339148
v -0.302660 0.166915 -0.382921
v -0.320100 0.177621 -0.378463
v -0.319513 0.177726 -0.300279
v -0.310097 0.166879 -0.363444
v -0.223355 0.166879 -0.431071
v -0.193093 0.166877 -0.441242
v -0.161276 0.166877 -0.447762
v -0.116786 0.177609 -0.463696
v -0.118734 0.177663 -0.304890
v -0.171203 0.166982 -0.312732
v -0.222134 0.167024 -0.311442
v -0.262853 0.167158 -0.310605
v -0.141370 0.166977 -0.313471
v -0.151941 0.166976 -0.313255
v -0.287180 0.233514 -0.395130
v -0.228929 0.250223 -0.424187
v -0.197019 0.255611 -0.433544
v -0.161644 0.258863 -0.439188
v -0.128279 0.243305 -0.433547
v -0.309581 0.175599 -0.315383
v -0.321056 0.183939 -0.308721
v -0.310309 0.206785 -0.370156
v -0.169529 0.179060 -0.300401
v -0.150641 0.179053 -0.300406
v -0.140676 0.179053 -0.300405
v -0.130175 0.179063 -0.300370
v -0.129563 0.176668 -0.317377
v -0.259160 0.242815 -0.411307
v -0.321031 0.197160 -0.331754
v -0.310122 0.223782 -0.378255
v -0.321031 0.210330 -0.354695
v -0.220472 0.179093 -0.300382
v -0.264410 0.179104 -0.300376
v -0.280768 0.220144 -0.393186
v -0.253929 0.229017 -0.408697
v -0.310460 0.188372 -0.337906
v -0.302257 0.211073 -0.377522
v -0.320784 0.218020 -0.368120
v -0.319150 0.179189 -0.300515
v -0.310460 0.200734 -0.359515
v -0.224960 0.236103 -0.421047
v -0.194402 0.241264 -0.430010
v -0.162251 0.244337 -0.435345
v -0.117808 0.257710 -0.437181
v -0.119163 0.181557 -0.304754
v -0.169633 0.175101 -0.314938
v -0.220526 0.175135 -0.314918
v -0.262667 0.175151 -0.314909
v -0.140664 0.175096 -0.314940
v -0.150764 0.175095 -0.314941
v -0.081260 0.023983 -0.360589
v -0.081260 0.035472 -0.498459
v -0.098914 0.026307 -0.360589
v -0.095941 0.037405 -0.498459
v -0.115365 0.033122 -0.360589
v -0.109621 0.043071 -0.498459
v -0.129492 0.043962 -0.360589
v -0.121369 0.052086 -0.498459
v -0.140332 0.058089 -0.360589
v -0.130383 0.063833 -0.498459
v -0.147147 0.074540 -0.360589
v -0.136049 0.077513 -0.498459
v -0.149471 0.092194 -0.360589
v -0.137982 0.092194 -0.498459
v -0.147147 0.109849 -0.360589
v -0.136049 0.106875 -0.498459
v -0.140332 0.126300 -0.360589
v -0.130383 0.120555 -0.498459
v -0.129492 0.140427 -0.360589
v -0.121369 0.132303 -0.498459
v -0.115365 0.151267 -0.360589
v -0.109621 0.141317 -0.498459
v -0.098914 0.158081 -0.360589
v -0.095941 0.146984 -0.498459
v -0.081260 0.160405 -0.360589
v -0.081260 0.148916 -0.498459
v -0.063606 0.158081 -0.360589
v -0.066579 0.146984 -0.498459
v -0.047154 0.151267 -0.360589
v -0.052899 0.141317 -0.498459
v -0.033027 0.140427 -0.360589
v -0.041151 0.132303 -0.498459
v -0.022187 0.126300 -0.360589
v -0.032137 0.120555 -0.498459
v -0.015373 0.109849 -0.360589
v -0.026471 0.106875 -0.498459
v -0.013049 0.092194 -0.360589
v -0.024538 0.092194 -0.498459
v -0.015373 0.074540 -0.360589
v -0.026471 0.077513 -0.498459
v -0.022187 0.058089 -0.360589
v -0.032137 0.063833 -0.498459
v -0.033027 0.043962 -0.360589
v -0.041151 0.052086 -0.498459
v -0.047154 0.033122 -0.360589
v -0.052899 0.043071 -0.498459
v -0.063606 0.026307 -0.360589
v -0.066579 0.037405 -0.498459
v -0.098851 0.026542 -0.495704
v -0.081260 0.024226 -0.495704
v -0.115244 0.033332 -0.495704
v -0.129321 0.044133 -0.495704
v -0.140122 0.058210 -0.495704
v -0.146912 0.074603 -0.495704
v -0.149228 0.092194 -0.495704
v -0.146912 0.109786 -0.495704
v -0.140122 0.126178 -0.495704
v -0.129321 0.140255 -0.495704
v -0.115244 0.151057 -0.495704
v -0.098851 0.157847 -0.495704
v -0.081260 0.160163 -0.495704
v -0.063668 0.157847 -0.495704
v -0.047276 0.151057 -0.495704
v -0.033199 0.140255 -0.495704
v -0.022398 0.126178 -0.495704
v -0.015607 0.109786 -0.495704
v -0.013291 0.092194 -0.495704
v -0.015607 0.074603 -0.495704
v -0.022398 0.058210 -0.495704
v -0.033199 0.044133 -0.495704
v -0.047276 0.033332 -0.495704
v -0.063668 0.026542 -0.495704
v -0.084570 0.079841 -0.448639
v -0.081260 0.079406 -0.448639
v -0.087654 0.081119 -0.448639
v -0.090303 0.083151 -0.448639
v -0.092335 0.085800 -0.448639
v -0.093613 0.088884 -0.448639
v -0.094049 0.092194 -0.448639
v -0.093613 0.095504 -0.448639
v -0.092335 0.098589 -0.448639
v -0.090303 0.101237 -0.448639
v -0.087654 0.103270 -0.448639
v -0.084570 0.104547 -0.448639
v -0.081260 0.104983 -0.448639
v -0.077950 0.104547 -0.448639
v -0.074866 0.103270 -0.448639
v -0.072217 0.101237 -0.448639
v -0.070185 0.098589 -0.448639
v -0.068907 0.095504 -0.448639
v -0.068471 0.092194 -0.448639
v -0.068907 0.088884 -0.448639
v -0.070185 0.085800 -0.448639
v -0.072217 0.083151 -0.448639
v -0.074866 0.081119 -0.448639
v -0.077950 0.079841 -0.448639
v -0.259650 0.005164 -0.286880
v -0.184943 0.055293 -0.472357
v -0.181183 0.015524 -0.426828
v -0.184692 0.037941 -0.472822
v -0.184375 0.030264 -0.469515
v -0.183941 0.023588 -0.464355
v -0.183345 0.018449 -0.457236
v -0.182622 0.014644 -0.448205
v -0.191388 0.051881 -0.479729
v -0.187955 0.009064 -0.450105
v -0.189193 0.013199 -0.460758
v -0.190114 0.019300 -0.468667
v -0.190821 0.027248 -0.474718
v -0.191196 0.036337 -0.478651
v -0.006028 0.278546 -0.112478
v -0.006064 0.330792 -0.376251
v -0.006028 0.333863 -0.476684
v -0.005964 0.320945 -0.492821
v -0.006064 0.318318 -0.454629
v -0.006102 0.216764 -0.449891
v -0.005964 0.213321 -0.498632
v -0.006028 0.189009 -0.498751
v -0.006028 0.177019 -0.472229
v -0.252794 0.255600 0.024767
v -0.227788 0.258359 0.023563
v -0.276080 0.247512 0.028298
v -0.159294 0.234648 0.033913
v -0.179358 0.247512 0.028298
v -0.139262 0.175878 0.062679
v -0.134227 0.198364 0.049752
v -0.143899 0.217884 0.041231
v -0.202725 0.255600 0.024767
v -0.290712 0.228449 0.039458
v -0.304731 0.212979 0.046351
v -0.313311 0.195056 0.054303
v -0.316344 0.175878 0.062679
v -0.290866 0.154603 -0.126680
v -0.304884 0.139208 -0.119821
v -0.139460 0.103371 -0.104052
v -0.250945 0.174126 -0.135379
v -0.227803 0.176709 -0.136530
v -0.272463 0.166571 -0.132013
v -0.313316 0.121845 -0.112118
v -0.142289 0.121845 -0.112118
v -0.150721 0.139208 -0.119821
v -0.164739 0.154603 -0.126680
v -0.183143 0.166571 -0.132013
v -0.204660 0.174126 -0.135379
v -0.316145 0.103371 -0.104052
v -0.218434 0.252761 0.031471
v -0.155934 0.229189 0.031471
v -0.155934 0.176165 0.031471
v -0.175009 0.242002 0.008360
v -0.175009 0.176165 0.008360
v -0.218434 0.176165 0.031471
v -0.206259 0.176165 0.008360
v -0.206259 0.252761 0.008360
v -0.187184 0.176165 0.031471
v -0.187184 0.251006 0.031471
v -0.237509 0.252761 0.008360
v -0.280934 0.242411 0.031471
v -0.280934 0.176165 0.031471
v -0.300009 0.228773 0.008360
v -0.300009 0.176165 0.008360
v -0.237509 0.176165 0.008360
v -0.268759 0.176165 0.008360
v -0.268759 0.248091 0.008360
v -0.249684 0.176165 0.031471
v -0.249684 0.252761 0.031471
v 0.169707 0.150549 -0.374206
v 0.159100 0.158171 -0.374234
v 0.182646 0.128901 -0.365849
v 0.177859 0.140597 -0.374175
v 0.183841 0.100031 -0.376434
v 0.146762 0.162948 -0.374250
v 0.113510 0.164833 -0.374253
v 0.000000 0.165093 -0.374242
v 0.179012 0.030487 -0.382534
v 0.000000 0.005164 -0.320739
v -0.169707 0.150549 -0.374206
v -0.159100 0.158171 -0.374234
v -0.182646 0.128901 -0.365849
v -0.177859 0.140597 -0.374175
v -0.183841 0.100031 -0.376434
v -0.146762 0.162948 -0.374250
v -0.113510 0.164833 -0.374253
v -0.179012 0.030487 -0.382534
v 0.169473 0.150279 -0.365852
v 0.158940 0.157852 -0.365851
v 0.183029 0.129002 -0.374149
v 0.177562 0.140400 -0.365853
v 0.183053 0.100199 -0.365906
v 0.146696 0.162603 -0.365847
v 0.112572 0.169146 -0.481361
v 0.000000 0.169304 -0.481361
v 0.113540 0.164479 -0.365831
v 0.000000 0.164736 -0.365816
v 0.181414 0.005164 -0.315702
v 0.147460 0.167049 -0.481361
v 0.158651 0.158446 -0.476971
v 0.181568 0.143260 -0.481361
v 0.182849 0.129334 -0.473107
v 0.189057 0.118657 -0.481361
v 0.172827 0.154292 -0.481361
v 0.221792 0.005164 -0.354888
v 0.182814 0.008514 -0.449731
v 0.183725 0.012677 -0.460415
v 0.184413 0.018852 -0.468493
v 0.184941 0.026898 -0.474710
v 0.185274 0.036269 -0.478641
v 0.185411 0.056309 -0.480359
v -0.169473 0.150279 -0.365852
v -0.158940 0.157852 -0.365851
v -0.183029 0.129002 -0.374149
v -0.177562 0.140400 -0.365853
v -0.183053 0.100199 -0.365906
v -0.146696 0.162603 -0.365847
v -0.112572 0.169146 -0.481361
v -0.113540 0.164479 -0.365831
v -0.181414 0.005164 -0.315702
v -0.147460 0.167049 -0.481361
v -0.158651 0.158446 -0.476971
v -0.181568 0.143260 -0.481361
v -0.182849 0.129334 -0.473107
v -0.189057 0.118657 -0.481361
v -0.172827 0.154292 -0.481361
v -0.221792 0.005164 -0.354888
v -0.182814 0.008514 -0.449731
v -0.183725 0.012677 -0.460415
v -0.184413 0.018852 -0.468493
v -0.184941 0.026898 -0.474710
v -0.185274 0.036269 -0.478766
v -0.185411 0.056309 -0.480856
v 0.086428 0.072906 -0.449680
v 0.081260 0.072226 -0.449680
v 0.091244 0.074901 -0.449680
v 0.095380 0.078074 -0.449680
v 0.098553 0.082210 -0.449680
v 0.100548 0.087026 -0.449680
v 0.101228 0.092194 -0.449680
v 0.100548 0.097362 -0.449680
v 0.098553 0.102178 -0.449680
v 0.095380 0.106314 -0.449680
v 0.091244 0.109487 -0.449680
v 0.086428 0.111482 -0.449680
v 0.081260 0.112163 -0.449680
v 0.076092 0.111482 -0.449680
v 0.071276 0.109487 -0.449680
v 0.067140 0.106314 -0.449680
v 0.063967 0.102178 -0.449680
v 0.061972 0.097362 -0.449680
v 0.061292 0.092194 -0.449680
v 0.061972 0.087026 -0.449680
v 0.063967 0.082210 -0.449680
v 0.067140 0.078074 -0.449680
v 0.071276 0.074901 -0.449680
v 0.076092 0.072906 -0.449680
v -0.086249 0.073575 -0.448751
v -0.081260 0.072918 -0.448751
v -0.090898 0.075501 -0.448751
v -0.094890 0.078564 -0.448751
v -0.097953 0.082556 -0.448751
v -0.099879 0.087205 -0.448751
v -0.100536 0.092194 -0.448751
v -0.099879 0.097183 -0.448751
v -0.097953 0.101832 -0.448751
v -0.094890 0.105824 -0.448751
v -0.090898 0.108888 -0.448751
v -0.086249 0.110813 -0.448751
v -0.081260 0.111470 -0.448751
v -0.076271 0.110813 -0.448751
v -0.071622 0.108888 -0.448751
v -0.067630 0.105824 -0.448751
v -0.064566 0.101832 -0.448751
v -0.062641 0.097183 -0.448751
v -0.061984 0.092194 -0.448751
v -0.062641 0.087205 -0.448751
v -0.064566 0.082556 -0.448751
v -0.067630 0.078564 -0.448751
v -0.071622 0.075501 -0.448751
v -0.076271 0.073575 -0.448751
v -0.057166 0.050463 -0.487338
v -0.067512 0.068382 -0.459588
v -0.074143 0.065635 -0.459588
v -0.068788 0.045649 -0.487338
v -0.081260 0.044007 -0.487338
v -0.081260 0.064698 -0.459588
v -0.088376 0.065635 -0.459588
v -0.093732 0.045649 -0.487338
v -0.047187 0.126268 -0.487338
v -0.061817 0.111637 -0.459588
v -0.057447 0.105942 -0.459588
v -0.039529 0.116288 -0.487338
v -0.122991 0.116288 -0.487338
v -0.105072 0.105942 -0.459588
v -0.100703 0.111637 -0.459588
v -0.115333 0.126268 -0.487338
v -0.095008 0.068382 -0.459588
v -0.105353 0.050463 -0.487338
v -0.054701 0.099311 -0.459588
v -0.034715 0.104666 -0.487338
v -0.095008 0.116007 -0.459588
v -0.105353 0.133925 -0.487338
v -0.100703 0.072751 -0.459588
v -0.115333 0.058121 -0.487338
v -0.053764 0.092194 -0.459588
v -0.033073 0.092194 -0.487338
v -0.088376 0.118754 -0.459588
v -0.093732 0.138739 -0.487338
v -0.105072 0.078446 -0.459588
v -0.122991 0.068101 -0.487338
v -0.054701 0.085078 -0.459588
v -0.034715 0.079723 -0.487338
v -0.081260 0.119690 -0.459588
v -0.081260 0.140381 -0.487338
v -0.107819 0.085078 -0.459588
v -0.127805 0.079723 -0.487338
v -0.057447 0.078446 -0.459588
v -0.039529 0.068101 -0.487338
v -0.074143 0.118754 -0.459588
v -0.068788 0.138739 -0.487338
v -0.108756 0.092194 -0.459588
v -0.129447 0.092194 -0.487338
v -0.061817 0.072751 -0.459588
v -0.047187 0.058121 -0.487338
v -0.067512 0.116007 -0.459588
v -0.057166 0.133925 -0.487338
v -0.107819 0.099311 -0.459588
v -0.127805 0.104666 -0.487338
v 0.328864 0.005153 -0.306300
v 0.316474 0.005153 -0.331343
v 0.337871 0.005153 -0.279866
v 0.281285 0.006569 -0.378314
v 0.291319 0.006055 -0.367666
v 0.345940 0.005153 -0.106941
v 0.346678 0.005431 -0.049048
v 0.302218 0.005153 -0.353094
v 0.083001 0.005164 0.378755
v 0.122721 0.005164 0.365266
v 0.277679 0.005164 0.229309
v 0.296218 0.005164 0.191688
v 0.345936 0.005153 -0.164857
v 0.346636 0.005431 -0.222366
v 0.254388 0.005164 0.264189
v 0.160339 0.005164 0.346707
v 0.309684 0.005164 0.151974
v 0.320384 0.005164 0.064483
v 0.317867 0.005164 0.110476
v 0.195212 0.005164 0.323395
v -0.000000 0.006837 0.416276
v 0.046340 0.007196 0.414046
v 0.320131 0.005164 0.008854
v 0.238443 0.007022 -0.410498
v 0.261897 0.006809 -0.394824
v 0.343368 0.005153 -0.252225
v 0.226741 0.005164 0.295732
v 0.213178 0.007160 -0.422856
v 0.173490 0.007355 -0.366301
v 0.000000 0.005558 -0.365160
v 0.186910 0.007152 -0.432895
v 0.181889 0.005350 -0.430590
v -0.328864 0.005153 -0.306300
v -0.316474 0.005153 -0.331343
v -0.337871 0.005153 -0.279866
v -0.281285 0.006569 -0.378314
v -0.291319 0.006055 -0.367666
v -0.345940 0.005153 -0.106941
v -0.346678 0.005431 -0.049048
v -0.302219 0.005153 -0.353094
v -0.083001 0.005164 0.378755
v -0.122721 0.005164 0.365266
v -0.277679 0.005164 0.229309
v -0.296218 0.005164 0.191688
v -0.345936 0.005153 -0.164857
v -0.346636 0.005431 -0.222366
v -0.254388 0.005164 0.264189
v -0.160339 0.005164 0.346707
v -0.309684 0.005164 0.151974
v -0.320384 0.005164 0.064483
v -0.317867 0.005164 0.110476
v -0.195212 0.005164 0.323395
v -0.046340 0.007196 0.414046
v -0.320131 0.005164 0.008854
v -0.238443 0.007022 -0.410498
v -0.261897 0.006809 -0.394824
v -0.343368 0.005153 -0.252225
v -0.226741 0.005164 0.295732
v -0.213178 0.007160 -0.422856
v -0.186910 0.007152 -0.432905
v -0.173490 0.007355 -0.366301
v -0.181889 0.005350 -0.430590
v 0.220537 0.005164 -0.333888
v -0.220537 0.005164 -0.333888
v 0.000000 0.177811 -0.432479
v 0.093824 0.177809 -0.429960
v 0.116320 0.177568 -0.430752
v 0.127008 0.167012 -0.423965
v -0.093824 0.177809 -0.429960
v -0.116320 0.177568 -0.430752
v -0.127008 0.167012 -0.423965
v -0.000000 0.177786 -0.465909
v 0.093294 0.177785 -0.464629
v -0.093294 0.177785 -0.464629
v 0.277171 0.228421 -0.385795
v 0.253780 0.237212 -0.401087
v 0.305916 0.199067 -0.334621
v 0.305916 0.188001 -0.315385
v 0.297607 0.221777 -0.374285
v 0.305757 0.216833 -0.365604
v 0.298141 0.184267 -0.308900
v 0.305270 0.210668 -0.354830
v 0.227520 0.242186 -0.409734
v 0.201043 0.247887 -0.419639
v 0.171263 0.248497 -0.420692
v 0.140305 0.239421 -0.404907
v 0.136234 0.195481 -0.328502
v 0.179063 0.186937 -0.313631
v 0.223053 0.186463 -0.312745
v 0.260538 0.185164 -0.310463
v 0.144662 0.185000 -0.310276
v 0.153829 0.186355 -0.312632
v 0.162390 0.184986 -0.310252
v -0.277171 0.228421 -0.385795
v -0.253780 0.237212 -0.401087
v -0.305916 0.199067 -0.334621
v -0.305916 0.188001 -0.315385
v -0.297607 0.221777 -0.374285
v -0.305757 0.216833 -0.365604
v -0.298141 0.184267 -0.308900
v -0.305270 0.210668 -0.354830
v -0.227520 0.242186 -0.409734
v -0.201043 0.247887 -0.419639
v -0.171263 0.248497 -0.420692
v -0.140305 0.239421 -0.404907
v -0.136234 0.195481 -0.328502
v -0.179063 0.186937 -0.313631
v -0.223053 0.186463 -0.312745
v -0.260538 0.185164 -0.310463
v -0.144662 0.185000 -0.310276
v -0.153829 0.186355 -0.312632
v -0.162390 0.184986 -0.310252
v 0.249852 0.222336 -0.397537
v 0.293205 0.192126 -0.344919
v 0.272916 0.216066 -0.386569
v 0.295285 0.201727 -0.361702
v 0.289425 0.209413 -0.375090
v 0.225249 0.181145 -0.325845
v 0.184575 0.181628 -0.326750
v 0.226168 0.228563 -0.408390
v 0.169194 0.181831 -0.327112
v 0.202022 0.232612 -0.415423
v 0.160752 0.181917 -0.327260
v 0.295347 0.205946 -0.369114
v 0.152761 0.191086 -0.343204
v 0.176702 0.235152 -0.419832
v 0.154074 0.227567 -0.406640
v 0.257781 0.180809 -0.325231
v 0.289166 0.182550 -0.328252
v -0.249852 0.222336 -0.397537
v -0.293205 0.192126 -0.344919
v -0.272916 0.216067 -0.386569
v -0.295285 0.201727 -0.361702
v -0.289425 0.209413 -0.375090
v -0.225249 0.181145 -0.325845
v -0.184575 0.181628 -0.326750
v -0.226168 0.228563 -0.408390
v -0.169194 0.181831 -0.327112
v -0.202022 0.232612 -0.415423
v -0.160752 0.181917 -0.327260
v -0.295347 0.205946 -0.369114
v -0.152761 0.191086 -0.343204
v -0.176702 0.235152 -0.419831
v -0.154074 0.227567 -0.406640
v -0.257781 0.180809 -0.325231
v -0.289166 0.182550 -0.328252
v 0.313422 0.071301 -0.411723
v 0.325432 0.067238 -0.399204
v 0.290346 0.177685 -0.432193
v 0.261697 0.177684 -0.451272
v 0.289749 0.082570 -0.431545
v 0.314016 0.177714 -0.412029
v 0.326068 0.176007 -0.399229
v 0.261186 0.092581 -0.450683
v 0.111152 0.164923 -0.481355
v 0.000000 0.165182 -0.481359
v 0.146196 0.163037 -0.481336
v 0.159142 0.158249 -0.481315
v 0.192359 0.102331 -0.480288
v 0.185261 0.107246 -0.481141
v 0.177932 0.140644 -0.481254
v 0.183067 0.129037 -0.481231
v 0.230796 0.177684 -0.466892
v 0.198169 0.177684 -0.478561
v 0.161199 0.177684 -0.480937
v 0.101831 0.177709 -0.480649
v 0.169766 0.150613 -0.481286
v -0.000000 0.177684 -0.481012
v 0.229478 0.099077 -0.466469
v -0.313422 0.071301 -0.411723
v -0.325432 0.067238 -0.399204
v -0.290346 0.177685 -0.432193
v -0.261698 0.177684 -0.451272
v -0.289749 0.082570 -0.431545
v -0.314016 0.177714 -0.412029
v -0.326068 0.176007 -0.399229
v -0.261186 0.092581 -0.450683
v -0.111152 0.164923 -0.481355
v -0.146196 0.163037 -0.481336
v -0.159142 0.158249 -0.481315
v -0.192359 0.102331 -0.480315
v -0.185261 0.107246 -0.481260
v -0.177932 0.140644 -0.481254
v -0.183067 0.129037 -0.481231
v -0.230796 0.177684 -0.466892
v -0.198169 0.177684 -0.478561
v -0.161199 0.177684 -0.480937
v -0.101831 0.177709 -0.480649
v -0.169766 0.150613 -0.481286
v -0.229478 0.099077 -0.466469
v 0.363249 0.165619 0.009507
v 0.390530 0.148571 0.121885
v 0.328012 0.178902 0.008648
v 0.326596 0.178310 0.109977
v 0.331374 0.179263 -0.241481
v 0.087284 0.291558 0.070058
v 0.130975 0.177954 -0.020376
v 0.149079 0.177927 -0.266035
v 0.058374 0.177954 0.153316
v 0.040655 0.177954 0.350799
v 0.130975 0.177954 -0.135634
v 0.219964 0.177954 0.111152
v 0.240404 0.257665 0.023866
v 0.264753 0.252195 0.026253
v 0.313228 0.159207 -0.027128
v 0.126498 0.193121 -0.116846
v 0.168822 0.241629 0.030866
v 0.164878 0.192253 -0.041818
v 0.256927 0.198236 -0.286107
v 0.395189 0.030270 -0.243132
v 0.363629 0.165810 -0.226654
v 0.340087 0.004906 -0.280337
v 0.323080 0.005153 -0.319022
v 0.329476 0.120917 -0.399603
v 0.269736 0.166736 -0.371422
v 0.320556 0.067294 -0.404676
v 0.372804 0.016416 0.065823
v 0.199801 0.177954 0.231791
v 0.297393 0.038890 -0.395276
v 0.000000 0.117993 0.527918
v 0.341517 0.089737 0.266319
v 0.334819 0.165585 0.207348
v 0.000000 0.177954 -0.135634
v 0.343471 0.115106 -0.383803
v 0.276335 0.177685 -0.442199
v 0.264370 0.214523 -0.272967
v 0.088781 0.179350 0.446819
v 0.109642 0.162748 0.409995
v 0.044072 0.291965 0.148140
v 0.078864 0.226210 0.410395
v 0.364799 0.018133 -0.286980
v 0.127301 0.177157 -0.041175
v 0.091525 0.177772 -0.395775
v 0.101421 0.090325 0.451542
v 0.103744 0.148562 0.449300
v 0.217695 0.165347 0.360103
v 0.051072 0.005164 0.260237
v 0.075512 0.005164 0.251937
v 0.098659 0.005164 0.240517
v 0.386617 0.149370 0.147436
v 0.098319 0.165347 0.418973
v 0.330459 0.179625 -0.369893
v 0.340858 0.031034 0.267763
v 0.120116 0.005164 0.226173
v 0.139516 0.005164 0.209151
v 0.156528 0.005164 0.189743
v 0.198558 0.178111 0.332209
v 0.296674 0.179184 0.213983
v 0.342322 0.031028 0.265238
v 0.392750 0.089773 0.124495
v 0.170859 0.005164 0.168280
v 0.182266 0.005164 0.145131
v 0.190552 0.005164 0.120690
v 0.349153 0.005155 0.089406
v 0.142392 0.177985 0.360913
v 0.395390 0.149418 -0.018280
v 0.350622 0.005154 0.037643
v 0.363183 0.165585 -0.045463
v 0.331033 0.179217 -0.019125
v 0.000000 0.005164 0.039205
v 0.000000 0.177954 0.339560
v 0.114414 0.005602 0.400568
v 0.180275 0.005164 0.064713
v 0.195217 0.005164 0.095025
v 0.314857 0.177993 0.132655
v 0.263238 0.005414 0.299985
v 0.394112 0.148604 -0.047579
v 0.342807 0.005191 0.138667
v 0.329418 0.178311 -0.046799
v 0.396770 0.089773 -0.052249
v 0.304058 0.004906 -0.354450
v 0.330169 0.179273 -0.391952
v 0.334813 0.061200 -0.392184
v 0.021105 0.177954 0.384189
v 0.059453 0.177954 0.008438
v 0.215453 0.177954 0.153316
v 0.222263 0.177954 0.064074
v 0.346093 0.005184 -0.267122
v 0.128237 0.177954 0.212982
v 0.047927 0.177954 0.327163
v 0.252874 0.236278 -0.123676
v 0.131626 0.187981 0.054283
v 0.150940 0.226687 0.037389
v 0.164470 0.154390 -0.365852
v 0.242760 0.200659 -0.285067
v 0.373536 0.016257 -0.226962
v 0.333800 0.005153 -0.293229
v 0.360418 0.163905 -0.223203
v 0.349076 0.005403 -0.224772
v 0.298224 0.166730 -0.378444
v 0.292855 0.166755 -0.373777
v 0.326296 0.177994 -0.339715
v 0.328146 0.176067 -0.399466
v 0.287160 0.006482 -0.372444
v 0.100955 0.016692 0.428682
v 0.263779 0.016558 0.332171
v 0.359477 0.016442 0.165906
v 0.390639 0.031960 -0.276045
v 0.349017 0.005410 -0.046658
v 0.302788 0.076691 -0.421102
v 0.197357 0.089773 0.412171
v 0.394380 0.090948 -0.259479
v 0.393770 0.149378 0.093054
v 0.285973 0.209255 -0.275033
v 0.125250 0.192678 -0.281533
v 0.079737 0.249423 -0.246915
v 0.068598 0.188261 -0.459883
v -0.000000 0.177954 0.173678
v 0.099559 0.210679 0.372058
v 0.121513 0.176456 0.337620
v 0.077387 0.189025 -0.428302
v 0.217860 0.030295 0.398572
v 0.128589 0.149357 0.442088
v 0.092976 0.005638 0.405750
v 0.232113 0.005413 0.331415
v 0.224261 0.165434 0.354836
v 0.245707 0.005044 0.314473
v 0.202433 0.178196 0.328997
v 0.324830 0.016477 0.252605
v 0.303185 0.005429 0.241628
v 0.335106 0.004928 0.159149
v 0.360276 0.165552 0.113103
v -0.000000 0.005164 -0.077847
v -0.000000 0.177954 0.249826
v 0.329605 0.178329 -0.224231
v 0.155028 0.005603 0.383497
v 0.345537 0.005429 0.116874
v 0.357245 0.163899 0.116184
v 0.350653 0.005138 -0.079193
v 0.349889 0.005148 -0.239309
v 0.348011 0.004901 -0.107129
v 0.345940 0.005153 -0.078018
v 0.329402 0.178318 -0.051534
v 0.363175 0.165586 -0.052451
v 0.395862 0.030238 -0.079240
v 0.362205 0.166489 -0.260286
v 0.215154 0.257665 0.023866
v 0.313430 0.005634 -0.345944
v 0.164435 0.177954 0.299112
v 0.130948 0.177954 0.037003
v 0.059453 0.177954 -0.106819
v 0.058901 0.177954 0.231752
v 0.071925 0.177954 0.360831
v 0.276534 0.177228 -0.295122
v 0.090061 0.177954 0.339560
v 0.150873 0.176836 -0.034948
v 0.142378 0.159207 -0.027128
v 0.272364 0.204191 -0.047137
v 0.286580 0.241628 0.030866
v 0.311692 0.207841 -0.119176
v 0.304732 0.176836 -0.034948
v 0.290728 0.192253 -0.041818
v 0.250894 0.211725 -0.050494
v 0.227803 0.214301 -0.051641
v 0.204712 0.211725 -0.050494
v 0.183241 0.204191 -0.047137
v 0.278412 0.189357 -0.289917
v 0.394756 0.150327 -0.243158
v 0.345632 0.004906 -0.252537
v 0.323543 0.179184 0.134836
v 0.305377 0.166694 -0.375952
v 0.328196 0.178916 -0.326257
v 0.331092 0.179381 -0.318046
v 0.321112 0.177684 -0.404818
v 0.326340 0.121545 -0.399597
v 0.296159 0.005153 -0.360806
v 0.143187 0.016657 0.413255
v 0.373814 0.030264 0.196024
v 0.381647 0.036052 -0.309448
v 0.324474 0.030429 -0.369695
v 0.275752 0.087977 -0.441536
v 0.067462 0.117404 0.523470
v 0.093230 0.163826 0.417070
v 0.086863 0.285237 0.226567
v 0.365789 0.089773 0.220168
v 0.396803 0.089774 -0.220801
v 0.387623 0.093763 -0.293032
v 0.290893 0.130843 -0.432092
v 0.303612 0.201804 -0.277954
v 0.163265 0.005164 -0.048927
v 0.394359 0.089737 -0.048763
v 0.139739 0.201804 -0.277954
v -0.000000 0.250948 -0.246916
v 0.000000 0.188431 -0.460335
v 0.035670 0.199493 -0.430299
v 0.086557 0.286681 -0.041194
v 0.000000 0.177954 -0.078005
v 0.296462 0.149381 0.329122
v 0.000000 0.177954 -0.020376
v 0.000000 0.177954 0.212982
v 0.102140 0.218251 -0.210870
v 0.084445 0.058723 0.486258
v 0.217606 0.149357 0.398190
v 0.110923 0.005163 0.395801
v 0.103552 0.177985 0.377298
v 0.087839 0.178111 0.386810
v 0.341398 0.089774 0.271006
v 0.212144 0.177989 0.313789
v 0.354806 0.030280 0.242569
v 0.309404 0.005154 0.221688
v 0.315787 0.178885 0.153974
v 0.395879 0.030250 -0.193759
v 0.395859 0.030236 -0.136499
v 0.396823 0.089774 -0.165385
v 0.373296 0.016400 -0.164900
v 0.350653 0.005138 -0.135888
v -0.000000 0.005164 -0.019908
v 0.237013 0.177954 -0.262883
v 0.095094 0.017285 0.426584
v 0.390982 0.089737 0.120607
v 0.163261 0.005164 0.008995
v 0.367166 0.017426 0.117485
v 0.290336 0.005413 0.265024
v 0.394576 0.031012 -0.223054
v 0.394137 0.148587 -0.223078
v 0.348011 0.004901 -0.164623
v 0.345939 0.005153 -0.135880
v 0.349002 0.005402 -0.051404
v 0.373233 0.016423 -0.052377
v 0.330814 0.179497 -0.340488
v 0.395416 0.149401 -0.193782
v 0.300828 0.005810 -0.363212
v 0.059453 0.177954 -0.049191
v 0.063314 0.177954 0.384189
v 0.061372 0.177954 0.193596
v 0.178889 0.177985 0.339745
v 0.052288 0.177954 0.377224
v 0.130250 0.177954 0.088575
v 0.146971 0.177954 0.327224
v 0.296298 0.220481 -0.121176
v 0.136975 0.207841 -0.119176
v 0.190725 0.252195 0.026253
v 0.168348 0.189357 -0.289917
v 0.248486 0.178989 0.287048
v 0.309238 0.005153 -0.343026
v 0.345927 0.005153 -0.193856
v 0.328196 0.178916 -0.355396
v 0.182938 0.129172 -0.423630
v 0.318382 0.004906 -0.332562
v 0.131026 0.177954 -0.193951
v 0.295219 0.016558 0.296321
v 0.370978 0.016721 -0.256266
v 0.314117 0.125272 -0.412536
v 0.240061 0.089737 0.382000
v 0.256677 0.165483 0.325071
v 0.038246 0.203153 0.451670
v 0.390236 0.152220 -0.276332
v 0.303391 0.177688 -0.421604
v 0.262123 0.136004 -0.451395
v 0.174406 0.149377 0.422793
v 0.286826 0.005159 0.260812
v 0.321982 0.177994 -0.135634
v 0.316084 0.192678 -0.281533
v 0.346074 0.005410 0.112484
v 0.130975 0.177954 -0.078005
v 0.000000 0.289011 -0.041195
v 0.323176 0.177995 -0.275347
v 0.041164 0.258731 -0.210911
v 0.312522 0.179183 0.175220
v 0.373249 0.016435 -0.220035
v 0.328196 0.178916 -0.299799
v 0.108213 0.235484 -0.005964
v 0.238717 0.031039 0.383217
v 0.238452 0.148562 0.382869
v 0.152533 0.005163 0.378436
v 0.219167 0.178990 0.316661
v 0.241423 0.031034 0.381147
v 0.241156 0.148566 0.380800
v 0.225447 0.017434 0.362956
v 0.275314 0.005044 0.280713
v 0.219357 0.163892 0.355018
v 0.231568 0.178783 0.300336
v 0.241597 0.177989 0.283632
v 0.369394 0.016477 0.121329
v 0.326551 0.005154 0.179979
v 0.396817 0.089774 -0.107666
v 0.373293 0.016398 -0.107490
v 0.348027 0.004909 0.009039
v 0.344339 0.005153 0.090260
v 0.193295 0.005602 0.361668
v 0.173034 0.005164 -0.170154
v 0.370392 0.017425 -0.048903
v 0.394560 0.031000 -0.049945
v 0.353279 0.170203 -0.326729
v 0.058480 0.177945 -0.226725
v 0.327625 0.005427 -0.321320
v 0.129286 0.177954 0.173678
v 0.222611 0.177954 -0.164448
v 0.261274 0.166786 -0.327727
v 0.128014 0.177954 0.132537
v 0.146355 0.178823 0.365909
v 0.175364 0.230180 -0.122711
v 0.193381 0.198236 -0.286107
v 0.397241 0.089820 -0.227813
v 0.170293 0.177228 -0.295122
v 0.349002 0.005402 -0.220396
v 0.322043 0.177994 -0.193208
v 0.323153 0.177995 -0.239380
v 0.331278 0.179304 -0.284491
v 0.185845 0.016657 0.392219
v 0.296809 0.030269 0.329426
v 0.340527 0.025501 -0.345384
v 0.261339 0.149363 0.364633
v 0.390964 0.031028 0.121944
v 0.139345 0.165396 0.403983
v 0.280213 0.089773 0.348597
v 0.033826 0.085144 0.524619
v 0.382145 0.089773 0.171985
v 0.381502 0.155860 -0.309663
v 0.137111 0.177921 -0.266035
v 0.362756 0.165609 0.065357
v 0.322621 0.182500 -0.285523
v 0.160229 0.209255 -0.275033
v 0.000000 0.293990 0.070058
v 0.044126 0.294321 -0.005964
v 0.000000 0.177953 -0.193848
v 0.084211 0.264554 0.337430
v 0.106551 0.229205 0.303253
v 0.121965 0.177954 0.350799
v 0.173458 0.005143 0.370160
v 0.125578 0.178697 0.371533
v 0.108103 0.178825 0.381993
v 0.261643 0.030288 0.364977
v 0.244709 0.089774 0.381259
v 0.191640 0.005163 0.355995
v 0.387068 0.030280 0.147527
v 0.359411 0.165535 0.119985
v 0.267255 0.177989 0.249955
v 0.329567 0.179216 0.087780
v 0.395855 0.030233 -0.018264
v 0.396755 0.089773 -0.045243
v 0.373241 0.016425 -0.045384
v 0.350684 0.005153 -0.018866
v 0.330974 0.179217 0.037100
v -0.000000 0.005164 -0.137366
v 0.022767 0.006828 0.415528
v 0.345876 0.005153 0.037556
v 0.338335 0.005154 0.136461
v 0.327532 0.178902 0.063941
v 0.326074 0.178295 0.114262
v 0.394552 0.030995 -0.047561
v 0.163265 0.005164 -0.106850
v 0.345940 0.005153 -0.020086
v 0.360408 0.163901 -0.048980
v 0.394120 0.148599 -0.049962
v 0.250429 0.006924 -0.403040
v 0.182974 0.177954 0.267126
v 0.269084 0.194381 -0.287761
v 0.059453 0.177954 -0.164448
v 0.370400 0.017421 -0.223494
v 0.304401 0.226687 0.037389
v 0.321369 0.193121 -0.116846
v 0.180507 0.134803 -0.365852
v 0.153643 0.220481 -0.121176
v 0.179217 0.194381 -0.287761
v 0.274019 0.178990 0.254115
v 0.347527 0.004909 0.064869
v 0.233341 0.177954 -0.218445
v 0.243865 0.177954 -0.244177
v 0.336367 0.174303 -0.392683
v 0.326241 0.177995 -0.309676
v 0.358837 0.167892 -0.299434
v 0.308459 0.035175 -0.383800
v 0.000000 0.045318 0.471119
v 0.183774 0.120752 -0.365852
v 0.128738 0.030295 0.442522
v 0.152980 0.160605 -0.365850
v 0.062642 0.165152 -0.481359
v 0.368345 0.043308 -0.341456
v 0.249750 0.049759 -0.430879
v 0.287252 0.165483 0.290206
v 0.376457 0.098954 -0.325862
v 0.368438 0.161336 -0.341503
v 0.320467 0.177994 0.088631
v 0.325782 0.177325 -0.114346
v 0.185324 0.214523 -0.272967
v 0.075348 0.177772 -0.460334
v 0.000000 0.266428 0.337486
v 0.000000 0.287528 0.226567
v -0.000000 0.005164 0.266963
v 0.043691 0.281281 0.303248
v 0.108941 0.234814 0.148140
v 0.103859 0.031039 0.449722
v 0.107047 0.089774 0.451019
v 0.327084 0.149363 0.289665
v 0.321233 0.016593 0.259245
v 0.230416 0.016593 0.362802
v 0.214430 0.005542 0.344534
v 0.259452 0.178783 0.268541
v 0.316089 0.165536 0.247598
v 0.276236 0.230180 -0.122711
v 0.301035 0.005542 0.245781
v 0.286150 0.178294 0.231861
v 0.396816 0.089774 0.010159
v 0.350653 0.005139 -0.192609
v 0.373308 0.016406 0.009706
v 0.000000 0.177954 0.313661
v 0.000000 0.177954 0.360831
v 0.391305 0.031027 0.119350
v 0.321922 0.177994 0.037004
v 0.331001 0.179230 -0.079205
v 0.327995 0.178909 -0.107015
v 0.321983 0.177994 -0.020350
v 0.337142 0.176798 -0.382455
v 0.312153 0.033838 -0.383620
v 0.222611 0.177954 -0.049191
v 0.222611 0.177954 0.008438
v 0.049445 0.177954 0.299112
v 0.211613 0.177954 0.193596
v 0.338644 0.005272 -0.294809
v 0.059350 0.177954 0.064074
v 0.031116 0.177954 0.369615
v 0.100330 0.177954 0.313661
v 0.227453 0.238357 -0.124005
v 0.182400 0.178825 0.345353
v 0.227083 0.201486 -0.284712
v 0.394403 0.148797 -0.225707
v 0.341061 0.005153 -0.266232
v 0.064293 0.164707 -0.365821
v 0.344864 0.005153 -0.237738
v 0.329402 0.178318 -0.219798
v 0.138297 0.208388 0.045376
v 0.326296 0.177993 -0.369480
v 0.395398 0.149413 -0.079259
v 0.326288 0.177983 -0.391299
v 0.322824 0.071690 -0.395266
v 0.161762 0.183506 -0.292427
v 0.053442 0.043863 0.467326
v 0.174610 0.030273 0.423207
v 0.394229 0.030272 0.093091
v 0.354583 0.021014 -0.316976
v 0.133228 0.005143 0.390000
v 0.390871 0.148572 0.119295
v 0.034179 0.150276 0.525457
v 0.152009 0.089773 0.434535
v 0.180827 0.165396 0.383526
v 0.313649 0.089773 0.310471
v 0.351751 0.168324 -0.371326
v 0.396298 0.089774 0.066908
v 0.000000 0.177192 0.490943
v 0.328197 0.178916 -0.259349
v 0.025756 0.005164 0.265274
v 0.000000 0.177954 0.088575
v -0.000000 0.177954 0.132537
v 0.041392 0.248939 0.372362
v 0.128279 0.177541 0.226567
v 0.074584 0.023106 0.437774
v 0.067862 0.005595 0.408123
v 0.163465 0.178697 0.352850
v 0.340479 0.148566 0.267543
v 0.327466 0.030288 0.289921
v 0.227481 0.005159 0.328483
v 0.341942 0.148571 0.265020
v 0.345292 0.089773 0.264300
v 0.312055 0.163896 0.249310
v 0.288284 0.177993 0.213045
v 0.302177 0.178885 0.194066
v 0.395797 0.030243 0.038888
v 0.395395 0.149415 -0.136520
v 0.395333 0.149408 0.038872
v 0.349770 0.165584 0.163305
v 0.363236 0.165624 -0.164733
v 0.331001 0.179230 -0.135654
v 0.000000 0.005164 -0.235908
v 0.000000 0.177954 0.283578
v 0.394371 0.089738 -0.224300
v 0.317000 0.208388 0.045376
v 0.331114 0.005192 0.181530
v 0.327995 0.178909 -0.164257
v 0.321982 0.177994 -0.078031
v 0.345564 0.173415 -0.356134
v 0.272571 0.006684 -0.386143
v 0.053958 0.177954 0.267126
v 0.107969 0.177954 0.283578
v 0.222611 0.177954 -0.106819
v 0.119132 0.177954 0.249826
v 0.093348 0.177954 0.369615
v 0.058650 0.177954 0.111098
v -0.000000 0.177954 0.377224
v 0.323648 0.187981 0.054283
v 0.284065 0.183506 -0.292427
v 0.173862 0.145589 -0.365853
v 0.200658 0.236278 -0.123676
v 0.209866 0.200659 -0.285067
v 0.394799 0.030831 -0.225710
v 0.330953 0.004906 -0.307156
v 0.300075 0.005164 -0.249319
v 0.328190 0.178837 -0.382308
v 0.320720 0.017429 0.254312
v 0.158870 0.158312 -0.425646
v 0.344104 0.016442 0.211193
v 0.112249 0.164852 -0.426595
v 0.351171 0.052997 -0.371175
v 0.275807 0.044648 -0.413468
v 0.084973 0.149071 0.486834
v 0.137693 0.163843 -0.365840
v 0.000000 0.165098 -0.426686
v 0.373377 0.149385 0.195876
v 0.393686 0.089773 0.117367
v 0.363192 0.165575 -0.219749
v 0.361027 0.106654 -0.357058
v 0.240191 0.217250 -0.271898
v 0.121720 0.177325 -0.114346
v 0.117656 0.182500 -0.285523
v 0.213230 0.217250 -0.271898
v 0.071463 0.176767 0.487477
v 0.000000 0.227540 0.411870
v 0.034300 0.177772 -0.487689
v 0.179764 0.059298 -0.366104
v 0.000000 0.177924 -0.266819
v 0.000000 0.177954 0.037003
v 0.129462 0.177279 0.070058
v 0.223793 0.016692 0.368105
v 0.237805 0.089774 0.386536
v 0.153056 0.161024 -0.481326
v 0.312532 0.165434 0.254182
v 0.210457 0.005638 0.347815
v 0.259282 0.005159 0.296513
v 0.314292 0.005191 0.222665
v 0.354392 0.149370 0.242367
v 0.320655 0.004928 0.201719
v 0.370269 0.016458 0.114386
v 0.284065 0.178196 0.235914
v 0.304068 0.177993 0.173701
v 0.294026 0.006137 -0.368271
v 0.331002 0.179230 -0.192129
v 0.363233 0.165626 -0.107445
v 0.189011 0.101431 -0.481168
v 0.180907 0.134992 -0.481241
v 0.221179 0.053075 -0.445021
v 0.214664 0.177684 -0.473670
v 0.184412 0.121738 -0.481210
v 0.180986 0.177684 -0.480600
v 0.230783 0.139343 -0.467278
v 0.136194 0.177684 -0.480965
v 0.174195 0.145881 -0.481270
v 0.225997 0.007100 -0.417144
v 0.131070 0.177921 -0.266035
v 0.164719 0.154758 -0.481302
v 0.169463 0.150785 -0.424950
v 0.123957 0.177921 -0.265984
v 0.054183 0.177684 -0.480998
v 0.100312 0.177922 -0.265696
v 0.246496 0.177684 -0.459424
v 0.246001 0.096259 -0.458934
v 0.162141 0.166471 -0.481361
v 0.146287 0.163007 -0.426142
v 0.184935 0.109174 -0.428711
v 0.177687 0.140847 -0.424176
v -0.000000 0.171433 -0.481361
v 0.105816 0.171627 -0.481361
v 0.136017 0.164284 -0.481347
v 0.170629 0.164559 -0.481361
v 0.183094 0.162601 -0.481170
v 0.191974 0.146684 -0.481123
v 0.187995 0.154879 -0.481171
v 0.123660 0.177772 -0.175816
v 0.125605 0.177747 -0.107937
v 0.119056 0.177772 -0.246826
v 0.108251 0.177772 -0.320965
v 0.072056 0.210433 -0.395779
v 0.076093 0.231806 -0.321035
v 0.000000 0.211125 -0.395795
v 0.000000 0.232955 -0.321036
v 0.082944 0.263884 -0.175893
v 0.085095 0.275785 -0.107995
v -0.000000 0.265716 -0.175895
v 0.000000 0.277871 -0.107996
v 0.087784 0.200160 -0.358593
v 0.096700 0.210067 -0.283673
v 0.104919 0.224904 -0.141645
v 0.106640 0.230517 -0.074553
v 0.042561 0.272037 -0.141682
v 0.043412 0.283459 -0.074573
v 0.037592 0.222549 -0.358614
v 0.039416 0.242361 -0.283718
v 0.213332 0.166714 -0.360347
v 0.205170 0.177954 -0.265947
v 0.178008 0.177948 -0.266035
v 0.187604 0.166695 -0.372172
v 0.000000 0.177848 -0.380110
v 0.167200 0.166695 -0.377361
v 0.095239 0.177846 -0.375086
v 0.055162 0.177891 -0.315365
v 0.183902 0.177929 -0.287152
v 0.227451 0.177953 -0.287152
v 0.120065 0.177903 -0.289405
v 0.132708 0.177905 -0.287152
v 0.141769 0.177905 -0.287152
v 0.151400 0.177906 -0.287152
v 0.274038 0.177954 -0.287780
v 0.273690 0.177566 -0.420054
v 0.321448 0.177719 -0.322063
v 0.316880 0.177586 -0.383993
v 0.300217 0.177562 -0.399872
v 0.321443 0.177777 -0.303460
v 0.321445 0.177687 -0.351270
v 0.321277 0.177647 -0.372130
v 0.213136 0.177544 -0.449842
v 0.180186 0.177543 -0.458518
v 0.139578 0.177543 -0.462815
v 0.244392 0.177548 -0.436914
v 0.117239 0.177608 -0.374711
v 0.193341 0.177690 -0.300031
v 0.242772 0.177719 -0.300031
v 0.124205 0.177718 -0.300113
v 0.135220 0.177666 -0.300028
v 0.145448 0.177663 -0.300031
v 0.156385 0.177663 -0.300031
v 0.291255 0.177722 -0.300046
v 0.260565 0.177780 -0.440216
v 0.288964 0.177787 -0.421304
v 0.323946 0.177946 -0.345917
v 0.323946 0.177953 -0.317218
v 0.312335 0.177797 -0.401422
v 0.322614 0.177891 -0.388510
v 0.314651 0.177954 -0.299658
v 0.323946 0.177927 -0.372636
v 0.197588 0.177774 -0.466759
v 0.229929 0.177774 -0.455494
v 0.161306 0.177774 -0.471174
v 0.118934 0.177775 -0.471448
v 0.116364 0.177881 -0.320200
v 0.218730 0.177944 -0.296444
v 0.168479 0.177906 -0.296444
v 0.262527 0.177954 -0.296444
v 0.129237 0.177898 -0.296444
v 0.139982 0.177898 -0.296444
v 0.149814 0.177898 -0.296444
v 0.268381 0.166936 -0.409576
v 0.129951 0.172888 -0.304855
v 0.307805 0.166894 -0.377751
v 0.293417 0.166944 -0.391095
v 0.135706 0.166980 -0.313602
v 0.310297 0.166985 -0.351735
v 0.310579 0.166909 -0.369902
v 0.208383 0.166877 -0.436649
v 0.177492 0.166877 -0.444873
v 0.144207 0.166876 -0.450175
v 0.237967 0.166885 -0.424506
v 0.128235 0.166930 -0.377064
v 0.195184 0.167002 -0.312102
v 0.243935 0.167037 -0.310999
v 0.146767 0.166977 -0.313374
v 0.158131 0.166975 -0.313088
v 0.285380 0.167045 -0.310974
v 0.256634 0.172229 -0.423902
v 0.284168 0.172264 -0.405568
v 0.316059 0.172362 -0.336898
v 0.146183 0.166688 -0.389767
v 0.306468 0.172238 -0.386706
v 0.314972 0.172255 -0.376115
v 0.314985 0.172478 -0.305436
v 0.316059 0.172305 -0.362669
v 0.195569 0.172209 -0.449116
v 0.226922 0.172211 -0.438506
v 0.161678 0.172209 -0.455476
v 0.122138 0.172209 -0.457821
v 0.123790 0.172412 -0.308343
v 0.220452 0.172367 -0.305417
v 0.169340 0.172327 -0.305417
v 0.263655 0.172382 -0.305417
v 0.140319 0.172321 -0.305417
v 0.150390 0.172320 -0.305417
v 0.309328 0.167041 -0.323689
v 0.316621 0.172950 -0.311665
v 0.303044 0.200905 -0.360277
v 0.303044 0.189782 -0.340833
v -0.252213 0.226306 -0.404446
v 0.150260 0.177915 -0.320305
v 0.141539 0.187472 -0.336922
v -0.143421 0.231467 -0.413425
v -0.296195 0.179725 -0.323329
v -0.303044 0.189782 -0.340833
v 0.273478 0.238395 -0.403611
v 0.321034 0.189821 -0.318987
v 0.316656 0.220522 -0.372545
v 0.299907 0.228355 -0.386191
v 0.321036 0.180734 -0.303096
v 0.321031 0.204318 -0.344218
v 0.321025 0.214689 -0.362299
v 0.213148 0.253177 -0.429317
v 0.180322 0.257512 -0.436844
v 0.139910 0.259630 -0.440519
v 0.244288 0.246763 -0.418175
v 0.117618 0.219648 -0.370995
v 0.193450 0.179076 -0.300392
v 0.242715 0.179102 -0.300377
v 0.124591 0.179139 -0.300445
v 0.135523 0.179054 -0.300401
v 0.145715 0.179053 -0.300405
v 0.156617 0.179053 -0.300405
v 0.290994 0.179107 -0.300380
v 0.267649 0.224801 -0.401313
v 0.129951 0.177171 -0.306703
v 0.307559 0.208470 -0.373052
v 0.292884 0.215239 -0.384696
v 0.135242 0.175152 -0.315032
v 0.310460 0.195083 -0.349623
v 0.310457 0.204388 -0.365933
v 0.209840 0.238933 -0.425963
v 0.178650 0.243077 -0.433158
v 0.144977 0.245003 -0.436502
v 0.239679 0.232790 -0.415284
v 0.128293 0.210289 -0.376138
v 0.193531 0.175117 -0.314929
v 0.242529 0.175146 -0.314912
v 0.145825 0.175096 -0.314940
v 0.156733 0.175095 -0.314941
v 0.285507 0.175163 -0.314925
v 0.256634 0.236023 -0.410188
v 0.284168 0.226902 -0.394284
v 0.316059 0.192709 -0.334732
v 0.276372 0.218320 -0.390482
v 0.306468 0.217464 -0.377953
v 0.315924 0.212437 -0.369199
v 0.314985 0.177105 -0.307412
v 0.316059 0.205524 -0.357092
v 0.195569 0.248592 -0.432046
v 0.226922 0.243297 -0.422851
v 0.161678 0.251766 -0.437557
v 0.122187 0.251433 -0.436972
v 0.123788 0.178579 -0.310103
v 0.220452 0.177000 -0.307450
v 0.169340 0.176966 -0.307470
v 0.263655 0.177013 -0.307443
v 0.140319 0.176960 -0.307473
v 0.150390 0.176959 -0.307474
v 0.310424 0.181738 -0.326346
v 0.316621 0.180623 -0.312574
v 0.090163 0.024568 -0.360589
v 0.090131 0.024808 -0.495704
v 0.081260 0.023983 -0.429584
v 0.098914 0.026307 -0.429584
v 0.107363 0.029176 -0.360589
v 0.107270 0.029400 -0.495704
v 0.115365 0.033122 -0.429584
v 0.122784 0.038080 -0.360589
v 0.122636 0.038272 -0.495704
v 0.129492 0.043962 -0.429584
v 0.135375 0.050671 -0.360589
v 0.135182 0.050818 -0.495704
v 0.140332 0.058089 -0.429584
v 0.144278 0.066091 -0.360589
v 0.144054 0.066184 -0.495704
v 0.147147 0.074540 -0.429584
v 0.148887 0.083291 -0.360589
v 0.148646 0.083323 -0.495704
v 0.149471 0.092194 -0.429584
v 0.148887 0.101097 -0.360589
v 0.148646 0.101066 -0.495704
v 0.147147 0.109849 -0.429584
v 0.144278 0.118297 -0.360589
v 0.144054 0.118204 -0.495704
v 0.140332 0.126300 -0.429584
v 0.135375 0.133718 -0.360589
v 0.135182 0.133570 -0.495704
v 0.129492 0.140427 -0.429584
v 0.122784 0.146309 -0.360589
v 0.122636 0.146117 -0.495704
v 0.115365 0.151267 -0.429584
v 0.107363 0.155212 -0.360589
v 0.107270 0.154988 -0.495704
v 0.098914 0.158081 -0.429584
v 0.090163 0.159821 -0.360589
v 0.090131 0.159580 -0.495704
v 0.081260 0.160405 -0.429584
v 0.072357 0.159821 -0.360589
v 0.072388 0.159580 -0.495704
v 0.063606 0.158081 -0.429584
v 0.055157 0.155212 -0.360589
v 0.055250 0.154988 -0.495704
v 0.047154 0.151267 -0.429584
v 0.039736 0.146309 -0.360589
v 0.039884 0.146117 -0.495704
v 0.033027 0.140427 -0.429584
v 0.027145 0.133718 -0.360589
v 0.027338 0.133570 -0.495704
v 0.022187 0.126300 -0.429584
v 0.018242 0.118297 -0.360589
v 0.018466 0.118204 -0.495704
v 0.015373 0.109849 -0.429584
v 0.013633 0.101097 -0.360589
v 0.013874 0.101066 -0.495704
v 0.013049 0.092194 -0.429584
v 0.013633 0.083291 -0.360589
v 0.013874 0.083323 -0.495704
v 0.015373 0.074540 -0.429584
v 0.018242 0.066091 -0.360589
v 0.018466 0.066184 -0.495704
v 0.022187 0.058089 -0.429584
v 0.027145 0.050671 -0.360589
v 0.027338 0.050818 -0.495704
v 0.033027 0.043962 -0.429584
v 0.039736 0.038080 -0.360589
v 0.039884 0.038272 -0.495704
v 0.047154 0.033122 -0.429584
v 0.055157 0.029176 -0.360589
v 0.055250 0.029400 -0.495704
v 0.063606 0.026307 -0.429584
v 0.072357 0.024568 -0.360589
v 0.072388 0.024808 -0.495704
v 0.088574 0.036639 -0.497538
v 0.102703 0.040425 -0.497538
v 0.115372 0.047739 -0.497538
v 0.125715 0.058083 -0.497538
v 0.133029 0.070751 -0.497538
v 0.136815 0.084880 -0.497538
v 0.136815 0.099508 -0.497538
v 0.133029 0.113638 -0.497538
v 0.125715 0.126306 -0.497538
v 0.115372 0.136649 -0.497538
v 0.102703 0.143963 -0.497538
v 0.088574 0.147749 -0.497538
v 0.073946 0.147749 -0.497538
v 0.059816 0.143963 -0.497538
v 0.047148 0.136649 -0.497538
v 0.036805 0.126306 -0.497538
v 0.029491 0.113638 -0.497538
v 0.025705 0.099508 -0.497538
v 0.025705 0.084880 -0.497538
v 0.029491 0.070751 -0.497538
v 0.036805 0.058083 -0.497538
v 0.047148 0.047739 -0.497538
v 0.059816 0.040425 -0.497538
v 0.073946 0.036639 -0.497538
v 0.081260 0.029805 -0.498579
v 0.097408 0.031930 -0.498579
v 0.112455 0.038163 -0.498579
v 0.125376 0.048078 -0.498579
v 0.135291 0.060999 -0.498579
v 0.141524 0.076047 -0.498579
v 0.143650 0.092194 -0.498579
v 0.141524 0.108342 -0.498579
v 0.135291 0.123389 -0.498579
v 0.125376 0.136310 -0.498579
v 0.112455 0.146225 -0.498579
v 0.097408 0.152458 -0.498579
v 0.081260 0.154584 -0.498579
v 0.065112 0.152458 -0.498579
v 0.050065 0.146225 -0.498579
v 0.037144 0.136310 -0.498579
v 0.027229 0.123389 -0.498579
v 0.020996 0.108342 -0.498579
v 0.018870 0.092194 -0.498579
v 0.020996 0.076047 -0.498579
v 0.027229 0.060999 -0.498579
v 0.037144 0.048078 -0.498579
v 0.050065 0.038163 -0.498579
v 0.065112 0.031930 -0.498579
v 0.083866 0.072397 -0.449679
v 0.088901 0.073746 -0.449679
v 0.093416 0.076352 -0.449679
v 0.097102 0.080038 -0.449679
v 0.099708 0.084553 -0.449679
v 0.101057 0.089588 -0.449679
v 0.101057 0.094801 -0.449679
v 0.099708 0.099836 -0.449679
v 0.097102 0.104350 -0.449679
v 0.093416 0.108036 -0.449679
v 0.088901 0.110642 -0.449679
v 0.083866 0.111992 -0.449679
v 0.078654 0.111992 -0.449679
v 0.073618 0.110642 -0.449679
v 0.069104 0.108036 -0.449679
v 0.065418 0.104350 -0.449679
v 0.062812 0.099836 -0.449679
v 0.061463 0.094801 -0.449679
v 0.061463 0.089588 -0.449679
v 0.062812 0.084553 -0.449679
v 0.065418 0.080038 -0.449679
v 0.069104 0.076352 -0.449679
v 0.073618 0.073746 -0.449679
v 0.078654 0.072397 -0.449679
v 0.062285 0.059328 -0.473609
v 0.071438 0.055537 -0.473609
v 0.081260 0.054244 -0.473609
v 0.091082 0.055537 -0.473609
v 0.054425 0.119029 -0.473609
v 0.048394 0.111170 -0.473609
v 0.114126 0.111170 -0.473609
v 0.108095 0.119029 -0.473609
v 0.100235 0.059328 -0.473609
v 0.044603 0.102017 -0.473609
v 0.100235 0.125060 -0.473609
v 0.108095 0.065359 -0.473609
v 0.043309 0.092194 -0.473609
v 0.091082 0.128852 -0.473609
v 0.114126 0.073219 -0.473609
v 0.044603 0.082372 -0.473609
v 0.081260 0.130145 -0.473609
v 0.117917 0.082372 -0.473609
v 0.048394 0.073219 -0.473609
v 0.071438 0.128852 -0.473609
v 0.119210 0.092194 -0.473609
v 0.054425 0.065359 -0.473609
v 0.062285 0.125060 -0.473609
v 0.117917 0.102017 -0.473609
v 0.006028 0.306329 -0.235718
v 0.006028 0.334151 -0.429040
v 0.006028 0.327430 -0.486409
v 0.006028 0.320553 -0.474581
v 0.006028 0.268105 -0.453391
v 0.006028 0.213619 -0.477734
v 0.006028 0.201369 -0.499237
v 0.006028 0.181113 -0.491046
v 0.006028 0.226845 -0.287893
v 0.126825 0.005164 -0.272969
v 0.211091 0.101199 -0.473512
v 0.200507 0.140612 -0.479132
v 0.191735 0.125538 -0.481190
v 0.211469 0.005164 -0.298823
v 0.110402 0.005164 -0.297560
v 0.087798 0.005646 -0.365095
v -0.000000 0.005164 -0.304393
v 0.000000 0.085992 -0.365899
v 0.187033 0.007413 -0.442147
v 0.184497 0.005229 -0.431577
v 0.182152 0.006870 -0.441952
v 0.185356 0.008414 -0.449679
v 0.188647 0.010897 -0.456046
v 0.183322 0.010395 -0.455684
v 0.186443 0.012606 -0.460450
v 0.189675 0.015959 -0.464879
v 0.184086 0.015501 -0.464655
v 0.187256 0.018805 -0.468523
v 0.190496 0.022918 -0.471921
v 0.184699 0.022673 -0.471864
v 0.187880 0.026881 -0.474717
v 0.191057 0.031307 -0.476716
v 0.185133 0.031456 -0.476982
v 0.188273 0.036285 -0.478611
v 0.191359 0.041940 -0.479301
v 0.185363 0.042504 -0.479702
v 0.188429 0.055408 -0.480325
v 0.179388 0.005428 -0.398607
v 0.185398 0.081394 -0.480814
v 0.191376 0.075611 -0.479991
v 0.000000 0.312502 -0.219280
v 0.000000 0.342631 -0.431786
v 0.000000 0.328478 -0.498062
v 0.000000 0.313953 -0.485729
v 0.000000 0.267093 -0.461279
v 0.000000 0.220573 -0.483882
v 0.000000 0.203041 -0.506484
v 0.000000 0.175449 -0.495966
v 0.000000 0.223897 -0.273191
v 0.003078 0.337403 -0.373459
v 0.003078 0.280666 -0.088394
v 0.003078 0.338225 -0.481065
v 0.003078 0.317809 -0.501093
v 0.003078 0.314704 -0.459010
v 0.003078 0.219450 -0.459028
v 0.003078 0.216744 -0.502349
v 0.003078 0.187137 -0.502902
v 0.003078 0.171720 -0.476426
v 0.239447 0.249836 0.029929
v 0.261918 0.244737 0.032201
v 0.173603 0.234916 0.036576
v 0.140341 0.185546 0.058468
v 0.157277 0.221092 0.042736
v 0.216158 0.249836 0.029929
v 0.282003 0.234916 0.036576
v 0.193687 0.244737 0.032201
v 0.298328 0.221092 0.042736
v 0.145815 0.204251 0.050235
v 0.309791 0.204251 0.050235
v 0.315265 0.185546 0.058468
v 0.227803 0.255642 0.031577
v 0.251838 0.252961 0.032771
v 0.274212 0.245110 0.036270
v 0.162217 0.232643 0.041824
v 0.181393 0.245110 0.036270
v 0.134720 0.177421 0.066326
v 0.138426 0.197603 0.057419
v 0.147537 0.216435 0.049046
v 0.203767 0.252961 0.032771
v 0.293388 0.232643 0.041824
v 0.308068 0.216436 0.049046
v 0.320886 0.177421 0.066326
v 0.317179 0.197603 0.057419
v 0.239477 0.176059 -0.136240
v 0.262004 0.170943 -0.133960
v 0.173468 0.161090 -0.129571
v 0.140436 0.112685 -0.108107
v 0.157110 0.147239 -0.123399
v 0.216129 0.176059 -0.136240
v 0.282137 0.161090 -0.129571
v 0.193601 0.170943 -0.133960
v 0.298496 0.147239 -0.123399
v 0.145721 0.130712 -0.116040
v 0.309884 0.130712 -0.116040
v 0.315170 0.112685 -0.108107
v 0.139460 0.140396 -0.018915
v 0.316146 0.140396 -0.018915
v 0.218434 0.214463 0.031471
v 0.155934 0.202677 0.031471
v 0.175009 0.209084 0.008360
v 0.165472 0.176165 0.019915
v 0.165472 0.235596 0.019915
v 0.237509 0.214463 0.008360
v 0.196722 0.251883 0.019915
v 0.196722 0.176165 0.019915
v 0.206259 0.214463 0.008360
v 0.187184 0.213585 0.031471
v 0.280934 0.209288 0.031471
v 0.300009 0.202469 0.008360
v 0.290472 0.176165 0.019915
v 0.290472 0.235592 0.019915
v 0.259222 0.250426 0.019915
v 0.259222 0.176165 0.019915
v 0.268759 0.212128 0.008360
v 0.249684 0.214463 0.031471
v 0.227972 0.176165 0.019915
v 0.227972 0.252761 0.019915
v 0.305422 0.181941 -0.304848
v -0.131550 0.245177 -0.414919
v -0.166575 0.255437 -0.432763
v 0.156424 0.181513 -0.304215
v -0.199313 0.252430 -0.427543
v -0.228811 0.247449 -0.418894
v 0.312877 0.217445 -0.366666
v 0.303878 0.223000 -0.376423
v 0.147223 0.181513 -0.304215
v 0.314007 0.186066 -0.312014
v 0.314007 0.198333 -0.333337
v 0.137508 0.181513 -0.304215
v 0.282660 0.232002 -0.392033
v -0.314008 0.210514 -0.354552
v -0.314007 0.198333 -0.333337
v 0.261536 0.181560 -0.304188
v -0.363249 0.165619 0.009507
v -0.390530 0.148571 0.121885
v -0.328012 0.178902 0.008648
v -0.326596 0.178310 0.109977
v -0.331374 0.179263 -0.241481
v -0.087284 0.291558 0.070058
v -0.130975 0.177954 -0.020376
v -0.149079 0.177927 -0.266035
v -0.058374 0.177954 0.153316
v -0.040655 0.177954 0.350799
v -0.130975 0.177954 -0.135634
v -0.219964 0.177954 0.111152
v -0.240404 0.257665 0.023866
v -0.264753 0.252195 0.026253
v -0.313228 0.159207 -0.027128
v -0.126498 0.193121 -0.116846
v -0.168822 0.241628 0.030866
v -0.164878 0.192253 -0.041818
v -0.256927 0.198236 -0.286107
v -0.395189 0.030270 -0.243132
v -0.363629 0.165810 -0.226654
v -0.340087 0.004906 -0.280337
v -0.323080 0.005153 -0.319022
v -0.329476 0.120917 -0.399603
v -0.269736 0.166736 -0.371422
v -0.320556 0.067294 -0.404676
v -0.372804 0.016416 0.065823
v -0.199801 0.177954 0.231791
v -0.297393 0.038890 -0.395276
v -0.341516 0.089737 0.266319
v -0.334819 0.165585 0.207348
v -0.343471 0.115106 -0.383803
v -0.276335 0.177685 -0.442199
v -0.264370 0.214523 -0.272967
v -0.088781 0.179350 0.446819
v -0.109642 0.162748 0.409995
v -0.044072 0.291965 0.148140
v -0.078864 0.226210 0.410395
v -0.364799 0.018133 -0.286980
v -0.127301 0.177157 -0.041175
v -0.091525 0.177772 -0.395775
v -0.101421 0.090325 0.451542
v -0.103744 0.148562 0.449300
v -0.217695 0.165347 0.360103
v -0.051072 0.005164 0.260237
v -0.075512 0.005164 0.251937
v -0.098659 0.005164 0.240517
v -0.386617 0.149370 0.147436
v -0.098319 0.165347 0.418973
v -0.330459 0.179625 -0.369893
v -0.340858 0.031034 0.267763
v -0.120116 0.005164 0.226173
v -0.139516 0.005164 0.209151
v -0.156528 0.005164 0.189743
v -0.198558 0.178111 0.332209
v -0.296674 0.179184 0.213983
v -0.342322 0.031028 0.265238
v -0.392750 0.089773 0.124495
v -0.170859 0.005164 0.168280
v -0.182266 0.005164 0.145131
v -0.190552 0.005164 0.120690
v -0.349153 0.005155 0.089406
v -0.142392 0.177985 0.360913
v -0.395390 0.149418 -0.018280
v -0.350622 0.005154 0.037643
v -0.363183 0.165585 -0.045463
v -0.331033 0.179217 -0.019125
v -0.114414 0.005602 0.400568
v -0.180275 0.005164 0.064713
v -0.195217 0.005164 0.095025
v -0.314857 0.177993 0.132655
v -0.263238 0.005414 0.299985
v -0.394112 0.148604 -0.047579
v -0.342807 0.005191 0.138667
v -0.329418 0.178311 -0.046799
v -0.396770 0.089773 -0.052249
v -0.304059 0.004906 -0.354450
v -0.330169 0.179273 -0.391952
v -0.334813 0.061200 -0.392184
v -0.021105 0.177954 0.384189
v -0.059453 0.177954 0.008438
v -0.215453 0.177954 0.153316
v -0.222263 0.177954 0.064074
v -0.346093 0.005184 -0.267122
v -0.128237 0.177954 0.212982
v -0.047927 0.177954 0.327163
v -0.252874 0.236278 -0.123676
v -0.131626 0.187981 0.054283
v -0.150940 0.226687 0.037389
v -0.164470 0.154390 -0.365852
v -0.242760 0.200659 -0.285067
v -0.373536 0.016257 -0.226962
v -0.333800 0.005153 -0.293229
v -0.360418 0.163905 -0.223203
v -0.349076 0.005403 -0.224772
v -0.298224 0.166730 -0.378444
v -0.292855 0.166755 -0.373777
v -0.326296 0.177994 -0.339715
v -0.328146 0.176067 -0.399466
v -0.287160 0.006482 -0.372444
v -0.100955 0.016692 0.428682
v -0.263779 0.016558 0.332171
v -0.359477 0.016442 0.165906
v -0.390639 0.031960 -0.276045
v -0.349017 0.005410 -0.046658
v -0.302788 0.076691 -0.421102
v -0.197357 0.089773 0.412171
v -0.394380 0.090948 -0.259479
v -0.393770 0.149378 0.093054
v -0.285973 0.209255 -0.275033
v -0.125250 0.192678 -0.281533
v -0.079737 0.249423 -0.246915
v -0.068598 0.188261 -0.459883
v -0.099560 0.210679 0.372058
v -0.121513 0.176456 0.337620
v -0.077387 0.189025 -0.428302
v -0.217860 0.030295 0.398572
v -0.128589 0.149357 0.442088
v -0.092976 0.005638 0.405750
v -0.232113 0.005413 0.331415
v -0.224261 0.165434 0.354836
v -0.245707 0.005044 0.314473
v -0.202433 0.178196 0.328997
v -0.324830 0.016477 0.252605
v -0.303185 0.005429 0.241628
v -0.335106 0.004928 0.159149
v -0.360276 0.165552 0.113103
v -0.329605 0.178329 -0.224231
v -0.155028 0.005603 0.383497
v -0.345537 0.005429 0.116874
v -0.357245 0.163899 0.116184
v -0.350653 0.005138 -0.079193
v -0.349889 0.005148 -0.239309
v -0.348011 0.004901 -0.107129
v -0.345940 0.005153 -0.078018
v -0.329402 0.178318 -0.051534
v -0.363175 0.165586 -0.052451
v -0.395862 0.030238 -0.079240
v -0.362205 0.166489 -0.260286
v -0.215154 0.257665 0.023866
v -0.313430 0.005634 -0.345944
v -0.164435 0.177954 0.299112
v -0.130948 0.177954 0.037003
v -0.059453 0.177954 -0.106819
v -0.058901 0.177954 0.231752
v -0.071925 0.177954 0.360831
v -0.276534 0.177228 -0.295122
v -0.090061 0.177954 0.339560
v -0.150873 0.176836 -0.034948
v -0.142378 0.159207 -0.027128
v -0.272364 0.204191 -0.047137
v -0.286580 0.241628 0.030866
v -0.311692 0.207841 -0.119176
v -0.304732 0.176836 -0.034948
v -0.290728 0.192253 -0.041818
v -0.250894 0.211725 -0.050494
v -0.227803 0.214301 -0.051641
v -0.204712 0.211725 -0.050494
v -0.183241 0.204191 -0.047137
v -0.278412 0.189357 -0.289917
v -0.394756 0.150327 -0.243158
v -0.345632 0.004906 -0.252537
v -0.323543 0.179184 0.134836
v -0.305377 0.166694 -0.375952
v -0.328196 0.178916 -0.326257
v -0.331092 0.179381 -0.318046
v -0.321112 0.177684 -0.404818
v -0.326340 0.121545 -0.399598
v -0.296159 0.005153 -0.360806
v -0.143187 0.016657 0.413255
v -0.373814 0.030264 0.196024
v -0.381647 0.036052 -0.309448
v -0.324474 0.030429 -0.369695
v -0.275752 0.087977 -0.441536
v -0.067462 0.117404 0.523470
v -0.093230 0.163826 0.417070
v -0.086863 0.285237 0.226567
v -0.365789 0.089773 0.220168
v -0.396803 0.089774 -0.220801
v -0.387623 0.093763 -0.293032
v -0.290893 0.130843 -0.432092
v -0.303612 0.201804 -0.277954
v -0.163265 0.005164 -0.048927
v -0.394359 0.089737 -0.048763
v -0.139739 0.201804 -0.277954
v -0.035670 0.199493 -0.430299
v -0.086557 0.286681 -0.041194
v -0.296462 0.149381 0.329122
v -0.102140 0.218251 -0.210870
v -0.084445 0.058723 0.486258
v -0.217606 0.149357 0.398190
v -0.110923 0.005163 0.395801
v -0.103552 0.177985 0.377298
v -0.087839 0.178111 0.386810
v -0.341398 0.089774 0.271006
v -0.212144 0.177989 0.313789
v -0.354806 0.030280 0.242569
v -0.309404 0.005154 0.221688
v -0.315787 0.178885 0.153974
v -0.395879 0.030250 -0.193759
v -0.395859 0.030236 -0.136499
v -0.396823 0.089774 -0.165385
v -0.373296 0.016400 -0.164900
v -0.350653 0.005138 -0.135888
v -0.237434 0.177954 -0.263160
v -0.095094 0.017285 0.426584
v -0.390982 0.089737 0.120607
v -0.163261 0.005164 0.008995
v -0.367166 0.017426 0.117485
v -0.290336 0.005413 0.265024
v -0.394576 0.031012 -0.223054
v -0.394137 0.148587 -0.223078
v -0.348011 0.004901 -0.164623
v -0.345939 0.005153 -0.135880
v -0.349002 0.005402 -0.051404
v -0.373233 0.016423 -0.052377
v -0.330814 0.179497 -0.340488
v -0.395416 0.149401 -0.193782
v -0.300828 0.005810 -0.363212
v -0.059453 0.177954 -0.049191
v -0.063314 0.177954 0.384189
v -0.061372 0.177954 0.193596
v -0.178889 0.177985 0.339745
v -0.052288 0.177954 0.377224
v -0.130250 0.177954 0.088575
v -0.146971 0.177954 0.327224
v -0.296298 0.220481 -0.121176
v -0.136975 0.207841 -0.119176
v -0.190725 0.252195 0.026253
v -0.168348 0.189357 -0.289917
v -0.248486 0.178989 0.287048
v -0.309238 0.005153 -0.343026
v -0.345927 0.005153 -0.193856
v -0.328196 0.178916 -0.355396
v -0.182938 0.129172 -0.423630
v -0.318382 0.004906 -0.332562
v -0.131026 0.177954 -0.193951
v -0.295219 0.016558 0.296321
v -0.370978 0.016721 -0.256266
v -0.314117 0.125272 -0.412536
v -0.240061 0.089737 0.382000
v -0.256677 0.165483 0.325071
v -0.038246 0.203153 0.451670
v -0.390236 0.152220 -0.276332
v -0.303391 0.177688 -0.421604
v -0.262123 0.136004 -0.451395
v -0.174406 0.149377 0.422793
v -0.286826 0.005159 0.260812
v -0.321982 0.177994 -0.135634
v -0.316084 0.192678 -0.281533
v -0.346074 0.005410 0.112484
v -0.130975 0.177954 -0.078005
v -0.323176 0.177995 -0.275518
v -0.041164 0.258731 -0.210911
v -0.312522 0.179183 0.175219
v -0.373249 0.016435 -0.220035
v -0.328196 0.178916 -0.299923
v -0.108213 0.235484 -0.005964
v -0.238717 0.031039 0.383217
v -0.238452 0.148562 0.382869
v -0.152533 0.005163 0.378436
v -0.219167 0.178990 0.316661
v -0.241423 0.031034 0.381147
v -0.241156 0.148566 0.380800
v -0.225447 0.017434 0.362956
v -0.275314 0.005044 0.280713
v -0.219357 0.163892 0.355018
v -0.231568 0.178783 0.300336
v -0.241597 0.177989 0.283632
v -0.369394 0.016477 0.121329
v -0.326551 0.005154 0.179979
v -0.396817 0.089774 -0.107666
v -0.373293 0.016398 -0.107490
v -0.348027 0.004909 0.009039
v -0.344339 0.005153 0.090260
v -0.193295 0.005602 0.361668
v -0.173034 0.005164 -0.170154
v -0.370392 0.017425 -0.048903
v -0.394560 0.031000 -0.049945
v -0.353279 0.170203 -0.326729
v -0.058480 0.177945 -0.226725
v -0.327625 0.005427 -0.321320
v -0.129286 0.177954 0.173678
v -0.222611 0.177954 -0.164448
v -0.261274 0.166786 -0.327727
v -0.128014 0.177954 0.132537
v -0.146355 0.178823 0.365909
v -0.175364 0.230180 -0.122711
v -0.193381 0.198236 -0.286107
v -0.397241 0.089820 -0.227813
v -0.170293 0.177228 -0.295122
v -0.349002 0.005402 -0.220396
v -0.322043 0.177994 -0.193208
v -0.323153 0.177995 -0.239380
v -0.331278 0.179304 -0.284491
v -0.185845 0.016657 0.392219
v -0.296809 0.030269 0.329426
v -0.340527 0.025501 -0.345384
v -0.261339 0.149363 0.364633
v -0.390964 0.031028 0.121944
v -0.139345 0.165396 0.403983
v -0.280213 0.089773 0.348597
v -0.033826 0.085144 0.524619
v -0.382145 0.089773 0.171985
v -0.381502 0.155860 -0.309663
v -0.137111 0.177921 -0.266035
v -0.362756 0.165609 0.065357
v -0.322621 0.182500 -0.285523
v -0.160229 0.209255 -0.275033
v -0.044126 0.294321 -0.005964
v -0.084211 0.264554 0.337430
v -0.106551 0.229205 0.303253
v -0.121965 0.177954 0.350799
v -0.173458 0.005143 0.370160
v -0.125578 0.178697 0.371533
v -0.108103 0.178825 0.381993
v -0.261643 0.030288 0.364977
v -0.244709 0.089774 0.381259
v -0.191640 0.005163 0.355995
v -0.387068 0.030280 0.147527
v -0.359411 0.165535 0.119985
v -0.267255 0.177989 0.249955
v -0.329567 0.179216 0.087780
v -0.395855 0.030233 -0.018264
v -0.396755 0.089773 -0.045243
v -0.373241 0.016425 -0.045384
v -0.350684 0.005153 -0.018866
v -0.330974 0.179217 0.037100
v -0.022767 0.006828 0.415528
v -0.345876 0.005153 0.037556
v -0.338335 0.005154 0.136461
v -0.327532 0.178902 0.063941
v -0.326074 0.178294 0.114262
v -0.394552 0.030995 -0.047561
v -0.163265 0.005164 -0.106850
v -0.345940 0.005153 -0.020086
v -0.360408 0.163901 -0.048980
v -0.394120 0.148599 -0.049962
v -0.250429 0.006924 -0.403040
v -0.182974 0.177954 0.267126
v -0.269084 0.194381 -0.287761
v -0.059453 0.177954 -0.164448
v -0.370400 0.017421 -0.223494
v -0.304401 0.226687 0.037389
v -0.321369 0.193121 -0.116846
v -0.180507 0.134803 -0.365852
v -0.153643 0.220481 -0.121176
v -0.179217 0.194381 -0.287761
v -0.274019 0.178990 0.254115
v -0.347527 0.004909 0.064869
v -0.233341 0.177954 -0.218445
v -0.243865 0.177954 -0.244177
v -0.336367 0.174303 -0.392683
v -0.326241 0.177995 -0.309846
v -0.358837 0.167892 -0.299434
v -0.308459 0.035175 -0.383801
v -0.183774 0.120752 -0.365852
v -0.128738 0.030295 0.442522
v -0.152980 0.160605 -0.365850
v -0.062642 0.165152 -0.481359
v -0.368345 0.043308 -0.341456
v -0.249750 0.049759 -0.430879
v -0.287252 0.165483 0.290206
v -0.376457 0.098955 -0.325862
v -0.368438 0.161336 -0.341503
v -0.320467 0.177994 0.088631
v -0.325782 0.177325 -0.114346
v -0.185324 0.214523 -0.272967
v -0.075348 0.177772 -0.460334
v -0.043691 0.281281 0.303248
v -0.108941 0.234814 0.148140
v -0.103859 0.031039 0.449722
v -0.107047 0.089774 0.451019
v -0.327084 0.149363 0.289665
v -0.321233 0.016593 0.259245
v -0.230416 0.016593 0.362802
v -0.214430 0.005542 0.344534
v -0.259452 0.178783 0.268541
v -0.316089 0.165536 0.247598
v -0.276236 0.230180 -0.122711
v -0.301035 0.005542 0.245781
v -0.286150 0.178294 0.231861
v -0.396816 0.089774 0.010159
v -0.350653 0.005139 -0.192609
v -0.373308 0.016406 0.009706
v -0.391305 0.031027 0.119350
v -0.321922 0.177994 0.037004
v -0.331001 0.179230 -0.079205
v -0.327995 0.178909 -0.107015
v -0.321983 0.177994 -0.020350
v -0.337142 0.176798 -0.382455
v -0.312153 0.033838 -0.383620
v -0.222611 0.177954 -0.049191
v -0.222611 0.177954 0.008438
v -0.049445 0.177954 0.299112
v -0.211613 0.177954 0.193596
v -0.338644 0.005272 -0.294809
v -0.059350 0.177954 0.064074
v -0.031116 0.177954 0.369615
v -0.100330 0.177954 0.313661
v -0.227453 0.238357 -0.124005
v -0.182400 0.178825 0.345353
v -0.227083 0.201486 -0.284712
v -0.394403 0.148797 -0.225707
v -0.341061 0.005153 -0.266232
v -0.064293 0.164707 -0.365821
v -0.344864 0.005153 -0.237738
v -0.329402 0.178318 -0.219798
v -0.138297 0.208388 0.045376
v -0.326296 0.177993 -0.369480
v -0.395398 0.149413 -0.079259
v -0.326288 0.177983 -0.391299
v -0.322824 0.071690 -0.395266
v -0.161762 0.183506 -0.292427
v -0.053442 0.043863 0.467326
v -0.174610 0.030273 0.423207
v -0.394229 0.030272 0.093091
v -0.354583 0.021014 -0.316976
v -0.133228 0.005143 0.390000
v -0.390871 0.148572 0.119295
v -0.034179 0.150276 0.525457
v -0.152009 0.089773 0.434535
v -0.180827 0.165396 0.383526
v -0.313649 0.089773 0.310470
v -0.351751 0.168324 -0.371326
v -0.396298 0.089774 0.066908
v -0.328197 0.178916 -0.259349
v -0.025756 0.005164 0.265274
v -0.041392 0.248939 0.372362
v -0.128279 0.177541 0.226567
v -0.074584 0.023106 0.437774
v -0.067862 0.005595 0.408123
v -0.163465 0.178697 0.352850
v -0.340479 0.148566 0.267543
v -0.327466 0.030288 0.289921
v -0.227481 0.005159 0.328483
v -0.341942 0.148571 0.265020
v -0.345292 0.089773 0.264300
v -0.312055 0.163896 0.249310
v -0.288284 0.177993 0.213045
v -0.302177 0.178885 0.194066
v -0.395797 0.030243 0.038888
v -0.395395 0.149415 -0.136520
v -0.395333 0.149408 0.038872
v -0.349770 0.165584 0.163305
v -0.363236 0.165624 -0.164733
v -0.331001 0.179230 -0.135654
v -0.394371 0.089738 -0.224300
v -0.317000 0.208388 0.045376
v -0.331114 0.005192 0.181530
v -0.327995 0.178909 -0.164257
v -0.321982 0.177994 -0.078031
v -0.345564 0.173415 -0.356134
v -0.272571 0.006684 -0.386143
v -0.053958 0.177954 0.267126
v -0.107969 0.177954 0.283578
v -0.222611 0.177954 -0.106819
v -0.119132 0.177954 0.249826
v -0.093348 0.177954 0.369615
v -0.058650 0.177954 0.111098
v -0.323648 0.187981 0.054283
v -0.284065 0.183506 -0.292427
v -0.173862 0.145589 -0.365853
v -0.200658 0.236278 -0.123676
v -0.209866 0.200659 -0.285067
v -0.394799 0.030831 -0.225710
v -0.330953 0.004906 -0.307156
v -0.300075 0.005164 -0.249319
v -0.328190 0.178837 -0.382308
v -0.320720 0.017429 0.254312
v -0.158870 0.158312 -0.425646
v -0.344104 0.016442 0.211193
v -0.112249 0.164852 -0.426595
v -0.351171 0.052997 -0.371175
v -0.275807 0.044648 -0.413468
v -0.084973 0.149071 0.486834
v -0.137693 0.163843 -0.365840
v -0.373377 0.149385 0.195876
v -0.393686 0.089773 0.117367
v -0.363192 0.165575 -0.219749
v -0.361027 0.106654 -0.357058
v -0.240191 0.217250 -0.271898
v -0.121720 0.177325 -0.114346
v -0.117656 0.182500 -0.285523
v -0.213230 0.217250 -0.271898
v -0.071463 0.176767 0.487477
v -0.034300 0.177772 -0.487689
v -0.179764 0.059298 -0.366104
v -0.129462 0.177279 0.070058
v -0.223793 0.016692 0.368105
v -0.237805 0.089774 0.386536
v -0.153056 0.161024 -0.481326
v -0.312532 0.165434 0.254182
v -0.210457 0.005638 0.347815
v -0.259282 0.005159 0.296513
v -0.314292 0.005191 0.222665
v -0.354392 0.149370 0.242367
v -0.320655 0.004928 0.201719
v -0.370269 0.016458 0.114386
v -0.284065 0.178196 0.235914
v -0.304068 0.177993 0.173701
v -0.294026 0.006137 -0.368271
v -0.331002 0.179230 -0.192129
v -0.363233 0.165626 -0.107445
v -0.189011 0.101431 -0.481313
v -0.189530 0.054908 -0.456986
v -0.180907 0.134992 -0.481241
v -0.221179 0.053075 -0.445021
v -0.214664 0.177684 -0.473670
v -0.184412 0.121738 -0.481225
v -0.180986 0.177684 -0.480600
v -0.230783 0.139343 -0.467278
v -0.136194 0.177684 -0.480965
v -0.174195 0.145881 -0.481270
v -0.225997 0.007100 -0.417144
v -0.131070 0.177921 -0.266035
v -0.164719 0.154758 -0.481302
v -0.169463 0.150785 -0.424950
v -0.123957 0.177921 -0.265984
v -0.054183 0.177684 -0.480998
v -0.100312 0.177922 -0.265696
v -0.246496 0.177684 -0.459424
v -0.246001 0.096259 -0.458934
v -0.162141 0.166471 -0.481361
v -0.146287 0.163007 -0.426142
v -0.184935 0.109174 -0.428711
v -0.177687 0.140847 -0.424176
v -0.105816 0.171627 -0.481361
v -0.136017 0.164284 -0.481347
v -0.170629 0.164559 -0.481361
v -0.183093 0.162601 -0.481170
v -0.191974 0.146684 -0.481123
v -0.187995 0.154879 -0.481170
v -0.123660 0.177772 -0.175816
v -0.125605 0.177747 -0.107937
v -0.119056 0.177772 -0.246826
v -0.108251 0.177772 -0.320965
v -0.072056 0.210433 -0.395779
v -0.076093 0.231806 -0.321035
v -0.082944 0.263884 -0.175893
v -0.085095 0.275785 -0.107995
v -0.087784 0.200160 -0.358593
v -0.096700 0.210067 -0.283673
v -0.104919 0.224904 -0.141645
v -0.106640 0.230517 -0.074553
v -0.042561 0.272037 -0.141682
v -0.043412 0.283459 -0.074573
v -0.037592 0.222549 -0.358614
v -0.039416 0.242361 -0.283718
v -0.213332 0.166714 -0.360347
v -0.205591 0.177954 -0.266100
v -0.178008 0.177948 -0.266035
v -0.187604 0.166695 -0.372172
v -0.167200 0.166695 -0.377361
v -0.095239 0.177846 -0.375086
v -0.055162 0.177891 -0.315365
v -0.183902 0.177929 -0.287152
v -0.227451 0.177953 -0.287152
v -0.120065 0.177903 -0.289405
v -0.132708 0.177905 -0.287152
v -0.141769 0.177905 -0.287152
v -0.151400 0.177906 -0.287152
v -0.288638 0.177954 -0.293079
v -0.273690 0.177566 -0.420054
v -0.321448 0.177719 -0.322063
v -0.316880 0.177586 -0.383993
v -0.300217 0.177562 -0.399872
v -0.321443 0.177777 -0.303460
v -0.321445 0.177687 -0.351270
v -0.321277 0.177647 -0.372130
v -0.213136 0.177544 -0.449842
v -0.180186 0.177543 -0.458518
v -0.139578 0.177543 -0.462815
v -0.244392 0.177548 -0.436914
v -0.117239 0.177608 -0.374711
v -0.193341 0.177690 -0.300031
v -0.242772 0.177719 -0.300031
v -0.124205 0.177718 -0.300113
v -0.135220 0.177666 -0.300028
v -0.145448 0.177663 -0.300031
v -0.156385 0.177663 -0.300031
v -0.291255 0.177722 -0.300046
v -0.260565 0.177780 -0.440216
v -0.288964 0.177787 -0.421304
v -0.323946 0.177946 -0.345917
v -0.323946 0.177953 -0.317218
v -0.312335 0.177797 -0.401422
v -0.322614 0.177891 -0.388510
v -0.315072 0.177954 -0.299935
v -0.323946 0.177927 -0.372636
v -0.197588 0.177774 -0.466759
v -0.229929 0.177774 -0.455495
v -0.161306 0.177774 -0.471174
v -0.118934 0.177775 -0.471448
v -0.116364 0.177881 -0.320199
v -0.218730 0.177944 -0.296444
v -0.168479 0.177906 -0.296444
v -0.262948 0.177954 -0.296597
v -0.129237 0.177898 -0.296444
v -0.139982 0.177898 -0.296444
v -0.149814 0.177898 -0.296444
v -0.268381 0.166936 -0.409576
v -0.129951 0.172888 -0.304855
v -0.307805 0.166894 -0.377751
v -0.293417 0.166944 -0.391095
v -0.135706 0.166980 -0.313602
v -0.310297 0.166985 -0.351735
v -0.310579 0.166909 -0.369902
v -0.208383 0.166877 -0.436649
v -0.177492 0.166877 -0.444873
v -0.144207 0.166876 -0.450175
v -0.237967 0.166885 -0.424506
v -0.128235 0.166930 -0.377064
v -0.195184 0.167002 -0.312102
v -0.243935 0.167037 -0.310999
v -0.146767 0.166977 -0.313374
v -0.158131 0.166975 -0.313088
v -0.285380 0.167045 -0.310974
v -0.256634 0.172229 -0.423902
v -0.284168 0.172264 -0.405568
v -0.316059 0.172362 -0.336898
v -0.146183 0.166688 -0.389767
v -0.306468 0.172238 -0.386706
v -0.314972 0.172255 -0.376115
v -0.314985 0.172478 -0.305436
v -0.316059 0.172305 -0.362669
v -0.195569 0.172209 -0.449116
v -0.226922 0.172211 -0.438506
v -0.161678 0.172209 -0.455476
v -0.122138 0.172209 -0.457821
v -0.123790 0.172412 -0.308343
v -0.220452 0.172367 -0.305417
v -0.169340 0.172327 -0.305417
v -0.263655 0.172382 -0.305417
v -0.140319 0.172321 -0.305417
v -0.150390 0.172320 -0.305417
v -0.309328 0.167041 -0.323689
v -0.316621 0.172950 -0.311665
v -0.169723 0.240095 -0.428432
v 0.296195 0.179725 -0.323329
v 0.260154 0.177965 -0.320277
v 0.295706 0.210159 -0.376393
v 0.302373 0.206161 -0.369502
v -0.226136 0.232684 -0.415563
v -0.198629 0.237330 -0.423631
v 0.176364 0.177919 -0.320303
v -0.273478 0.238395 -0.403611
v -0.321034 0.189821 -0.318987
v -0.316656 0.220522 -0.372545
v -0.299907 0.228355 -0.386191
v -0.321036 0.180734 -0.303096
v -0.321031 0.204318 -0.344218
v -0.321025 0.214689 -0.362299
v -0.213148 0.253177 -0.429317
v -0.180322 0.257512 -0.436844
v -0.139910 0.259630 -0.440519
v -0.244288 0.246763 -0.418175
v -0.117618 0.219648 -0.370995
v -0.193450 0.179076 -0.300392
v -0.242715 0.179102 -0.300377
v -0.124591 0.179139 -0.300445
v -0.135523 0.179054 -0.300401
v -0.145715 0.179053 -0.300405
v -0.156617 0.179053 -0.300405
v -0.290994 0.179107 -0.300380
v -0.267649 0.224801 -0.401313
v -0.129951 0.177171 -0.306703
v -0.307559 0.208470 -0.373052
v -0.292884 0.215239 -0.384696
v -0.135242 0.175152 -0.315032
v -0.310460 0.195083 -0.349623
v -0.310457 0.204388 -0.365933
v -0.209840 0.238933 -0.425963
v -0.178650 0.243077 -0.433158
v -0.144977 0.245003 -0.436502
v -0.239679 0.232790 -0.415284
v -0.128293 0.210289 -0.376138
v -0.193531 0.175117 -0.314929
v -0.242529 0.175146 -0.314912
v -0.145825 0.175096 -0.314941
v -0.156733 0.175095 -0.314941
v -0.285507 0.175163 -0.314925
v -0.256634 0.236023 -0.410188
v -0.284168 0.226902 -0.394284
v -0.316059 0.192709 -0.334732
v 0.159363 0.177915 -0.320306
v -0.306468 0.217464 -0.377953
v -0.315924 0.212437 -0.369199
v -0.314985 0.177105 -0.307412
v -0.316059 0.205524 -0.357092
v -0.195569 0.248592 -0.432046
v -0.226922 0.243297 -0.422851
v -0.161678 0.251766 -0.437557
v -0.122187 0.251433 -0.436972
v -0.123788 0.178579 -0.310103
v -0.220452 0.177000 -0.307450
v -0.169340 0.176966 -0.307470
v -0.263655 0.177013 -0.307443
v -0.140319 0.176960 -0.307473
v -0.150390 0.176959 -0.307474
v -0.310424 0.181738 -0.326346
v -0.316621 0.180623 -0.312574
v -0.090163 0.024568 -0.360589
v -0.090131 0.024808 -0.495704
v -0.081260 0.023983 -0.429584
v -0.098914 0.026307 -0.429584
v -0.107363 0.029176 -0.360589
v -0.107270 0.029400 -0.495704
v -0.115365 0.033122 -0.429584
v -0.122784 0.038080 -0.360589
v -0.122636 0.038272 -0.495704
v -0.129492 0.043962 -0.429584
v -0.135375 0.050671 -0.360589
v -0.135182 0.050818 -0.495704
v -0.140332 0.058089 -0.429584
v -0.144278 0.066091 -0.360589
v -0.144054 0.066184 -0.495704
v -0.147147 0.074540 -0.429584
v -0.148887 0.083291 -0.360589
v -0.148646 0.083323 -0.495704
v -0.149471 0.092194 -0.429584
v -0.148887 0.101097 -0.360589
v -0.148646 0.101066 -0.495704
v -0.147147 0.109849 -0.429584
v -0.144278 0.118297 -0.360589
v -0.144054 0.118204 -0.495704
v -0.140332 0.126300 -0.429584
v -0.135375 0.133718 -0.360589
v -0.135182 0.133570 -0.495704
v -0.129492 0.140427 -0.429584
v -0.122784 0.146309 -0.360589
v -0.122636 0.146117 -0.495704
v -0.115365 0.151267 -0.429584
v -0.107363 0.155212 -0.360589
v -0.107270 0.154988 -0.495704
v -0.098914 0.158081 -0.429584
v -0.090163 0.159821 -0.360589
v -0.090131 0.159580 -0.495704
v -0.081260 0.160405 -0.429584
v -0.072357 0.159821 -0.360589
v -0.072388 0.159580 -0.495704
v -0.063606 0.158081 -0.429584
v -0.055157 0.155212 -0.360589
v -0.055250 0.154988 -0.495704
v -0.047154 0.151267 -0.429584
v -0.039736 0.146309 -0.360589
v -0.039884 0.146117 -0.495704
v -0.033027 0.140427 -0.429584
v -0.027145 0.133718 -0.360589
v -0.027338 0.133570 -0.495704
v -0.022187 0.126300 -0.429584
v -0.018242 0.118297 -0.360589
v -0.018466 0.118204 -0.495704
v -0.015373 0.109849 -0.429584
v -0.013633 0.101097 -0.360589
v -0.013874 0.101066 -0.495704
v -0.013049 0.092194 -0.429584
v -0.013633 0.083291 -0.360589
v -0.013874 0.083323 -0.495704
v -0.015373 0.074540 -0.429584
v -0.018242 0.066091 -0.360589
v -0.018466 0.066184 -0.495704
v -0.022187 0.058089 -0.429584
v -0.027145 0.050671 -0.360589
v -0.027338 0.050818 -0.495704
v -0.033027 0.043962 -0.429584
v -0.039736 0.038080 -0.360589
v -0.039884 0.038272 -0.495704
v -0.047154 0.033122 -0.429584
v -0.055157 0.029176 -0.360589
v -0.055250 0.029400 -0.495704
v -0.063606 0.026307 -0.429584
v -0.072357 0.024568 -0.360589
v -0.072388 0.024808 -0.495704
v -0.088664 0.035958 -0.498459
v -0.102966 0.039790 -0.498459
v -0.115790 0.047194 -0.498459
v -0.126260 0.057664 -0.498459
v -0.133664 0.070488 -0.498459
v -0.137496 0.084791 -0.498459
v -0.137496 0.099598 -0.498459
v -0.133664 0.113901 -0.498459
v -0.126260 0.126724 -0.498459
v -0.115790 0.137194 -0.498459
v -0.102966 0.144598 -0.498459
v -0.088664 0.148430 -0.498459
v -0.073856 0.148430 -0.498459
v -0.059554 0.144598 -0.498459
v -0.046730 0.137194 -0.498459
v -0.036260 0.126724 -0.498459
v -0.028856 0.113901 -0.498459
v -0.025024 0.099598 -0.498459
v -0.025024 0.084791 -0.498459
v -0.028856 0.070488 -0.498459
v -0.036260 0.057664 -0.498459
v -0.046730 0.047194 -0.498459
v -0.059554 0.039790 -0.498459
v -0.073856 0.035958 -0.498459
v -0.081260 0.029805 -0.498579
v -0.097408 0.031930 -0.498579
v -0.112455 0.038163 -0.498579
v -0.125376 0.048078 -0.498579
v -0.135291 0.060999 -0.498579
v -0.141524 0.076047 -0.498579
v -0.143650 0.092194 -0.498579
v -0.141524 0.108342 -0.498579
v -0.135291 0.123389 -0.498579
v -0.125376 0.136310 -0.498579
v -0.112455 0.146225 -0.498579
v -0.097408 0.152458 -0.498579
v -0.081260 0.154584 -0.498579
v -0.065112 0.152458 -0.498579
v -0.050065 0.146225 -0.498579
v -0.037144 0.136310 -0.498579
v -0.027229 0.123389 -0.498579
v -0.020996 0.108342 -0.498579
v -0.018870 0.092194 -0.498579
v -0.020996 0.076047 -0.498579
v -0.027229 0.060999 -0.498579
v -0.037144 0.048078 -0.498579
v -0.050065 0.038163 -0.498579
v -0.065112 0.031930 -0.498579
v -0.083776 0.073083 -0.448751
v -0.088636 0.074386 -0.448751
v -0.092994 0.076902 -0.448751
v -0.096552 0.080460 -0.448751
v -0.099068 0.084818 -0.448751
v -0.100371 0.089678 -0.448751
v -0.100371 0.094710 -0.448751
v -0.099068 0.099571 -0.448751
v -0.096552 0.103929 -0.448751
v -0.092994 0.107487 -0.448751
v -0.088636 0.110003 -0.448751
v -0.083776 0.111305 -0.448751
v -0.078744 0.111305 -0.448751
v -0.073883 0.110003 -0.448751
v -0.069526 0.107487 -0.448751
v -0.065967 0.103929 -0.448751
v -0.063451 0.099571 -0.448751
v -0.062149 0.094710 -0.448751
v -0.062149 0.089678 -0.448751
v -0.063451 0.084818 -0.448751
v -0.065967 0.080460 -0.448751
v -0.069526 0.076902 -0.448751
v -0.073883 0.074386 -0.448751
v -0.078744 0.073083 -0.448751
v -0.070333 0.073268 -0.452021
v -0.067304 0.040110 -0.495029
v -0.081260 0.070340 -0.452021
v -0.095216 0.040110 -0.495029
v -0.065807 0.107647 -0.452021
v -0.034562 0.119155 -0.495029
v -0.100186 0.103121 -0.452021
v -0.119388 0.130323 -0.495029
v -0.108221 0.045497 -0.495029
v -0.029175 0.106150 -0.495029
v -0.108221 0.138892 -0.495029
v -0.119388 0.054066 -0.495029
v -0.027338 0.092194 -0.495029
v -0.095216 0.144279 -0.495029
v -0.127958 0.065233 -0.495029
v -0.029175 0.078238 -0.495029
v -0.081260 0.146116 -0.495029
v -0.133344 0.078238 -0.495029
v -0.034562 0.065233 -0.495029
v -0.067304 0.144279 -0.495029
v -0.135182 0.092194 -0.495029
v -0.043131 0.054066 -0.495029
v -0.054299 0.138892 -0.495029
v -0.133344 0.106150 -0.495029
v -0.006028 0.306329 -0.235718
v -0.006028 0.334151 -0.429040
v -0.006028 0.327430 -0.486410
v -0.006028 0.320553 -0.474581
v -0.006028 0.268105 -0.453391
v -0.006028 0.213619 -0.477734
v -0.006028 0.201369 -0.499237
v -0.006028 0.181113 -0.491046
v -0.006028 0.226845 -0.287893
v -0.126825 0.005164 -0.272969
v -0.211091 0.101199 -0.473512
v -0.200507 0.140612 -0.479132
v -0.200099 0.007205 -0.427615
v -0.191735 0.125538 -0.481191
v -0.238588 0.005164 -0.333845
v -0.211469 0.005164 -0.298823
v -0.110402 0.005164 -0.297560
v -0.087798 0.005646 -0.365095
v -0.182152 0.006870 -0.441952
v -0.185356 0.008414 -0.449679
v -0.188647 0.010897 -0.456064
v -0.183322 0.010395 -0.455684
v -0.186443 0.012606 -0.460450
v -0.189675 0.015953 -0.464895
v -0.184086 0.015501 -0.464655
v -0.187256 0.018805 -0.468523
v -0.190496 0.023047 -0.471943
v -0.184699 0.022673 -0.471864
v -0.187880 0.026881 -0.474717
v -0.191078 0.031738 -0.476934
v -0.185133 0.031456 -0.476997
v -0.188273 0.036285 -0.478773
v -0.191371 0.042061 -0.479958
v -0.185363 0.042504 -0.480059
v -0.188429 0.055408 -0.480975
v -0.179388 0.005428 -0.398607
v -0.185398 0.081394 -0.481171
v -0.191376 0.075611 -0.480527
v -0.003078 0.337403 -0.373459
v -0.003078 0.280666 -0.088394
v -0.003078 0.338225 -0.481065
v -0.003078 0.317809 -0.501093
v -0.003078 0.314704 -0.459010
v -0.003078 0.219450 -0.459028
v -0.003078 0.216744 -0.502349
v -0.003078 0.187137 -0.502901
v -0.003078 0.171720 -0.476426
v -0.239447 0.249836 0.029929
v -0.261918 0.244737 0.032201
v -0.173603 0.234916 0.036576
v -0.140341 0.185546 0.058468
v -0.157277 0.221092 0.042736
v -0.216158 0.249836 0.029929
v -0.282003 0.234916 0.036576
v -0.193687 0.244737 0.032201
v -0.298328 0.221092 0.042736
v -0.145815 0.204251 0.050235
v -0.309791 0.204251 0.050235
v -0.315265 0.185546 0.058468
v -0.227803 0.255642 0.031577
v -0.251838 0.252961 0.032771
v -0.274212 0.245110 0.036270
v -0.162217 0.232643 0.041824
v -0.181393 0.245110 0.036270
v -0.134720 0.177421 0.066326
v -0.138426 0.197603 0.057419
v -0.147537 0.216435 0.049046
v -0.203767 0.252961 0.032771
v -0.293388 0.232643 0.041824
v -0.308068 0.216435 0.049046
v -0.320886 0.177421 0.066326
v -0.317179 0.197603 0.057419
v -0.239477 0.176059 -0.136240
v -0.262004 0.170943 -0.133960
v -0.173468 0.161090 -0.129571
v -0.140436 0.112685 -0.108107
v -0.157110 0.147239 -0.123399
v -0.216129 0.176059 -0.136240
v -0.282137 0.161090 -0.129571
v -0.193601 0.170943 -0.133960
v -0.298496 0.147239 -0.123399
v -0.145721 0.130712 -0.116040
v -0.309884 0.130712 -0.116040
v -0.315170 0.112685 -0.108107
v -0.139460 0.140396 -0.018915
v -0.316146 0.140396 -0.018915
v -0.218434 0.214463 0.031471
v -0.155934 0.202677 0.031471
v -0.175009 0.209084 0.008360
v -0.165472 0.176165 0.019915
v -0.165472 0.235596 0.019915
v -0.237509 0.214463 0.008360
v -0.196722 0.251883 0.019915
v -0.196722 0.176165 0.019915
v -0.206259 0.214463 0.008360
v -0.187184 0.213585 0.031471
v -0.280934 0.209288 0.031471
v -0.300009 0.202469 0.008360
v -0.290472 0.176165 0.019915
v -0.290472 0.235592 0.019915
v -0.259222 0.250426 0.019915
v -0.259222 0.176165 0.019915
v -0.268759 0.212128 0.008360
v -0.249684 0.214463 0.031471
v -0.227972 0.176165 0.019915
v -0.227972 0.252761 0.019915
v -0.261536 0.181560 -0.304188
v -0.314007 0.186066 -0.312014
v -0.305422 0.181941 -0.304848
v 0.173868 0.181520 -0.304211
v 0.220919 0.181550 -0.304193
v -0.173868 0.181520 -0.304211
v -0.282660 0.232002 -0.392033
v 0.131550 0.245177 -0.414919
v 0.128160 0.192912 -0.324037
v -0.156424 0.181513 -0.304215
v -0.303878 0.223000 -0.376423
v -0.312877 0.217445 -0.366666
v 0.256757 0.240601 -0.406987
v 0.228811 0.247449 -0.418894
v -0.147223 0.181513 -0.304215
v -0.137509 0.181513 -0.304215
v -0.292100 0.005164 -0.292564
v -0.286714 0.005164 -0.303593
v -0.280718 0.005164 -0.313434
v -0.275979 0.005164 -0.320125
v -0.271084 0.005164 -0.325702
v -0.262301 0.005164 -0.334302
v -0.251116 0.005164 -0.343186
v -0.241041 0.005164 -0.345861
v -0.299072 0.005164 -0.268418
v -0.296171 0.005164 -0.280942
v 0.141480 0.171227 -0.481361
v 0.153652 0.169539 -0.481361
v 0.268526 0.005164 -0.218965
v 0.137636 0.005164 -0.224831
v 0.189003 0.032661 -0.458172
v 0.189417 0.024324 -0.461616
v 0.190803 0.031472 -0.473452
v 0.190927 0.029251 -0.474507
v 0.190181 0.026683 -0.468148
v 0.006157 0.327054 -0.460905
v 0.006157 0.316509 -0.425650
v 0.006157 0.279262 -0.387488
v 0.006157 0.249094 -0.301951
v 0.006157 0.201835 -0.434169
v 0.006157 0.199750 -0.479354
v 0.280718 0.005164 -0.313434
v 0.286714 0.005164 -0.303593
v 0.292100 0.005164 -0.292564
v 0.296171 0.005164 -0.280942
v 0.299072 0.005164 -0.268418
v 0.241041 0.005164 -0.345861
v 0.251116 0.005164 -0.343186
v 0.262301 0.005164 -0.334302
v 0.271084 0.005164 -0.325702
v 0.275979 0.005164 -0.320125
v 0.157497 0.131311 -0.365699
v 0.161761 0.128261 -0.365693
v 0.164971 0.124354 -0.365677
v 0.148153 0.121503 -0.365744
v 0.124336 0.090118 -0.365880
v 0.152426 0.132988 -0.365700
v 0.182840 0.056682 -0.406308
v 0.184760 0.077766 -0.429454
v 0.184618 0.037530 -0.471193
v 0.184350 0.033422 -0.468025
v 0.184003 0.030283 -0.463900
v 0.183573 0.028539 -0.458154
v 0.183414 0.037829 -0.444598
v -0.141480 0.171227 -0.481361
v -0.153652 0.169539 -0.481361
v -0.268526 0.005164 -0.218965
v -0.137636 0.005164 -0.224831
v -0.189003 0.032661 -0.458612
v -0.191190 0.035328 -0.477191
v -0.190752 0.030418 -0.473459
v -0.190180 0.026661 -0.468576
v -0.189417 0.024324 -0.462053
v -0.006157 0.249094 -0.301951
v -0.006157 0.279262 -0.387488
v -0.006157 0.316509 -0.425650
v -0.006157 0.327054 -0.460905
v -0.006157 0.199750 -0.479354
v -0.006157 0.201835 -0.434169
v -0.164971 0.124354 -0.365677
v -0.161761 0.128261 -0.365693
v -0.157497 0.131311 -0.365699
v -0.152426 0.132988 -0.365700
v -0.148153 0.121503 -0.365744
v -0.124336 0.090118 -0.365880
v -0.182842 0.056690 -0.406326
v -0.182718 0.018770 -0.447921
v -0.183914 0.030474 -0.462238
v -0.184348 0.033419 -0.467988
v -0.184618 0.037530 -0.471193
v -0.184762 0.077774 -0.429473
v -0.183489 0.038240 -0.445484
v -0.184497 0.005229 -0.431577
v 0.238237 0.005164 -0.325845
v 0.155057 0.140712 -0.365696
v 0.165528 0.128010 -0.365652
v 0.167509 0.118834 -0.365672
v 0.147317 0.144876 -0.365698
v 0.064026 0.145691 -0.365720
v 0.161244 0.134938 -0.365677
v 0.135700 0.147059 -0.365701
v 0.160452 0.071323 -0.365896
v 0.076670 0.028118 -0.366076
v -0.155057 0.140712 -0.365696
v -0.165528 0.128010 -0.365652
v -0.167509 0.118834 -0.365672
v -0.147317 0.144876 -0.365698
v -0.064026 0.145691 -0.365720
v -0.161244 0.134938 -0.365677
v -0.135700 0.147059 -0.365701
v -0.160452 0.071323 -0.365896
v -0.076670 0.028118 -0.366076
v 0.163846 0.144304 -0.365704
v 0.155021 0.150639 -0.365708
v 0.174756 0.126625 -0.365683
v 0.170565 0.136112 -0.365691
v 0.174936 0.101162 -0.365762
v 0.144608 0.154652 -0.365705
v 0.112870 0.156279 -0.365702
v -0.000000 0.156505 -0.365699
v 0.143578 0.030032 -0.366046
v 0.000000 0.014615 -0.366098
v -0.155021 0.150639 -0.365708
v -0.163846 0.144304 -0.365704
v -0.170565 0.136112 -0.365691
v -0.174756 0.126625 -0.365683
v -0.174936 0.101162 -0.365762
v -0.144608 0.154652 -0.365705
v -0.112870 0.156279 -0.365702
v -0.143578 0.030032 -0.366046
v 0.164668 0.154687 -0.374221
v 0.180834 0.134953 -0.374161
v 0.184277 0.121007 -0.374173
v 0.153096 0.160940 -0.374243
v 0.062571 0.165080 -0.478974
v 0.064265 0.165063 -0.374247
v 0.174129 0.145825 -0.374190
v 0.137702 0.164194 -0.374254
v 0.181195 0.064232 -0.374406
v 0.152612 0.161125 -0.477466
v 0.180596 0.135380 -0.473553
v 0.184252 0.121912 -0.472838
v 0.173705 0.146327 -0.474872
v 0.164191 0.155063 -0.476354
v 0.135747 0.164262 -0.478418
v 0.182118 0.014370 -0.440910
v 0.183044 0.016559 -0.453676
v 0.183670 0.020776 -0.461153
v 0.184175 0.026735 -0.467145
v 0.184539 0.034041 -0.471400
v 0.184847 0.043308 -0.473594
v 0.179460 0.016850 -0.402750
v 0.185123 0.082344 -0.472918
v -0.164668 0.154687 -0.374221
v -0.180834 0.134953 -0.374161
v -0.184277 0.121007 -0.374173
v -0.153096 0.160940 -0.374243
v -0.062571 0.165080 -0.478974
v -0.064265 0.165063 -0.374247
v -0.174129 0.145825 -0.374190
v -0.137702 0.164194 -0.374254
v -0.181195 0.064232 -0.374406
v -0.152612 0.161125 -0.477466
v -0.180596 0.135380 -0.473553
v -0.184252 0.121912 -0.472839
v -0.173705 0.146327 -0.474872
v -0.164191 0.155063 -0.476354
v -0.135747 0.164262 -0.478418
v -0.182093 0.013894 -0.440727
v -0.182993 0.016067 -0.453065
v -0.183669 0.020775 -0.461144
v -0.184175 0.026735 -0.467146
v -0.184539 0.034041 -0.471401
v -0.184847 0.043308 -0.473601
v -0.179460 0.016850 -0.402750
v -0.185123 0.082344 -0.472926
v 0.159110 0.158165 -0.368928
v 0.169717 0.150539 -0.368929
v 0.177866 0.140586 -0.368930
v 0.183011 0.128997 -0.368927
v 0.183581 0.100798 -0.368979
v 0.146785 0.162947 -0.368923
v 0.111042 0.164853 -0.481217
v 0.000000 0.165099 -0.481315
v 0.000000 0.165093 -0.368892
v 0.113567 0.164834 -0.368907
v 0.178379 0.025576 -0.378983
v 0.158871 0.158312 -0.480258
v 0.145987 0.163009 -0.480756
v 0.182915 0.129175 -0.478242
v 0.177687 0.140848 -0.478786
v 0.184976 0.107095 -0.477913
v 0.169464 0.150784 -0.479561
v 0.180857 0.009545 -0.426186
v 0.182663 0.011610 -0.448969
v 0.183477 0.015336 -0.458896
v 0.184106 0.021028 -0.466344
v 0.184589 0.028444 -0.472076
v 0.184915 0.037112 -0.475703
v 0.185150 0.056641 -0.477279
v -0.169717 0.150539 -0.368929
v -0.159110 0.158165 -0.368928
v -0.183011 0.128998 -0.368927
v -0.177866 0.140586 -0.368930
v -0.183581 0.100798 -0.368979
v -0.146785 0.162947 -0.368923
v -0.111042 0.164853 -0.481217
v -0.113567 0.164834 -0.368907
v -0.178379 0.025576 -0.378983
v -0.145987 0.163009 -0.480756
v -0.158871 0.158312 -0.480258
v -0.177687 0.140848 -0.478786
v -0.182915 0.129175 -0.478242
v -0.184976 0.107095 -0.477976
v -0.169464 0.150784 -0.479561
v -0.182663 0.011610 -0.448969
v -0.180857 0.009545 -0.426186
v -0.183477 0.015336 -0.458896
v -0.184106 0.021028 -0.466344
v -0.184589 0.028444 -0.472076
v -0.184915 0.037112 -0.475766
v -0.185150 0.056641 -0.477529
v 0.189530 0.054908 -0.456967
v 0.200099 0.007205 -0.427615
v 0.238588 0.005164 -0.333845
v -0.187033 0.007413 -0.442165
v 0.082878 0.079904 -0.448639
v 0.086004 0.080741 -0.448639
v 0.088807 0.082359 -0.448639
v 0.091095 0.084648 -0.448639
v 0.092713 0.087450 -0.448639
v 0.093551 0.090576 -0.448639
v 0.093551 0.093812 -0.448639
v 0.092713 0.096938 -0.448639
v 0.091095 0.099741 -0.448639
v 0.088807 0.102029 -0.448639
v 0.086004 0.103647 -0.448639
v 0.082878 0.104485 -0.448639
v 0.079642 0.104485 -0.448639
v 0.076516 0.103647 -0.448639
v 0.073713 0.102029 -0.448639
v 0.071425 0.099741 -0.448639
v 0.069807 0.096938 -0.448639
v 0.068969 0.093812 -0.448639
v 0.068969 0.090576 -0.448639
v 0.069807 0.087450 -0.448639
v 0.071425 0.084648 -0.448639
v 0.073713 0.082359 -0.448639
v 0.076516 0.080741 -0.448639
v 0.079642 0.079903 -0.448639
v -0.082878 0.079903 -0.448639
v -0.086004 0.080741 -0.448639
v -0.088807 0.082359 -0.448639
v -0.091095 0.084648 -0.448639
v -0.092713 0.087450 -0.448639
v -0.093551 0.090576 -0.448639
v -0.093551 0.093812 -0.448639
v -0.092713 0.096938 -0.448639
v -0.091095 0.099741 -0.448639
v -0.088807 0.102029 -0.448639
v -0.086004 0.103647 -0.448639
v -0.082878 0.104485 -0.448639
v -0.079642 0.104485 -0.448639
v -0.076516 0.103647 -0.448639
v -0.073713 0.102029 -0.448639
v -0.071425 0.099741 -0.448639
v -0.069807 0.096938 -0.448639
v -0.068969 0.093812 -0.448639
v -0.068969 0.090576 -0.448639
v -0.069807 0.087450 -0.448639
v -0.071425 0.084648 -0.448639
v -0.073713 0.082359 -0.448639
v -0.076516 0.080741 -0.448639
v -0.079642 0.079904 -0.448639
v 0.081260 0.076222 -0.448639
v 0.085394 0.076766 -0.448639
v 0.089246 0.078361 -0.448639
v 0.092554 0.080900 -0.448639
v 0.095093 0.084208 -0.448639
v 0.096688 0.088060 -0.448639
v 0.097233 0.092194 -0.448639
v 0.096688 0.096328 -0.448639
v 0.095093 0.100181 -0.448639
v 0.092554 0.103489 -0.448639
v 0.089246 0.106027 -0.448639
v 0.085394 0.107623 -0.448639
v 0.081260 0.108167 -0.448639
v 0.077126 0.107623 -0.448639
v 0.073274 0.106027 -0.448639
v 0.069966 0.103489 -0.448639
v 0.067427 0.100181 -0.448639
v 0.065831 0.096328 -0.448639
v 0.065287 0.092194 -0.448639
v 0.065831 0.088060 -0.448639
v 0.067427 0.084208 -0.448639
v 0.069966 0.080900 -0.448639
v 0.073274 0.078361 -0.448639
v 0.077126 0.076766 -0.448639
v -0.085394 0.076766 -0.448639
v -0.081260 0.076222 -0.448639
v -0.089246 0.078361 -0.448639
v -0.092554 0.080900 -0.448639
v -0.095093 0.084208 -0.448639
v -0.096688 0.088060 -0.448639
v -0.097233 0.092194 -0.448639
v -0.096688 0.096328 -0.448639
v -0.095093 0.100181 -0.448639
v -0.092554 0.103489 -0.448639
v -0.089246 0.106027 -0.448639
v -0.085394 0.107623 -0.448639
v -0.081260 0.108167 -0.448639
v -0.077126 0.107623 -0.448639
v -0.073274 0.106027 -0.448639
v -0.069966 0.103489 -0.448639
v -0.067427 0.100181 -0.448639
v -0.065831 0.096328 -0.448639
v -0.065287 0.092194 -0.448639
v -0.065831 0.088060 -0.448639
v -0.067427 0.084208 -0.448639
v -0.069966 0.080900 -0.448639
v -0.073274 0.078361 -0.448639
v -0.077126 0.076766 -0.448639
v -0.054299 0.045497 -0.495029
v -0.062347 0.059437 -0.473441
v -0.075604 0.071085 -0.452021
v -0.071470 0.055658 -0.473441
v -0.081260 0.038272 -0.495029
v -0.081260 0.054369 -0.473441
v -0.086916 0.071085 -0.452021
v -0.091050 0.055658 -0.473441
v -0.043131 0.130323 -0.495029
v -0.054513 0.118941 -0.473441
v -0.062334 0.103121 -0.452021
v -0.048502 0.111107 -0.473441
v -0.127958 0.119155 -0.495029
v -0.114018 0.111107 -0.473441
v -0.096713 0.107647 -0.452021
v -0.108006 0.118941 -0.473441
v -0.092187 0.073268 -0.452021
v -0.100173 0.059437 -0.473441
v -0.060151 0.097850 -0.452021
v -0.044724 0.101984 -0.473441
v -0.092187 0.111120 -0.452021
v -0.100173 0.124952 -0.473441
v -0.096713 0.076741 -0.452021
v -0.108006 0.065448 -0.473441
v -0.059406 0.092194 -0.452021
v -0.043435 0.092194 -0.473441
v -0.086916 0.113304 -0.452021
v -0.091050 0.128731 -0.473441
v -0.100186 0.081267 -0.452021
v -0.114018 0.073282 -0.473441
v -0.060151 0.086538 -0.452021
v -0.044724 0.082404 -0.473441
v -0.081260 0.114048 -0.452021
v -0.081260 0.130020 -0.473441
v -0.102369 0.086538 -0.452021
v -0.117796 0.082404 -0.473441
v -0.062334 0.081267 -0.452021
v -0.048502 0.073282 -0.473441
v -0.075604 0.113304 -0.452021
v -0.071470 0.128731 -0.473441
v -0.103114 0.092194 -0.452021
v -0.119085 0.092194 -0.473441
v -0.065807 0.076741 -0.452021
v -0.054513 0.065448 -0.473441
v -0.070333 0.111120 -0.452021
v -0.062347 0.124952 -0.473441
v -0.102369 0.097850 -0.452021
v -0.117796 0.101984 -0.473441
v -0.125778 0.110634 -0.487338
v -0.106663 0.102716 -0.459588
v -0.051926 0.130423 -0.487338
v -0.064521 0.114008 -0.459588
v -0.051926 0.053965 -0.487338
v -0.064521 0.070380 -0.459588
v -0.129034 0.098484 -0.487338
v -0.108521 0.095783 -0.459588
v -0.062820 0.136713 -0.487338
v -0.070738 0.117597 -0.459588
v -0.043031 0.062860 -0.487338
v -0.059446 0.075456 -0.459588
v -0.129034 0.085905 -0.487338
v -0.108521 0.088605 -0.459588
v -0.074970 0.139968 -0.487338
v -0.077671 0.119455 -0.459588
v -0.036742 0.073754 -0.487338
v -0.055857 0.081672 -0.459588
v -0.125778 0.073754 -0.487338
v -0.106663 0.081672 -0.459588
v -0.087550 0.139968 -0.487338
v -0.084849 0.119455 -0.459588
v -0.033486 0.085905 -0.487338
v -0.053999 0.088605 -0.459588
v -0.119489 0.062860 -0.487338
v -0.103074 0.075456 -0.459588
v -0.099700 0.136713 -0.487338
v -0.091782 0.117597 -0.459588
v -0.033486 0.098484 -0.487338
v -0.053999 0.095783 -0.459588
v -0.110594 0.053965 -0.487338
v -0.097998 0.070380 -0.459588
v -0.110594 0.130423 -0.487338
v -0.097998 0.114008 -0.459588
v -0.036742 0.110634 -0.487338
v -0.055857 0.102716 -0.459588
v -0.099700 0.047676 -0.487338
v -0.091782 0.066791 -0.459588
v -0.074970 0.044420 -0.487338
v -0.077671 0.064934 -0.459588
v -0.119489 0.121528 -0.487338
v -0.103074 0.108933 -0.459588
v -0.043031 0.121528 -0.487338
v -0.059446 0.108933 -0.459588
v -0.087550 0.044420 -0.487338
v -0.084849 0.064934 -0.459588
v -0.062820 0.047676 -0.487338
v -0.070738 0.066791 -0.459588
v -0.238237 0.005164 -0.325845
v 0.306346 0.005164 -0.308398
v 0.314084 0.005164 -0.289869
v 0.280654 0.005164 -0.348407
v 0.320138 0.005164 -0.077977
v 0.287511 0.005164 -0.339660
v 0.103204 0.005164 0.373021
v 0.287904 0.005164 0.210971
v 0.320176 0.005164 -0.136173
v 0.296565 0.005164 -0.325944
v 0.325262 0.005164 -0.201523
v 0.266919 0.005164 0.247343
v 0.142002 0.005164 0.356944
v 0.303960 0.005164 0.172173
v 0.320295 0.005164 0.088540
v 0.178368 0.005164 0.335939
v 0.020999 0.005164 0.389380
v 0.320153 0.005164 0.037515
v 0.314813 0.005164 0.131577
v 0.320137 0.005164 -0.020090
v 0.252888 0.005164 -0.374952
v 0.319743 0.005164 -0.270316
v 0.323529 0.005164 -0.248045
v 0.062638 0.005164 0.383895
v 0.211679 0.005164 0.310366
v 0.269806 0.005164 -0.359772
v 0.241365 0.005164 0.280665
v 0.233693 0.005164 -0.387839
v 0.103059 0.005164 -0.318336
v 0.222135 0.005164 -0.360366
v 0.221139 0.005164 -0.345760
v -0.306346 0.005164 -0.308398
v -0.314084 0.005164 -0.289869
v -0.280654 0.005164 -0.348407
v -0.320138 0.005164 -0.077977
v -0.287511 0.005164 -0.339660
v -0.103204 0.005164 0.373021
v -0.287904 0.005164 0.210971
v -0.320176 0.005164 -0.136173
v -0.296565 0.005164 -0.325944
v -0.325262 0.005164 -0.201523
v -0.266919 0.005164 0.247343
v -0.142002 0.005164 0.356944
v -0.303960 0.005164 0.172173
v -0.320295 0.005164 0.088540
v -0.178368 0.005164 0.335939
v -0.020999 0.005164 0.389380
v -0.320153 0.005164 0.037515
v -0.314813 0.005164 0.131577
v -0.320137 0.005164 -0.020090
v -0.252888 0.005164 -0.374952
v -0.319743 0.005164 -0.270316
v -0.323529 0.005164 -0.248045
v -0.062638 0.005164 0.383895
v -0.211679 0.005164 0.310366
v -0.269806 0.005164 -0.359772
v -0.241365 0.005164 0.280665
v -0.233693 0.005164 -0.387839
v -0.223044 0.005164 -0.378206
v -0.103059 0.005164 -0.318336
v -0.221139 0.005164 -0.345760
v -0.222135 0.005164 -0.360366
v 0.223044 0.005164 -0.378206
v 0.319998 0.005164 -0.302897
v 0.309313 0.005164 -0.324588
v 0.327873 0.005164 -0.280030
v 0.287653 0.005164 -0.356000
v 0.278527 0.005164 -0.365920
v 0.336404 0.005164 -0.049045
v 0.336404 0.005164 -0.106929
v 0.297122 0.005164 -0.343715
v 0.086823 0.005164 0.393101
v 0.128341 0.005164 0.378918
v 0.290489 0.005164 0.236789
v 0.309813 0.005164 0.197404
v 0.336320 0.005164 -0.166047
v 0.335605 0.005164 -0.223976
v 0.266053 0.005164 0.273225
v 0.167684 0.005164 0.359512
v 0.323905 0.005164 0.155870
v 0.332550 0.005164 0.112513
v 0.335889 0.005164 0.064786
v 0.204206 0.005164 0.335202
v 0.000000 0.005164 0.404452
v 0.043775 0.005164 0.401582
v 0.336401 0.005164 0.008838
v 0.261508 0.005164 -0.381379
v 0.240501 0.005164 -0.396628
v 0.333021 0.005164 -0.255920
v 0.237134 0.005164 0.306209
v 0.219254 0.005164 -0.405545
v 0.169376 0.005164 -0.339252
v -0.000000 0.005164 -0.343272
v 0.205751 0.005164 -0.398965
v 0.201562 0.005164 -0.389223
v -0.309313 0.005164 -0.324588
v -0.319998 0.005164 -0.302897
v -0.327873 0.005164 -0.280030
v -0.278527 0.005164 -0.365920
v -0.287653 0.005164 -0.356000
v -0.336404 0.005164 -0.106929
v -0.336404 0.005164 -0.049045
v -0.297122 0.005164 -0.343715
v -0.128341 0.005164 0.378918
v -0.086823 0.005164 0.393101
v -0.309813 0.005164 0.197404
v -0.290489 0.005164 0.236789
v -0.336320 0.005164 -0.166047
v -0.335605 0.005164 -0.223976
v -0.266053 0.005164 0.273225
v -0.167684 0.005164 0.359512
v -0.323905 0.005164 0.155870
v -0.335889 0.005164 0.064786
v -0.332550 0.005164 0.112513
v -0.204206 0.005164 0.335202
v -0.043775 0.005164 0.401582
v -0.336401 0.005164 0.008838
v -0.240501 0.005164 -0.396628
v -0.261508 0.005164 -0.381379
v -0.333021 0.005164 -0.255920
v -0.237134 0.005164 0.306209
v -0.219254 0.005164 -0.405545
v -0.205751 0.005164 -0.398965
v -0.169376 0.005164 -0.339252
v -0.201562 0.005164 -0.389223
v 0.215423 0.005164 -0.322727
v -0.215423 0.005164 -0.322727
v 0.200140 0.005164 -0.352281
v 0.236956 0.005164 -0.313487
v -0.236956 0.005164 -0.313487
v -0.200140 0.005164 -0.352281
v 0.000000 0.177793 -0.457386
v 0.093484 0.177791 -0.456003
v 0.115906 0.177549 -0.456321
v 0.127131 0.166881 -0.444962
v -0.093484 0.177791 -0.456003
v -0.115906 0.177549 -0.456321
v -0.127131 0.166881 -0.444962
v -0.121756 0.172232 -0.427448
v -0.111703 0.177805 -0.429943
v -0.053612 0.177810 -0.431437
v 0.121756 0.172232 -0.427448
v 0.111703 0.177805 -0.429943
v 0.053612 0.177810 -0.431437
v -0.000000 0.177780 -0.473152
v 0.093945 0.177779 -0.471649
v -0.093945 0.177779 -0.471649
v -0.053344 0.177786 -0.465476
v 0.053344 0.177786 -0.465476
v 0.111111 0.177781 -0.464091
v -0.111111 0.177781 -0.464091
v 0.265747 0.233561 -0.394732
v 0.305976 0.192942 -0.323971
v 0.302945 0.219022 -0.369460
v 0.289062 0.225579 -0.380885
v 0.304908 0.185336 -0.310755
v 0.305959 0.205074 -0.345079
v 0.306495 0.214286 -0.361142
v 0.214534 0.245898 -0.416186
v 0.187144 0.249511 -0.422458
v 0.153867 0.249904 -0.423137
v 0.241374 0.240535 -0.406868
v 0.135190 0.217765 -0.367250
v 0.198952 0.184886 -0.310033
v 0.240836 0.184672 -0.309612
v 0.140103 0.186338 -0.312602
v 0.149162 0.184960 -0.310206
v 0.158260 0.184947 -0.310184
v 0.167351 0.184946 -0.310181
v 0.280648 0.184021 -0.308472
v 0.300573 0.217695 -0.367129
v 0.289194 0.217172 -0.366188
v 0.252169 0.208061 -0.350333
v 0.242390 0.216477 -0.364988
v 0.266650 0.205280 -0.345484
v 0.224027 0.213740 -0.360226
v 0.203189 0.214832 -0.362151
v 0.190005 0.222964 -0.376296
v 0.174737 0.217602 -0.366968
v 0.160561 0.217822 -0.367350
v 0.147457 0.217137 -0.366157
v 0.166779 0.210978 -0.355449
v 0.141073 0.210380 -0.354408
v 0.286273 0.186713 -0.313149
v 0.283323 0.201114 -0.338211
v 0.286327 0.193348 -0.324683
v -0.265747 0.233561 -0.394732
v -0.305976 0.192942 -0.323972
v -0.302945 0.219022 -0.369460
v -0.289062 0.225579 -0.380885
v -0.304908 0.185336 -0.310755
v -0.305959 0.205074 -0.345079
v -0.306495 0.214286 -0.361142
v -0.214534 0.245898 -0.416186
v -0.187144 0.249511 -0.422458
v -0.153867 0.249904 -0.423136
v -0.241374 0.240535 -0.406868
v -0.135190 0.217765 -0.367250
v -0.198952 0.184886 -0.310033
v -0.240836 0.184672 -0.309612
v -0.140103 0.186338 -0.312602
v -0.149162 0.184960 -0.310206
v -0.158260 0.184947 -0.310184
v -0.167351 0.184946 -0.310181
v -0.280648 0.184021 -0.308472
v -0.300573 0.217695 -0.367129
v -0.289194 0.217172 -0.366188
v -0.252169 0.208061 -0.350333
v -0.242390 0.216477 -0.364988
v -0.266650 0.205280 -0.345484
v -0.224027 0.213740 -0.360226
v -0.203189 0.214832 -0.362151
v -0.190005 0.222964 -0.376296
v -0.174737 0.217602 -0.366968
v -0.160561 0.217822 -0.367350
v -0.147457 0.217137 -0.366157
v -0.166779 0.210978 -0.355449
v -0.141073 0.210380 -0.354408
v -0.286273 0.186713 -0.313149
v -0.283323 0.201114 -0.338211
v -0.286327 0.193348 -0.324683
v -0.256757 0.240601 -0.406987
v 0.314008 0.210514 -0.354552
v -0.128160 0.192912 -0.324037
v -0.220919 0.181550 -0.304193
v 0.199313 0.252430 -0.427543
v 0.166575 0.255437 -0.432763
v 0.263133 0.204923 -0.367211
v 0.285761 0.207703 -0.372046
v 0.281496 0.205869 -0.368824
v 0.291442 0.206690 -0.370346
v 0.256411 0.187633 -0.337117
v 0.218331 0.200517 -0.359597
v 0.197895 0.205192 -0.367743
v 0.181689 0.207249 -0.371314
v 0.262084 0.220040 -0.393502
v 0.293515 0.207349 -0.371542
v 0.282058 0.212684 -0.380721
v 0.156370 0.183087 -0.329295
v 0.295480 0.197088 -0.353584
v 0.295704 0.204260 -0.366157
v 0.214221 0.230783 -0.412247
v 0.189583 0.234051 -0.417921
v 0.163799 0.234726 -0.419090
v 0.237826 0.225952 -0.403849
v 0.151297 0.209400 -0.375051
v 0.203726 0.181392 -0.326308
v 0.242656 0.180978 -0.325535
v 0.165063 0.181878 -0.327193
v 0.174137 0.181764 -0.326997
v 0.274864 0.181181 -0.325874
v 0.165647 0.212089 -0.379728
v 0.293902 0.186170 -0.334546
v -0.263133 0.204923 -0.367211
v -0.285761 0.207703 -0.372046
v -0.281496 0.205869 -0.368824
v -0.291442 0.206690 -0.370346
v -0.256411 0.187633 -0.337117
v -0.218331 0.200517 -0.359597
v -0.197895 0.205192 -0.367743
v -0.181689 0.207249 -0.371314
v -0.262084 0.220040 -0.393502
v -0.293515 0.207349 -0.371542
v -0.282058 0.212684 -0.380721
v -0.156370 0.183087 -0.329295
v -0.295480 0.197088 -0.353584
v -0.295704 0.204260 -0.366157
v -0.214221 0.230783 -0.412247
v -0.189583 0.234051 -0.417921
v -0.163799 0.234726 -0.419090
v -0.237826 0.225952 -0.403849
v -0.151297 0.209401 -0.375051
v -0.203726 0.181392 -0.326308
v -0.242656 0.180978 -0.325535
v -0.165063 0.181878 -0.327193
v -0.174137 0.181764 -0.326997
v -0.274864 0.181181 -0.325874
v -0.165647 0.212089 -0.379728
v -0.293902 0.186170 -0.334546
v -0.141539 0.187472 -0.336922
v -0.222220 0.177951 -0.320285
v -0.176364 0.177919 -0.320303
v 0.226136 0.232684 -0.415563
v 0.198629 0.237330 -0.423631
v -0.260154 0.177965 -0.320277
v 0.169723 0.240095 -0.428432
v -0.276372 0.218320 -0.390482
v -0.159363 0.177915 -0.320306
v -0.150260 0.177915 -0.320305
v 0.143421 0.231467 -0.413425
v 0.252213 0.226306 -0.404446
v -0.295706 0.210159 -0.376393
v -0.302373 0.206161 -0.369502
v 0.222220 0.177951 -0.320285
v -0.303044 0.200905 -0.360277
v 0.320300 0.077757 -0.406563
v 0.276402 0.171986 -0.442648
v 0.304400 0.083948 -0.421027
v 0.319725 0.169588 -0.406997
v 0.323304 0.122694 -0.403095
v 0.277210 0.095275 -0.441746
v 0.303427 0.171748 -0.422098
v 0.062569 0.169276 -0.481361
v 0.154647 0.164910 -0.481361
v 0.191229 0.115687 -0.481191
v 0.184726 0.137203 -0.481361
v 0.214678 0.172261 -0.474176
v 0.188344 0.123965 -0.481361
v 0.180881 0.173332 -0.481087
v 0.135905 0.173581 -0.481361
v 0.177575 0.148820 -0.481361
v 0.167020 0.158274 -0.481361
v 0.054398 0.173563 -0.481361
v 0.246548 0.172164 -0.459890
v 0.247133 0.103640 -0.459492
v 0.137087 0.168354 -0.481361
v 0.213279 0.109494 -0.474204
v -0.320300 0.077757 -0.406563
v -0.276402 0.171986 -0.442648
v -0.304400 0.083948 -0.421027
v -0.319725 0.169588 -0.406997
v -0.323304 0.122694 -0.403095
v -0.277210 0.095275 -0.441746
v -0.303427 0.171748 -0.422098
v -0.062569 0.169276 -0.481361
v -0.154647 0.164910 -0.481361
v -0.191229 0.115687 -0.481191
v -0.184726 0.137203 -0.481361
v -0.214678 0.172261 -0.474176
v -0.188344 0.123965 -0.481361
v -0.180881 0.173332 -0.481087
v -0.135905 0.173581 -0.481361
v -0.177575 0.148820 -0.481361
v -0.167020 0.158274 -0.481361
v -0.054398 0.173563 -0.481361
v -0.246548 0.172164 -0.459890
v -0.247133 0.103640 -0.459492
v -0.137087 0.168354 -0.481361
v -0.213279 0.109494 -0.474204
v 0.314346 0.074788 -0.412261
v 0.323905 0.085396 -0.402507
v 0.290405 0.175667 -0.432661
v 0.261744 0.175667 -0.451748
v 0.290858 0.086128 -0.431939
v 0.323745 0.159441 -0.402482
v 0.313875 0.175693 -0.412737
v 0.262085 0.096400 -0.451301
v 0.000000 0.167198 -0.481361
v 0.111299 0.166934 -0.481361
v 0.146693 0.164989 -0.481361
v 0.160099 0.160015 -0.481361
v 0.187782 0.116628 -0.481347
v 0.197727 0.108424 -0.479326
v 0.179616 0.141698 -0.481361
v 0.184956 0.129697 -0.481361
v 0.230831 0.175667 -0.467383
v 0.198193 0.175667 -0.479073
v 0.161195 0.175667 -0.481361
v 0.101302 0.175667 -0.481361
v 0.171130 0.152077 -0.481361
v 0.000000 0.175667 -0.481361
v 0.230278 0.103055 -0.467292
v -0.323905 0.085396 -0.402507
v -0.314346 0.074788 -0.412261
v -0.261744 0.175667 -0.451748
v -0.290405 0.175667 -0.432661
v -0.290858 0.086128 -0.431939
v -0.313875 0.175693 -0.412737
v -0.323745 0.159441 -0.402482
v -0.262085 0.096400 -0.451301
v -0.111299 0.166934 -0.481361
v -0.160099 0.160015 -0.481361
v -0.146693 0.164989 -0.481361
v -0.197727 0.108424 -0.479329
v -0.187782 0.116628 -0.481361
v -0.184956 0.129697 -0.481361
v -0.179616 0.141698 -0.481361
v -0.198193 0.175667 -0.479073
v -0.230831 0.175667 -0.467383
v -0.161195 0.175667 -0.481361
v -0.101302 0.175667 -0.481361
v -0.171130 0.152077 -0.481361
v -0.230278 0.103055 -0.467292
v 0.355665 0.089774 0.242992
v 0.374719 0.089773 0.196332
v 0.388008 0.089774 0.147714
v 0.395186 0.089774 0.093171
v 0.396152 0.090256 -0.243204
v 0.391561 0.092086 -0.276195
v 0.382588 0.096035 -0.309621
v 0.369241 0.102536 -0.341709
v 0.352100 0.111053 -0.371542
v 0.320070 0.123658 -0.406713
v 0.303924 0.127846 -0.421554
v 0.276816 0.133629 -0.442190
v 0.246848 0.137901 -0.459687
v 0.214260 0.140451 -0.474158
v 0.183768 0.156287 -0.481290
v 0.146031 0.169984 -0.481361
v 0.034088 0.117993 0.526987
v 0.085108 0.103864 0.487445
v 0.129041 0.089774 0.443413
v 0.175025 0.089773 0.424048
v 0.218382 0.089774 0.399355
v 0.262269 0.089774 0.365690
v 0.297521 0.089773 0.330050
v 0.328254 0.089774 0.290448
v 0.396838 0.089774 -0.193801
v 0.373303 0.016406 -0.193171
v 0.027970 0.045174 0.470203
v 0.071392 0.040694 0.463118
v 0.121609 0.016665 0.421583
v 0.164840 0.016654 0.403394
v 0.205587 0.016665 0.380170
v 0.246919 0.016565 0.348217
v 0.280056 0.016556 0.314734
v 0.308927 0.016565 0.277510
v 0.334589 0.016448 0.232621
v 0.352499 0.016440 0.188790
v 0.364972 0.016448 0.143118
v 0.368406 0.017271 -0.271593
v 0.360183 0.019366 -0.302144
v 0.348021 0.023091 -0.331410
v 0.332332 0.028069 -0.358585
v 0.303930 0.036784 -0.388788
v 0.287691 0.041646 -0.403897
v 0.263050 0.047408 -0.422576
v 0.235908 0.051637 -0.438334
v 0.205314 0.054156 -0.451083
v 0.372579 0.016410 -0.241239
v 0.371729 0.016425 0.091238
v 0.059453 0.177954 -0.135634
v 0.118379 0.165389 0.412077
v 0.160400 0.165399 0.394392
v 0.200012 0.165389 0.371820
v 0.240293 0.165476 0.340666
v 0.272505 0.165485 0.308112
v 0.300576 0.165476 0.271926
v 0.325571 0.165579 0.228178
v 0.342983 0.165586 0.185559
v 0.355113 0.165579 0.141157
v 0.334405 0.177716 -0.389726
v 0.060011 0.177954 0.173678
v 0.059396 0.177953 -0.193892
v 0.060816 0.177954 0.212982
v 0.056551 0.177954 0.249826
v 0.051304 0.177954 0.283578
v 0.363188 0.165615 0.037987
v 0.361704 0.165600 0.090407
v 0.240403 0.237834 -0.123922
v 0.264872 0.233711 -0.123270
v 0.286771 0.225744 -0.122009
v 0.304651 0.214478 -0.120226
v 0.317295 0.200681 -0.118043
v 0.323979 0.185291 -0.115607
v 0.123672 0.185291 -0.115607
v 0.130909 0.200681 -0.118043
v 0.144598 0.214478 -0.120226
v 0.163958 0.225744 -0.122009
v 0.187668 0.233711 -0.123270
v 0.214070 0.237834 -0.123922
v 0.059453 0.177954 -0.078005
v 0.079083 0.014141 0.422824
v 0.036248 0.177192 0.490031
v 0.040308 0.250948 -0.246916
v 0.082297 0.168492 0.474744
v 0.034927 0.188431 -0.460335
v 0.043776 0.289011 -0.041195
v 0.044132 0.293990 0.070058
v 0.059109 0.177954 0.088575
v 0.059453 0.177954 -0.020376
v 0.048873 0.177954 0.313661
v 0.058402 0.171449 -0.481361
v 0.164729 0.005164 0.037863
v 0.223297 0.005164 0.082253
v 0.221626 0.005164 0.113000
v 0.213985 0.005164 0.141591
v 0.202682 0.005164 0.168904
v 0.187909 0.005164 0.194509
v 0.169920 0.005164 0.217968
v 0.149020 0.005164 0.238877
v 0.125570 0.005164 0.256880
v 0.099968 0.005164 0.271668
v 0.072655 0.005164 0.282986
v 0.044097 0.005164 0.290642
v 0.014783 0.005164 0.294503
v 0.043926 0.287528 0.226567
v 0.042615 0.266428 0.337466
v 0.039956 0.227540 0.411404
v 0.107427 0.233084 -0.041185
v 0.108863 0.235634 0.070058
v 0.108065 0.232534 0.226567
v 0.103372 0.221442 0.337522
v 0.104111 0.089755 0.450662
v 0.239310 0.089755 0.383989
v 0.112579 0.005142 0.397926
v 0.153659 0.005143 0.380720
v 0.192316 0.005142 0.358605
v 0.097985 0.017073 0.427883
v 0.224967 0.017073 0.365263
v 0.106150 0.178698 0.378993
v 0.144818 0.178697 0.362794
v 0.181209 0.178698 0.341978
v 0.095385 0.164602 0.418193
v 0.218862 0.164602 0.357301
v 0.341704 0.089755 0.268252
v 0.242018 0.089755 0.381922
v 0.229613 0.005043 0.329742
v 0.261050 0.005044 0.298066
v 0.288351 0.005043 0.262764
v 0.227582 0.017022 0.363143
v 0.321201 0.017022 0.256391
v 0.216424 0.178784 0.314706
v 0.246018 0.178783 0.284884
v 0.271722 0.178784 0.251651
v 0.221470 0.164647 0.355183
v 0.312512 0.164647 0.251370
v 0.343172 0.089755 0.265728
v 0.391938 0.089755 0.122072
v 0.311594 0.004928 0.222053
v 0.328563 0.004928 0.180665
v 0.340295 0.004928 0.137511
v 0.322550 0.016963 0.253846
v 0.368341 0.016963 0.118957
v 0.293649 0.178885 0.213206
v 0.309625 0.178884 0.174236
v 0.320671 0.178885 0.133611
v 0.313854 0.164699 0.248829
v 0.358386 0.164699 0.117649
v 0.058104 0.177954 0.132537
v 0.059440 0.177954 0.037003
v 0.026144 0.177954 0.377224
v 0.088140 0.005164 -0.243525
v 0.164193 0.005164 -0.136500
v 0.163265 0.005164 -0.077889
v 0.163264 0.005164 -0.019966
v 0.363243 0.165619 -0.192943
v 0.363232 0.165626 -0.136087
v 0.363234 0.165625 -0.079245
v 0.363247 0.165621 -0.018689
v 0.373246 0.016410 0.038266
v 0.373307 0.016404 -0.018551
v 0.373294 0.016399 -0.079229
v 0.373293 0.016398 -0.136193
v 0.396754 0.089774 0.038913
v 0.396812 0.089774 -0.018257
v 0.396820 0.089774 -0.079250
v 0.396817 0.089774 -0.136526
v 0.392279 0.089755 0.119478
v 0.347965 0.004909 0.037586
v 0.346464 0.004909 0.089808
v 0.368659 0.016953 0.116402
v 0.327951 0.178902 0.037033
v 0.326514 0.178902 0.088150
v 0.358703 0.164707 0.115100
v 0.348027 0.004909 -0.019482
v 0.328012 0.178902 -0.019746
v 0.361765 0.164724 -0.047777
v 0.371785 0.016936 -0.047700
v 0.395530 0.089755 -0.047563
v 0.395556 0.089755 -0.223105
v 0.371789 0.016941 -0.222316
v 0.361769 0.164719 -0.222027
v 0.348011 0.004901 -0.193156
v 0.348011 0.004901 -0.135874
v 0.348011 0.004901 -0.078605
v 0.327995 0.178909 -0.192665
v 0.327995 0.178909 -0.135634
v 0.327995 0.178909 -0.078618
v 0.361760 0.164725 -0.050160
v 0.371781 0.016935 -0.050084
v 0.395538 0.089755 -0.049946
v 0.035963 0.177954 0.360831
v 0.044977 0.177954 0.339560
v 0.099836 0.214360 -0.246871
v 0.074003 0.184957 -0.450768
v 0.094748 0.195461 0.409805
v 0.363104 0.166108 -0.242339
v 0.360795 0.167078 -0.280503
v 0.356336 0.168931 -0.313943
v 0.349665 0.171707 -0.340995
v 0.341174 0.175228 -0.370541
v 0.317851 0.032283 -0.377712
v 0.336009 0.118302 -0.392820
v 0.300731 0.166751 -0.367934
v 0.135336 0.177954 0.339575
v 0.107888 0.177954 0.360831
v 0.078431 0.177954 0.377224
v 0.222568 0.177954 0.037003
v 0.217618 0.177954 0.132550
v 0.156108 0.177954 0.313676
v 0.222611 0.177954 -0.020376
v 0.221463 0.177954 0.088588
v 0.222611 0.177954 -0.078005
v 0.173568 0.177954 0.283578
v 0.191781 0.177954 0.249836
v 0.206682 0.177954 0.212992
v 0.223542 0.177954 -0.192966
v 0.214001 0.177954 0.173678
v 0.222611 0.177954 -0.135634
v 0.279732 0.166735 -0.385676
v 0.143458 0.177918 -0.271597
v 0.135846 0.177917 -0.271597
v 0.128891 0.177917 -0.271597
v 0.117471 0.177917 -0.271947
v 0.260675 0.177954 -0.233840
v 0.235650 0.177954 -0.271314
v 0.201307 0.177953 -0.271597
v 0.261223 0.177954 -0.259355
v 0.168144 0.177935 -0.271597
v 0.308429 0.166675 -0.373959
v 0.299018 0.166713 -0.382294
v 0.053433 0.177780 -0.472849
v 0.157263 0.184900 -0.038542
v 0.315125 0.149879 -0.023043
v 0.140480 0.149879 -0.023043
v 0.309756 0.168232 -0.031119
v 0.173588 0.198724 -0.044701
v 0.145849 0.168232 -0.031119
v 0.261929 0.208550 -0.049079
v 0.298343 0.184900 -0.038542
v 0.239451 0.213653 -0.051353
v 0.193677 0.208550 -0.049079
v 0.179972 0.199298 -0.285651
v 0.253478 0.202929 -0.284093
v 0.155257 0.187873 -0.290553
v 0.289909 0.187873 -0.290553
v 0.197704 0.202929 -0.284093
v 0.268697 0.199298 -0.285651
v 0.236424 0.204808 -0.283286
v 0.165495 0.194163 -0.287855
v 0.293222 0.180859 -0.293563
v 0.151397 0.180859 -0.293563
v 0.217401 0.204808 -0.283286
v 0.281123 0.194163 -0.287855
v 0.395802 0.089770 -0.225749
v 0.343315 0.004906 -0.266538
v 0.335961 0.004906 -0.293895
v 0.325085 0.004906 -0.320063
v 0.311056 0.004906 -0.344389
v 0.347107 0.004906 -0.238382
v 0.371957 0.016847 -0.224944
v 0.362004 0.164834 -0.224619
v 0.328197 0.178916 -0.240560
v 0.328196 0.178906 -0.369871
v 0.328196 0.178916 -0.340283
v 0.328196 0.178916 -0.314012
v 0.328196 0.178916 -0.280424
v 0.328177 0.178668 -0.391887
v 0.327367 0.121991 -0.399288
v 0.298214 0.004906 -0.361915
v 0.309838 0.035224 -0.383317
v 0.152849 0.161035 -0.425904
v 0.136721 0.164229 -0.426396
v 0.184321 0.121985 -0.423946
v 0.188487 0.078646 -0.480850
v 0.180713 0.135171 -0.423864
v 0.173912 0.146082 -0.424552
v -0.063417 0.165072 -0.426676
v 0.164424 0.154879 -0.425325
v 0.190900 0.027433 -0.474284
v 0.166408 0.163218 -0.481361
v 0.178460 0.167008 -0.481290
v 0.194002 0.137692 -0.480956
v 0.190373 0.120258 -0.481315
v 0.188836 0.147825 -0.481290
v 0.082397 0.194497 -0.395536
v 0.092650 0.205364 -0.321001
v 0.103761 0.221744 -0.175855
v 0.105835 0.227809 -0.107967
v 0.041931 0.265716 -0.175895
v 0.043032 0.277871 -0.107996
v 0.036598 0.211125 -0.395795
v 0.038524 0.232955 -0.321036
v 0.055749 0.177924 -0.265457
v 0.236402 0.166750 -0.343824
v 0.276041 0.166805 -0.317831
v 0.136436 0.166670 -0.415211
v 0.156633 0.166694 -0.380115
v 0.177538 0.166695 -0.375018
v 0.198189 0.166699 -0.368387
v 0.275076 0.177785 -0.431222
v 0.323946 0.177951 -0.330856
v 0.319051 0.177841 -0.394421
v 0.301881 0.177784 -0.410823
v 0.323059 0.177954 -0.306694
v 0.323946 0.177937 -0.360374
v 0.323796 0.177915 -0.381708
v 0.213937 0.177774 -0.461865
v 0.180605 0.177774 -0.469672
v 0.138850 0.177774 -0.471911
v 0.245494 0.177776 -0.448272
v 0.192161 0.177925 -0.296529
v 0.240896 0.177952 -0.296529
v 0.122823 0.177896 -0.299148
v 0.134876 0.177898 -0.296529
v 0.144988 0.177898 -0.296529
v 0.155762 0.177898 -0.296529
v 0.289611 0.177954 -0.296933
v 0.270706 0.172251 -0.415180
v 0.316110 0.172428 -0.322941
v 0.312277 0.172239 -0.380742
v 0.296636 0.172253 -0.395467
v 0.317975 0.174318 -0.306019
v 0.316059 0.172336 -0.350889
v 0.315924 0.172277 -0.370706
v 0.211412 0.172209 -0.444324
v 0.179283 0.172209 -0.452851
v 0.142065 0.172209 -0.457039
v 0.242018 0.172216 -0.431688
v 0.121369 0.172214 -0.451308
v 0.193341 0.172347 -0.305417
v 0.242660 0.172378 -0.305417
v 0.125908 0.174256 -0.303501
v 0.135060 0.172372 -0.305366
v 0.145439 0.172321 -0.305417
v 0.156385 0.172320 -0.305417
v 0.288505 0.172384 -0.305417
v -0.154913 0.177915 -0.320305
v -0.264563 0.222512 -0.397799
v 0.302276 0.184000 -0.330762
v 0.184454 0.238962 -0.426464
v -0.242040 0.177961 -0.320279
v 0.212525 0.235232 -0.419988
v -0.197897 0.177934 -0.320294
v -0.140006 0.209509 -0.375242
v 0.302969 0.204162 -0.365995
v 0.303044 0.195820 -0.351376
v 0.270706 0.231689 -0.402620
v 0.316110 0.185800 -0.322605
v 0.312413 0.214523 -0.372846
v 0.296636 0.221850 -0.385537
v 0.317975 0.178991 -0.306999
v 0.316059 0.199671 -0.346868
v 0.316060 0.209547 -0.364131
v 0.211412 0.246200 -0.427894
v 0.179283 0.250456 -0.435282
v 0.142065 0.252547 -0.438911
v 0.242018 0.239899 -0.416942
v 0.122497 0.214998 -0.373617
v 0.193341 0.176982 -0.307461
v 0.242660 0.177009 -0.307445
v 0.125908 0.177681 -0.304848
v 0.135060 0.176979 -0.307404
v 0.145439 0.176960 -0.307474
v 0.156385 0.176959 -0.307474
v 0.288505 0.177014 -0.307442
v 0.183872 0.254188 -0.430594
v 0.090163 0.024568 -0.429584
v 0.107363 0.029176 -0.429584
v 0.122784 0.038080 -0.429584
v 0.135375 0.050671 -0.429584
v 0.144278 0.066091 -0.429584
v 0.148887 0.083291 -0.429584
v 0.148887 0.101097 -0.429584
v 0.144278 0.118297 -0.429584
v 0.135375 0.133718 -0.429584
v 0.122784 0.146309 -0.429584
v 0.107363 0.155212 -0.429584
v 0.090163 0.159821 -0.429584
v 0.072357 0.159821 -0.429584
v 0.055157 0.155212 -0.429584
v 0.039736 0.146309 -0.429584
v 0.027145 0.133718 -0.429584
v 0.018242 0.118297 -0.429584
v 0.013633 0.101097 -0.429584
v 0.013633 0.083291 -0.429584
v 0.018242 0.066091 -0.429584
v 0.027145 0.050671 -0.429584
v 0.039736 0.038080 -0.429584
v 0.066737 0.057133 -0.473609
v 0.055157 0.029176 -0.429584
v 0.072357 0.024568 -0.429584
v 0.089403 0.030339 -0.498579
v 0.105135 0.034554 -0.498579
v 0.119240 0.042698 -0.498579
v 0.130756 0.054214 -0.498579
v 0.138900 0.068319 -0.498579
v 0.143115 0.084051 -0.498579
v 0.143115 0.100338 -0.498579
v 0.138900 0.116069 -0.498579
v 0.130756 0.130174 -0.498579
v 0.119240 0.141691 -0.498579
v 0.105135 0.149834 -0.498579
v 0.089403 0.154049 -0.498579
v 0.073117 0.154049 -0.498579
v 0.057385 0.149834 -0.498579
v 0.043280 0.141691 -0.498579
v 0.031763 0.130174 -0.498579
v 0.023620 0.116069 -0.498579
v 0.019405 0.100338 -0.498579
v 0.019405 0.084051 -0.498579
v 0.023620 0.068319 -0.498579
v 0.031763 0.054214 -0.498579
v 0.043280 0.042698 -0.498579
v 0.057385 0.034554 -0.498579
v 0.073117 0.030339 -0.498579
v 0.086213 0.054569 -0.473609
v 0.051152 0.115297 -0.473609
v 0.111368 0.115297 -0.473609
v 0.076306 0.054569 -0.473609
v 0.095783 0.057133 -0.473609
v 0.046199 0.106717 -0.473609
v 0.104362 0.122302 -0.473609
v 0.104362 0.062086 -0.473609
v 0.043635 0.097148 -0.473609
v 0.095783 0.127256 -0.473609
v 0.111368 0.069092 -0.473609
v 0.043635 0.087241 -0.473609
v 0.086213 0.129820 -0.473609
v 0.116321 0.077671 -0.473609
v 0.046199 0.077671 -0.473609
v 0.076306 0.129820 -0.473609
v 0.118885 0.087241 -0.473609
v 0.051152 0.069092 -0.473609
v 0.066737 0.127256 -0.473609
v 0.118885 0.097148 -0.473609
v 0.058157 0.062086 -0.473609
v 0.058157 0.122302 -0.473609
v 0.116321 0.106717 -0.473609
v 0.006157 0.325091 -0.475145
v 0.280368 0.005164 -0.322224
v 0.153270 0.135724 -0.365697
v 0.183900 0.058300 -0.426594
v 0.156165 0.005164 -0.290462
v 0.072540 0.005164 -0.306045
v -0.070334 0.086589 -0.365899
v 0.184556 0.006737 -0.441767
v 0.185965 0.010312 -0.455706
v 0.186870 0.015441 -0.464689
v 0.187595 0.022640 -0.471884
v 0.188107 0.031456 -0.476972
v 0.188375 0.042416 -0.479654
v 0.003078 0.310209 -0.225548
v 0.003078 0.338626 -0.430226
v 0.003078 0.328024 -0.492637
v 0.003078 0.317070 -0.480255
v 0.003078 0.267071 -0.458086
v 0.003078 0.217380 -0.480689
v 0.003078 0.202127 -0.503291
v 0.003078 0.177936 -0.493946
v 0.003078 0.225416 -0.279047
v 0.239925 0.254968 0.031877
v 0.263333 0.249654 0.034245
v 0.171318 0.239404 0.038811
v 0.136153 0.187597 0.061841
v 0.154247 0.224941 0.045256
v 0.215680 0.254968 0.031877
v 0.284287 0.239404 0.038812
v 0.192273 0.249654 0.034245
v 0.301359 0.224941 0.045256
v 0.142216 0.207270 0.053127
v 0.313390 0.207270 0.053127
v 0.319452 0.187597 0.061841
v 0.216154 0.213653 -0.051353
v 0.282018 0.198724 -0.044701
v 0.165472 0.205880 0.019915
v 0.196722 0.214024 0.019915
v 0.290472 0.205879 0.019915
v 0.259222 0.213295 0.019915
v 0.227972 0.214463 0.019915
v -0.241468 0.181558 -0.304189
v 0.214223 0.250180 -0.423636
v -0.195962 0.181535 -0.304202
v 0.313881 0.214526 -0.361553
v -0.126609 0.219099 -0.369573
v 0.314007 0.204954 -0.344863
v -0.243009 0.244251 -0.413336
v 0.285243 0.181603 -0.304262
v 0.313041 0.183108 -0.306874
v -0.147174 0.254909 -0.431843
v 0.161942 0.181513 -0.304215
v 0.294426 0.227232 -0.383768
v -0.183872 0.254188 -0.430594
v 0.151874 0.181513 -0.304215
v -0.214223 0.250180 -0.423636
v 0.309816 0.219949 -0.371079
v -0.355665 0.089774 0.242992
v -0.374719 0.089773 0.196332
v -0.388008 0.089774 0.147714
v -0.395186 0.089774 0.093171
v -0.396152 0.090256 -0.243204
v -0.391561 0.092086 -0.276195
v -0.382588 0.096035 -0.309621
v -0.369241 0.102536 -0.341709
v -0.352100 0.111053 -0.371542
v -0.320070 0.123658 -0.406713
v -0.303924 0.127846 -0.421554
v -0.276816 0.133629 -0.442190
v -0.246848 0.137901 -0.459687
v -0.214260 0.140451 -0.474158
v -0.183768 0.156287 -0.481290
v -0.146031 0.169984 -0.481361
v -0.034088 0.117993 0.526987
v -0.085108 0.103864 0.487445
v -0.129041 0.089774 0.443413
v -0.175025 0.089773 0.424048
v -0.218382 0.089774 0.399355
v -0.262269 0.089774 0.365690
v -0.297521 0.089773 0.330050
v -0.328254 0.089774 0.290448
v -0.396838 0.089774 -0.193801
v -0.373303 0.016406 -0.193171
v -0.027970 0.045174 0.470203
v -0.071392 0.040694 0.463118
v -0.121609 0.016665 0.421583
v -0.164840 0.016654 0.403394
v -0.205587 0.016665 0.380170
v -0.246919 0.016565 0.348217
v -0.280056 0.016556 0.314734
v -0.308927 0.016565 0.277510
v -0.334589 0.016448 0.232621
v -0.352499 0.016440 0.188790
v -0.364972 0.016448 0.143118
v -0.368406 0.017271 -0.271593
v -0.360183 0.019366 -0.302144
v -0.348021 0.023091 -0.331410
v -0.332332 0.028069 -0.358585
v -0.303930 0.036784 -0.388788
v -0.287691 0.041646 -0.403897
v -0.263050 0.047408 -0.422576
v -0.235908 0.051637 -0.438334
v -0.205314 0.054156 -0.451083
v -0.372579 0.016410 -0.241239
v -0.371729 0.016425 0.091238
v -0.059453 0.177954 -0.135634
v -0.118379 0.165389 0.412077
v -0.160400 0.165399 0.394392
v -0.200012 0.165389 0.371820
v -0.240293 0.165476 0.340666
v -0.272505 0.165485 0.308112
v -0.300576 0.165476 0.271926
v -0.325571 0.165579 0.228178
v -0.342983 0.165586 0.185559
v -0.355113 0.165579 0.141157
v -0.334405 0.177716 -0.389726
v -0.060011 0.177954 0.173678
v -0.059396 0.177953 -0.193892
v -0.060816 0.177954 0.212982
v -0.056551 0.177954 0.249826
v -0.051304 0.177954 0.283578
v -0.363188 0.165615 0.037987
v -0.361704 0.165600 0.090407
v -0.240402 0.237834 -0.123922
v -0.264872 0.233711 -0.123270
v -0.286771 0.225744 -0.122009
v -0.304651 0.214478 -0.120226
v -0.317295 0.200681 -0.118043
v -0.323979 0.185291 -0.115607
v -0.123672 0.185291 -0.115607
v -0.130909 0.200681 -0.118043
v -0.144598 0.214478 -0.120226
v -0.163958 0.225744 -0.122009
v -0.187668 0.233711 -0.123270
v -0.214070 0.237834 -0.123922
v -0.059453 0.177954 -0.078005
v -0.079083 0.014141 0.422824
v -0.036248 0.177192 0.490031
v -0.040308 0.250948 -0.246916
v -0.082297 0.168492 0.474744
v -0.034927 0.188431 -0.460335
v -0.043776 0.289011 -0.041195
v -0.044132 0.293990 0.070058
v -0.059109 0.177954 0.088575
v -0.059453 0.177954 -0.020376
v -0.048873 0.177954 0.313661
v -0.058402 0.171449 -0.481361
v -0.164729 0.005164 0.037863
v -0.223297 0.005164 0.082253
v -0.221626 0.005164 0.113000
v -0.213985 0.005164 0.141591
v -0.202682 0.005164 0.168904
v -0.187909 0.005164 0.194509
v -0.169920 0.005164 0.217967
v -0.149020 0.005164 0.238877
v -0.125570 0.005164 0.256880
v -0.099968 0.005164 0.271668
v -0.072655 0.005164 0.282986
v -0.044097 0.005164 0.290642
v -0.014783 0.005164 0.294503
v -0.043926 0.287528 0.226567
v -0.042615 0.266428 0.337466
v -0.039956 0.227540 0.411404
v -0.107427 0.233084 -0.041185
v -0.108863 0.235634 0.070058
v -0.108065 0.232534 0.226566
v -0.103372 0.221442 0.337522
v -0.104111 0.089755 0.450662
v -0.239310 0.089755 0.383989
v -0.112579 0.005142 0.397926
v -0.153659 0.005143 0.380721
v -0.192316 0.005142 0.358605
v -0.097985 0.017073 0.427883
v -0.224967 0.017073 0.365263
v -0.106150 0.178698 0.378993
v -0.144818 0.178697 0.362794
v -0.181209 0.178698 0.341978
v -0.095385 0.164602 0.418193
v -0.218862 0.164602 0.357301
v -0.341704 0.089755 0.268252
v -0.242018 0.089755 0.381922
v -0.229613 0.005043 0.329742
v -0.261050 0.005044 0.298066
v -0.288351 0.005043 0.262764
v -0.227582 0.017022 0.363143
v -0.321201 0.017022 0.256391
v -0.216424 0.178784 0.314706
v -0.246018 0.178783 0.284884
v -0.271722 0.178784 0.251651
v -0.221470 0.164647 0.355183
v -0.312512 0.164647 0.251370
v -0.343173 0.089755 0.265728
v -0.391938 0.089755 0.122072
v -0.311594 0.004928 0.222053
v -0.328563 0.004928 0.180665
v -0.340295 0.004928 0.137511
v -0.322550 0.016963 0.253846
v -0.368341 0.016963 0.118957
v -0.293649 0.178885 0.213207
v -0.309625 0.178884 0.174236
v -0.320671 0.178885 0.133611
v -0.313854 0.164699 0.248829
v -0.358386 0.164699 0.117649
v -0.058104 0.177954 0.132537
v -0.059440 0.177954 0.037003
v -0.026144 0.177954 0.377224
v -0.195318 0.005164 -0.204176
v -0.164193 0.005164 -0.136500
v -0.163265 0.005164 -0.077889
v -0.163264 0.005164 -0.019966
v -0.363243 0.165619 -0.192943
v -0.363232 0.165626 -0.136087
v -0.363234 0.165625 -0.079245
v -0.363247 0.165621 -0.018689
v -0.373246 0.016410 0.038266
v -0.373306 0.016404 -0.018551
v -0.373294 0.016399 -0.079229
v -0.373293 0.016398 -0.136193
v -0.396754 0.089774 0.038913
v -0.396812 0.089774 -0.018257
v -0.396820 0.089774 -0.079250
v -0.396817 0.089774 -0.136526
v -0.392279 0.089755 0.119478
v -0.347965 0.004909 0.037586
v -0.346464 0.004909 0.089808
v -0.368659 0.016953 0.116402
v -0.327951 0.178902 0.037033
v -0.326514 0.178902 0.088150
v -0.358703 0.164707 0.115100
v -0.348027 0.004909 -0.019482
v -0.328012 0.178902 -0.019746
v -0.361765 0.164724 -0.047777
v -0.371785 0.016936 -0.047700
v -0.395530 0.089755 -0.047563
v -0.395556 0.089755 -0.223105
v -0.371789 0.016941 -0.222316
v -0.361769 0.164719 -0.222027
v -0.348011 0.004901 -0.193156
v -0.348011 0.004901 -0.135874
v -0.348011 0.004901 -0.078605
v -0.327995 0.178909 -0.192665
v -0.327995 0.178909 -0.135634
v -0.327995 0.178909 -0.078618
v -0.361760 0.164725 -0.050161
v -0.371781 0.016935 -0.050084
v -0.395538 0.089755 -0.049946
v -0.035963 0.177954 0.360831
v -0.044977 0.177954 0.339560
v -0.099836 0.214360 -0.246871
v -0.074003 0.184957 -0.450768
v -0.094748 0.195461 0.409805
v -0.363104 0.166108 -0.242339
v -0.360795 0.167077 -0.280503
v -0.356336 0.168931 -0.313943
v -0.349665 0.171707 -0.340995
v -0.341174 0.175228 -0.370541
v -0.317851 0.032283 -0.377712
v -0.336009 0.118302 -0.392820
v -0.300731 0.166751 -0.367934
v -0.135336 0.177954 0.339575
v -0.107888 0.177954 0.360831
v -0.078431 0.177954 0.377224
v -0.222568 0.177954 0.037003
v -0.217618 0.177954 0.132550
v -0.156108 0.177954 0.313676
v -0.222611 0.177954 -0.020376
v -0.221463 0.177954 0.088588
v -0.222611 0.177954 -0.078005
v -0.173568 0.177954 0.283578
v -0.191781 0.177954 0.249836
v -0.206682 0.177954 0.212992
v -0.223542 0.177954 -0.192966
v -0.214001 0.177954 0.173678
v -0.222611 0.177954 -0.135634
v -0.279732 0.166735 -0.385676
v -0.143458 0.177918 -0.271597
v -0.135846 0.177917 -0.271597
v -0.128891 0.177917 -0.271597
v -0.117471 0.177917 -0.271947
v -0.260675 0.177954 -0.233840
v -0.238175 0.177954 -0.272277
v -0.201307 0.177953 -0.271597
v -0.261223 0.177954 -0.259402
v -0.168144 0.177935 -0.271597
v -0.308429 0.166675 -0.373959
v -0.299018 0.166713 -0.382294
v -0.053433 0.177780 -0.472849
v -0.157263 0.184900 -0.038542
v -0.315125 0.149879 -0.023043
v -0.140480 0.149879 -0.023043
v -0.309756 0.168232 -0.031119
v -0.173588 0.198724 -0.044701
v -0.145849 0.168232 -0.031119
v -0.261929 0.208550 -0.049079
v -0.298343 0.184900 -0.038542
v -0.239451 0.213653 -0.051353
v -0.193677 0.208550 -0.049079
v -0.179972 0.199298 -0.285651
v -0.253478 0.202929 -0.284093
v -0.155257 0.187873 -0.290553
v -0.289909 0.187873 -0.290553
v -0.197704 0.202929 -0.284093
v -0.268697 0.199298 -0.285651
v -0.236424 0.204808 -0.283286
v -0.165495 0.194163 -0.287855
v -0.293222 0.180859 -0.293563
v -0.151397 0.180859 -0.293563
v -0.217401 0.204808 -0.283286
v -0.281123 0.194163 -0.287855
v -0.395802 0.089770 -0.225749
v -0.343315 0.004906 -0.266538
v -0.335961 0.004906 -0.293895
v -0.325085 0.004906 -0.320063
v -0.311056 0.004906 -0.344389
v -0.347107 0.004906 -0.238382
v -0.371957 0.016847 -0.224944
v -0.362004 0.164834 -0.224619
v -0.328197 0.178916 -0.240560
v -0.328196 0.178906 -0.369871
v -0.328196 0.178916 -0.340283
v -0.328196 0.178916 -0.314043
v -0.328196 0.178916 -0.280455
v -0.328177 0.178668 -0.391887
v -0.327367 0.121991 -0.399288
v -0.298214 0.004906 -0.361915
v -0.309838 0.035224 -0.383317
v -0.152849 0.161035 -0.425904
v -0.136721 0.164229 -0.426396
v -0.184321 0.121985 -0.423946
v -0.188487 0.078646 -0.481313
v -0.180713 0.135171 -0.423864
v -0.173912 0.146082 -0.424552
v -0.164424 0.154879 -0.425325
v -0.166408 0.163218 -0.481361
v -0.178460 0.167008 -0.481290
v -0.194002 0.137692 -0.480956
v -0.190373 0.120258 -0.481315
v -0.188836 0.147825 -0.481290
v -0.082397 0.194497 -0.395536
v -0.092650 0.205364 -0.321001
v -0.103761 0.221744 -0.175855
v -0.105835 0.227809 -0.107967
v -0.041931 0.265716 -0.175895
v -0.043032 0.277871 -0.107996
v -0.036598 0.211125 -0.395795
v -0.038524 0.232955 -0.321036
v -0.055749 0.177924 -0.265457
v -0.236402 0.166750 -0.343824
v -0.276041 0.166805 -0.317831
v -0.136436 0.166670 -0.415211
v -0.156633 0.166694 -0.380115
v -0.177538 0.166695 -0.375017
v -0.198189 0.166699 -0.368387
v -0.275076 0.177785 -0.431222
v -0.323946 0.177951 -0.330856
v -0.319051 0.177841 -0.394421
v -0.301881 0.177784 -0.410823
v -0.323059 0.177954 -0.306725
v -0.323946 0.177937 -0.360374
v -0.323796 0.177915 -0.381708
v -0.213937 0.177774 -0.461865
v -0.180605 0.177774 -0.469672
v -0.138850 0.177774 -0.471911
v -0.245494 0.177776 -0.448272
v -0.192161 0.177925 -0.296529
v -0.240896 0.177952 -0.296529
v -0.122823 0.177896 -0.299148
v -0.134876 0.177898 -0.296529
v -0.144988 0.177898 -0.296529
v -0.155762 0.177898 -0.296529
v -0.291294 0.177954 -0.297575
v -0.270706 0.172251 -0.415180
v -0.316110 0.172428 -0.322941
v -0.312277 0.172239 -0.380742
v -0.296636 0.172253 -0.395467
v -0.317975 0.174318 -0.306019
v -0.316059 0.172336 -0.350889
v -0.315924 0.172277 -0.370707
v -0.211412 0.172209 -0.444324
v -0.179283 0.172209 -0.452851
v -0.142065 0.172209 -0.457039
v -0.242018 0.172216 -0.431688
v -0.121369 0.172214 -0.451308
v -0.193341 0.172347 -0.305417
v -0.242660 0.172378 -0.305417
v -0.125908 0.174256 -0.303501
v -0.135060 0.172372 -0.305366
v -0.145439 0.172321 -0.305417
v -0.156385 0.172320 -0.305417
v -0.288505 0.172384 -0.305417
v -0.239385 0.229703 -0.410375
v 0.145497 0.178988 -0.322170
v -0.154799 0.239660 -0.427673
v -0.302275 0.184000 -0.330762
v 0.287277 0.213905 -0.382842
v -0.184454 0.238962 -0.426464
v 0.279927 0.178164 -0.320618
v 0.300387 0.207805 -0.372348
v -0.212525 0.235232 -0.419988
v 0.164742 0.177914 -0.320306
v -0.270706 0.231689 -0.402620
v -0.316110 0.185800 -0.322605
v -0.312413 0.214523 -0.372846
v -0.296636 0.221850 -0.385537
v -0.317975 0.178991 -0.306999
v -0.316059 0.199671 -0.346868
v -0.316060 0.209547 -0.364131
v -0.211412 0.246200 -0.427894
v -0.179283 0.250456 -0.435282
v -0.142065 0.252547 -0.438911
v -0.242018 0.239899 -0.416942
v -0.122497 0.214998 -0.373617
v -0.193341 0.176982 -0.307461
v -0.242660 0.177009 -0.307445
v -0.125908 0.177681 -0.304848
v -0.135060 0.176979 -0.307404
v -0.145439 0.176960 -0.307473
v -0.156385 0.176959 -0.307474
v -0.288505 0.177014 -0.307442
v 0.142466 0.181513 -0.304215
v -0.090163 0.024568 -0.429584
v -0.107363 0.029176 -0.429584
v -0.122784 0.038080 -0.429584
v -0.135375 0.050671 -0.429584
v -0.144278 0.066091 -0.429584
v -0.148887 0.083291 -0.429584
v -0.148887 0.101097 -0.429584
v -0.144278 0.118297 -0.429584
v -0.135375 0.133718 -0.429584
v -0.122784 0.146309 -0.429584
v -0.107363 0.155212 -0.429584
v -0.090163 0.159821 -0.429584
v -0.072357 0.159821 -0.429584
v -0.055157 0.155212 -0.429584
v -0.039736 0.146309 -0.429584
v -0.027145 0.133718 -0.429584
v -0.018242 0.118297 -0.429584
v -0.013633 0.101097 -0.429584
v -0.013633 0.083291 -0.429584
v -0.018242 0.066091 -0.429584
v -0.027145 0.050671 -0.429584
v -0.039736 0.038080 -0.429584
v -0.072897 0.072004 -0.452021
v -0.055157 0.029176 -0.429584
v -0.072357 0.024568 -0.429584
v -0.089403 0.030339 -0.498579
v -0.105135 0.034554 -0.498579
v -0.119240 0.042698 -0.498579
v -0.130756 0.054214 -0.498579
v -0.138900 0.068319 -0.498579
v -0.143115 0.084051 -0.498579
v -0.143115 0.100338 -0.498579
v -0.138900 0.116069 -0.498579
v -0.130756 0.130174 -0.498579
v -0.119240 0.141691 -0.498579
v -0.105135 0.149834 -0.498579
v -0.089403 0.154049 -0.498579
v -0.073117 0.154049 -0.498579
v -0.057385 0.149834 -0.498579
v -0.043280 0.141691 -0.498579
v -0.031763 0.130174 -0.498579
v -0.023620 0.116069 -0.498579
v -0.019405 0.100338 -0.498579
v -0.019405 0.084051 -0.498579
v -0.023620 0.068319 -0.498579
v -0.031763 0.054214 -0.498579
v -0.043280 0.042698 -0.498579
v -0.057385 0.034554 -0.498579
v -0.073117 0.030339 -0.498579
v -0.084112 0.070527 -0.452021
v -0.063922 0.105498 -0.452021
v -0.098598 0.105498 -0.452021
v -0.078407 0.070527 -0.452021
v -0.089623 0.072004 -0.452021
v -0.061070 0.100557 -0.452021
v -0.094564 0.109532 -0.452021
v -0.094564 0.074857 -0.452021
v -0.059593 0.095047 -0.452021
v -0.089623 0.112384 -0.452021
v -0.098598 0.078891 -0.452021
v -0.059593 0.089342 -0.452021
v -0.084112 0.113861 -0.452021
v -0.101450 0.083831 -0.452021
v -0.061070 0.083831 -0.452021
v -0.078407 0.113861 -0.452021
v -0.102927 0.089342 -0.452021
v -0.063922 0.078891 -0.452021
v -0.072897 0.112384 -0.452021
v -0.102927 0.095047 -0.452021
v -0.067956 0.074857 -0.452021
v -0.067956 0.109532 -0.452021
v -0.101450 0.100557 -0.452021
v -0.006157 0.223997 -0.341384
v -0.298898 0.005164 -0.287419
v -0.166010 0.123876 -0.365663
v -0.183351 0.027351 -0.453710
v -0.156165 0.005164 -0.290462
v -0.072540 0.005164 -0.306045
v -0.184556 0.006737 -0.441767
v -0.185965 0.010312 -0.455706
v -0.186870 0.015441 -0.464689
v -0.187595 0.022640 -0.471884
v -0.188107 0.031456 -0.476992
v -0.188375 0.042416 -0.480120
v -0.003078 0.310209 -0.225548
v -0.003078 0.338626 -0.430226
v -0.003078 0.328024 -0.492637
v -0.003078 0.317070 -0.480255
v -0.003078 0.267071 -0.458086
v -0.003078 0.217380 -0.480689
v -0.003078 0.202127 -0.503291
v -0.003078 0.177936 -0.493946
v -0.003078 0.225416 -0.279047
v -0.239925 0.254968 0.031877
v -0.263333 0.249654 0.034245
v -0.171318 0.239404 0.038811
v -0.136153 0.187597 0.061841
v -0.154247 0.224941 0.045256
v -0.215680 0.254968 0.031877
v -0.284287 0.239404 0.038811
v -0.192273 0.249654 0.034245
v -0.301359 0.224941 0.045256
v -0.142216 0.207270 0.053127
v -0.313390 0.207270 0.053127
v -0.319452 0.187597 0.061841
v -0.216154 0.213653 -0.051353
v -0.282018 0.198724 -0.044701
v -0.165472 0.205880 0.019915
v -0.196722 0.214024 0.019915
v -0.290472 0.205879 0.019915
v -0.259222 0.213295 0.019915
v -0.227972 0.214463 0.019915
v -0.313881 0.214526 -0.361553
v 0.314007 0.191535 -0.321516
v 0.132422 0.182796 -0.306446
v 0.269994 0.236514 -0.399873
v -0.314007 0.204954 -0.344863
v 0.241468 0.181558 -0.304189
v -0.285243 0.181603 -0.304262
v -0.313041 0.183108 -0.306874
v 0.195962 0.181535 -0.304203
v -0.161942 0.181513 -0.304215
v -0.294426 0.227232 -0.383768
v 0.126609 0.219099 -0.369573
v -0.151874 0.181513 -0.304215
v -0.309816 0.219949 -0.371079
v 0.243009 0.244251 -0.413336
v -0.142466 0.181513 -0.304215
v -0.293485 0.005164 -0.300378
v -0.286677 0.005164 -0.312626
v -0.280368 0.005164 -0.322224
v -0.275512 0.005164 -0.328436
v -0.267899 0.005164 -0.336427
v -0.256080 0.005164 -0.347055
v -0.242730 0.005164 -0.355911
v -0.235454 0.005164 -0.348966
v -0.305537 0.005164 -0.257907
v -0.302867 0.005164 -0.273735
v 0.131788 0.172145 -0.481361
v 0.157441 0.167489 -0.481361
v 0.302374 0.005164 -0.225913
v 0.195318 0.005164 -0.204176
v 0.189756 0.053283 -0.464876
v 0.188552 0.020564 -0.454226
v 0.191091 0.034022 -0.475889
v 0.189592 0.021645 -0.463109
v 0.190331 0.025347 -0.469423
v 0.006157 0.328102 -0.437764
v 0.006157 0.277345 -0.306861
v 0.006157 0.288698 -0.426309
v 0.006157 0.223997 -0.341384
v 0.006157 0.192666 -0.474888
v 0.006157 0.205171 -0.485143
v 0.286677 0.005164 -0.312626
v 0.293485 0.005164 -0.300378
v 0.298898 0.005164 -0.287419
v 0.302867 0.005164 -0.273736
v 0.305537 0.005164 -0.257907
v 0.235454 0.005164 -0.348966
v 0.242730 0.005164 -0.355911
v 0.256080 0.005164 -0.347055
v 0.267899 0.005164 -0.336427
v 0.275512 0.005164 -0.328436
v 0.158671 0.132822 -0.365695
v 0.162982 0.128800 -0.365681
v 0.166010 0.123876 -0.365663
v 0.149301 0.095220 -0.365838
v 0.146728 0.135582 -0.365704
v 0.181229 0.046832 -0.393349
v 0.185135 0.091750 -0.441866
v 0.184680 0.038269 -0.472159
v 0.184420 0.033035 -0.469129
v 0.184066 0.028854 -0.464925
v 0.183625 0.025896 -0.459645
v 0.183079 0.025760 -0.450463
v 0.229115 0.005164 -0.309736
v -0.131788 0.172145 -0.481361
v -0.157441 0.167489 -0.481361
v -0.302375 0.005164 -0.225913
v -0.088140 0.005164 -0.243525
v -0.189756 0.053283 -0.465246
v -0.191325 0.036462 -0.478258
v -0.190907 0.030212 -0.474686
v -0.190324 0.025215 -0.469722
v -0.189592 0.021645 -0.463462
v -0.188552 0.020564 -0.454579
v -0.006157 0.277345 -0.306861
v -0.006157 0.328102 -0.437764
v -0.006157 0.325091 -0.475145
v -0.006157 0.205171 -0.485143
v -0.006157 0.288698 -0.426309
v -0.006157 0.192666 -0.474888
v -0.162982 0.128800 -0.365681
v -0.158671 0.132822 -0.365695
v -0.153270 0.135724 -0.365697
v -0.146728 0.135582 -0.365704
v -0.149301 0.095220 -0.365838
v -0.181229 0.046832 -0.393349
v -0.182573 0.015641 -0.447000
v -0.184051 0.028838 -0.464703
v -0.184420 0.033035 -0.469129
v -0.184680 0.038269 -0.472159
v -0.185135 0.091750 -0.441866
v -0.183909 0.058345 -0.426704
v -0.229115 0.005164 -0.309736
v 0.234932 0.005164 -0.336187
v 0.063417 0.165072 -0.426676
v 0.070334 0.086589 -0.365899
v 0.159663 0.147736 -0.365707
v 0.172995 0.131498 -0.365685
v 0.175668 0.119657 -0.365695
v 0.149989 0.152957 -0.365707
v 0.064021 0.156480 -0.365700
v 0.167499 0.140405 -0.365698
v 0.136404 0.155721 -0.365704
v 0.169255 0.065337 -0.365905
v 0.081140 0.016349 -0.366095
v -0.159663 0.147736 -0.365707
v -0.172995 0.131498 -0.365685
v -0.175668 0.119657 -0.365695
v -0.149989 0.152957 -0.365707
v -0.064021 0.156480 -0.365700
v -0.167499 0.140405 -0.365698
v -0.136404 0.155721 -0.365704
v -0.169255 0.065337 -0.365905
v -0.081140 0.016349 -0.366095
v 0.164678 0.154679 -0.368929
v 0.180837 0.134945 -0.368930
v 0.184200 0.120876 -0.368929
v 0.153108 0.160937 -0.368927
v 0.062587 0.165073 -0.481303
v 0.064303 0.165064 -0.368897
v 0.174138 0.145814 -0.368930
v 0.137747 0.164194 -0.368917
v 0.180819 0.062791 -0.370209
v 0.152813 0.161036 -0.480516
v 0.180710 0.135172 -0.478475
v 0.184285 0.121778 -0.478079
v 0.173912 0.146082 -0.479163
v 0.164424 0.154879 -0.479936
v 0.135855 0.164231 -0.481013
v 0.182031 0.010363 -0.440863
v 0.183110 0.013246 -0.454524
v 0.183807 0.017940 -0.462805
v 0.184368 0.024550 -0.469452
v 0.184767 0.032648 -0.474171
v 0.185044 0.043039 -0.476684
v 0.178997 0.011114 -0.401607
v 0.185191 0.081678 -0.477664
v -0.164678 0.154679 -0.368929
v -0.180837 0.134945 -0.368930
v -0.184200 0.120876 -0.368929
v -0.153108 0.160937 -0.368927
v -0.062587 0.165073 -0.481303
v -0.064303 0.165064 -0.368897
v -0.174138 0.145814 -0.368930
v -0.137747 0.164194 -0.368917
v -0.180819 0.062791 -0.370209
v -0.152813 0.161036 -0.480516
v -0.180710 0.135172 -0.478475
v -0.184285 0.121778 -0.478086
v -0.173912 0.146082 -0.479163
v -0.164424 0.154879 -0.479936
v -0.135855 0.164231 -0.481013
v -0.182031 0.010363 -0.440863
v -0.183110 0.013246 -0.454524
v -0.183807 0.017940 -0.462805
v -0.184368 0.024550 -0.469452
v -0.184767 0.032648 -0.474178
v -0.185044 0.043039 -0.476864
v -0.178997 0.011114 -0.401607
v -0.185191 0.081678 -0.477844
v 0.081260 0.092194 -0.448639
v -0.081260 0.092194 -0.448639
v 0.083345 0.076358 -0.448639
v 0.087372 0.077438 -0.448639
v 0.090983 0.079522 -0.448639
v 0.093932 0.082471 -0.448639
v 0.096017 0.086082 -0.448639
v 0.097096 0.090109 -0.448639
v 0.097096 0.094279 -0.448639
v 0.096017 0.098307 -0.448639
v 0.093932 0.101918 -0.448639
v 0.090983 0.104866 -0.448639
v 0.087372 0.106951 -0.448639
v 0.083345 0.108030 -0.448639
v 0.079175 0.108030 -0.448639
v 0.075148 0.106951 -0.448639
v 0.071536 0.104866 -0.448639
v 0.068588 0.101918 -0.448639
v 0.066503 0.098307 -0.448639
v 0.065424 0.094279 -0.448639
v 0.065424 0.090109 -0.448639
v 0.066503 0.086082 -0.448639
v 0.068588 0.082471 -0.448639
v 0.071536 0.079522 -0.448639
v 0.075148 0.077438 -0.448639
v 0.079175 0.076358 -0.448639
v -0.083345 0.076358 -0.448639
v -0.087372 0.077438 -0.448639
v -0.090983 0.079522 -0.448639
v -0.093932 0.082471 -0.448639
v -0.096017 0.086082 -0.448639
v -0.097096 0.090109 -0.448639
v -0.097096 0.094279 -0.448639
v -0.096017 0.098307 -0.448639
v -0.093932 0.101918 -0.448639
v -0.090983 0.104866 -0.448639
v -0.087372 0.106951 -0.448639
v -0.083345 0.108030 -0.448639
v -0.079175 0.108030 -0.448639
v -0.075148 0.106951 -0.448639
v -0.071536 0.104866 -0.448639
v -0.068588 0.101918 -0.448639
v -0.066503 0.098307 -0.448639
v -0.065424 0.094279 -0.448639
v -0.065424 0.090109 -0.448639
v -0.066503 0.086082 -0.448639
v -0.068588 0.082471 -0.448639
v -0.071536 0.079522 -0.448639
v -0.075148 0.077438 -0.448639
v -0.079175 0.076358 -0.448639
v -0.131077 0.112829 -0.495029
v -0.116206 0.106669 -0.473441
v -0.048435 0.134973 -0.495029
v -0.058234 0.122203 -0.473441
v -0.048435 0.049416 -0.495029
v -0.058234 0.062186 -0.473441
v -0.134720 0.099232 -0.495029
v -0.118761 0.097131 -0.473441
v -0.060625 0.142011 -0.495029
v -0.066785 0.127140 -0.473441
v -0.038481 0.059369 -0.495029
v -0.051251 0.069168 -0.473441
v -0.134720 0.085156 -0.495029
v -0.118761 0.087257 -0.473441
v -0.074222 0.145654 -0.495029
v -0.076323 0.129695 -0.473441
v -0.031443 0.071560 -0.495029
v -0.046314 0.077719 -0.473441
v -0.131077 0.071560 -0.495029
v -0.116205 0.077719 -0.473441
v -0.088298 0.145654 -0.495029
v -0.086197 0.129695 -0.473441
v -0.027800 0.085156 -0.495029
v -0.043759 0.087257 -0.473441
v -0.124038 0.059369 -0.495029
v -0.111268 0.069168 -0.473441
v -0.101895 0.142011 -0.495029
v -0.095735 0.127140 -0.473441
v -0.027800 0.099232 -0.495029
v -0.043759 0.097131 -0.473441
v -0.114085 0.049416 -0.495029
v -0.104286 0.062186 -0.473441
v -0.114085 0.134973 -0.495029
v -0.104286 0.122203 -0.473441
v -0.031443 0.112829 -0.495029
v -0.046314 0.106669 -0.473441
v -0.101895 0.042378 -0.495029
v -0.095735 0.057249 -0.473441
v -0.074222 0.038734 -0.495029
v -0.076323 0.054693 -0.473441
v -0.124038 0.125019 -0.495029
v -0.111268 0.115221 -0.473441
v -0.038481 0.125019 -0.495029
v -0.051251 0.115221 -0.473441
v -0.088298 0.038734 -0.495029
v -0.086197 0.054693 -0.473441
v -0.060625 0.042378 -0.495029
v -0.066785 0.057249 -0.473441
v -0.234932 0.005164 -0.336187
v 0.314998 0.005164 -0.313897
v 0.324284 0.005164 -0.291600
v 0.283691 0.005164 -0.360567
v 0.336404 0.005164 -0.077987
v 0.291992 0.005164 -0.350638
v 0.107807 0.005164 0.386670
v 0.300777 0.005164 0.217404
v 0.336393 0.005164 -0.136025
v 0.303115 0.005164 -0.334801
v 0.336107 0.005164 -0.196893
v 0.278850 0.005164 0.255395
v 0.148330 0.005164 0.369859
v 0.317539 0.005164 0.176866
v 0.334734 0.005164 0.089561
v 0.186332 0.005164 0.347938
v 0.021935 0.005164 0.403734
v 0.336331 0.005164 0.037538
v 0.328904 0.005164 0.134469
v 0.336404 0.005164 -0.020104
v 0.251299 0.005164 -0.389294
v 0.330786 0.005164 -0.268182
v 0.334597 0.005164 -0.242438
v 0.065434 0.005164 0.398026
v 0.221131 0.005164 0.321229
v 0.270906 0.005164 -0.373177
v 0.252133 0.005164 0.290190
v 0.229396 0.005164 -0.402852
v 0.095409 0.005164 -0.341813
v 0.203120 0.005164 -0.395875
v 0.200583 0.005164 -0.337304
v -0.314998 0.005164 -0.313897
v -0.324284 0.005164 -0.291600
v -0.283691 0.005164 -0.360567
v -0.336404 0.005164 -0.077987
v -0.291992 0.005164 -0.350638
v -0.107807 0.005164 0.386670
v -0.300777 0.005164 0.217404
v -0.336393 0.005164 -0.136025
v -0.303115 0.005164 -0.334801
v -0.336107 0.005164 -0.196893
v -0.278850 0.005164 0.255395
v -0.148330 0.005164 0.369859
v -0.317539 0.005164 0.176866
v -0.334734 0.005164 0.089561
v -0.186332 0.005164 0.347938
v -0.021935 0.005164 0.403734
v -0.336331 0.005164 0.037538
v -0.328904 0.005164 0.134469
v -0.336404 0.005164 -0.020104
v -0.251299 0.005164 -0.389294
v -0.330786 0.005164 -0.268182
v -0.334597 0.005164 -0.242438
v -0.065434 0.005164 0.398026
v -0.221131 0.005164 0.321229
v -0.270906 0.005164 -0.373177
v -0.252133 0.005164 0.290190
v -0.229396 0.005164 -0.402853
v -0.211283 0.005164 -0.403101
v -0.095409 0.005164 -0.341813
v -0.203120 0.005164 -0.395875
v 0.211283 0.005164 -0.403101
v 0.234290 0.005164 -0.326003
v -0.234290 0.005164 -0.326003
v -0.200583 0.005164 -0.337304
v 0.200154 0.005164 -0.372427
v -0.200154 0.005164 -0.372427
v -0.122606 0.172270 -0.375007
v -0.112891 0.177843 -0.375551
v -0.054174 0.177847 -0.378047
v 0.122606 0.172270 -0.375007
v 0.112891 0.177843 -0.375551
v 0.054174 0.177847 -0.378047
v -0.053423 0.177793 -0.456815
v 0.053423 0.177793 -0.456815
v 0.110451 0.177778 -0.469250
v 0.111285 0.177787 -0.455991
v -0.110451 0.177778 -0.469250
v -0.111285 0.177787 -0.455991
v 0.290354 0.199025 -0.334563
v 0.293940 0.220659 -0.372289
v 0.253085 0.218373 -0.368288
v 0.252915 0.199319 -0.335111
v 0.236157 0.222890 -0.376151
v 0.201431 0.226789 -0.382953
v 0.182926 0.229130 -0.387018
v 0.153878 0.229143 -0.387035
v 0.169255 0.205619 -0.346132
v 0.138436 0.205935 -0.346680
v 0.145046 0.205566 -0.346037
v 0.162811 0.205670 -0.346219
v 0.208458 0.204147 -0.343547
v 0.289758 0.185050 -0.310260
v 0.303757 0.216732 -0.365444
v 0.279773 0.208322 -0.350770
v 0.290746 0.190407 -0.319567
v -0.290354 0.199025 -0.334563
v -0.293940 0.220659 -0.372289
v -0.253085 0.218373 -0.368288
v -0.252915 0.199319 -0.335111
v -0.236157 0.222890 -0.376151
v -0.201431 0.226789 -0.382953
v -0.182926 0.229130 -0.387018
v -0.153878 0.229143 -0.387035
v -0.169255 0.205619 -0.346132
v -0.138436 0.205935 -0.346680
v -0.145046 0.205566 -0.346037
v -0.162811 0.205670 -0.346219
v -0.208458 0.204147 -0.343547
v -0.289758 0.185050 -0.310260
v -0.303757 0.216732 -0.365444
v -0.279773 0.208322 -0.350770
v -0.290746 0.190407 -0.319567
v -0.269994 0.236514 -0.399873
v -0.132422 0.182796 -0.306446
v 0.147174 0.254909 -0.431843
v -0.314007 0.191535 -0.321516
v 0.287752 0.203550 -0.364804
v 0.271073 0.210573 -0.377022
v 0.293866 0.205887 -0.368981
v 0.286391 0.209217 -0.374703
v 0.236655 0.193991 -0.348211
v 0.268001 0.183758 -0.330361
v 0.160048 0.218411 -0.390720
v 0.173389 0.208424 -0.373355
v 0.189900 0.206320 -0.369702
v 0.206303 0.203694 -0.365137
v -0.287752 0.203550 -0.364804
v -0.271073 0.210573 -0.377022
v -0.293866 0.205887 -0.368981
v -0.286391 0.209217 -0.374703
v -0.236655 0.193991 -0.348211
v -0.268001 0.183758 -0.330361
v -0.160048 0.218411 -0.390720
v -0.173389 0.208424 -0.373355
v -0.189900 0.206320 -0.369702
v -0.206303 0.203694 -0.365137
v 0.154799 0.239660 -0.427673
v -0.164742 0.177914 -0.320306
v 0.239385 0.229703 -0.410375
v -0.300387 0.207805 -0.372348
v -0.279927 0.178164 -0.320618
v 0.140006 0.209509 -0.375242
v -0.287277 0.213905 -0.382842
v 0.197897 0.177934 -0.320294
v -0.145497 0.178988 -0.322170
v 0.242040 0.177961 -0.320279
v 0.264563 0.222512 -0.397799
v -0.303044 0.195820 -0.351376
v 0.154913 0.177915 -0.320305
v -0.302969 0.204162 -0.365995
v 0.320730 0.072967 -0.406032
v 0.276387 0.175667 -0.442673
v 0.303933 0.080127 -0.421427
v 0.320395 0.173897 -0.406215
v 0.324742 0.122124 -0.401430
v 0.276766 0.091674 -0.442044
v 0.303431 0.175670 -0.422097
v 0.062698 0.167168 -0.481361
v 0.153781 0.162900 -0.481361
v 0.190620 0.111485 -0.481123
v 0.182714 0.135818 -0.481361
v 0.214693 0.175667 -0.474180
v 0.186403 0.123342 -0.481359
v 0.181002 0.175667 -0.481075
v 0.136057 0.175667 -0.481361
v 0.175731 0.147153 -0.481361
v 0.165890 0.156387 -0.481361
v 0.054224 0.175667 -0.481361
v 0.246537 0.175667 -0.459904
v 0.246793 0.100175 -0.459657
v 0.136315 0.166278 -0.481361
v 0.212598 0.105465 -0.474225
v -0.320730 0.072967 -0.406032
v -0.276387 0.175667 -0.442672
v -0.303933 0.080127 -0.421427
v -0.320395 0.173897 -0.406215
v -0.324742 0.122124 -0.401430
v -0.276766 0.091674 -0.442044
v -0.303431 0.175670 -0.422097
v -0.062698 0.167168 -0.481361
v -0.153781 0.162900 -0.481361
v -0.190620 0.111485 -0.481139
v -0.182714 0.135818 -0.481361
v -0.214693 0.175667 -0.474180
v -0.186403 0.123342 -0.481361
v -0.181002 0.175667 -0.481075
v -0.136057 0.175667 -0.481361
v -0.175731 0.147153 -0.481361
v -0.165890 0.156387 -0.481361
v -0.054224 0.175667 -0.481361
v -0.246537 0.175667 -0.459904
v -0.246793 0.100175 -0.459657
v -0.136315 0.166278 -0.481361
v -0.212598 0.105465 -0.474225
vn 0.2746 -0.9615 0.0080
vn 0.8383 -0.4811 -0.2563
vn -0.0000 -1.0000 -0.0000
vn -0.0485 -0.9346 0.3524
vn 0.1172 -0.9531 0.2789
vn 0.1499 -0.9531 0.2628
vn 0.3091 -0.9346 0.1760
vn 0.2079 -0.9562 0.2059
vn 0.2313 -0.9562 0.1793
vn 0.3517 -0.9357 0.0274
vn 0.2584 -0.9602 0.1057
vn 0.2694 -0.9602 0.0735
vn 0.3246 -0.9368 -0.1305
vn 0.4013 -0.8482 -0.3458
vn 0.3756 -0.8899 -0.2590
vn 0.3342 -0.9269 -0.1707
vn 0.2984 -0.9494 -0.0983
vn 0.2770 -0.9598 -0.0454
vn 0.1495 0.9888 0.0044
vn -0.0000 1.0000 -0.0000
vn -0.1109 0.9866 0.1199
vn 0.0715 0.9828 0.1704
vn 0.0023 0.0021 -1.0000
vn 0.0916 0.9828 0.1605
vn 0.0045 0.0001 -1.0000
vn 0.2903 0.9555 0.0522
vn 0.0017 -0.0005 -1.0000
vn -0.0004 -0.0007 -1.0000
vn 0.1223 0.9851 0.1212
vn 0.0002 -0.0000 -1.0000
vn 0.1361 0.9851 0.1054
vn 0.0004 0.0020 -1.0000
vn 0.2858 0.9546 -0.0842
vn 0.1439 0.9878 0.0589
vn -0.0000 0.0025 -1.0000
vn 0.1500 0.9878 0.0409
vn 0.2176 0.9526 -0.2127
vn 0.1688 0.9571 -0.2357
vn 0.2575 0.5473 -0.7963
vn 0.6844 0.0044 -0.7291
vn 0.2908 -0.9394 -0.1817
vn 0.8692 -0.4937 0.0257
vn -0.0000 -0.4810 0.8767
vn 0.0008 0.0026 -1.0000
vn 0.4562 -0.3954 0.7972
vn 0.0016 0.0040 -1.0000
vn 0.0503 -0.4827 0.8743
vn 0.3376 -0.4906 0.8033
vn 0.4318 -0.4906 0.7569
vn 0.4994 -0.4923 0.7130
vn 0.6190 -0.4910 0.6130
vn 0.6886 -0.4910 0.5337
vn 0.7252 -0.4919 0.4817
vn 0.8061 -0.4914 0.3297
vn 0.8402 -0.4914 0.2292
vn 0.8158 -0.4807 0.3216
vn 0.8606 -0.4901 -0.1382
vn 0.8391 -0.4718 -0.2709
vn 0.8009 -0.4358 -0.4106
vn 0.7527 -0.3861 -0.5333
vn 0.6887 -0.3419 -0.6394
vn 0.6786 -0.0042 -0.7345
vn 0.6070 -0.0015 -0.7947
vn 0.5078 -0.0015 -0.8615
vn 0.3980 -0.0152 -0.9173
vn -0.0000 0.4624 0.8867
vn 0.4982 0.3796 0.7796
vn 0.5520 0.5937 0.5855
vn 0.3287 0.5294 0.7821
vn 0.4203 0.5294 0.7369
vn 0.4835 0.5315 0.6955
vn 0.6027 0.5297 0.5968
vn 0.6704 0.5297 0.5197
vn 0.7043 0.5297 0.4726
vn 0.7850 0.5299 0.3210
vn 0.8181 0.5299 0.2232
vn 0.7908 0.5147 0.3313
vn 0.8142 0.5157 -0.2667
vn 0.8446 0.5287 -0.0843
vn 0.8367 0.5232 -0.1618
vn 0.8196 0.5172 -0.2463
vn 0.8006 0.5031 -0.3255
vn 0.7869 0.4411 -0.4316
vn -0.2246 0.9287 0.2953
vn 0.5010 -0.0028 -0.8655
vn -0.1408 0.9297 0.3403
vn -0.0936 0.9304 0.3545
vn -0.0400 0.9276 0.3714
vn 0.2425 0.9175 0.3153
vn 0.8461 0.5325 0.0250
vn -0.0002 0.8798 -0.4753
vn 0.0904 0.8764 -0.4730
vn 0.1923 0.8620 -0.4691
vn 0.3163 0.8256 -0.4672
vn 0.4755 0.7410 -0.4742
vn 0.6637 0.5499 -0.5071
vn 0.7114 0.1730 -0.6812
vn 0.9075 0.2895 0.3043
vn -0.7162 0.1958 -0.6699
vn -0.8924 0.3020 0.3353
vn -0.6456 0.5867 -0.4889
vn -0.4414 0.7700 -0.4608
vn -0.2853 0.8411 -0.4595
vn -0.1706 0.8684 -0.4656
vn -0.0798 0.8777 -0.4725
vn -0.0000 0.8424 0.5388
vn 0.4887 0.7165 0.4978
vn 0.8919 0.3873 0.2334
vn -0.0000 0.9431 -0.3326
vn -0.0000 0.9791 -0.2035
vn -0.0000 0.9974 -0.0726
vn -0.0000 0.9701 0.2429
vn -0.0000 0.8861 0.4634
vn -0.0000 0.9318 -0.3631
vn -0.0000 0.9992 0.0412
vn 0.4552 0.8343 -0.3111
vn 0.5271 0.8300 -0.1823
vn 0.5803 0.8121 -0.0610
vn 0.1951 0.9095 -0.3670
vn 0.5825 0.8122 0.0329
vn -0.0000 -0.0000 -1.0000
vn -0.0000 1.0000 -0.0004
vn 0.5530 0.8075 0.2053
vn 0.5196 0.7457 0.4169
vn 0.9324 0.3506 0.0878
vn 0.9402 0.3404 0.0090
vn 0.8962 0.4371 -0.0761
vn 0.9446 0.3274 -0.0223
vn 0.8622 0.4594 -0.2136
vn 0.1694 -0.5977 0.7836
vn 0.6631 -0.4827 0.5721
vn 0.0326 0.5183 0.8546
vn 0.6582 0.5183 0.5461
vn -0.0188 -0.9786 0.2051
vn -0.0016 -1.0000 -0.0039
vn -0.0021 -1.0000 -0.0036
vn 0.0730 -0.9357 0.3451
vn -0.0520 0.9905 -0.1271
vn -0.1353 0.9555 0.2621
vn -0.0600 0.9926 -0.1059
vn -0.0462 0.9546 0.2943
vn 0.8222 0.5168 0.2387
vn 0.8364 -0.4819 0.2613
vn 0.3682 -0.4819 0.7951
vn 0.3440 0.5168 0.7840
vn 0.0709 -0.9922 0.1025
vn -0.0178 -0.9997 -0.0177
vn -0.0199 -0.9997 -0.0153
vn 0.1782 -0.9368 0.3011
vn 0.0134 0.9996 0.0246
vn -0.0739 0.9945 -0.0742
vn -0.0721 0.9958 -0.0562
vn 0.0432 0.9526 0.3012
vn 0.6050 0.5145 0.6076
vn 0.6319 -0.4805 0.6081
vn 0.8715 -0.4805 -0.0979
vn 0.8499 0.5145 -0.1138
vn 0.0913 -0.9938 0.0627
vn -0.0501 -0.9985 -0.0207
vn -0.0523 -0.9985 -0.0141
vn 0.2767 -0.9377 0.2099
vn 0.0036 1.0000 0.0087
vn -0.0810 0.9962 -0.0334
vn -0.0765 0.9969 -0.0207
vn 0.1511 0.9536 0.2604
vn 0.8686 -0.4955 0.0002
vn 0.8686 -0.4955 -0.0000
vn 0.8406 -0.4799 -0.2512
vn 0.8687 -0.4953 0.0010
vn 0.8452 0.5345 0.0002
vn 0.8452 0.5345 -0.0000
vn 0.8167 0.5146 -0.2612
vn 0.8453 0.5343 0.0009
vn 0.2722 -0.9622 -0.0000
vn 0.2721 -0.9623 -0.0000
vn 0.2961 -0.9374 -0.1831
vn 0.2734 -0.9619 0.0003
vn 0.1459 0.9893 -0.0000
vn 0.1758 0.9554 -0.2373
vn 0.1474 0.9891 0.0002
vn 0.8615 -0.4927 0.1231
vn 0.8396 0.5296 0.1207
vn -0.0589 -0.9983 -0.0001
vn -0.0591 -0.9983 -0.0018
vn 0.1002 -0.9949 0.0146
vn -0.0749 0.9972 -0.0001
vn -0.0755 0.9971 -0.0022
vn -0.0022 1.0000 -0.0002
vn 0.2937 -0.9381 0.1836
vn 0.1726 0.9559 0.2378
vn 0.8487 0.5289 0.0041
vn 0.8706 -0.4920 0.0039
vn 0.8689 -0.4949 0.0025
vn 0.8471 0.5312 0.0149
vn 0.3033 -0.9289 0.2122
vn 0.1816 0.9411 0.2853
vn -0.0757 0.9971 -0.0000
vn -0.0756 0.9971 -0.0000
vn 0.0033 1.0000 0.0007
vn 0.8157 0.5148 0.2638
vn 0.8397 -0.4802 0.2538
vn 0.0651 0.9979 0.0019
vn 0.1012 0.9949 0.0019
vn -0.2795 0.9166 -0.2860
vn 0.1376 0.9905 0.0004
vn 0.0319 0.9994 -0.0155
vn 0.1260 -0.2215 -0.9670
vn 0.1329 -0.7278 -0.6728
vn -0.0001 1.0000 -0.0004
vn -0.2221 -0.6565 0.7209
vn -0.0000 -0.6814 0.7319
vn -0.4346 -0.5816 0.6877
vn 0.5752 0.8042 0.1495
vn 0.7507 0.6346 0.1835
vn 0.8892 0.4016 0.2191
vn 0.8849 -0.0576 0.4623
vn 0.7811 -0.2845 0.5558
vn 0.6258 -0.4567 0.6323
vn 0.4346 -0.5816 0.6877
vn 0.2221 -0.6565 0.7209
vn -0.0000 0.3943 -0.9190
vn 0.8376 -0.4772 0.2660
vn 0.8153 0.4993 0.2933
vn -0.0011 1.0000 0.0010
vn -0.0884 0.9961 0.0001
vn -0.2201 0.9755 -0.0029
vn -0.2349 0.9720 -0.0002
vn -0.4306 0.9025 -0.0054
vn 0.1246 0.9922 0.0011
vn -0.4740 0.8643 0.1684
vn 0.7505 0.0012 -0.6609
vn -0.6769 -0.7361 0.0009
vn -0.8467 -0.5321 -0.0012
vn 0.2756 -0.0242 -0.9610
vn -0.9996 -0.0282 -0.0026
vn 0.0266 0.0018 -0.9996
vn -0.0146 -0.9999 0.0034
vn -0.1986 -0.9801 0.0044
vn -0.0000 -1.0000 0.0012
vn 0.9207 0.3878 -0.0445
vn 0.9360 0.3503 -0.0353
vn 0.8691 0.4762 -0.1334
vn 0.8566 0.4802 -0.1889
vn 0.4790 0.8370 -0.2645
vn 0.4980 0.8390 -0.2191
vn -0.0000 0.9599 -0.2803
vn -0.0000 0.9718 -0.2358
vn 0.5562 0.8173 -0.1506
vn 0.5763 0.8058 -0.1361
vn -0.0000 0.9844 -0.1762
vn -0.0000 0.9864 -0.1645
vn -0.0006 0.9115 -0.4114
vn -0.0000 1.0000 -0.0001
vn -0.0005 1.0000 -0.0009
vn -0.0000 0.9115 -0.4112
vn -0.0000 1.0000 -0.0007
vn 0.0001 0.9116 -0.4111
vn 0.0084 0.9116 -0.4109
vn 0.3213 0.9302 -0.1775
vn 0.6056 -0.0028 -0.7957
vn -0.1848 0.9292 0.3202
vn -0.4253 0.9051 -0.0008
vn -0.2313 0.9729 -0.0004
vn -0.2621 0.9267 0.2694
vn 0.7509 0.0020 -0.6604
vn -0.0807 0.9967 -0.0018
vn -0.4284 0.9036 0.0020
vn 0.4083 -0.0030 -0.9129
vn 0.2013 0.0183 -0.9794
vn 0.0045 0.0025 -1.0000
vn 0.0001 1.0000 -0.0007
vn -0.0007 1.0000 -0.0011
vn -0.0005 0.9116 -0.4112
vn -0.0003 0.9111 -0.4121
vn -0.0000 1.0000 -0.0008
vn -0.0001 1.0000 -0.0008
vn -0.2204 0.9304 0.2927
vn -0.1276 0.9620 0.2412
vn -0.2807 0.9597 -0.0111
vn -0.2869 0.9079 0.3057
vn -0.3481 0.9296 0.1210
vn -0.5402 -0.2074 -0.8156
vn -0.3632 0.9317 -0.0079
vn -0.1103 0.9570 0.2682
vn -0.0743 0.9570 0.2804
vn -0.0427 0.9516 0.3044
vn 0.1167 0.9847 0.1296
vn 0.8792 -0.2172 -0.4241
vn 0.0042 0.9490 -0.3152
vn 0.0045 0.9337 -0.3579
vn 0.0003 0.9144 -0.4049
vn 0.0038 0.9568 -0.2908
vn 0.0043 0.9551 -0.2964
vn 0.5632 0.6890 -0.4561
vn 0.3544 0.7493 -0.5595
vn 0.2378 0.7703 -0.5917
vn 0.0981 0.7892 -0.6063
vn -0.3149 -0.6909 -0.6508
vn 0.2721 -0.9403 -0.2043
vn 0.9209 0.3399 0.1908
vn 0.4037 -0.7069 -0.5808
vn -0.0002 -0.1419 0.9899
vn -0.0000 -0.1423 0.9898
vn 0.0004 -0.1424 0.9898
vn -0.0046 -0.1316 0.9913
vn -0.3337 -0.8966 -0.2911
vn 0.4636 0.7217 -0.5141
vn 0.9231 0.3333 0.1917
vn 0.6374 0.6593 -0.3988
vn 0.9229 0.3340 0.1917
vn -0.0002 -0.1417 0.9899
vn 0.0001 -0.1416 0.9899
vn 0.2427 -0.6348 -0.7336
vn 0.2014 -0.6202 -0.7582
vn 0.3858 -0.8006 -0.4586
vn 0.2719 -0.6470 -0.7124
vn 0.8857 0.4464 -0.1278
vn 0.4897 -0.1935 0.8501
vn 0.3870 -0.8008 -0.4572
vn 0.1527 -0.6097 -0.7778
vn 0.1020 -0.6037 -0.7907
vn 0.0453 -0.6020 -0.7972
vn -0.7482 0.5197 -0.4125
vn -0.8643 0.0634 0.4990
vn 0.0006 -0.9929 -0.1189
vn 0.0006 -0.9929 -0.1188
vn 0.0003 -0.9928 -0.1195
vn -0.0044 -0.9923 -0.1240
vn -0.0001 -0.9928 -0.1195
vn -0.0000 0.5051 -0.8630
vn 0.2588 -0.9659 -0.0000
vn -0.1307 0.4879 -0.8630
vn 0.5000 -0.8660 -0.0000
vn -0.2526 0.4375 -0.8630
vn 0.7071 -0.7071 -0.0000
vn -0.3572 0.3572 -0.8630
vn 0.8660 -0.5000 -0.0000
vn -0.4375 0.2526 -0.8630
vn 0.9659 -0.2588 -0.0000
vn -0.4879 0.1307 -0.8630
vn 1.0000 -0.0000 -0.0000
vn -0.5051 -0.0000 -0.8630
vn 0.9659 0.2588 -0.0000
vn -0.4879 -0.1307 -0.8630
vn 0.8660 0.5000 -0.0000
vn -0.4375 -0.2526 -0.8630
vn 0.7071 0.7071 -0.0000
vn -0.3572 -0.3572 -0.8630
vn 0.5000 0.8660 -0.0000
vn -0.2526 -0.4375 -0.8630
vn 0.2588 0.9659 -0.0000
vn -0.1307 -0.4879 -0.8630
vn -0.0000 -0.5051 -0.8630
vn -0.2588 0.9659 -0.0000
vn 0.1307 -0.4879 -0.8630
vn -0.5000 0.8660 -0.0000
vn 0.2526 -0.4375 -0.8630
vn -0.7071 0.7071 -0.0000
vn 0.3572 -0.3572 -0.8630
vn -0.8660 0.5000 -0.0000
vn 0.4375 -0.2526 -0.8630
vn -0.9659 0.2588 -0.0000
vn 0.4879 -0.1307 -0.8630
vn -1.0000 -0.0000 -0.0000
vn 0.5051 -0.0000 -0.8630
vn -0.9659 -0.2588 -0.0000
vn 0.4879 0.1307 -0.8630
vn -0.8660 -0.5000 -0.0000
vn 0.4375 0.2526 -0.8630
vn -0.7071 -0.7071 -0.0000
vn 0.3572 0.3572 -0.8630
vn -0.5000 -0.8660 -0.0000
vn 0.2526 0.4375 -0.8630
vn -0.2588 -0.9659 -0.0000
vn 0.1307 0.4879 -0.8630
vn 0.2222 -0.8293 -0.5127
vn -0.0000 -0.8586 -0.5127
vn 0.4293 -0.7435 -0.5127
vn 0.6071 -0.6071 -0.5127
vn 0.7435 -0.4293 -0.5127
vn 0.8293 -0.2222 -0.5127
vn 0.8586 -0.0000 -0.5127
vn 0.8293 0.2222 -0.5127
vn 0.7435 0.4293 -0.5127
vn 0.6071 0.6071 -0.5127
vn 0.4293 0.7435 -0.5127
vn 0.2222 0.8293 -0.5127
vn -0.0000 0.8586 -0.5127
vn -0.2222 0.8293 -0.5127
vn -0.4293 0.7435 -0.5127
vn -0.6071 0.6071 -0.5127
vn -0.7435 0.4293 -0.5127
vn -0.8293 0.2222 -0.5127
vn -0.8586 -0.0000 -0.5127
vn -0.8293 -0.2222 -0.5127
vn -0.7435 -0.4293 -0.5127
vn -0.6071 -0.6071 -0.5127
vn -0.4293 -0.7435 -0.5127
vn -0.2222 -0.8293 -0.5127
vn -0.0000 0.0094 1.0000
vn -0.0000 0.9948 0.1019
vn -0.0000 0.9052 -0.4251
vn -0.0000 -0.4121 -0.9112
vn -0.0000 -0.6667 -0.7453
vn -0.0000 0.6685 -0.7437
vn -0.0000 0.7078 -0.7064
vn -0.0000 -0.3876 -0.9218
vn -0.0000 -0.9981 -0.0617
vn -0.0000 0.0024 -1.0000
vn -0.9992 0.0167 -0.0351
vn -0.9962 0.0557 -0.0669
vn -0.9983 0.0177 -0.0558
vn -0.9977 0.0115 -0.0661
vn -0.9970 0.0081 -0.0764
vn -0.9968 0.0067 -0.0797
vn -0.9975 0.0171 -0.0689
vn 0.8522 -0.0067 -0.5232
vn 0.7669 -0.6363 -0.0838
vn 0.7477 -0.6055 -0.2725
vn 0.7513 -0.5034 -0.4267
vn 0.6139 -0.4221 -0.6670
vn 0.7349 -0.1872 -0.6518
vn 0.9882 -0.0840 0.1281
vn 0.9706 0.2394 0.0231
vn 0.9489 0.3067 -0.0738
vn 0.9661 -0.1473 -0.2119
vn 0.9909 -0.0920 -0.0983
vn 0.9953 0.0483 -0.0845
vn 0.9324 0.2718 -0.2383
vn 0.9379 -0.1335 -0.3202
vn 0.9409 -0.3365 0.0380
vn 0.1939 0.9760 0.0993
vn 0.0002 0.9957 0.0922
vn 0.3867 0.9144 0.1196
vn -0.5615 0.8108 0.1655
vn -0.3774 0.9173 0.1274
vn 0.9034 0.0792 0.4213
vn -0.8740 0.4157 0.2517
vn -0.7345 0.6457 0.2085
vn -0.1894 0.9766 0.1014
vn -0.6258 -0.4567 0.6323
vn -0.7811 -0.2845 0.5558
vn -0.8849 -0.0576 0.4623
vn -0.9034 0.0792 0.4213
vn -0.6802 -0.6705 0.2963
vn -0.8475 -0.4859 0.2138
vn 0.9953 -0.0889 0.0385
vn -0.2414 -0.8873 0.3929
vn -0.0000 -0.9144 0.4049
vn -0.4724 -0.8060 0.3567
vn -0.9660 -0.2370 0.1033
vn 0.9660 -0.2370 0.1033
vn 0.8475 -0.4859 0.2138
vn 0.6802 -0.6705 0.2963
vn 0.4724 -0.8060 0.3567
vn 0.2414 -0.8873 0.3929
vn -0.9953 -0.0889 0.0385
vn 0.7712 -0.0000 0.6366
vn -0.2746 -0.9615 0.0080
vn -0.8383 -0.4811 -0.2563
vn 0.0485 -0.9346 0.3524
vn -0.1172 -0.9531 0.2789
vn -0.1499 -0.9531 0.2628
vn -0.3091 -0.9346 0.1760
vn -0.2079 -0.9562 0.2059
vn -0.2313 -0.9562 0.1793
vn -0.3517 -0.9357 0.0274
vn -0.2584 -0.9602 0.1057
vn -0.2694 -0.9602 0.0735
vn -0.3246 -0.9368 -0.1305
vn -0.4013 -0.8482 -0.3458
vn -0.3756 -0.8899 -0.2590
vn -0.3342 -0.9269 -0.1707
vn -0.2984 -0.9494 -0.0983
vn -0.2771 -0.9598 -0.0454
vn -0.1495 0.9888 0.0044
vn 0.1109 0.9866 0.1199
vn -0.0715 0.9828 0.1704
vn -0.0023 0.0021 -1.0000
vn -0.0916 0.9828 0.1605
vn -0.0045 0.0001 -1.0000
vn -0.2903 0.9555 0.0522
vn -0.0017 -0.0005 -1.0000
vn 0.0004 -0.0007 -1.0000
vn -0.1223 0.9851 0.1212
vn -0.0002 -0.0000 -1.0000
vn -0.1361 0.9851 0.1054
vn -0.0004 0.0020 -1.0000
vn -0.2858 0.9546 -0.0842
vn -0.1439 0.9878 0.0589
vn -0.1500 0.9878 0.0409
vn -0.2176 0.9526 -0.2127
vn -0.1688 0.9571 -0.2357
vn -0.2575 0.5473 -0.7963
vn -0.6844 0.0044 -0.7291
vn -0.2908 -0.9394 -0.1817
vn -0.8692 -0.4937 0.0257
vn -0.0008 0.0026 -1.0000
vn -0.4562 -0.3954 0.7972
vn -0.0016 0.0040 -1.0000
vn -0.0503 -0.4827 0.8743
vn -0.3376 -0.4906 0.8033
vn -0.4318 -0.4906 0.7569
vn -0.4994 -0.4923 0.7129
vn -0.6190 -0.4910 0.6130
vn -0.6886 -0.4910 0.5337
vn -0.7252 -0.4919 0.4817
vn -0.8061 -0.4914 0.3297
vn -0.8402 -0.4914 0.2292
vn -0.8158 -0.4807 0.3216
vn -0.8606 -0.4901 -0.1382
vn -0.8391 -0.4718 -0.2709
vn -0.8009 -0.4358 -0.4106
vn -0.7527 -0.3861 -0.5333
vn -0.6887 -0.3419 -0.6394
vn -0.6786 -0.0042 -0.7345
vn -0.6070 -0.0015 -0.7947
vn -0.5078 -0.0015 -0.8615
vn -0.3980 -0.0152 -0.9173
vn -0.4982 0.3796 0.7796
vn -0.5520 0.5937 0.5855
vn -0.3287 0.5294 0.7821
vn -0.4203 0.5294 0.7369
vn -0.4835 0.5315 0.6955
vn -0.6027 0.5297 0.5968
vn -0.6704 0.5297 0.5197
vn -0.7043 0.5297 0.4726
vn -0.7850 0.5299 0.3210
vn -0.8181 0.5299 0.2232
vn -0.7908 0.5147 0.3313
vn -0.8142 0.5157 -0.2667
vn -0.8446 0.5287 -0.0843
vn -0.8367 0.5232 -0.1618
vn -0.8196 0.5172 -0.2463
vn -0.8006 0.5031 -0.3255
vn -0.7869 0.4411 -0.4316
vn 0.2246 0.9287 0.2953
vn -0.5010 -0.0028 -0.8655
vn 0.1408 0.9297 0.3403
vn 0.0936 0.9304 0.3545
vn 0.0400 0.9276 0.3714
vn -0.2425 0.9175 0.3153
vn -0.8461 0.5325 0.0250
vn 0.0002 0.8798 -0.4753
vn -0.0904 0.8764 -0.4730
vn -0.1923 0.8620 -0.4691
vn -0.3163 0.8256 -0.4672
vn -0.4755 0.7410 -0.4742
vn -0.6637 0.5499 -0.5071
vn -0.7114 0.1730 -0.6812
vn -0.9075 0.2895 0.3043
vn 0.7162 0.1958 -0.6699
vn 0.8924 0.3020 0.3353
vn 0.6456 0.5867 -0.4889
vn 0.4414 0.7700 -0.4608
vn 0.2853 0.8411 -0.4595
vn 0.1706 0.8684 -0.4656
vn 0.0798 0.8777 -0.4725
vn -0.4887 0.7165 0.4978
vn -0.8919 0.3873 0.2334
vn -0.4552 0.8343 -0.3111
vn -0.5271 0.8300 -0.1823
vn -0.5803 0.8121 -0.0610
vn -0.1951 0.9095 -0.3670
vn -0.5825 0.8122 0.0329
vn -0.5530 0.8075 0.2053
vn -0.5196 0.7457 0.4169
vn -0.9324 0.3506 0.0878
vn -0.9402 0.3404 0.0090
vn -0.8962 0.4371 -0.0761
vn -0.9446 0.3274 -0.0223
vn -0.8622 0.4594 -0.2136
vn -0.1694 -0.5977 0.7836
vn -0.6631 -0.4827 0.5721
vn -0.0326 0.5183 0.8546
vn -0.6582 0.5183 0.5461
vn 0.0188 -0.9786 0.2051
vn 0.0016 -1.0000 -0.0039
vn 0.0021 -1.0000 -0.0036
vn -0.0730 -0.9357 0.3451
vn 0.0520 0.9905 -0.1271
vn 0.1353 0.9555 0.2621
vn 0.0600 0.9926 -0.1059
vn 0.0462 0.9546 0.2943
vn -0.8222 0.5168 0.2387
vn -0.8364 -0.4819 0.2613
vn -0.3682 -0.4819 0.7951
vn -0.3440 0.5168 0.7840
vn -0.0709 -0.9922 0.1025
vn 0.0178 -0.9997 -0.0177
vn 0.0199 -0.9997 -0.0153
vn -0.1782 -0.9368 0.3011
vn -0.0134 0.9996 0.0246
vn 0.0739 0.9945 -0.0742
vn 0.0721 0.9958 -0.0562
vn -0.0432 0.9526 0.3012
vn -0.6050 0.5145 0.6076
vn -0.6319 -0.4805 0.6081
vn -0.8715 -0.4805 -0.0979
vn -0.8499 0.5145 -0.1138
vn -0.0913 -0.9938 0.0627
vn 0.0501 -0.9985 -0.0207
vn 0.0523 -0.9985 -0.0141
vn -0.2767 -0.9377 0.2099
vn -0.0036 1.0000 0.0087
vn 0.0810 0.9962 -0.0334
vn 0.0765 0.9969 -0.0207
vn -0.1511 0.9536 0.2604
vn -0.8686 -0.4955 0.0002
vn -0.8686 -0.4955 -0.0000
vn -0.8406 -0.4799 -0.2512
vn -0.8687 -0.4953 0.0010
vn -0.8452 0.5345 0.0002
vn -0.8452 0.5345 -0.0000
vn -0.8167 0.5146 -0.2612
vn -0.8453 0.5343 0.0009
vn -0.2722 -0.9622 -0.0000
vn -0.2721 -0.9623 -0.0000
vn -0.2961 -0.9374 -0.1831
vn -0.2734 -0.9619 0.0003
vn -0.1459 0.9893 -0.0000
vn -0.1758 0.9554 -0.2373
vn -0.1474 0.9891 0.0002
vn -0.8615 -0.4927 0.1231
vn -0.8396 0.5296 0.1207
vn 0.0589 -0.9983 -0.0001
vn 0.0591 -0.9983 -0.0018
vn -0.1002 -0.9949 0.0146
vn 0.0749 0.9972 -0.0001
vn 0.0755 0.9971 -0.0022
vn 0.0021 1.0000 -0.0002
vn -0.2936 -0.9381 0.1836
vn -0.1726 0.9559 0.2378
vn -0.8487 0.5289 0.0041
vn -0.8706 -0.4920 0.0039
vn -0.8689 -0.4949 0.0025
vn -0.8471 0.5312 0.0149
vn -0.3033 -0.9289 0.2122
vn -0.1816 0.9411 0.2853
vn 0.0757 0.9971 -0.0000
vn 0.0756 0.9971 -0.0000
vn -0.0033 1.0000 0.0007
vn -0.8157 0.5148 0.2638
vn -0.8397 -0.4802 0.2538
vn -0.0651 0.9979 0.0019
vn -0.1012 0.9949 0.0019
vn 0.2795 0.9166 -0.2860
vn -0.1376 0.9905 0.0004
vn -0.0319 0.9994 -0.0155
vn -0.1260 -0.2215 -0.9670
vn -0.1329 -0.7278 -0.6728
vn 0.0001 1.0000 -0.0004
vn -0.5752 0.8042 0.1495
vn -0.7507 0.6346 0.1835
vn -0.8892 0.4016 0.2191
vn -0.8376 -0.4772 0.2660
vn -0.8153 0.4993 0.2933
vn 0.0011 1.0000 0.0010
vn 0.0884 0.9961 0.0001
vn 0.2201 0.9755 -0.0029
vn 0.2349 0.9720 -0.0002
vn 0.4306 0.9025 -0.0055
vn -0.1246 0.9922 0.0011
vn 0.4740 0.8643 0.1684
vn -0.7505 0.0012 -0.6609
vn 0.6769 -0.7361 0.0009
vn 0.8467 -0.5321 -0.0012
vn -0.2759 -0.0239 -0.9609
vn 0.9996 -0.0282 -0.0026
vn -0.0267 0.0018 -0.9996
vn 0.0146 -0.9999 0.0034
vn 0.1986 -0.9801 0.0044
vn -0.9207 0.3878 -0.0445
vn -0.9360 0.3503 -0.0353
vn -0.8691 0.4762 -0.1334
vn -0.8566 0.4802 -0.1889
vn -0.4790 0.8370 -0.2645
vn -0.4980 0.8390 -0.2191
vn -0.5562 0.8173 -0.1506
vn -0.5763 0.8058 -0.1361
vn 0.0006 0.9115 -0.4114
vn 0.0005 1.0000 -0.0009
vn -0.0001 0.9116 -0.4111
vn -0.0084 0.9116 -0.4109
vn -0.3213 0.9302 -0.1775
vn -0.6056 -0.0028 -0.7957
vn 0.1848 0.9292 0.3202
vn 0.4253 0.9051 -0.0008
vn 0.2313 0.9729 -0.0004
vn 0.2621 0.9267 0.2694
vn -0.7509 0.0020 -0.6604
vn 0.0954 0.9954 -0.0034
vn 0.4284 0.9036 0.0020
vn -0.4083 -0.0030 -0.9129
vn -0.2013 0.0183 -0.9794
vn -0.0045 0.0025 -1.0000
vn -0.0001 1.0000 -0.0007
vn 0.0007 1.0000 -0.0011
vn 0.0005 0.9116 -0.4112
vn 0.0006 0.9098 -0.4151
vn 0.0001 1.0000 -0.0008
vn 0.2204 0.9304 0.2927
vn 0.1276 0.9620 0.2412
vn 0.2807 0.9597 -0.0111
vn 0.2869 0.9079 0.3057
vn 0.3481 0.9296 0.1210
vn 0.5419 -0.2031 -0.8155
vn 0.3632 0.9317 -0.0079
vn 0.1103 0.9570 0.2682
vn 0.0743 0.9570 0.2804
vn 0.0427 0.9516 0.3044
vn -0.1167 0.9847 0.1296
vn -0.8792 -0.2172 -0.4241
vn -0.0042 0.9490 -0.3152
vn -0.0045 0.9337 -0.3579
vn -0.0003 0.9144 -0.4049
vn -0.0038 0.9568 -0.2908
vn -0.0043 0.9551 -0.2964
vn -0.5632 0.6890 -0.4561
vn -0.3544 0.7493 -0.5595
vn -0.2378 0.7703 -0.5917
vn -0.0981 0.7892 -0.6063
vn 0.3149 -0.6909 -0.6508
vn -0.2721 -0.9403 -0.2043
vn -0.9209 0.3399 0.1908
vn -0.4037 -0.7069 -0.5808
vn 0.0002 -0.1419 0.9899
vn -0.0004 -0.1424 0.9898
vn 0.0046 -0.1316 0.9913
vn 0.3337 -0.8966 -0.2911
vn -0.4636 0.7217 -0.5141
vn -0.9231 0.3333 0.1917
vn -0.6374 0.6593 -0.3988
vn -0.9229 0.3340 0.1917
vn 0.0002 -0.1417 0.9899
vn -0.0001 -0.1416 0.9899
vn -0.2427 -0.6348 -0.7336
vn -0.2014 -0.6202 -0.7582
vn -0.3858 -0.8006 -0.4586
vn -0.2719 -0.6470 -0.7124
vn -0.8857 0.4464 -0.1278
vn -0.4897 -0.1935 0.8501
vn -0.3870 -0.8008 -0.4572
vn -0.1527 -0.6097 -0.7778
vn -0.1020 -0.6037 -0.7907
vn -0.0453 -0.6020 -0.7972
vn 0.7482 0.5197 -0.4125
vn 0.8643 0.0634 0.4990
vn -0.0006 -0.9929 -0.1189
vn -0.0006 -0.9929 -0.1188
vn -0.0003 -0.9928 -0.1195
vn 0.0044 -0.9923 -0.1240
vn 0.0001 -0.9928 -0.1195
vn -0.0000 0.4239 -0.9057
vn 0.1097 0.4094 -0.9057
vn 0.2119 0.3671 -0.9057
vn 0.2997 0.2997 -0.9057
vn 0.3671 0.2119 -0.9057
vn 0.4094 0.1097 -0.9057
vn 0.4239 -0.0000 -0.9057
vn 0.4094 -0.1097 -0.9057
vn 0.3671 -0.2119 -0.9057
vn 0.2997 -0.2997 -0.9057
vn 0.2119 -0.3671 -0.9057
vn 0.1097 -0.4094 -0.9057
vn -0.0000 -0.4239 -0.9057
vn -0.1097 -0.4094 -0.9057
vn -0.2119 -0.3671 -0.9057
vn -0.2997 -0.2997 -0.9057
vn -0.3671 -0.2119 -0.9057
vn -0.4094 -0.1097 -0.9057
vn -0.4239 -0.0000 -0.9057
vn -0.4094 0.1097 -0.9057
vn -0.3671 0.2119 -0.9057
vn -0.2997 0.2997 -0.9057
vn -0.2119 0.3671 -0.9057
vn -0.1097 0.4094 -0.9057
vn 0.9993 0.0164 -0.0328
vn 0.9963 0.0539 -0.0672
vn 0.9984 0.0175 -0.0547
vn 0.9977 0.0115 -0.0661
vn 0.9971 0.0082 -0.0762
vn 0.9972 0.0127 -0.0740
vn 0.9973 0.0197 -0.0712
vn -0.8254 -0.0157 -0.5643
vn -0.7674 -0.6356 -0.0839
vn -0.7483 -0.6049 -0.2722
vn -0.7399 -0.5104 -0.4383
vn -0.7286 -0.3736 -0.5741
vn -0.5965 -0.2420 -0.7652
vn -0.9882 -0.0840 0.1281
vn -0.9706 0.2394 0.0231
vn -0.9489 0.3067 -0.0738
vn -0.9661 -0.1473 -0.2119
vn -0.9909 -0.0920 -0.0983
vn -0.9953 0.0483 -0.0845
vn -0.9324 0.2718 -0.2383
vn -0.9379 -0.1335 -0.3202
vn -0.9409 -0.3365 0.0380
vn -0.1939 0.9760 0.0993
vn -0.0002 0.9957 0.0922
vn -0.3867 0.9144 0.1196
vn 0.5615 0.8108 0.1655
vn 0.3774 0.9173 0.1274
vn 0.8740 0.4157 0.2517
vn 0.7345 0.6457 0.2085
vn 0.1894 0.9766 0.1015
vn -0.7712 -0.0000 0.6366
vn -0.6830 -0.7305 -0.0001
vn -0.4743 -0.8804 -0.0001
vn -0.6708 -0.1677 -0.7225
vn -0.8507 -0.5256 0.0002
vn -0.9988 0.0361 -0.0344
vn -0.2172 -0.9761 0.0008
vn -0.0154 -0.9999 0.0001
vn -0.9943 0.0789 -0.0712
vn 0.6830 -0.7305 -0.0001
vn 0.4743 -0.8804 -0.0001
vn 0.6708 -0.1677 -0.7225
vn 0.8507 -0.5256 0.0002
vn 0.9988 0.0361 -0.0344
vn 0.2172 -0.9761 0.0008
vn 0.0154 -0.9999 0.0001
vn 0.9943 0.0789 -0.0712
vn -0.4693 -0.5009 -0.7272
vn -0.3264 -0.6031 -0.7278
vn -0.9672 -0.2540 -0.0034
vn -0.5851 -0.3608 -0.7263
vn -0.6576 0.0417 -0.7522
vn -0.1525 -0.6733 -0.7234
vn -0.0106 -0.6736 -0.7390
vn -0.0000 -0.6706 -0.7418
vn -0.4655 -0.8850 0.0024
vn 0.0042 0.0040 -1.0000
vn -0.9632 -0.2687 -0.0016
vn 0.0236 -0.0078 -0.9997
vn 0.0037 0.0028 -1.0000
vn -0.6902 -0.6841 -0.2357
vn -0.6720 -0.6181 -0.4079
vn -0.6623 -0.5027 -0.5555
vn -0.6522 -0.3571 -0.6687
vn -0.6433 -0.1751 -0.7453
vn -0.6746 -0.0217 -0.7379
vn 0.4693 -0.5009 -0.7272
vn 0.3264 -0.6031 -0.7278
vn 0.9672 -0.2540 -0.0034
vn 0.5851 -0.3608 -0.7263
vn 0.6576 0.0417 -0.7522
vn 0.1525 -0.6733 -0.7234
vn 0.0106 -0.6736 -0.7390
vn 0.4655 -0.8850 0.0024
vn -0.0042 0.0040 -1.0000
vn 0.9632 -0.2687 -0.0016
vn -0.0260 -0.0065 -0.9996
vn -0.0037 0.0028 -1.0000
vn 0.6902 -0.6841 -0.2357
vn 0.6720 -0.6181 -0.4079
vn 0.6623 -0.5027 -0.5555
vn 0.6526 -0.3578 -0.6679
vn 0.6522 -0.1963 -0.7322
vn 0.6899 -0.0220 -0.7235
vn -0.1465 0.5469 -0.8243
vn -0.0000 0.5661 -0.8243
vn -0.2831 0.4903 -0.8243
vn -0.4003 0.4003 -0.8243
vn -0.4903 0.2831 -0.8243
vn -0.5469 0.1465 -0.8243
vn -0.5661 -0.0000 -0.8243
vn -0.5469 -0.1465 -0.8243
vn -0.4903 -0.2831 -0.8243
vn -0.4003 -0.4003 -0.8243
vn -0.2831 -0.4903 -0.8243
vn -0.1465 -0.5469 -0.8243
vn -0.0000 -0.5662 -0.8243
vn 0.1465 -0.5469 -0.8243
vn 0.2831 -0.4903 -0.8243
vn 0.4003 -0.4003 -0.8243
vn 0.4903 -0.2831 -0.8243
vn 0.5469 -0.1465 -0.8243
vn 0.5661 -0.0000 -0.8243
vn 0.5469 0.1465 -0.8243
vn 0.4903 0.2831 -0.8243
vn 0.4003 0.4003 -0.8243
vn 0.2831 0.4903 -0.8243
vn 0.1465 0.5469 -0.8243
vn 0.1204 0.4494 -0.8852
vn -0.0000 0.4653 -0.8852
vn 0.2326 0.4030 -0.8852
vn 0.3290 0.3290 -0.8852
vn 0.4030 0.2326 -0.8852
vn 0.4494 0.1204 -0.8852
vn 0.4653 -0.0000 -0.8852
vn 0.4494 -0.1204 -0.8852
vn 0.4030 -0.2326 -0.8852
vn 0.3290 -0.3290 -0.8852
vn 0.2326 -0.4030 -0.8852
vn 0.1204 -0.4494 -0.8852
vn -0.0000 -0.4653 -0.8852
vn -0.1204 -0.4494 -0.8852
vn -0.2326 -0.4030 -0.8852
vn -0.3290 -0.3290 -0.8852
vn -0.4030 -0.2326 -0.8852
vn -0.4494 -0.1204 -0.8852
vn -0.4653 -0.0000 -0.8852
vn -0.4494 0.1204 -0.8852
vn -0.4030 0.2326 -0.8852
vn -0.3290 0.3290 -0.8852
vn -0.2326 0.4030 -0.8852
vn -0.1204 0.4494 -0.8852
vn -0.4008 0.6943 -0.5977
vn -0.2075 0.7744 -0.5977
vn -0.2075 0.7744 -0.5978
vn -0.0000 0.8017 -0.5977
vn 0.2075 0.7744 -0.5977
vn 0.2075 0.7744 -0.5978
vn -0.5669 -0.5669 -0.5977
vn -0.6943 -0.4008 -0.5977
vn -0.6943 -0.4008 -0.5978
vn 0.6943 -0.4008 -0.5977
vn 0.5669 -0.5669 -0.5977
vn 0.5669 -0.5669 -0.5978
vn 0.4008 0.6943 -0.5977
vn -0.7744 -0.2075 -0.5977
vn -0.7744 -0.2075 -0.5978
vn 0.4008 -0.6943 -0.5977
vn 0.4008 -0.6943 -0.5978
vn 0.5669 0.5669 -0.5977
vn -0.8017 -0.0000 -0.5977
vn -0.8017 -0.0000 -0.5978
vn 0.2075 -0.7744 -0.5977
vn 0.2075 -0.7744 -0.5978
vn 0.6943 0.4008 -0.5977
vn 0.6943 0.4008 -0.5978
vn -0.7744 0.2075 -0.5977
vn -0.7744 0.2075 -0.5978
vn -0.0000 -0.8017 -0.5977
vn -0.0000 -0.8017 -0.5978
vn 0.7744 0.2075 -0.5977
vn -0.6943 0.4008 -0.5977
vn -0.6943 0.4008 -0.5978
vn -0.2075 -0.7744 -0.5977
vn -0.2075 -0.7744 -0.5978
vn 0.8017 -0.0000 -0.5977
vn 0.8017 -0.0000 -0.5978
vn -0.5669 0.5669 -0.5977
vn -0.4008 -0.6943 -0.5977
vn -0.4008 -0.6943 -0.5978
vn 0.7744 -0.2075 -0.5977
vn 0.7744 -0.2075 -0.5978
vn -0.0520 -0.9984 0.0216
vn -0.0486 -0.9984 0.0280
vn -0.0542 -0.9984 0.0146
vn 0.3238 -0.8556 -0.4038
vn 0.1226 -0.9294 -0.3482
vn -0.0612 -0.9981 -0.0000
vn 0.1044 -0.9945 0.0010
vn -0.0446 -0.9985 0.0329
vn -0.0610 -0.9981 -0.0000
vn 0.0958 -0.9954 -0.0004
vn -0.0000 -0.9286 0.3711
vn 0.0179 -0.9321 0.3617
vn 0.2743 -0.8105 -0.5176
vn 0.3117 -0.8302 -0.4623
vn -0.0550 -0.9985 0.0074
vn 0.1955 -0.8188 -0.5397
vn -0.3408 -0.8493 -0.4033
vn -0.0000 -0.7341 -0.6791
vn 0.4904 -0.8147 -0.3095
vn -0.6580 -0.7492 -0.0758
vn 0.0520 -0.9984 0.0216
vn 0.0486 -0.9984 0.0280
vn 0.0542 -0.9984 0.0146
vn -0.3238 -0.8556 -0.4039
vn -0.1226 -0.9294 -0.3481
vn 0.0612 -0.9981 -0.0000
vn -0.1044 -0.9945 0.0010
vn 0.0446 -0.9985 0.0329
vn 0.0610 -0.9981 -0.0000
vn -0.0958 -0.9954 -0.0004
vn -0.0179 -0.9321 0.3617
vn -0.2743 -0.8105 -0.5176
vn -0.3117 -0.8302 -0.4623
vn 0.0550 -0.9985 0.0074
vn -0.1955 -0.8188 -0.5397
vn -0.4905 -0.8146 -0.3095
vn 0.3408 -0.8493 -0.4033
vn 0.6580 -0.7492 -0.0758
vn 0.4047 0.9144 -0.0073
vn 0.3965 0.9180 -0.0069
vn -0.4047 0.9144 -0.0073
vn -0.3965 0.9180 -0.0069
vn 0.0006 0.8671 0.4981
vn 0.0001 0.8671 0.4981
vn -0.0004 0.8670 0.4983
vn -0.0003 0.8667 0.4988
vn 0.0021 0.8683 0.4961
vn -0.0023 0.8687 0.4954
vn -0.0001 0.8669 0.4985
vn -0.0005 0.8676 0.4973
vn 0.0001 0.8670 0.4983
vn 0.0002 0.8669 0.4984
vn 0.0001 0.8669 0.4985
vn -0.0006 0.8670 0.4983
vn -0.0005 0.8671 0.4981
vn -0.0002 0.8671 0.4981
vn -0.0000 0.8668 0.4986
vn -0.0000 0.8669 0.4986
vn -0.0006 0.8671 0.4981
vn -0.0001 0.8671 0.4981
vn 0.0004 0.8670 0.4983
vn 0.0003 0.8667 0.4988
vn -0.0021 0.8682 0.4961
vn 0.0023 0.8687 0.4954
vn 0.0005 0.8676 0.4973
vn -0.0001 0.8670 0.4983
vn -0.0002 0.8669 0.4984
vn 0.0006 0.8670 0.4983
vn 0.0005 0.8671 0.4981
vn 0.0002 0.8671 0.4981
vn 0.0010 -0.8671 -0.4981
vn -0.0001 -0.8673 -0.4977
vn 0.0002 -0.8668 -0.4986
vn -0.0037 -0.8685 -0.4956
vn -0.0043 -0.8669 -0.4984
vn 0.0006 -0.8673 -0.4978
vn 0.0006 -0.8672 -0.4980
vn -0.0001 -0.8670 -0.4983
vn -0.0001 -0.8668 -0.4987
vn -0.0002 -0.8670 -0.4984
vn -0.0000 -0.8668 -0.4986
vn -0.0047 -0.8681 -0.4964
vn -0.0000 -0.8669 -0.4985
vn -0.0001 -0.8669 -0.4984
vn 0.0001 -0.8669 -0.4985
vn 0.0002 -0.8672 -0.4980
vn 0.0003 -0.8671 -0.4982
vn -0.0010 -0.8671 -0.4981
vn 0.0001 -0.8673 -0.4977
vn -0.0002 -0.8668 -0.4986
vn 0.0037 -0.8685 -0.4956
vn 0.0043 -0.8669 -0.4984
vn -0.0006 -0.8673 -0.4978
vn -0.0006 -0.8672 -0.4980
vn 0.0001 -0.8670 -0.4983
vn 0.0001 -0.8668 -0.4987
vn 0.0002 -0.8670 -0.4984
vn 0.0046 -0.8681 -0.4964
vn 0.0001 -0.8669 -0.4984
vn -0.0001 -0.8669 -0.4985
vn -0.0002 -0.8672 -0.4980
vn -0.0003 -0.8671 -0.4982
vn 0.5213 -0.4089 -0.7490
vn 0.9383 -0.3018 -0.1689
vn 0.3913 0.7649 -0.5116
vn 0.3204 0.7692 -0.5529
vn 0.4658 -0.3824 -0.7980
vn 0.4578 0.7550 -0.4695
vn 0.2765 0.7357 -0.6183
vn 0.4054 -0.3568 -0.8416
vn -0.0103 -0.5516 -0.8340
vn -0.0000 -0.2712 -0.9625
vn -0.1399 -0.6348 -0.7599
vn -0.3236 -0.5940 -0.7365
vn 0.3365 -0.1520 -0.9293
vn -0.6746 -0.0287 -0.7376
vn -0.5934 -0.3650 -0.7174
vn -0.6731 -0.1832 -0.7165
vn 0.2588 0.7754 -0.5760
vn 0.1300 0.7687 -0.6262
vn 0.0053 0.7729 -0.6345
vn -0.0005 0.7932 -0.6089
vn -0.4727 -0.5015 -0.7246
vn -0.0000 0.7622 -0.6473
vn 0.3243 -0.3509 -0.8785
vn -0.5213 -0.4089 -0.7490
vn -0.9383 -0.3018 -0.1689
vn -0.3913 0.7649 -0.5116
vn -0.3204 0.7692 -0.5529
vn -0.4658 -0.3824 -0.7980
vn -0.4578 0.7550 -0.4695
vn -0.2765 0.7357 -0.6183
vn -0.4054 -0.3568 -0.8416
vn 0.0103 -0.5516 -0.8340
vn 0.1399 -0.6348 -0.7599
vn 0.3236 -0.5940 -0.7365
vn -0.3470 -0.1471 -0.9262
vn 0.6723 -0.0218 -0.7399
vn 0.5934 -0.3650 -0.7174
vn 0.6730 -0.1827 -0.7168
vn -0.2588 0.7754 -0.5761
vn -0.1300 0.7687 -0.6262
vn -0.0053 0.7729 -0.6345
vn 0.0005 0.7932 -0.6089
vn 0.4727 -0.5015 -0.7246
vn -0.3243 -0.3509 -0.8785
vn 0.4198 0.9076 0.0005
vn 0.7482 0.4174 -0.5158
vn -0.1263 0.9920 -0.0001
vn 0.0337 0.9140 0.4042
vn 0.1285 0.9917 0.0095
vn 0.5873 0.8093 0.0097
vn -0.0006 1.0000 -0.0010
vn 0.0006 1.0000 -0.0003
vn 0.0968 0.9909 0.0939
vn 0.2906 0.9507 0.1080
vn -0.9660 -0.2365 0.1041
vn -0.9005 0.4344 0.0221
vn -0.4702 0.8705 0.1453
vn 0.6802 -0.6701 0.2972
vn 0.0314 0.4715 -0.8813
vn 0.8644 -0.4952 -0.0875
vn 0.4027 0.8538 0.3300
vn 0.0033 -1.0000 -0.0019
vn -0.0504 -0.9984 0.0249
vn 0.2326 -0.0154 -0.9725
vn -0.0012 1.0000 -0.0001
vn 0.6191 -0.3961 -0.6781
vn 0.4847 -0.8745 0.0144
vn 0.0008 1.0000 -0.0008
vn 0.4633 -0.5750 -0.6743
vn -0.0000 -0.0124 0.9999
vn 0.8442 0.0036 0.5360
vn 0.3894 0.9072 0.1594
vn 0.7942 -0.0086 -0.6076
vn 0.3570 0.7667 -0.5337
vn 0.1577 0.8609 -0.4837
vn 0.8429 0.4137 0.3439
vn 0.8714 0.3962 0.2893
vn 0.0275 0.9988 0.0410
vn 0.5035 0.7333 0.4569
vn 0.4988 -0.8455 -0.1907
vn 0.9417 0.3349 -0.0325
vn 0.8575 0.4712 -0.2063
vn 0.5294 0.0055 0.8484
vn -0.2615 0.3470 0.9007
vn 0.4228 0.8851 0.1947
vn 0.8267 0.5319 0.1834
vn -0.1030 0.8851 0.4540
vn 0.0437 0.9990 -0.0020
vn 0.9048 -0.4145 -0.0979
vn 0.3453 0.9281 -0.1392
vn 0.1230 0.9902 0.0654
vn 0.3183 -0.3983 0.8603
vn 0.9980 0.0038 -0.0625
vn 0.2652 -0.9640 0.0174
vn -0.0566 0.9915 -0.1168
vn 0.8452 0.5345 -0.0013
vn 0.2740 -0.9617 0.0025
vn 0.4051 0.8725 -0.2732
vn 0.1331 0.9911 -0.0057
vn 0.0987 -0.9553 0.2786
vn -0.0669 0.9974 -0.0251
vn 0.2202 -0.9562 0.1931
vn 0.6545 0.4074 -0.6369
vn 0.2638 -0.9630 0.0551
vn 0.0830 0.9137 -0.3977
vn 0.9694 0.0038 0.2453
vn 0.0712 -0.9959 -0.0554
vn 0.1172 0.9686 -0.2193
vn 0.6275 -0.3267 -0.7068
vn -0.0002 1.0000 -0.0000
vn 0.2859 -0.9557 -0.0696
vn 0.1685 0.9772 -0.1291
vn -0.9075 0.3196 0.2726
vn -0.6502 0.7364 0.1869
vn -0.4005 -0.5569 -0.7276
vn 0.0182 0.4907 -0.8711
vn 0.4739 -0.8386 0.2687
vn -0.0532 -0.9984 0.0182
vn 0.3904 0.9206 -0.0063
vn 0.1961 -0.9386 0.2839
vn 0.0039 1.0000 -0.0023
vn 0.0006 1.0000 -0.0004
vn -0.2337 0.9723 -0.0001
vn -0.1600 0.5470 -0.8217
vn 0.3238 -0.8652 -0.3829
vn -0.0498 -0.8575 0.5121
vn 0.3453 -0.8739 0.3422
vn 0.4686 -0.8741 0.1277
vn 0.8520 -0.4828 -0.2024
vn 0.1854 -0.9479 -0.2590
vn 0.4871 -0.4012 -0.7758
vn 0.4952 0.0038 0.8687
vn 0.9907 0.0033 -0.1362
vn 0.8448 0.5332 0.0448
vn 0.2765 0.8263 -0.4906
vn -0.5707 0.6476 -0.5049
vn 0.5116 0.8355 -0.2004
vn 0.4534 0.8249 -0.3375
vn 0.8809 0.4025 0.2491
vn 0.9141 0.3676 0.1714
vn 0.8346 0.5049 -0.2201
vn 0.4670 -0.4922 0.7346
vn 0.2904 0.5313 0.7958
vn -0.1342 -0.9504 0.2807
vn 0.1902 -0.9587 0.2117
vn 0.0636 0.8816 0.4677
vn 0.0285 -0.9992 0.0284
vn -0.1738 0.9538 0.2452
vn 0.3046 -0.8518 0.4262
vn 0.0383 -0.9455 0.3234
vn -0.0021 -1.0000 -0.0007
vn 0.3692 0.8763 0.3095
vn 0.0851 0.9078 0.4106
vn 0.1339 -0.9531 0.2715
vn 0.2272 -0.9458 -0.2319
vn 0.3904 0.9200 0.0344
vn 0.2635 -0.9646 0.0031
vn 0.2624 -0.9647 -0.0217
vn -0.0158 -0.9999 -0.0000
vn -0.0375 -0.9993 0.0057
vn 0.0776 0.9142 0.3977
vn 0.4023 0.8734 0.2744
vn 0.8686 -0.4955 0.0011
vn 0.4161 0.9093 -0.0035
vn -0.0950 0.9910 0.0946
vn 0.3921 -0.8687 -0.3026
vn -0.0003 1.0000 -0.0002
vn 0.0141 0.3723 -0.9280
vn 0.8482 -0.4845 0.2143
vn 0.9660 -0.2365 0.1041
vn -0.4724 -0.8056 0.3576
vn 0.4818 0.8660 0.1337
vn 0.7356 0.6759 -0.0453
vn -0.8482 -0.4845 0.2143
vn -0.6802 -0.6701 0.2972
vn -0.2414 -0.8870 0.3938
vn -0.0000 -0.9140 0.4058
vn 0.2414 -0.8870 0.3938
vn 0.4724 -0.8056 0.3576
vn 0.0331 0.4218 -0.9061
vn 0.8448 0.5324 -0.0536
vn -0.0070 -1.0000 0.0006
vn 0.1374 0.9902 0.0230
vn -0.0179 0.9997 0.0171
vn -0.3099 0.9508 0.0016
vn 0.1144 0.9934 0.0017
vn 0.5328 0.7265 -0.4340
vn 0.8904 -0.0151 -0.4549
vn -0.0493 -0.9983 -0.0321
vn 0.1883 -0.8737 0.4486
vn 0.8248 -0.4912 0.2800
vn 0.8219 -0.4561 -0.3411
vn 0.5267 -0.6543 -0.5426
vn 0.4378 -0.3677 -0.8205
vn 0.5623 -0.0136 0.8268
vn -0.2711 0.8496 0.4524
vn 0.5798 0.8127 0.0576
vn 0.9257 0.0038 0.3783
vn 0.9689 0.0037 -0.2476
vn 0.9662 0.0015 -0.2578
vn 0.6057 -0.0033 -0.7957
vn 0.4199 0.7573 -0.5002
vn 1.0000 0.0036 0.0051
vn -0.3877 0.7766 -0.4965
vn -0.0000 0.9757 -0.2193
vn -0.0000 0.9351 -0.3543
vn 0.0067 0.9434 -0.3316
vn 0.5836 0.8018 -0.1288
vn 0.6378 0.5294 0.5594
vn 0.8867 0.4522 -0.0960
vn 0.5765 -0.5099 0.6385
vn 0.4546 0.5313 0.7149
vn -0.0037 -0.9999 0.0129
vn -0.0566 0.9924 -0.1093
vn -0.2413 0.9633 0.1180
vn 0.9392 0.0038 0.3434
vn -0.0675 0.9962 -0.0555
vn 0.7886 -0.4931 0.3675
vn -0.0310 -0.9995 -0.0062
vn -0.1208 0.9922 -0.0323
vn 0.8686 -0.4955 -0.0008
vn 1.0000 0.0039 0.0004
vn 0.4845 -0.8748 -0.0000
vn -0.0002 1.0000 -0.0001
vn -0.1015 -0.8533 0.5114
vn 0.9905 0.0036 0.1376
vn 0.4624 -0.8841 0.0675
vn 0.2347 -0.9587 0.1609
vn 0.6747 -0.3941 -0.6241
vn 0.6447 0.4140 -0.6426
vn -0.0156 -0.9999 -0.0000
vn -0.0611 -0.9981 -0.0000
vn 0.1806 -0.9486 0.2599
vn 0.4718 -0.8481 0.2409
vn 0.0856 0.9963 0.0021
vn 0.8452 0.5345 -0.0009
vn 0.3742 -0.8395 -0.3941
vn 0.0016 0.9999 0.0099
vn -0.0475 0.9945 -0.0933
vn 0.0014 1.0000 -0.0015
vn 0.5345 0.8415 -0.0793
vn -0.7072 0.7068 -0.0183
vn -0.2836 0.9523 0.1125
vn -0.0282 0.4204 -0.9069
vn 0.1296 0.9850 0.1136
vn -0.0466 -0.9984 0.0306
vn -0.0375 -0.9993 -0.0057
vn -0.3483 0.9374 0.0017
vn -0.9645 -0.2642 0.0003
vn 0.0481 -0.9984 -0.0302
vn 0.3843 -0.8739 0.2977
vn 0.4857 -0.8694 -0.0907
vn 0.6809 -0.0004 -0.7323
vn 0.5851 0.0036 0.8110
vn 0.2990 0.9071 0.2963
vn 0.0290 0.8410 0.5402
vn 0.8415 0.5264 -0.1213
vn 0.4184 0.7658 -0.4884
vn 0.5039 -0.0028 -0.8638
vn 0.3753 0.5292 0.7610
vn 0.0003 -1.0000 -0.0083
vn 0.5954 0.6181 -0.5133
vn 0.1535 -0.9453 0.2877
vn -0.0000 0.9877 -0.1566
vn -0.0890 0.9960 0.0002
vn 0.0205 0.9790 -0.2031
vn 0.1474 0.9878 0.0500
vn 0.4674 -0.8509 -0.2397
vn -0.1872 0.9822 -0.0129
vn 0.9395 0.3414 -0.0268
vn 0.8550 -0.4261 0.2959
vn 0.8540 0.4512 0.2589
vn -0.0018 -1.0000 -0.0037
vn 0.1021 0.9874 0.1212
vn 0.0234 -0.4152 0.9094
vn -0.0123 0.4380 0.8989
vn 0.2677 -0.8825 0.3867
vn 0.0319 -0.9992 0.0245
vn 0.2672 0.9171 0.2959
vn -0.0929 0.9915 -0.0905
vn -0.0729 0.9952 -0.0647
vn 0.5010 -0.8519 -0.1527
vn -0.0514 -0.9985 -0.0175
vn 1.0000 0.0039 -0.0001
vn -0.0123 -0.9999 -0.0000
vn -0.0358 -0.9993 0.0051
vn 0.1609 -0.9553 0.2479
vn 0.4653 -0.8852 0.0018
vn 0.6783 -0.3882 0.6239
vn 0.4283 0.9035 -0.0177
vn 0.3554 -0.9099 -0.2139
vn -0.0004 1.0000 -0.0063
vn 0.0818 0.9827 0.1659
vn -0.3234 0.9408 -0.1018
vn -0.0296 0.4755 -0.8792
vn 0.9637 0.0030 0.2670
vn -0.0109 0.3750 -0.9270
vn 0.1759 -0.9440 -0.2792
vn -0.0710 0.9974 -0.0084
vn -0.0772 0.9969 0.0141
vn 0.1319 0.9913 0.0006
vn 0.2412 -0.8737 0.4225
vn 0.6551 -0.4907 0.5745
vn 0.5316 -0.7261 -0.4361
vn 0.5726 0.5316 0.6242
vn 0.7753 -0.3979 -0.4905
vn 0.1630 0.9070 0.3883
vn 0.7107 0.0038 0.7035
vn 0.0506 -0.4758 0.8781
vn 0.9647 0.0038 0.2634
vn 0.8293 0.5200 -0.2046
vn -0.0002 1.0000 -0.0009
vn 0.4199 0.9075 0.0124
vn 0.7448 0.3604 -0.5616
vn -0.2502 0.8355 -0.4892
vn -0.0000 0.9999 0.0151
vn 0.0280 0.9970 -0.0722
vn 0.5402 0.7559 0.3700
vn 0.9250 0.3657 0.1033
vn -0.0004 1.0000 -0.0007
vn 0.0352 -0.9975 0.0614
vn -0.0581 0.9891 -0.1354
vn 0.0533 0.9850 0.1643
vn 0.5883 -0.4926 0.6413
vn 0.4631 0.0038 0.8863
vn 0.0132 -0.9999 0.0083
vn 0.8493 -0.4931 0.1885
vn 0.4369 0.8765 -0.2024
vn -0.0611 0.9967 -0.0543
vn 0.1338 0.9909 0.0141
vn 0.8686 -0.4955 -0.0012
vn 0.9701 0.0037 -0.2428
vn 0.4741 -0.8471 -0.2400
vn 0.2648 -0.9643 -0.0031
vn 0.1484 0.9889 0.0013
vn 0.0193 -0.9294 0.3686
vn -0.0590 -0.9983 -0.0005
vn -0.0281 -0.9995 -0.0138
vn -0.1259 0.9920 -0.0036
vn 0.1383 0.8991 -0.4153
vn 0.6832 -0.3875 -0.6189
vn -0.0354 -0.9994 -0.0057
vn 0.3884 0.9215 0.0010
vn 0.6491 0.4082 0.6419
vn 0.2964 -0.8187 -0.4918
vn -0.0002 1.0000 -0.0002
vn 0.0357 0.4451 -0.8948
vn 0.4664 -0.8846 -0.0046
vn 0.6655 0.7276 0.1664
vn 0.9155 0.4019 -0.0162
vn -0.6281 -0.2785 -0.7266
vn -0.5057 0.8603 -0.0635
vn -0.0329 0.4463 -0.8943
vn 0.1334 0.9874 0.0854
vn -0.0113 -0.9999 -0.0003
vn 0.7484 0.4053 -0.5251
vn -0.1637 0.9864 -0.0178
vn 0.4218 0.9066 -0.0095
vn 0.5438 -0.6015 -0.5852
vn -0.0000 -0.8129 0.5824
vn -0.6805 -0.0345 -0.7319
vn 0.2984 -0.4922 0.8177
vn -0.2483 -0.6391 -0.7280
vn -0.0011 -0.3819 -0.9242
vn 0.7776 -0.4113 -0.4756
vn 0.3860 -0.4751 -0.7907
vn 0.3328 0.9071 0.2578
vn 0.9237 -0.0002 -0.3830
vn 0.8096 0.5127 -0.2859
vn -0.0687 0.9976 0.0065
vn 0.9784 0.2068 -0.0048
vn -0.1414 0.8638 -0.4835
vn 0.8223 0.5135 -0.2454
vn -0.0000 0.9062 0.4229
vn -0.0000 0.9976 0.0688
vn 0.0245 0.9700 0.2417
vn 0.9351 0.3542 0.0119
vn -0.1318 -0.4743 0.8704
vn 0.1036 0.0038 0.9946
vn 0.6936 0.5316 0.4862
vn 0.5135 -0.8552 0.0702
vn 0.1366 -0.8552 0.4999
vn -0.0480 -0.9472 0.3171
vn -0.0941 0.9930 -0.0716
vn 0.2235 0.8764 0.4266
vn 0.3449 0.9323 -0.1091
vn 0.3091 -0.9468 -0.0898
vn -0.0964 0.9366 0.3369
vn 1.0000 0.0039 0.0010
vn 0.2635 -0.9647 -0.0032
vn 0.4846 -0.8748 0.0006
vn 0.6178 -0.3957 0.6796
vn -0.0752 0.9972 -0.0007
vn 0.1315 0.9913 0.0058
vn -0.1284 0.9917 -0.0000
vn -0.0689 0.9976 -0.0080
vn 0.4998 0.8602 -0.1008
vn 0.0618 -0.4837 -0.8730
vn 0.0006 1.0000 -0.0000
vn 0.3148 -0.9400 -0.1319
vn 0.0006 0.9907 -0.1361
vn 0.0978 0.9850 0.1423
vn -0.0003 0.4997 -0.8662
vn 0.6126 0.3686 0.6991
vn -0.0548 -0.9984 0.0110
vn -0.0018 -0.6712 -0.7413
vn -0.0312 -0.9994 0.0137
vn 0.0644 0.9086 -0.4128
vn -0.8116 0.5370 0.2300
vn -0.2331 0.9724 -0.0009
vn 0.8452 0.5345 0.0011
vn -0.2190 0.9685 -0.1186
vn 0.6546 -0.2181 -0.7238
vn -0.0249 0.4044 -0.9142
vn 0.0185 -0.8127 0.5824
vn 0.3855 -0.4904 0.7816
vn 0.8681 -0.4943 0.0460
vn 0.5166 -0.7970 -0.3130
vn 0.0273 -0.9975 0.0653
vn 0.5852 0.4149 0.6967
vn 0.0564 0.4593 0.8865
vn 0.3877 0.0038 0.9218
vn 0.2088 0.9070 0.3658
vn 0.7902 0.0038 0.6128
vn 0.7936 0.4835 -0.3694
vn 0.9996 0.0039 0.0293
vn -0.0000 0.8124 0.5831
vn -0.1458 0.9893 0.0002
vn 0.0212 0.8853 0.4645
vn 0.9385 0.3442 0.0263
vn 0.0193 -0.8365 0.5476
vn 0.0285 -0.9602 0.2778
vn -0.0671 0.9911 -0.1150
vn 0.8896 0.4372 -0.1319
vn 0.7126 -0.4926 0.4996
vn -0.0084 -1.0000 0.0013
vn 0.2813 0.4179 0.8639
vn 0.7538 0.0038 0.6571
vn 0.3573 0.9186 0.1688
vn -0.0746 0.9970 -0.0215
vn -0.1228 0.9912 -0.0496
vn 0.8691 -0.4945 0.0081
vn 0.8452 0.5345 0.0001
vn 0.8458 0.5334 0.0079
vn 0.4059 0.9072 0.1106
vn 0.4197 0.9076 -0.0000
vn 1.0000 0.0033 -0.0010
vn 0.8278 0.5239 0.2008
vn 0.2646 -0.9602 0.0898
vn -0.1285 0.9917 -0.0000
vn -0.0696 0.9975 0.0081
vn 0.4463 0.8943 -0.0326
vn 0.3193 -0.8436 -0.4319
vn -0.0006 1.0000 -0.0012
vn 0.9220 0.3052 0.2382
vn 0.0311 0.4056 -0.9135
vn -0.5313 -0.4353 -0.7268
vn -0.1576 0.9793 -0.1272
vn -0.0171 0.4949 -0.8688
vn 0.6476 -0.3610 0.6710
vn 0.0224 -0.9997 -0.0111
vn -0.3544 0.9351 -0.0087
vn 0.3891 -0.8830 0.2625
vn -0.4699 -0.8827 -0.0002
vn 0.4495 -0.8741 0.1840
vn -0.0150 -0.9999 -0.0001
vn 0.7253 -0.3626 -0.5851
vn 0.4379 -0.5181 -0.7347
vn 0.8881 0.1992 0.4142
vn -0.0559 -0.6816 -0.7296
vn -0.0000 -1.0000 -0.0001
vn 0.8032 0.5297 0.2726
vn 0.9472 0.0038 0.3207
vn 0.3966 0.8763 -0.2735
vn 0.8675 -0.0026 -0.4975
vn 0.0514 0.8759 -0.4797
vn -0.9729 0.2283 0.0379
vn -0.7438 0.3813 -0.5489
vn -0.0460 0.8760 -0.4802
vn 0.4841 0.6832 0.5467
vn -0.0000 0.8671 0.4982
vn 0.0053 0.9314 -0.3639
vn -0.6414 0.0723 -0.7638
vn -0.0000 1.0000 -0.0006
vn 0.9432 0.3322 -0.0075
vn 0.4366 -0.8575 0.2722
vn 0.7260 0.0038 0.6877
vn -0.2372 -0.6216 -0.7465
vn 0.4720 0.8816 0.0020
vn 0.3144 -0.9471 0.0637
vn -0.0189 -0.9997 -0.0166
vn 0.2428 -0.9630 0.1168
vn 0.7676 0.5319 0.3578
vn -0.0020 -1.0000 -0.0007
vn 0.4439 -0.8517 0.2784
vn 0.2903 0.9028 -0.3173
vn -0.0789 0.9965 -0.0268
vn -0.0363 -0.8033 -0.5944
vn 0.1314 0.9913 -0.0059
vn 0.4197 0.9077 -0.0000
vn 0.1134 -0.0206 -0.9933
vn -0.6398 -0.2830 -0.7145
vn 0.3100 -0.4527 -0.8360
vn 0.2150 0.7727 -0.5972
vn -0.6905 -0.0847 -0.7184
vn 0.0424 0.7713 -0.6350
vn 0.4046 -0.0040 -0.9145
vn -0.0010 0.7806 -0.6250
vn -0.5371 -0.4383 -0.7207
vn 0.2396 -0.8097 -0.5356
vn -0.4016 -0.5539 -0.7293
vn -0.6800 -0.7332 -0.0001
vn 0.0011 0.7754 -0.6315
vn 0.2872 0.7727 -0.5661
vn 0.3668 -0.3511 -0.8615
vn -0.2081 -0.9781 0.0007
vn -0.9999 -0.0150 -0.0085
vn -0.8487 -0.5288 0.0003
vn -0.0535 -0.6271 -0.7771
vn 0.0076 0.0061 -1.0000
vn 0.0602 0.0272 -0.9978
vn 0.1416 0.0208 -0.9897
vn 0.0702 0.0350 -0.9969
vn 0.9096 0.4117 -0.0560
vn 0.9292 0.3675 -0.0388
vn 0.8819 0.4601 -0.1028
vn 0.8603 0.4828 -0.1636
vn 0.4700 0.8340 -0.2888
vn 0.4874 0.8395 -0.2401
vn -0.0000 0.9518 -0.3066
vn -0.0000 0.9668 -0.2557
vn 0.5425 0.8236 -0.1652
vn 0.5672 0.8115 -0.1405
vn -0.0000 0.9820 -0.1887
vn -0.0000 0.9858 -0.1678
vn 0.8427 0.5033 -0.1914
vn 0.8580 0.4931 -0.1436
vn 0.9132 0.4025 -0.0640
vn 0.9298 0.3646 -0.0512
vn 0.0232 0.9842 -0.1758
vn 0.0256 0.9861 -0.1640
vn 0.0122 0.9601 -0.2794
vn 0.0169 0.9718 -0.2352
vn 0.0002 1.0000 -0.0015
vn -0.0001 1.0000 -0.0000
vn -0.0005 1.0000 -0.0007
vn -0.0002 1.0000 -0.0004
vn -0.0004 1.0000 -0.0010
vn -0.2053 0.9291 0.3077
vn -0.4229 0.9062 -0.0009
vn -0.2948 0.9310 0.2151
vn -0.2425 0.9274 0.2849
vn -0.9009 -0.2522 -0.3532
vn -0.4276 0.9039 -0.0012
vn -0.4083 0.9121 0.0364
vn -0.1178 0.9302 0.3477
vn -0.0669 0.9297 0.3622
vn -0.0193 0.9259 0.3772
vn -0.1631 0.9293 0.3312
vn 0.4127 0.9108 -0.0087
vn -0.0007 0.9115 -0.4113
vn -0.0002 0.9117 -0.4109
vn 0.2381 0.8333 -0.4989
vn 0.0008 0.9118 -0.4105
vn 0.0001 0.9116 -0.4112
vn -0.0004 0.9115 -0.4113
vn -0.0043 0.9013 -0.4332
vn -0.0030 1.0000 0.0050
vn -0.0033 1.0000 0.0045
vn -0.0606 0.9982 -0.0005
vn -0.0537 0.9986 -0.0011
vn -0.0054 1.0000 0.0043
vn -0.0377 0.9980 -0.0498
vn -0.0112 0.9971 -0.0748
vn -0.0659 0.9978 -0.0003
vn -0.0013 1.0000 0.0053
vn -0.0022 1.0000 0.0054
vn -0.0007 1.0000 0.0067
vn 0.0029 1.0000 0.0049
vn 0.0406 0.9992 -0.0037
vn -0.0005 0.9994 -0.0334
vn -0.0007 0.9994 -0.0336
vn -0.0001 0.9994 -0.0332
vn 0.0046 0.9995 -0.0305
vn 0.0001 0.9995 -0.0330
vn -0.0000 0.9995 -0.0331
vn -0.1874 0.9344 0.3029
vn 0.0890 0.8028 -0.5896
vn -0.3441 0.8992 0.2703
vn -0.2501 0.9192 0.3042
vn 0.0358 0.9544 -0.2965
vn -0.3647 0.9309 -0.0182
vn -0.4141 0.9100 0.0221
vn -0.0924 0.9571 0.2747
vn -0.0568 0.9559 0.2882
vn -0.0317 0.9423 0.3333
vn -0.1302 0.9574 0.2579
vn 0.3746 0.9271 -0.0099
vn 0.0044 0.9422 -0.3350
vn 0.0042 0.9258 -0.3779
vn 0.0035 0.9561 -0.2929
vn 0.0044 0.9530 -0.3028
vn -0.0084 0.9237 -0.3831
vn -0.3010 0.7865 0.5393
vn -0.4074 0.7366 0.5398
vn -0.6474 0.7621 -0.0045
vn 0.0052 1.0000 -0.0008
vn -0.4807 0.7181 0.5032
vn -0.6545 0.7188 0.2345
vn -0.3283 0.8197 -0.4694
vn -0.6945 0.7195 -0.0013
vn -0.1579 0.7887 0.5941
vn -0.2350 0.7886 0.5683
vn -0.0773 0.7725 0.6303
vn 0.3537 0.8348 0.4220
vn 0.5044 0.8174 -0.2781
vn 0.0032 0.7321 -0.6811
vn 0.0035 0.7604 -0.6494
vn -0.0000 0.7119 -0.7023
vn 0.0034 0.7759 -0.6308
vn 0.0036 0.7716 -0.6361
vn -0.3283 0.9446 0.0043
vn -0.6619 0.7490 -0.0302
vn 0.0150 -0.8685 -0.4954
vn 0.0156 -0.8675 -0.4972
vn -0.0124 -0.8572 -0.5148
vn -0.0009 -0.8764 -0.4816
vn -0.0125 -0.8674 -0.4974
vn 0.0078 -0.8659 -0.5001
vn -0.0077 -0.8745 -0.4850
vn -0.0156 -0.8675 -0.4972
vn 0.5154 0.7056 -0.4864
vn 0.9229 0.3345 0.1907
vn 0.6894 0.6321 -0.3539
vn 0.6020 0.6747 -0.4270
vn 0.8964 0.1154 0.4280
vn 0.9231 0.3334 0.1918
vn 0.9234 0.3408 0.1764
vn 0.2975 0.7606 -0.5771
vn 0.1705 0.7790 -0.6034
vn -0.0544 0.7915 -0.6088
vn 0.4098 0.7363 -0.5385
vn -0.9172 0.3410 0.2061
vn -0.0003 -0.1418 0.9899
vn -0.0000 -0.1418 0.9899
vn -0.3661 -0.1637 0.9160
vn 0.0033 -0.1427 0.9898
vn -0.0000 -0.1422 0.9898
vn 0.0033 -0.1400 0.9902
vn 0.2237 -0.6272 -0.7460
vn -0.1141 -0.9794 0.1667
vn 0.2951 -0.6562 -0.6945
vn 0.2573 -0.6418 -0.7224
vn -0.0666 -0.9900 -0.1245
vn 0.3866 -0.8004 -0.4581
vn 0.3889 -0.7980 -0.4605
vn 0.1277 -0.6063 -0.7849
vn 0.0744 -0.6008 -0.7959
vn -0.0056 -0.6115 -0.7912
vn 0.1773 -0.6143 -0.7689
vn -0.3705 -0.8074 -0.4592
vn 0.0007 -0.9929 -0.1188
vn 0.0004 -0.9929 -0.1189
vn -0.0001 -0.9928 -0.1194
vn 0.0001 -0.9929 -0.1193
vn 0.0052 -0.9919 -0.1268
vn 0.3554 -0.3013 -0.8848
vn 0.4305 -0.3274 -0.8411
vn 0.7112 -0.6098 -0.3498
vn 0.0137 -0.8575 -0.5144
vn 0.4890 -0.3468 -0.8004
vn 0.6534 -0.5010 -0.5675
vn 0.3295 -0.9442 0.0062
vn 0.7128 -0.6088 -0.3483
vn 0.1823 -0.2649 -0.9469
vn 0.2715 -0.2802 -0.9207
vn 0.0796 -0.2508 -0.9648
vn -0.4565 -0.4721 -0.7542
vn -0.5463 -0.8248 -0.1460
vn 0.0004 -0.9648 0.2632
vn 0.0005 -0.9647 0.2632
vn 0.0002 -0.9649 0.2627
vn -0.0019 -0.9651 0.2618
vn -0.0000 -0.9648 0.2631
vn 0.3783 -0.8088 -0.4503
vn 0.6801 -0.6527 -0.3339
vn 0.1305 -0.9914 -0.0000
vn 0.1121 -0.8512 -0.5127
vn -0.0000 -1.0000 -0.0018
vn 0.2588 -0.9659 -0.0018
vn 0.3827 -0.9239 -0.0000
vn 0.3286 -0.7932 -0.5127
vn 0.5000 -0.8660 -0.0018
vn 0.6088 -0.7934 -0.0000
vn 0.5227 -0.6811 -0.5127
vn 0.7071 -0.7071 -0.0018
vn 0.7934 -0.6088 -0.0000
vn 0.6811 -0.5227 -0.5127
vn 0.8660 -0.5000 -0.0018
vn 0.9239 -0.3827 -0.0000
vn 0.7932 -0.3286 -0.5127
vn 0.9659 -0.2588 -0.0018
vn 0.9914 -0.1305 -0.0000
vn 0.8512 -0.1121 -0.5127
vn 1.0000 -0.0000 -0.0018
vn 0.9914 0.1305 -0.0000
vn 0.8512 0.1121 -0.5127
vn 0.9659 0.2588 -0.0018
vn 0.9239 0.3827 -0.0000
vn 0.7932 0.3286 -0.5127
vn 0.8660 0.5000 -0.0018
vn 0.7934 0.6088 -0.0000
vn 0.6811 0.5227 -0.5127
vn 0.7071 0.7071 -0.0018
vn 0.6088 0.7934 -0.0000
vn 0.5227 0.6811 -0.5127
vn 0.5000 0.8660 -0.0018
vn 0.3827 0.9239 -0.0000
vn 0.3286 0.7932 -0.5127
vn 0.2588 0.9659 -0.0018
vn 0.1305 0.9914 -0.0000
vn 0.1121 0.8512 -0.5127
vn -0.0000 1.0000 -0.0018
vn -0.1305 0.9914 -0.0000
vn -0.1121 0.8512 -0.5127
vn -0.2588 0.9659 -0.0018
vn -0.3827 0.9239 -0.0000
vn -0.3286 0.7932 -0.5127
vn -0.5000 0.8660 -0.0018
vn -0.6088 0.7934 -0.0000
vn -0.5227 0.6811 -0.5127
vn -0.7071 0.7071 -0.0018
vn -0.7934 0.6088 -0.0000
vn -0.6811 0.5227 -0.5127
vn -0.8660 0.5000 -0.0018
vn -0.9239 0.3827 -0.0000
vn -0.7932 0.3286 -0.5127
vn -0.9659 0.2588 -0.0018
vn -0.9914 0.1305 -0.0000
vn -0.8512 0.1121 -0.5127
vn -1.0000 -0.0000 -0.0018
vn -0.9914 -0.1305 -0.0000
vn -0.8512 -0.1121 -0.5127
vn -0.9659 -0.2588 -0.0018
vn -0.9239 -0.3827 -0.0000
vn -0.7932 -0.3286 -0.5127
vn -0.8660 -0.5000 -0.0018
vn -0.7934 -0.6088 -0.0000
vn -0.6811 -0.5227 -0.5127
vn -0.7071 -0.7071 -0.0018
vn -0.6088 -0.7934 -0.0000
vn -0.5227 -0.6811 -0.5127
vn -0.5000 -0.8660 -0.0018
vn -0.3827 -0.9239 -0.0000
vn -0.3286 -0.7932 -0.5127
vn -0.2588 -0.9659 -0.0018
vn -0.1305 -0.9914 -0.0000
vn -0.1121 -0.8512 -0.5127
vn -0.0659 0.5008 -0.8630
vn -0.1933 0.4667 -0.8630
vn -0.3075 0.4008 -0.8630
vn -0.4008 0.3075 -0.8630
vn -0.4667 0.1933 -0.8630
vn -0.5009 0.0659 -0.8630
vn -0.5009 -0.0659 -0.8630
vn -0.4667 -0.1933 -0.8630
vn -0.4008 -0.3075 -0.8630
vn -0.3075 -0.4008 -0.8630
vn -0.1933 -0.4667 -0.8630
vn -0.0659 -0.5008 -0.8630
vn 0.0659 -0.5009 -0.8630
vn 0.1933 -0.4667 -0.8630
vn 0.3075 -0.4008 -0.8630
vn 0.4008 -0.3075 -0.8630
vn 0.4667 -0.1933 -0.8630
vn 0.5009 -0.0659 -0.8630
vn 0.5009 0.0659 -0.8630
vn 0.4667 0.1933 -0.8630
vn 0.4008 0.3075 -0.8630
vn 0.3075 0.4008 -0.8630
vn 0.1933 0.4667 -0.8630
vn 0.0659 0.5009 -0.8630
vn -0.0000 -0.1688 -0.9856
vn 0.0437 -0.1631 -0.9856
vn 0.0844 -0.1462 -0.9856
vn 0.1194 -0.1194 -0.9856
vn 0.1462 -0.0844 -0.9856
vn 0.1631 -0.0437 -0.9856
vn 0.1688 -0.0000 -0.9856
vn 0.1631 0.0437 -0.9856
vn 0.1462 0.0844 -0.9856
vn 0.1194 0.1194 -0.9856
vn 0.0844 0.1462 -0.9856
vn 0.0437 0.1631 -0.9856
vn -0.0000 0.1688 -0.9856
vn -0.0437 0.1631 -0.9856
vn -0.0844 0.1462 -0.9856
vn -0.1194 0.1194 -0.9856
vn -0.1462 0.0844 -0.9856
vn -0.1631 0.0437 -0.9856
vn -0.1688 -0.0000 -0.9856
vn -0.1631 -0.0437 -0.9856
vn -0.1462 -0.0844 -0.9856
vn -0.1194 -0.1194 -0.9856
vn -0.0844 -0.1462 -0.9856
vn -0.0437 -0.1631 -0.9856
vn -0.0739 0.5613 -0.8243
vn -0.2166 0.5230 -0.8243
vn -0.3446 0.4491 -0.8243
vn -0.4491 0.3446 -0.8243
vn -0.5230 0.2166 -0.8243
vn -0.5613 0.0739 -0.8243
vn -0.5613 -0.0739 -0.8243
vn -0.5230 -0.2166 -0.8243
vn -0.4491 -0.3446 -0.8243
vn -0.3446 -0.4491 -0.8243
vn -0.2166 -0.5230 -0.8243
vn -0.0739 -0.5613 -0.8243
vn 0.0739 -0.5613 -0.8243
vn 0.2166 -0.5230 -0.8243
vn 0.3446 -0.4491 -0.8243
vn 0.4491 -0.3446 -0.8243
vn 0.5230 -0.2166 -0.8243
vn 0.5613 -0.0739 -0.8243
vn 0.5613 0.0739 -0.8243
vn 0.5230 0.2166 -0.8243
vn 0.4491 0.3446 -0.8243
vn 0.3446 0.4491 -0.8243
vn 0.2166 0.5230 -0.8243
vn 0.0739 0.5613 -0.8243
vn 0.3993 0.6916 -0.6019
vn 0.2067 0.7714 -0.6019
vn -0.0000 0.7986 -0.6019
vn -0.2067 0.7714 -0.6019
vn 0.5647 -0.5647 -0.6019
vn 0.6916 -0.3993 -0.6019
vn -0.6916 -0.3993 -0.6019
vn -0.5647 -0.5647 -0.6019
vn -0.3993 0.6916 -0.6019
vn 0.7714 -0.2067 -0.6019
vn -0.3993 -0.6916 -0.6019
vn -0.5647 0.5647 -0.6019
vn 0.7986 -0.0000 -0.6019
vn -0.2067 -0.7714 -0.6019
vn -0.6916 0.3993 -0.6019
vn 0.7714 0.2067 -0.6019
vn -0.0000 -0.7986 -0.6019
vn -0.7714 0.2067 -0.6019
vn 0.6916 0.3993 -0.6019
vn 0.2067 -0.7714 -0.6019
vn -0.7986 -0.0000 -0.6019
vn 0.5647 0.5647 -0.6019
vn 0.3993 -0.6916 -0.6019
vn -0.7714 -0.2067 -0.6019
vn 0.9755 0.2164 0.0407
vn 0.9623 0.2720 0.0055
vn 0.9611 0.2048 -0.1855
vn 0.9491 -0.3134 -0.0306
vn 0.9680 -0.0059 -0.2508
vn 0.9469 0.3204 -0.0264
vn 0.9480 0.0052 -0.3181
vn 0.9485 -0.2742 -0.1588
vn 0.9470 -0.3097 0.0852
vn 0.3023 -0.3292 -0.8945
vn 0.2864 0.0036 -0.9581
vn 0.1481 -0.0033 -0.9890
vn 0.0014 -0.7169 -0.6972
vn -0.0000 0.0030 -1.0000
vn 0.7823 -0.6208 -0.0514
vn 0.1104 -0.9893 -0.0953
vn -0.6987 -0.6955 -0.1677
vn 0.0869 -0.9670 -0.2396
vn 0.7533 -0.6343 -0.1738
vn -0.6774 -0.6635 -0.3177
vn 0.0534 -0.8711 -0.4881
vn 0.7474 -0.5604 -0.3568
vn -0.6676 -0.5637 -0.4863
vn 0.0425 -0.7124 -0.7005
vn 0.7235 -0.4630 -0.5120
vn -0.6572 -0.4335 -0.6166
vn 0.0206 -0.5008 -0.8653
vn 0.7221 -0.2879 -0.6291
vn -0.6481 -0.2737 -0.7106
vn 0.0451 -0.2436 -0.9688
vn 0.7805 -0.0678 -0.6214
vn -0.6526 -0.0745 -0.7540
vn 0.1698 -0.0336 -0.9849
vn -0.6957 -0.7144 -0.0754
vn -0.6867 -0.0128 -0.7268
vn 0.8246 -0.0393 -0.5644
vn -0.0000 0.9785 0.2061
vn -0.0000 1.0000 0.0032
vn -0.0000 0.6590 -0.7521
vn -0.0000 -0.9986 -0.0527
vn -0.0000 -0.0003 -1.0000
vn -0.0000 0.9987 -0.0505
vn -0.0000 0.0220 -0.9998
vn -0.0000 -0.8315 -0.5555
vn -0.0000 -0.9613 0.2755
vn 0.8396 0.5398 0.0604
vn 0.9743 -0.0194 0.2244
vn 0.8428 0.5056 -0.1845
vn 0.9398 -0.1887 -0.2848
vn 0.8707 -0.3422 -0.3533
vn 0.8807 0.3851 -0.2759
vn 0.8382 0.3935 -0.3776
vn 0.7831 -0.2424 -0.5727
vn 0.7883 -0.6145 -0.0314
vn -0.1116 -0.6752 0.7292
vn -0.3302 -0.6253 0.7071
vn 0.5337 -0.5253 0.6627
vn 0.9040 0.0394 0.4256
vn 0.7088 -0.3764 0.5965
vn 0.1116 -0.6752 0.7292
vn -0.5337 -0.5253 0.6627
vn 0.3302 -0.6253 0.7071
vn -0.7088 -0.3764 0.5965
vn 0.8416 -0.1773 0.5102
vn -0.8416 -0.1773 0.5102
vn -0.9040 0.0394 0.4256
vn -0.0000 0.4529 0.8915
vn 0.0134 0.4530 0.8914
vn 0.0292 0.4528 0.8912
vn -0.0450 0.4472 0.8933
vn -0.0268 0.4503 0.8925
vn -0.0304 0.4178 0.9080
vn -0.1063 0.4285 0.8973
vn -0.0713 0.4408 0.8948
vn -0.0127 0.4522 0.8918
vn 0.0508 0.4513 0.8909
vn 0.0819 0.4452 0.8917
vn 0.0395 0.4189 0.9072
vn 0.1213 0.4309 0.8942
vn -0.1213 -0.9076 0.4019
vn -0.3589 -0.8535 0.3778
vn 0.5802 -0.7449 0.3295
vn 0.9902 -0.1284 0.0557
vn 0.7696 -0.5842 0.2578
vn 0.1213 -0.9076 0.4019
vn -0.5802 -0.7449 0.3295
vn 0.3589 -0.8535 0.3778
vn -0.7696 -0.5842 0.2578
vn 0.9149 -0.3697 0.1620
vn -0.9149 -0.3697 0.1620
vn -0.9902 -0.1284 0.0557
vn 0.9951 -0.0899 0.0401
vn -0.9951 -0.0899 0.0401
vn 0.0010 0.8556 0.5176
vn 0.0091 0.8679 0.4967
vn -0.0020 0.8756 0.4831
vn -0.0000 0.8537 0.5207
vn -0.0057 0.8765 0.4814
vn -0.0086 0.8766 0.4811
vn 0.0151 0.8721 0.4891
vn 0.0143 0.8749 0.4842
vn -0.0000 0.8537 0.5208
vn 0.0147 0.8668 0.4984
vn 0.0160 0.8669 0.4982
vn 0.0002 0.8537 0.5208
vn 0.0136 0.8752 0.4835
vn -0.0162 0.8674 0.4973
vn -0.0160 0.8669 0.4982
vn -0.0001 0.8542 0.5200
vn -0.4198 0.9076 0.0005
vn -0.7482 0.4174 -0.5158
vn 0.1263 0.9920 -0.0001
vn -0.0337 0.9140 0.4042
vn -0.1285 0.9917 0.0095
vn -0.5873 0.8093 0.0097
vn 0.0006 1.0000 -0.0010
vn -0.0006 1.0000 -0.0003
vn -0.0968 0.9909 0.0939
vn -0.2906 0.9507 0.1080
vn 0.9005 0.4344 0.0221
vn 0.4702 0.8705 0.1453
vn -0.0314 0.4715 -0.8813
vn -0.8644 -0.4952 -0.0875
vn -0.4027 0.8538 0.3300
vn -0.0033 -1.0000 -0.0019
vn 0.0504 -0.9984 0.0249
vn -0.2326 -0.0154 -0.9725
vn 0.0012 1.0000 -0.0001
vn -0.6191 -0.3961 -0.6781
vn -0.4847 -0.8745 0.0144
vn -0.0008 1.0000 -0.0008
vn -0.4633 -0.5750 -0.6743
vn -0.8442 0.0036 0.5360
vn -0.3894 0.9072 0.1594
vn -0.7942 -0.0086 -0.6076
vn -0.3570 0.7667 -0.5337
vn -0.1577 0.8609 -0.4837
vn -0.8429 0.4137 0.3439
vn -0.8714 0.3962 0.2893
vn -0.0275 0.9988 0.0410
vn -0.5035 0.7333 0.4569
vn -0.4988 -0.8455 -0.1907
vn -0.9417 0.3349 -0.0325
vn -0.8575 0.4712 -0.2063
vn -0.5294 0.0055 0.8484
vn 0.2615 0.3470 0.9007
vn -0.4228 0.8851 0.1947
vn -0.8267 0.5319 0.1834
vn 0.1030 0.8851 0.4540
vn -0.0437 0.9990 -0.0020
vn -0.9048 -0.4145 -0.0979
vn -0.3453 0.9281 -0.1392
vn -0.1230 0.9902 0.0654
vn -0.3183 -0.3983 0.8603
vn -0.9980 0.0038 -0.0625
vn -0.2652 -0.9640 0.0174
vn 0.0566 0.9915 -0.1168
vn -0.8452 0.5345 -0.0013
vn -0.2740 -0.9617 0.0025
vn -0.4051 0.8725 -0.2732
vn -0.1331 0.9911 -0.0057
vn -0.0987 -0.9553 0.2786
vn 0.0669 0.9974 -0.0251
vn -0.2202 -0.9562 0.1931
vn -0.6545 0.4074 -0.6369
vn -0.2638 -0.9630 0.0551
vn -0.0830 0.9137 -0.3977
vn -0.9695 0.0038 0.2453
vn -0.0712 -0.9959 -0.0554
vn -0.1172 0.9686 -0.2193
vn -0.6275 -0.3267 -0.7068
vn 0.0002 1.0000 -0.0000
vn -0.2859 -0.9557 -0.0696
vn -0.1685 0.9772 -0.1291
vn 0.9075 0.3196 0.2726
vn 0.6502 0.7364 0.1869
vn 0.4005 -0.5569 -0.7276
vn -0.0182 0.4907 -0.8711
vn -0.4739 -0.8386 0.2687
vn 0.0532 -0.9984 0.0182
vn -0.3904 0.9206 -0.0063
vn -0.1961 -0.9386 0.2839
vn -0.0039 1.0000 -0.0023
vn -0.0006 1.0000 -0.0004
vn 0.2337 0.9723 -0.0001
vn 0.1600 0.5470 -0.8217
vn -0.3238 -0.8652 -0.3829
vn 0.0498 -0.8575 0.5121
vn -0.3453 -0.8739 0.3422
vn -0.4686 -0.8741 0.1277
vn -0.8520 -0.4828 -0.2024
vn -0.1854 -0.9479 -0.2590
vn -0.4871 -0.4012 -0.7758
vn -0.4952 0.0038 0.8687
vn -0.9907 0.0033 -0.1362
vn -0.8448 0.5332 0.0448
vn -0.2765 0.8263 -0.4906
vn 0.5707 0.6476 -0.5049
vn -0.5116 0.8355 -0.2004
vn -0.4534 0.8249 -0.3375
vn -0.8809 0.4025 0.2491
vn -0.9141 0.3676 0.1714
vn -0.8346 0.5049 -0.2201
vn -0.4670 -0.4922 0.7346
vn -0.2904 0.5313 0.7958
vn 0.1342 -0.9504 0.2807
vn -0.1902 -0.9587 0.2117
vn -0.0636 0.8816 0.4677
vn -0.0285 -0.9992 0.0284
vn 0.1738 0.9538 0.2452
vn -0.3046 -0.8518 0.4262
vn -0.0383 -0.9455 0.3234
vn 0.0021 -1.0000 -0.0007
vn -0.3692 0.8763 0.3095
vn -0.0851 0.9078 0.4106
vn -0.1339 -0.9531 0.2715
vn -0.2272 -0.9458 -0.2319
vn -0.3904 0.9200 0.0344
vn -0.2635 -0.9646 0.0031
vn -0.2624 -0.9647 -0.0217
vn 0.0158 -0.9999 -0.0000
vn 0.0375 -0.9993 0.0057
vn -0.0776 0.9142 0.3977
vn -0.4023 0.8734 0.2744
vn -0.8686 -0.4955 0.0011
vn -0.4161 0.9093 -0.0035
vn 0.0949 0.9910 0.0946
vn -0.3921 -0.8687 -0.3026
vn 0.0003 1.0000 -0.0002
vn -0.0141 0.3723 -0.9280
vn -0.4818 0.8660 0.1337
vn -0.7356 0.6760 -0.0453
vn -0.0331 0.4218 -0.9061
vn -0.8448 0.5324 -0.0536
vn 0.0070 -1.0000 0.0006
vn -0.1374 0.9902 0.0230
vn 0.0179 0.9997 0.0171
vn 0.3099 0.9508 0.0016
vn -0.1144 0.9934 0.0017
vn -0.5328 0.7265 -0.4340
vn -0.8904 -0.0151 -0.4549
vn 0.0493 -0.9983 -0.0321
vn -0.1883 -0.8737 0.4486
vn -0.8248 -0.4912 0.2800
vn -0.8219 -0.4561 -0.3411
vn -0.5267 -0.6543 -0.5426
vn -0.4378 -0.3677 -0.8205
vn -0.5623 -0.0136 0.8268
vn 0.2711 0.8496 0.4524
vn -0.5798 0.8127 0.0576
vn -0.9257 0.0038 0.3783
vn -0.9689 0.0037 -0.2476
vn -0.9662 0.0015 -0.2578
vn -0.6057 -0.0033 -0.7957
vn -0.4199 0.7573 -0.5002
vn -1.0000 0.0036 0.0051
vn 0.3877 0.7766 -0.4965
vn -0.0067 0.9434 -0.3316
vn -0.5836 0.8018 -0.1288
vn -0.6378 0.5294 0.5594
vn -0.8867 0.4522 -0.0960
vn -0.5765 -0.5099 0.6385
vn -0.4546 0.5313 0.7149
vn 0.0037 -0.9999 0.0129
vn 0.0566 0.9924 -0.1093
vn 0.2413 0.9633 0.1180
vn -0.9392 0.0038 0.3434
vn 0.0675 0.9962 -0.0555
vn -0.7886 -0.4931 0.3675
vn 0.0310 -0.9995 -0.0062
vn 0.1208 0.9922 -0.0323
vn -0.8686 -0.4955 -0.0008
vn -1.0000 0.0039 0.0004
vn -0.4845 -0.8748 -0.0000
vn 0.0002 1.0000 -0.0001
vn 0.1015 -0.8533 0.5114
vn -0.9905 0.0036 0.1376
vn -0.4624 -0.8841 0.0675
vn -0.2347 -0.9587 0.1609
vn -0.6746 -0.3941 -0.6241
vn -0.6447 0.4140 -0.6426
vn 0.0156 -0.9999 -0.0000
vn 0.0611 -0.9981 -0.0000
vn -0.1806 -0.9486 0.2599
vn -0.4718 -0.8481 0.2409
vn -0.0856 0.9963 0.0021
vn -0.8452 0.5345 -0.0009
vn -0.3742 -0.8395 -0.3941
vn -0.0016 0.9999 0.0099
vn 0.0475 0.9945 -0.0933
vn -0.0014 1.0000 -0.0015
vn -0.5345 0.8415 -0.0793
vn 0.7072 0.7068 -0.0183
vn 0.2836 0.9523 0.1125
vn 0.0282 0.4204 -0.9069
vn -0.1296 0.9850 0.1136
vn 0.0466 -0.9984 0.0306
vn 0.0375 -0.9993 -0.0057
vn 0.3483 0.9374 0.0017
vn 0.9645 -0.2642 0.0003
vn -0.0481 -0.9984 -0.0302
vn -0.3843 -0.8739 0.2977
vn -0.4857 -0.8694 -0.0907
vn -0.6809 -0.0004 -0.7323
vn -0.5851 0.0036 0.8110
vn -0.2990 0.9071 0.2963
vn -0.0290 0.8410 0.5402
vn -0.8415 0.5264 -0.1213
vn -0.4184 0.7658 -0.4884
vn -0.5039 -0.0028 -0.8638
vn -0.3753 0.5292 0.7610
vn -0.0003 -1.0000 -0.0083
vn -0.5954 0.6181 -0.5133
vn -0.1535 -0.9453 0.2877
vn 0.0902 0.9959 -0.0005
vn -0.0205 0.9790 -0.2031
vn -0.1474 0.9878 0.0500
vn -0.4674 -0.8509 -0.2397
vn 0.1991 0.9799 -0.0112
vn -0.9395 0.3414 -0.0268
vn -0.8550 -0.4261 0.2959
vn -0.8540 0.4512 0.2589
vn 0.0018 -1.0000 -0.0037
vn -0.1021 0.9874 0.1212
vn -0.0234 -0.4152 0.9094
vn 0.0123 0.4380 0.8989
vn -0.2677 -0.8825 0.3867
vn -0.0319 -0.9992 0.0245
vn -0.2672 0.9171 0.2959
vn 0.0929 0.9915 -0.0905
vn 0.0729 0.9952 -0.0647
vn -0.5010 -0.8519 -0.1527
vn 0.0514 -0.9985 -0.0175
vn -1.0000 0.0039 -0.0001
vn 0.0123 -0.9999 -0.0000
vn 0.0358 -0.9993 0.0051
vn -0.1609 -0.9553 0.2479
vn -0.4653 -0.8852 0.0018
vn -0.6783 -0.3882 0.6239
vn -0.4283 0.9035 -0.0177
vn -0.3554 -0.9099 -0.2139
vn 0.0004 1.0000 -0.0063
vn -0.0818 0.9827 0.1659
vn 0.3234 0.9408 -0.1018
vn 0.0296 0.4755 -0.8792
vn -0.9637 0.0030 0.2670
vn 0.0109 0.3750 -0.9270
vn -0.1759 -0.9440 -0.2792
vn 0.0710 0.9974 -0.0084
vn 0.0772 0.9969 0.0141
vn -0.1319 0.9913 0.0006
vn -0.2412 -0.8737 0.4225
vn -0.6551 -0.4907 0.5745
vn -0.5316 -0.7261 -0.4361
vn -0.5726 0.5316 0.6242
vn -0.7753 -0.3979 -0.4904
vn -0.1630 0.9070 0.3883
vn -0.7107 0.0038 0.7035
vn -0.0506 -0.4758 0.8781
vn -0.9647 0.0038 0.2634
vn -0.8293 0.5200 -0.2046
vn 0.0002 1.0000 -0.0009
vn -0.4199 0.9075 0.0124
vn -0.7448 0.3604 -0.5616
vn 0.2502 0.8355 -0.4892
vn -0.0280 0.9970 -0.0722
vn -0.5402 0.7559 0.3700
vn -0.9250 0.3657 0.1033
vn 0.0004 1.0000 -0.0007
vn -0.0352 -0.9975 0.0614
vn 0.0581 0.9891 -0.1354
vn -0.0533 0.9850 0.1643
vn -0.5883 -0.4926 0.6413
vn -0.4631 0.0038 0.8863
vn -0.0132 -0.9999 0.0083
vn -0.8493 -0.4931 0.1885
vn -0.4369 0.8765 -0.2024
vn 0.0611 0.9967 -0.0543
vn -0.1338 0.9909 0.0141
vn -0.8686 -0.4955 -0.0012
vn -0.9701 0.0037 -0.2428
vn -0.4741 -0.8471 -0.2400
vn -0.2648 -0.9643 -0.0031
vn -0.1484 0.9889 0.0013
vn -0.0193 -0.9294 0.3686
vn 0.0590 -0.9983 -0.0005
vn 0.0281 -0.9995 -0.0138
vn 0.1259 0.9920 -0.0036
vn -0.1383 0.8991 -0.4153
vn -0.6832 -0.3875 -0.6189
vn 0.0354 -0.9994 -0.0057
vn -0.3884 0.9215 0.0010
vn -0.6491 0.4082 0.6419
vn -0.2964 -0.8187 -0.4918
vn 0.0002 1.0000 -0.0002
vn -0.0357 0.4451 -0.8948
vn -0.4664 -0.8846 -0.0046
vn -0.6655 0.7276 0.1664
vn -0.9155 0.4019 -0.0162
vn 0.6281 -0.2785 -0.7266
vn 0.5057 0.8603 -0.0635
vn 0.0329 0.4463 -0.8943
vn -0.1334 0.9874 0.0854
vn 0.0113 -0.9999 -0.0003
vn -0.7484 0.4053 -0.5251
vn 0.1738 0.9847 -0.0149
vn -0.4218 0.9066 -0.0095
vn -0.5438 -0.6015 -0.5852
vn 0.6805 -0.0345 -0.7319
vn -0.2984 -0.4922 0.8177
vn 0.2483 -0.6391 -0.7280
vn 0.0011 -0.3819 -0.9242
vn -0.7776 -0.4113 -0.4756
vn -0.3860 -0.4751 -0.7907
vn -0.3328 0.9071 0.2578
vn -0.9237 -0.0002 -0.3830
vn -0.8096 0.5127 -0.2859
vn 0.0687 0.9976 0.0065
vn -0.9784 0.2068 -0.0048
vn 0.1414 0.8638 -0.4835
vn -0.8223 0.5135 -0.2454
vn -0.0245 0.9700 0.2417
vn -0.9351 0.3542 0.0119
vn 0.1318 -0.4743 0.8704
vn -0.1036 0.0038 0.9946
vn -0.6936 0.5316 0.4862
vn -0.5135 -0.8552 0.0702
vn -0.1366 -0.8552 0.4999
vn 0.0480 -0.9472 0.3171
vn 0.0941 0.9930 -0.0716
vn -0.2235 0.8764 0.4266
vn -0.3449 0.9323 -0.1091
vn -0.3091 -0.9468 -0.0898
vn 0.0964 0.9366 0.3369
vn -1.0000 0.0039 0.0010
vn -0.2635 -0.9647 -0.0032
vn -0.4846 -0.8748 0.0006
vn -0.6178 -0.3957 0.6796
vn 0.0752 0.9972 -0.0007
vn -0.1315 0.9913 0.0058
vn 0.1284 0.9917 -0.0000
vn 0.0689 0.9976 -0.0080
vn -0.4998 0.8602 -0.1008
vn -0.0618 -0.4837 -0.8730
vn -0.0006 1.0000 -0.0000
vn -0.3148 -0.9400 -0.1319
vn -0.0006 0.9907 -0.1361
vn -0.0978 0.9850 0.1423
vn 0.0003 0.4997 -0.8662
vn -0.6126 0.3686 0.6992
vn 0.0548 -0.9984 0.0110
vn 0.0018 -0.6712 -0.7413
vn 0.0312 -0.9994 0.0137
vn -0.0644 0.9086 -0.4128
vn 0.8116 0.5370 0.2300
vn 0.2331 0.9724 -0.0009
vn -0.8452 0.5345 0.0011
vn 0.2190 0.9685 -0.1186
vn -0.6546 -0.2181 -0.7238
vn 0.0249 0.4044 -0.9142
vn -0.0185 -0.8127 0.5824
vn -0.3855 -0.4904 0.7816
vn -0.8681 -0.4943 0.0460
vn -0.5166 -0.7970 -0.3130
vn -0.0273 -0.9975 0.0654
vn -0.5852 0.4149 0.6967
vn -0.0564 0.4593 0.8865
vn -0.3877 0.0038 0.9218
vn -0.2088 0.9070 0.3658
vn -0.7902 0.0038 0.6128
vn -0.7936 0.4835 -0.3694
vn -0.9996 0.0039 0.0293
vn 0.1458 0.9893 0.0002
vn -0.0212 0.8853 0.4645
vn -0.9385 0.3442 0.0263
vn -0.0193 -0.8365 0.5476
vn -0.0285 -0.9602 0.2778
vn 0.0671 0.9911 -0.1150
vn -0.8896 0.4372 -0.1319
vn -0.7126 -0.4926 0.4996
vn 0.0084 -1.0000 0.0013
vn -0.2813 0.4179 0.8639
vn -0.7538 0.0038 0.6571
vn -0.3573 0.9186 0.1688
vn 0.0746 0.9970 -0.0215
vn 0.1228 0.9912 -0.0496
vn -0.8691 -0.4945 0.0081
vn -0.8452 0.5345 0.0001
vn -0.8458 0.5334 0.0079
vn -0.4059 0.9072 0.1106
vn -0.4197 0.9076 -0.0000
vn -1.0000 0.0033 -0.0010
vn -0.8278 0.5239 0.2008
vn -0.2646 -0.9602 0.0898
vn 0.1285 0.9917 -0.0000
vn 0.0696 0.9975 0.0081
vn -0.4463 0.8943 -0.0326
vn -0.3193 -0.8436 -0.4319
vn 0.0006 1.0000 -0.0012
vn -0.9220 0.3052 0.2382
vn -0.0311 0.4056 -0.9135
vn 0.5313 -0.4353 -0.7268
vn 0.1576 0.9793 -0.1272
vn 0.0171 0.4949 -0.8688
vn -0.6476 -0.3610 0.6710
vn -0.0224 -0.9997 -0.0111
vn 0.3544 0.9351 -0.0087
vn -0.3891 -0.8830 0.2625
vn 0.4699 -0.8827 -0.0002
vn -0.4495 -0.8741 0.1840
vn 0.0150 -0.9999 -0.0001
vn -0.7253 -0.3626 -0.5851
vn -0.4379 -0.5181 -0.7347
vn -0.8881 0.1992 0.4142
vn 0.0559 -0.6816 -0.7296
vn -0.8032 0.5297 0.2726
vn -0.9472 0.0038 0.3207
vn -0.3966 0.8763 -0.2735
vn -0.8675 -0.0026 -0.4975
vn -0.0514 0.8759 -0.4797
vn 0.9729 0.2283 0.0379
vn 0.7438 0.3813 -0.5489
vn 0.0460 0.8760 -0.4802
vn -0.4841 0.6832 0.5467
vn -0.0053 0.9314 -0.3639
vn 0.6414 0.0723 -0.7638
vn -0.9432 0.3322 -0.0075
vn -0.4366 -0.8575 0.2722
vn -0.7260 0.0038 0.6877
vn 0.2372 -0.6216 -0.7465
vn -0.4720 0.8816 0.0020
vn -0.3144 -0.9471 0.0637
vn 0.0189 -0.9997 -0.0166
vn -0.2428 -0.9630 0.1168
vn -0.7676 0.5319 0.3578
vn 0.0020 -1.0000 -0.0007
vn -0.4439 -0.8517 0.2784
vn -0.2903 0.9028 -0.3173
vn 0.0789 0.9965 -0.0268
vn 0.0363 -0.8033 -0.5944
vn -0.1314 0.9913 -0.0059
vn -0.4197 0.9077 -0.0000
vn -0.1185 -0.0094 -0.9929
vn -0.8145 -0.2966 -0.4986
vn 0.6398 -0.2830 -0.7145
vn -0.3100 -0.4527 -0.8360
vn -0.2150 0.7727 -0.5972
vn 0.6885 -0.0814 -0.7206
vn -0.0424 0.7713 -0.6350
vn -0.4046 -0.0040 -0.9145
vn 0.0010 0.7806 -0.6250
vn 0.5371 -0.4383 -0.7207
vn -0.2396 -0.8097 -0.5356
vn 0.4016 -0.5539 -0.7293
vn 0.6800 -0.7332 -0.0001
vn -0.0011 0.7754 -0.6315
vn -0.2872 0.7727 -0.5661
vn -0.3668 -0.3511 -0.8615
vn 0.2081 -0.9781 0.0007
vn 0.9999 -0.0150 -0.0085
vn 0.8487 -0.5288 0.0003
vn 0.0535 -0.6271 -0.7771
vn -0.0076 0.0061 -1.0000
vn -0.0602 0.0272 -0.9978
vn -0.1416 0.0209 -0.9897
vn -0.0702 0.0350 -0.9969
vn -0.9096 0.4117 -0.0560
vn -0.9292 0.3675 -0.0388
vn -0.8819 0.4601 -0.1028
vn -0.8603 0.4828 -0.1636
vn -0.4700 0.8340 -0.2888
vn -0.4874 0.8395 -0.2401
vn -0.5425 0.8236 -0.1652
vn -0.5672 0.8115 -0.1405
vn -0.8427 0.5033 -0.1914
vn -0.8580 0.4931 -0.1436
vn -0.9132 0.4025 -0.0640
vn -0.9298 0.3646 -0.0512
vn -0.0232 0.9842 -0.1758
vn -0.0256 0.9861 -0.1640
vn -0.0122 0.9601 -0.2794
vn -0.0169 0.9718 -0.2352
vn -0.0002 1.0000 -0.0015
vn 0.0001 1.0000 -0.0000
vn 0.0005 1.0000 -0.0007
vn 0.0002 1.0000 -0.0004
vn 0.0004 1.0000 -0.0010
vn 0.0003 1.0000 -0.0007
vn 0.2053 0.9291 0.3077
vn 0.4229 0.9062 -0.0009
vn 0.2948 0.9310 0.2151
vn 0.2425 0.9274 0.2849
vn 0.9011 -0.2517 -0.3531
vn 0.4276 0.9039 -0.0012
vn 0.4083 0.9121 0.0364
vn 0.1178 0.9302 0.3477
vn 0.0669 0.9297 0.3622
vn 0.0193 0.9259 0.3772
vn 0.1631 0.9293 0.3312
vn -0.4127 0.9108 -0.0087
vn 0.0007 0.9115 -0.4113
vn 0.0003 0.9115 -0.4114
vn -0.2381 0.8333 -0.4989
vn -0.0008 0.9118 -0.4105
vn -0.0001 0.9116 -0.4112
vn 0.0004 0.9115 -0.4113
vn 0.0042 0.8982 -0.4396
vn 0.0030 1.0000 0.0050
vn 0.0033 1.0000 0.0045
vn 0.0606 0.9982 -0.0005
vn 0.0537 0.9986 -0.0011
vn 0.0054 1.0000 0.0043
vn 0.0377 0.9980 -0.0498
vn 0.0126 0.9953 -0.0958
vn 0.0659 0.9978 -0.0003
vn 0.0013 1.0000 0.0053
vn 0.0022 1.0000 0.0054
vn 0.0007 1.0000 0.0067
vn -0.0029 1.0000 0.0049
vn -0.0406 0.9992 -0.0037
vn 0.0005 0.9994 -0.0334
vn 0.0007 0.9994 -0.0336
vn 0.0003 0.9994 -0.0353
vn -0.0046 0.9995 -0.0305
vn -0.0001 0.9995 -0.0330
vn 0.1874 0.9344 0.3029
vn -0.0890 0.8028 -0.5896
vn 0.3441 0.8992 0.2703
vn 0.2501 0.9192 0.3042
vn -0.0358 0.9544 -0.2965
vn 0.3647 0.9309 -0.0182
vn 0.4141 0.9100 0.0221
vn 0.0924 0.9571 0.2747
vn 0.0568 0.9559 0.2882
vn 0.0317 0.9423 0.3333
vn 0.1302 0.9574 0.2579
vn -0.3746 0.9271 -0.0099
vn -0.0044 0.9422 -0.3350
vn -0.0042 0.9258 -0.3779
vn -0.0035 0.9561 -0.2929
vn -0.0044 0.9530 -0.3028
vn 0.0084 0.9237 -0.3831
vn 0.3010 0.7865 0.5393
vn 0.4074 0.7366 0.5398
vn 0.6474 0.7621 -0.0045
vn -0.0052 1.0000 -0.0008
vn 0.4807 0.7181 0.5033
vn 0.6545 0.7188 0.2345
vn 0.3283 0.8197 -0.4694
vn 0.6945 0.7195 -0.0013
vn 0.1579 0.7887 0.5941
vn 0.2350 0.7886 0.5683
vn 0.0773 0.7725 0.6303
vn -0.3537 0.8348 0.4220
vn -0.5044 0.8174 -0.2781
vn -0.0032 0.7321 -0.6811
vn -0.0035 0.7604 -0.6494
vn -0.0034 0.7759 -0.6308
vn -0.0036 0.7716 -0.6361
vn 0.3283 0.9446 0.0043
vn 0.6619 0.7490 -0.0302
vn -0.0020 -0.8586 -0.5127
vn 0.0077 -0.8745 -0.4850
vn 0.0003 -0.8765 -0.4814
vn 0.0132 -0.8571 -0.5151
vn 0.0151 -0.8639 -0.5035
vn -0.0083 -0.8570 -0.5153
vn -0.0051 -0.8575 -0.5144
vn 0.0007 -0.8765 -0.4813
vn -0.5154 0.7056 -0.4864
vn -0.9229 0.3345 0.1907
vn -0.6894 0.6321 -0.3539
vn -0.6020 0.6747 -0.4270
vn -0.8964 0.1154 0.4280
vn -0.9231 0.3334 0.1918
vn -0.9234 0.3408 0.1764
vn -0.2975 0.7606 -0.5771
vn -0.1705 0.7790 -0.6034
vn 0.0544 0.7915 -0.6088
vn -0.4098 0.7363 -0.5385
vn 0.9172 0.3410 0.2061
vn 0.0003 -0.1418 0.9899
vn 0.3661 -0.1637 0.9160
vn -0.0033 -0.1426 0.9898
vn -0.0033 -0.1400 0.9902
vn -0.2237 -0.6272 -0.7460
vn 0.1141 -0.9794 0.1667
vn -0.2951 -0.6562 -0.6945
vn -0.2573 -0.6418 -0.7224
vn 0.0666 -0.9900 -0.1245
vn -0.3866 -0.8004 -0.4581
vn -0.3889 -0.7980 -0.4605
vn -0.1277 -0.6063 -0.7849
vn -0.0744 -0.6008 -0.7959
vn 0.0056 -0.6115 -0.7912
vn -0.1773 -0.6143 -0.7689
vn 0.3705 -0.8074 -0.4592
vn -0.0007 -0.9929 -0.1188
vn -0.0004 -0.9929 -0.1189
vn 0.0001 -0.9928 -0.1194
vn -0.0001 -0.9929 -0.1193
vn -0.0052 -0.9919 -0.1268
vn -0.3554 -0.3013 -0.8848
vn -0.4305 -0.3274 -0.8411
vn -0.7112 -0.6098 -0.3498
vn -0.0002 -0.8761 -0.4822
vn -0.4890 -0.3468 -0.8004
vn -0.6534 -0.5010 -0.5675
vn -0.3295 -0.9442 0.0062
vn -0.7128 -0.6088 -0.3483
vn -0.1823 -0.2649 -0.9469
vn -0.2715 -0.2802 -0.9207
vn -0.0796 -0.2508 -0.9648
vn 0.4565 -0.4721 -0.7542
vn 0.5463 -0.8248 -0.1460
vn -0.0004 -0.9648 0.2632
vn -0.0005 -0.9647 0.2632
vn -0.0002 -0.9649 0.2627
vn 0.0019 -0.9651 0.2618
vn -0.3783 -0.8088 -0.4503
vn -0.6801 -0.6527 -0.3339
vn 0.0553 0.4203 -0.9057
vn 0.1622 0.3916 -0.9057
vn 0.2581 0.3363 -0.9057
vn 0.3363 0.2581 -0.9057
vn 0.3916 0.1622 -0.9057
vn 0.4203 0.0553 -0.9057
vn 0.4203 -0.0553 -0.9057
vn 0.3916 -0.1622 -0.9057
vn 0.3363 -0.2581 -0.9057
vn 0.2581 -0.3363 -0.9057
vn 0.1622 -0.3916 -0.9057
vn 0.0553 -0.4203 -0.9057
vn -0.0553 -0.4203 -0.9057
vn -0.1622 -0.3916 -0.9057
vn -0.2581 -0.3363 -0.9057
vn -0.3363 -0.2581 -0.9057
vn -0.3916 -0.1622 -0.9057
vn -0.4203 -0.0553 -0.9057
vn -0.4203 0.0553 -0.9057
vn -0.3916 0.1622 -0.9057
vn -0.3363 0.2581 -0.9057
vn -0.2581 0.3363 -0.9057
vn -0.1622 0.3916 -0.9057
vn -0.0553 0.4203 -0.9057
vn -0.0000 -0.2351 -0.9720
vn -0.0609 -0.2271 -0.9720
vn -0.1176 -0.2036 -0.9720
vn -0.1663 -0.1663 -0.9720
vn -0.2036 -0.1176 -0.9720
vn -0.2271 -0.0609 -0.9720
vn -0.2351 -0.0000 -0.9720
vn -0.2271 0.0609 -0.9720
vn -0.2036 0.1176 -0.9720
vn -0.1663 0.1663 -0.9720
vn -0.1176 0.2036 -0.9720
vn -0.0609 0.2271 -0.9720
vn -0.0000 0.2351 -0.9720
vn 0.0609 0.2271 -0.9720
vn 0.1176 0.2036 -0.9720
vn 0.1663 0.1663 -0.9720
vn 0.2036 0.1176 -0.9720
vn 0.2271 0.0609 -0.9720
vn 0.2351 -0.0000 -0.9720
vn 0.2271 -0.0609 -0.9720
vn 0.2036 -0.1176 -0.9720
vn 0.1663 -0.1663 -0.9720
vn 0.1176 -0.2036 -0.9720
vn 0.0609 -0.2271 -0.9720
vn 0.0607 0.4613 -0.8852
vn 0.1780 0.4298 -0.8852
vn 0.2832 0.3691 -0.8852
vn 0.3691 0.2832 -0.8852
vn 0.4298 0.1780 -0.8852
vn 0.4613 0.0607 -0.8852
vn 0.4613 -0.0607 -0.8852
vn 0.4298 -0.1781 -0.8852
vn 0.3691 -0.2832 -0.8852
vn 0.2832 -0.3691 -0.8852
vn 0.1780 -0.4298 -0.8852
vn 0.0607 -0.4613 -0.8852
vn -0.0607 -0.4613 -0.8852
vn -0.1780 -0.4298 -0.8852
vn -0.2832 -0.3691 -0.8852
vn -0.3691 -0.2832 -0.8852
vn -0.4298 -0.1780 -0.8852
vn -0.4613 -0.0607 -0.8852
vn -0.4613 0.0607 -0.8852
vn -0.4298 0.1781 -0.8852
vn -0.3691 0.2832 -0.8852
vn -0.2832 0.3691 -0.8852
vn -0.1780 0.4298 -0.8852
vn -0.0607 0.4613 -0.8852
vn -0.3969 0.6874 -0.6082
vn -0.2040 0.7612 -0.6157
vn -0.0000 0.7938 -0.6082
vn 0.2040 0.7612 -0.6157
vn -0.5613 -0.5613 -0.6082
vn -0.6824 -0.3940 -0.6157
vn 0.6874 -0.3969 -0.6082
vn 0.5572 -0.5572 -0.6157
vn 0.3940 0.6824 -0.6157
vn -0.7612 -0.2040 -0.6157
vn 0.3940 -0.6824 -0.6157
vn 0.5572 0.5572 -0.6157
vn -0.7880 -0.0000 -0.6157
vn 0.2040 -0.7612 -0.6157
vn 0.6824 0.3940 -0.6157
vn -0.7612 0.2040 -0.6157
vn -0.0000 -0.7880 -0.6157
vn 0.7612 0.2040 -0.6157
vn -0.6824 0.3940 -0.6157
vn -0.2040 -0.7612 -0.6157
vn 0.7880 -0.0000 -0.6157
vn -0.5572 0.5572 -0.6157
vn -0.3940 -0.6824 -0.6157
vn 0.7612 -0.2040 -0.6157
vn -0.9755 0.2164 0.0407
vn -0.9623 0.2720 0.0055
vn -0.9611 0.2048 -0.1855
vn -0.9491 -0.3134 -0.0306
vn -0.9680 -0.0059 -0.2508
vn -0.9469 0.3204 -0.0264
vn -0.9480 0.0052 -0.3181
vn -0.9485 -0.2742 -0.1588
vn -0.9470 -0.3097 0.0852
vn -0.3029 -0.3289 -0.8945
vn -0.2864 0.0036 -0.9581
vn -0.1780 -0.8328 -0.5242
vn -0.1481 -0.0033 -0.9890
vn -0.0014 -0.7169 -0.6972
vn 0.6987 -0.6955 -0.1677
vn -0.0862 -0.9670 -0.2396
vn -0.7538 -0.6336 -0.1739
vn 0.6774 -0.6635 -0.3177
vn -0.0517 -0.8712 -0.4881
vn -0.7464 -0.5633 -0.3542
vn 0.6676 -0.5637 -0.4864
vn -0.0341 -0.7106 -0.7027
vn -0.7416 -0.4455 -0.5015
vn 0.6572 -0.4335 -0.6166
vn -0.0285 -0.5044 -0.8630
vn -0.7324 -0.3013 -0.6105
vn 0.6517 -0.2814 -0.7044
vn -0.0179 -0.2812 -0.9595
vn -0.7474 -0.0931 -0.6578
vn 0.6654 -0.0928 -0.7407
vn -0.1211 -0.0335 -0.9921
vn 0.6957 -0.7144 -0.0754
vn 0.6927 -0.0056 -0.7212
vn -0.8149 -0.0319 -0.5787
vn -0.8396 0.5398 0.0604
vn -0.9743 -0.0194 0.2244
vn -0.8428 0.5056 -0.1845
vn -0.9398 -0.1887 -0.2848
vn -0.8707 -0.3422 -0.3533
vn -0.8807 0.3851 -0.2759
vn -0.8382 0.3935 -0.3776
vn -0.7831 -0.2424 -0.5727
vn -0.7883 -0.6145 -0.0314
vn -0.0134 0.4530 0.8914
vn -0.0292 0.4528 0.8912
vn 0.0450 0.4472 0.8933
vn 0.0268 0.4503 0.8925
vn 0.0304 0.4178 0.9080
vn 0.1063 0.4285 0.8973
vn 0.0713 0.4408 0.8948
vn 0.0127 0.4522 0.8918
vn -0.0508 0.4513 0.8909
vn -0.0819 0.4452 0.8917
vn -0.0395 0.4189 0.9072
vn -0.1213 0.4309 0.8942
vn 0.0001 0.8542 0.5200
vn -0.0147 0.8668 0.4984
vn -0.0010 0.8556 0.5176
vn -0.0007 0.8541 0.5202
vn -0.0006 0.8541 0.5201
vn 0.0007 0.8541 0.5202
vn -0.0136 0.8752 0.4835
vn -0.0091 0.8679 0.4967
vn -0.0125 0.8665 0.4991
vn -0.0143 0.8749 0.4842
vn -0.0151 0.8721 0.4891
vn 0.0110 0.8763 0.4816
vn 0.0086 0.8766 0.4811
vn -0.0002 0.8537 0.5208
vn 0.9965 -0.0139 0.0828
vn 0.9933 -0.0008 0.1160
vn 0.9929 -0.0001 0.1187
vn 0.9966 -0.0137 0.0810
vn 0.9932 -0.0009 0.1164
vn 1.0000 0.0030 -0.0013
vn 1.0000 0.0020 -0.0005
vn 1.0000 0.0005 -0.0000
vn 1.0000 -0.0017 0.0008
vn 1.0000 -0.0039 0.0010
vn 1.0000 0.0019 -0.0031
vn 0.0017 0.0018 -1.0000
vn 0.0061 0.0030 -1.0000
vn 0.0116 0.0041 -0.9999
vn 0.0020 0.0031 -1.0000
vn 0.0007 0.0032 -1.0000
vn 0.0014 0.0019 -1.0000
vn -0.9965 0.0630 -0.0554
vn -0.9994 0.0263 -0.0244
vn -0.9983 0.0183 -0.0549
vn -0.9974 0.0137 -0.0704
vn -0.9972 0.0129 -0.0734
vn -0.9981 0.0246 -0.0563
vn -0.9981 0.0474 -0.0405
vn -0.9966 -0.0141 0.0815
vn -0.9952 -0.0083 0.0972
vn -0.9931 0.0001 0.1176
vn -0.9930 0.0018 0.1178
vn -0.9933 0.0009 0.1160
vn -1.0000 -0.0017 0.0008
vn -1.0000 0.0005 -0.0000
vn -1.0000 0.0020 -0.0005
vn -1.0000 0.0030 -0.0013
vn -1.0000 0.0019 -0.0031
vn -1.0000 -0.0039 0.0010
vn -0.0116 0.0041 -0.9999
vn -0.0061 0.0030 -1.0000
vn -0.0018 0.0018 -1.0000
vn -0.0014 0.0019 -1.0000
vn -0.0020 0.0031 -1.0000
vn -0.0007 0.0032 -1.0000
vn 0.9965 0.0630 -0.0554
vn 0.9974 0.0341 -0.0641
vn 0.9981 0.0223 -0.0574
vn 0.9976 0.0149 -0.0670
vn 0.9984 0.0186 -0.0543
vn 0.9994 0.0261 -0.0244
vn 0.9981 0.0463 -0.0418
vn -0.1102 -0.9893 -0.0953
vn 0.0008 -0.0004 -1.0000
vn 0.0054 0.0009 -1.0000
vn 0.0037 0.0037 -1.0000
vn -0.0002 -0.0004 -1.0000
vn 0.0035 -0.0002 -1.0000
vn 0.0005 0.0008 -1.0000
vn 0.0014 0.0035 -1.0000
vn 0.0001 0.0024 -1.0000
vn -0.0008 -0.0004 -1.0000
vn -0.0054 0.0009 -1.0000
vn -0.0037 0.0037 -1.0000
vn 0.0002 -0.0004 -1.0000
vn -0.0035 -0.0002 -1.0000
vn -0.0005 0.0008 -1.0000
vn -0.0014 0.0035 -1.0000
vn -0.0001 0.0024 -1.0000
vn -0.0064 -0.0082 -0.9999
vn -0.0046 -0.0085 -1.0000
vn -0.0121 -0.0023 -0.9999
vn -0.0094 -0.0072 -0.9999
vn -0.0091 0.0047 -0.9999
vn -0.0023 -0.0091 -1.0000
vn -0.0001 -0.0074 -1.0000
vn -0.0000 -0.0062 -1.0000
vn -0.0031 -0.0075 -1.0000
vn -0.0000 -0.0484 -0.9988
vn 0.0046 -0.0085 -1.0000
vn 0.0064 -0.0082 -0.9999
vn 0.0094 -0.0072 -0.9999
vn 0.0121 -0.0023 -0.9999
vn 0.0091 0.0047 -0.9999
vn 0.0023 -0.0091 -1.0000
vn 0.0001 -0.0074 -1.0000
vn 0.0031 -0.0075 -1.0000
vn -0.5828 -0.8126 -0.0002
vn -0.9133 -0.4074 -0.0002
vn -0.9972 -0.0739 -0.0132
vn -0.3588 -0.9334 0.0003
vn -0.0024 -1.0000 0.0018
vn -0.0025 -1.0000 -0.0000
vn -0.7730 -0.6344 0.0001
vn -0.0803 -0.9968 0.0006
vn -0.9953 0.0745 -0.0624
vn -0.3429 -0.9394 0.0030
vn -0.9112 -0.4121 -0.0016
vn -0.9931 -0.1175 -0.0014
vn -0.7678 -0.6407 -0.0003
vn -0.5759 -0.8175 0.0019
vn -0.0720 -0.9974 0.0049
vn -0.9972 0.0331 -0.0667
vn -0.9971 0.0091 -0.0759
vn -0.9968 0.0066 -0.0798
vn -0.9972 0.0088 -0.0742
vn -0.9980 0.0142 -0.0617
vn -0.9981 0.0128 -0.0606
vn -0.9948 0.0705 -0.0737
vn -0.9999 0.0003 -0.0111
vn 0.5828 -0.8126 -0.0002
vn 0.9133 -0.4074 -0.0002
vn 0.9972 -0.0739 -0.0132
vn 0.3588 -0.9334 0.0003
vn 0.0024 -1.0000 0.0018
vn 0.0025 -1.0000 -0.0000
vn 0.7730 -0.6344 0.0001
vn 0.0803 -0.9968 0.0006
vn 0.9953 0.0745 -0.0624
vn 0.3429 -0.9394 0.0030
vn 0.9112 -0.4121 -0.0016
vn 0.9931 -0.1175 -0.0014
vn 0.7678 -0.6407 -0.0003
vn 0.5759 -0.8175 0.0019
vn 0.0720 -0.9974 0.0049
vn 0.9971 0.0261 -0.0710
vn 0.9971 0.0140 -0.0744
vn 0.9970 0.0085 -0.0770
vn 0.9972 0.0088 -0.0742
vn 0.9980 0.0142 -0.0614
vn 0.9982 0.0130 -0.0581
vn 0.9948 0.0702 -0.0736
vn 0.9999 0.0002 -0.0105
vn -0.4751 -0.8780 -0.0575
vn -0.6828 -0.7283 -0.0576
vn -0.8500 -0.5236 -0.0576
vn -0.9672 -0.2452 -0.0658
vn -0.9937 0.0507 -0.0995
vn -0.2203 -0.9738 -0.0570
vn -0.0126 -0.9648 -0.2627
vn -0.0000 -0.8727 -0.4882
vn -0.0000 -0.9983 -0.0577
vn -0.0156 -0.9982 -0.0572
vn -0.9864 0.0936 -0.1349
vn -0.4651 -0.8847 -0.0320
vn -0.1918 -0.9798 -0.0573
vn -0.9638 -0.2658 -0.0214
vn -0.8476 -0.5302 -0.0219
vn -0.9988 -0.0284 -0.0391
vn -0.6777 -0.7350 -0.0225
vn -0.9965 -0.0422 -0.0728
vn -0.9966 -0.0082 -0.0816
vn -0.9954 -0.0171 -0.0938
vn -0.9950 -0.0147 -0.0988
vn -0.9947 -0.0106 -0.1025
vn -0.9952 0.0017 -0.0983
vn -0.9981 0.0030 -0.0612
vn 0.6828 -0.7283 -0.0576
vn 0.4751 -0.8780 -0.0575
vn 0.9672 -0.2452 -0.0658
vn 0.8500 -0.5236 -0.0576
vn 0.9937 0.0507 -0.0995
vn 0.2203 -0.9738 -0.0570
vn 0.0126 -0.9648 -0.2626
vn 0.0156 -0.9982 -0.0572
vn 0.9864 0.0936 -0.1349
vn 0.1918 -0.9798 -0.0573
vn 0.4651 -0.8847 -0.0320
vn 0.8476 -0.5302 -0.0219
vn 0.9638 -0.2658 -0.0214
vn 0.9989 -0.0281 -0.0382
vn 0.6777 -0.7350 -0.0225
vn 0.9966 -0.0089 -0.0820
vn 0.9964 -0.0424 -0.0730
vn 0.9955 -0.0168 -0.0936
vn 0.9950 -0.0147 -0.0988
vn 0.9947 -0.0106 -0.1024
vn 0.9954 0.0006 -0.0956
vn 0.9984 0.0030 -0.0573
vn 0.8148 -0.2964 -0.4982
vn 0.1778 -0.8327 -0.5244
vn -0.7821 -0.6210 -0.0519
vn -0.0000 0.1322 -0.9912
vn -0.0342 0.1277 -0.9912
vn -0.0661 0.1145 -0.9912
vn -0.0935 0.0935 -0.9912
vn -0.1145 0.0661 -0.9912
vn -0.1277 0.0342 -0.9912
vn -0.1322 -0.0000 -0.9912
vn -0.1277 -0.0342 -0.9912
vn -0.1145 -0.0661 -0.9912
vn -0.0935 -0.0935 -0.9912
vn -0.0661 -0.1145 -0.9912
vn -0.0342 -0.1277 -0.9912
vn -0.0000 -0.1322 -0.9912
vn 0.0342 -0.1277 -0.9912
vn 0.0661 -0.1145 -0.9912
vn 0.0935 -0.0935 -0.9912
vn 0.1145 -0.0661 -0.9912
vn 0.1277 -0.0342 -0.9912
vn 0.1322 -0.0000 -0.9912
vn 0.1277 0.0342 -0.9912
vn 0.1145 0.0661 -0.9912
vn 0.0935 0.0935 -0.9912
vn 0.0661 0.1145 -0.9912
vn 0.0342 0.1277 -0.9912
vn 0.0046 0.0170 -0.9998
vn -0.0000 0.0176 -0.9998
vn 0.0088 0.0153 -0.9998
vn 0.0125 0.0125 -0.9998
vn 0.0153 0.0088 -0.9998
vn 0.0170 0.0046 -0.9998
vn 0.0176 -0.0000 -0.9998
vn 0.0170 -0.0046 -0.9998
vn 0.0153 -0.0088 -0.9998
vn 0.0125 -0.0125 -0.9998
vn 0.0088 -0.0153 -0.9998
vn 0.0046 -0.0170 -0.9998
vn -0.0000 -0.0176 -0.9998
vn -0.0046 -0.0170 -0.9998
vn -0.0088 -0.0153 -0.9998
vn -0.0125 -0.0125 -0.9998
vn -0.0153 -0.0088 -0.9998
vn -0.0170 -0.0046 -0.9998
vn -0.0176 -0.0000 -0.9998
vn -0.0170 0.0046 -0.9998
vn -0.0153 0.0088 -0.9998
vn -0.0125 0.0125 -0.9998
vn -0.0088 0.0153 -0.9998
vn -0.0046 0.0170 -0.9998
vn -0.3940 0.6824 -0.6157
vn -0.4008 0.6943 -0.5978
vn -0.2054 0.7667 -0.6082
vn -0.0000 0.7880 -0.6157
vn -0.0000 0.8017 -0.5978
vn 0.2054 0.7667 -0.6082
vn -0.5572 -0.5572 -0.6157
vn -0.5669 -0.5669 -0.5978
vn -0.6874 -0.3969 -0.6082
vn 0.6824 -0.3940 -0.6157
vn 0.6943 -0.4008 -0.5978
vn 0.5613 -0.5613 -0.6082
vn 0.3969 0.6874 -0.6082
vn 0.4008 0.6943 -0.5978
vn -0.7667 -0.2054 -0.6082
vn 0.3969 -0.6874 -0.6082
vn 0.5613 0.5613 -0.6082
vn 0.5669 0.5669 -0.5978
vn -0.7938 -0.0000 -0.6082
vn 0.2054 -0.7667 -0.6082
vn 0.6874 0.3969 -0.6082
vn -0.7667 0.2054 -0.6082
vn -0.0000 -0.7938 -0.6082
vn 0.7667 0.2054 -0.6082
vn 0.7744 0.2075 -0.5978
vn -0.6874 0.3969 -0.6082
vn -0.2054 -0.7667 -0.6082
vn 0.7938 -0.0000 -0.6082
vn -0.5613 0.5613 -0.6082
vn -0.3969 -0.6874 -0.6082
vn 0.7667 -0.2054 -0.6082
vn 0.7407 -0.3068 -0.5977
vn -0.4880 -0.6360 -0.5977
vn -0.4880 0.6360 -0.5977
vn 0.7948 -0.1046 -0.5977
vn -0.3068 -0.7407 -0.5977
vn -0.6360 0.4880 -0.5977
vn 0.7948 0.1046 -0.5977
vn -0.1046 -0.7948 -0.5977
vn -0.7407 0.3068 -0.5977
vn 0.7407 0.3068 -0.5977
vn 0.1046 -0.7948 -0.5977
vn -0.7948 0.1046 -0.5977
vn 0.6360 0.4880 -0.5977
vn 0.3068 -0.7407 -0.5977
vn -0.7948 -0.1046 -0.5977
vn 0.4880 0.6360 -0.5977
vn 0.4880 -0.6360 -0.5977
vn -0.7407 -0.3068 -0.5977
vn 0.3068 0.7407 -0.5977
vn -0.1046 0.7948 -0.5977
vn 0.6360 -0.4880 -0.5977
vn -0.6360 -0.4880 -0.5977
vn 0.1046 0.7948 -0.5977
vn -0.3068 0.7407 -0.5977
vn -0.0005 -1.0000 0.0002
vn -0.0005 -1.0000 0.0003
vn -0.0006 -1.0000 0.0002
vn -0.0037 -0.9995 -0.0307
vn 0.0426 -0.9980 -0.0472
vn 0.0065 -1.0000 -0.0000
vn -0.0006 -1.0000 -0.0000
vn 0.0010 -0.9999 0.0142
vn 0.0057 -1.0000 0.0033
vn -0.0005 -1.0000 -0.0002
vn 0.0058 -1.0000 0.0010
vn -0.0002 -1.0000 -0.0002
vn -0.0005 -1.0000 -0.0001
vn 0.0064 -1.0000 0.0008
vn 0.0041 -1.0000 0.0054
vn -0.0000 -0.9974 0.0715
vn 0.0023 -0.9978 0.0667
vn 0.0449 -0.9972 -0.0591
vn 0.0429 -0.9964 -0.0727
vn -0.0006 -1.0000 0.0001
vn 0.0186 -0.9972 -0.0718
vn -0.0024 -0.9996 -0.0272
vn -0.0000 -1.0000 -0.0098
vn 0.0736 -0.9952 -0.0642
vn -0.0070 -1.0000 0.0009
vn 0.0005 -1.0000 0.0003
vn 0.0005 -1.0000 0.0002
vn 0.0006 -1.0000 0.0002
vn -0.0426 -0.9980 -0.0472
vn 0.0037 -0.9995 -0.0307
vn 0.0006 -1.0000 -0.0000
vn -0.0065 -1.0000 -0.0000
vn -0.0010 -0.9999 0.0142
vn 0.0005 -1.0000 -0.0002
vn -0.0057 -1.0000 0.0033
vn -0.0058 -1.0000 0.0010
vn 0.0002 -1.0000 -0.0002
vn 0.0005 -1.0000 -0.0001
vn -0.0064 -1.0000 0.0008
vn -0.0041 -1.0000 0.0054
vn -0.0023 -0.9978 0.0667
vn -0.0429 -0.9964 -0.0727
vn -0.0449 -0.9972 -0.0591
vn 0.0006 -1.0000 0.0001
vn -0.0186 -0.9972 -0.0718
vn -0.0735 -0.9952 -0.0641
vn 0.0024 -0.9996 -0.0272
vn 0.0070 -1.0000 0.0009
vn -0.0207 -0.9997 -0.0131
vn 0.0207 -0.9997 -0.0131
vn 0.3708 0.9283 0.0276
vn 0.3740 0.9274 0.0116
vn -0.3708 0.9283 0.0276
vn -0.3740 0.9274 0.0116
vn -0.7001 0.7140 -0.0106
vn -0.0260 0.9997 -0.0012
vn 0.7001 0.7140 -0.0106
vn 0.0260 0.9997 -0.0012
vn -0.0000 1.0000 -0.0064
vn 0.0001 1.0000 -0.0048
vn -0.0001 1.0000 -0.0048
vn 0.0135 0.9999 0.0049
vn -0.0135 0.9999 0.0049
vn -0.0003 0.8668 0.4986
vn -0.0002 0.8687 0.4953
vn 0.0016 0.8674 0.4975
vn -0.0003 0.8668 0.4987
vn -0.0005 0.8673 0.4979
vn -0.0013 0.8681 0.4964
vn 0.0002 0.8670 0.4984
vn -0.0000 0.8669 0.4985
vn 0.0001 0.8671 0.4982
vn -0.0007 0.8671 0.4981
vn -0.0003 0.8672 0.4980
vn -0.0001 0.8669 0.4986
vn -0.0003 0.8669 0.4984
vn -0.0000 0.8669 0.4984
vn 0.0009 0.8685 0.4956
vn 0.0003 0.8677 0.4971
vn -0.0001 0.8672 0.4980
vn -0.0003 0.8672 0.4979
vn -0.0003 0.8671 0.4981
vn -0.0003 0.8670 0.4983
vn 0.0001 0.8669 0.4984
vn -0.0001 0.8667 0.4988
vn -0.0006 0.8672 0.4979
vn 0.0003 0.8668 0.4986
vn 0.0002 0.8687 0.4953
vn -0.0016 0.8674 0.4975
vn 0.0003 0.8668 0.4987
vn 0.0005 0.8673 0.4979
vn 0.0013 0.8681 0.4964
vn -0.0002 0.8670 0.4984
vn -0.0001 0.8671 0.4982
vn 0.0007 0.8671 0.4981
vn 0.0003 0.8672 0.4980
vn 0.0001 0.8669 0.4986
vn 0.0003 0.8669 0.4984
vn -0.0009 0.8685 0.4956
vn -0.0003 0.8677 0.4971
vn 0.0001 0.8672 0.4980
vn 0.0003 0.8672 0.4979
vn 0.0003 0.8671 0.4981
vn 0.0003 0.8670 0.4983
vn -0.0001 0.8669 0.4984
vn 0.0001 0.8667 0.4988
vn 0.0006 0.8672 0.4979
vn -0.0110 0.8763 0.4816
vn 0.0162 0.8674 0.4973
vn 0.0125 0.8665 0.4991
vn 0.0006 0.8541 0.5201
vn 0.0057 0.8765 0.4814
vn 0.0020 0.8756 0.4831
vn 0.0008 -0.8670 -0.4983
vn -0.0043 -0.8680 -0.4966
vn -0.0008 -0.8672 -0.4980
vn -0.0079 -0.8687 -0.4953
vn 0.0004 -0.8672 -0.4979
vn 0.0006 -0.8671 -0.4981
vn 0.0013 -0.8670 -0.4983
vn -0.0051 -0.8671 -0.4981
vn -0.0024 -0.8669 -0.4985
vn -0.0000 -0.8669 -0.4986
vn -0.0017 -0.8678 -0.4969
vn -0.0048 -0.8690 -0.4949
vn -0.0000 -0.8669 -0.4984
vn 0.0007 -0.8672 -0.4979
vn 0.0002 -0.8670 -0.4983
vn 0.0002 -0.8671 -0.4981
vn 0.0003 -0.8671 -0.4981
vn -0.0008 -0.8670 -0.4983
vn 0.0043 -0.8680 -0.4966
vn 0.0008 -0.8672 -0.4980
vn 0.0079 -0.8687 -0.4953
vn -0.0004 -0.8672 -0.4979
vn -0.0006 -0.8671 -0.4981
vn -0.0013 -0.8670 -0.4983
vn 0.0051 -0.8671 -0.4981
vn 0.0024 -0.8669 -0.4985
vn 0.0017 -0.8678 -0.4969
vn 0.0048 -0.8690 -0.4949
vn -0.0007 -0.8672 -0.4979
vn -0.0002 -0.8670 -0.4983
vn -0.0002 -0.8671 -0.4981
vn -0.0003 -0.8671 -0.4981
vn 0.0125 -0.8674 -0.4974
vn -0.0007 -0.8766 -0.4812
vn -0.0007 -0.8765 -0.4813
vn 0.0083 -0.8570 -0.5153
vn 0.0051 -0.8575 -0.5144
vn -0.0003 -0.8765 -0.4814
vn 0.0020 -0.8586 -0.5127
vn -0.0137 -0.8575 -0.5144
vn 0.0002 -0.8761 -0.4822
vn 0.0009 -0.8764 -0.4816
vn -0.0078 -0.8659 -0.5001
vn 0.0124 -0.8572 -0.5148
vn -0.0132 -0.8571 -0.5151
vn -0.0151 -0.8639 -0.5035
vn 0.0007 -0.8766 -0.4812
vn -0.0150 -0.8685 -0.4954
vn 0.7226 -0.0056 -0.6913
vn 0.5549 -0.0033 -0.8319
vn 0.6451 -0.0016 -0.7641
vn 0.7260 0.0051 -0.6877
vn 0.7508 0.0018 -0.6605
vn 0.5598 -0.0017 -0.8286
vn 0.6473 -0.0002 -0.7622
vn 0.1412 -0.0256 -0.9896
vn 0.0125 0.0018 -0.9999
vn 0.3426 0.0007 -0.9395
vn 0.0220 0.0034 -0.9998
vn 0.0635 0.0173 -0.9978
vn 0.0058 0.0035 -1.0000
vn 0.4516 -0.0024 -0.8922
vn 0.4524 -0.0044 -0.8918
vn 0.3476 -0.0259 -0.9373
vn -0.7226 -0.0056 -0.6913
vn -0.5549 -0.0033 -0.8319
vn -0.6451 -0.0016 -0.7641
vn -0.7260 0.0051 -0.6877
vn -0.7508 0.0018 -0.6605
vn -0.5598 -0.0017 -0.8286
vn -0.6473 -0.0002 -0.7622
vn -0.1434 -0.0239 -0.9894
vn -0.0125 0.0018 -0.9999
vn -0.3426 0.0007 -0.9395
vn -0.0230 0.0039 -0.9997
vn -0.0635 0.0173 -0.9978
vn -0.0058 0.0035 -1.0000
vn -0.4516 -0.0024 -0.8922
vn -0.4524 -0.0044 -0.8918
vn -0.3476 -0.0258 -0.9373
vn 0.6383 -0.1361 -0.7576
vn 0.7958 -0.0137 -0.6054
vn 0.6019 0.0988 -0.7924
vn 0.4964 0.1048 -0.8617
vn 0.5665 -0.1251 -0.8145
vn 0.7682 0.0073 -0.6401
vn 0.6860 0.0972 -0.7211
vn 0.4777 -0.1206 -0.8702
vn -0.0000 -0.0005 -1.0000
vn -0.0000 -0.0018 -1.0000
vn -0.0010 -0.0059 -1.0000
vn -0.0050 -0.0099 -0.9999
vn -0.0098 -0.0138 -0.9999
vn 0.2833 -0.0891 -0.9549
vn -0.0216 -0.0138 -0.9997
vn -0.0293 -0.0090 -0.9995
vn 0.4059 0.1116 -0.9071
vn 0.2025 0.1241 -0.9714
vn 0.0077 0.1051 -0.9944
vn 0.0001 0.1307 -0.9914
vn -0.0120 -0.0134 -0.9998
vn -0.0000 0.0872 -0.9962
vn 0.3710 -0.1398 -0.9181
vn -0.7958 -0.0137 -0.6054
vn -0.6383 -0.1361 -0.7576
vn -0.4964 0.1048 -0.8617
vn -0.6019 0.0988 -0.7924
vn -0.5665 -0.1252 -0.8145
vn -0.6860 0.0972 -0.7211
vn -0.7682 0.0073 -0.6401
vn -0.4777 -0.1206 -0.8702
vn 0.0050 -0.0100 -0.9999
vn 0.0010 -0.0058 -1.0000
vn -0.2863 -0.0875 -0.9541
vn 0.0020 -0.0085 -1.0000
vn 0.0287 -0.0085 -0.9996
vn 0.0216 -0.0138 -0.9997
vn -0.2025 0.1241 -0.9714
vn -0.4059 0.1116 -0.9071
vn -0.0077 0.1051 -0.9944
vn -0.0001 0.1307 -0.9914
vn 0.0120 -0.0135 -0.9998
vn -0.3710 -0.1398 -0.9181
vn 0.9067 0.0038 0.4217
vn 0.9469 0.0039 0.3214
vn 0.9761 0.0038 0.2175
vn 0.9986 0.0038 0.0521
vn 0.9961 0.0034 -0.0887
vn 0.9807 0.0026 -0.1956
vn 0.9471 0.0005 -0.3210
vn 0.8969 -0.0011 -0.4422
vn 0.8352 -0.0051 -0.5499
vn 0.7218 0.0011 -0.6921
vn 0.6457 -0.0020 -0.7636
vn 0.5567 -0.0036 -0.8307
vn 0.4520 -0.0023 -0.8920
vn 0.3519 -0.0035 -0.9360
vn 0.0339 0.0226 -0.9992
vn 0.0667 -0.0136 0.9977
vn 0.9018 -0.0095 0.4321
vn 0.3437 0.0038 0.9391
vn 0.4423 0.0038 0.8969
vn 0.5358 0.0038 0.8443
vn 0.6766 0.0038 0.7363
vn 0.7518 0.0039 0.6593
vn 0.8183 0.0038 0.5747
vn 1.0000 0.0039 -0.0004
vn 0.4847 -0.8747 -0.0009
vn 0.0242 -0.8134 0.5811
vn 0.0086 -0.8106 0.5856
vn 0.1661 -0.8738 0.4570
vn 0.2152 -0.8737 0.4363
vn 0.2615 -0.8738 0.4100
vn 0.3281 -0.8740 0.3584
vn 0.3655 -0.8739 0.3205
vn 0.3982 -0.8740 0.2785
vn 0.4398 -0.8742 0.2055
vn 0.4600 -0.8741 0.1561
vn 0.4741 -0.8742 0.1047
vn 0.4914 -0.8600 -0.1373
vn 0.5075 -0.8246 -0.2498
vn 0.5249 -0.7633 -0.3766
vn 0.5344 -0.6888 -0.4899
vn 0.5062 -0.5970 -0.6224
vn 0.4524 -0.5465 -0.7048
vn 0.4150 -0.4938 -0.7641
vn 0.3502 -0.4616 -0.8150
vn 0.2953 -0.4459 -0.8450
vn 0.4811 -0.8749 -0.0555
vn 0.4843 -0.8745 0.0262
vn 0.1435 0.9071 0.3957
vn 0.1863 0.9070 0.3778
vn 0.2266 0.9071 0.3548
vn 0.2838 0.9072 0.3106
vn 0.3165 0.9071 0.2776
vn 0.3450 0.9072 0.2408
vn 0.3808 0.9073 0.1783
vn 0.3984 0.9072 0.1353
vn 0.4107 0.9073 0.0904
vn 0.5219 0.8320 -0.1881
vn 0.4199 0.9076 0.0039
vn 0.4195 0.9075 0.0229
vn 0.0833 0.9874 -0.1344
vn 0.2555 0.9593 -0.1206
vn 0.4380 0.8939 -0.0951
vn 0.6348 0.7701 -0.0623
vn 0.8337 0.5514 -0.0293
vn 0.9641 0.2655 -0.0080
vn -0.9561 0.2912 0.0336
vn -0.8106 0.5856 0.0037
vn -0.6049 0.7952 -0.0412
vn -0.4123 0.9072 -0.0840
vn -0.2389 0.9640 -0.1164
vn -0.0788 0.9879 -0.1337
vn 0.0591 -0.8725 0.4851
vn 0.0345 0.8105 0.5848
vn 0.0188 0.9756 -0.2188
vn 0.8321 0.4039 0.3801
vn 0.0055 0.9351 -0.3544
vn 0.0269 0.9874 -0.1560
vn 0.0281 0.9995 0.0150
vn 0.0265 0.9973 0.0686
vn 0.0213 0.9061 0.4226
vn 0.0243 0.8657 0.5000
vn 0.9360 0.3489 -0.0471
vn 0.9383 0.3459 -0.0030
vn 0.9331 0.3585 0.0276
vn 0.9032 0.3819 0.1959
vn -0.0718 0.0063 0.9974
vn 0.9039 0.0033 0.4278
vn 0.0164 -0.9976 0.0680
vn 0.0314 -0.9975 0.0637
vn 0.0451 -0.9973 0.0572
vn -0.2445 -0.8130 0.5285
vn 0.6133 -0.7860 0.0780
vn -0.0697 0.9868 -0.1460
vn -0.0631 0.9901 -0.1251
vn -0.0541 0.9918 -0.1155
vn -0.2629 0.8472 0.4617
vn 0.6312 0.7744 -0.0433
vn 1.0000 0.0032 0.0023
vn 0.1356 0.0032 0.9908
vn 0.0225 -0.9991 0.0363
vn 0.0304 -0.9992 0.0266
vn 0.0390 -0.9991 0.0177
vn -0.1187 -0.7697 0.6272
vn 0.6070 -0.7686 -0.2018
vn -0.1058 0.9899 -0.0943
vn -0.0934 0.9924 -0.0805
vn -0.0907 0.9923 -0.0844
vn -0.2134 0.7682 0.6036
vn 0.5791 0.7441 -0.3331
vn 0.4475 0.0031 0.8943
vn 0.8984 0.0031 -0.4392
vn -0.0037 -1.0000 0.0079
vn -0.0019 -1.0000 -0.0006
vn 0.0020 -1.0000 -0.0085
vn 0.0903 -0.7435 0.6627
vn 0.4748 -0.7430 -0.4718
vn -0.1379 0.9893 -0.0472
vn -0.1218 0.9917 -0.0406
vn -0.1279 0.9907 -0.0459
vn -0.0111 0.7316 0.6817
vn 0.3993 0.7131 -0.5762
vn 0.4198 0.9076 -0.0010
vn 0.4198 0.9076 0.0010
vn 0.4198 0.9076 -0.0009
vn 0.4847 -0.8747 0.0046
vn 0.4847 -0.8747 -0.0008
vn 0.4846 -0.8747 0.0008
vn 1.0000 0.0039 0.0092
vn 1.0000 0.0039 -0.0011
vn 1.0000 0.0039 0.0009
vn 1.0000 0.0039 0.0001
vn 0.7485 0.0031 0.6631
vn -0.0118 -0.9999 -0.0001
vn -0.0085 -0.9999 0.0079
vn 0.3336 -0.7394 0.5848
vn -0.1261 0.9920 -0.0011
vn -0.1380 0.9904 0.0082
vn 0.2397 0.7168 0.6547
vn -0.0095 -0.9999 -0.0068
vn -0.1385 0.9903 -0.0127
vn 0.3195 0.7058 -0.6323
vn 0.4027 -0.7286 -0.5541
vn 0.8064 0.0030 -0.5914
vn 0.8008 0.0029 -0.5989
vn 0.3851 -0.7361 -0.5566
vn 0.2983 0.7133 -0.6343
vn -0.0131 -0.9999 -0.0067
vn -0.0157 -0.9999 -0.0000
vn -0.0128 -0.9999 0.0068
vn -0.1421 0.9898 -0.0130
vn -0.1407 0.9900 0.0127
vn 0.3124 0.7072 0.6343
vn 0.3968 -0.7301 0.5563
vn 0.8017 0.0031 0.5977
vn 0.8715 0.4758 -0.1188
vn 0.8275 0.5121 -0.2303
vn 0.8602 0.4135 0.2984
vn 0.4152 0.9097 -0.0002
vn 0.4183 0.9083 -0.0058
vn 0.4252 0.9050 -0.0139
vn 0.4346 0.9003 -0.0228
vn 0.4665 0.8829 -0.0539
vn 0.5000 -0.6218 -0.6028
vn 0.7389 -0.0141 -0.6736
vn -0.0085 1.0000 -0.0033
vn 0.0001 1.0000 -0.0017
vn 0.0043 0.9996 0.0273
vn 0.0002 1.0000 -0.0017
vn 0.0007 1.0000 0.0044
vn 0.0002 1.0000 -0.0014
vn 0.0002 1.0000 0.0018
vn 0.0002 1.0000 0.0014
vn 0.0001 1.0000 -0.0015
vn 0.0003 1.0000 0.0027
vn 0.0001 1.0000 -0.0011
vn -0.0042 1.0000 0.0055
vn 0.0007 1.0000 0.0050
vn -0.0001 1.0000 -0.0001
vn -0.0003 1.0000 -0.0004
vn -0.0005 1.0000 -0.0003
vn -0.1009 0.9944 0.0299
vn -0.0239 0.9993 0.0302
vn -0.0000 1.0000 -0.0059
vn 0.7699 -0.5834 0.2585
vn -0.9900 -0.1290 0.0571
vn 0.9900 -0.1290 0.0571
vn -0.9154 -0.3683 0.1624
vn 0.5801 -0.7445 0.3304
vn 0.9154 -0.3683 0.1624
vn -0.3589 -0.8531 0.3787
vn -0.7699 -0.5834 0.2585
vn -0.1213 -0.9072 0.4028
vn 0.3589 -0.8531 0.3787
vn -0.0571 0.5583 -0.8277
vn 0.0354 0.5628 -0.8258
vn -0.1300 0.4796 -0.8678
vn 0.1471 0.4747 -0.8678
vn -0.0275 0.5601 -0.8280
vn 0.0691 0.5571 -0.8275
vn 0.0114 0.5614 -0.8275
vn -0.0949 0.5358 -0.8390
vn 0.1695 0.3190 -0.9325
vn -0.1502 0.3222 -0.9347
vn -0.0073 0.5585 -0.8295
vn 0.1094 0.5311 -0.8402
vn 0.7665 0.0025 0.6423
vn -0.0028 -1.0000 -0.0002
vn 0.0117 -0.9999 -0.0053
vn 0.0349 -0.9992 -0.0194
vn 0.0605 -0.9973 -0.0422
vn -0.0041 -0.9999 0.0140
vn 0.4012 -0.6977 0.5935
vn 0.3189 0.6628 0.6775
vn -0.1490 0.9886 0.0202
vn -0.3628 0.9319 -0.0007
vn -0.3289 0.9444 0.0018
vn -0.2819 0.9595 -0.0019
vn -0.1420 0.9899 0.0021
vn -0.2846 0.9434 -0.1703
vn 0.0746 -0.0112 -0.9972
vn 0.0476 -0.9920 -0.1165
vn 0.0833 -0.4710 -0.8782
vn -0.3509 -0.9364 0.0002
vn -0.0762 -0.9971 0.0005
vn -0.9949 -0.1007 -0.0032
vn 0.1343 -0.0213 -0.9907
vn -0.9121 -0.4099 0.0005
vn -0.7705 -0.6374 0.0001
vn 0.0025 -1.0000 -0.0002
vn -0.5794 -0.8150 -0.0003
vn 0.9934 -0.1020 -0.0529
vn 0.0395 0.0151 -0.9991
vn 0.1658 0.0011 -0.9862
vn 0.1163 -0.0062 -0.9932
vn 0.0437 0.0194 -0.9989
vn 0.8394 0.5018 -0.2089
vn 0.8484 0.5019 -0.1685
vn 0.9012 0.4266 -0.0772
vn 0.9224 0.3821 -0.0558
vn 0.0219 0.9819 -0.1883
vn 0.0244 0.9856 -0.1673
vn 0.0094 0.9521 -0.3055
vn 0.0147 0.9669 -0.2549
vn 0.0001 1.0000 -0.0035
vn -0.0031 0.9997 -0.0233
vn 0.0152 0.9999 0.0011
vn 0.0030 1.0000 -0.0007
vn -0.0001 1.0000 -0.0009
vn -0.0031 1.0000 0.0046
vn -0.0573 0.9984 -0.0004
vn 0.0771 0.9970 -0.0061
vn -0.0046 1.0000 0.0049
vn -0.0597 0.9982 -0.0095
vn -0.0648 0.9979 -0.0008
vn -0.0571 0.9984 -0.0048
vn -0.0017 1.0000 0.0053
vn -0.0011 1.0000 0.0059
vn 0.0002 1.0000 0.0070
vn -0.0027 1.0000 0.0053
vn -0.0008 0.9994 -0.0338
vn -0.0002 0.9995 -0.0331
vn 0.0552 0.9975 -0.0433
vn 0.0006 0.9995 -0.0326
vn -0.0000 0.9994 -0.0338
vn -0.0005 0.9994 -0.0339
vn -0.0016 0.9990 -0.0448
vn -0.3490 0.7609 0.5471
vn -0.6573 0.7535 0.0084
vn -0.5544 0.7184 0.4202
vn -0.4422 0.7263 0.5263
vn -0.6279 0.7634 -0.1516
vn -0.6699 0.7423 -0.0166
vn -0.6977 0.7141 0.0563
vn -0.1971 0.7891 0.5818
vn -0.1164 0.7845 0.6091
vn -0.0490 0.7478 0.6621
vn -0.2729 0.7918 0.5464
vn 0.6759 0.7363 0.0313
vn 0.0034 0.7477 -0.6640
vn 0.0027 0.7183 -0.6957
vn 0.2248 0.7800 -0.5840
vn 0.0324 0.7867 -0.6165
vn 0.0030 0.7738 -0.6335
vn 0.0037 0.7679 -0.6406
vn -0.0050 0.7200 -0.6940
vn 0.0001 -0.8761 -0.4822
vn -0.0138 -0.8575 -0.5143
vn 0.0152 -0.8689 -0.4948
vn 0.0036 -0.8580 -0.5137
vn -0.0004 -0.8766 -0.4813
vn 0.0066 -0.8572 -0.5150
vn -0.0008 -0.8766 -0.4812
vn 0.0106 -0.8670 -0.4982
vn 0.0151 -0.8686 -0.4953
vn 0.0152 -0.8679 -0.4965
vn 0.3947 -0.3143 -0.8634
vn 0.7020 -0.6216 -0.3476
vn 0.5283 -0.3664 -0.7659
vn 0.4604 -0.3380 -0.8208
vn 0.6480 -0.7250 -0.2334
vn 0.7121 -0.6092 -0.3491
vn 0.7131 -0.6038 -0.3563
vn 0.2279 -0.2721 -0.9349
vn 0.1318 -0.2570 -0.9574
vn -0.0240 -0.2754 -0.9610
vn 0.3142 -0.2899 -0.9040
vn -0.7110 -0.6133 -0.3440
vn 0.0002 -0.9648 0.2630
vn -0.2536 -0.9552 0.1529
vn -0.0497 -0.9718 0.2305
vn 0.0002 -0.9647 0.2632
vn 0.0045 -0.9677 0.2520
vn 0.0040 0.8762 0.4820
vn 0.1305 -0.9914 -0.0018
vn 0.3827 -0.9239 -0.0018
vn 0.6088 -0.7934 -0.0018
vn 0.7934 -0.6088 -0.0018
vn 0.9239 -0.3827 -0.0018
vn 0.9914 -0.1305 -0.0018
vn 0.9914 0.1305 -0.0018
vn 0.9239 0.3827 -0.0018
vn 0.7934 0.6088 -0.0018
vn 0.6088 0.7934 -0.0018
vn 0.3827 0.9239 -0.0018
vn 0.1305 0.9914 -0.0018
vn -0.1305 0.9914 -0.0018
vn -0.3827 0.9239 -0.0018
vn -0.6088 0.7934 -0.0018
vn -0.7934 0.6088 -0.0018
vn -0.9239 0.3827 -0.0018
vn -0.9914 0.1305 -0.0018
vn -0.9914 -0.1305 -0.0018
vn -0.9239 -0.3827 -0.0018
vn -0.7934 -0.6088 -0.0018
vn -0.6088 -0.7934 -0.0018
vn 0.3056 0.7378 -0.6019
vn -0.3827 -0.9239 -0.0018
vn -0.1305 -0.9914 -0.0018
vn 0.0220 -0.1674 -0.9857
vn 0.0646 -0.1559 -0.9857
vn 0.1028 -0.1339 -0.9857
vn 0.1339 -0.1028 -0.9857
vn 0.1559 -0.0646 -0.9857
vn 0.1674 -0.0220 -0.9857
vn 0.1674 0.0220 -0.9857
vn 0.1559 0.0646 -0.9857
vn 0.1339 0.1028 -0.9857
vn 0.1028 0.1339 -0.9857
vn 0.0646 0.1559 -0.9857
vn 0.0220 0.1674 -0.9857
vn -0.0220 0.1674 -0.9857
vn -0.0646 0.1559 -0.9857
vn -0.1028 0.1339 -0.9857
vn -0.1339 0.1028 -0.9857
vn -0.1559 0.0646 -0.9857
vn -0.1674 0.0220 -0.9857
vn -0.1674 -0.0220 -0.9857
vn -0.1559 -0.0646 -0.9857
vn -0.1339 -0.1028 -0.9857
vn -0.1028 -0.1339 -0.9857
vn -0.0646 -0.1560 -0.9856
vn -0.0220 -0.1674 -0.9857
vn -0.1042 0.7918 -0.6019
vn 0.6336 -0.4862 -0.6019
vn -0.6336 -0.4862 -0.6019
vn 0.1042 0.7918 -0.6019
vn -0.3056 0.7378 -0.6019
vn 0.7378 -0.3056 -0.6019
vn -0.4862 -0.6336 -0.6019
vn -0.4862 0.6336 -0.6019
vn 0.7918 -0.1042 -0.6019
vn -0.3056 -0.7378 -0.6019
vn -0.6336 0.4862 -0.6019
vn 0.7918 0.1042 -0.6019
vn -0.1042 -0.7918 -0.6019
vn -0.7378 0.3056 -0.6019
vn 0.7378 0.3056 -0.6019
vn 0.1042 -0.7918 -0.6019
vn -0.7918 0.1042 -0.6019
vn 0.6336 0.4862 -0.6019
vn 0.3056 -0.7378 -0.6019
vn -0.7918 -0.1042 -0.6019
vn 0.4862 0.6336 -0.6019
vn 0.4862 -0.6336 -0.6019
vn -0.7378 -0.3056 -0.6019
vn 1.0000 -0.0022 -0.0048
vn -0.0001 0.0002 -1.0000
vn -0.9980 0.0516 -0.0371
vn -0.0001 0.0030 -1.0000
vn 0.1467 -0.9775 -0.1514
vn 0.0684 -0.9317 -0.3569
vn 0.0473 -0.7956 -0.6039
vn 0.0263 -0.6152 -0.7879
vn 0.0318 -0.3815 -0.9238
vn 0.1086 -0.0956 -0.9895
vn 0.8430 0.5275 0.1056
vn 0.8232 0.5677 0.0059
vn 0.8371 0.3821 -0.3915
vn 0.7637 -0.6440 -0.0444
vn 0.8145 -0.0056 -0.5802
vn 0.7622 0.6460 -0.0406
vn 0.7683 0.0096 -0.6400
vn 0.7877 -0.5181 -0.3334
vn 0.7650 -0.6198 0.1747
vn 0.0065 0.4529 0.8915
vn 0.0208 0.4528 0.8913
vn -0.0351 0.4489 0.8929
vn -0.1055 0.4238 0.8996
vn -0.0567 0.4446 0.8939
vn -0.0063 0.4526 0.8917
vn 0.0390 0.4523 0.8910
vn -0.0194 0.4513 0.8922
vn 0.0648 0.4491 0.8911
vn -0.0893 0.4356 0.8957
vn 0.1024 0.4392 0.8925
vn 0.1212 0.4253 0.8969
vn 0.1213 -0.9072 0.4028
vn -0.5801 -0.7445 0.3304
vn 0.0003 0.8541 0.5201
vn 0.0072 0.8766 0.4812
vn 0.0007 0.8541 0.5201
vn 0.0160 0.8682 0.4959
vn 0.0118 0.8668 0.4985
vn 0.0162 0.8671 0.4978
vn -0.0099 0.8765 0.4812
vn 0.0001 0.8545 0.5195
vn 0.0104 0.8623 0.5063
vn 0.0016 0.8729 0.4879
vn -0.0004 0.8539 0.5204
vn 0.0144 0.8746 0.4846
vn -0.0040 0.8762 0.4820
vn -0.0072 0.8766 0.4812
vn 0.0142 0.8752 0.4836
vn -0.9067 0.0038 0.4217
vn -0.9469 0.0039 0.3214
vn -0.9761 0.0038 0.2175
vn -0.9986 0.0038 0.0521
vn -0.9961 0.0034 -0.0887
vn -0.9807 0.0026 -0.1956
vn -0.9471 0.0005 -0.3210
vn -0.8969 -0.0011 -0.4422
vn -0.8352 -0.0051 -0.5499
vn -0.7218 0.0011 -0.6921
vn -0.6457 -0.0020 -0.7636
vn -0.5567 -0.0036 -0.8307
vn -0.4520 -0.0023 -0.8920
vn -0.3519 -0.0035 -0.9360
vn -0.0339 0.0226 -0.9992
vn -0.0667 -0.0136 0.9977
vn -0.9018 -0.0095 0.4321
vn -0.3437 0.0038 0.9391
vn -0.4423 0.0038 0.8969
vn -0.5358 0.0038 0.8443
vn -0.6766 0.0038 0.7363
vn -0.7518 0.0039 0.6593
vn -0.8183 0.0038 0.5747
vn -1.0000 0.0039 -0.0004
vn -0.4847 -0.8747 -0.0009
vn -0.0242 -0.8134 0.5811
vn -0.0086 -0.8106 0.5856
vn -0.1661 -0.8738 0.4570
vn -0.2152 -0.8737 0.4363
vn -0.2615 -0.8738 0.4100
vn -0.3281 -0.8740 0.3584
vn -0.3655 -0.8739 0.3205
vn -0.3982 -0.8740 0.2785
vn -0.4398 -0.8742 0.2055
vn -0.4600 -0.8741 0.1561
vn -0.4741 -0.8742 0.1047
vn -0.4914 -0.8600 -0.1373
vn -0.5075 -0.8246 -0.2498
vn -0.5249 -0.7633 -0.3766
vn -0.5344 -0.6888 -0.4899
vn -0.5062 -0.5970 -0.6224
vn -0.4524 -0.5465 -0.7048
vn -0.4150 -0.4938 -0.7641
vn -0.3502 -0.4616 -0.8150
vn -0.2958 -0.4459 -0.8448
vn -0.4811 -0.8749 -0.0555
vn -0.4843 -0.8745 0.0262
vn -0.1435 0.9071 0.3957
vn -0.1863 0.9070 0.3778
vn -0.2266 0.9071 0.3548
vn -0.2838 0.9072 0.3106
vn -0.3165 0.9071 0.2776
vn -0.3450 0.9072 0.2408
vn -0.3808 0.9073 0.1783
vn -0.3984 0.9072 0.1353
vn -0.4107 0.9073 0.0904
vn -0.5219 0.8320 -0.1881
vn -0.4199 0.9076 0.0039
vn -0.4195 0.9075 0.0229
vn -0.0833 0.9874 -0.1344
vn -0.2555 0.9593 -0.1206
vn -0.4380 0.8939 -0.0951
vn -0.6348 0.7701 -0.0623
vn -0.8337 0.5514 -0.0293
vn -0.9641 0.2655 -0.0080
vn 0.9561 0.2912 0.0336
vn 0.8106 0.5856 0.0037
vn 0.6049 0.7952 -0.0412
vn 0.4123 0.9072 -0.0840
vn 0.2389 0.9640 -0.1164
vn 0.0788 0.9879 -0.1337
vn -0.0591 -0.8725 0.4851
vn -0.0345 0.8104 0.5848
vn -0.0188 0.9756 -0.2188
vn -0.8321 0.4039 0.3801
vn -0.0055 0.9351 -0.3544
vn -0.0269 0.9874 -0.1560
vn -0.0281 0.9995 0.0150
vn -0.0265 0.9973 0.0686
vn -0.0213 0.9061 0.4226
vn -0.0243 0.8657 0.5000
vn -0.9360 0.3489 -0.0471
vn -0.9383 0.3459 -0.0030
vn -0.9331 0.3585 0.0276
vn -0.9032 0.3819 0.1959
vn 0.0718 0.0063 0.9974
vn -0.9039 0.0033 0.4278
vn -0.0164 -0.9976 0.0680
vn -0.0314 -0.9975 0.0637
vn -0.0451 -0.9973 0.0572
vn 0.2445 -0.8130 0.5285
vn -0.6133 -0.7860 0.0780
vn 0.0697 0.9868 -0.1460
vn 0.0631 0.9901 -0.1251
vn 0.0541 0.9918 -0.1155
vn 0.2629 0.8472 0.4617
vn -0.6312 0.7744 -0.0433
vn -1.0000 0.0032 0.0023
vn -0.1356 0.0032 0.9908
vn -0.0225 -0.9991 0.0363
vn -0.0304 -0.9992 0.0266
vn -0.0390 -0.9991 0.0177
vn 0.1187 -0.7698 0.6272
vn -0.6070 -0.7686 -0.2018
vn 0.1058 0.9899 -0.0944
vn 0.0934 0.9924 -0.0805
vn 0.0907 0.9923 -0.0844
vn 0.2134 0.7682 0.6036
vn -0.5791 0.7441 -0.3331
vn -0.4475 0.0031 0.8943
vn -0.8984 0.0031 -0.4392
vn 0.0037 -1.0000 0.0079
vn 0.0019 -1.0000 -0.0006
vn -0.0020 -1.0000 -0.0085
vn -0.0903 -0.7435 0.6627
vn -0.4748 -0.7430 -0.4718
vn 0.1379 0.9893 -0.0472
vn 0.1218 0.9917 -0.0406
vn 0.1279 0.9907 -0.0459
vn 0.0111 0.7316 0.6817
vn -0.3993 0.7131 -0.5762
vn -0.4198 0.9076 -0.0010
vn -0.4198 0.9076 0.0010
vn -0.4198 0.9076 -0.0009
vn -0.4847 -0.8747 0.0046
vn -0.4847 -0.8747 -0.0008
vn -0.4846 -0.8747 0.0008
vn -1.0000 0.0039 0.0092
vn -1.0000 0.0039 -0.0011
vn -1.0000 0.0039 0.0009
vn -1.0000 0.0039 0.0001
vn -0.7486 0.0031 0.6631
vn 0.0118 -0.9999 -0.0001
vn 0.0085 -0.9999 0.0079
vn -0.3336 -0.7394 0.5848
vn 0.1261 0.9920 -0.0011
vn 0.1380 0.9904 0.0082
vn -0.2397 0.7168 0.6548
vn 0.0095 -0.9999 -0.0068
vn 0.1385 0.9903 -0.0127
vn -0.3195 0.7058 -0.6323
vn -0.4027 -0.7286 -0.5541
vn -0.8064 0.0030 -0.5914
vn -0.8008 0.0029 -0.5989
vn -0.3851 -0.7361 -0.5566
vn -0.2983 0.7133 -0.6343
vn 0.0131 -0.9999 -0.0067
vn 0.0157 -0.9999 -0.0000
vn 0.0128 -0.9999 0.0068
vn 0.1421 0.9898 -0.0130
vn 0.1407 0.9900 0.0127
vn -0.3124 0.7072 0.6343
vn -0.3968 -0.7301 0.5563
vn -0.8017 0.0031 0.5977
vn -0.8715 0.4758 -0.1188
vn -0.8275 0.5121 -0.2303
vn -0.8602 0.4135 0.2984
vn -0.4152 0.9097 -0.0002
vn -0.4183 0.9083 -0.0058
vn -0.4252 0.9050 -0.0139
vn -0.4346 0.9003 -0.0228
vn -0.4665 0.8829 -0.0539
vn -0.5000 -0.6218 -0.6028
vn -0.7389 -0.0141 -0.6736
vn 0.0085 1.0000 -0.0033
vn -0.0001 1.0000 -0.0017
vn -0.0043 0.9996 0.0273
vn -0.0002 1.0000 -0.0017
vn -0.0007 1.0000 0.0044
vn -0.0002 1.0000 -0.0014
vn -0.0002 1.0000 0.0018
vn -0.0002 1.0000 0.0014
vn -0.0001 1.0000 -0.0015
vn -0.0003 1.0000 0.0027
vn -0.0001 1.0000 -0.0011
vn 0.0042 1.0000 0.0055
vn -0.0007 1.0000 0.0050
vn 0.0003 1.0000 -0.0004
vn 0.0005 1.0000 -0.0003
vn 0.1009 0.9944 0.0299
vn 0.0239 0.9993 0.0302
vn 0.0571 0.5583 -0.8277
vn -0.0354 0.5628 -0.8258
vn 0.1300 0.4796 -0.8678
vn -0.1471 0.4747 -0.8678
vn 0.0275 0.5601 -0.8280
vn -0.0691 0.5571 -0.8276
vn -0.0114 0.5614 -0.8275
vn 0.0949 0.5358 -0.8390
vn -0.1695 0.3190 -0.9325
vn 0.1502 0.3222 -0.9347
vn 0.0073 0.5585 -0.8295
vn -0.1094 0.5311 -0.8402
vn -0.7665 0.0025 0.6423
vn 0.0028 -1.0000 -0.0002
vn -0.0117 -0.9999 -0.0053
vn -0.0349 -0.9992 -0.0194
vn -0.0605 -0.9973 -0.0422
vn 0.0041 -0.9999 0.0140
vn -0.4012 -0.6977 0.5935
vn -0.3189 0.6628 0.6775
vn 0.1490 0.9886 0.0202
vn 0.3628 0.9319 -0.0007
vn 0.3289 0.9444 0.0018
vn 0.2834 0.9590 -0.0016
vn 0.1503 0.9886 0.0004
vn 0.2846 0.9434 -0.1703
vn -0.0746 -0.0112 -0.9971
vn -0.0476 -0.9920 -0.1165
vn -0.0833 -0.4710 -0.8782
vn 0.3509 -0.9364 0.0002
vn 0.0762 -0.9971 0.0005
vn 0.9949 -0.1007 -0.0032
vn -0.1187 -0.0097 -0.9929
vn 0.9121 -0.4099 0.0005
vn 0.7705 -0.6374 0.0001
vn 0.5794 -0.8150 -0.0003
vn -0.0395 0.0151 -0.9991
vn -0.1658 0.0011 -0.9862
vn -0.1163 -0.0062 -0.9932
vn -0.0437 0.0194 -0.9989
vn -0.8394 0.5018 -0.2089
vn -0.8484 0.5019 -0.1685
vn -0.9012 0.4266 -0.0772
vn -0.9224 0.3821 -0.0558
vn -0.0219 0.9819 -0.1883
vn -0.0244 0.9856 -0.1673
vn -0.0094 0.9521 -0.3055
vn -0.0147 0.9669 -0.2549
vn -0.0001 1.0000 -0.0035
vn 0.0031 0.9997 -0.0233
vn -0.0152 0.9999 0.0011
vn -0.0030 1.0000 -0.0007
vn 0.0001 1.0000 -0.0009
vn 0.0031 1.0000 0.0046
vn 0.0573 0.9984 -0.0004
vn -0.0771 0.9970 -0.0061
vn 0.0046 1.0000 0.0049
vn 0.0601 0.9981 -0.0094
vn 0.0648 0.9979 -0.0008
vn 0.0571 0.9984 -0.0048
vn 0.0017 1.0000 0.0053
vn 0.0011 1.0000 0.0059
vn -0.0002 1.0000 0.0070
vn 0.0027 1.0000 0.0053
vn 0.0008 0.9994 -0.0338
vn 0.0003 0.9994 -0.0333
vn -0.0552 0.9975 -0.0433
vn -0.0006 0.9995 -0.0326
vn 0.0005 0.9994 -0.0339
vn 0.0026 0.9981 -0.0622
vn 0.3490 0.7609 0.5471
vn 0.6573 0.7535 0.0084
vn 0.5544 0.7184 0.4202
vn 0.4422 0.7263 0.5263
vn 0.6279 0.7634 -0.1516
vn 0.6699 0.7423 -0.0166
vn 0.6977 0.7141 0.0563
vn 0.1971 0.7891 0.5818
vn 0.1164 0.7845 0.6091
vn 0.0490 0.7478 0.6621
vn 0.2729 0.7918 0.5464
vn -0.6759 0.7363 0.0313
vn -0.0034 0.7477 -0.6640
vn -0.0027 0.7183 -0.6957
vn -0.2248 0.7800 -0.5840
vn -0.0324 0.7867 -0.6165
vn -0.0030 0.7738 -0.6335
vn -0.0037 0.7679 -0.6406
vn 0.0050 0.7200 -0.6940
vn -0.0103 -0.8570 -0.5153
vn -0.0091 -0.8714 -0.4905
vn 0.0017 -0.8610 -0.5086
vn -0.0152 -0.8689 -0.4948
vn 0.0132 -0.8571 -0.5149
vn -0.0036 -0.8580 -0.5137
vn 0.0014 -0.8763 -0.4818
vn 0.0140 -0.8583 -0.5130
vn -0.0066 -0.8572 -0.5150
vn 0.0002 -0.8763 -0.4818
vn -0.3947 -0.3143 -0.8634
vn -0.7020 -0.6216 -0.3476
vn -0.5283 -0.3664 -0.7659
vn -0.4604 -0.3380 -0.8208
vn -0.6480 -0.7250 -0.2334
vn -0.7121 -0.6092 -0.3491
vn -0.7131 -0.6038 -0.3563
vn -0.2279 -0.2721 -0.9349
vn -0.1318 -0.2570 -0.9574
vn 0.0240 -0.2754 -0.9610
vn -0.3142 -0.2899 -0.9040
vn 0.7110 -0.6133 -0.3440
vn -0.0002 -0.9648 0.2630
vn 0.2536 -0.9552 0.1529
vn 0.0497 -0.9718 0.2305
vn -0.0002 -0.9647 0.2632
vn -0.0045 -0.9677 0.2520
vn 0.0004 0.8537 0.5208
vn -0.3038 0.7333 -0.6082
vn -0.0307 -0.2331 -0.9720
vn -0.0900 -0.2172 -0.9720
vn -0.1431 -0.1865 -0.9720
vn -0.1865 -0.1431 -0.9720
vn -0.2172 -0.0900 -0.9720
vn -0.2331 -0.0307 -0.9720
vn -0.2331 0.0307 -0.9720
vn -0.2172 0.0900 -0.9720
vn -0.1865 0.1431 -0.9720
vn -0.1431 0.1865 -0.9720
vn -0.0900 0.2172 -0.9720
vn -0.0307 0.2331 -0.9720
vn 0.0307 0.2331 -0.9720
vn 0.0900 0.2172 -0.9720
vn 0.1431 0.1865 -0.9720
vn 0.1865 0.1431 -0.9720
vn 0.2172 0.0900 -0.9720
vn 0.2331 0.0307 -0.9720
vn 0.2331 -0.0307 -0.9720
vn 0.2172 -0.0900 -0.9720
vn 0.1865 -0.1431 -0.9720
vn 0.1431 -0.1865 -0.9720
vn 0.0900 -0.2172 -0.9720
vn 0.0307 -0.2331 -0.9720
vn 0.1036 0.7870 -0.6082
vn -0.6297 -0.4832 -0.6082
vn 0.6297 -0.4832 -0.6082
vn -0.1036 0.7870 -0.6082
vn 0.3038 0.7333 -0.6082
vn -0.7333 -0.3038 -0.6082
vn 0.4832 -0.6297 -0.6082
vn 0.4832 0.6297 -0.6082
vn -0.7870 -0.1036 -0.6082
vn 0.3038 -0.7333 -0.6082
vn 0.6297 0.4832 -0.6082
vn -0.7870 0.1036 -0.6082
vn 0.1036 -0.7870 -0.6082
vn 0.7333 0.3038 -0.6082
vn -0.7333 0.3038 -0.6082
vn -0.1036 -0.7870 -0.6082
vn 0.7870 0.1036 -0.6082
vn -0.6297 0.4832 -0.6082
vn -0.3038 -0.7333 -0.6082
vn 0.7870 -0.1036 -0.6082
vn -0.4832 0.6297 -0.6082
vn -0.4832 -0.6297 -0.6082
vn 0.7333 -0.3038 -0.6082
vn -1.0000 -0.0043 0.0011
vn -0.0110 0.0042 -0.9999
vn 0.9979 0.0335 -0.0549
vn -0.1465 -0.9776 -0.1513
vn -0.0673 -0.9317 -0.3569
vn -0.0412 -0.7970 -0.6026
vn -0.0301 -0.6121 -0.7902
vn -0.0265 -0.3986 -0.9167
vn -0.0528 -0.1271 -0.9905
vn -0.8430 0.5275 0.1056
vn -0.8232 0.5677 0.0059
vn -0.8371 0.3821 -0.3915
vn -0.7637 -0.6440 -0.0444
vn -0.8145 -0.0056 -0.5802
vn -0.7622 0.6460 -0.0406
vn -0.7683 0.0096 -0.6400
vn -0.7877 -0.5181 -0.3334
vn -0.7650 -0.6198 0.1747
vn -0.0065 0.4529 0.8915
vn -0.0208 0.4528 0.8913
vn 0.0351 0.4489 0.8929
vn 0.1054 0.4238 0.8996
vn 0.0567 0.4446 0.8939
vn 0.0063 0.4526 0.8917
vn -0.0390 0.4523 0.8910
vn 0.0194 0.4513 0.8922
vn -0.0648 0.4491 0.8911
vn 0.0893 0.4356 0.8957
vn -0.1024 0.4392 0.8925
vn -0.1212 0.4253 0.8969
vn -0.0160 0.8682 0.4959
vn 0.0156 0.8668 0.4984
vn -0.0069 0.8618 0.5072
vn 0.0122 0.8759 0.4823
vn -0.0162 0.8671 0.4978
vn -0.0003 0.8541 0.5201
vn -0.0001 0.8545 0.5195
vn -0.0104 0.8623 0.5063
vn -0.0007 0.8541 0.5201
vn 0.0004 0.8539 0.5204
vn -0.0144 0.8746 0.4846
vn -0.0118 0.8668 0.4985
vn -0.0142 0.8752 0.4836
vn 0.0099 0.8765 0.4812
vn -0.0004 0.8537 0.5208
vn 0.9968 -0.0169 0.0779
vn 0.9961 -0.0258 0.0841
vn 0.9971 -0.0071 0.0763
vn 0.9939 -0.0108 0.1100
vn 0.9941 -0.0115 0.1076
vn 1.0000 0.0074 -0.0006
vn 1.0000 0.0013 0.0003
vn 1.0000 0.0001 -0.0018
vn 1.0000 -0.0043 0.0011
vn 1.0000 -0.0038 -0.0010
vn 1.0000 0.0066 -0.0055
vn 0.0027 0.0014 -1.0000
vn 0.0096 0.0036 -0.9999
vn 0.0109 0.0042 -0.9999
vn 0.0022 0.0035 -1.0000
vn 0.0012 0.0017 -1.0000
vn -0.9943 0.0780 -0.0733
vn -1.0000 0.0016 -0.0075
vn -0.9988 0.0211 -0.0441
vn -0.9982 0.0190 -0.0576
vn -0.9973 0.0142 -0.0727
vn -0.9972 0.0150 -0.0726
vn -0.9979 0.0362 -0.0538
vn -0.9970 -0.0178 0.0758
vn -0.9931 -0.0556 -0.1033
vn -0.9957 -0.0149 0.0915
vn -0.9943 -0.0100 0.1063
vn -0.9937 -0.0069 0.1117
vn -0.9962 -0.0239 0.0841
vn -1.0000 0.0013 0.0003
vn -1.0000 0.0074 -0.0006
vn -1.0000 -0.0022 -0.0048
vn -1.0000 0.0066 -0.0055
vn -1.0000 0.0001 -0.0018
vn -1.0000 -0.0038 -0.0010
vn -0.0096 0.0036 -0.9999
vn -0.0027 0.0014 -1.0000
vn 0.0001 0.0001 -1.0000
vn -0.0012 0.0017 -1.0000
vn -0.0022 0.0035 -1.0000
vn 0.9943 0.0780 -0.0733
vn 0.9973 0.0296 -0.0677
vn 0.9975 0.0160 -0.0689
vn 0.9982 0.0191 -0.0573
vn 0.9988 0.0214 -0.0434
vn 1.0000 0.0015 -0.0075
vn 0.9980 0.0512 -0.0371
vn -0.0025 -1.0000 -0.0002
vn 0.0001 0.0030 -1.0000
vn -0.0054 -0.0082 -1.0000
vn -0.0109 -0.0057 -0.9999
vn -0.0114 0.0022 -0.9999
vn -0.0037 -0.0088 -1.0000
vn -0.0000 -0.0066 -1.0000
vn -0.0078 -0.0079 -0.9999
vn -0.0008 -0.0085 -1.0000
vn -0.0062 0.0051 -1.0000
vn -0.0004 -0.0372 -0.9993
vn 0.0054 -0.0083 -1.0000
vn 0.0109 -0.0057 -0.9999
vn 0.0114 0.0022 -0.9999
vn 0.0037 -0.0088 -1.0000
vn 0.0078 -0.0079 -0.9999
vn 0.0008 -0.0085 -1.0000
vn 0.0062 0.0051 -1.0000
vn 0.0004 -0.0372 -0.9993
vn -0.5830 -0.8104 -0.0576
vn -0.9125 -0.4048 -0.0589
vn -0.9951 -0.0578 -0.0800
vn -0.3612 -0.9307 -0.0572
vn -0.0020 -0.9023 -0.4310
vn -0.0026 -0.9983 -0.0575
vn -0.7726 -0.6323 -0.0575
vn -0.0818 -0.9950 -0.0569
vn -0.9888 0.0842 -0.1230
vn -0.3396 -0.9396 -0.0426
vn -0.9120 -0.4097 -0.0214
vn -0.9928 -0.1167 -0.0284
vn -0.7687 -0.6392 -0.0220
vn -0.5765 -0.8167 -0.0251
vn -0.0660 -0.9921 -0.1063
vn -0.9971 -0.0208 -0.0729
vn -0.9960 -0.0160 -0.0884
vn -0.9952 -0.0161 -0.0966
vn -0.9948 -0.0130 -0.1008
vn -0.9947 -0.0058 -0.1030
vn -0.9965 0.0054 -0.0832
vn -0.9957 0.0088 -0.0926
vn -0.9988 -0.0029 -0.0480
vn 0.5830 -0.8104 -0.0576
vn 0.9125 -0.4048 -0.0589
vn 0.9951 -0.0578 -0.0800
vn 0.3612 -0.9307 -0.0572
vn 0.0020 -0.9023 -0.4310
vn 0.0026 -0.9983 -0.0575
vn 0.7726 -0.6323 -0.0575
vn 0.0818 -0.9950 -0.0569
vn 0.9888 0.0842 -0.1230
vn 0.3396 -0.9396 -0.0426
vn 0.9120 -0.4097 -0.0214
vn 0.9928 -0.1166 -0.0282
vn 0.7687 -0.6392 -0.0220
vn 0.5765 -0.8167 -0.0251
vn 0.0660 -0.9921 -0.1063
vn 0.9971 -0.0215 -0.0732
vn 0.9959 -0.0161 -0.0888
vn 0.9952 -0.0160 -0.0963
vn 0.9948 -0.0130 -0.1008
vn 0.9948 -0.0063 -0.1021
vn 0.9969 0.0047 -0.0789
vn 0.9957 0.0085 -0.0925
vn 0.9990 -0.0027 -0.0455
vn -0.0173 0.1311 -0.9912
vn -0.0506 0.1221 -0.9912
vn -0.0805 0.1049 -0.9912
vn -0.1049 0.0805 -0.9912
vn -0.1221 0.0506 -0.9912
vn -0.1311 0.0173 -0.9912
vn -0.1311 -0.0173 -0.9912
vn -0.1221 -0.0506 -0.9912
vn -0.1049 -0.0805 -0.9912
vn -0.0805 -0.1049 -0.9912
vn -0.0506 -0.1221 -0.9912
vn -0.0173 -0.1311 -0.9912
vn 0.0173 -0.1311 -0.9912
vn 0.0506 -0.1221 -0.9912
vn 0.0805 -0.1049 -0.9912
vn 0.1049 -0.0805 -0.9912
vn 0.1221 -0.0506 -0.9912
vn 0.1311 -0.0173 -0.9912
vn 0.1311 0.0173 -0.9912
vn 0.1221 0.0506 -0.9912
vn 0.1049 0.0805 -0.9912
vn 0.0805 0.1049 -0.9912
vn 0.0506 0.1221 -0.9912
vn 0.0173 0.1311 -0.9912
vn 0.0023 0.0175 -0.9998
vn 0.0067 0.0163 -0.9998
vn 0.0107 0.0140 -0.9998
vn 0.0140 0.0107 -0.9998
vn 0.0163 0.0067 -0.9998
vn 0.0175 0.0023 -0.9998
vn 0.0175 -0.0023 -0.9998
vn 0.0163 -0.0067 -0.9998
vn 0.0140 -0.0107 -0.9998
vn 0.0107 -0.0140 -0.9998
vn 0.0067 -0.0163 -0.9998
vn 0.0023 -0.0175 -0.9998
vn -0.0023 -0.0175 -0.9998
vn -0.0067 -0.0163 -0.9998
vn -0.0107 -0.0140 -0.9998
vn -0.0140 -0.0107 -0.9998
vn -0.0163 -0.0067 -0.9998
vn -0.0175 -0.0023 -0.9998
vn -0.0175 0.0023 -0.9998
vn -0.0163 0.0067 -0.9998
vn -0.0140 0.0107 -0.9998
vn -0.0107 0.0140 -0.9998
vn -0.0067 0.0163 -0.9998
vn -0.0023 0.0175 -0.9998
vn 0.7280 -0.3016 -0.6156
vn -0.4797 -0.6252 -0.6156
vn -0.4797 0.6252 -0.6156
vn 0.7813 -0.1029 -0.6156
vn -0.3016 -0.7280 -0.6156
vn -0.6252 0.4797 -0.6156
vn 0.7813 0.1029 -0.6156
vn -0.1029 -0.7813 -0.6157
vn -0.7280 0.3016 -0.6156
vn 0.7280 0.3016 -0.6156
vn 0.1029 -0.7813 -0.6156
vn -0.7813 0.1029 -0.6156
vn 0.6252 0.4797 -0.6156
vn 0.3016 -0.7280 -0.6156
vn -0.7813 -0.1029 -0.6156
vn 0.4797 0.6252 -0.6156
vn 0.4797 -0.6252 -0.6156
vn -0.7280 -0.3016 -0.6156
vn 0.3016 0.7280 -0.6156
vn -0.1029 0.7813 -0.6156
vn 0.6252 -0.4797 -0.6156
vn -0.6252 -0.4797 -0.6156
vn 0.1029 0.7813 -0.6156
vn -0.3016 0.7280 -0.6156
vn 0.0280 -0.9987 -0.0427
vn 0.0030 -1.0000 0.0012
vn -0.0054 -0.9999 -0.0085
vn -0.0006 -1.0000 0.0048
vn 0.0019 -1.0000 0.0027
vn 0.0038 -1.0000 -0.0015
vn 0.0035 -1.0000 0.0004
vn 0.0027 -1.0000 0.0017
vn 0.0032 -1.0000 0.0019
vn 0.0062 -0.9973 0.0736
vn 0.0032 -1.0000 -0.0010
vn 0.0030 -1.0000 -0.0012
vn 0.0447 -0.9968 -0.0660
vn 0.0013 -1.0000 0.0013
vn -0.0017 -0.9993 0.0382
vn 0.0009 -1.0000 0.0034
vn 0.0436 -0.9977 -0.0525
vn 0.0368 -0.9963 -0.0783
vn 0.0035 -0.9998 -0.0203
vn 0.0370 -0.9990 -0.0268
vn -0.0054 -0.9999 -0.0127
vn -0.0280 -0.9987 -0.0427
vn -0.0030 -1.0000 0.0012
vn 0.0054 -0.9999 -0.0085
vn 0.0006 -1.0000 0.0048
vn -0.0019 -1.0000 0.0027
vn -0.0038 -1.0000 -0.0015
vn -0.0035 -1.0000 0.0004
vn -0.0027 -1.0000 0.0017
vn -0.0032 -1.0000 0.0019
vn -0.0062 -0.9973 0.0736
vn -0.0032 -1.0000 -0.0010
vn -0.0030 -1.0000 -0.0012
vn -0.0447 -0.9968 -0.0660
vn -0.0013 -1.0000 0.0013
vn 0.0017 -0.9993 0.0382
vn -0.0009 -1.0000 0.0034
vn -0.0436 -0.9977 -0.0525
vn -0.0368 -0.9963 -0.0783
vn -0.0045 -0.9989 -0.0476
vn -0.0035 -0.9998 -0.0203
vn -0.0369 -0.9990 -0.0268
vn 0.0045 -0.9989 -0.0476
vn 0.0054 -0.9999 -0.0127
vn -0.0311 -0.9995 0.0111
vn 0.0311 -0.9995 0.0111
vn -0.6947 0.7192 -0.0143
vn -0.0310 0.9995 -0.0016
vn 0.6947 0.7192 -0.0143
vn 0.0310 0.9995 -0.0016
vn 0.0040 1.0000 0.0009
vn 0.0230 0.9997 0.0005
vn -0.0040 1.0000 0.0009
vn -0.0230 0.9997 0.0005
vn -0.0006 0.8672 0.4980
vn 0.0028 0.8686 0.4955
vn -0.0002 0.8669 0.4985
vn -0.0000 0.8667 0.4989
vn -0.0025 0.8683 0.4960
vn -0.0005 0.8673 0.4978
vn -0.0001 0.8668 0.4987
vn 0.0006 0.8672 0.4980
vn -0.0028 0.8686 0.4955
vn 0.0002 0.8669 0.4985
vn 0.0025 0.8683 0.4960
vn 0.0005 0.8673 0.4978
vn 0.0001 0.8668 0.4987
vn -0.0122 0.8759 0.4823
vn 0.0069 0.8618 0.5072
vn -0.0016 0.8729 0.4879
vn -0.0156 0.8668 0.4984
vn -0.0039 -0.8678 -0.4969
vn 0.0011 -0.8669 -0.4986
vn -0.0093 -0.8690 -0.4947
vn -0.0057 -0.8683 -0.4960
vn -0.0002 -0.8669 -0.4985
vn 0.0039 -0.8678 -0.4969
vn -0.0011 -0.8669 -0.4986
vn 0.0093 -0.8690 -0.4947
vn 0.0057 -0.8683 -0.4960
vn 0.0002 -0.8669 -0.4985
vn -0.0017 -0.8610 -0.5086
vn -0.0002 -0.8763 -0.4818
vn 0.0103 -0.8570 -0.5153
vn -0.0140 -0.8583 -0.5130
vn -0.0014 -0.8763 -0.4818
vn -0.0106 -0.8670 -0.4982
vn -0.0132 -0.8571 -0.5149
vn 0.0008 -0.8766 -0.4812
vn 0.0091 -0.8714 -0.4905
vn 0.0004 -0.8766 -0.4812
vn 0.0138 -0.8575 -0.5143
vn -0.0152 -0.8679 -0.4965
vn -0.0001 -0.8761 -0.4822
vn -0.0151 -0.8686 -0.4953
vn 0.7256 -0.1045 -0.6801
vn 0.5505 0.1015 -0.8286
vn 0.6010 -0.1306 -0.7885
vn 0.7392 0.0553 -0.6713
vn 0.7827 0.0001 -0.6224
vn 0.5242 -0.1223 -0.8427
vn 0.6446 0.1003 -0.7579
vn -0.0000 -0.0008 -1.0000
vn -0.0027 -0.0080 -1.0000
vn 0.1275 -0.0285 -0.9914
vn -0.0261 -0.0119 -0.9996
vn 0.3334 0.1170 -0.9355
vn -0.0311 -0.0069 -0.9995
vn 0.0651 0.1196 -0.9907
vn -0.0010 0.1173 -0.9931
vn -0.0167 -0.0142 -0.9998
vn -0.0080 -0.0119 -0.9999
vn 0.0009 0.1083 -0.9941
vn 0.4481 0.1079 -0.8874
vn 0.4257 -0.1249 -0.8962
vn -0.0002 -0.0037 -1.0000
vn 0.3283 -0.1337 -0.9350
vn -0.7256 -0.1045 -0.6801
vn -0.5505 0.1015 -0.8286
vn -0.6010 -0.1306 -0.7885
vn -0.7392 0.0553 -0.6713
vn -0.7827 0.0001 -0.6224
vn -0.5242 -0.1223 -0.8427
vn -0.6446 0.1003 -0.7579
vn 0.0027 -0.0080 -1.0000
vn -0.1355 -0.0232 -0.9905
vn 0.0261 -0.0119 -0.9996
vn -0.3334 0.1170 -0.9355
vn 0.0275 -0.0047 -0.9996
vn -0.0651 0.1196 -0.9907
vn 0.0010 0.1173 -0.9931
vn 0.0167 -0.0142 -0.9998
vn 0.0080 -0.0119 -0.9999
vn -0.0009 0.1083 -0.9941
vn -0.4481 0.1079 -0.8874
vn -0.4257 -0.1249 -0.8962
vn 0.0002 -0.0037 -1.0000
vn -0.3286 -0.1333 -0.9350
vt 0.722344 0.948095
vt 0.714336 0.940095
vt 0.741115 0.940405
vt 0.741116 0.950830
vt 0.713166 0.929209
vt 0.741114 0.929208
vt 0.769062 0.929207
vt 0.767894 0.940093
vt 0.759887 0.948093
vt 0.713164 0.917630
vt 0.741114 0.917630
vt 0.713166 0.906052
vt 0.741114 0.906053
vt 0.769062 0.906053
vt 0.769064 0.917630
vt 0.714336 0.895166
vt 0.741115 0.894856
vt 0.722344 0.887166
vt 0.741116 0.884431
vt 0.759887 0.887168
vt 0.767893 0.895167
vt 0.436744 0.878379
vt 0.444754 0.886575
vt 0.417972 0.886259
vt 0.417971 0.875594
vt 0.445926 0.898036
vt 0.417972 0.898036
vt 0.390017 0.898036
vt 0.391189 0.886575
vt 0.399199 0.878379
vt 0.724823 0.876419
vt 0.716231 0.872392
vt 0.742987 0.868767
vt 0.743757 0.875504
vt 0.714330 0.865447
vt 0.742254 0.861455
vt 0.770177 0.857463
vt 0.769696 0.864740
vt 0.762278 0.871059
vt 0.713730 0.857732
vt 0.741673 0.853749
vt 0.713387 0.849813
vt 0.741311 0.845855
vt 0.769236 0.841898
vt 0.769615 0.849767
vt 0.713374 0.841818
vt 0.741216 0.837903
vt 0.713734 0.833768
vt 0.741409 0.829897
vt 0.769085 0.826026
vt 0.769057 0.833988
vt 0.714480 0.825663
vt 0.741898 0.821826
vt 0.715526 0.817515
vt 0.742628 0.813723
vt 0.769730 0.809931
vt 0.769315 0.817989
vt 0.716736 0.809499
vt 0.743510 0.805780
vt 0.717887 0.802406
vt 0.744367 0.798762
vt 0.770848 0.795118
vt 0.770285 0.802062
vt 0.627501 0.400635
vt 0.631911 0.397345
vt 0.619911 0.414360
vt 0.618367 0.412727
vt 0.634578 0.399866
vt 0.622574 0.417150
vt 0.610571 0.434432
vt 0.607969 0.431432
vt 0.609875 0.425496
vt 0.638257 0.405300
vt 0.626937 0.421683
vt 0.642938 0.411900
vt 0.632353 0.427206
vt 0.621778 0.442522
vt 0.615626 0.438075
vt 0.647967 0.418525
vt 0.638032 0.432809
vt 0.653220 0.424878
vt 0.643816 0.438276
vt 0.634420 0.451680
vt 0.628105 0.447101
vt 0.658689 0.430883
vt 0.649711 0.443573
vt 0.664295 0.436496
vt 0.655721 0.448687
vt 0.647150 0.460883
vt 0.640738 0.456267
vt 0.669954 0.441724
vt 0.661841 0.453632
vt 0.675632 0.446739
vt 0.668022 0.458483
vt 0.660117 0.470715
vt 0.653729 0.465545
vt 0.660269 0.470944
vt 0.666994 0.467648
vt 0.668994 0.468543
vt 0.666632 0.470638
vt 0.673718 0.464352
vt 0.673196 0.467406
vt 0.672995 0.470332
vt 0.668767 0.480559
vt 0.672455 0.483889
vt 0.673291 0.487003
vt 0.672429 0.487345
vt 0.674834 0.485991
vt 0.675384 0.489989
vt 0.675884 0.494021
vt 0.620599 0.967289
vt 0.621214 0.952431
vt 0.635358 0.952000
vt 0.635358 0.967289
vt 0.625442 0.941368
vt 0.635358 0.937573
vt 0.645275 0.941368
vt 0.649503 0.952431
vt 0.650118 0.967289
vt 0.075378 0.965012
vt 0.087922 0.953427
vt 0.087922 0.972664
vt 0.070807 0.978542
vt 0.100467 0.952115
vt 0.105037 0.966786
vt 0.100467 0.984596
vt 0.087922 0.991901
vt 0.075378 0.988932
vt 0.977108 0.664770
vt 0.985116 0.672621
vt 0.958340 0.672318
vt 0.958339 0.662089
vt 0.986288 0.683360
vt 0.958341 0.683361
vt 0.930394 0.683361
vt 0.931564 0.672623
vt 0.939571 0.664772
vt 0.986291 0.694865
vt 0.958341 0.694865
vt 0.986288 0.706369
vt 0.958341 0.706368
vt 0.930394 0.706368
vt 0.930391 0.694865
vt 0.985116 0.717108
vt 0.958340 0.717411
vt 0.977108 0.724959
vt 0.958339 0.727640
vt 0.939571 0.724958
vt 0.931564 0.717106
vt 0.977109 0.593609
vt 0.985118 0.601528
vt 0.958340 0.601222
vt 0.958339 0.590903
vt 0.986288 0.612335
vt 0.958341 0.612336
vt 0.930393 0.612336
vt 0.931563 0.601530
vt 0.939570 0.593610
vt 0.986291 0.623874
vt 0.958341 0.623874
vt 0.986288 0.635412
vt 0.958341 0.635412
vt 0.930393 0.635411
vt 0.930391 0.623874
vt 0.985118 0.646219
vt 0.958340 0.646525
vt 0.977109 0.654139
vt 0.958339 0.656844
vt 0.939570 0.654137
vt 0.931563 0.646217
vt 0.842646 0.912874
vt 0.841476 0.925239
vt 0.814683 0.925598
vt 0.814685 0.912879
vt 0.833464 0.934353
vt 0.814682 0.937475
vt 0.795901 0.934361
vt 0.787891 0.925249
vt 0.786723 0.912883
vt 0.920744 0.053122
vt 0.920248 0.065376
vt 0.908795 0.065992
vt 0.908796 0.053338
vt 0.916825 0.074497
vt 0.908792 0.077810
vt 0.900761 0.074918
vt 0.897342 0.065904
vt 0.896848 0.053554
vt 0.143008 0.865483
vt 0.142729 0.855228
vt 0.174057 0.852834
vt 0.174576 0.865483
vt 0.141876 0.845007
vt 0.172219 0.841427
vt 0.198251 0.837118
vt 0.204951 0.850326
vt 0.206145 0.865483
vt 0.156627 0.831892
vt 0.170276 0.833249
vt 0.165736 0.822633
vt 0.183382 0.827592
vt 0.975235 0.796066
vt 0.972674 0.788643
vt 0.983795 0.790174
vt 0.982739 0.799711
vt 0.972939 0.779166
vt 0.984620 0.779848
vt 0.996302 0.780530
vt 0.994983 0.791137
vt 0.990825 0.798357
vt 0.973219 0.769050
vt 0.984917 0.769050
vt 0.972939 0.758933
vt 0.984620 0.758251
vt 0.996302 0.757569
vt 0.996616 0.769050
vt 0.972674 0.749456
vt 0.983795 0.747926
vt 0.975235 0.742033
vt 0.982739 0.738389
vt 0.990825 0.739742
vt 0.994983 0.746963
vt 0.958677 0.550778
vt 0.956095 0.543291
vt 0.967312 0.544835
vt 0.966244 0.554456
vt 0.956364 0.533757
vt 0.968146 0.534445
vt 0.979928 0.535133
vt 0.978595 0.545806
vt 0.974400 0.553089
vt 0.956646 0.523619
vt 0.968446 0.523619
vt 0.956364 0.513480
vt 0.968146 0.512792
vt 0.979929 0.512105
vt 0.980246 0.523619
vt 0.956095 0.503946
vt 0.967312 0.502403
vt 0.958677 0.496459
vt 0.966245 0.492781
vt 0.974400 0.494148
vt 0.978596 0.501432
vt 0.360085 0.939871
vt 0.357479 0.932308
vt 0.368807 0.933867
vt 0.367726 0.943587
vt 0.357750 0.922708
vt 0.369651 0.923402
vt 0.381552 0.924097
vt 0.380203 0.934848
vt 0.375963 0.942204
vt 0.358036 0.912544
vt 0.369955 0.912544
vt 0.357750 0.902382
vt 0.369651 0.901686
vt 0.381552 0.900990
vt 0.381874 0.912543
vt 0.357479 0.892785
vt 0.368807 0.891223
vt 0.360085 0.885224
vt 0.367726 0.881505
vt 0.375962 0.882884
vt 0.380202 0.890239
vt 0.602563 0.364840
vt 0.601473 0.371159
vt 0.589421 0.369435
vt 0.590734 0.362490
vt 0.600734 0.377604
vt 0.588410 0.376564
vt 0.576086 0.375525
vt 0.577368 0.367711
vt 0.578906 0.360139
vt 0.600362 0.384095
vt 0.587705 0.383770
vt 0.600357 0.390598
vt 0.587285 0.391028
vt 0.574213 0.391458
vt 0.575049 0.383446
vt 0.600718 0.397093
vt 0.587129 0.398330
vt 0.601438 0.403558
vt 0.587248 0.405659
vt 0.573058 0.407759
vt 0.573541 0.399567
vt 0.602469 0.409841
vt 0.587637 0.412847
vt 0.603591 0.415254
vt 0.588211 0.419140
vt 0.572832 0.423026
vt 0.572805 0.415854
vt 0.256733 0.883883
vt 0.261323 0.886743
vt 0.244204 0.884233
vt 0.245254 0.881351
vt 0.261574 0.890493
vt 0.242911 0.888313
vt 0.224249 0.886133
vt 0.227025 0.881885
vt 0.233238 0.880246
vt 0.261068 0.895789
vt 0.241328 0.894164
vt 0.260660 0.902024
vt 0.239740 0.901081
vt 0.218820 0.900137
vt 0.221588 0.892539
vt 0.260468 0.908426
vt 0.238452 0.908219
vt 0.260502 0.914833
vt 0.237549 0.915379
vt 0.214596 0.915924
vt 0.216436 0.908012
vt 0.260745 0.921239
vt 0.237055 0.922563
vt 0.261187 0.927636
vt 0.236978 0.929943
vt 0.212769 0.932250
vt 0.213365 0.923888
vt 0.260745 0.933971
vt 0.237277 0.937550
vt 0.254168 0.940007
vt 0.237755 0.944920
vt 0.221071 0.945938
vt 0.213778 0.940688
vt 0.601237 0.353539
vt 0.603416 0.358816
vt 0.592294 0.355899
vt 0.593903 0.349825
vt 0.581075 0.353343
vt 0.585710 0.349293
vt 0.850110 0.930439
vt 0.846970 0.922609
vt 0.858395 0.923521
vt 0.858018 0.933717
vt 0.846693 0.911833
vt 0.858633 0.912128
vt 0.870574 0.912424
vt 0.869844 0.923829
vt 0.866139 0.931682
vt 0.090791 0.174552
vt 0.090792 0.161475
vt 0.123253 0.161477
vt 0.123252 0.174554
vt 0.090793 0.148399
vt 0.123255 0.148400
vt 0.150237 0.148402
vt 0.150236 0.161479
vt 0.150235 0.174556
vt 0.950564 0.225504
vt 0.950514 0.216560
vt 0.966008 0.214496
vt 0.966832 0.224526
vt 0.954397 0.209307
vt 0.964953 0.205237
vt 0.976091 0.206019
vt 0.981568 0.212982
vt 0.983100 0.223548
vt 0.950564 0.244547
vt 0.950835 0.235026
vt 0.967128 0.235026
vt 0.966832 0.245525
vt 0.983422 0.235026
vt 0.983100 0.246504
vt 0.954397 0.260745
vt 0.950514 0.253492
vt 0.966008 0.255556
vt 0.964953 0.264815
vt 0.981568 0.257069
vt 0.976091 0.264033
vt 0.943837 0.855479
vt 0.943783 0.846477
vt 0.959373 0.844400
vt 0.960206 0.854494
vt 0.947687 0.839160
vt 0.958306 0.835057
vt 0.969513 0.835852
vt 0.975029 0.842878
vt 0.976575 0.853510
vt 0.943837 0.874565
vt 0.944110 0.865022
vt 0.960506 0.865021
vt 0.960206 0.875549
vt 0.976901 0.865022
vt 0.976574 0.876533
vt 0.947687 0.890883
vt 0.943783 0.883566
vt 0.959373 0.885643
vt 0.958306 0.894986
vt 0.975029 0.887165
vt 0.969513 0.894191
vt 0.321798 0.376468
vt 0.321741 0.367401
vt 0.337441 0.365308
vt 0.338285 0.375477
vt 0.325669 0.360008
vt 0.336362 0.355866
vt 0.347650 0.356677
vt 0.353210 0.363777
vt 0.354772 0.374487
vt 0.321797 0.395602
vt 0.322074 0.386036
vt 0.338588 0.386037
vt 0.338284 0.396595
vt 0.355103 0.386037
vt 0.354771 0.397588
vt 0.325668 0.412054
vt 0.321740 0.404664
vt 0.337441 0.406762
vt 0.336361 0.416199
vt 0.353208 0.408298
vt 0.347648 0.415394
vt 0.915712 0.398285
vt 0.912237 0.398351
vt 0.913407 0.395079
vt 0.915406 0.394161
vt 0.908966 0.397911
vt 0.912222 0.393919
vt 0.914433 0.392448
vt 0.091109 0.310889
vt 0.091544 0.301849
vt 0.122984 0.301853
vt 0.122365 0.310892
vt 0.092244 0.292609
vt 0.123728 0.292612
vt 0.150220 0.292615
vt 0.150219 0.301856
vt 0.150218 0.310896
vt 0.090771 0.135010
vt 0.123282 0.135038
vt 0.088828 0.116431
vt 0.123699 0.120138
vt 0.150239 0.120123
vt 0.150239 0.135059
vt 0.093901 0.328206
vt 0.092018 0.319687
vt 0.122616 0.319691
vt 0.123483 0.328209
vt 0.150216 0.319694
vt 0.150215 0.328213
vt 0.098624 0.344260
vt 0.096147 0.336408
vt 0.124549 0.336412
vt 0.125724 0.344263
vt 0.150213 0.336415
vt 0.150212 0.344267
vt 0.103337 0.358777
vt 0.101211 0.351727
vt 0.126927 0.351730
vt 0.127769 0.358780
vt 0.150211 0.351733
vt 0.150210 0.358783
vt 0.950654 0.515478
vt 0.950467 0.528277
vt 0.933926 0.528423
vt 0.934115 0.515499
vt 0.950438 0.540417
vt 0.933900 0.540847
vt 0.917363 0.541278
vt 0.917385 0.528570
vt 0.917576 0.515520
vt 0.949969 0.550901
vt 0.934145 0.552076
vt 0.945516 0.558576
vt 0.934530 0.562073
vt 0.923326 0.560366
vt 0.918296 0.552661
vt 0.812307 0.155607
vt 0.812111 0.085107
vt 0.818018 0.085071
vt 0.818342 0.155664
vt 0.811914 0.014606
vt 0.817694 0.014479
vt 0.823454 0.014156
vt 0.823756 0.085025
vt 0.824057 0.155895
vt 0.829372 0.084967
vt 0.829569 0.156296
vt 0.829174 0.013637
vt 0.834837 0.012926
vt 0.834839 0.084892
vt 0.834842 0.156858
vt 0.840116 0.084798
vt 0.839804 0.157570
vt 0.840427 0.012027
vt 0.845935 0.010947
vt 0.845167 0.084682
vt 0.844398 0.158417
vt 0.849965 0.084541
vt 0.848578 0.159383
vt 0.851353 0.009700
vt 0.856682 0.008301
vt 0.854501 0.084373
vt 0.852320 0.160445
vt 0.858775 0.084177
vt 0.855621 0.161582
vt 0.861928 0.006772
vt 0.867104 0.005142
vt 0.862818 0.083955
vt 0.858532 0.162768
vt 0.866627 0.083716
vt 0.861316 0.160525
vt 0.871730 0.006920
vt 0.873398 0.029101
vt 0.870132 0.083479
vt 0.865031 0.137982
vt 0.754363 0.138445
vt 0.751067 0.083755
vt 0.754584 0.084069
vt 0.757352 0.161092
vt 0.749610 0.029233
vt 0.752024 0.007065
vt 0.756727 0.005378
vt 0.758435 0.084371
vt 0.760142 0.163364
vt 0.762574 0.084623
vt 0.763269 0.162166
vt 0.761879 0.007080
vt 0.767113 0.008644
vt 0.767006 0.084818
vt 0.766900 0.160991
vt 0.771765 0.084959
vt 0.771091 0.159871
vt 0.772440 0.010047
vt 0.777862 0.011275
vt 0.776848 0.085056
vt 0.775834 0.158837
vt 0.782236 0.085115
vt 0.781096 0.157916
vt 0.783377 0.012315
vt 0.788975 0.013163
vt 0.787895 0.085146
vt 0.786815 0.157130
vt 0.793781 0.085156
vt 0.792919 0.156496
vt 0.794644 0.013817
vt 0.800369 0.014275
vt 0.799843 0.085151
vt 0.799318 0.156026
vt 0.806006 0.085133
vt 0.805880 0.155728
vt 0.806132 0.014538
vt 0.090789 0.200705
vt 0.090790 0.187628
vt 0.123251 0.187631
vt 0.123250 0.200707
vt 0.150234 0.187633
vt 0.150232 0.200710
vt 0.141047 0.835148
vt 0.148668 0.829724
vt 0.143269 0.827120
vt 0.151670 0.822668
vt 0.429697 0.753595
vt 0.444626 0.754767
vt 0.446066 0.774774
vt 0.429697 0.774291
vt 0.456243 0.761207
vt 0.462060 0.776221
vt 0.464422 0.796344
vt 0.447060 0.795691
vt 0.429697 0.795394
vt 0.095306 0.528289
vt 0.095306 0.511135
vt 0.113599 0.511135
vt 0.113194 0.528289
vt 0.095306 0.494415
vt 0.113988 0.494415
vt 0.132670 0.494415
vt 0.131892 0.511135
vt 0.131083 0.528289
vt 0.493192 0.836351
vt 0.504379 0.830784
vt 0.506061 0.844264
vt 0.500741 0.851749
vt 0.516068 0.827914
vt 0.513201 0.847240
vt 0.508309 0.857366
vt 0.095306 0.625513
vt 0.095306 0.612188
vt 0.111053 0.612097
vt 0.110247 0.624967
vt 0.095306 0.597655
vt 0.111495 0.597655
vt 0.127683 0.597655
vt 0.126383 0.611641
vt 0.121512 0.621207
vt 0.095306 0.431521
vt 0.095306 0.416164
vt 0.115032 0.416271
vt 0.115008 0.431521
vt 0.095306 0.400808
vt 0.114490 0.401448
vt 0.128690 0.405847
vt 0.134192 0.416804
vt 0.134710 0.431521
vt 0.811392 0.343768
vt 0.811392 0.308420
vt 0.831282 0.308175
vt 0.830590 0.342296
vt 0.811392 0.272952
vt 0.831394 0.272952
vt 0.851395 0.272952
vt 0.850615 0.306948
vt 0.844885 0.332176
vt 0.091549 0.273449
vt 0.091112 0.263227
vt 0.123399 0.263230
vt 0.123605 0.273452
vt 0.090882 0.252108
vt 0.123290 0.252111
vt 0.150226 0.252114
vt 0.150225 0.263233
vt 0.150223 0.273455
vt 0.090787 0.226859
vt 0.090788 0.213782
vt 0.123248 0.213784
vt 0.123247 0.226861
vt 0.150231 0.213787
vt 0.150229 0.226864
vt 0.106316 0.371508
vt 0.104675 0.365380
vt 0.128028 0.365383
vt 0.128456 0.371511
vt 0.150208 0.365386
vt 0.150207 0.371514
vt 0.680406 0.552470
vt 0.678836 0.552470
vt 0.677574 0.525384
vt 0.679065 0.523422
vt 0.677263 0.552470
vt 0.676086 0.527407
vt 0.673463 0.501834
vt 0.674799 0.498297
vt 0.302260 0.565689
vt 0.302293 0.552676
vt 0.375688 0.552521
vt 0.376354 0.565622
vt 0.302491 0.540399
vt 0.368632 0.540335
vt 0.450447 0.526232
vt 0.450448 0.551912
vt 0.450448 0.565592
vt 0.349107 0.532375
vt 0.361851 0.526578
vt 0.303011 0.529378
vt 0.303999 0.519267
vt 0.305577 0.509581
vt 0.349866 0.518420
vt 0.307768 0.500148
vt 0.363968 0.514931
vt 0.310571 0.490899
vt 0.353333 0.505445
vt 0.313973 0.481851
vt 0.367729 0.503838
vt 0.317960 0.473045
vt 0.358463 0.493049
vt 0.322514 0.464518
vt 0.372906 0.493333
vt 0.327616 0.456307
vt 0.365167 0.481429
vt 0.333245 0.448448
vt 0.379410 0.483592
vt 0.339376 0.440973
vt 0.373332 0.470782
vt 0.345982 0.433915
vt 0.387130 0.474784
vt 0.353037 0.427305
vt 0.382817 0.461293
vt 0.360509 0.421170
vt 0.395935 0.467059
vt 0.368366 0.415537
vt 0.393460 0.453122
vt 0.376575 0.410430
vt 0.405673 0.460549
vt 0.385101 0.405871
vt 0.405078 0.446411
vt 0.393907 0.401879
vt 0.416178 0.455366
vt 0.402955 0.398472
vt 0.417474 0.441274
vt 0.412207 0.395664
vt 0.427270 0.451599
vt 0.421623 0.393468
vt 0.430435 0.437800
vt 0.431162 0.391892
vt 0.438759 0.449313
vt 0.440784 0.390944
vt 0.443739 0.436048
vt 0.450448 0.390627
vt 0.450448 0.448547
vt 0.811392 0.237282
vt 0.831191 0.237531
vt 0.811392 0.201491
vt 0.830418 0.202984
vt 0.844632 0.213242
vt 0.850443 0.238774
vt 0.462552 0.866004
vt 0.448675 0.870571
vt 0.448894 0.854932
vt 0.467512 0.854392
vt 0.429697 0.871237
vt 0.429697 0.855036
vt 0.429697 0.837257
vt 0.448483 0.837315
vt 0.467270 0.837443
vt 0.465968 0.817482
vt 0.447832 0.817090
vt 0.429697 0.816912
vt 0.203239 0.431203
vt 0.202238 0.416637
vt 0.227915 0.416184
vt 0.228894 0.431140
vt 0.208708 0.405794
vt 0.227023 0.402072
vt 0.245805 0.405774
vt 0.253645 0.416574
vt 0.254550 0.431076
vt 0.796023 0.601574
vt 0.814977 0.592924
vt 0.814905 0.625818
vt 0.787998 0.626803
vt 0.833918 0.601572
vt 0.841810 0.626796
vt 0.842153 0.660766
vt 0.814550 0.660773
vt 0.786947 0.660779
vt 0.813742 0.695885
vt 0.788178 0.694901
vt 0.839370 0.694884
vt 0.830425 0.720359
vt 0.812716 0.729110
vt 0.795571 0.720371
vt 0.511962 0.761384
vt 0.518608 0.770305
vt 0.499171 0.777630
vt 0.496473 0.763725
vt 0.519133 0.786874
vt 0.501477 0.793811
vt 0.483822 0.800748
vt 0.479900 0.785772
vt 0.482452 0.773254
vt 0.365790 0.238208
vt 0.366607 0.256858
vt 0.363559 0.256850
vt 0.363550 0.231576
vt 0.365796 0.275503
vt 0.363567 0.282124
vt 0.361334 0.275245
vt 0.360510 0.256842
vt 0.361315 0.238443
vt 0.434049 0.171547
vt 0.433140 0.152902
vt 0.436558 0.152894
vt 0.436548 0.178167
vt 0.434056 0.134252
vt 0.436567 0.127620
vt 0.439073 0.134487
vt 0.439975 0.152886
vt 0.439052 0.171289
vt 0.392105 0.269720
vt 0.389350 0.279130
vt 0.385876 0.279657
vt 0.388685 0.269792
vt 0.385680 0.286140
vt 0.382281 0.288856
vt 0.380861 0.286743
vt 0.382626 0.279636
vt 0.385264 0.269863
vt 0.392105 0.249501
vt 0.393081 0.259610
vt 0.389695 0.259610
vt 0.388684 0.249429
vt 0.386310 0.259610
vt 0.385264 0.249357
vt 0.385680 0.233081
vt 0.389350 0.240091
vt 0.385875 0.239564
vt 0.382281 0.230365
vt 0.382626 0.239584
vt 0.380861 0.232478
vt 0.780254 0.174440
vt 0.780689 0.182563
vt 0.778959 0.182013
vt 0.779034 0.171012
vt 0.780200 0.190392
vt 0.778884 0.193014
vt 0.777609 0.189760
vt 0.777230 0.181462
vt 0.777775 0.173458
vt 0.772233 0.190392
vt 0.771745 0.182563
vt 0.773474 0.182013
vt 0.773549 0.193014
vt 0.772179 0.174440
vt 0.773399 0.171012
vt 0.774658 0.173458
vt 0.775203 0.181462
vt 0.774825 0.189760
vt 0.440100 0.352551
vt 0.438142 0.345957
vt 0.440195 0.346469
vt 0.442034 0.355126
vt 0.436723 0.337109
vt 0.438758 0.337181
vt 0.440793 0.337254
vt 0.442134 0.346466
vt 0.442955 0.353156
vt 0.436225 0.327591
vt 0.438241 0.327591
vt 0.436723 0.318073
vt 0.438758 0.318000
vt 0.440793 0.317928
vt 0.440257 0.327591
vt 0.438141 0.309225
vt 0.440195 0.308712
vt 0.440100 0.302631
vt 0.442034 0.300056
vt 0.442955 0.302026
vt 0.442133 0.308716
vt 0.432318 0.108169
vt 0.431539 0.097255
vt 0.434156 0.096747
vt 0.434228 0.111910
vt 0.432158 0.086069
vt 0.434083 0.081584
vt 0.436048 0.085198
vt 0.436773 0.096240
vt 0.436100 0.107553
vt 0.359565 0.151971
vt 0.360394 0.163156
vt 0.356890 0.162649
vt 0.356987 0.147486
vt 0.359350 0.174071
vt 0.356793 0.177812
vt 0.354287 0.173454
vt 0.353386 0.162141
vt 0.354356 0.151099
vt 0.563727 0.114880
vt 0.562726 0.096234
vt 0.566493 0.096226
vt 0.566481 0.121500
vt 0.563736 0.077583
vt 0.566506 0.070951
vt 0.569269 0.077818
vt 0.570261 0.096218
vt 0.569241 0.114621
vt 0.572405 0.257470
vt 0.573035 0.276121
vt 0.570689 0.276113
vt 0.570681 0.250838
vt 0.572411 0.294767
vt 0.570697 0.301387
vt 0.568978 0.294508
vt 0.568343 0.276105
vt 0.568960 0.257705
vt 0.513451 0.207052
vt 0.511025 0.216515
vt 0.508235 0.217008
vt 0.510710 0.207113
vt 0.507866 0.223561
vt 0.505067 0.226246
vt 0.504013 0.224080
vt 0.505643 0.216950
vt 0.507970 0.207173
vt 0.513451 0.186789
vt 0.514315 0.196920
vt 0.511601 0.196920
vt 0.510710 0.186728
vt 0.508887 0.196920
vt 0.507969 0.186668
vt 0.507865 0.170280
vt 0.511024 0.177326
vt 0.508235 0.176833
vt 0.505066 0.167595
vt 0.505643 0.176891
vt 0.504012 0.169760
vt 0.806759 0.174312
vt 0.807151 0.182474
vt 0.805573 0.181966
vt 0.805654 0.170920
vt 0.806701 0.190364
vt 0.805492 0.193012
vt 0.804327 0.189761
vt 0.803995 0.181458
vt 0.804506 0.173427
vt 0.793873 0.190364
vt 0.793422 0.182474
vt 0.795000 0.181966
vt 0.795081 0.193013
vt 0.793815 0.174312
vt 0.794920 0.170920
vt 0.796068 0.173427
vt 0.796579 0.181458
vt 0.796247 0.189761
vt 0.418478 0.352673
vt 0.416591 0.346041
vt 0.418496 0.346519
vt 0.420293 0.355218
vt 0.415204 0.337138
vt 0.417093 0.337200
vt 0.418982 0.337261
vt 0.420289 0.346479
vt 0.421119 0.353195
vt 0.414715 0.327597
vt 0.416587 0.327597
vt 0.415204 0.318056
vt 0.417092 0.317995
vt 0.418981 0.317933
vt 0.418460 0.327597
vt 0.416591 0.309153
vt 0.418496 0.308675
vt 0.418478 0.302521
vt 0.420293 0.299977
vt 0.421119 0.301999
vt 0.420289 0.308716
vt 0.972600 0.164702
vt 0.973375 0.175678
vt 0.970829 0.176143
vt 0.970743 0.160935
vt 0.972791 0.186903
vt 0.970916 0.191351
vt 0.968994 0.187678
vt 0.968284 0.176608
vt 0.968933 0.165290
vt 0.447512 0.107188
vt 0.446958 0.095964
vt 0.449375 0.096429
vt 0.449293 0.111637
vt 0.447694 0.084988
vt 0.449457 0.081221
vt 0.451176 0.085576
vt 0.451792 0.096894
vt 0.451117 0.107963
vt 0.341732 0.129951
vt 0.340914 0.111298
vt 0.343959 0.111306
vt 0.343972 0.136582
vt 0.341723 0.092650
vt 0.343946 0.086030
vt 0.346176 0.092910
vt 0.347004 0.111314
vt 0.346205 0.129714
vt 0.545274 0.181645
vt 0.546060 0.200293
vt 0.543101 0.200301
vt 0.543113 0.175025
vt 0.545265 0.218945
vt 0.543088 0.225577
vt 0.540918 0.218709
vt 0.540141 0.200309
vt 0.540946 0.181904
vt 0.480351 0.248498
vt 0.484042 0.238972
vt 0.487837 0.238520
vt 0.484070 0.248450
vt 0.488726 0.231884
vt 0.492660 0.229234
vt 0.493937 0.231462
vt 0.491331 0.238621
vt 0.487790 0.248403
vt 0.480352 0.268812
vt 0.479029 0.258655
vt 0.482714 0.258655
vt 0.484071 0.268859
vt 0.486400 0.258655
vt 0.487790 0.268906
vt 0.488727 0.285418
vt 0.484043 0.278334
vt 0.487838 0.278785
vt 0.492660 0.288066
vt 0.491331 0.278684
vt 0.493937 0.285839
vt 0.829978 0.189367
vt 0.829633 0.181160
vt 0.831044 0.181618
vt 0.830955 0.192717
vt 0.830041 0.173197
vt 0.831132 0.170518
vt 0.832176 0.173767
vt 0.832455 0.182075
vt 0.831980 0.190139
vt 0.816975 0.173197
vt 0.817384 0.181160
vt 0.815972 0.181618
vt 0.815884 0.170518
vt 0.817038 0.189368
vt 0.816061 0.192718
vt 0.815036 0.190139
vt 0.814561 0.182075
vt 0.814840 0.173767
vt 0.450836 0.352804
vt 0.449048 0.346127
vt 0.450791 0.346565
vt 0.452514 0.355315
vt 0.447714 0.337159
vt 0.449446 0.337208
vt 0.451177 0.337256
vt 0.452427 0.346481
vt 0.453243 0.353229
vt 0.447243 0.327591
vt 0.448962 0.327591
vt 0.447715 0.318025
vt 0.449446 0.317976
vt 0.451178 0.317928
vt 0.450680 0.327591
vt 0.449048 0.309063
vt 0.450792 0.308625
vt 0.450836 0.302391
vt 0.452514 0.299883
vt 0.453243 0.301966
vt 0.452428 0.308708
vt 0.419251 0.201492
vt 0.419978 0.212540
vt 0.417665 0.212955
vt 0.417566 0.197694
vt 0.419470 0.223810
vt 0.417764 0.228216
vt 0.416005 0.224472
vt 0.415352 0.213370
vt 0.415934 0.202047
vt 0.959251 0.187060
vt 0.958742 0.175790
vt 0.961059 0.176205
vt 0.960960 0.191467
vt 0.959471 0.164742
vt 0.961158 0.160943
vt 0.962793 0.165296
vt 0.963376 0.176620
vt 0.962722 0.187722
vt 0.092124 0.283178
vt 0.123852 0.283182
vt 0.150222 0.283185
vt 0.090798 0.239822
vt 0.123251 0.239825
vt 0.150228 0.239828
vt 0.131046 0.397392
vt 0.126473 0.394230
vt 0.138338 0.394232
vt 0.140624 0.397393
vt 0.121961 0.390776
vt 0.136082 0.390778
vt 0.150204 0.390780
vt 0.150203 0.394234
vt 0.150203 0.397394
vt 0.450448 0.653314
vt 0.450448 0.676769
vt 0.410446 0.680226
vt 0.387983 0.671742
vt 0.450448 0.696917
vt 0.392889 0.693589
vt 0.332607 0.699902
vt 0.302333 0.645622
vt 0.302266 0.631506
vt 0.375931 0.631653
vt 0.371918 0.646927
vt 0.302256 0.618230
vt 0.376352 0.618197
vt 0.450448 0.618183
vt 0.450448 0.632047
vt 0.302256 0.605095
vt 0.376352 0.605054
vt 0.302256 0.591959
vt 0.376352 0.591910
vt 0.450448 0.591887
vt 0.450448 0.605035
vt 0.302257 0.578824
vt 0.376352 0.578766
vt 0.450448 0.578740
vt 0.896620 0.368699
vt 0.891880 0.359576
vt 0.907740 0.360305
vt 0.907742 0.372097
vt 0.891193 0.347371
vt 0.907739 0.347678
vt 0.924285 0.347985
vt 0.923600 0.360331
vt 0.918863 0.369303
vt 0.891196 0.334468
vt 0.907740 0.334677
vt 0.891199 0.321568
vt 0.907744 0.321678
vt 0.924288 0.321788
vt 0.924285 0.334887
vt 0.891892 0.309388
vt 0.907748 0.309055
vt 0.896634 0.300390
vt 0.907752 0.297269
vt 0.918867 0.300337
vt 0.923603 0.309425
vt 0.945577 0.494284
vt 0.950166 0.503298
vt 0.934324 0.502880
vt 0.934520 0.491104
vt 0.918471 0.503163
vt 0.923359 0.494108
vt 0.846663 0.899522
vt 0.858605 0.899619
vt 0.846476 0.886648
vt 0.858416 0.886659
vt 0.870355 0.886669
vt 0.870547 0.899717
vt 0.846772 0.874415
vt 0.858206 0.874012
vt 0.850043 0.865374
vt 0.858011 0.862211
vt 0.866082 0.865244
vt 0.869652 0.874312
vt 0.916811 0.005941
vt 0.920236 0.014972
vt 0.908787 0.014633
vt 0.908783 0.002821
vt 0.920737 0.027205
vt 0.908791 0.027283
vt 0.896845 0.027361
vt 0.897338 0.014998
vt 0.900757 0.005904
vt 0.920740 0.040162
vt 0.908794 0.040310
vt 0.896848 0.040457
vt 0.445931 0.910747
vt 0.417971 0.910748
vt 0.445934 0.923797
vt 0.417971 0.923798
vt 0.390008 0.923800
vt 0.390011 0.910748
vt 0.444770 0.936162
vt 0.417971 0.936518
vt 0.436760 0.945270
vt 0.417970 0.948389
vt 0.399181 0.945274
vt 0.391171 0.936166
vt 0.833477 0.865204
vt 0.841486 0.874316
vt 0.814689 0.873964
vt 0.814690 0.862086
vt 0.842651 0.886681
vt 0.814687 0.886683
vt 0.786724 0.886686
vt 0.787891 0.874319
vt 0.795903 0.865206
vt 0.842650 0.899778
vt 0.814686 0.899781
vt 0.786723 0.899784
vt 0.585894 0.265492
vt 0.585026 0.246839
vt 0.588259 0.246847
vt 0.588273 0.272123
vt 0.585884 0.228191
vt 0.588245 0.221571
vt 0.590613 0.228451
vt 0.591492 0.246855
vt 0.590644 0.265255
vt 0.470072 0.123903
vt 0.470680 0.136775
vt 0.468316 0.136776
vt 0.467705 0.123822
vt 0.470807 0.149084
vt 0.468433 0.149160
vt 0.466060 0.149236
vt 0.465951 0.136777
vt 0.465338 0.123740
vt 0.470044 0.159830
vt 0.467714 0.160339
vt 0.468500 0.167458
vt 0.466553 0.170289
vt 0.465261 0.167942
vt 0.465458 0.160261
vt 0.824944 0.189393
vt 0.824606 0.181178
vt 0.825991 0.181628
vt 0.825901 0.192736
vt 0.825008 0.173204
vt 0.826081 0.170519
vt 0.827106 0.173768
vt 0.827376 0.182077
vt 0.826907 0.190146
vt 0.563007 0.186568
vt 0.563146 0.174429
vt 0.566454 0.174429
vt 0.566324 0.186644
vt 0.563808 0.161630
vt 0.567119 0.161548
vt 0.570430 0.161466
vt 0.569762 0.174430
vt 0.569642 0.186719
vt 0.565754 0.204331
vt 0.563865 0.197003
vt 0.567106 0.197499
vt 0.568368 0.207053
vt 0.570267 0.197433
vt 0.570269 0.204814
vt 0.992005 0.164748
vt 0.992727 0.175808
vt 0.990445 0.176215
vt 0.990343 0.160945
vt 0.992230 0.187086
vt 0.990547 0.191485
vt 0.988809 0.187729
vt 0.988163 0.176622
vt 0.988736 0.165297
vt 0.468215 0.102498
vt 0.469347 0.111654
vt 0.467053 0.111059
vt 0.466458 0.099081
vt 0.464794 0.111177
vt 0.465012 0.101960
vt 0.564627 0.149436
vt 0.567828 0.148841
vt 0.566068 0.140320
vt 0.568473 0.136916
vt 0.570541 0.139780
vt 0.570990 0.148957
vt 0.439296 0.277481
vt 0.438859 0.266232
vt 0.440962 0.266659
vt 0.440849 0.281890
vt 0.439545 0.255211
vt 0.441074 0.251429
vt 0.442543 0.255782
vt 0.443064 0.267087
vt 0.442462 0.278164
vt 0.852246 0.173192
vt 0.852641 0.181135
vt 0.851272 0.181604
vt 0.851189 0.170526
vt 0.852305 0.189329
vt 0.851354 0.192682
vt 0.850359 0.190120
vt 0.849903 0.182074
vt 0.850177 0.173777
vt 0.388319 0.091465
vt 0.389097 0.110129
vt 0.386162 0.110137
vt 0.386177 0.084846
vt 0.388308 0.128798
vt 0.386147 0.135427
vt 0.383994 0.128550
vt 0.383227 0.110145
vt 0.384027 0.091735
vt 0.506895 0.307962
vt 0.507268 0.326618
vt 0.505861 0.326626
vt 0.505867 0.301343
vt 0.506890 0.345278
vt 0.505854 0.351909
vt 0.504822 0.345036
vt 0.504453 0.326634
vt 0.504837 0.308227
vt 0.842216 0.173199
vt 0.842612 0.181160
vt 0.841246 0.181615
vt 0.841159 0.170523
vt 0.842278 0.189365
vt 0.841332 0.192708
vt 0.840340 0.190127
vt 0.839879 0.182070
vt 0.840148 0.173771
vt 0.410960 0.277522
vt 0.410514 0.266260
vt 0.412613 0.266673
vt 0.412509 0.281920
vt 0.411189 0.255219
vt 0.412716 0.251425
vt 0.414188 0.255775
vt 0.414711 0.267085
vt 0.414114 0.278175
vt 0.415614 0.064836
vt 0.416530 0.074006
vt 0.413463 0.073410
vt 0.413464 0.061419
vt 0.416663 0.086268
vt 0.413463 0.086181
vt 0.410263 0.086094
vt 0.410397 0.073529
vt 0.411314 0.064306
vt 0.416663 0.099228
vt 0.413463 0.099228
vt 0.416663 0.112185
vt 0.413463 0.112274
vt 0.410263 0.112363
vt 0.410263 0.099228
vt 0.416530 0.124438
vt 0.413463 0.125040
vt 0.415614 0.133604
vt 0.413464 0.137025
vt 0.411314 0.134146
vt 0.410397 0.124927
vt 0.509439 0.110697
vt 0.509544 0.098490
vt 0.512017 0.097896
vt 0.512021 0.110610
vt 0.510280 0.089360
vt 0.512013 0.085958
vt 0.513749 0.088831
vt 0.514491 0.098013
vt 0.514602 0.110523
vt 0.509439 0.136500
vt 0.509440 0.123600
vt 0.512022 0.123600
vt 0.512021 0.136589
vt 0.514603 0.123601
vt 0.514602 0.136678
vt 0.510280 0.157824
vt 0.509544 0.148698
vt 0.512017 0.149299
vt 0.512013 0.161230
vt 0.514491 0.149188
vt 0.513749 0.158366
vt 0.456292 0.255214
vt 0.456973 0.266244
vt 0.454881 0.266664
vt 0.454771 0.251428
vt 0.456537 0.277498
vt 0.454991 0.281901
vt 0.453387 0.278166
vt 0.452789 0.267085
vt 0.453308 0.255779
vt 0.860173 0.189345
vt 0.859840 0.181147
vt 0.861201 0.181609
vt 0.861116 0.192693
vt 0.860233 0.173196
vt 0.861285 0.170525
vt 0.862292 0.173775
vt 0.862562 0.182071
vt 0.862105 0.190121
vt 0.483601 0.345295
vt 0.483225 0.326629
vt 0.484622 0.326637
vt 0.484630 0.351925
vt 0.483596 0.307968
vt 0.484615 0.301349
vt 0.485639 0.308237
vt 0.486020 0.326645
vt 0.485654 0.345049
vt 0.117562 0.386789
vt 0.133883 0.386791
vt 0.113304 0.382235
vt 0.131755 0.382238
vt 0.150205 0.382241
vt 0.150204 0.386794
vt 0.109333 0.377134
vt 0.129794 0.377137
vt 0.150206 0.377140
vt 0.219648 0.526810
vt 0.216242 0.509936
vt 0.235005 0.509581
vt 0.236401 0.526411
vt 0.213173 0.493442
vt 0.233635 0.493156
vt 0.254098 0.492870
vt 0.253769 0.509225
vt 0.253153 0.526012
vt 0.236979 0.594168
vt 0.242432 0.593083
vt 0.243634 0.603226
vt 0.241399 0.606954
vt 0.248140 0.593843
vt 0.246842 0.606800
vt 0.244850 0.612405
vt 0.502974 0.812363
vt 0.488033 0.818237
vt 0.517977 0.806827
vt 0.912505 0.467324
vt 0.901463 0.469112
vt 0.901532 0.462217
vt 0.917075 0.461887
vt 0.890447 0.467339
vt 0.885991 0.462143
vt 0.885939 0.455039
vt 0.901716 0.454163
vt 0.917493 0.453286
vt 0.902118 0.444970
vt 0.917151 0.442516
vt 0.887085 0.447425
vt 0.888767 0.439746
vt 0.902807 0.436352
vt 0.916848 0.432958
vt 0.903827 0.429732
vt 0.916668 0.427292
vt 0.890986 0.432171
vt 0.893755 0.424729
vt 0.905144 0.423884
vt 0.916532 0.423040
vt 0.906712 0.417356
vt 0.916348 0.417285
vt 0.897077 0.417428
vt 0.900884 0.410332
vt 0.908507 0.410425
vt 0.916130 0.410517
vt 0.910450 0.403820
vt 0.915915 0.403950
vt 0.905010 0.403626
vt 0.603898 0.419357
vt 0.588868 0.423882
vt 0.599995 0.423201
vt 0.589524 0.427516
vt 0.578704 0.429998
vt 0.573797 0.428200
vt 0.719853 0.796909
vt 0.745042 0.793336
vt 0.727867 0.792561
vt 0.745573 0.789072
vt 0.763010 0.787747
vt 0.770201 0.790009
vt 0.053849 0.941470
vt 0.047703 0.941470
vt 0.039975 0.937017
vt 0.037323 0.933442
vt 0.042517 0.941470
vt 0.035205 0.935879
vt 0.024880 0.927977
vt 0.076402 0.382230
vt 0.068201 0.377129
vt 0.088791 0.377131
vt 0.094853 0.382233
vt 0.060351 0.371502
vt 0.083528 0.371505
vt 0.093717 0.390772
vt 0.084920 0.386785
vt 0.101241 0.386787
vt 0.107839 0.390774
vt 0.112025 0.396368
vt 0.102760 0.394097
vt 0.114611 0.394207
vt 0.121485 0.397261
vt 0.002352 0.252101
vt 0.002158 0.239816
vt 0.049216 0.239819
vt 0.049353 0.252105
vt 0.002131 0.226853
vt 0.049198 0.226856
vt 0.007643 0.292600
vt 0.005451 0.283170
vt 0.051466 0.283174
vt 0.052439 0.292605
vt 0.003869 0.273441
vt 0.050428 0.273445
vt 0.052885 0.365373
vt 0.079367 0.365376
vt 0.045836 0.358769
vt 0.075583 0.358773
vt 0.002131 0.213777
vt 0.049198 0.213779
vt 0.002131 0.200701
vt 0.049199 0.200703
vt 0.002875 0.263220
vt 0.049724 0.263223
vt 0.002131 0.187625
vt 0.049200 0.187627
vt 0.002130 0.174549
vt 0.049200 0.174550
vt 0.039235 0.351719
vt 0.071439 0.351723
vt 0.033108 0.344252
vt 0.067172 0.344256
vt 0.027483 0.336400
vt 0.063184 0.336404
vt 0.022384 0.328197
vt 0.059568 0.328202
vt 0.017832 0.319679
vt 0.056424 0.319683
vt 0.013847 0.310881
vt 0.054179 0.310885
vt 0.002126 0.148396
vt 0.002122 0.135534
vt 0.048776 0.135491
vt 0.049199 0.148397
vt 0.002118 0.123955
vt 0.044326 0.124035
vt 0.010446 0.301841
vt 0.053097 0.301845
vt 0.002129 0.161473
vt 0.049200 0.161474
vt 0.020614 0.922003
vt 0.031923 0.927487
vt 0.016743 0.915756
vt 0.038392 0.922950
vt 0.076510 0.093020
vt 0.081527 0.092713
vt 0.085132 0.099772
vt 0.082581 0.102297
vt 0.084075 0.093020
vt 0.088013 0.102297
vt 0.085898 0.092713
vt 0.088587 0.099772
vt 0.088023 0.093020
vt 0.090755 0.102297
vt 0.090011 0.092713
vt 0.091744 0.099772
vt 0.092448 0.093020
vt 0.093983 0.102320
vt 0.095749 0.091691
vt 0.096927 0.099614
vt 0.103903 0.083048
vt 0.104714 0.102451
vt 0.031914 0.116959
vt 0.039543 0.112214
vt 0.002113 0.114488
vt 0.002108 0.106129
vt 0.002032 0.089737
vt 0.025848 0.092423
vt 0.043274 0.099898
vt 0.042645 0.103723
vt 0.038668 0.093019
vt 0.057118 0.102336
vt 0.047010 0.092713
vt 0.058875 0.099772
vt 0.056442 0.093020
vt 0.069451 0.102297
vt 0.031657 0.105324
vt 0.002094 0.097772
vt 0.073928 0.099772
vt 0.066776 0.092713
vt 0.037166 0.941102
vt 0.035490 0.940117
vt 0.037240 0.940510
vt 0.039194 0.941423
vt 0.033116 0.937758
vt 0.036336 0.939126
vt 0.029344 0.933494
vt 0.033458 0.936239
vt 0.107894 0.012169
vt 0.107598 0.008984
vt 0.125984 0.008439
vt 0.126024 0.011785
vt 0.104260 0.004576
vt 0.125625 0.004576
vt 0.150232 0.004576
vt 0.150232 0.008302
vt 0.150233 0.011589
vt 0.386552 0.845575
vt 0.386561 0.850643
vt 0.344427 0.850723
vt 0.344418 0.845646
vt 0.386572 0.855651
vt 0.344438 0.855716
vt 0.302303 0.855781
vt 0.302293 0.850803
vt 0.302284 0.845718
vt 0.372726 0.754695
vt 0.384813 0.758063
vt 0.344141 0.758040
vt 0.342654 0.753487
vt 0.386583 0.762695
vt 0.344449 0.762762
vt 0.302314 0.762830
vt 0.302299 0.758156
vt 0.302275 0.753514
vt 0.386583 0.865497
vt 0.384813 0.870129
vt 0.344141 0.870152
vt 0.344449 0.865429
vt 0.372726 0.873497
vt 0.342654 0.874705
vt 0.302275 0.874678
vt 0.302299 0.870036
vt 0.302314 0.865362
vt 0.386582 0.767590
vt 0.344448 0.767579
vt 0.386572 0.772541
vt 0.344438 0.772476
vt 0.302303 0.772411
vt 0.302313 0.767568
vt 0.386538 0.835257
vt 0.386544 0.840445
vt 0.344410 0.840505
vt 0.344403 0.835305
vt 0.302276 0.840564
vt 0.302269 0.835352
vt 0.386582 0.860602
vt 0.344448 0.860613
vt 0.302313 0.860624
vt 0.386537 0.792935
vt 0.386532 0.798175
vt 0.344398 0.798139
vt 0.344403 0.792887
vt 0.386529 0.803457
vt 0.344394 0.803433
vt 0.302260 0.803409
vt 0.302264 0.798103
vt 0.302269 0.792839
vt 0.386561 0.777549
vt 0.344427 0.777469
vt 0.386552 0.782617
vt 0.344418 0.782545
vt 0.302284 0.782473
vt 0.302293 0.777389
vt 0.386526 0.808769
vt 0.344392 0.808757
vt 0.386526 0.814096
vt 0.344391 0.814096
vt 0.302257 0.814096
vt 0.302258 0.808745
vt 0.386529 0.824735
vt 0.386532 0.830017
vt 0.344398 0.830053
vt 0.344394 0.824758
vt 0.302264 0.830088
vt 0.302260 0.824782
vt 0.589321 0.768536
vt 0.591063 0.773569
vt 0.586308 0.783108
vt 0.583870 0.782777
vt 0.592538 0.779142
vt 0.585817 0.789194
vt 0.575434 0.803621
vt 0.594584 0.816296
vt 0.593720 0.821760
vt 0.588151 0.816543
vt 0.587054 0.811666
vt 0.592539 0.826927
vt 0.585817 0.818103
vt 0.580354 0.755333
vt 0.582821 0.757470
vt 0.580590 0.771938
vt 0.578446 0.774901
vt 0.585165 0.760417
vt 0.581356 0.777865
vt 0.585166 0.842989
vt 0.582822 0.845514
vt 0.580590 0.833024
vt 0.581356 0.827821
vt 0.580354 0.847342
vt 0.578446 0.830359
vt 0.593720 0.785162
vt 0.588151 0.791151
vt 0.594585 0.791527
vt 0.587054 0.796683
vt 0.591064 0.831710
vt 0.586309 0.823446
vt 0.589322 0.836028
vt 0.583871 0.823609
vt 0.595291 0.804537
vt 0.595112 0.810587
vt 0.589117 0.808782
vt 0.587481 0.804525
vt 0.587344 0.764127
vt 0.583728 0.776557
vt 0.577920 0.847547
vt 0.577142 0.834256
vt 0.576120 0.841765
vt 0.575480 0.825963
vt 0.576120 0.761822
vt 0.577919 0.755088
vt 0.577142 0.770494
vt 0.575480 0.779905
vt 0.595113 0.798091
vt 0.589117 0.800113
vt 0.587345 0.839809
vt 0.583728 0.829065
vt 0.478568 0.308047
vt 0.479024 0.326805
vt 0.477321 0.326791
vt 0.477319 0.301421
vt 0.478570 0.345555
vt 0.477323 0.352161
vt 0.476075 0.345216
vt 0.475618 0.326777
vt 0.476071 0.308345
vt 0.933499 0.027754
vt 0.933894 0.021311
vt 0.936163 0.021368
vt 0.935767 0.027795
vt 0.934518 0.014956
vt 0.936799 0.014954
vt 0.939079 0.014953
vt 0.938432 0.021426
vt 0.938035 0.027835
vt 0.933291 0.040681
vt 0.933302 0.034216
vt 0.935571 0.034230
vt 0.935560 0.040670
vt 0.937840 0.034244
vt 0.937828 0.040659
vt 0.933826 0.053608
vt 0.933459 0.047146
vt 0.935726 0.047110
vt 0.936092 0.053542
vt 0.937994 0.047073
vt 0.938357 0.053476
vt 0.935052 0.065389
vt 0.934392 0.059922
vt 0.936657 0.059836
vt 0.937331 0.065359
vt 0.938922 0.059749
vt 0.939610 0.065330
vt 0.935431 0.008978
vt 0.937673 0.008642
vt 0.936804 0.004471
vt 0.938630 0.002692
vt 0.939940 0.004042
vt 0.939856 0.008661
vt 0.761498 0.189405
vt 0.761130 0.181175
vt 0.762719 0.181712
vt 0.762562 0.192808
vt 0.761610 0.173232
vt 0.762876 0.170617
vt 0.764058 0.173927
vt 0.764308 0.182250
vt 0.763710 0.190285
vt 0.850392 0.352768
vt 0.850627 0.363776
vt 0.849748 0.364294
vt 0.849747 0.349050
vt 0.850393 0.375061
vt 0.849750 0.379537
vt 0.849105 0.375871
vt 0.848870 0.364811
vt 0.849103 0.353475
vt 0.523985 0.186618
vt 0.522636 0.180998
vt 0.526640 0.181584
vt 0.526844 0.188804
vt 0.522233 0.172367
vt 0.526414 0.173163
vt 0.530595 0.173958
vt 0.530632 0.181746
vt 0.529596 0.187259
vt 0.521862 0.129568
vt 0.522104 0.122997
vt 0.526256 0.123004
vt 0.526022 0.129573
vt 0.522463 0.117328
vt 0.526554 0.117359
vt 0.530645 0.117390
vt 0.530409 0.123010
vt 0.530183 0.129578
vt 0.521607 0.142101
vt 0.521695 0.136341
vt 0.525857 0.136432
vt 0.525783 0.142798
vt 0.530019 0.136522
vt 0.529960 0.143494
vt 0.521734 0.152030
vt 0.521614 0.146359
vt 0.525822 0.148356
vt 0.525961 0.154806
vt 0.530030 0.150352
vt 0.530188 0.157582
vt 0.521964 0.161593
vt 0.526173 0.163599
vt 0.530382 0.165605
vt 0.523101 0.113072
vt 0.526906 0.113059
vt 0.524591 0.110467
vt 0.527269 0.109712
vt 0.529754 0.110651
vt 0.530690 0.113238
vt 0.887261 0.076729
vt 0.882945 0.058905
vt 0.885674 0.059581
vt 0.890482 0.082781
vt 0.880657 0.037121
vt 0.883349 0.037258
vt 0.886041 0.037396
vt 0.888089 0.058849
vt 0.890929 0.076427
vt 0.936900 0.071797
vt 0.935772 0.069338
vt 0.938008 0.069563
vt 0.938643 0.072816
vt 0.940206 0.069601
vt 0.940052 0.072191
vt 0.882677 0.018962
vt 0.885530 0.018616
vt 0.886868 0.007122
vt 0.890203 0.003158
vt 0.890833 0.007126
vt 0.888077 0.019170
vt 0.002140 0.616700
vt 0.002153 0.613679
vt 0.026559 0.613657
vt 0.026428 0.616682
vt 0.002165 0.610648
vt 0.026682 0.610518
vt 0.051199 0.610387
vt 0.050965 0.613634
vt 0.050715 0.616664
vt 0.002177 0.606479
vt 0.026813 0.606105
vt 0.002202 0.595499
vt 0.026931 0.594978
vt 0.051661 0.594457
vt 0.051450 0.605732
vt 0.001956 0.647037
vt 0.002015 0.638142
vt 0.025531 0.637806
vt 0.027653 0.643669
vt 0.002041 0.634398
vt 0.025410 0.634445
vt 0.048780 0.634492
vt 0.048615 0.637974
vt 0.048469 0.644682
vt 0.677962 0.445606
vt 0.685266 0.435039
vt 0.687039 0.437989
vt 0.679250 0.448986
vt 0.690978 0.426729
vt 0.693273 0.429020
vt 0.695568 0.431311
vt 0.689042 0.440462
vt 0.682552 0.448162
vt 0.002060 0.631499
vt 0.025535 0.631513
vt 0.002078 0.628581
vt 0.025695 0.628565
vt 0.049312 0.628550
vt 0.049010 0.631527
vt 0.002094 0.625643
vt 0.025883 0.625608
vt 0.002110 0.622684
vt 0.026081 0.622644
vt 0.050051 0.622603
vt 0.049672 0.625573
vt 0.002271 0.544030
vt 0.002246 0.514890
vt 0.027009 0.515249
vt 0.027037 0.544030
vt 0.002202 0.492560
vt 0.026932 0.493081
vt 0.051661 0.493603
vt 0.051773 0.515608
vt 0.051802 0.544030
vt 0.050407 0.619638
vt 0.026267 0.619670
vt 0.002126 0.619703
vt 0.808423 0.548486
vt 0.809045 0.550717
vt 0.809139 0.553149
vt 0.808874 0.553937
vt 0.809372 0.553008
vt 0.809388 0.555321
vt 0.809104 0.557616
vt 0.674126 0.477821
vt 0.671597 0.478777
vt 0.671977 0.476071
vt 0.673569 0.474156
vt 0.670233 0.478252
vt 0.671002 0.475057
vt 0.668630 0.480414
vt 0.664848 0.475914
vt 0.667379 0.473979
vt 0.670813 0.475373
vt 0.663669 0.472472
vt 0.667031 0.470873
vt 0.667656 0.459268
vt 0.669501 0.457905
vt 0.666405 0.463390
vt 0.672847 0.451978
vt 0.673943 0.451942
vt 0.672692 0.456064
vt 0.674397 0.451279
vt 0.674723 0.451216
vt 0.674007 0.453583
vt 0.676103 0.446493
vt 0.675712 0.448797
vt 0.675075 0.451149
vt 0.664685 0.467496
vt 0.666944 0.463631
vt 0.669079 0.463858
vt 0.667639 0.467242
vt 0.670933 0.459951
vt 0.673022 0.460741
vt 0.232238 0.578287
vt 0.240861 0.577914
vt 0.227617 0.561188
vt 0.239276 0.560845
vt 0.250936 0.560502
vt 0.249515 0.577771
vt 0.223419 0.543931
vt 0.237804 0.543537
vt 0.252188 0.543142
vt 0.210411 0.477422
vt 0.232325 0.477207
vt 0.207888 0.461794
vt 0.231094 0.461641
vt 0.254301 0.461487
vt 0.254240 0.476991
vt 0.205524 0.446430
vt 0.229953 0.446327
vt 0.254382 0.446224
vt 0.095306 0.478208
vt 0.114336 0.478208
vt 0.095306 0.462417
vt 0.114622 0.462417
vt 0.133938 0.462417
vt 0.133366 0.478208
vt 0.095306 0.446900
vt 0.114836 0.446900
vt 0.134365 0.446900
vt 0.095306 0.581122
vt 0.111916 0.581122
vt 0.095306 0.563462
vt 0.112367 0.563462
vt 0.129428 0.563462
vt 0.128526 0.581123
vt 0.095306 0.545758
vt 0.112790 0.545758
vt 0.130273 0.545758
vt 0.124938 0.102560
vt 0.125204 0.079910
vt 0.150238 0.078647
vt 0.150239 0.101943
vt 0.043418 0.897352
vt 0.050917 0.907822
vt 0.065844 0.877386
vt 0.065844 0.888279
vt 0.065844 0.900583
vt 0.058222 0.919110
vt 0.063910 0.937710
vt 0.059678 0.940992
vt 0.062672 0.925732
vt 0.065598 0.929687
vt 0.065844 0.910610
vt 0.065844 0.919754
vt 0.002747 0.874027
vt 0.002171 0.866523
vt 0.018321 0.862524
vt 0.029220 0.866934
vt 0.002347 0.860782
vt 0.004606 0.858497
vt 0.014403 0.858318
vt 0.035326 0.858764
vt 0.055694 0.859842
vt 0.005549 0.888649
vt 0.003895 0.881479
vt 0.034235 0.871634
vt 0.035697 0.876415
vt 0.064575 0.861789
vt 0.065844 0.864181
vt 0.010259 0.902564
vt 0.007676 0.895679
vt 0.036760 0.881107
vt 0.038051 0.885675
vt 0.065844 0.866535
vt 0.065844 0.868786
vt 0.013286 0.909267
vt 0.039769 0.890479
vt 0.065844 0.871507
vt 0.032517 0.028482
vt 0.025990 0.032526
vt 0.025395 0.027327
vt 0.031981 0.023246
vt 0.019744 0.036985
vt 0.019093 0.031827
vt 0.018441 0.026669
vt 0.024800 0.022128
vt 0.031445 0.018011
vt 0.004003 0.070287
vt 0.003970 0.077010
vt 0.002905 0.072808
vt 0.002970 0.065972
vt 0.004014 0.082421
vt 0.002912 0.079008
vt 0.001811 0.075596
vt 0.001840 0.068607
vt 0.001937 0.061657
vt 0.009269 0.045860
vt 0.006335 0.048886
vt 0.005439 0.044011
vt 0.008482 0.040840
vt 0.004839 0.051390
vt 0.003848 0.046698
vt 0.002858 0.042005
vt 0.004543 0.039136
vt 0.007694 0.035819
vt 0.013939 0.041688
vt 0.013230 0.036580
vt 0.012521 0.031473
vt 0.004733 0.085350
vt 0.003528 0.083796
vt 0.008940 0.086492
vt 0.007768 0.086984
vt 0.001905 0.082482
vt 0.004139 0.058232
vt 0.004069 0.063736
vt 0.003046 0.059416
vt 0.003112 0.053859
vt 0.002024 0.055096
vt 0.002085 0.049487
vt 0.004266 0.054265
vt 0.003239 0.049756
vt 0.002212 0.045248
vt 0.060837 0.016791
vt 0.053487 0.019013
vt 0.053143 0.013423
vt 0.060562 0.011201
vt 0.046295 0.021711
vt 0.045884 0.016313
vt 0.045474 0.010916
vt 0.052798 0.007832
vt 0.060287 0.005612
vt 0.076977 0.013821
vt 0.068450 0.015055
vt 0.068270 0.009880
vt 0.077028 0.009198
vt 0.068089 0.004705
vt 0.077079 0.004575
vt 0.094087 0.013336
vt 0.086479 0.013157
vt 0.087143 0.008880
vt 0.095953 0.009139
vt 0.088488 0.004575
vt 0.039294 0.024872
vt 0.038820 0.019591
vt 0.038346 0.014310
vt 0.050188 0.086927
vt 0.062492 0.086928
vt 0.063027 0.088458
vt 0.050969 0.088496
vt 0.073385 0.086928
vt 0.073776 0.088496
vt 0.030179 0.086923
vt 0.040060 0.086926
vt 0.040910 0.088457
vt 0.031095 0.088493
vt 0.091311 0.086928
vt 0.093802 0.085457
vt 0.094482 0.087024
vt 0.091585 0.088496
vt 0.095847 0.075159
vt 0.097369 0.076735
vt 0.086521 0.086928
vt 0.088867 0.086928
vt 0.089026 0.088458
vt 0.086709 0.088496
vt 0.081985 0.086928
vt 0.084228 0.086928
vt 0.084437 0.088458
vt 0.082247 0.088496
vt 0.079264 0.086928
vt 0.079547 0.088458
vt 0.018612 0.086865
vt 0.018898 0.088258
vt 0.284410 0.770023
vt 0.284823 0.762500
vt 0.288369 0.762692
vt 0.287959 0.770209
vt 0.285254 0.754981
vt 0.288800 0.755183
vt 0.292347 0.755384
vt 0.291915 0.762884
vt 0.291507 0.770396
vt 0.281398 0.719536
vt 0.280102 0.713675
vt 0.283350 0.712288
vt 0.284794 0.718429
vt 0.279997 0.708605
vt 0.282609 0.707283
vt 0.285419 0.705632
vt 0.286623 0.710860
vt 0.288191 0.717322
vt 0.286024 0.741857
vt 0.286167 0.738347
vt 0.289803 0.738148
vt 0.289612 0.741936
vt 0.286020 0.736192
vt 0.289655 0.735648
vt 0.293289 0.735105
vt 0.293439 0.737949
vt 0.293200 0.742016
vt 0.285685 0.747710
vt 0.289242 0.747902
vt 0.292798 0.748095
vt 0.281581 0.704815
vt 0.282798 0.704594
vt 0.283578 0.702755
vt 0.284661 0.702937
vt 0.284502 0.730677
vt 0.283029 0.725572
vt 0.286435 0.724563
vt 0.287932 0.729690
vt 0.289841 0.723554
vt 0.291363 0.728704
vt 0.285496 0.734001
vt 0.289031 0.733171
vt 0.292567 0.732341
vt 0.282628 0.799983
vt 0.283156 0.792529
vt 0.286692 0.792766
vt 0.286158 0.800272
vt 0.283603 0.785043
vt 0.287148 0.785249
vt 0.290693 0.785455
vt 0.290229 0.793003
vt 0.289688 0.800560
vt 0.281078 0.814997
vt 0.281966 0.807421
vt 0.285487 0.807839
vt 0.284535 0.815877
vt 0.289009 0.808257
vt 0.287992 0.816758
vt 0.280026 0.829257
vt 0.280092 0.822638
vt 0.283222 0.824587
vt 0.281774 0.833257
vt 0.286442 0.826014
vt 0.284304 0.832653
vt 0.284011 0.777539
vt 0.287560 0.777729
vt 0.291109 0.777919
vt 0.285688 0.896873
vt 0.285539 0.906946
vt 0.282130 0.909305
vt 0.282130 0.898500
vt 0.284520 0.910063
vt 0.282130 0.912230
vt 0.279739 0.913541
vt 0.278720 0.911568
vt 0.278572 0.900127
vt 0.782964 0.831077
vt 0.782998 0.843366
vt 0.779437 0.843379
vt 0.779405 0.831075
vt 0.783048 0.854246
vt 0.779487 0.854272
vt 0.775926 0.854297
vt 0.775876 0.843392
vt 0.775845 0.831073
vt 0.783047 0.811918
vt 0.782978 0.821067
vt 0.779420 0.820996
vt 0.779495 0.811468
vt 0.775863 0.820926
vt 0.775943 0.811018
vt 0.782127 0.872417
vt 0.779812 0.874749
vt 0.778555 0.873955
vt 0.779285 0.872154
vt 0.777447 0.875802
vt 0.776397 0.874639
vt 0.776190 0.872277
vt 0.783195 0.867406
vt 0.783103 0.869876
vt 0.779633 0.869828
vt 0.779638 0.867441
vt 0.776132 0.869829
vt 0.776082 0.867476
vt 0.783113 0.862822
vt 0.783148 0.865063
vt 0.779592 0.865119
vt 0.779555 0.862872
vt 0.776036 0.865174
vt 0.775997 0.862921
vt 0.783084 0.860113
vt 0.779524 0.860151
vt 0.775964 0.860189
vt 0.782108 0.793160
vt 0.783013 0.801909
vt 0.779624 0.800367
vt 0.779776 0.788746
vt 0.776226 0.799532
vt 0.777362 0.790554
vt 0.616257 0.518756
vt 0.616303 0.521089
vt 0.614363 0.525238
vt 0.614338 0.523145
vt 0.616339 0.523320
vt 0.614379 0.527238
vt 0.612489 0.531324
vt 0.612493 0.529565
vt 0.612491 0.527724
vt 0.648372 0.527351
vt 0.649089 0.534683
vt 0.647381 0.534917
vt 0.646988 0.528473
vt 0.649375 0.542058
vt 0.647866 0.541347
vt 0.646535 0.539288
vt 0.645843 0.535137
vt 0.645961 0.530870
vt 0.973448 0.359985
vt 0.973453 0.353927
vt 0.975879 0.356022
vt 0.975889 0.361456
vt 0.973467 0.347948
vt 0.975806 0.350780
vt 0.977510 0.354092
vt 0.978187 0.358241
vt 0.978280 0.362982
vt 0.290138 0.664425
vt 0.289340 0.657269
vt 0.291227 0.653863
vt 0.291673 0.660354
vt 0.288986 0.649784
vt 0.290679 0.647570
vt 0.292168 0.647228
vt 0.292944 0.650522
vt 0.292816 0.655573
vt 0.616475 0.554933
vt 0.616462 0.564903
vt 0.614459 0.564673
vt 0.614474 0.555704
vt 0.616396 0.574028
vt 0.614401 0.572870
vt 0.612474 0.571682
vt 0.612525 0.564436
vt 0.612541 0.556509
vt 0.288569 0.642490
vt 0.290411 0.640277
vt 0.290528 0.646806
vt 0.288597 0.634994
vt 0.290194 0.633878
vt 0.291532 0.634451
vt 0.292080 0.638101
vt 0.291750 0.642896
vt 0.616399 0.531861
vt 0.616444 0.542695
vt 0.614455 0.544687
vt 0.614422 0.534930
vt 0.612534 0.546765
vt 0.612515 0.538132
vt 0.699308 0.650095
vt 0.699308 0.618052
vt 0.702850 0.617460
vt 0.702751 0.645329
vt 0.699308 0.586008
vt 0.702751 0.589626
vt 0.705314 0.598834
vt 0.706194 0.616881
vt 0.705315 0.635233
vt 0.973466 0.376881
vt 0.973458 0.374634
vt 0.975878 0.374616
vt 0.975800 0.376573
vt 0.973451 0.371282
vt 0.975891 0.371620
vt 0.978281 0.371979
vt 0.978183 0.374580
vt 0.977501 0.375951
vt 0.973447 0.366112
vt 0.975888 0.366969
vt 0.978279 0.367862
vt 0.288868 0.620213
vt 0.285274 0.620097
vt 0.285710 0.612584
vt 0.289154 0.612839
vt 0.281414 0.619884
vt 0.282191 0.612308
vt 0.282474 0.604660
vt 0.286345 0.605092
vt 0.289871 0.605506
vt 0.969938 0.359712
vt 0.969914 0.353378
vt 0.966435 0.359542
vt 0.966444 0.352858
vt 0.966441 0.347488
vt 0.969595 0.348259
vt 0.291879 0.591030
vt 0.288115 0.591647
vt 0.288759 0.588118
vt 0.292076 0.589211
vt 0.284562 0.589504
vt 0.285432 0.586821
vt 0.286059 0.584073
vt 0.289290 0.585747
vt 0.292481 0.587496
vt 0.287230 0.597782
vt 0.290664 0.598192
vt 0.283762 0.597137
vt 0.968728 0.345695
vt 0.969964 0.345425
vt 0.966429 0.344548
vt 0.966468 0.343111
vt 0.969935 0.371408
vt 0.969934 0.366062
vt 0.966425 0.371549
vt 0.966428 0.366066
vt 0.969943 0.377768
vt 0.969938 0.375088
vt 0.966426 0.378621
vt 0.966425 0.375528
vt 0.285398 0.650200
vt 0.285112 0.642681
vt 0.281567 0.650342
vt 0.281596 0.642750
vt 0.281136 0.635114
vt 0.284985 0.635151
vt 0.286702 0.665722
vt 0.285905 0.657751
vt 0.282720 0.665547
vt 0.282386 0.657960
vt 0.292499 0.680746
vt 0.289461 0.684022
vt 0.287978 0.674657
vt 0.291209 0.672688
vt 0.286402 0.687028
vt 0.284683 0.676297
vt 0.285049 0.627622
vt 0.288513 0.627644
vt 0.281522 0.627528
vt 0.992019 0.813017
vt 0.994503 0.815887
vt 0.959732 0.815887
vt 0.959848 0.813017
vt 0.996784 0.818758
vt 0.959675 0.818758
vt 0.922566 0.818758
vt 0.924962 0.815887
vt 0.927677 0.813017
vt 0.939667 0.329670
vt 0.943160 0.329701
vt 0.943127 0.342005
vt 0.939634 0.341907
vt 0.946678 0.329691
vt 0.946647 0.341968
vt 0.946598 0.352836
vt 0.943078 0.352898
vt 0.939585 0.352740
vt 0.939585 0.310575
vt 0.943069 0.310094
vt 0.943144 0.319623
vt 0.939654 0.319700
vt 0.946581 0.309721
vt 0.946661 0.319580
vt 0.939321 0.370940
vt 0.943180 0.370780
vt 0.944008 0.372635
vt 0.942747 0.373593
vt 0.946354 0.370748
vt 0.946309 0.373287
vt 0.946208 0.375870
vt 0.939441 0.365844
vt 0.942927 0.366068
vt 0.942906 0.368455
vt 0.939387 0.368299
vt 0.946444 0.365971
vt 0.946396 0.368316
vt 0.939522 0.361280
vt 0.943010 0.361498
vt 0.942972 0.363745
vt 0.939487 0.363511
vt 0.946528 0.361430
vt 0.946490 0.363676
vt 0.943041 0.358777
vt 0.939550 0.358582
vt 0.946560 0.358708
vt 0.939319 0.288904
vt 0.942775 0.286313
vt 0.942938 0.298817
vt 0.939466 0.300202
vt 0.946260 0.284010
vt 0.946438 0.297625
vt 0.280137 0.657393
vt 0.279652 0.650220
vt 0.280745 0.664599
vt 0.278994 0.661971
vt 0.278068 0.656825
vt 0.278231 0.651977
vt 0.765518 0.585200
vt 0.744476 0.586138
vt 0.744491 0.582335
vt 0.774498 0.582311
vt 0.723442 0.585075
vt 0.714484 0.582132
vt 0.713194 0.578212
vt 0.744505 0.578304
vt 0.775817 0.578397
vt 0.744521 0.574217
vt 0.775832 0.574309
vt 0.713209 0.574126
vt 0.713224 0.570040
vt 0.744535 0.570130
vt 0.775847 0.570221
vt 0.744550 0.566043
vt 0.775862 0.566132
vt 0.713238 0.565955
vt 0.713253 0.561870
vt 0.744564 0.561956
vt 0.775876 0.562043
vt 0.744578 0.557869
vt 0.775890 0.557953
vt 0.713267 0.557785
vt 0.713281 0.553701
vt 0.744592 0.553782
vt 0.775903 0.553863
vt 0.744605 0.549695
vt 0.775916 0.549773
vt 0.713293 0.549617
vt 0.713306 0.545534
vt 0.744617 0.545608
vt 0.775929 0.545682
vt 0.744629 0.541521
vt 0.775941 0.541591
vt 0.713317 0.541450
vt 0.713328 0.537367
vt 0.744640 0.537434
vt 0.775952 0.537500
vt 0.744650 0.533347
vt 0.775963 0.533408
vt 0.713338 0.533285
vt 0.713347 0.529202
vt 0.744660 0.529260
vt 0.775973 0.529317
vt 0.744669 0.525172
vt 0.775983 0.525225
vt 0.713356 0.525120
vt 0.713364 0.521038
vt 0.744677 0.521085
vt 0.775991 0.521132
vt 0.744684 0.516998
vt 0.775998 0.517040
vt 0.713371 0.516957
vt 0.713378 0.512875
vt 0.744691 0.512911
vt 0.776003 0.512947
vt 0.744696 0.508824
vt 0.776009 0.508854
vt 0.713383 0.508794
vt 0.713388 0.504713
vt 0.744701 0.504737
vt 0.776014 0.504761
vt 0.744704 0.500650
vt 0.776017 0.500668
vt 0.713392 0.500631
vt 0.713395 0.496550
vt 0.744707 0.496563
vt 0.776019 0.496575
vt 0.744708 0.492475
vt 0.776021 0.492482
vt 0.713396 0.492469
vt 0.713396 0.488388
vt 0.744709 0.488388
vt 0.776021 0.488389
vt 0.744708 0.484301
vt 0.776020 0.484295
vt 0.713396 0.484307
vt 0.713395 0.480226
vt 0.744707 0.480214
vt 0.776018 0.480202
vt 0.744704 0.476127
vt 0.776016 0.476109
vt 0.713392 0.476145
vt 0.713388 0.472064
vt 0.744701 0.472040
vt 0.776013 0.472016
vt 0.744696 0.467953
vt 0.776010 0.467923
vt 0.713383 0.467983
vt 0.713377 0.463901
vt 0.744691 0.463866
vt 0.776005 0.463830
vt 0.744685 0.459779
vt 0.775998 0.459737
vt 0.713371 0.459820
vt 0.713365 0.455738
vt 0.744677 0.455692
vt 0.775990 0.455645
vt 0.744669 0.451604
vt 0.775983 0.451553
vt 0.713356 0.451656
vt 0.713347 0.447574
vt 0.744660 0.447517
vt 0.775974 0.447460
vt 0.744651 0.443430
vt 0.775964 0.443369
vt 0.713338 0.443492
vt 0.713328 0.439409
vt 0.744640 0.439343
vt 0.775953 0.439277
vt 0.744629 0.435256
vt 0.775941 0.435186
vt 0.713317 0.435326
vt 0.713306 0.431243
vt 0.744617 0.431169
vt 0.775929 0.431095
vt 0.744605 0.427082
vt 0.775917 0.427004
vt 0.713293 0.427160
vt 0.713280 0.423076
vt 0.744592 0.422995
vt 0.775904 0.422914
vt 0.744579 0.418908
vt 0.775891 0.418824
vt 0.713267 0.418992
vt 0.713253 0.414907
vt 0.744565 0.414821
vt 0.775877 0.414734
vt 0.744551 0.410734
vt 0.775863 0.410645
vt 0.713239 0.410822
vt 0.713224 0.406737
vt 0.744536 0.406646
vt 0.775848 0.406556
vt 0.861586 0.201659
vt 0.864940 0.201694
vt 0.864398 0.215935
vt 0.862140 0.215903
vt 0.868273 0.201978
vt 0.866645 0.216137
vt 0.865018 0.230297
vt 0.863857 0.230176
vt 0.862694 0.230147
vt 0.744521 0.402559
vt 0.775834 0.402468
vt 0.713209 0.402651
vt 0.713194 0.398565
vt 0.744506 0.398472
vt 0.775819 0.398380
vt 0.744491 0.394442
vt 0.774499 0.394466
vt 0.714484 0.394645
vt 0.723443 0.391702
vt 0.744477 0.390639
vt 0.765519 0.391576
vt 0.690718 0.204836
vt 0.690406 0.207487
vt 0.688132 0.206335
vt 0.689520 0.203158
vt 0.689331 0.210637
vt 0.686823 0.209754
vt 0.684314 0.208871
vt 0.685773 0.205372
vt 0.687577 0.203147
vt 0.688340 0.213981
vt 0.685781 0.213312
vt 0.687600 0.217432
vt 0.685006 0.216943
vt 0.682414 0.216454
vt 0.683223 0.212644
vt 0.687087 0.220963
vt 0.684443 0.220614
vt 0.686729 0.224555
vt 0.684056 0.224312
vt 0.681382 0.224069
vt 0.681799 0.220266
vt 0.686457 0.228189
vt 0.683809 0.228024
vt 0.686271 0.231854
vt 0.683645 0.231744
vt 0.681020 0.231635
vt 0.681162 0.227859
vt 0.686174 0.235542
vt 0.683515 0.235468
vt 0.686113 0.239246
vt 0.683425 0.239194
vt 0.680737 0.239141
vt 0.680856 0.235394
vt 0.686036 0.242964
vt 0.683385 0.242922
vt 0.685959 0.246687
vt 0.683356 0.246651
vt 0.680752 0.246615
vt 0.680735 0.242880
vt 0.685912 0.250409
vt 0.683299 0.250381
vt 0.685889 0.254130
vt 0.683230 0.254110
vt 0.680571 0.254091
vt 0.680687 0.250352
vt 0.685881 0.257848
vt 0.683174 0.257840
vt 0.685884 0.261565
vt 0.683155 0.261570
vt 0.680426 0.261574
vt 0.680467 0.257832
vt 0.685894 0.265283
vt 0.683187 0.265299
vt 0.685913 0.269003
vt 0.683254 0.269029
vt 0.680596 0.269055
vt 0.680480 0.265316
vt 0.685944 0.272728
vt 0.683333 0.272759
vt 0.685992 0.276459
vt 0.683390 0.276489
vt 0.680787 0.276520
vt 0.680721 0.272790
vt 0.686058 0.280195
vt 0.683407 0.280220
vt 0.686106 0.283934
vt 0.683418 0.283950
vt 0.680730 0.283966
vt 0.680756 0.280244
vt 0.686106 0.287673
vt 0.683451 0.287680
vt 0.686093 0.291411
vt 0.683472 0.291410
vt 0.680852 0.291409
vt 0.680796 0.287688
vt 0.686103 0.295150
vt 0.683448 0.295140
vt 0.686100 0.298889
vt 0.683412 0.298871
vt 0.680724 0.298852
vt 0.680793 0.295130
vt 0.686049 0.302629
vt 0.683398 0.302601
vt 0.685978 0.306365
vt 0.683376 0.306331
vt 0.680774 0.306298
vt 0.680747 0.302573
vt 0.685924 0.310097
vt 0.683313 0.310062
vt 0.685887 0.313823
vt 0.683228 0.313792
vt 0.680569 0.313760
vt 0.680702 0.310027
vt 0.685858 0.317546
vt 0.683151 0.317522
vt 0.685836 0.321266
vt 0.683107 0.321251
vt 0.680378 0.321237
vt 0.680444 0.317498
vt 0.685819 0.324986
vt 0.683112 0.324982
vt 0.685808 0.328708
vt 0.683149 0.328712
vt 0.680490 0.328716
vt 0.680404 0.324977
vt 0.685807 0.332433
vt 0.683195 0.332443
vt 0.685824 0.336162
vt 0.683221 0.336173
vt 0.680618 0.336185
vt 0.680583 0.332452
vt 0.685866 0.339890
vt 0.683212 0.339903
vt 0.685917 0.343608
vt 0.683212 0.343632
vt 0.680507 0.343656
vt 0.680559 0.339916
vt 0.685968 0.347303
vt 0.683268 0.347358
vt 0.686052 0.350976
vt 0.683393 0.351081
vt 0.680734 0.351186
vt 0.680568 0.347413
vt 0.686209 0.354629
vt 0.683592 0.354799
vt 0.686478 0.358253
vt 0.683882 0.358509
vt 0.681286 0.358765
vt 0.680975 0.354969
vt 0.686890 0.361838
vt 0.684288 0.362206
vt 0.687470 0.365362
vt 0.684862 0.365875
vt 0.682254 0.366389
vt 0.681685 0.362573
vt 0.688245 0.368800
vt 0.685665 0.369499
vt 0.689256 0.372127
vt 0.686747 0.373044
vt 0.684239 0.373962
vt 0.683084 0.370198
vt 0.690362 0.375261
vt 0.688103 0.376445
vt 0.690710 0.377907
vt 0.689536 0.379601
vt 0.687593 0.379640
vt 0.685756 0.377442
vt 0.861586 0.292551
vt 0.858482 0.291784
vt 0.859919 0.278183
vt 0.862148 0.278306
vt 0.856875 0.287530
vt 0.857817 0.277986
vt 0.859865 0.268553
vt 0.861483 0.264595
vt 0.862709 0.264061
vt 0.900635 0.222465
vt 0.902293 0.225273
vt 0.889687 0.232132
vt 0.888562 0.230206
vt 0.903744 0.228188
vt 0.890673 0.234132
vt 0.877602 0.240076
vt 0.877082 0.238991
vt 0.876488 0.237947
vt 0.903740 0.266021
vt 0.902288 0.268936
vt 0.889699 0.262087
vt 0.890684 0.260087
vt 0.900632 0.271746
vt 0.888574 0.264014
vt 0.876517 0.256281
vt 0.877111 0.255238
vt 0.877627 0.254152
vt 0.856872 0.206677
vt 0.858481 0.202426
vt 0.859912 0.216025
vt 0.857809 0.216220
vt 0.861467 0.229612
vt 0.859852 0.225653
vt 0.868275 0.292228
vt 0.864942 0.292514
vt 0.864406 0.278275
vt 0.866653 0.278074
vt 0.863871 0.264036
vt 0.865031 0.263919
vt 0.896744 0.217221
vt 0.898785 0.219775
vt 0.887301 0.228364
vt 0.885912 0.226616
vt 0.875818 0.236954
vt 0.875080 0.236011
vt 0.906004 0.259927
vt 0.904981 0.263013
vt 0.891523 0.258022
vt 0.892215 0.255904
vt 0.878065 0.253030
vt 0.878425 0.251880
vt 0.874806 0.290926
vt 0.871569 0.291697
vt 0.868876 0.277704
vt 0.871061 0.277169
vt 0.866181 0.263710
vt 0.867317 0.263412
vt 0.892115 0.212591
vt 0.894517 0.214823
vt 0.884400 0.224971
vt 0.882772 0.223438
vt 0.874282 0.235119
vt 0.873428 0.234285
vt 0.907383 0.253581
vt 0.906806 0.256777
vt 0.892755 0.253742
vt 0.893143 0.251549
vt 0.878705 0.250707
vt 0.878903 0.249517
vt 0.881041 0.288684
vt 0.877969 0.289919
vt 0.873199 0.276473
vt 0.875277 0.275621
vt 0.868429 0.263027
vt 0.869513 0.262559
vt 0.886844 0.208669
vt 0.889553 0.210536
vt 0.881036 0.222026
vt 0.879201 0.220742
vt 0.872519 0.233515
vt 0.871558 0.232815
vt 0.907850 0.247108
vt 0.907733 0.250352
vt 0.893376 0.249334
vt 0.893453 0.247108
vt 0.879018 0.248316
vt 0.879056 0.247108
vt 0.886851 0.285560
vt 0.884008 0.287229
vt 0.877285 0.274619
vt 0.879211 0.273474
vt 0.870561 0.262010
vt 0.871571 0.261388
vt 0.881034 0.205542
vt 0.883999 0.207002
vt 0.877275 0.219595
vt 0.875268 0.218592
vt 0.870551 0.232188
vt 0.869502 0.231642
vt 0.907373 0.240636
vt 0.907728 0.243864
vt 0.893374 0.244882
vt 0.893139 0.242668
vt 0.879020 0.245901
vt 0.878906 0.244699
vt 0.892115 0.281624
vt 0.889557 0.283686
vt 0.881047 0.272192
vt 0.882784 0.270781
vt 0.872538 0.260698
vt 0.873452 0.259938
vt 0.874802 0.203284
vt 0.877964 0.204299
vt 0.873191 0.217740
vt 0.871054 0.217043
vt 0.868418 0.231181
vt 0.867305 0.230803
vt 0.905989 0.234291
vt 0.906790 0.237441
vt 0.892750 0.240475
vt 0.892208 0.238314
vt 0.878710 0.243509
vt 0.878426 0.242337
vt 0.896743 0.276991
vt 0.894516 0.279390
vt 0.884412 0.269249
vt 0.885925 0.267604
vt 0.874309 0.259107
vt 0.875107 0.258217
vt 0.871566 0.202509
vt 0.868868 0.216508
vt 0.866169 0.230507
vt 0.904975 0.231200
vt 0.891514 0.236196
vt 0.878053 0.241192
vt 0.898783 0.274437
vt 0.887314 0.265856
vt 0.875846 0.257274
vt 0.192844 0.654563
vt 0.201367 0.650860
vt 0.204068 0.651300
vt 0.202725 0.657697
vt 0.204600 0.646498
vt 0.206468 0.647645
vt 0.206190 0.656447
vt 0.321489 0.726224
vt 0.319880 0.724055
vt 0.323203 0.715941
vt 0.325195 0.714988
vt 0.317979 0.721272
vt 0.323045 0.711952
vt 0.267839 0.764892
vt 0.267213 0.766907
vt 0.263013 0.769811
vt 0.261771 0.769428
vt 0.266366 0.768751
vt 0.261009 0.771729
vt 0.247795 0.775801
vt 0.026066 0.687156
vt 0.017292 0.667480
vt 0.026519 0.666788
vt 0.034622 0.676134
vt 0.027888 0.657948
vt 0.048068 0.667518
vt 0.379573 0.701528
vt 0.354474 0.705322
vt 0.400342 0.704750
vt 0.367449 0.713316
vt 0.417526 0.708600
vt 0.402775 0.713992
vt 0.450448 0.707851
vt 0.450448 0.715130
vt 0.268462 0.649334
vt 0.268543 0.671317
vt 0.240719 0.668326
vt 0.242317 0.643818
vt 0.268554 0.700246
vt 0.240450 0.700246
vt 0.212346 0.700246
vt 0.213215 0.665404
vt 0.219307 0.639167
vt 0.705381 0.396434
vt 0.707294 0.396459
vt 0.706194 0.400184
vt 0.703802 0.398879
vt 0.708616 0.398484
vt 0.708519 0.401716
vt 0.707679 0.405111
vt 0.705151 0.403674
vt 0.702624 0.402237
vt 0.704296 0.406449
vt 0.701722 0.405012
vt 0.706870 0.407886
vt 0.706147 0.410223
vt 0.703546 0.408754
vt 0.700944 0.407285
vt 0.702778 0.410969
vt 0.700157 0.409457
vt 0.705400 0.412482
vt 0.704599 0.414728
vt 0.701964 0.413166
vt 0.699329 0.411604
vt 0.701094 0.415340
vt 0.698452 0.413722
vt 0.703736 0.416958
vt 0.702799 0.419165
vt 0.700159 0.417486
vt 0.697518 0.415806
vt 0.699149 0.419596
vt 0.696519 0.417851
vt 0.701779 0.421341
vt 0.700667 0.423478
vt 0.698056 0.421664
vt 0.695444 0.419850
vt 0.696580 0.424102
vt 0.694029 0.422175
vt 0.699132 0.426030
vt 0.427292 0.992774
vt 0.415461 0.988072
vt 0.461925 0.987508
vt 0.460047 0.993841
vt 0.428446 0.983069
vt 0.463802 0.981176
vt 0.498156 0.982665
vt 0.508389 0.986945
vt 0.493806 0.991526
vt 0.822056 0.545879
vt 0.823685 0.539252
vt 0.823680 0.561145
vt 0.821458 0.561854
vt 0.825311 0.544317
vt 0.825903 0.560436
vt 0.825308 0.576933
vt 0.823676 0.583037
vt 0.822047 0.577450
vt 0.898917 0.179201
vt 0.900645 0.175824
vt 0.900447 0.181839
vt 0.898060 0.183280
vt 0.902267 0.175660
vt 0.902834 0.180398
vt 0.902125 0.185906
vt 0.900248 0.187855
vt 0.898477 0.186590
vt 0.747279 0.172599
vt 0.748696 0.171554
vt 0.748696 0.180778
vt 0.746762 0.178314
vt 0.750114 0.175435
vt 0.750630 0.183242
vt 0.750114 0.189733
vt 0.748696 0.190001
vt 0.747279 0.185344
vt 0.130192 0.941778
vt 0.131610 0.936805
vt 0.131610 0.957477
vt 0.129676 0.957467
vt 0.133027 0.942872
vt 0.133544 0.957487
vt 0.133027 0.972097
vt 0.131610 0.978150
vt 0.130192 0.973161
vt 0.871152 0.175166
vt 0.872570 0.171593
vt 0.872570 0.180996
vt 0.870636 0.182445
vt 0.873987 0.173042
vt 0.874503 0.179547
vt 0.873987 0.186825
vt 0.872570 0.190399
vt 0.871152 0.188950
vt 0.917827 0.571089
vt 0.919244 0.569311
vt 0.919244 0.575656
vt 0.917310 0.575241
vt 0.920661 0.570922
vt 0.921178 0.576071
vt 0.920661 0.580999
vt 0.919244 0.582002
vt 0.917827 0.579615
vt 0.267014 0.607861
vt 0.268431 0.606062
vt 0.268431 0.611442
vt 0.266497 0.611559
vt 0.269849 0.607136
vt 0.270365 0.611324
vt 0.269849 0.615575
vt 0.268431 0.616822
vt 0.267014 0.615195
vt 0.259530 0.441559
vt 0.260898 0.414939
vt 0.260821 0.503616
vt 0.258943 0.505996
vt 0.262224 0.435682
vt 0.262698 0.501237
vt 0.262169 0.568063
vt 0.260743 0.592293
vt 0.259359 0.569162
vt 0.624477 0.782126
vt 0.624465 0.787668
vt 0.622609 0.787664
vt 0.622629 0.782126
vt 0.624434 0.793193
vt 0.622566 0.793188
vt 0.620698 0.793183
vt 0.620754 0.787660
vt 0.620781 0.782126
vt 0.624398 0.798683
vt 0.622524 0.798684
vt 0.624381 0.804126
vt 0.622506 0.804141
vt 0.620630 0.804155
vt 0.620650 0.798684
vt 0.624536 0.749432
vt 0.624415 0.754742
vt 0.622538 0.754704
vt 0.622660 0.749354
vt 0.624381 0.760125
vt 0.622506 0.760111
vt 0.620630 0.760097
vt 0.620662 0.754665
vt 0.620783 0.749276
vt 0.629215 0.721278
vt 0.628466 0.724774
vt 0.626730 0.723959
vt 0.628403 0.719536
vt 0.627059 0.729243
vt 0.625205 0.728734
vt 0.623352 0.728225
vt 0.624892 0.723407
vt 0.626689 0.720113
vt 0.625235 0.739077
vt 0.624789 0.744206
vt 0.622915 0.744068
vt 0.623368 0.738855
vt 0.621041 0.743931
vt 0.621500 0.738633
vt 0.624434 0.771059
vt 0.624465 0.776584
vt 0.622609 0.776588
vt 0.622566 0.771064
vt 0.620754 0.776592
vt 0.620698 0.771069
vt 0.624415 0.809509
vt 0.622538 0.809548
vt 0.624536 0.814820
vt 0.622660 0.814898
vt 0.620783 0.814976
vt 0.620662 0.809586
vt 0.624398 0.765568
vt 0.622524 0.765568
vt 0.620650 0.765567
vt 0.624789 0.820046
vt 0.622915 0.820183
vt 0.625235 0.825174
vt 0.623368 0.825396
vt 0.621501 0.825619
vt 0.621041 0.820321
vt 0.625951 0.734071
vt 0.624095 0.733730
vt 0.622238 0.733389
vt 0.625951 0.830181
vt 0.624095 0.830522
vt 0.627059 0.835009
vt 0.625205 0.835518
vt 0.623352 0.836027
vt 0.622238 0.830863
vt 0.628466 0.839478
vt 0.626730 0.840293
vt 0.629215 0.842974
vt 0.628403 0.844716
vt 0.626689 0.844139
vt 0.624892 0.840845
vt 0.386526 0.819423
vt 0.344392 0.819435
vt 0.302258 0.819447
vt 0.386544 0.787747
vt 0.344410 0.787687
vt 0.302276 0.787627
vt 0.859659 0.945021
vt 0.859659 0.957053
vt 0.852859 0.955599
vt 0.852859 0.942114
vt 0.859659 0.969085
vt 0.852859 0.969085
vt 0.846059 0.969085
vt 0.846059 0.954146
vt 0.846059 0.939206
vt 0.806038 0.347972
vt 0.806038 0.364954
vt 0.799238 0.364755
vt 0.799238 0.347573
vt 0.806038 0.381937
vt 0.799238 0.381937
vt 0.792438 0.381937
vt 0.792438 0.364556
vt 0.792438 0.347175
vt 0.110001 0.969104
vt 0.110001 0.954071
vt 0.116801 0.952524
vt 0.116801 0.966009
vt 0.110001 0.939039
vt 0.116801 0.939039
vt 0.123600 0.939039
vt 0.123600 0.950977
vt 0.123600 0.962915
vt 0.826453 0.381937
vt 0.826453 0.364556
vt 0.833252 0.364026
vt 0.833253 0.380878
vt 0.826453 0.347175
vt 0.833253 0.347175
vt 0.840052 0.347175
vt 0.840052 0.363497
vt 0.840052 0.379818
vt 0.809445 0.381937
vt 0.809446 0.364556
vt 0.816245 0.364556
vt 0.816245 0.381937
vt 0.809445 0.347175
vt 0.816245 0.347175
vt 0.823045 0.347175
vt 0.823045 0.364556
vt 0.823045 0.381937
vt 0.623382 0.574880
vt 0.623458 0.565021
vt 0.625837 0.564449
vt 0.625769 0.573564
vt 0.623476 0.554912
vt 0.625853 0.555115
vt 0.628179 0.555326
vt 0.628165 0.563848
vt 0.628105 0.572170
vt 0.279261 0.642164
vt 0.279128 0.634973
vt 0.279523 0.649391
vt 0.277809 0.646750
vt 0.277107 0.641584
vt 0.277538 0.636723
vt 0.623446 0.542635
vt 0.625830 0.543780
vt 0.623399 0.531767
vt 0.625795 0.533746
vt 0.628141 0.535811
vt 0.628163 0.544975
vt 0.964158 0.375206
vt 0.964145 0.371534
vt 0.964234 0.378012
vt 0.962645 0.376873
vt 0.962009 0.374797
vt 0.961921 0.371511
vt 0.692217 0.581263
vt 0.692217 0.618225
vt 0.689307 0.617506
vt 0.689388 0.584471
vt 0.692217 0.655186
vt 0.689388 0.650583
vt 0.687301 0.638968
vt 0.686585 0.616794
vt 0.687301 0.594995
vt 0.964149 0.366465
vt 0.964157 0.360434
vt 0.961926 0.366883
vt 0.961934 0.361374
vt 0.657186 0.556925
vt 0.656761 0.549376
vt 0.660046 0.548846
vt 0.660080 0.555661
vt 0.656909 0.541774
vt 0.659828 0.542063
vt 0.662239 0.543926
vt 0.663136 0.548328
vt 0.662407 0.553002
vt 0.949050 0.299893
vt 0.949197 0.311038
vt 0.948804 0.287562
vt 0.950707 0.293393
vt 0.951555 0.302546
vt 0.951772 0.312432
vt 0.964199 0.346531
vt 0.964280 0.345121
vt 0.964178 0.349270
vt 0.961954 0.351175
vt 0.962052 0.348630
vt 0.962691 0.347032
vt 0.651895 0.608720
vt 0.653610 0.598017
vt 0.656890 0.594664
vt 0.655257 0.604376
vt 0.655613 0.587197
vt 0.658338 0.585154
vt 0.660195 0.585780
vt 0.659984 0.591291
vt 0.658144 0.598577
vt 0.949195 0.356276
vt 0.949177 0.358787
vt 0.949217 0.350856
vt 0.951795 0.348789
vt 0.951788 0.353736
vt 0.951787 0.356027
vt 0.281398 0.596559
vt 0.282448 0.589423
vt 0.280478 0.603728
vt 0.279104 0.601125
vt 0.279213 0.596019
vt 0.280471 0.591197
vt 0.655901 0.579727
vt 0.659120 0.577415
vt 0.658515 0.584265
vt 0.656758 0.572073
vt 0.659545 0.570701
vt 0.661695 0.571205
vt 0.662145 0.575128
vt 0.661004 0.580254
vt 0.949148 0.360857
vt 0.949110 0.362973
vt 0.951767 0.357914
vt 0.951738 0.359843
vt 0.656687 0.564557
vt 0.659936 0.563134
vt 0.659658 0.569976
vt 0.660031 0.556377
vt 0.662309 0.557559
vt 0.662990 0.561728
vt 0.662063 0.566637
vt 0.283100 0.586147
vt 0.283759 0.583560
vt 0.282569 0.588769
vt 0.281095 0.587506
vt 0.280940 0.585540
vt 0.281920 0.583893
vt 0.147960 0.918900
vt 0.166732 0.916165
vt 0.166731 0.926590
vt 0.139952 0.926900
vt 0.185503 0.918902
vt 0.193510 0.926902
vt 0.194678 0.937788
vt 0.166730 0.937787
vt 0.138782 0.937786
vt 0.166730 0.949365
vt 0.138780 0.949365
vt 0.194680 0.949365
vt 0.194678 0.960942
vt 0.166730 0.960942
vt 0.138782 0.960943
vt 0.166731 0.972139
vt 0.139952 0.971830
vt 0.193509 0.971828
vt 0.185503 0.979828
vt 0.166732 0.982564
vt 0.147960 0.979829
vt 0.458531 0.878382
vt 0.477304 0.875596
vt 0.477304 0.886261
vt 0.450522 0.886580
vt 0.496076 0.878379
vt 0.504087 0.886575
vt 0.505260 0.898036
vt 0.477305 0.898038
vt 0.449351 0.898040
vt 0.223997 0.783583
vt 0.242931 0.784499
vt 0.242160 0.791235
vt 0.215404 0.787610
vt 0.261452 0.788944
vt 0.268869 0.795261
vt 0.269351 0.802539
vt 0.241427 0.798547
vt 0.213504 0.794555
vt 0.240846 0.806253
vt 0.212904 0.802270
vt 0.268789 0.810236
vt 0.268409 0.818104
vt 0.240485 0.814147
vt 0.212561 0.810189
vt 0.240389 0.822099
vt 0.212548 0.818184
vt 0.268231 0.826014
vt 0.268259 0.833976
vt 0.240583 0.830105
vt 0.212908 0.826234
vt 0.241071 0.838176
vt 0.213654 0.834339
vt 0.268489 0.842013
vt 0.268904 0.850071
vt 0.241801 0.846279
vt 0.214699 0.842487
vt 0.242684 0.854222
vt 0.215910 0.850503
vt 0.269459 0.857940
vt 0.270022 0.864884
vt 0.243541 0.861240
vt 0.217060 0.857596
vt 0.627501 0.704306
vt 0.618367 0.692213
vt 0.619911 0.690581
vt 0.631911 0.707596
vt 0.609875 0.679444
vt 0.607969 0.673509
vt 0.610571 0.670509
vt 0.622574 0.687791
vt 0.634578 0.705075
vt 0.626937 0.683258
vt 0.638257 0.699641
vt 0.615626 0.666866
vt 0.621778 0.662419
vt 0.632353 0.677734
vt 0.642938 0.693041
vt 0.638032 0.672132
vt 0.647967 0.686416
vt 0.628105 0.657840
vt 0.634420 0.653261
vt 0.643817 0.666664
vt 0.653221 0.680062
vt 0.649706 0.661371
vt 0.658679 0.674063
vt 0.640738 0.648674
vt 0.647148 0.644059
vt 0.655665 0.656281
vt 0.664186 0.668499
vt 0.661660 0.651399
vt 0.669598 0.663395
vt 0.653722 0.639399
vt 0.660118 0.634225
vt 0.667669 0.646634
vt 0.674941 0.658548
vt 0.660269 0.633997
vt 0.666632 0.634303
vt 0.668994 0.636398
vt 0.666994 0.637293
vt 0.672995 0.634609
vt 0.673195 0.637534
vt 0.673410 0.640625
vt 0.675884 0.610920
vt 0.675384 0.614952
vt 0.673290 0.617937
vt 0.672429 0.617596
vt 0.674834 0.618949
vt 0.672455 0.621052
vt 0.668767 0.624381
vt 0.635358 0.982577
vt 0.621214 0.982147
vt 0.649503 0.982147
vt 0.645275 0.993209
vt 0.635358 0.997004
vt 0.625442 0.993209
vt 0.554271 0.967371
vt 0.558842 0.980900
vt 0.541727 0.975022
vt 0.541727 0.955785
vt 0.554271 0.991290
vt 0.541727 0.994259
vt 0.529182 0.986954
vt 0.524612 0.969144
vt 0.529182 0.954473
vt 0.941128 0.393800
vt 0.959897 0.391119
vt 0.959896 0.401347
vt 0.933119 0.401651
vt 0.978665 0.393801
vt 0.986672 0.401653
vt 0.987842 0.412391
vt 0.959895 0.412390
vt 0.931948 0.412390
vt 0.959895 0.423894
vt 0.931945 0.423894
vt 0.987845 0.423894
vt 0.987842 0.435397
vt 0.959895 0.435398
vt 0.931948 0.435399
vt 0.959896 0.446441
vt 0.933119 0.446138
vt 0.986672 0.446136
vt 0.978665 0.453987
vt 0.959897 0.456670
vt 0.941128 0.453989
vt 0.883651 0.921680
vt 0.902421 0.918974
vt 0.902420 0.929293
vt 0.875643 0.929600
vt 0.921191 0.921682
vt 0.929197 0.929602
vt 0.930367 0.940408
vt 0.902419 0.940407
vt 0.874472 0.940407
vt 0.902419 0.951945
vt 0.874469 0.951945
vt 0.930369 0.951945
vt 0.930367 0.963482
vt 0.902419 0.963483
vt 0.874472 0.963484
vt 0.902420 0.974597
vt 0.875643 0.974291
vt 0.929197 0.974289
vt 0.921191 0.982208
vt 0.902421 0.984916
vt 0.883651 0.982210
vt 0.069256 0.909962
vt 0.097218 0.909967
vt 0.097219 0.922686
vt 0.070427 0.922327
vt 0.125180 0.909971
vt 0.124012 0.922337
vt 0.116001 0.931449
vt 0.097221 0.934564
vt 0.078439 0.931441
vt 0.593282 0.908909
vt 0.605230 0.909125
vt 0.605231 0.921779
vt 0.593778 0.921163
vt 0.617178 0.909341
vt 0.616684 0.921691
vt 0.613265 0.930704
vt 0.605233 0.933597
vt 0.597201 0.930283
vt 0.174057 0.878133
vt 0.142729 0.875738
vt 0.204951 0.880640
vt 0.198251 0.893849
vt 0.172219 0.889539
vt 0.141876 0.885960
vt 0.170276 0.897718
vt 0.156627 0.899075
vt 0.183382 0.903375
vt 0.165736 0.908334
vt 0.993666 0.062266
vt 0.986162 0.065911
vt 0.985106 0.056374
vt 0.996227 0.054843
vt 0.978076 0.064557
vt 0.973918 0.057337
vt 0.972599 0.046730
vt 0.984280 0.046048
vt 0.995962 0.045366
vt 0.983983 0.035250
vt 0.995682 0.035250
vt 0.972285 0.035250
vt 0.972599 0.023769
vt 0.984281 0.024451
vt 0.995962 0.025133
vt 0.985106 0.014126
vt 0.996227 0.015656
vt 0.973918 0.013163
vt 0.978076 0.005942
vt 0.986162 0.004589
vt 0.993666 0.008233
vt 0.292012 0.979342
vt 0.284444 0.983020
vt 0.283377 0.973399
vt 0.294593 0.971855
vt 0.276289 0.981653
vt 0.272093 0.974370
vt 0.270760 0.963697
vt 0.282543 0.963009
vt 0.294325 0.962321
vt 0.282242 0.952183
vt 0.294042 0.952183
vt 0.270442 0.952183
vt 0.270760 0.940669
vt 0.282543 0.941356
vt 0.294325 0.942044
vt 0.283377 0.930967
vt 0.294593 0.932511
vt 0.272093 0.929996
vt 0.276289 0.922713
vt 0.284444 0.921345
vt 0.292012 0.925023
vt 0.964532 0.063015
vt 0.956891 0.066731
vt 0.955810 0.057011
vt 0.967139 0.055452
vt 0.948654 0.065348
vt 0.944415 0.057992
vt 0.943065 0.047241
vt 0.954966 0.046546
vt 0.966867 0.045852
vt 0.954662 0.035688
vt 0.966581 0.035688
vt 0.942744 0.035687
vt 0.943066 0.024134
vt 0.954967 0.024830
vt 0.966867 0.025526
vt 0.955811 0.014367
vt 0.967139 0.015929
vt 0.944415 0.013383
vt 0.948655 0.006028
vt 0.956892 0.004649
vt 0.964532 0.008368
vt 0.884818 0.364529
vt 0.872989 0.366879
vt 0.871676 0.359934
vt 0.883728 0.358210
vt 0.861161 0.369230
vt 0.859623 0.361658
vt 0.858341 0.353844
vt 0.870665 0.352805
vt 0.882989 0.351765
vt 0.869960 0.345599
vt 0.882617 0.345275
vt 0.857304 0.345923
vt 0.856468 0.337911
vt 0.869540 0.338341
vt 0.882612 0.338771
vt 0.869385 0.331039
vt 0.882973 0.332276
vt 0.855797 0.329802
vt 0.855313 0.321610
vt 0.869503 0.323711
vt 0.883693 0.325811
vt 0.869892 0.316522
vt 0.884724 0.319528
vt 0.855060 0.313515
vt 0.855087 0.306343
vt 0.870466 0.310229
vt 0.885846 0.314115
vt 0.346653 0.945268
vt 0.335173 0.947799
vt 0.334124 0.944917
vt 0.351243 0.942407
vt 0.323157 0.948905
vt 0.316944 0.947265
vt 0.314169 0.943018
vt 0.332831 0.940838
vt 0.351493 0.938658
vt 0.331248 0.934987
vt 0.350988 0.933361
vt 0.311507 0.936612
vt 0.308739 0.929013
vt 0.329659 0.928070
vt 0.350580 0.927127
vt 0.328371 0.920931
vt 0.350388 0.920725
vt 0.306355 0.921138
vt 0.304515 0.913226
vt 0.327468 0.913771
vt 0.350421 0.914317
vt 0.326974 0.906587
vt 0.350664 0.907912
vt 0.303285 0.905263
vt 0.302688 0.896900
vt 0.326897 0.899207
vt 0.351106 0.901515
vt 0.327196 0.891600
vt 0.350664 0.895180
vt 0.303698 0.888462
vt 0.310990 0.883212
vt 0.327674 0.884230
vt 0.344088 0.889143
vt 0.883492 0.375830
vt 0.876158 0.379544
vt 0.874549 0.373470
vt 0.885671 0.370553
vt 0.867966 0.380076
vt 0.863330 0.376026
vt 0.937938 0.158120
vt 0.930030 0.161398
vt 0.929652 0.151202
vt 0.941077 0.150291
vt 0.921909 0.159364
vt 0.918203 0.151511
vt 0.917474 0.140106
vt 0.929415 0.139810
vt 0.941355 0.139514
vt 0.209677 0.174560
vt 0.177217 0.174558
vt 0.177219 0.161481
vt 0.209678 0.161483
vt 0.177220 0.148403
vt 0.209680 0.148405
vt 0.978362 0.112718
vt 0.962094 0.111740
vt 0.962919 0.101710
vt 0.978413 0.103774
vt 0.945827 0.110762
vt 0.947358 0.100196
vt 0.952836 0.093233
vt 0.963973 0.092451
vt 0.974530 0.096521
vt 0.978362 0.131761
vt 0.962094 0.132739
vt 0.961798 0.122240
vt 0.978092 0.122240
vt 0.945827 0.133718
vt 0.945504 0.122240
vt 0.974530 0.147959
vt 0.963973 0.152029
vt 0.962918 0.142770
vt 0.978413 0.140706
vt 0.952836 0.151247
vt 0.947358 0.144283
vt 0.975189 0.926358
vt 0.958820 0.925374
vt 0.959653 0.915279
vt 0.975243 0.917357
vt 0.942452 0.924389
vt 0.943997 0.913757
vt 0.949513 0.906731
vt 0.960720 0.905936
vt 0.971339 0.910039
vt 0.975189 0.945444
vt 0.958820 0.946428
vt 0.958520 0.935901
vt 0.974916 0.935901
vt 0.942452 0.947412
vt 0.942125 0.935901
vt 0.971339 0.961762
vt 0.960720 0.965866
vt 0.959653 0.956523
vt 0.975243 0.954445
vt 0.949513 0.965070
vt 0.943997 0.958045
vt 0.965822 0.759906
vt 0.949335 0.758916
vt 0.950178 0.748746
vt 0.965879 0.750839
vt 0.932848 0.757925
vt 0.934410 0.747215
vt 0.939970 0.740116
vt 0.951257 0.739305
vt 0.961951 0.743446
vt 0.965822 0.779040
vt 0.949335 0.780033
vt 0.949031 0.769475
vt 0.965546 0.769474
vt 0.932848 0.781027
vt 0.932517 0.769476
vt 0.961951 0.795492
vt 0.951258 0.799638
vt 0.950179 0.790200
vt 0.965879 0.788102
vt 0.939971 0.798833
vt 0.934411 0.791736
vt 0.911543 0.160139
vt 0.911237 0.164263
vt 0.909238 0.163345
vt 0.908068 0.160073
vt 0.910264 0.165976
vt 0.908054 0.164505
vt 0.904798 0.160512
vt 0.209327 0.310904
vt 0.178070 0.310900
vt 0.177454 0.301860
vt 0.208894 0.301864
vt 0.176713 0.292619
vt 0.208197 0.292623
vt 0.177195 0.135040
vt 0.209704 0.135015
vt 0.176780 0.120139
vt 0.211651 0.116435
vt 0.206528 0.328221
vt 0.176946 0.328216
vt 0.177817 0.319698
vt 0.208415 0.319702
vt 0.201800 0.344274
vt 0.174700 0.344270
vt 0.175878 0.336419
vt 0.204280 0.336423
vt 0.197082 0.358790
vt 0.172650 0.358786
vt 0.173494 0.351737
vt 0.199211 0.351740
vt 0.944937 0.250664
vt 0.928398 0.250643
vt 0.928209 0.237719
vt 0.944750 0.237865
vt 0.911860 0.250622
vt 0.911669 0.237573
vt 0.911647 0.224865
vt 0.928184 0.225295
vt 0.944721 0.225726
vt 0.928428 0.214066
vt 0.944252 0.215241
vt 0.912579 0.213481
vt 0.917610 0.205776
vt 0.928813 0.204070
vt 0.939800 0.207566
vt 0.066724 0.844562
vt 0.060689 0.844619
vt 0.061013 0.774027
vt 0.066921 0.774062
vt 0.054974 0.844851
vt 0.055276 0.773981
vt 0.055577 0.703111
vt 0.061337 0.703434
vt 0.067118 0.703562
vt 0.049462 0.845251
vt 0.049660 0.773922
vt 0.044190 0.845813
vt 0.044192 0.773847
vt 0.044195 0.701882
vt 0.049857 0.702593
vt 0.039228 0.846525
vt 0.038916 0.773754
vt 0.034633 0.847372
vt 0.033865 0.773638
vt 0.033097 0.699903
vt 0.038604 0.700982
vt 0.030454 0.848338
vt 0.029066 0.773497
vt 0.026712 0.849401
vt 0.024531 0.773328
vt 0.022349 0.697256
vt 0.027679 0.698655
vt 0.023410 0.850537
vt 0.020257 0.773133
vt 0.020500 0.851724
vt 0.016214 0.772911
vt 0.011928 0.694098
vt 0.017104 0.695728
vt 0.017716 0.849481
vt 0.012405 0.772671
vt 0.014001 0.826937
vt 0.008900 0.772434
vt 0.005634 0.718057
vt 0.007302 0.695876
vt 0.124669 0.827401
vt 0.121679 0.850047
vt 0.124448 0.773024
vt 0.127965 0.772710
vt 0.118889 0.852320
vt 0.120597 0.773326
vt 0.122304 0.694333
vt 0.127008 0.696020
vt 0.129421 0.718188
vt 0.115763 0.851122
vt 0.116458 0.773578
vt 0.112132 0.849947
vt 0.112025 0.773773
vt 0.111919 0.697600
vt 0.117152 0.696035
vt 0.107941 0.848827
vt 0.107266 0.773915
vt 0.103198 0.847792
vt 0.102184 0.774011
vt 0.101170 0.700230
vt 0.106592 0.699003
vt 0.097936 0.846871
vt 0.096795 0.774071
vt 0.092217 0.846085
vt 0.091137 0.774102
vt 0.090057 0.702119
vt 0.095655 0.701270
vt 0.086113 0.845451
vt 0.085250 0.774112
vt 0.079714 0.844982
vt 0.079188 0.774106
vt 0.078662 0.703230
vt 0.084387 0.702772
vt 0.073151 0.844684
vt 0.073025 0.774089
vt 0.072899 0.703494
vt 0.209674 0.200715
vt 0.177215 0.200712
vt 0.177216 0.187635
vt 0.209676 0.187638
vt 0.148668 0.901242
vt 0.141047 0.895819
vt 0.151670 0.908298
vt 0.143269 0.903847
vt 0.413328 0.774774
vt 0.414768 0.754767
vt 0.412334 0.795691
vt 0.394971 0.796344
vt 0.397334 0.776221
vt 0.403151 0.761207
vt 0.077418 0.528289
vt 0.077013 0.511135
vt 0.059529 0.528289
vt 0.058719 0.511135
vt 0.057942 0.494415
vt 0.076624 0.494415
vt 0.667509 0.751105
vt 0.675058 0.735707
vt 0.680378 0.743192
vt 0.678696 0.756672
vt 0.682625 0.730090
vt 0.687518 0.740215
vt 0.690385 0.759542
vt 0.080365 0.624967
vt 0.079559 0.612097
vt 0.069100 0.621207
vt 0.064229 0.611641
vt 0.062929 0.597655
vt 0.079117 0.597655
vt 0.075604 0.431521
vt 0.075580 0.416271
vt 0.055902 0.431521
vt 0.056420 0.416804
vt 0.061922 0.405847
vt 0.076122 0.401448
vt 0.792194 0.342296
vt 0.791502 0.308175
vt 0.777900 0.332176
vt 0.772169 0.306948
vt 0.771389 0.272952
vt 0.791390 0.272952
vt 0.208897 0.273462
vt 0.176841 0.273458
vt 0.177051 0.263236
vt 0.209337 0.263240
vt 0.177162 0.252117
vt 0.209570 0.252121
vt 0.209671 0.226870
vt 0.177212 0.226866
vt 0.177213 0.213789
vt 0.209673 0.213793
vt 0.194098 0.371520
vt 0.171958 0.371517
vt 0.172389 0.365389
vt 0.195742 0.365393
vt 0.679064 0.581518
vt 0.677574 0.579557
vt 0.674799 0.606644
vt 0.673463 0.603107
vt 0.676086 0.577534
vt 0.598636 0.565689
vt 0.524542 0.565622
vt 0.525208 0.552521
vt 0.598602 0.552676
vt 0.532264 0.540335
vt 0.598404 0.540399
vt 0.539045 0.526578
vt 0.551788 0.532375
vt 0.596897 0.519267
vt 0.597885 0.529378
vt 0.551030 0.518420
vt 0.595319 0.509581
vt 0.536928 0.514931
vt 0.593127 0.500148
vt 0.547562 0.505445
vt 0.590325 0.490899
vt 0.533167 0.503838
vt 0.586923 0.481851
vt 0.542433 0.493049
vt 0.582936 0.473045
vt 0.527990 0.493333
vt 0.578382 0.464518
vt 0.535728 0.481429
vt 0.573280 0.456307
vt 0.521486 0.483592
vt 0.567651 0.448448
vt 0.527564 0.470782
vt 0.561520 0.440973
vt 0.513766 0.474784
vt 0.554913 0.433915
vt 0.518079 0.461293
vt 0.547859 0.427305
vt 0.504961 0.467059
vt 0.540387 0.421170
vt 0.507436 0.453122
vt 0.532530 0.415537
vt 0.495223 0.460549
vt 0.524321 0.410430
vt 0.495817 0.446411
vt 0.515795 0.405871
vt 0.484718 0.455366
vt 0.506989 0.401879
vt 0.483421 0.441274
vt 0.497941 0.398472
vt 0.473626 0.451599
vt 0.488689 0.395664
vt 0.470461 0.437800
vt 0.479273 0.393468
vt 0.462137 0.449313
vt 0.469734 0.391892
vt 0.457157 0.436048
vt 0.460111 0.390944
vt 0.791593 0.237531
vt 0.772341 0.238774
vt 0.778152 0.213242
vt 0.792366 0.202984
vt 0.396842 0.866004
vt 0.391882 0.854392
vt 0.410500 0.854932
vt 0.410719 0.870571
vt 0.392124 0.837443
vt 0.410911 0.837315
vt 0.411562 0.817090
vt 0.393426 0.817482
vt 0.143327 0.590186
vt 0.168982 0.590250
vt 0.168002 0.605205
vt 0.142325 0.604752
vt 0.194637 0.590313
vt 0.193732 0.604815
vt 0.185892 0.615615
vt 0.167111 0.619318
vt 0.148796 0.615595
vt 0.788732 0.520726
vt 0.780707 0.495497
vt 0.807614 0.496482
vt 0.807686 0.529376
vt 0.779656 0.461521
vt 0.807259 0.461528
vt 0.834862 0.461535
vt 0.834519 0.495505
vt 0.826627 0.520729
vt 0.780887 0.427400
vt 0.806451 0.426416
vt 0.788280 0.401929
vt 0.805425 0.393191
vt 0.823134 0.401941
vt 0.832079 0.427416
vt 0.686279 0.826072
vt 0.670790 0.823731
vt 0.673487 0.809826
vt 0.692925 0.817151
vt 0.656769 0.814202
vt 0.654217 0.801684
vt 0.658138 0.786708
vt 0.675794 0.793645
vt 0.693450 0.800582
vt 0.511928 0.307946
vt 0.513214 0.301315
vt 0.513209 0.326588
vt 0.511459 0.326596
vt 0.514498 0.308181
vt 0.514960 0.326580
vt 0.514487 0.344983
vt 0.513205 0.351862
vt 0.511924 0.345241
vt 0.486437 0.212813
vt 0.484475 0.219433
vt 0.484467 0.194160
vt 0.487151 0.194168
vt 0.482509 0.212555
vt 0.481784 0.194152
vt 0.482492 0.175753
vt 0.484460 0.168886
vt 0.486431 0.175518
vt 0.346936 0.233339
vt 0.343285 0.233267
vt 0.340287 0.223402
vt 0.343995 0.223929
vt 0.339634 0.233196
vt 0.336818 0.223423
vt 0.334934 0.216316
vt 0.336449 0.214203
vt 0.340078 0.216919
vt 0.346936 0.253558
vt 0.343284 0.253630
vt 0.344364 0.243449
vt 0.347977 0.243449
vt 0.339633 0.253702
vt 0.340750 0.243449
vt 0.340078 0.269978
vt 0.336449 0.272694
vt 0.340286 0.263495
vt 0.343995 0.262968
vt 0.334934 0.270581
vt 0.336817 0.263475
vt 0.782985 0.174440
vt 0.784204 0.171012
vt 0.784279 0.182013
vt 0.782550 0.182563
vt 0.785463 0.173458
vt 0.786008 0.181462
vt 0.785630 0.189760
vt 0.784354 0.193014
vt 0.783038 0.190392
vt 0.791005 0.190392
vt 0.789690 0.193014
vt 0.789765 0.182013
vt 0.791494 0.182563
vt 0.788414 0.189760
vt 0.788035 0.181462
vt 0.788581 0.173458
vt 0.789840 0.171012
vt 0.791059 0.174440
vt 0.428998 0.352551
vt 0.427063 0.355126
vt 0.428902 0.346469
vt 0.430956 0.345957
vt 0.426142 0.353156
vt 0.426964 0.346466
vt 0.428304 0.337254
vt 0.430339 0.337182
vt 0.432374 0.337109
vt 0.430856 0.327591
vt 0.432872 0.327591
vt 0.428841 0.327591
vt 0.428304 0.317928
vt 0.430339 0.318000
vt 0.432374 0.318073
vt 0.428902 0.308712
vt 0.430956 0.309225
vt 0.426964 0.308716
vt 0.426142 0.302026
vt 0.427063 0.300056
vt 0.428998 0.302631
vt 0.338708 0.174070
vt 0.336150 0.177812
vt 0.336248 0.162649
vt 0.339751 0.163156
vt 0.333645 0.173454
vt 0.332744 0.162141
vt 0.333714 0.151099
vt 0.336345 0.147486
vt 0.338923 0.151971
vt 0.375068 0.151971
vt 0.377646 0.147486
vt 0.377743 0.162649
vt 0.374240 0.163156
vt 0.380277 0.151099
vt 0.381247 0.162141
vt 0.380346 0.173454
vt 0.377840 0.177812
vt 0.375283 0.174070
vt 0.545845 0.159664
vt 0.543453 0.166284
vt 0.543442 0.141009
vt 0.546716 0.141017
vt 0.541054 0.159405
vt 0.540168 0.141001
vt 0.541030 0.122602
vt 0.543431 0.115735
vt 0.545837 0.122366
vt 0.496516 0.106044
vt 0.498240 0.099413
vt 0.498233 0.124687
vt 0.495886 0.124695
vt 0.499961 0.106280
vt 0.500579 0.124679
vt 0.499943 0.143083
vt 0.498225 0.149962
vt 0.496510 0.143342
vt 0.557467 0.268739
vt 0.554860 0.268678
vt 0.552505 0.258783
vt 0.555159 0.259276
vt 0.552253 0.268618
vt 0.550040 0.258841
vt 0.548490 0.251711
vt 0.549492 0.249545
vt 0.552154 0.252230
vt 0.557467 0.289002
vt 0.554860 0.289063
vt 0.555708 0.278871
vt 0.558289 0.278871
vt 0.552254 0.289123
vt 0.553127 0.278871
vt 0.552154 0.305511
vt 0.549492 0.308196
vt 0.552506 0.298958
vt 0.555159 0.298465
vt 0.548490 0.306031
vt 0.550041 0.298900
vt 0.809540 0.174312
vt 0.810645 0.170920
vt 0.810725 0.181966
vt 0.809147 0.182474
vt 0.811793 0.173427
vt 0.812303 0.181458
vt 0.811972 0.189761
vt 0.810806 0.193012
vt 0.809598 0.190364
vt 0.801459 0.190364
vt 0.800251 0.193012
vt 0.800332 0.181966
vt 0.801910 0.182474
vt 0.799085 0.189761
vt 0.798753 0.181458
vt 0.799264 0.173427
vt 0.800412 0.170920
vt 0.801517 0.174312
vt 0.407512 0.352673
vt 0.405697 0.355218
vt 0.407494 0.346519
vt 0.409399 0.346041
vt 0.404872 0.353195
vt 0.405701 0.346479
vt 0.407009 0.337261
vt 0.408898 0.337200
vt 0.410786 0.337138
vt 0.409403 0.327597
vt 0.411276 0.327597
vt 0.407530 0.327597
vt 0.407008 0.317933
vt 0.408897 0.317995
vt 0.410786 0.318056
vt 0.407494 0.308675
vt 0.409399 0.309153
vt 0.405701 0.308716
vt 0.404871 0.301999
vt 0.405697 0.299977
vt 0.407512 0.302522
vt 0.952801 0.187856
vt 0.950944 0.191624
vt 0.951031 0.176416
vt 0.953576 0.176880
vt 0.949134 0.187268
vt 0.948485 0.175951
vt 0.949196 0.164881
vt 0.951117 0.161207
vt 0.952992 0.165656
vt 0.395627 0.151843
vt 0.398011 0.147394
vt 0.398121 0.162602
vt 0.394885 0.163067
vt 0.400454 0.151068
vt 0.401358 0.162138
vt 0.400533 0.173455
vt 0.398231 0.177811
vt 0.395870 0.174043
vt 0.355407 0.091472
vt 0.357647 0.084841
vt 0.357634 0.110117
vt 0.354590 0.110125
vt 0.359880 0.091709
vt 0.360679 0.110109
vt 0.359852 0.128513
vt 0.357621 0.135393
vt 0.355398 0.128773
vt 0.988839 0.135287
vt 0.986728 0.141907
vt 0.986725 0.116631
vt 0.989607 0.116639
vt 0.984615 0.135028
vt 0.983842 0.116623
vt 0.984608 0.098224
vt 0.986721 0.091355
vt 0.988836 0.097987
vt 0.470329 0.195582
vt 0.467894 0.195535
vt 0.465428 0.185604
vt 0.467912 0.186056
vt 0.465459 0.195487
vt 0.463141 0.185706
vt 0.461435 0.178546
vt 0.462271 0.176319
vt 0.464846 0.178968
vt 0.470328 0.215896
vt 0.467894 0.215944
vt 0.468782 0.205740
vt 0.471194 0.205740
vt 0.465459 0.215991
vt 0.466369 0.205740
vt 0.464846 0.232502
vt 0.462271 0.235150
vt 0.465428 0.225870
vt 0.467912 0.225418
vt 0.461435 0.232924
vt 0.463141 0.225768
vt 0.835043 0.174162
vt 0.836021 0.170812
vt 0.836109 0.181911
vt 0.834698 0.182369
vt 0.837045 0.173390
vt 0.837520 0.181454
vt 0.837241 0.189762
vt 0.836197 0.193011
vt 0.835106 0.190332
vt 0.822040 0.190332
vt 0.820949 0.193011
vt 0.821038 0.181911
vt 0.822449 0.182369
vt 0.819906 0.189762
vt 0.819627 0.181454
vt 0.820101 0.173390
vt 0.821126 0.170812
vt 0.822104 0.174162
vt 0.460632 0.352804
vt 0.458955 0.355315
vt 0.460677 0.346565
vt 0.462420 0.346127
vt 0.458225 0.353229
vt 0.459041 0.346481
vt 0.460291 0.337256
vt 0.462022 0.337208
vt 0.463754 0.337159
vt 0.462506 0.327591
vt 0.464225 0.327591
vt 0.460788 0.327591
vt 0.460290 0.317928
vt 0.462022 0.317976
vt 0.463753 0.318025
vt 0.460676 0.308625
vt 0.462420 0.309063
vt 0.459040 0.308708
vt 0.458225 0.301966
vt 0.458954 0.299883
vt 0.460632 0.302391
vt 0.443147 0.224575
vt 0.441463 0.228373
vt 0.441562 0.213112
vt 0.443875 0.213527
vt 0.439831 0.224020
vt 0.439249 0.212697
vt 0.439902 0.201595
vt 0.441661 0.197851
vt 0.443368 0.202257
vt 0.979049 0.165506
vt 0.980758 0.161100
vt 0.980858 0.176362
vt 0.978541 0.176776
vt 0.982520 0.164844
vt 0.983175 0.175947
vt 0.982591 0.187271
vt 0.980957 0.191623
vt 0.979269 0.187825
vt 0.176592 0.283188
vt 0.208319 0.283192
vt 0.177204 0.239831
vt 0.209657 0.239834
vt 0.169359 0.397397
vt 0.159781 0.397396
vt 0.162068 0.394235
vt 0.173933 0.394237
vt 0.164325 0.390782
vt 0.178447 0.390785
vt 0.568289 0.699902
vt 0.512913 0.671742
vt 0.539091 0.662368
vt 0.572316 0.669079
vt 0.528978 0.646927
vt 0.598563 0.645622
vt 0.524965 0.631653
vt 0.598630 0.631506
vt 0.524544 0.618198
vt 0.598639 0.618230
vt 0.524544 0.605053
vt 0.598639 0.605095
vt 0.524544 0.591910
vt 0.598639 0.591959
vt 0.524543 0.578766
vt 0.598639 0.578824
vt 0.890796 0.740450
vt 0.901919 0.737052
vt 0.901916 0.748844
vt 0.886056 0.749573
vt 0.913040 0.739847
vt 0.917777 0.748818
vt 0.918462 0.761164
vt 0.901915 0.761471
vt 0.885369 0.761778
vt 0.901917 0.774472
vt 0.885373 0.774681
vt 0.918461 0.774263
vt 0.918465 0.787361
vt 0.901920 0.787471
vt 0.885376 0.787581
vt 0.901924 0.800094
vt 0.886068 0.799761
vt 0.917780 0.799724
vt 0.913044 0.808812
vt 0.901928 0.811880
vt 0.890810 0.808759
vt 0.939861 0.271859
vt 0.928803 0.275038
vt 0.928608 0.263263
vt 0.944449 0.262844
vt 0.917643 0.272035
vt 0.912755 0.262979
vt 0.929443 0.127301
vt 0.941384 0.127203
vt 0.917501 0.127399
vt 0.917693 0.114351
vt 0.929632 0.114340
vt 0.941572 0.114330
vt 0.929841 0.101694
vt 0.941276 0.102097
vt 0.918396 0.101994
vt 0.921966 0.092925
vt 0.930037 0.089892
vt 0.938005 0.093055
vt 0.597214 0.861728
vt 0.605243 0.858608
vt 0.605239 0.870420
vt 0.593790 0.870758
vt 0.613269 0.861691
vt 0.616688 0.870785
vt 0.617181 0.883147
vt 0.605235 0.883070
vt 0.593289 0.882992
vt 0.605232 0.896096
vt 0.593285 0.895949
vt 0.617178 0.896244
vt 0.477307 0.910750
vt 0.449346 0.910752
vt 0.505267 0.910748
vt 0.505271 0.923800
vt 0.477308 0.923801
vt 0.449345 0.923802
vt 0.477309 0.936520
vt 0.450510 0.936167
vt 0.504109 0.936166
vt 0.496100 0.945275
vt 0.477311 0.948391
vt 0.458521 0.945274
vt 0.078426 0.862292
vt 0.097213 0.859175
vt 0.097214 0.871052
vt 0.070417 0.871404
vt 0.116000 0.862294
vt 0.124012 0.871408
vt 0.125179 0.883774
vt 0.097215 0.883771
vt 0.069252 0.883769
vt 0.097217 0.896869
vt 0.069253 0.896866
vt 0.125180 0.896873
vt 0.587171 0.077584
vt 0.589636 0.070953
vt 0.589621 0.096229
vt 0.586271 0.096237
vt 0.592093 0.077821
vt 0.592971 0.096221
vt 0.592061 0.114625
vt 0.589607 0.121505
vt 0.587161 0.114885
vt 0.929289 0.049450
vt 0.926947 0.049532
vt 0.927155 0.036577
vt 0.929495 0.036578
vt 0.924606 0.049613
vt 0.924814 0.036577
vt 0.924851 0.024118
vt 0.927195 0.024194
vt 0.929538 0.024269
vt 0.926950 0.013014
vt 0.929215 0.013523
vt 0.924711 0.013093
vt 0.925085 0.005412
vt 0.926556 0.003064
vt 0.928251 0.005895
vt 0.327152 0.120277
vt 0.329105 0.116934
vt 0.329288 0.128042
vt 0.326463 0.128492
vt 0.331156 0.119524
vt 0.332113 0.127593
vt 0.331561 0.135902
vt 0.329471 0.139151
vt 0.327283 0.136466
vt 0.595033 0.186691
vt 0.591053 0.186766
vt 0.590898 0.174552
vt 0.594866 0.174551
vt 0.587074 0.186842
vt 0.586930 0.174552
vt 0.586129 0.161588
vt 0.590100 0.161670
vt 0.594071 0.161753
vt 0.591738 0.204453
vt 0.588603 0.207175
vt 0.590116 0.197621
vt 0.594004 0.197125
vt 0.586323 0.204936
vt 0.586325 0.197555
vt 0.364807 0.316834
vt 0.362922 0.320637
vt 0.363037 0.305367
vt 0.365626 0.305774
vt 0.361099 0.316285
vt 0.360449 0.304960
vt 0.361181 0.293853
vt 0.363152 0.290097
vt 0.365062 0.294496
vt 0.928154 0.070855
vt 0.926524 0.074272
vt 0.926726 0.062295
vt 0.928979 0.061699
vt 0.925000 0.071394
vt 0.924486 0.062176
vt 0.589250 0.148963
vt 0.593090 0.149558
vt 0.585457 0.149079
vt 0.585996 0.139903
vt 0.588476 0.137039
vt 0.591361 0.140442
vt 0.425119 0.256001
vt 0.426673 0.251592
vt 0.426785 0.266822
vt 0.424682 0.267250
vt 0.428286 0.255318
vt 0.428888 0.266395
vt 0.428366 0.277700
vt 0.426897 0.282053
vt 0.425368 0.278271
vt 0.857258 0.190316
vt 0.856202 0.192982
vt 0.856284 0.181904
vt 0.857653 0.182373
vt 0.855189 0.189731
vt 0.854915 0.181435
vt 0.855372 0.173389
vt 0.856366 0.170826
vt 0.857317 0.174179
vt 0.373992 0.128562
vt 0.371850 0.135181
vt 0.371836 0.109890
vt 0.374771 0.109898
vt 0.369701 0.128292
vt 0.368900 0.109882
vt 0.369668 0.091477
vt 0.371821 0.084600
vt 0.373982 0.091230
vt 0.499811 0.345272
vt 0.498784 0.351892
vt 0.498777 0.326609
vt 0.500185 0.326617
vt 0.497753 0.345008
vt 0.497370 0.326601
vt 0.497738 0.308199
vt 0.498771 0.301326
vt 0.499807 0.307957
vt 0.847231 0.190309
vt 0.846174 0.192985
vt 0.846260 0.181893
vt 0.847627 0.182348
vt 0.845163 0.189737
vt 0.844894 0.181438
vt 0.845355 0.173381
vt 0.846347 0.170800
vt 0.847293 0.174143
vt 0.388594 0.300004
vt 0.390485 0.295605
vt 0.390612 0.310853
vt 0.388050 0.311266
vt 0.392444 0.299350
vt 0.393173 0.310440
vt 0.392534 0.321750
vt 0.390738 0.326100
vt 0.388874 0.322307
vt 0.401287 0.132826
vt 0.399137 0.136242
vt 0.399137 0.124252
vt 0.402204 0.123655
vt 0.396987 0.133356
vt 0.396070 0.124133
vt 0.395936 0.111568
vt 0.399137 0.111481
vt 0.402337 0.111394
vt 0.399137 0.098434
vt 0.402337 0.098434
vt 0.395936 0.098434
vt 0.395936 0.085299
vt 0.399137 0.085388
vt 0.402337 0.085477
vt 0.399137 0.072622
vt 0.402204 0.073224
vt 0.396070 0.072735
vt 0.396987 0.063516
vt 0.399137 0.060637
vt 0.401287 0.064058
vt 0.486686 0.110697
vt 0.484105 0.110610
vt 0.484108 0.097896
vt 0.486582 0.098490
vt 0.481524 0.110523
vt 0.481635 0.098013
vt 0.482377 0.088831
vt 0.484112 0.085958
vt 0.485845 0.089360
vt 0.486687 0.136500
vt 0.484105 0.136589
vt 0.484104 0.123600
vt 0.486685 0.123600
vt 0.481524 0.136678
vt 0.481523 0.123601
vt 0.485845 0.157824
vt 0.484112 0.161231
vt 0.484108 0.149299
vt 0.486582 0.148698
vt 0.482377 0.158366
vt 0.481635 0.149188
vt 0.470441 0.278264
vt 0.468919 0.282051
vt 0.469030 0.266814
vt 0.471122 0.267235
vt 0.467457 0.277700
vt 0.466938 0.266394
vt 0.467536 0.255313
vt 0.469140 0.251578
vt 0.470685 0.255981
vt 0.865179 0.174160
vt 0.866122 0.170812
vt 0.866207 0.181896
vt 0.864845 0.182358
vt 0.867111 0.173384
vt 0.867568 0.181434
vt 0.867298 0.189730
vt 0.866291 0.192980
vt 0.865239 0.190309
vt 0.490669 0.307962
vt 0.491697 0.301332
vt 0.491690 0.326620
vt 0.490293 0.326628
vt 0.492722 0.308208
vt 0.493087 0.326612
vt 0.492706 0.345021
vt 0.491683 0.351908
vt 0.490664 0.345290
vt 0.166526 0.386796
vt 0.182847 0.386799
vt 0.168656 0.382243
vt 0.187107 0.382246
vt 0.170618 0.377143
vt 0.191079 0.377146
vt 0.159736 0.494579
vt 0.176488 0.494978
vt 0.175093 0.511808
vt 0.156330 0.511453
vt 0.193241 0.495377
vt 0.193856 0.512164
vt 0.194186 0.528519
vt 0.173723 0.528233
vt 0.153260 0.527947
vt 0.177066 0.427221
vt 0.181486 0.414435
vt 0.183721 0.418163
vt 0.182520 0.428306
vt 0.184937 0.408984
vt 0.186930 0.414589
vt 0.188227 0.427546
vt 0.662350 0.769219
vt 0.677290 0.775093
vt 0.692294 0.780629
vt 0.908336 0.091100
vt 0.912906 0.096536
vt 0.897363 0.096207
vt 0.897294 0.089312
vt 0.913324 0.105137
vt 0.897547 0.104261
vt 0.881770 0.103384
vt 0.881822 0.096281
vt 0.886278 0.091085
vt 0.912982 0.115908
vt 0.897949 0.113454
vt 0.912679 0.125466
vt 0.898639 0.122072
vt 0.884598 0.118677
vt 0.882916 0.110999
vt 0.912499 0.131132
vt 0.899658 0.128692
vt 0.912363 0.135384
vt 0.900975 0.134539
vt 0.889586 0.133695
vt 0.886817 0.126252
vt 0.912179 0.141139
vt 0.902544 0.141067
vt 0.911961 0.147907
vt 0.904338 0.147999
vt 0.896715 0.148091
vt 0.892908 0.140996
vt 0.911746 0.154474
vt 0.906281 0.154604
vt 0.900841 0.154797
vt 0.871123 0.305487
vt 0.886153 0.310012
vt 0.856052 0.301169
vt 0.860960 0.299371
vt 0.871779 0.301853
vt 0.882250 0.306168
vt 0.244216 0.866666
vt 0.219027 0.863093
vt 0.269374 0.869994
vt 0.262183 0.872256
vt 0.244746 0.870930
vt 0.227040 0.867441
vt 0.535050 0.937989
vt 0.551577 0.929962
vt 0.548925 0.933536
vt 0.541197 0.937989
vt 0.564020 0.924496
vt 0.553695 0.932398
vt 0.546382 0.937989
vt 0.224008 0.382252
vt 0.205557 0.382249
vt 0.211621 0.377149
vt 0.232212 0.377153
vt 0.216887 0.371524
vt 0.240064 0.371527
vt 0.206690 0.390789
vt 0.192568 0.390787
vt 0.199168 0.386801
vt 0.215489 0.386804
vt 0.188380 0.396379
vt 0.178920 0.397269
vt 0.185795 0.394217
vt 0.197646 0.394111
vt 0.298099 0.252132
vt 0.251098 0.252126
vt 0.251238 0.239839
vt 0.298295 0.239845
vt 0.251259 0.226875
vt 0.298325 0.226880
vt 0.292797 0.292635
vt 0.248001 0.292628
vt 0.248977 0.283198
vt 0.294992 0.283204
vt 0.250017 0.273468
vt 0.296576 0.273474
vt 0.221050 0.365397
vt 0.247532 0.365401
vt 0.224836 0.358794
vt 0.254583 0.358799
vt 0.251261 0.213797
vt 0.298327 0.213803
vt 0.251263 0.200719
vt 0.298328 0.200725
vt 0.250725 0.263245
vt 0.297573 0.263252
vt 0.251264 0.187642
vt 0.298330 0.187647
vt 0.251266 0.174564
vt 0.298331 0.174569
vt 0.228982 0.351745
vt 0.261187 0.351750
vt 0.233252 0.344279
vt 0.267316 0.344284
vt 0.237243 0.336428
vt 0.272944 0.336433
vt 0.240862 0.328226
vt 0.278046 0.328231
vt 0.244009 0.319707
vt 0.282600 0.319713
vt 0.246256 0.310909
vt 0.286588 0.310915
vt 0.298334 0.148412
vt 0.251268 0.148408
vt 0.251692 0.135501
vt 0.298336 0.135548
vt 0.256140 0.124044
vt 0.298337 0.123969
vt 0.247341 0.301869
vt 0.289992 0.301875
vt 0.251267 0.161486
vt 0.298333 0.161490
vt 0.556977 0.924006
vt 0.568285 0.918522
vt 0.550508 0.919469
vt 0.572157 0.912275
vt 0.223970 0.093023
vt 0.217899 0.102299
vt 0.215348 0.099775
vt 0.218953 0.092716
vt 0.212468 0.102299
vt 0.216405 0.093023
vt 0.211893 0.099775
vt 0.214581 0.092716
vt 0.209726 0.102299
vt 0.212456 0.093023
vt 0.208736 0.099775
vt 0.210469 0.092716
vt 0.206497 0.102323
vt 0.208031 0.093023
vt 0.203553 0.099616
vt 0.204731 0.091693
vt 0.195766 0.102453
vt 0.196574 0.083050
vt 0.260917 0.112223
vt 0.268546 0.116968
vt 0.298338 0.106141
vt 0.298337 0.114501
vt 0.293327 0.091967
vt 0.257582 0.103847
vt 0.258712 0.099425
vt 0.283933 0.089443
vt 0.244968 0.101916
vt 0.278320 0.089071
vt 0.242137 0.099642
vt 0.254890 0.092361
vt 0.231029 0.102299
vt 0.244039 0.093023
vt 0.268639 0.105403
vt 0.297712 0.098062
vt 0.233705 0.092716
vt 0.226553 0.099775
vt 0.551734 0.937621
vt 0.549706 0.937942
vt 0.551660 0.937030
vt 0.553410 0.936636
vt 0.552564 0.935645
vt 0.555783 0.934277
vt 0.555442 0.932758
vt 0.559556 0.930013
vt 0.192570 0.012169
vt 0.174441 0.011785
vt 0.174481 0.008439
vt 0.192866 0.008984
vt 0.174839 0.004576
vt 0.196202 0.004575
vt 0.871017 0.765081
vt 0.828882 0.765009
vt 0.828892 0.759933
vt 0.871026 0.760013
vt 0.786748 0.764938
vt 0.786758 0.759853
vt 0.786768 0.754875
vt 0.828902 0.754940
vt 0.871037 0.755005
vt 0.857191 0.855961
vt 0.827119 0.857169
vt 0.828606 0.852616
vt 0.869278 0.852593
vt 0.786740 0.857142
vt 0.786764 0.852500
vt 0.786779 0.847826
vt 0.828913 0.847893
vt 0.871048 0.847961
vt 0.871048 0.745159
vt 0.828913 0.745227
vt 0.828606 0.740504
vt 0.869278 0.740527
vt 0.786779 0.745294
vt 0.786764 0.740620
vt 0.786740 0.735978
vt 0.827119 0.735951
vt 0.857191 0.737159
vt 0.828912 0.843077
vt 0.871047 0.843066
vt 0.786778 0.843088
vt 0.786768 0.838245
vt 0.828902 0.838180
vt 0.871037 0.838115
vt 0.871002 0.775399
vt 0.828868 0.775351
vt 0.828874 0.770151
vt 0.871009 0.770211
vt 0.786734 0.775303
vt 0.786740 0.770091
vt 0.828912 0.750043
vt 0.871047 0.750054
vt 0.786778 0.750032
vt 0.871002 0.817721
vt 0.828868 0.817769
vt 0.828863 0.812517
vt 0.870997 0.812481
vt 0.786734 0.817817
vt 0.786729 0.812553
vt 0.786725 0.807247
vt 0.828859 0.807223
vt 0.870993 0.807199
vt 0.828892 0.833187
vt 0.871026 0.833107
vt 0.786758 0.833267
vt 0.786748 0.828182
vt 0.828882 0.828111
vt 0.871017 0.828039
vt 0.828857 0.801899
vt 0.870991 0.801887
vt 0.786723 0.801911
vt 0.786722 0.796560
vt 0.828856 0.796560
vt 0.870991 0.796560
vt 0.870993 0.785921
vt 0.828859 0.785897
vt 0.828863 0.780603
vt 0.870997 0.780639
vt 0.786725 0.785874
vt 0.786729 0.780568
vt 0.853462 0.470967
vt 0.848011 0.456726
vt 0.850448 0.456395
vt 0.855203 0.465934
vt 0.839575 0.435882
vt 0.849957 0.450309
vt 0.856679 0.460361
vt 0.858725 0.423207
vt 0.851194 0.427837
vt 0.852292 0.422960
vt 0.857860 0.417743
vt 0.849957 0.421400
vt 0.856679 0.412576
vt 0.844495 0.484169
vt 0.842587 0.464602
vt 0.844731 0.467565
vt 0.846962 0.482033
vt 0.845496 0.461638
vt 0.849306 0.479086
vt 0.849306 0.396514
vt 0.845497 0.411682
vt 0.844731 0.406479
vt 0.846963 0.393989
vt 0.842587 0.409144
vt 0.844495 0.392161
vt 0.852292 0.448351
vt 0.857861 0.454341
vt 0.851195 0.442820
vt 0.858726 0.447976
vt 0.850449 0.416057
vt 0.855204 0.407793
vt 0.848012 0.415894
vt 0.853463 0.403475
vt 0.859432 0.434966
vt 0.851621 0.434978
vt 0.853257 0.430721
vt 0.859253 0.428916
vt 0.847868 0.462946
vt 0.851484 0.475375
vt 0.841283 0.405247
vt 0.842060 0.391956
vt 0.839621 0.413540
vt 0.840261 0.397738
vt 0.840261 0.477681
vt 0.839621 0.459598
vt 0.841283 0.469009
vt 0.842060 0.484415
vt 0.853258 0.439390
vt 0.859254 0.441412
vt 0.847869 0.410437
vt 0.851485 0.399694
vt 0.468520 0.308048
vt 0.469770 0.301421
vt 0.469768 0.326791
vt 0.468065 0.326805
vt 0.471018 0.308345
vt 0.471471 0.326777
vt 0.471014 0.345216
vt 0.469766 0.352161
vt 0.468519 0.345556
vt 0.535670 0.297729
vt 0.533193 0.297770
vt 0.532082 0.291344
vt 0.534560 0.291286
vt 0.530716 0.297811
vt 0.529603 0.291402
vt 0.527788 0.284929
vt 0.530300 0.284930
vt 0.532812 0.284931
vt 0.536251 0.310656
vt 0.533773 0.310646
vt 0.533740 0.304206
vt 0.536219 0.304191
vt 0.531295 0.310635
vt 0.531262 0.304220
vt 0.534752 0.323584
vt 0.532282 0.323518
vt 0.533305 0.317085
vt 0.535781 0.317122
vt 0.529812 0.323452
vt 0.530829 0.317049
vt 0.531317 0.335365
vt 0.528809 0.335335
vt 0.530697 0.329811
vt 0.533165 0.329898
vt 0.526301 0.335305
vt 0.528229 0.329725
vt 0.527850 0.278618
vt 0.530415 0.278954
vt 0.525450 0.278636
vt 0.524103 0.274018
vt 0.525168 0.272667
vt 0.527678 0.274447
vt 0.766836 0.174289
vt 0.767900 0.170886
vt 0.768058 0.181982
vt 0.766468 0.182519
vt 0.769048 0.173409
vt 0.769647 0.181444
vt 0.769397 0.189767
vt 0.768215 0.193077
vt 0.766949 0.190462
vt 0.845065 0.375970
vt 0.844420 0.379687
vt 0.844421 0.364444
vt 0.845300 0.364961
vt 0.843776 0.375263
vt 0.843542 0.363926
vt 0.843778 0.352866
vt 0.844422 0.349200
vt 0.845066 0.353676
vt 0.637480 0.377922
vt 0.635065 0.380108
vt 0.635112 0.372887
vt 0.638539 0.372302
vt 0.632675 0.378562
vt 0.631687 0.373049
vt 0.631587 0.365262
vt 0.635164 0.364466
vt 0.638741 0.363671
vt 0.638827 0.320872
vt 0.635254 0.320877
vt 0.635200 0.314307
vt 0.638771 0.314301
vt 0.631681 0.320881
vt 0.631629 0.314314
vt 0.631575 0.308693
vt 0.635132 0.308662
vt 0.638688 0.308632
vt 0.638885 0.333405
vt 0.635309 0.334101
vt 0.635292 0.327735
vt 0.638865 0.327645
vt 0.631733 0.334798
vt 0.631719 0.327826
vt 0.638856 0.343334
vt 0.635268 0.346110
vt 0.635300 0.339659
vt 0.638884 0.337663
vt 0.631680 0.348886
vt 0.631717 0.341656
vt 0.635219 0.354903
vt 0.638803 0.352897
vt 0.631636 0.356909
vt 0.635050 0.304362
vt 0.638432 0.304375
vt 0.631674 0.304541
vt 0.632638 0.301955
vt 0.634967 0.301016
vt 0.637340 0.301770
vt 0.615985 0.379404
vt 0.612138 0.385456
vt 0.616946 0.362256
vt 0.620567 0.361580
vt 0.611066 0.379101
vt 0.613640 0.361524
vt 0.615649 0.340071
vt 0.619271 0.339933
vt 0.622894 0.339795
vt 0.527409 0.341773
vt 0.525131 0.342792
vt 0.526912 0.339538
vt 0.529462 0.339314
vt 0.523789 0.342167
vt 0.524468 0.339576
vt 0.617090 0.321291
vt 0.620834 0.321637
vt 0.613652 0.321845
vt 0.611162 0.309801
vt 0.612418 0.305833
vt 0.616377 0.309797
vt 0.002140 0.471359
vt 0.026428 0.471377
vt 0.026559 0.474403
vt 0.002153 0.474380
vt 0.050716 0.471395
vt 0.050965 0.474426
vt 0.051199 0.477672
vt 0.026682 0.477542
vt 0.002165 0.477411
vt 0.026813 0.481954
vt 0.002177 0.481580
vt 0.051450 0.482328
vt 0.001957 0.441022
vt 0.027653 0.444390
vt 0.025532 0.450254
vt 0.002015 0.449917
vt 0.048469 0.443377
vt 0.048616 0.450086
vt 0.048780 0.453568
vt 0.025411 0.453614
vt 0.002041 0.453661
vt 0.679523 0.663142
vt 0.680879 0.659478
vt 0.687304 0.667594
vt 0.685092 0.670375
vt 0.682236 0.655814
vt 0.689040 0.664152
vt 0.694586 0.673436
vt 0.694982 0.678143
vt 0.691187 0.677029
vt 0.025536 0.456546
vt 0.002061 0.456561
vt 0.049011 0.456532
vt 0.049312 0.459510
vt 0.025695 0.459494
vt 0.002078 0.459478
vt 0.025883 0.462451
vt 0.002095 0.462416
vt 0.049672 0.462486
vt 0.050051 0.465456
vt 0.026081 0.465416
vt 0.002111 0.465375
vt 0.026267 0.468389
vt 0.050408 0.468421
vt 0.002126 0.468357
vt 0.674126 0.627120
vt 0.673569 0.630785
vt 0.671976 0.628870
vt 0.671597 0.626163
vt 0.671002 0.629883
vt 0.670233 0.626688
vt 0.668630 0.624527
vt 0.670813 0.629568
vt 0.667379 0.630962
vt 0.664848 0.629026
vt 0.667031 0.634067
vt 0.663669 0.632469
vt 0.665831 0.641641
vt 0.668954 0.647262
vt 0.667309 0.645847
vt 0.670516 0.648390
vt 0.673022 0.653262
vt 0.672232 0.653272
vt 0.673001 0.651611
vt 0.673438 0.652009
vt 0.674061 0.654147
vt 0.673833 0.654311
vt 0.674379 0.654139
vt 0.675021 0.656489
vt 0.675416 0.658791
vt 0.664633 0.637469
vt 0.667402 0.637697
vt 0.668843 0.641167
vt 0.666658 0.641452
vt 0.671380 0.640837
vt 0.672471 0.644354
vt 0.670517 0.645196
vt 0.180948 0.443475
vt 0.172326 0.443102
vt 0.189603 0.443618
vt 0.191024 0.460887
vt 0.179364 0.460544
vt 0.167704 0.460201
vt 0.177891 0.477853
vt 0.163506 0.477458
vt 0.192276 0.478247
vt 0.172413 0.544183
vt 0.150499 0.543967
vt 0.194327 0.544398
vt 0.194388 0.559902
vt 0.171182 0.559748
vt 0.147976 0.559595
vt 0.170041 0.575062
vt 0.145612 0.574959
vt 0.194470 0.575165
vt 0.076276 0.478208
vt 0.057246 0.478208
vt 0.056674 0.462417
vt 0.075990 0.462417
vt 0.075776 0.446900
vt 0.056247 0.446900
vt 0.078696 0.581122
vt 0.062086 0.581123
vt 0.061184 0.563462
vt 0.078245 0.563462
vt 0.077822 0.545758
vt 0.060338 0.545758
vt 0.175541 0.102562
vt 0.175273 0.079912
vt 0.537983 0.904341
vt 0.545482 0.893871
vt 0.530678 0.915629
vt 0.523056 0.897102
vt 0.523056 0.884798
vt 0.523056 0.873905
vt 0.524990 0.934229
vt 0.523301 0.926206
vt 0.526227 0.922251
vt 0.529222 0.937511
vt 0.523056 0.916273
vt 0.523056 0.907129
vt 0.586153 0.870546
vt 0.559680 0.863453
vt 0.570579 0.859043
vt 0.586729 0.863042
vt 0.533206 0.856361
vt 0.553574 0.855283
vt 0.574497 0.854837
vt 0.584294 0.855016
vt 0.586553 0.857301
vt 0.583351 0.885169
vt 0.553203 0.872934
vt 0.554665 0.868153
vt 0.585005 0.877998
vt 0.523056 0.860700
vt 0.524325 0.858308
vt 0.578641 0.899083
vt 0.550848 0.882194
vt 0.552140 0.877626
vt 0.581224 0.892198
vt 0.523056 0.865305
vt 0.523056 0.863054
vt 0.549131 0.886998
vt 0.575614 0.905786
vt 0.523056 0.868026
vt 0.267946 0.028467
vt 0.268478 0.023231
vt 0.275065 0.027308
vt 0.274473 0.032508
vt 0.269011 0.017995
vt 0.275656 0.022109
vt 0.282016 0.026644
vt 0.281369 0.031803
vt 0.280722 0.036962
vt 0.296538 0.070232
vt 0.297558 0.065915
vt 0.297642 0.072749
vt 0.296590 0.076953
vt 0.298578 0.061598
vt 0.298694 0.068545
vt 0.298746 0.075532
vt 0.297654 0.078947
vt 0.296562 0.082362
vt 0.291204 0.045825
vt 0.291985 0.040803
vt 0.295032 0.043968
vt 0.294144 0.048844
vt 0.292766 0.035781
vt 0.295920 0.039093
vt 0.297607 0.041958
vt 0.296627 0.046651
vt 0.295647 0.051343
vt 0.287234 0.036550
vt 0.286530 0.041659
vt 0.287938 0.031442
vt 0.296948 0.083675
vt 0.295849 0.085292
vt 0.298048 0.082058
vt 0.293532 0.086802
vt 0.292581 0.086623
vt 0.291631 0.086443
vt 0.296367 0.058181
vt 0.297382 0.053807
vt 0.297463 0.059362
vt 0.296452 0.063683
vt 0.298397 0.049434
vt 0.298474 0.055040
vt 0.297244 0.049707
vt 0.296228 0.054216
vt 0.298260 0.045198
vt 0.239624 0.016786
vt 0.239898 0.011197
vt 0.247317 0.013416
vt 0.246975 0.019007
vt 0.240171 0.005608
vt 0.247659 0.007825
vt 0.254983 0.010906
vt 0.254575 0.016304
vt 0.254167 0.021702
vt 0.223485 0.013819
vt 0.223434 0.009196
vt 0.232191 0.009877
vt 0.232012 0.015052
vt 0.223382 0.004573
vt 0.232370 0.004701
vt 0.206377 0.013336
vt 0.204511 0.009139
vt 0.213319 0.008879
vt 0.213984 0.013156
vt 0.211974 0.004574
vt 0.261639 0.019579
vt 0.261167 0.024860
vt 0.262110 0.014297
vt 0.250294 0.086930
vt 0.249512 0.088498
vt 0.237453 0.088460
vt 0.237989 0.086930
vt 0.226705 0.088498
vt 0.227095 0.086930
vt 0.270325 0.086916
vt 0.271016 0.088062
vt 0.259929 0.088370
vt 0.260426 0.086927
vt 0.209168 0.086930
vt 0.208894 0.088499
vt 0.205997 0.087026
vt 0.206677 0.085459
vt 0.203108 0.076737
vt 0.204630 0.075161
vt 0.213958 0.086930
vt 0.213770 0.088499
vt 0.211453 0.088460
vt 0.211612 0.086930
vt 0.218494 0.086930
vt 0.218233 0.088499
vt 0.216043 0.088460
vt 0.216251 0.086930
vt 0.220933 0.088460
vt 0.221215 0.086930
vt 0.282659 0.087802
vt 0.281926 0.086837
vt 0.284026 0.088768
vt 0.607885 0.785358
vt 0.611434 0.785172
vt 0.611844 0.792689
vt 0.608298 0.792881
vt 0.614982 0.784985
vt 0.615390 0.792497
vt 0.615822 0.799997
vt 0.612276 0.800198
vt 0.608729 0.800400
vt 0.604873 0.835845
vt 0.608270 0.836952
vt 0.606825 0.843093
vt 0.603577 0.841706
vt 0.611666 0.838059
vt 0.610099 0.844521
vt 0.608895 0.849749
vt 0.606084 0.848098
vt 0.603472 0.846776
vt 0.609499 0.813524
vt 0.613088 0.813445
vt 0.613278 0.817233
vt 0.609642 0.817034
vt 0.616676 0.813365
vt 0.616914 0.817432
vt 0.616764 0.820276
vt 0.613130 0.819733
vt 0.609496 0.819189
vt 0.612717 0.807479
vt 0.609160 0.807671
vt 0.616274 0.807287
vt 0.606273 0.850787
vt 0.605056 0.850565
vt 0.608137 0.852444
vt 0.607053 0.852626
vt 0.607977 0.824704
vt 0.611408 0.825691
vt 0.609910 0.830818
vt 0.606504 0.829809
vt 0.614838 0.826677
vt 0.613317 0.831827
vt 0.612507 0.822210
vt 0.608971 0.821380
vt 0.616042 0.823040
vt 0.606103 0.755398
vt 0.609633 0.755109
vt 0.610168 0.762615
vt 0.606631 0.762852
vt 0.613164 0.754821
vt 0.613705 0.762378
vt 0.614169 0.769926
vt 0.610623 0.770132
vt 0.607078 0.770338
vt 0.604554 0.740384
vt 0.608011 0.739504
vt 0.608963 0.747542
vt 0.605441 0.747960
vt 0.611468 0.738623
vt 0.612484 0.747124
vt 0.603501 0.726124
vt 0.605250 0.722124
vt 0.606698 0.730794
vt 0.603567 0.732743
vt 0.607779 0.722728
vt 0.609917 0.729367
vt 0.611035 0.777652
vt 0.607486 0.777842
vt 0.614584 0.777462
vt 0.928536 0.408359
vt 0.924978 0.406732
vt 0.924978 0.395927
vt 0.928388 0.398286
vt 0.921420 0.405105
vt 0.921569 0.393664
vt 0.922588 0.391691
vt 0.924978 0.393002
vt 0.927369 0.395169
vt 0.881148 0.436641
vt 0.877588 0.436643
vt 0.877621 0.424339
vt 0.881182 0.424351
vt 0.874028 0.436645
vt 0.874060 0.424326
vt 0.874109 0.413421
vt 0.877670 0.413446
vt 0.881231 0.413472
vt 0.881231 0.455800
vt 0.877679 0.456250
vt 0.877604 0.446722
vt 0.881162 0.446651
vt 0.874127 0.456700
vt 0.874046 0.446792
vt 0.880311 0.395301
vt 0.877469 0.395564
vt 0.876739 0.393763
vt 0.877996 0.392969
vt 0.874373 0.395441
vt 0.874580 0.393079
vt 0.875630 0.391916
vt 0.881378 0.400311
vt 0.877821 0.400276
vt 0.877817 0.397890
vt 0.881286 0.397842
vt 0.874265 0.400241
vt 0.874316 0.397889
vt 0.881296 0.404896
vt 0.877738 0.404846
vt 0.877776 0.402599
vt 0.881332 0.402655
vt 0.874180 0.404797
vt 0.874219 0.402543
vt 0.877707 0.407567
vt 0.881267 0.407605
vt 0.874147 0.407529
vt 0.880291 0.474558
vt 0.877959 0.478972
vt 0.877808 0.467350
vt 0.881197 0.465809
vt 0.875545 0.477164
vt 0.874410 0.468186
vt 0.649731 0.549489
vt 0.647954 0.548489
vt 0.647882 0.542051
vt 0.649646 0.556839
vt 0.648122 0.554986
vt 0.646849 0.551990
vt 0.646348 0.547502
vt 0.646692 0.543533
vt 0.937489 0.363695
vt 0.937517 0.361461
vt 0.937510 0.366077
vt 0.936219 0.361863
vt 0.935715 0.358973
vt 0.935664 0.356890
vt 0.648105 0.586270
vt 0.647034 0.594533
vt 0.645196 0.589867
vt 0.646363 0.583027
vt 0.645744 0.602590
vt 0.644128 0.596978
vt 0.643230 0.591092
vt 0.643519 0.585348
vt 0.644690 0.581981
vt 0.985394 0.347948
vt 0.985407 0.353927
vt 0.982982 0.356022
vt 0.983055 0.350780
vt 0.985413 0.359985
vt 0.982972 0.361456
vt 0.980581 0.362982
vt 0.980674 0.358241
vt 0.981351 0.354092
vt 0.292264 0.599667
vt 0.291344 0.605957
vt 0.293099 0.593291
vt 0.293893 0.596590
vt 0.293696 0.601108
vt 0.292746 0.604868
vt 0.649257 0.571629
vt 0.648903 0.579113
vt 0.647016 0.575707
vt 0.647565 0.569415
vt 0.646570 0.582199
vt 0.645427 0.577417
vt 0.645299 0.572366
vt 0.646075 0.569073
vt 0.937495 0.302460
vt 0.937436 0.292529
vt 0.937585 0.311728
vt 0.935652 0.312911
vt 0.935647 0.304913
vt 0.936114 0.297574
vt 0.293584 0.591382
vt 0.293196 0.592786
vt 0.293891 0.589853
vt 0.294802 0.591972
vt 0.294929 0.593482
vt 0.294348 0.593888
vt 0.649674 0.564335
vt 0.647833 0.562122
vt 0.648049 0.555722
vt 0.647716 0.568651
vt 0.646493 0.564740
vt 0.646163 0.559945
vt 0.646711 0.556295
vt 0.937584 0.354928
vt 0.937596 0.349676
vt 0.937577 0.357350
vt 0.935703 0.353251
vt 0.935687 0.351116
vt 0.935675 0.346479
vt 0.652533 0.534429
vt 0.652970 0.541942
vt 0.651899 0.526936
vt 0.655856 0.526630
vt 0.656094 0.534196
vt 0.988947 0.353377
vt 0.988923 0.359712
vt 0.989266 0.348259
vt 0.992422 0.347488
vt 0.992419 0.352858
vt 0.992429 0.359542
vt 0.646364 0.512874
vt 0.646167 0.511055
vt 0.649484 0.509962
vt 0.650128 0.513491
vt 0.645762 0.509341
vt 0.648954 0.507591
vt 0.652236 0.506035
vt 0.652862 0.508775
vt 0.653778 0.511554
vt 0.647579 0.520037
vt 0.651013 0.519627
vt 0.654527 0.519065
vt 0.988897 0.345425
vt 0.990133 0.345695
vt 0.992395 0.343111
vt 0.992434 0.344548
vt 0.985409 0.371282
vt 0.985413 0.366112
vt 0.988927 0.366062
vt 0.988926 0.371408
vt 0.992436 0.366066
vt 0.992439 0.371549
vt 0.985395 0.376881
vt 0.985403 0.374634
vt 0.988923 0.375088
vt 0.988918 0.377768
vt 0.992438 0.375528
vt 0.992437 0.378621
vt 0.653131 0.564525
vt 0.652845 0.572045
vt 0.653258 0.556996
vt 0.652339 0.579596
vt 0.651541 0.587566
vt 0.650266 0.596502
vt 0.648782 0.605867
vt 0.653194 0.549466
vt 0.695749 0.618167
vt 0.695749 0.583534
vt 0.695749 0.652800
vt 0.619936 0.542597
vt 0.619967 0.554901
vt 0.619890 0.531704
vt 0.619952 0.564980
vt 0.619881 0.574508
vt 0.616144 0.513658
vt 0.619574 0.511009
vt 0.620834 0.511968
vt 0.620004 0.513822
vt 0.623029 0.508736
vt 0.623127 0.511319
vt 0.623168 0.513858
vt 0.616206 0.516300
vt 0.619727 0.516148
vt 0.619745 0.518534
vt 0.623209 0.516289
vt 0.623255 0.518634
vt 0.619789 0.520857
vt 0.619825 0.523104
vt 0.623297 0.520928
vt 0.623331 0.523174
vt 0.616366 0.526018
vt 0.619855 0.525825
vt 0.623363 0.525896
vt 0.616142 0.595701
vt 0.616282 0.584402
vt 0.619755 0.585785
vt 0.619600 0.598289
vt 0.623246 0.586976
vt 0.623076 0.600591
vt 0.949071 0.365135
vt 0.949025 0.367388
vt 0.951710 0.361816
vt 0.951676 0.363873
vt 0.690825 0.196710
vt 0.681844 0.193822
vt 0.711851 0.193840
vt 0.711866 0.197643
vt 0.680524 0.189909
vt 0.711835 0.189810
vt 0.743147 0.189711
vt 0.741858 0.193631
vt 0.732900 0.196576
vt 0.680508 0.185821
vt 0.711819 0.185723
vt 0.680492 0.181732
vt 0.711803 0.181636
vt 0.743115 0.181539
vt 0.743131 0.185625
vt 0.680477 0.177643
vt 0.711788 0.177548
vt 0.680462 0.173554
vt 0.711772 0.173461
vt 0.743083 0.173369
vt 0.743099 0.177454
vt 0.680447 0.169464
vt 0.711758 0.169374
vt 0.680432 0.165374
vt 0.711743 0.165287
vt 0.743054 0.165201
vt 0.743069 0.169285
vt 0.680418 0.161283
vt 0.711729 0.161200
vt 0.680405 0.157192
vt 0.711716 0.157113
vt 0.743028 0.157034
vt 0.743041 0.161117
vt 0.680392 0.153101
vt 0.711704 0.153026
vt 0.680380 0.149010
vt 0.711692 0.148939
vt 0.743004 0.148868
vt 0.743015 0.152951
vt 0.680368 0.144918
vt 0.711681 0.144852
vt 0.680357 0.140826
vt 0.711670 0.140765
vt 0.742983 0.140704
vt 0.742993 0.144786
vt 0.680347 0.136733
vt 0.711661 0.136678
vt 0.680338 0.132641
vt 0.711652 0.132591
vt 0.742966 0.132540
vt 0.742974 0.136622
vt 0.680330 0.128548
vt 0.711644 0.128503
vt 0.680323 0.124455
vt 0.711637 0.124416
vt 0.742952 0.124378
vt 0.742959 0.128459
vt 0.680318 0.120362
vt 0.711632 0.120329
vt 0.680314 0.116268
vt 0.711627 0.116242
vt 0.742940 0.116216
vt 0.742946 0.120297
vt 0.680312 0.112175
vt 0.711623 0.112155
vt 0.680309 0.108081
vt 0.711621 0.108068
vt 0.742932 0.108055
vt 0.742935 0.112135
vt 0.680308 0.103988
vt 0.711619 0.103981
vt 0.680307 0.099894
vt 0.711618 0.099894
vt 0.742930 0.099893
vt 0.742931 0.103974
vt 0.680308 0.095800
vt 0.711619 0.095807
vt 0.680310 0.091707
vt 0.711621 0.091719
vt 0.742931 0.091732
vt 0.742930 0.095813
vt 0.680313 0.087613
vt 0.711623 0.087632
vt 0.680316 0.083520
vt 0.711627 0.083545
vt 0.742938 0.083571
vt 0.742934 0.087652
vt 0.680320 0.079426
vt 0.711632 0.079458
vt 0.680325 0.075333
vt 0.711637 0.075371
vt 0.742949 0.075409
vt 0.742943 0.079490
vt 0.680331 0.071240
vt 0.711644 0.071284
vt 0.680339 0.067147
vt 0.711652 0.067197
vt 0.742965 0.067246
vt 0.742957 0.071328
vt 0.680347 0.063055
vt 0.711660 0.063110
vt 0.680356 0.058962
vt 0.711670 0.059023
vt 0.742983 0.059083
vt 0.742973 0.063165
vt 0.680366 0.054870
vt 0.711680 0.054936
vt 0.680377 0.050778
vt 0.711691 0.050848
vt 0.743005 0.050919
vt 0.742994 0.055001
vt 0.680389 0.046687
vt 0.711703 0.046761
vt 0.680402 0.042595
vt 0.711715 0.042674
vt 0.743028 0.042753
vt 0.743016 0.046836
vt 0.680415 0.038505
vt 0.711729 0.038587
vt 0.680429 0.034414
vt 0.711742 0.034500
vt 0.743055 0.034586
vt 0.743042 0.038670
vt 0.680444 0.030324
vt 0.711757 0.030413
vt 0.680459 0.026234
vt 0.711771 0.026326
vt 0.743084 0.026418
vt 0.743069 0.030502
vt 0.680474 0.022145
vt 0.711787 0.022239
vt 0.680489 0.018056
vt 0.711802 0.018152
vt 0.743115 0.018248
vt 0.743099 0.022333
vt 0.527589 0.828517
vt 0.527152 0.824217
vt 0.528458 0.823987
vt 0.529218 0.828242
vt 0.526904 0.822317
vt 0.528067 0.822107
vt 0.529219 0.821810
vt 0.529750 0.823656
vt 0.530825 0.827844
vt 0.680505 0.013967
vt 0.711818 0.014065
vt 0.680521 0.009879
vt 0.711834 0.009978
vt 0.743147 0.010076
vt 0.743131 0.014162
vt 0.681841 0.005966
vt 0.711850 0.005947
vt 0.690823 0.003078
vt 0.711865 0.002144
vt 0.732899 0.003211
vt 0.741858 0.006156
vt 0.275144 0.404152
vt 0.276343 0.402474
vt 0.277730 0.405651
vt 0.275456 0.406803
vt 0.278285 0.402464
vt 0.280089 0.404688
vt 0.281548 0.408187
vt 0.279039 0.409070
vt 0.276530 0.409953
vt 0.280080 0.412629
vt 0.277521 0.413297
vt 0.282639 0.411961
vt 0.283448 0.415771
vt 0.280855 0.416259
vt 0.278262 0.416748
vt 0.281418 0.419931
vt 0.278774 0.420280
vt 0.284062 0.419582
vt 0.284478 0.423385
vt 0.281805 0.423628
vt 0.279131 0.423871
vt 0.282051 0.427341
vt 0.279403 0.427505
vt 0.284699 0.427176
vt 0.284840 0.430951
vt 0.282215 0.431061
vt 0.279589 0.431171
vt 0.282345 0.434785
vt 0.279686 0.434858
vt 0.285004 0.434711
vt 0.285123 0.438458
vt 0.282435 0.438510
vt 0.279747 0.438563
vt 0.282475 0.442238
vt 0.279824 0.442280
vt 0.285125 0.442196
vt 0.285107 0.445932
vt 0.282504 0.445968
vt 0.279900 0.446004
vt 0.282561 0.449697
vt 0.279948 0.449726
vt 0.285173 0.449668
vt 0.285290 0.453407
vt 0.282631 0.453427
vt 0.279971 0.453447
vt 0.282687 0.457157
vt 0.279980 0.457166
vt 0.285395 0.457148
vt 0.285437 0.460890
vt 0.282708 0.460886
vt 0.279979 0.460883
vt 0.282678 0.464616
vt 0.279970 0.464602
vt 0.285385 0.464631
vt 0.285272 0.468369
vt 0.282613 0.468346
vt 0.279954 0.468323
vt 0.282539 0.472076
vt 0.279928 0.472050
vt 0.285150 0.472103
vt 0.285090 0.475832
vt 0.282488 0.475807
vt 0.279886 0.475782
vt 0.282479 0.479538
vt 0.279828 0.479520
vt 0.285130 0.479555
vt 0.285168 0.483276
vt 0.282480 0.483268
vt 0.279792 0.483261
vt 0.282460 0.486999
vt 0.279805 0.487002
vt 0.285115 0.486996
vt 0.285076 0.490715
vt 0.282455 0.490729
vt 0.279834 0.490743
vt 0.282499 0.494459
vt 0.279841 0.494484
vt 0.285158 0.494435
vt 0.285261 0.498160
vt 0.282553 0.498189
vt 0.279844 0.498218
vt 0.282570 0.501919
vt 0.279867 0.501943
vt 0.285273 0.501896
vt 0.285216 0.505635
vt 0.282558 0.505650
vt 0.279899 0.505664
vt 0.282536 0.509380
vt 0.279925 0.509390
vt 0.285147 0.509371
vt 0.285140 0.513099
vt 0.282537 0.513111
vt 0.279934 0.513123
vt 0.282581 0.516842
vt 0.279926 0.516862
vt 0.285236 0.516822
vt 0.285339 0.520547
vt 0.282631 0.520572
vt 0.279922 0.520598
vt 0.282645 0.524302
vt 0.279942 0.524323
vt 0.285348 0.524282
vt 0.285288 0.528022
vt 0.282630 0.528033
vt 0.279971 0.528044
vt 0.282604 0.531763
vt 0.279992 0.531766
vt 0.285216 0.531760
vt 0.285198 0.535495
vt 0.282594 0.535494
vt 0.279990 0.535492
vt 0.282615 0.539223
vt 0.279962 0.539218
vt 0.285269 0.539228
vt 0.285330 0.542969
vt 0.282625 0.542952
vt 0.279921 0.542934
vt 0.282577 0.546678
vt 0.279877 0.546627
vt 0.285277 0.546728
vt 0.285116 0.550502
vt 0.282458 0.550401
vt 0.279799 0.550300
vt 0.282263 0.554119
vt 0.279645 0.553951
vt 0.284880 0.554286
vt 0.284572 0.558083
vt 0.281976 0.557829
vt 0.279380 0.557575
vt 0.281572 0.561526
vt 0.278970 0.561160
vt 0.284175 0.561892
vt 0.283607 0.565709
vt 0.280999 0.565196
vt 0.278391 0.564683
vt 0.280197 0.568819
vt 0.277616 0.568121
vt 0.282777 0.569518
vt 0.281623 0.573282
vt 0.279115 0.572365
vt 0.276606 0.571448
vt 0.277760 0.575766
vt 0.275500 0.574581
vt 0.280107 0.576762
vt 0.278269 0.578961
vt 0.276327 0.578922
vt 0.275153 0.577228
vt 0.527612 0.775735
vt 0.527181 0.780035
vt 0.525876 0.779889
vt 0.525971 0.775578
vt 0.526937 0.781937
vt 0.525818 0.781747
vt 0.524979 0.781252
vt 0.524601 0.779754
vt 0.524324 0.775485
vt 0.545902 0.815271
vt 0.542071 0.813179
vt 0.542688 0.811899
vt 0.546646 0.813743
vt 0.540352 0.812275
vt 0.540917 0.811106
vt 0.541405 0.809898
vt 0.543220 0.810578
vt 0.547291 0.812168
vt 0.547264 0.792111
vt 0.543180 0.793710
vt 0.542639 0.792388
vt 0.546614 0.790537
vt 0.541363 0.794397
vt 0.540864 0.793184
vt 0.540302 0.792003
vt 0.542027 0.791102
vt 0.545874 0.789005
vt 0.524301 0.828776
vt 0.524571 0.824506
vt 0.525847 0.824367
vt 0.525948 0.828678
vt 0.524947 0.823007
vt 0.525785 0.822510
vt 0.530848 0.776403
vt 0.529779 0.780591
vt 0.528486 0.780263
vt 0.529241 0.776007
vt 0.529252 0.782439
vt 0.528099 0.782145
vt 0.544125 0.818160
vt 0.540603 0.815595
vt 0.541374 0.814411
vt 0.545059 0.816745
vt 0.539022 0.814490
vt 0.539719 0.813405
vt 0.548285 0.795363
vt 0.544036 0.796439
vt 0.543650 0.795060
vt 0.547824 0.793721
vt 0.542148 0.796901
vt 0.541794 0.795636
vt 0.533965 0.777546
vt 0.532296 0.781536
vt 0.531051 0.781015
vt 0.532426 0.776917
vt 0.531505 0.783287
vt 0.530390 0.782820
vt 0.542013 0.820799
vt 0.538860 0.817796
vt 0.539765 0.816727
vt 0.543110 0.819515
vt 0.537432 0.816493
vt 0.538258 0.815521
vt 0.548890 0.798723
vt 0.544541 0.799264
vt 0.544330 0.797843
vt 0.548638 0.797033
vt 0.542619 0.799497
vt 0.542421 0.798191
vt 0.536900 0.779132
vt 0.534677 0.782853
vt 0.533507 0.782150
vt 0.535459 0.778286
vt 0.533644 0.784478
vt 0.532592 0.783842
vt 0.539579 0.823122
vt 0.536857 0.819725
vt 0.537889 0.818796
vt 0.540834 0.822002
vt 0.535612 0.818246
vt 0.536548 0.817402
vt 0.549103 0.802133
vt 0.544725 0.802132
vt 0.544677 0.800696
vt 0.549048 0.800425
vt 0.542790 0.802131
vt 0.542746 0.800812
vt 0.539600 0.781117
vt 0.536877 0.784505
vt 0.535803 0.783639
vt 0.538282 0.780077
vt 0.535626 0.785979
vt 0.534657 0.785191
vt 0.536875 0.825105
vt 0.534646 0.821374
vt 0.535775 0.820586
vt 0.538258 0.824159
vt 0.533608 0.819740
vt 0.534630 0.819027
vt 0.548885 0.805543
vt 0.544532 0.805000
vt 0.544673 0.803568
vt 0.549046 0.803841
vt 0.542607 0.804767
vt 0.542741 0.803450
vt 0.542019 0.783457
vt 0.538857 0.786457
vt 0.537896 0.785447
vt 0.540847 0.782246
vt 0.537418 0.787757
vt 0.536547 0.786836
vt 0.533940 0.826695
vt 0.532264 0.822699
vt 0.533474 0.822080
vt 0.535434 0.825952
vt 0.531467 0.820944
vt 0.532553 0.820382
vt 0.548283 0.808906
vt 0.544030 0.807833
vt 0.544318 0.806424
vt 0.548631 0.807234
vt 0.542137 0.807376
vt 0.542404 0.806078
vt 0.544122 0.786103
vt 0.540588 0.788665
vt 0.539757 0.787531
vt 0.543112 0.784745
vt 0.538996 0.789768
vt 0.538238 0.788733
vt 0.531021 0.823226
vt 0.532402 0.827327
vt 0.530354 0.821422
vt 0.543666 0.809221
vt 0.547836 0.810553
vt 0.541808 0.808652
vt 0.541344 0.789858
vt 0.545043 0.787525
vt 0.539682 0.790861
vt 0.760199 0.611643
vt 0.775738 0.622748
vt 0.777353 0.662906
vt 0.770172 0.679497
vt 0.781866 0.625416
vt 0.781926 0.685836
vt 0.773660 0.730505
vt 0.594553 0.696879
vt 0.593152 0.701283
vt 0.586101 0.700145
vt 0.584863 0.697205
vt 0.591514 0.705572
vt 0.583016 0.702480
vt 0.247795 0.624692
vt 0.255202 0.624355
vt 0.257634 0.624901
vt 0.257851 0.625372
vt 0.257804 0.624664
vt 0.259528 0.625287
vt 0.261157 0.626146
vt 0.026066 0.400903
vt 0.036065 0.403258
vt 0.038726 0.407143
vt 0.035026 0.412110
vt 0.040333 0.402940
vt 0.042613 0.408543
vt 0.048069 0.420541
vt 0.546422 0.705322
vt 0.521322 0.701528
vt 0.508006 0.693589
vt 0.533447 0.713316
vt 0.500553 0.704750
vt 0.498121 0.713992
vt 0.483370 0.708600
vt 0.704733 0.708830
vt 0.703043 0.706441
vt 0.705806 0.704950
vt 0.706906 0.708676
vt 0.701849 0.703091
vt 0.704764 0.701460
vt 0.707679 0.699830
vt 0.708502 0.703233
vt 0.708489 0.706520
vt 0.700947 0.700316
vt 0.703909 0.698685
vt 0.700169 0.698043
vt 0.703158 0.696380
vt 0.706147 0.694717
vt 0.706870 0.697055
vt 0.699382 0.695871
vt 0.702391 0.694165
vt 0.698553 0.693725
vt 0.701576 0.691969
vt 0.704599 0.690213
vt 0.705400 0.692459
vt 0.697677 0.691606
vt 0.700706 0.689795
vt 0.696743 0.689522
vt 0.699771 0.687649
vt 0.702799 0.685776
vt 0.703736 0.687983
vt 0.695749 0.687479
vt 0.698767 0.685542
vt 0.694713 0.685500
vt 0.697713 0.683498
vt 0.700712 0.681497
vt 0.701785 0.683604
vt 0.693822 0.683584
vt 0.696645 0.681562
vt 0.693905 0.681648
vt 0.695625 0.679778
vt 0.697882 0.678843
vt 0.699528 0.679645
vt 0.392168 0.992774
vt 0.359412 0.993841
vt 0.357535 0.987508
vt 0.403999 0.988072
vt 0.325654 0.991526
vt 0.311071 0.986945
vt 0.321304 0.982665
vt 0.355658 0.981176
vt 0.391014 0.983069
vt 0.817030 0.545879
vt 0.817628 0.561854
vt 0.815405 0.561145
vt 0.815401 0.539252
vt 0.817039 0.577450
vt 0.815410 0.583037
vt 0.813778 0.576932
vt 0.813183 0.560435
vt 0.813775 0.544317
vt 0.892496 0.179201
vt 0.893353 0.183280
vt 0.890966 0.181839
vt 0.890768 0.175824
vt 0.892935 0.186590
vt 0.891164 0.187854
vt 0.889288 0.185906
vt 0.888579 0.180398
vt 0.889146 0.175660
vt 0.754906 0.191215
vt 0.754389 0.185501
vt 0.756323 0.183036
vt 0.756323 0.192260
vt 0.754906 0.178470
vt 0.756323 0.173813
vt 0.757741 0.174081
vt 0.758257 0.180572
vt 0.757741 0.188379
vt 0.830205 0.575538
vt 0.829689 0.559849
vt 0.831622 0.559839
vt 0.831622 0.580511
vt 0.830205 0.544155
vt 0.831622 0.539167
vt 0.833040 0.545219
vt 0.833556 0.559829
vt 0.833040 0.574444
vt 0.884263 0.177636
vt 0.884779 0.184915
vt 0.882845 0.183465
vt 0.882845 0.174062
vt 0.884263 0.191419
vt 0.882845 0.192868
vt 0.881428 0.189295
vt 0.880911 0.182016
vt 0.881428 0.175511
vt 0.907150 0.184697
vt 0.906634 0.180545
vt 0.908568 0.180130
vt 0.908568 0.186475
vt 0.907150 0.176171
vt 0.908568 0.173784
vt 0.909985 0.174787
vt 0.910502 0.179715
vt 0.909985 0.184864
vt 0.262177 0.607861
vt 0.262693 0.611560
vt 0.260759 0.611442
vt 0.260759 0.606062
vt 0.262177 0.615195
vt 0.260759 0.616822
vt 0.259342 0.615575
vt 0.258825 0.611324
vt 0.259342 0.607136
vt 0.269615 0.441558
vt 0.270202 0.505996
vt 0.268324 0.503616
vt 0.268247 0.414939
vt 0.269786 0.569162
vt 0.268402 0.592293
vt 0.266976 0.568063
vt 0.266447 0.501237
vt 0.266921 0.435682
vt 0.639828 0.782126
vt 0.641676 0.782126
vt 0.641696 0.787664
vt 0.639841 0.787668
vt 0.643524 0.782126
vt 0.643551 0.787660
vt 0.643607 0.793183
vt 0.641740 0.793188
vt 0.639872 0.793193
vt 0.641782 0.798684
vt 0.639908 0.798683
vt 0.643656 0.798684
vt 0.643675 0.804155
vt 0.641800 0.804141
vt 0.639924 0.804126
vt 0.639770 0.749432
vt 0.641646 0.749354
vt 0.641767 0.754704
vt 0.639891 0.754742
vt 0.643522 0.749276
vt 0.643643 0.754665
vt 0.643675 0.760097
vt 0.641800 0.760111
vt 0.639924 0.760125
vt 0.635091 0.721278
vt 0.635902 0.719536
vt 0.637575 0.723959
vt 0.635839 0.724774
vt 0.637616 0.720113
vt 0.639414 0.723407
vt 0.640953 0.728225
vt 0.639100 0.728734
vt 0.637247 0.729243
vt 0.639070 0.739077
vt 0.640938 0.738855
vt 0.641391 0.744068
vt 0.639517 0.744206
vt 0.642805 0.738633
vt 0.643265 0.743931
vt 0.639872 0.771059
vt 0.641740 0.771064
vt 0.641696 0.776588
vt 0.639841 0.776584
vt 0.643607 0.771069
vt 0.643551 0.776592
vt 0.641767 0.809548
vt 0.639891 0.809509
vt 0.643643 0.809586
vt 0.643522 0.814976
vt 0.641646 0.814898
vt 0.639770 0.814820
vt 0.641782 0.765568
vt 0.639908 0.765568
vt 0.643656 0.765567
vt 0.641391 0.820183
vt 0.639517 0.820046
vt 0.643265 0.820321
vt 0.642805 0.825619
vt 0.640938 0.825396
vt 0.639070 0.825174
vt 0.640211 0.733730
vt 0.638354 0.734071
vt 0.642067 0.733389
vt 0.640211 0.830522
vt 0.638354 0.830181
vt 0.642067 0.830863
vt 0.640953 0.836027
vt 0.639100 0.835518
vt 0.637247 0.835009
vt 0.637575 0.840293
vt 0.635839 0.839478
vt 0.639414 0.840845
vt 0.637616 0.844139
vt 0.635902 0.844716
vt 0.635091 0.842974
vt 0.828857 0.791221
vt 0.870991 0.791233
vt 0.786723 0.791209
vt 0.828874 0.822969
vt 0.871009 0.822909
vt 0.786740 0.823029
vt 0.563805 0.947212
vt 0.570605 0.944305
vt 0.570605 0.957791
vt 0.563805 0.959244
vt 0.577405 0.941397
vt 0.577405 0.956337
vt 0.577405 0.971277
vt 0.570605 0.971277
vt 0.563805 0.971277
vt 0.846645 0.687642
vt 0.853445 0.687244
vt 0.853445 0.704426
vt 0.846645 0.704625
vt 0.860245 0.686845
vt 0.860245 0.704227
vt 0.860245 0.721608
vt 0.853445 0.721608
vt 0.846645 0.721608
vt 0.917252 0.166887
vt 0.924051 0.169982
vt 0.924051 0.183467
vt 0.917252 0.181920
vt 0.930851 0.173077
vt 0.930851 0.185015
vt 0.930851 0.196952
vt 0.924051 0.196952
vt 0.917252 0.196952
vt 0.863652 0.686845
vt 0.870452 0.687905
vt 0.870452 0.704756
vt 0.863652 0.704226
vt 0.877252 0.688965
vt 0.877252 0.705286
vt 0.877252 0.721607
vt 0.870452 0.721608
vt 0.863652 0.721607
vt 0.880659 0.686845
vt 0.887459 0.686845
vt 0.887459 0.704226
vt 0.880659 0.704226
vt 0.894259 0.686845
vt 0.894259 0.704226
vt 0.894259 0.721608
vt 0.887459 0.721608
vt 0.880659 0.721608
vt 0.994764 0.375206
vt 0.994685 0.378012
vt 0.994777 0.371534
vt 0.997062 0.371511
vt 0.996971 0.374797
vt 0.996318 0.376873
vt 0.964167 0.354245
vt 0.961944 0.355720
vt 0.948951 0.369774
vt 0.948799 0.372278
vt 0.951520 0.366112
vt 0.950717 0.368829
vt 0.279806 0.611709
vt 0.280373 0.604529
vt 0.279371 0.618924
vt 0.277835 0.616283
vt 0.277604 0.611129
vt 0.278531 0.606280
vt 0.994773 0.366465
vt 0.994766 0.360434
vt 0.997049 0.361374
vt 0.997057 0.366883
vt 0.949269 0.320154
vt 0.949285 0.329488
vt 0.951837 0.320755
vt 0.951851 0.329277
vt 0.625629 0.584708
vt 0.625395 0.597039
vt 0.627900 0.582056
vt 0.627123 0.591209
vt 0.994722 0.346531
vt 0.994744 0.349270
vt 0.994639 0.345121
vt 0.996272 0.347032
vt 0.996929 0.348630
vt 0.997029 0.351175
vt 0.949257 0.340822
vt 0.951826 0.339626
vt 0.625771 0.528327
vt 0.625751 0.525816
vt 0.628121 0.528575
vt 0.628129 0.530864
vt 0.657930 0.520362
vt 0.658763 0.527072
vt 0.656905 0.513575
vt 0.659675 0.516832
vt 0.661138 0.521671
vt 0.660913 0.525821
vt 0.960396 0.821640
vt 0.927187 0.821559
vt 0.993562 0.821559
vt 0.982997 0.823647
vt 0.961111 0.824363
vt 0.938849 0.823647
vt 0.625726 0.523745
vt 0.625694 0.521630
vt 0.628083 0.524757
vt 0.628107 0.526687
vt 0.656335 0.510602
vt 0.656799 0.513004
vt 0.655676 0.508089
vt 0.658382 0.510335
vt 0.659620 0.512459
vt 0.659129 0.513606
vt 0.279140 0.626928
vt 0.279339 0.619738
vt 0.279072 0.634154
vt 0.277426 0.631507
vt 0.276940 0.626341
vt 0.277612 0.621483
vt 0.625653 0.519468
vt 0.625604 0.517216
vt 0.628008 0.520730
vt 0.628050 0.522785
vt 0.589616 0.709750
vt 0.583645 0.706026
vt 0.587470 0.713833
vt 0.580572 0.707485
vt 0.585149 0.717774
vt 0.580555 0.711585
vt 0.582917 0.721272
vt 0.577851 0.711952
vt 0.581016 0.724055
vt 0.577693 0.715941
vt 0.579406 0.726224
vt 0.575700 0.714988
vt 0.577884 0.728065
vt 0.575489 0.718760
vt 0.575882 0.730241
vt 0.573480 0.717520
vt 0.572922 0.733280
vt 0.572034 0.722387
vt 0.569238 0.736794
vt 0.569494 0.721423
vt 0.565176 0.740262
vt 0.566671 0.727211
vt 0.560812 0.743550
vt 0.564418 0.725456
vt 0.556380 0.746191
vt 0.560613 0.731231
vt 0.553007 0.746001
vt 0.559845 0.726670
vt 0.551617 0.741552
vt 0.557310 0.728080
vt 0.551407 0.736170
vt 0.558732 0.721217
vt 0.586634 0.682855
vt 0.589113 0.686752
vt 0.586179 0.691522
vt 0.598038 0.673710
vt 0.597488 0.682149
vt 0.596724 0.687609
vt 0.595744 0.692345
vt 0.587902 0.693935
vt 0.674391 0.493283
vt 0.674431 0.497567
vt 0.672764 0.492386
vt 0.672498 0.487978
vt 0.673072 0.497502
vt 0.671362 0.491613
vt 0.670828 0.486372
vt 0.671524 0.479308
vt 0.672687 0.481645
vt 0.674224 0.478104
vt 0.674487 0.482045
vt 0.314261 0.682854
vt 0.313218 0.672232
vt 0.328580 0.669079
vt 0.302858 0.673710
vt 0.302514 0.660663
vt 0.361805 0.662368
vt 0.806242 0.565374
vt 0.802346 0.573023
vt 0.800279 0.561763
vt 0.801583 0.552872
vt 0.798530 0.573998
vt 0.796894 0.560591
vt 0.797503 0.544986
vt 0.799865 0.539366
vt 0.802266 0.546661
vt 0.802696 0.540498
vt 0.804531 0.549371
vt 0.808003 0.554637
vt 0.808506 0.556162
vt 0.808344 0.560276
vt 0.804828 0.542482
vt 0.805673 0.548570
vt 0.806330 0.544359
vt 0.806758 0.551628
vt 0.807513 0.546355
vt 0.807546 0.551334
vt 0.201519 0.674992
vt 0.200683 0.668292
vt 0.189083 0.707640
vt 0.193487 0.672420
vt 0.167993 0.750522
vt 0.163684 0.717860
vt 0.173916 0.684991
vt 0.148432 0.764514
vt 0.151921 0.713506
vt 0.161894 0.645652
vt 0.182418 0.668368
vt 0.176722 0.652417
vt 0.140167 0.719845
vt 0.144739 0.696915
vt 0.140226 0.659425
vt 0.146355 0.656757
vt 0.143354 0.630547
vt 0.146696 0.636364
vt 0.147878 0.625367
vt 0.150758 0.634322
vt 0.152758 0.626036
vt 0.153265 0.632512
vt 0.155921 0.629788
vt 0.156676 0.637138
vt 0.315747 0.717774
vt 0.320340 0.711585
vt 0.313426 0.713833
vt 0.320324 0.707485
vt 0.311280 0.709750
vt 0.317251 0.706026
vt 0.309382 0.705572
vt 0.317880 0.702480
vt 0.307744 0.701283
vt 0.314795 0.700145
vt 0.306343 0.696879
vt 0.316033 0.697205
vt 0.305152 0.692345
vt 0.312994 0.693935
vt 0.304172 0.687609
vt 0.314716 0.691522
vt 0.303407 0.682149
vt 0.311783 0.686752
vt 0.342164 0.721217
vt 0.343586 0.728080
vt 0.341050 0.726670
vt 0.349488 0.736170
vt 0.349278 0.741552
vt 0.347888 0.746001
vt 0.344516 0.746191
vt 0.340283 0.731231
vt 0.340083 0.743550
vt 0.336478 0.725456
vt 0.335720 0.740262
vt 0.334225 0.727211
vt 0.331658 0.736794
vt 0.331402 0.721423
vt 0.327974 0.733280
vt 0.328861 0.722387
vt 0.325013 0.730241
vt 0.327416 0.717520
vt 0.323012 0.728065
vt 0.325406 0.718760
vt 0.265313 0.770437
vt 0.261695 0.772262
vt 0.264076 0.771947
vt 0.259624 0.773664
vt 0.262681 0.773256
vt 0.259869 0.774218
vt 0.261157 0.774347
vt 0.257851 0.775121
vt 0.259528 0.775206
vt 0.257634 0.775592
vt 0.257804 0.775829
vt 0.255202 0.776138
vt 0.233318 0.773130
vt 0.244630 0.768006
vt 0.256559 0.767487
vt 0.219307 0.761326
vt 0.242317 0.756675
vt 0.268462 0.751159
vt 0.268244 0.761547
vt 0.262949 0.766842
vt 0.015750 0.686228
vt 0.011353 0.671942
vt 0.006309 0.679480
vt 0.002430 0.663552
vt 0.033569 0.651625
vt 0.048290 0.656212
vt 0.047786 0.673582
vt 0.047147 0.675998
vt 0.046706 0.676332
vt 0.047363 0.676126
vt 0.046712 0.677984
vt 0.045833 0.679721
vt 0.044735 0.681327
vt 0.045754 0.678369
vt 0.043438 0.682778
vt 0.045254 0.678190
vt 0.041962 0.684049
vt 0.043830 0.680258
vt 0.040333 0.685119
vt 0.043368 0.679607
vt 0.038509 0.685969
vt 0.041419 0.681589
vt 0.036165 0.686586
vt 0.040749 0.680386
vt 0.032624 0.686968
vt 0.037244 0.681631
vt 0.350304 0.721260
vt 0.342906 0.711978
vt 0.346465 0.710275
vt 0.352703 0.716145
vt 0.670828 0.618568
vt 0.671362 0.613328
vt 0.672764 0.612555
vt 0.672498 0.616963
vt 0.673072 0.607438
vt 0.674431 0.607374
vt 0.674391 0.611658
vt 0.674487 0.622896
vt 0.672687 0.623295
vt 0.674224 0.626837
vt 0.671524 0.625633
vt 0.598382 0.660663
vt 0.587678 0.672232
vt 0.490449 0.680226
vt 0.791501 0.544986
vt 0.792100 0.560596
vt 0.788571 0.561812
vt 0.787238 0.552893
vt 0.790395 0.574036
vt 0.786419 0.573037
vt 0.782392 0.564752
vt 0.780202 0.560029
vt 0.780078 0.559699
vt 0.779874 0.557585
vt 0.779932 0.557369
vt 0.779788 0.557656
vt 0.779575 0.555324
vt 0.779430 0.552994
vt 0.779933 0.550715
vt 0.780239 0.554467
vt 0.780271 0.557959
vt 0.780580 0.548487
vt 0.780789 0.554162
vt 0.781491 0.546355
vt 0.781308 0.551313
vt 0.782673 0.544359
vt 0.782062 0.551638
vt 0.784175 0.542482
vt 0.783185 0.548615
vt 0.786307 0.540498
vt 0.784290 0.549391
vt 0.789139 0.539366
vt 0.786592 0.546705
vt 0.754099 0.716514
vt 0.758408 0.683851
vt 0.733009 0.673631
vt 0.748176 0.650982
vt 0.720573 0.640983
vt 0.721409 0.634283
vt 0.728605 0.638412
vt 0.715903 0.622438
vt 0.719367 0.623688
vt 0.729249 0.620554
vt 0.715625 0.613636
vt 0.718024 0.617291
vt 0.717492 0.612489
vt 0.720726 0.616851
vt 0.765417 0.603130
vt 0.768827 0.598503
vt 0.771334 0.600313
vt 0.766172 0.595779
vt 0.769334 0.592027
vt 0.774214 0.591358
vt 0.739674 0.634359
vt 0.745371 0.618409
vt 0.775397 0.602355
vt 0.778739 0.596538
vt 0.262681 0.627237
vt 0.259869 0.626274
vt 0.264076 0.628546
vt 0.259624 0.626828
vt 0.265313 0.630056
vt 0.261695 0.628231
vt 0.266366 0.631742
vt 0.261009 0.628763
vt 0.267213 0.633586
vt 0.263013 0.630682
vt 0.267839 0.635601
vt 0.261771 0.631065
vt 0.268244 0.638946
vt 0.262949 0.633651
vt 0.256559 0.633005
vt 0.233318 0.627363
vt 0.244630 0.632487
vt 0.002431 0.424507
vt 0.011353 0.416118
vt 0.017300 0.420582
vt 0.006309 0.408580
vt 0.015750 0.401832
vt 0.032624 0.401091
vt 0.035637 0.401839
vt 0.036175 0.401471
vt 0.038509 0.402090
vt 0.041962 0.404010
vt 0.043729 0.407795
vt 0.043437 0.405281
vt 0.045237 0.409868
vt 0.044735 0.406733
vt 0.045754 0.409691
vt 0.045833 0.408338
vt 0.046706 0.411728
vt 0.046712 0.410076
vt 0.047147 0.412061
vt 0.047363 0.411933
vt 0.047786 0.414477
vt 0.048290 0.431848
vt 0.033569 0.436434
vt 0.027896 0.430115
vt 0.026570 0.421292
vt 0.557990 0.711978
vt 0.554431 0.710275
vt 0.550591 0.721260
vt 0.548193 0.716145
vt 0.349708 0.730675
vt 0.349553 0.733119
vt 0.343824 0.722280
vt 0.342324 0.717586
vt 0.027009 0.572811
vt 0.051773 0.572452
vt 0.002246 0.573169
vt 0.268543 0.729176
vt 0.240719 0.732167
vt 0.213215 0.735089
vt 0.755643 0.357294
vt 0.756880 0.355784
vt 0.760030 0.358062
vt 0.758471 0.359961
vt 0.757933 0.354098
vt 0.761348 0.355956
vt 0.764763 0.357814
vt 0.763180 0.360340
vt 0.761300 0.362627
vt 0.749370 0.361173
vt 0.751095 0.360553
vt 0.752658 0.364111
vt 0.750446 0.364910
vt 0.752724 0.359694
vt 0.754753 0.363009
vt 0.756782 0.366324
vt 0.754221 0.367669
vt 0.751523 0.368646
vt 0.739362 0.361148
vt 0.746769 0.361485
vt 0.747284 0.365323
vt 0.738890 0.364988
vt 0.747799 0.369160
vt 0.738419 0.368829
vt 0.758780 0.352255
vt 0.762401 0.353673
vt 0.759406 0.350240
vt 0.763171 0.351231
vt 0.766936 0.352221
vt 0.766022 0.355090
vt 0.760029 0.336506
vt 0.760111 0.314524
vt 0.764007 0.314653
vt 0.763912 0.336825
vt 0.760122 0.285594
vt 0.764020 0.285593
vt 0.767918 0.285593
vt 0.767903 0.314782
vt 0.767796 0.337143
vt 0.754248 0.358604
vt 0.756701 0.361618
vt 0.759155 0.364632
vt 0.759811 0.346895
vt 0.763657 0.347507
vt 0.767503 0.348119
vt 0.710873 0.346673
vt 0.724884 0.358477
vt 0.722807 0.362145
vt 0.707314 0.349704
vt 0.720731 0.365812
vt 0.703755 0.352736
vt 0.703914 0.285594
vt 0.704782 0.320436
vt 0.700583 0.322153
vt 0.699624 0.285594
vt 0.696385 0.323870
vt 0.695335 0.285594
vt 0.757932 0.217089
vt 0.756879 0.215403
vt 0.760029 0.213125
vt 0.761347 0.215231
vt 0.755642 0.213892
vt 0.758471 0.211227
vt 0.761299 0.208561
vt 0.763179 0.210847
vt 0.764762 0.213374
vt 0.752723 0.211492
vt 0.751094 0.210634
vt 0.752658 0.207076
vt 0.754752 0.208178
vt 0.749370 0.210013
vt 0.750446 0.206277
vt 0.751523 0.202541
vt 0.754221 0.203518
vt 0.756781 0.204864
vt 0.746769 0.209702
vt 0.747284 0.205864
vt 0.739361 0.210039
vt 0.738890 0.206199
vt 0.738419 0.202359
vt 0.747799 0.202027
vt 0.759404 0.220947
vt 0.758778 0.218932
vt 0.762399 0.217515
vt 0.763169 0.219957
vt 0.766021 0.216097
vt 0.766935 0.218967
vt 0.760110 0.256664
vt 0.764006 0.256535
vt 0.760028 0.234681
vt 0.763911 0.234363
vt 0.767794 0.234044
vt 0.767902 0.256405
vt 0.754247 0.212583
vt 0.756701 0.209569
vt 0.759154 0.206555
vt 0.759809 0.224292
vt 0.763655 0.223681
vt 0.767502 0.223069
vt 0.724884 0.212710
vt 0.722807 0.209042
vt 0.710873 0.224515
vt 0.707314 0.221483
vt 0.703755 0.218451
vt 0.720731 0.205375
vt 0.704782 0.250751
vt 0.700583 0.249034
vt 0.696385 0.247318
vt 0.624071 0.221172
vt 0.624038 0.224166
vt 0.622581 0.224148
vt 0.622614 0.221155
vt 0.624003 0.227140
vt 0.622546 0.227121
vt 0.621089 0.227102
vt 0.621124 0.224130
vt 0.621158 0.221138
vt 0.623928 0.233022
vt 0.623888 0.235933
vt 0.622431 0.235911
vt 0.622471 0.233001
vt 0.623846 0.238826
vt 0.622389 0.238801
vt 0.620932 0.238777
vt 0.620974 0.235888
vt 0.621014 0.232980
vt 0.623786 0.242562
vt 0.622328 0.242573
vt 0.623636 0.251444
vt 0.622174 0.251722
vt 0.620711 0.252001
vt 0.620871 0.242584
vt 0.624129 0.215135
vt 0.624102 0.218159
vt 0.622645 0.218144
vt 0.622673 0.215123
vt 0.621189 0.218129
vt 0.621217 0.215110
vt 0.669980 0.199157
vt 0.669980 0.177111
vt 0.671944 0.177137
vt 0.671904 0.199207
vt 0.669980 0.148638
vt 0.671961 0.148638
vt 0.673941 0.148638
vt 0.673907 0.177162
vt 0.673827 0.199258
vt 0.624356 0.148644
vt 0.624301 0.177730
vt 0.622844 0.177727
vt 0.622899 0.148644
vt 0.624212 0.200018
vt 0.622755 0.200011
vt 0.621298 0.200004
vt 0.621387 0.177723
vt 0.621442 0.148643
vt 0.623966 0.230092
vt 0.622509 0.230072
vt 0.621052 0.230052
vt 0.624158 0.210976
vt 0.622701 0.210966
vt 0.621245 0.210956
vt 0.623933 0.267944
vt 0.622489 0.268840
vt 0.627714 0.283772
vt 0.626463 0.285291
vt 0.625213 0.286810
vt 0.621045 0.269737
vt 0.669980 0.221410
vt 0.669980 0.218373
vt 0.671835 0.218488
vt 0.671817 0.221544
vt 0.669980 0.215119
vt 0.671853 0.215216
vt 0.673726 0.215312
vt 0.673690 0.218604
vt 0.673653 0.221679
vt 0.669980 0.239267
vt 0.669980 0.236298
vt 0.671717 0.236435
vt 0.671695 0.239377
vt 0.669980 0.233316
vt 0.671738 0.233477
vt 0.673496 0.233638
vt 0.673453 0.236573
vt 0.673409 0.239486
vt 0.669904 0.249472
vt 0.669971 0.242755
vt 0.671659 0.242840
vt 0.671544 0.249549
vt 0.673347 0.242924
vt 0.673185 0.249626
vt 0.669980 0.230335
vt 0.671759 0.230508
vt 0.669980 0.227359
vt 0.671779 0.227531
vt 0.673578 0.227703
vt 0.673538 0.230682
vt 0.669980 0.224389
vt 0.671798 0.224546
vt 0.673616 0.224702
vt 0.669980 0.210454
vt 0.671874 0.210528
vt 0.673767 0.210603
vt 0.647319 0.291770
vt 0.653881 0.291646
vt 0.653991 0.293280
vt 0.647067 0.293543
vt 0.657429 0.291296
vt 0.657769 0.292769
vt 0.658109 0.294241
vt 0.654100 0.294913
vt 0.646816 0.295317
vt 0.659780 0.290700
vt 0.660310 0.292060
vt 0.661613 0.289866
vt 0.662315 0.291138
vt 0.663018 0.292409
vt 0.660840 0.293419
vt 0.663253 0.288811
vt 0.664114 0.289981
vt 0.664743 0.287553
vt 0.665748 0.288602
vt 0.666753 0.289651
vt 0.664975 0.291151
vt 0.666057 0.286114
vt 0.667189 0.287024
vt 0.667172 0.284519
vt 0.668413 0.285274
vt 0.669654 0.286030
vt 0.668321 0.287934
vt 0.668071 0.282790
vt 0.669399 0.283380
vt 0.668740 0.280938
vt 0.670131 0.281364
vt 0.671522 0.281790
vt 0.670727 0.283970
vt 0.669187 0.278399
vt 0.670621 0.278678
vt 0.669494 0.272333
vt 0.670977 0.272499
vt 0.672461 0.272665
vt 0.672055 0.278957
vt 0.637010 0.290734
vt 0.636229 0.292522
vt 0.635448 0.294311
vt 0.669738 0.261015
vt 0.671300 0.261116
vt 0.672862 0.261216
vt 0.624003 0.070148
vt 0.624042 0.073121
vt 0.622586 0.073142
vt 0.622546 0.070169
vt 0.624080 0.076115
vt 0.622624 0.076135
vt 0.621167 0.076154
vt 0.621129 0.073162
vt 0.621089 0.070191
vt 0.623830 0.058464
vt 0.623876 0.061356
vt 0.622419 0.061380
vt 0.622373 0.058489
vt 0.623920 0.064266
vt 0.622463 0.064289
vt 0.621006 0.064312
vt 0.620963 0.061404
vt 0.620917 0.058515
vt 0.623619 0.045846
vt 0.623768 0.054728
vt 0.622310 0.054717
vt 0.622156 0.045568
vt 0.620853 0.054707
vt 0.620694 0.045289
vt 0.624117 0.079128
vt 0.622661 0.079146
vt 0.624151 0.082151
vt 0.622695 0.082166
vt 0.621239 0.082181
vt 0.621205 0.079163
vt 0.669980 0.120165
vt 0.671929 0.120139
vt 0.669980 0.098120
vt 0.671880 0.098070
vt 0.673779 0.098019
vt 0.673878 0.120114
vt 0.624239 0.097268
vt 0.624317 0.119557
vt 0.622861 0.119560
vt 0.622782 0.097275
vt 0.621404 0.119563
vt 0.621326 0.097282
vt 0.623962 0.067196
vt 0.622505 0.067219
vt 0.621048 0.067241
vt 0.624185 0.086310
vt 0.622729 0.086321
vt 0.621273 0.086332
vt 0.627709 0.013521
vt 0.623921 0.029348
vt 0.622478 0.028450
vt 0.626459 0.012002
vt 0.621035 0.027553
vt 0.625209 0.010483
vt 0.669980 0.082157
vt 0.669980 0.078903
vt 0.671815 0.078788
vt 0.671831 0.082062
vt 0.669980 0.075866
vt 0.671799 0.075732
vt 0.673619 0.075598
vt 0.673650 0.078674
vt 0.673681 0.081966
vt 0.669980 0.063959
vt 0.669985 0.060977
vt 0.671709 0.060840
vt 0.671727 0.063799
vt 0.670022 0.058007
vt 0.671706 0.057898
vt 0.673390 0.057790
vt 0.673433 0.060703
vt 0.673474 0.063639
vt 0.670089 0.054519
vt 0.671713 0.054435
vt 0.670068 0.047801
vt 0.671647 0.047724
vt 0.673227 0.047646
vt 0.673337 0.054351
vt 0.669980 0.069916
vt 0.669980 0.066940
vt 0.671747 0.066768
vt 0.671765 0.069745
vt 0.673513 0.066595
vt 0.673550 0.069574
vt 0.669980 0.072886
vt 0.671783 0.072731
vt 0.673585 0.072575
vt 0.669980 0.086823
vt 0.671848 0.086749
vt 0.673716 0.086675
vt 0.657421 0.005991
vt 0.653876 0.005648
vt 0.653984 0.004014
vt 0.657758 0.004518
vt 0.647316 0.005529
vt 0.647064 0.003755
vt 0.646812 0.001981
vt 0.654092 0.002381
vt 0.658096 0.003045
vt 0.661603 0.007410
vt 0.659770 0.006581
vt 0.660298 0.005221
vt 0.662303 0.006138
vt 0.660826 0.003860
vt 0.663004 0.004865
vt 0.664733 0.009717
vt 0.663243 0.008462
vt 0.664103 0.007291
vt 0.665737 0.008667
vt 0.664962 0.006120
vt 0.666741 0.007617
vt 0.667162 0.012748
vt 0.666047 0.011154
vt 0.667179 0.010243
vt 0.668403 0.011992
vt 0.668310 0.009333
vt 0.669643 0.011236
vt 0.668730 0.016329
vt 0.668061 0.014476
vt 0.669392 0.013886
vt 0.670150 0.015902
vt 0.670724 0.013296
vt 0.671570 0.015476
vt 0.669529 0.024937
vt 0.669184 0.018869
vt 0.670697 0.018588
vt 0.671104 0.024769
vt 0.672209 0.018308
vt 0.672679 0.024601
vt 0.637008 0.006564
vt 0.636227 0.004775
vt 0.635446 0.002986
vt 0.669853 0.036256
vt 0.671434 0.036154
vt 0.673014 0.036052
vt 0.546879 0.406977
vt 0.546408 0.407929
vt 0.539374 0.403868
vt 0.547219 0.405970
vt 0.545819 0.408813
vt 0.545117 0.409611
vt 0.544319 0.410313
vt 0.543435 0.410902
vt 0.542483 0.411373
vt 0.541476 0.411713
vt 0.540434 0.411922
vt 0.539374 0.411990
vt 0.538314 0.411922
vt 0.537272 0.411713
vt 0.536265 0.411373
vt 0.535313 0.410902
vt 0.534429 0.410313
vt 0.533631 0.409611
vt 0.532929 0.408813
vt 0.532340 0.407929
vt 0.531869 0.406977
vt 0.531529 0.405970
vt 0.531320 0.404928
vt 0.531252 0.403868
vt 0.531320 0.402808
vt 0.531529 0.401766
vt 0.531869 0.400759
vt 0.532340 0.399807
vt 0.532929 0.398923
vt 0.533631 0.398125
vt 0.534429 0.397423
vt 0.535313 0.396834
vt 0.536265 0.396363
vt 0.537272 0.396023
vt 0.538314 0.395814
vt 0.539374 0.395746
vt 0.540434 0.395814
vt 0.541476 0.396023
vt 0.542483 0.396363
vt 0.543435 0.396834
vt 0.544319 0.397423
vt 0.545117 0.398125
vt 0.545819 0.398923
vt 0.546408 0.399807
vt 0.546879 0.400759
vt 0.547219 0.401766
vt 0.547428 0.402808
vt 0.547496 0.403868
vt 0.547428 0.404928
vt 0.565444 0.397423
vt 0.566242 0.398125
vt 0.560499 0.403868
vt 0.564560 0.396834
vt 0.566944 0.398923
vt 0.567533 0.399807
vt 0.568004 0.400759
vt 0.568344 0.401766
vt 0.568553 0.402808
vt 0.568621 0.403868
vt 0.568553 0.404928
vt 0.568344 0.405970
vt 0.568004 0.406977
vt 0.567533 0.407929
vt 0.566944 0.408813
vt 0.566242 0.409611
vt 0.565444 0.410313
vt 0.564560 0.410902
vt 0.563608 0.411373
vt 0.562601 0.411713
vt 0.561559 0.411922
vt 0.560499 0.411990
vt 0.559439 0.411922
vt 0.558397 0.411713
vt 0.557390 0.411373
vt 0.556438 0.410902
vt 0.555554 0.410313
vt 0.554756 0.409611
vt 0.554054 0.408813
vt 0.553465 0.407929
vt 0.552994 0.406977
vt 0.552654 0.405970
vt 0.552445 0.404928
vt 0.552377 0.403868
vt 0.552445 0.402808
vt 0.552654 0.401766
vt 0.552994 0.400759
vt 0.553465 0.399807
vt 0.554054 0.398923
vt 0.554756 0.398125
vt 0.555554 0.397423
vt 0.556438 0.396834
vt 0.557390 0.396363
vt 0.558397 0.396023
vt 0.559439 0.395814
vt 0.560499 0.395746
vt 0.561559 0.395814
vt 0.562601 0.396023
vt 0.563608 0.396363
vt 0.676104 0.938617
vt 0.676160 0.939359
vt 0.674496 0.938217
vt 0.675155 0.937629
vt 0.675706 0.939940
vt 0.673836 0.938874
vt 0.671967 0.937808
vt 0.672793 0.937110
vt 0.673856 0.936948
vt 0.675202 0.940543
vt 0.673236 0.939599
vt 0.674753 0.941201
vt 0.672710 0.940380
vt 0.670668 0.939559
vt 0.671270 0.938656
vt 0.674369 0.941913
vt 0.672256 0.941204
vt 0.674042 0.942668
vt 0.671869 0.942062
vt 0.669696 0.941456
vt 0.670144 0.940494
vt 0.673766 0.943455
vt 0.671545 0.942946
vt 0.673539 0.944271
vt 0.671276 0.943851
vt 0.669014 0.943432
vt 0.669324 0.942438
vt 0.673357 0.945112
vt 0.671058 0.944771
vt 0.673201 0.945977
vt 0.670887 0.945703
vt 0.668574 0.945429
vt 0.668758 0.944430
vt 0.673053 0.946865
vt 0.670760 0.946646
vt 0.672936 0.947770
vt 0.670657 0.947595
vt 0.668377 0.947421
vt 0.668467 0.946428
vt 0.672869 0.948687
vt 0.670561 0.948547
vt 0.672827 0.949611
vt 0.670485 0.949500
vt 0.668142 0.949388
vt 0.668253 0.948406
vt 0.672783 0.950535
vt 0.670441 0.950455
vt 0.672746 0.951462
vt 0.670423 0.951412
vt 0.668099 0.951363
vt 0.668097 0.950375
vt 0.672728 0.952394
vt 0.670424 0.952371
vt 0.672721 0.953335
vt 0.670439 0.953332
vt 0.668157 0.953330
vt 0.668119 0.952349
vt 0.672716 0.954287
vt 0.670463 0.954295
vt 0.672725 0.955249
vt 0.670480 0.955260
vt 0.668234 0.955270
vt 0.668211 0.954303
vt 0.672758 0.956215
vt 0.670476 0.956225
vt 0.672783 0.957182
vt 0.670473 0.957191
vt 0.668162 0.957199
vt 0.668195 0.956235
vt 0.672776 0.958150
vt 0.670488 0.958156
vt 0.672766 0.959118
vt 0.670501 0.959122
vt 0.668236 0.959126
vt 0.668199 0.958163
vt 0.672782 0.960085
vt 0.670493 0.960087
vt 0.672795 0.961052
vt 0.670484 0.961053
vt 0.668172 0.961054
vt 0.668204 0.960090
vt 0.672776 0.962019
vt 0.670493 0.962018
vt 0.672751 0.962985
vt 0.670502 0.962984
vt 0.668253 0.962983
vt 0.668209 0.962018
vt 0.672751 0.963945
vt 0.670491 0.963948
vt 0.672771 0.964898
vt 0.670472 0.964911
vt 0.668174 0.964924
vt 0.668232 0.963951
vt 0.672795 0.965841
vt 0.670462 0.965872
vt 0.672812 0.966781
vt 0.670474 0.966831
vt 0.668137 0.966882
vt 0.668130 0.965902
vt 0.672815 0.967722
vt 0.670515 0.967790
vt 0.672831 0.968660
vt 0.670567 0.968748
vt 0.668303 0.968836
vt 0.668215 0.967858
vt 0.672887 0.969589
vt 0.670617 0.969705
vt 0.672977 0.970503
vt 0.670676 0.970659
vt 0.668375 0.970815
vt 0.668347 0.969821
vt 0.673088 0.971399
vt 0.670761 0.971608
vt 0.673216 0.972278
vt 0.670885 0.972549
vt 0.668553 0.972820
vt 0.668434 0.971816
vt 0.673362 0.973140
vt 0.671054 0.973481
vt 0.673539 0.973981
vt 0.671273 0.974400
vt 0.669007 0.974820
vt 0.668747 0.973821
vt 0.673764 0.974796
vt 0.671541 0.975305
vt 0.674039 0.975583
vt 0.671866 0.976189
vt 0.669692 0.976796
vt 0.669318 0.975814
vt 0.674366 0.976337
vt 0.672253 0.977047
vt 0.674751 0.977048
vt 0.672708 0.977871
vt 0.670666 0.978693
vt 0.670141 0.977758
vt 0.675200 0.977706
vt 0.673235 0.978651
vt 0.675704 0.978308
vt 0.673836 0.979375
vt 0.671968 0.980443
vt 0.671270 0.979595
vt 0.676159 0.978888
vt 0.674497 0.980031
vt 0.676104 0.979630
vt 0.675157 0.980618
vt 0.673859 0.981300
vt 0.672795 0.981140
vt 0.657249 0.939939
vt 0.656796 0.939357
vt 0.658462 0.938217
vt 0.659120 0.938875
vt 0.656853 0.938614
vt 0.657804 0.937628
vt 0.659105 0.936949
vt 0.660168 0.937112
vt 0.660992 0.937811
vt 0.658198 0.941202
vt 0.657751 0.940542
vt 0.659719 0.939602
vt 0.660243 0.940384
vt 0.661687 0.938662
vt 0.662288 0.939566
vt 0.658905 0.942669
vt 0.658580 0.941914
vt 0.660695 0.941209
vt 0.661079 0.942068
vt 0.662810 0.940503
vt 0.663254 0.941467
vt 0.659401 0.944273
vt 0.659178 0.943457
vt 0.661401 0.942953
vt 0.661666 0.943859
vt 0.663624 0.942450
vt 0.663930 0.943446
vt 0.659732 0.945979
vt 0.659579 0.945114
vt 0.661880 0.944780
vt 0.662046 0.945713
vt 0.664181 0.944445
vt 0.664361 0.945446
vt 0.659987 0.947771
vt 0.659875 0.946866
vt 0.662169 0.946656
vt 0.662267 0.947606
vt 0.664463 0.946446
vt 0.664546 0.947440
vt 0.660088 0.949613
vt 0.660049 0.948688
vt 0.662356 0.948557
vt 0.662426 0.949511
vt 0.664663 0.948426
vt 0.664764 0.949409
vt 0.660181 0.951476
vt 0.660132 0.950541
vt 0.662464 0.950467
vt 0.662477 0.951426
vt 0.664796 0.950394
vt 0.664773 0.951377
vt 0.660254 0.953382
vt 0.660225 0.952425
vt 0.662479 0.952389
vt 0.662486 0.953353
vt 0.664732 0.952353
vt 0.664717 0.953323
vt 0.660250 0.955299
vt 0.660259 0.954342
vt 0.662511 0.954317
vt 0.662545 0.955280
vt 0.664763 0.954291
vt 0.664840 0.955261
vt 0.660244 0.957205
vt 0.660241 0.956251
vt 0.662573 0.956242
vt 0.662582 0.957205
vt 0.664905 0.956233
vt 0.664920 0.957205
vt 0.660284 0.959134
vt 0.660268 0.958167
vt 0.662570 0.958169
vt 0.662558 0.959135
vt 0.664871 0.958172
vt 0.664832 0.959135
vt 0.660242 0.961063
vt 0.660267 0.960101
vt 0.662569 0.960100
vt 0.662581 0.961064
vt 0.664870 0.960099
vt 0.664919 0.961066
vt 0.660243 0.962965
vt 0.660237 0.962015
vt 0.662570 0.962027
vt 0.662541 0.962988
vt 0.664904 0.962038
vt 0.664839 0.963012
vt 0.660228 0.964878
vt 0.660245 0.963920
vt 0.662505 0.963951
vt 0.662477 0.964915
vt 0.664764 0.963982
vt 0.664727 0.964951
vt 0.660143 0.966790
vt 0.660184 0.965835
vt 0.662467 0.965878
vt 0.662453 0.966841
vt 0.664750 0.965921
vt 0.664764 0.966892
vt 0.660110 0.968676
vt 0.660128 0.967737
vt 0.662416 0.967801
vt 0.662367 0.968759
vt 0.664704 0.967865
vt 0.664623 0.968843
vt 0.659975 0.970518
vt 0.660057 0.969604
vt 0.662319 0.969716
vt 0.662260 0.970670
vt 0.664581 0.969829
vt 0.664546 0.970823
vt 0.659747 0.972290
vt 0.659874 0.971413
vt 0.662174 0.971619
vt 0.662051 0.972561
vt 0.664473 0.971824
vt 0.664356 0.972831
vt 0.659385 0.973987
vt 0.659582 0.973148
vt 0.661888 0.973494
vt 0.661676 0.974416
vt 0.664194 0.973840
vt 0.663967 0.974844
vt 0.658895 0.975599
vt 0.659160 0.974806
vt 0.661410 0.975321
vt 0.661084 0.976206
vt 0.663659 0.975836
vt 0.663273 0.976812
vt 0.658197 0.977070
vt 0.658577 0.976356
vt 0.660698 0.977064
vt 0.660245 0.977889
vt 0.662819 0.977772
vt 0.662293 0.978708
vt 0.657250 0.978332
vt 0.657751 0.977729
vt 0.659720 0.978670
vt 0.659121 0.979396
vt 0.661689 0.979611
vt 0.660992 0.980461
vt 0.656853 0.979655
vt 0.656796 0.978913
vt 0.658461 0.980053
vt 0.657803 0.980642
vt 0.660166 0.981160
vt 0.659103 0.981322
vt 0.565634 0.778112
vt 0.563848 0.779069
vt 0.562312 0.776462
vt 0.564032 0.775393
vt 0.559956 0.781207
vt 0.558570 0.778844
vt 0.557033 0.776570
vt 0.560607 0.773953
vt 0.562253 0.772778
vt 0.552907 0.785114
vt 0.551799 0.783193
vt 0.550570 0.781346
vt 0.568236 0.820449
vt 0.566348 0.819719
vt 0.567366 0.816890
vt 0.569297 0.817504
vt 0.562223 0.818092
vt 0.563141 0.815524
vt 0.563897 0.812907
vt 0.568205 0.814006
vt 0.570172 0.814500
vt 0.554748 0.815123
vt 0.555479 0.813032
vt 0.556080 0.810901
vt 0.536239 0.849475
vt 0.535696 0.847535
vt 0.538701 0.846620
vt 0.539379 0.848517
vt 0.534612 0.843278
vt 0.537311 0.842450
vt 0.539935 0.841438
vt 0.541622 0.845501
vt 0.542432 0.847347
vt 0.532717 0.835549
vt 0.534855 0.834877
vt 0.536936 0.834055
vt 0.558740 0.771554
vt 0.560305 0.770277
vt 0.555350 0.774395
vt 0.553525 0.772330
vt 0.556715 0.769275
vt 0.558193 0.767900
vt 0.549225 0.779580
vt 0.547767 0.777903
vt 0.568860 0.811076
vt 0.570853 0.811447
vt 0.564487 0.810249
vt 0.564905 0.807561
vt 0.569322 0.808113
vt 0.571333 0.808358
vt 0.556549 0.808738
vt 0.556884 0.806551
vt 0.544445 0.844186
vt 0.545383 0.845973
vt 0.542474 0.840249
vt 0.544915 0.838890
vt 0.547161 0.842684
vt 0.548221 0.844403
vt 0.538951 0.833089
vt 0.540892 0.831987
vt 0.554540 0.767126
vt 0.555924 0.765657
vt 0.551563 0.770385
vt 0.549471 0.768570
vt 0.552218 0.765120
vt 0.553502 0.763562
vt 0.546201 0.776326
vt 0.544531 0.774855
vt 0.569585 0.805128
vt 0.571608 0.805249
vt 0.565145 0.804853
vt 0.565220 0.802135
vt 0.569665 0.802133
vt 0.571690 0.802131
vt 0.557083 0.804347
vt 0.557149 0.802134
vt 0.549756 0.841005
vt 0.550934 0.842647
vt 0.547249 0.837372
vt 0.549466 0.835698
vt 0.552218 0.839154
vt 0.553505 0.840712
vt 0.542750 0.830754
vt 0.544517 0.829400
vt 0.549757 0.763269
vt 0.550934 0.761627
vt 0.547255 0.766896
vt 0.544922 0.765373
vt 0.547166 0.761584
vt 0.548227 0.759867
vt 0.542764 0.773498
vt 0.540908 0.772264
vt 0.569575 0.799139
vt 0.571595 0.799015
vt 0.565139 0.799416
vt 0.564894 0.796709
vt 0.569305 0.796158
vt 0.571313 0.795913
vt 0.557082 0.799922
vt 0.556881 0.797718
vt 0.554533 0.837141
vt 0.555921 0.838609
vt 0.551553 0.833879
vt 0.553511 0.831929
vt 0.556702 0.834984
vt 0.558183 0.836357
vt 0.546188 0.827931
vt 0.547756 0.826355
vt 0.544452 0.760078
vt 0.545392 0.758292
vt 0.542482 0.764011
vt 0.539945 0.762819
vt 0.541629 0.758759
vt 0.542441 0.756914
vt 0.538967 0.771161
vt 0.536952 0.770195
vt 0.568843 0.793198
vt 0.570834 0.792832
vt 0.564475 0.794021
vt 0.563891 0.791362
vt 0.568198 0.790268
vt 0.570166 0.789782
vt 0.556545 0.795529
vt 0.556077 0.793365
vt 0.558726 0.832703
vt 0.560293 0.833977
vt 0.555336 0.829865
vt 0.557017 0.827690
vt 0.560588 0.830303
vt 0.562235 0.831473
vt 0.549215 0.824681
vt 0.550563 0.822917
vt 0.538707 0.757638
vt 0.539386 0.755742
vt 0.537320 0.761805
vt 0.534620 0.760978
vt 0.535701 0.756723
vt 0.536244 0.754783
vt 0.534871 0.769373
vt 0.532732 0.768702
vt 0.567384 0.787377
vt 0.569317 0.786772
vt 0.563153 0.788738
vt 0.562255 0.786163
vt 0.566392 0.784537
vt 0.568281 0.783815
vt 0.555479 0.791233
vt 0.554750 0.789142
vt 0.562276 0.827787
vt 0.563995 0.828851
vt 0.558544 0.825412
vt 0.559919 0.823043
vt 0.563796 0.825174
vt 0.565579 0.826129
vt 0.551793 0.821071
vt 0.552902 0.819151
vt 0.532624 0.756018
vt 0.533027 0.754044
vt 0.531858 0.760343
vt 0.529045 0.759906
vt 0.529488 0.755532
vt 0.529746 0.753530
vt 0.530547 0.768187
vt 0.528327 0.767834
vt 0.524164 0.850630
vt 0.523242 0.849110
vt 0.526328 0.849000
vt 0.526554 0.850959
vt 0.523324 0.844757
vt 0.526191 0.844606
vt 0.529039 0.844353
vt 0.529485 0.848728
vt 0.529744 0.850730
vt 0.523813 0.836749
vt 0.526069 0.836627
vt 0.528313 0.836422
vt 0.565211 0.781765
vt 0.567053 0.780923
vt 0.561187 0.783650
vt 0.553892 0.787099
vt 0.565155 0.822482
vt 0.566994 0.823326
vt 0.561147 0.820600
vt 0.553888 0.817165
vt 0.526330 0.755261
vt 0.526555 0.753302
vt 0.526197 0.759655
vt 0.523329 0.759505
vt 0.523243 0.755152
vt 0.524165 0.753633
vt 0.526083 0.767631
vt 0.523826 0.767512
vt 0.532620 0.848240
vt 0.533023 0.850215
vt 0.531850 0.843914
vt 0.530532 0.836066
vt 0.557072 0.722280
vt 0.558572 0.717586
vt 0.551343 0.733119
vt 0.551188 0.730675
vt 0.600475 0.062444
vt 0.598577 0.058266
vt 0.602370 0.055856
vt 0.604639 0.060848
vt 0.596431 0.054184
vt 0.599790 0.051004
vt 0.603148 0.047824
vt 0.606163 0.053446
vt 0.608802 0.059251
vt 0.603515 0.071138
vt 0.602114 0.066734
vt 0.606584 0.065975
vt 0.608213 0.071226
vt 0.611055 0.065216
vt 0.612911 0.071314
vt 0.588366 0.041793
vt 0.586843 0.039952
vt 0.588167 0.034681
vt 0.589979 0.036769
vt 0.584842 0.037776
vt 0.585818 0.032246
vt 0.586795 0.026715
vt 0.589490 0.029409
vt 0.591591 0.031745
vt 0.607603 0.176059
vt 0.607603 0.162923
vt 0.612084 0.162920
vt 0.612084 0.176055
vt 0.607603 0.149787
vt 0.612084 0.149785
vt 0.616566 0.149783
vt 0.616566 0.162918
vt 0.616566 0.176052
vt 0.591877 0.046745
vt 0.589976 0.043962
vt 0.591934 0.039187
vt 0.594257 0.042323
vt 0.593891 0.034412
vt 0.596637 0.037901
vt 0.497652 0.372355
vt 0.506904 0.369547
vt 0.508336 0.373791
vt 0.498805 0.376683
vt 0.515952 0.366140
vt 0.517658 0.370282
vt 0.519363 0.374424
vt 0.509768 0.378035
vt 0.499958 0.381011
vt 0.587346 0.303500
vt 0.591900 0.294973
vt 0.595908 0.296975
vt 0.591214 0.305759
vt 0.595887 0.286167
vt 0.600016 0.287903
vt 0.604146 0.289640
vt 0.599915 0.298977
vt 0.595083 0.308019
vt 0.607593 0.136511
vt 0.612080 0.136580
vt 0.607526 0.122396
vt 0.612046 0.122956
vt 0.616566 0.123515
vt 0.616566 0.136649
vt 0.594109 0.050243
vt 0.596977 0.046369
vt 0.599845 0.042494
vt 0.607345 0.107354
vt 0.611946 0.109001
vt 0.607001 0.094307
vt 0.611710 0.096843
vt 0.616418 0.099378
vt 0.616548 0.110647
vt 0.576615 0.319571
vt 0.582243 0.311711
vt 0.585956 0.314218
vt 0.580156 0.322314
vt 0.589669 0.316724
vt 0.583698 0.325057
vt 0.524758 0.362148
vt 0.526729 0.366170
vt 0.533284 0.357589
vt 0.535513 0.361475
vt 0.537741 0.365360
vt 0.528700 0.370193
vt 0.599288 0.277119
vt 0.603523 0.278582
vt 0.602091 0.267870
vt 0.606412 0.269053
vt 0.610733 0.270237
vt 0.607757 0.280045
vt 0.605861 0.248751
vt 0.606849 0.238640
vt 0.611317 0.238955
vt 0.610299 0.249356
vt 0.607368 0.227619
vt 0.611851 0.227716
vt 0.616334 0.227814
vt 0.615786 0.239270
vt 0.614737 0.249961
vt 0.541493 0.352482
vt 0.543970 0.356214
vt 0.549351 0.346849
vt 0.552065 0.350412
vt 0.554780 0.353975
vt 0.546447 0.359947
vt 0.459411 0.377392
vt 0.469075 0.377075
vt 0.469366 0.381544
vt 0.459411 0.381870
vt 0.478697 0.376127
vt 0.479278 0.380568
vt 0.479860 0.385009
vt 0.469657 0.386013
vt 0.459411 0.386349
vt 0.607566 0.215342
vt 0.612051 0.215350
vt 0.607600 0.202329
vt 0.612083 0.202325
vt 0.616566 0.202320
vt 0.616537 0.215358
vt 0.604282 0.258437
vt 0.608672 0.259336
vt 0.613061 0.260234
vt 0.607602 0.189194
vt 0.612084 0.189190
vt 0.616566 0.189186
vt 0.578197 0.031224
vt 0.574135 0.027757
vt 0.573462 0.021638
vt 0.578094 0.025230
vt 0.569771 0.024469
vt 0.568561 0.018309
vt 0.567352 0.012149
vt 0.572789 0.015519
vt 0.577992 0.019235
vt 0.605687 0.080408
vt 0.604706 0.075672
vt 0.609535 0.076603
vt 0.610549 0.082168
vt 0.614363 0.077534
vt 0.615412 0.083927
vt 0.606451 0.085868
vt 0.611261 0.088331
vt 0.616071 0.090794
vt 0.488236 0.374551
vt 0.489105 0.378945
vt 0.489974 0.383338
vt 0.556823 0.340714
vt 0.559764 0.344093
vt 0.563877 0.334103
vt 0.567032 0.337284
vt 0.570187 0.340464
vt 0.562705 0.347472
vt 0.581881 0.034738
vt 0.582360 0.028952
vt 0.582838 0.023167
vt 0.570484 0.327045
vt 0.573839 0.330013
vt 0.577195 0.332982
vt 0.565338 0.021828
vt 0.563521 0.015484
vt 0.561966 0.022018
vt 0.558919 0.014262
vt 0.555872 0.006506
vt 0.561705 0.009140
vt 0.542409 0.054703
vt 0.507084 0.054027
vt 0.502444 0.043080
vt 0.535210 0.043925
vt 0.459411 0.052889
vt 0.459411 0.042523
vt 0.459411 0.032157
vt 0.497654 0.031523
vt 0.526257 0.027082
vt 0.560366 0.031850
vt 0.560302 0.034901
vt 0.551630 0.018770
vt 0.552930 0.017299
vt 0.560147 0.037345
vt 0.550883 0.022098
vt 0.541618 0.006851
vt 0.542957 0.002639
vt 0.545493 0.002748
vt 0.559552 0.046759
vt 0.557154 0.051874
vt 0.550042 0.045073
vt 0.549172 0.038012
vt 0.322391 0.054184
vt 0.320245 0.058266
vt 0.316452 0.055856
vt 0.319032 0.051004
vt 0.318347 0.062444
vt 0.314183 0.060848
vt 0.310020 0.059251
vt 0.312659 0.053446
vt 0.315674 0.047824
vt 0.316709 0.066734
vt 0.312238 0.065975
vt 0.315307 0.071138
vt 0.310609 0.071226
vt 0.305911 0.071314
vt 0.307768 0.065216
vt 0.333980 0.037776
vt 0.331979 0.039952
vt 0.330656 0.034681
vt 0.333004 0.032246
vt 0.330456 0.041793
vt 0.328844 0.036769
vt 0.327231 0.031745
vt 0.329332 0.029409
vt 0.332027 0.026715
vt 0.311219 0.149788
vt 0.311219 0.162923
vt 0.306738 0.162921
vt 0.306738 0.149786
vt 0.311219 0.176059
vt 0.306738 0.176055
vt 0.302256 0.176052
vt 0.302256 0.162918
vt 0.302256 0.149784
vt 0.328846 0.043962
vt 0.326888 0.039187
vt 0.326945 0.046745
vt 0.324565 0.042323
vt 0.322185 0.037901
vt 0.324931 0.034412
vt 0.402870 0.366140
vt 0.411919 0.369547
vt 0.410487 0.373791
vt 0.401165 0.370282
vt 0.421170 0.372355
vt 0.420018 0.376683
vt 0.418865 0.381011
vt 0.409055 0.378035
vt 0.399460 0.374424
vt 0.322936 0.286167
vt 0.326923 0.294974
vt 0.322915 0.296976
vt 0.318806 0.287904
vt 0.331477 0.303500
vt 0.327608 0.305760
vt 0.323740 0.308019
vt 0.318907 0.298978
vt 0.314676 0.289640
vt 0.311296 0.122396
vt 0.311229 0.136512
vt 0.306743 0.136580
vt 0.306776 0.122956
vt 0.302256 0.136649
vt 0.302256 0.123515
vt 0.324713 0.050243
vt 0.321845 0.046369
vt 0.318978 0.042494
vt 0.311822 0.094307
vt 0.311477 0.107354
vt 0.306876 0.109001
vt 0.307113 0.096843
vt 0.302275 0.110647
vt 0.302404 0.099378
vt 0.336579 0.311711
vt 0.332866 0.314218
vt 0.342208 0.319571
vt 0.338666 0.322314
vt 0.335124 0.325057
vt 0.329153 0.316724
vt 0.385538 0.357589
vt 0.394064 0.362148
vt 0.392093 0.366171
vt 0.383310 0.361475
vt 0.390122 0.370193
vt 0.381081 0.365360
vt 0.316732 0.267870
vt 0.319534 0.277120
vt 0.315300 0.278583
vt 0.312411 0.269054
vt 0.311065 0.280046
vt 0.308090 0.270237
vt 0.311454 0.227619
vt 0.311974 0.238640
vt 0.307505 0.238955
vt 0.306971 0.227717
vt 0.312962 0.248751
vt 0.308523 0.249357
vt 0.304085 0.249962
vt 0.303036 0.239271
vt 0.302489 0.227814
vt 0.369472 0.346849
vt 0.377329 0.352482
vt 0.374852 0.356214
vt 0.366757 0.350412
vt 0.372376 0.359947
vt 0.364043 0.353976
vt 0.440126 0.376127
vt 0.449748 0.377075
vt 0.449457 0.381544
vt 0.439544 0.380568
vt 0.449165 0.386013
vt 0.438963 0.385009
vt 0.311223 0.202330
vt 0.311256 0.215342
vt 0.306771 0.215350
vt 0.306739 0.202325
vt 0.302285 0.215358
vt 0.302256 0.202321
vt 0.314540 0.258438
vt 0.310151 0.259336
vt 0.305762 0.260234
vt 0.311220 0.189194
vt 0.306738 0.189190
vt 0.302256 0.189186
vt 0.349051 0.024469
vt 0.344688 0.027757
vt 0.345360 0.021638
vt 0.350261 0.018309
vt 0.340625 0.031224
vt 0.340728 0.025230
vt 0.340830 0.019235
vt 0.346033 0.015519
vt 0.351470 0.012149
vt 0.314116 0.075672
vt 0.309288 0.076603
vt 0.313136 0.080408
vt 0.308273 0.082168
vt 0.303411 0.083927
vt 0.304459 0.077534
vt 0.312371 0.085868
vt 0.307561 0.088331
vt 0.302751 0.090794
vt 0.430586 0.374551
vt 0.429717 0.378945
vt 0.428849 0.383339
vt 0.354945 0.334103
vt 0.362000 0.340714
vt 0.359059 0.344093
vt 0.351791 0.337284
vt 0.356118 0.347472
vt 0.348636 0.340464
vt 0.336941 0.034738
vt 0.336463 0.028952
vt 0.335984 0.023167
vt 0.348339 0.327046
vt 0.344983 0.330014
vt 0.341628 0.332982
vt 0.356856 0.022018
vt 0.353484 0.021828
vt 0.355301 0.015484
vt 0.359903 0.014262
vt 0.357117 0.009140
vt 0.362951 0.006505
vt 0.358456 0.031850
vt 0.358246 0.026467
vt 0.363486 0.015383
vt 0.365893 0.017299
vt 0.368727 0.004300
vt 0.373330 0.002748
vt 0.411739 0.054027
vt 0.416378 0.043080
vt 0.376414 0.054703
vt 0.383613 0.043925
vt 0.392565 0.027082
vt 0.421169 0.031523
vt 0.358675 0.037345
vt 0.358520 0.034901
vt 0.367193 0.018770
vt 0.367939 0.022098
vt 0.375865 0.002639
vt 0.377204 0.006851
vt 0.560576 0.026467
vt 0.555336 0.015383
vt 0.550095 0.004300
vt 0.349974 0.726558
vt 0.344115 0.717658
vt 0.556781 0.717658
vt 0.550921 0.726559
vt 0.368780 0.045073
vt 0.369651 0.038012
vt 0.361668 0.051874
vt 0.359270 0.046759
vt 0.559881 0.041461
vt 0.549980 0.029293
vt 0.538786 0.016940
vt 0.368842 0.029293
vt 0.358941 0.041461
vt 0.380036 0.016939
vt 0.927369 0.450473
vt 0.924978 0.459382
vt 0.924978 0.430078
vt 0.928388 0.429237
vt 0.922588 0.452191
vt 0.921569 0.429093
vt 0.201484 0.052352
vt 0.203465 0.051543
vt 0.193459 0.052808
vt 0.192813 0.027904
vt 0.200927 0.027912
vt 0.202959 0.027456
vt 0.174822 0.051464
vt 0.150236 0.050528
vt 0.150234 0.026760
vt 0.174564 0.027234
vt 0.284520 0.854759
vt 0.285539 0.875995
vt 0.282130 0.875153
vt 0.282130 0.845850
vt 0.278720 0.876139
vt 0.279739 0.853041
vt 0.097007 0.051542
vt 0.098988 0.052350
vt 0.097508 0.027455
vt 0.099540 0.027911
vt 0.107654 0.027903
vt 0.107014 0.052807
vt 0.125650 0.051463
vt 0.125903 0.027233
vt 0.174477 0.015716
vt 0.192657 0.016084
vt 0.150233 0.015457
vt 0.107808 0.016084
vt 0.125989 0.015716
vt 0.099993 0.010097
vt 0.099503 0.012478
vt 0.099653 0.016106
vt 0.097238 0.015925
vt 0.200471 0.010097
vt 0.200961 0.012478
vt 0.200812 0.016106
vt 0.203227 0.015925
vt 0.902565 0.676568
vt 0.897053 0.676568
vt 0.902862 0.669267
vt 0.908034 0.667440
vt 0.892421 0.676568
vt 0.900955 0.666077
vt 0.916510 0.654810
vt 0.881978 0.672368
vt 0.878463 0.668448
vt 0.883125 0.670895
vt 0.885826 0.673906
vt 0.874506 0.663569
vt 0.886315 0.668741
vt 0.870755 0.658317
vt 0.885217 0.652353
vt 0.894614 0.651938
vt 0.867353 0.652828
vt 0.886944 0.647500
vt 0.916510 0.637967
vt 0.897151 0.658510
vt 0.902580 0.652277
vt 0.916511 0.646488
vt 0.864316 0.647127
vt 0.881101 0.644671
vt 0.861657 0.641240
vt 0.889437 0.639166
vt 0.859388 0.635190
vt 0.877543 0.628911
vt 0.888433 0.629709
vt 0.857518 0.629008
vt 0.881028 0.623725
vt 0.916510 0.618457
vt 0.856058 0.622605
vt 0.875414 0.620513
vt 0.855021 0.615433
vt 0.885910 0.616796
vt 0.855699 0.607461
vt 0.875405 0.607329
vt 0.885711 0.610362
vt 0.864511 0.601202
vt 0.886335 0.604416
vt 0.916510 0.607408
vt 0.896819 0.614308
vt 0.916511 0.613512
vt 0.891941 0.613185
vt 0.916511 0.611223
vt 0.885250 0.598947
vt 0.896532 0.600321
vt 0.892486 0.601518
vt 0.906248 0.599547
vt 0.915207 0.601283
vt 0.916511 0.603380
vt 0.916510 0.605436
vt 0.896868 0.603321
vt 0.916511 0.609337
vt 0.896773 0.611384
vt 0.916511 0.627618
vt 0.898169 0.632100
vt 0.916467 0.664552
vt 0.915585 0.668997
vt 0.914073 0.667415
vt 0.916168 0.672715
vt 0.915217 0.676079
vt 0.912766 0.676568
vt 0.886650 0.676061
vt 0.884535 0.674818
vt 0.886706 0.675351
vt 0.889080 0.676504
vt 0.894383 0.664466
vt 0.910712 0.669446
vt 0.908220 0.676568
vt 0.857807 0.576459
vt 0.852338 0.567331
vt 0.857509 0.569158
vt 0.863319 0.576459
vt 0.843861 0.554701
vt 0.859417 0.565968
vt 0.867951 0.576459
vt 0.878394 0.572259
vt 0.874546 0.573797
vt 0.877246 0.570786
vt 0.881909 0.568339
vt 0.874057 0.568632
vt 0.885866 0.563460
vt 0.865758 0.551829
vt 0.875155 0.552244
vt 0.889617 0.558208
vt 0.843861 0.537858
vt 0.873427 0.547391
vt 0.893019 0.552719
vt 0.843861 0.546379
vt 0.857791 0.552167
vt 0.863221 0.558401
vt 0.879270 0.544562
vt 0.896056 0.547018
vt 0.870935 0.539057
vt 0.898714 0.541131
vt 0.871939 0.529600
vt 0.882829 0.528802
vt 0.900984 0.535081
vt 0.843861 0.518348
vt 0.879344 0.523616
vt 0.902853 0.528899
vt 0.884957 0.520404
vt 0.904313 0.522496
vt 0.874461 0.516687
vt 0.905351 0.515324
vt 0.874661 0.510253
vt 0.884967 0.507220
vt 0.904673 0.507352
vt 0.843861 0.507299
vt 0.874037 0.504306
vt 0.895860 0.501093
vt 0.843861 0.513403
vt 0.863552 0.514199
vt 0.843861 0.511114
vt 0.868431 0.513075
vt 0.867886 0.501409
vt 0.863840 0.500212
vt 0.875122 0.498838
vt 0.843861 0.503271
vt 0.845164 0.501174
vt 0.854124 0.499438
vt 0.863503 0.503212
vt 0.843861 0.505326
vt 0.863598 0.511275
vt 0.843861 0.509228
vt 0.862202 0.531991
vt 0.843861 0.527509
vt 0.846299 0.567306
vt 0.844786 0.568888
vt 0.843905 0.564443
vt 0.847606 0.576459
vt 0.845155 0.575970
vt 0.844204 0.572606
vt 0.873721 0.575952
vt 0.871291 0.576395
vt 0.873665 0.575242
vt 0.875837 0.574709
vt 0.865989 0.564357
vt 0.849660 0.569337
vt 0.852152 0.576459
vt 0.659421 0.534573
vt 0.659800 0.541352
vt 0.658855 0.527771
vt 0.661414 0.530326
vt 0.662553 0.534955
vt 0.662044 0.539383
vt 0.625532 0.514831
vt 0.625391 0.512327
vt 0.627129 0.515774
vt 0.627860 0.518491
vt 0.282521 0.675785
vt 0.280947 0.665616
vt 0.284213 0.685989
vt 0.282185 0.682428
vt 0.280528 0.675210
vt 0.279920 0.668295
vt 0.994755 0.354245
vt 0.997039 0.355720
vt 0.889514 0.907837
vt 0.902641 0.901461
vt 0.900534 0.904300
vt 0.894396 0.907837
vt 0.912524 0.897120
vt 0.904323 0.903396
vt 0.898515 0.907837
vt 0.906930 0.896730
vt 0.915912 0.892375
vt 0.901792 0.893127
vt 0.918987 0.887412
vt 0.902766 0.907545
vt 0.901154 0.907801
vt 0.902706 0.907075
vt 0.904097 0.906763
vt 0.903425 0.905975
vt 0.905982 0.904889
vt 0.905711 0.903682
vt 0.908979 0.901502
vt 0.891843 0.881110
vt 0.897799 0.872794
vt 0.886040 0.890076
vt 0.879986 0.875361
vt 0.879986 0.865588
vt 0.879986 0.856936
vt 0.881523 0.904851
vt 0.880181 0.898478
vt 0.882505 0.895336
vt 0.884884 0.907458
vt 0.879986 0.890588
vt 0.879986 0.883325
vt 0.930104 0.854267
vt 0.908337 0.848884
vt 0.914092 0.846343
vt 0.929554 0.848323
vt 0.888477 0.842993
vt 0.905448 0.842392
vt 0.922486 0.843875
vt 0.927878 0.865882
vt 0.903932 0.856164
vt 0.905001 0.852398
vt 0.929192 0.860186
vt 0.879986 0.846447
vt 0.881048 0.844546
vt 0.924137 0.876934
vt 0.902062 0.863519
vt 0.903088 0.859891
vt 0.926189 0.871465
vt 0.879986 0.850104
vt 0.879986 0.848316
vt 0.900697 0.867335
vt 0.921733 0.882258
vt 0.879986 0.852266
vt 0.669694 0.926066
vt 0.664812 0.926067
vt 0.658673 0.922530
vt 0.656567 0.919690
vt 0.660693 0.926067
vt 0.654884 0.921626
vt 0.646683 0.915349
vt 0.643295 0.910604
vt 0.652277 0.914960
vt 0.640220 0.905642
vt 0.657416 0.911356
vt 0.656442 0.925775
vt 0.655110 0.924993
vt 0.656501 0.925305
vt 0.658053 0.926030
vt 0.653225 0.923118
vt 0.655783 0.924205
vt 0.650229 0.919731
vt 0.653497 0.921912
vt 0.661408 0.891023
vt 0.667364 0.899340
vt 0.679221 0.875165
vt 0.679221 0.883817
vt 0.679221 0.893590
vt 0.673167 0.908306
vt 0.677685 0.923080
vt 0.674324 0.925687
vt 0.676702 0.913566
vt 0.679026 0.916707
vt 0.679221 0.901554
vt 0.679221 0.908818
vt 0.629103 0.872497
vt 0.629654 0.866553
vt 0.645115 0.864572
vt 0.650870 0.867113
vt 0.636722 0.862105
vt 0.653759 0.860622
vt 0.670730 0.861222
vt 0.631329 0.884111
vt 0.630015 0.878416
vt 0.654207 0.870627
vt 0.655275 0.874394
vt 0.678160 0.862775
vt 0.679221 0.864676
vt 0.635070 0.895164
vt 0.633018 0.889695
vt 0.656119 0.878120
vt 0.657145 0.881749
vt 0.679221 0.866546
vt 0.679221 0.868334
vt 0.637474 0.900488
vt 0.658510 0.885565
vt 0.679221 0.870495
vt 0.293048 0.668023
vt 0.294115 0.675133
vt 0.291880 0.661183
vt 0.293553 0.660137
vt 0.294724 0.663503
vt 0.295013 0.669248
vt 0.614397 0.529666
vt 0.612497 0.533472
vt 0.290289 0.626645
vt 0.290121 0.633142
vt 0.290362 0.620207
vt 0.291551 0.621689
vt 0.291895 0.625657
vt 0.291394 0.630145
vt 0.644660 0.513227
vt 0.644352 0.511698
vt 0.645048 0.514631
vt 0.643896 0.515732
vt 0.643314 0.515327
vt 0.643441 0.513817
vt 0.614313 0.582139
vt 0.614258 0.592076
vt 0.612934 0.587028
vt 0.612468 0.579681
vt 0.960442 0.810161
vt 0.988387 0.810241
vt 0.932463 0.810241
vt 0.942599 0.808174
vt 0.961024 0.807465
vt 0.979143 0.808174
vt 0.645979 0.521511
vt 0.645144 0.515135
vt 0.646900 0.527801
vt 0.645498 0.526712
vt 0.644547 0.522953
vt 0.644351 0.518435
vt 0.937630 0.339926
vt 0.937658 0.328907
vt 0.935695 0.337859
vt 0.935716 0.328112
vt 0.614311 0.520911
vt 0.614325 0.518520
vt 0.612541 0.525640
vt 0.613035 0.522740
vt 0.937645 0.319931
vt 0.935704 0.320170
vt 0.290862 0.613072
vt 0.290377 0.619503
vt 0.291255 0.606628
vt 0.292283 0.609025
vt 0.292401 0.613292
vt 0.291709 0.617443
vt 0.982973 0.366969
vt 0.982970 0.371620
vt 0.980580 0.371979
vt 0.980582 0.367862
vt 0.937554 0.359358
vt 0.935692 0.355028
vt 0.982983 0.374616
vt 0.983061 0.376573
vt 0.981360 0.375951
vt 0.980678 0.374580
vt 0.632830 0.395563
vt 0.635752 0.398422
vt 0.627523 0.399403
vt 0.627487 0.398188
vt 0.633244 0.394473
vt 0.636435 0.397699
vt 0.627141 0.448464
vt 0.620787 0.443931
vt 0.633477 0.453004
vt 0.632918 0.453778
vt 0.626584 0.449240
vt 0.620232 0.444708
vt 0.639493 0.404052
vt 0.644139 0.410699
vt 0.640270 0.403492
vt 0.644913 0.410140
vt 0.606575 0.432620
vt 0.608894 0.425570
vt 0.609396 0.435842
vt 0.608714 0.436531
vt 0.605659 0.433086
vt 0.607922 0.425564
vt 0.617735 0.411974
vt 0.617136 0.411251
vt 0.649117 0.417340
vt 0.654320 0.423699
vt 0.649868 0.416750
vt 0.655042 0.423075
vt 0.614590 0.439521
vt 0.614020 0.440288
vt 0.680723 0.523976
vt 0.682018 0.552470
vt 0.678391 0.501495
vt 0.679984 0.501874
vt 0.682319 0.523954
vt 0.683632 0.552470
vt 0.675959 0.481934
vt 0.676360 0.485845
vt 0.675628 0.478131
vt 0.676718 0.479173
vt 0.677372 0.481904
vt 0.677850 0.485598
vt 0.675746 0.451383
vt 0.675924 0.448938
vt 0.677396 0.449309
vt 0.677676 0.452418
vt 0.677033 0.446049
vt 0.678784 0.449530
vt 0.678871 0.452129
vt 0.673431 0.460406
vt 0.674934 0.461092
vt 0.674717 0.464364
vt 0.673577 0.456844
vt 0.675476 0.457966
vt 0.677374 0.459089
vt 0.676457 0.461806
vt 0.675917 0.464660
vt 0.652631 0.466729
vt 0.646186 0.462141
vt 0.658986 0.471194
vt 0.656512 0.470370
vt 0.651700 0.467279
vt 0.645566 0.462901
vt 0.674445 0.453921
vt 0.676493 0.455220
vt 0.677707 0.452734
vt 0.678810 0.454381
vt 0.678443 0.456552
vt 0.664450 0.475679
vt 0.663122 0.476158
vt 0.659492 0.471777
vt 0.666826 0.480512
vt 0.664613 0.479475
vt 0.661869 0.476610
vt 0.659784 0.473507
vt 0.671137 0.491512
vt 0.669486 0.492269
vt 0.667187 0.481275
vt 0.671987 0.506879
vt 0.670341 0.507390
vt 0.667940 0.492928
vt 0.666649 0.484563
vt 0.674577 0.467494
vt 0.674629 0.470674
vt 0.675791 0.467654
vt 0.675996 0.470813
vt 0.675006 0.474088
vt 0.675491 0.477539
vt 0.676341 0.474010
vt 0.676321 0.476483
vt 0.674453 0.528012
vt 0.675605 0.552470
vt 0.673943 0.552470
vt 0.672801 0.528167
vt 0.639805 0.457557
vt 0.639237 0.458329
vt 0.659742 0.429704
vt 0.665334 0.435339
vt 0.660435 0.429048
vt 0.666031 0.434684
vt 0.677011 0.490664
vt 0.678531 0.490520
vt 0.670987 0.440603
vt 0.676507 0.445552
vt 0.671514 0.439844
vt 0.675440 0.443709
vt 0.632830 0.709377
vt 0.627523 0.705538
vt 0.635752 0.706519
vt 0.636435 0.707242
vt 0.633244 0.710467
vt 0.627487 0.706753
vt 0.627141 0.656477
vt 0.633477 0.651937
vt 0.620787 0.661010
vt 0.620232 0.660233
vt 0.626584 0.655701
vt 0.632918 0.651163
vt 0.639493 0.700889
vt 0.644139 0.694241
vt 0.644912 0.694801
vt 0.640270 0.701448
vt 0.606575 0.672320
vt 0.609396 0.669098
vt 0.608894 0.679371
vt 0.607922 0.679377
vt 0.605659 0.671855
vt 0.608714 0.668410
vt 0.617735 0.692967
vt 0.617135 0.693689
vt 0.649117 0.687601
vt 0.654320 0.681241
vt 0.655042 0.681866
vt 0.649868 0.688191
vt 0.614590 0.665419
vt 0.614020 0.664652
vt 0.680723 0.580964
vt 0.678391 0.603446
vt 0.682319 0.580987
vt 0.679984 0.603067
vt 0.675959 0.623007
vt 0.675628 0.626810
vt 0.676360 0.619096
vt 0.677849 0.619343
vt 0.677372 0.623036
vt 0.676718 0.625767
vt 0.675285 0.656323
vt 0.677217 0.656354
vt 0.676612 0.659676
vt 0.675153 0.653855
vt 0.677823 0.653032
vt 0.673076 0.648347
vt 0.673142 0.644679
vt 0.674804 0.643914
vt 0.675257 0.647084
vt 0.674682 0.640594
vt 0.675929 0.640274
vt 0.676494 0.643116
vt 0.677438 0.645820
vt 0.652631 0.638212
vt 0.658986 0.633747
vt 0.646186 0.642800
vt 0.645566 0.642040
vt 0.651700 0.637662
vt 0.656512 0.634570
vt 0.673860 0.651312
vt 0.676237 0.649849
vt 0.677438 0.652340
vt 0.678507 0.648357
vt 0.678782 0.650574
vt 0.664450 0.629262
vt 0.663122 0.628783
vt 0.666826 0.624429
vt 0.659492 0.633164
vt 0.659784 0.631434
vt 0.661869 0.628331
vt 0.664613 0.625466
vt 0.671137 0.613429
vt 0.669486 0.612672
vt 0.671987 0.598062
vt 0.667187 0.623666
vt 0.666648 0.620377
vt 0.667940 0.612013
vt 0.670341 0.597550
vt 0.674574 0.637449
vt 0.674629 0.634267
vt 0.675996 0.634127
vt 0.675792 0.637286
vt 0.675006 0.630853
vt 0.675491 0.627402
vt 0.676321 0.628458
vt 0.676341 0.630931
vt 0.674453 0.576928
vt 0.672801 0.576773
vt 0.639805 0.647384
vt 0.639237 0.646612
vt 0.659729 0.675243
vt 0.665214 0.669662
vt 0.665901 0.670321
vt 0.660419 0.675901
vt 0.677011 0.614276
vt 0.678531 0.614420
vt 0.670606 0.664528
vt 0.675782 0.659751
vt 0.674801 0.661551
vt 0.671126 0.665291
s 1
usemtl Material
f 180/9/157 1634/10/1271 4244/11/3311 1889/12/1491
f 1634/10/1271 68/13/56 1610/14/1251 4244/11/3311
f 4244/11/3311 1610/14/1251 89/15/77 1955/16/1546
f 1889/12/1491 4244/11/3311 1955/16/1546 179/17/156
f 68/13/56 1603/18/1244 4245/19/3312 1610/14/1251
f 1603/18/1244 69/20/57 1743/21/1363 4245/19/3312
f 4245/19/3312 1743/21/1363 90/22/78 1933/23/1525
f 1610/14/1251 4245/19/3312 1933/23/1525 89/15/77
f 69/20/57 1761/24/1380 4246/25/3313 1743/21/1363
f 1761/24/1380 181/26/158 1485/27/1146 4246/25/3313
f 4246/25/3313 1485/27/1146 182/28/159 1475/29/1139
f 1743/21/1363 4246/25/3313 1475/29/1139 90/22/78
f 70/30/58 1865/31/1470 4247/32/3314 1934/33/1526
f 1865/31/1470 56/34/44 1874/35/1479 4247/32/3314
f 4247/32/3314 1874/35/1479 104/36/92 1538/37/1187
f 1934/33/1526 4247/32/3314 1538/37/1187 91/38/79
f 274/39/224 1445/40/1113 4248/41/3315 1729/42/1349
f 1445/40/1113 71/43/59 1537/44/1186 4248/41/3315
f 4248/41/3315 1537/44/1186 93/45/81 1593/46/1234
f 1729/42/1349 4248/41/3315 1593/46/1234 275/47/225
f 71/43/59 1533/48/1182 4249/49/3316 1537/44/1186
f 1533/48/1182 72/50/60 1612/51/1253 4249/49/3316
f 4249/49/3316 1612/51/1253 94/52/82 1682/53/1310
f 1537/44/1186 4249/49/3316 1682/53/1310 93/45/81
f 72/50/60 1604/54/1245 4250/55/3317 1612/51/1253
f 1604/54/1245 73/56/61 1807/57/1421 4250/55/3317
f 4250/55/3317 1807/57/1421 95/58/83 1744/59/1364
f 1612/51/1253 4250/55/3317 1744/59/1364 94/52/82
f 73/56/61 1804/60/1418 4251/61/3318 1807/57/1421
f 1804/60/1418 74/62/62 1936/63/1528 4251/61/3318
f 4251/61/3318 1936/63/1528 96/64/84 1808/65/1422
f 1807/57/1421 4251/61/3318 1808/65/1422 95/58/83
f 74/62/62 1928/66/1520 4252/67/3319 1936/63/1528
f 1928/66/1520 75/68/63 1459/69/1126 4252/67/3319
f 4252/67/3319 1459/69/1126 97/70/85 1873/71/1478
f 1936/63/1528 4252/67/3319 1873/71/1478 96/64/84
f 289/72/233 4156/73/3236 4253/74/3320 4160/75/3240
f 4156/73/3236 76/76/64 1678/77/1306 4253/74/3320
f 4253/74/3320 1678/77/1306 54/78/42 4159/79/3239
f 4160/75/3240 4253/74/3320 4159/79/3239 325/80/267
f 76/76/64 4158/81/3238 4254/82/3321 1678/77/1306
f 4158/81/3238 77/83/65 1613/84/1254 4254/82/3321
f 4254/82/3321 1613/84/1254 320/85/262 4162/86/3242
f 1678/77/1306 4254/82/3321 4162/86/3242 54/78/42
f 77/83/65 4161/87/3241 4255/88/3322 1613/84/1254
f 4161/87/3241 78/89/66 1684/90/1312 4255/88/3322
f 4255/88/3322 1684/90/1312 99/91/87 4157/92/3237
f 1613/84/1254 4255/88/3322 4157/92/3237 320/85/262
f 78/89/66 4175/93/3250 4256/94/3323 1684/90/1312
f 4175/93/3250 79/95/67 1969/96/1560 4256/94/3323
f 4256/94/3323 1969/96/1560 328/97/270 4174/98/3249
f 1684/90/1312 4256/94/3323 4174/98/3249 99/91/87
f 79/95/67 4177/99/3251 4257/100/3324 1969/96/1560
f 4177/99/3251 294/101/236 2345/102/1918 4257/100/3324
f 4257/100/3324 2345/102/1918 329/103/271 4167/104/3245
f 1969/96/1560 4257/100/3324 4167/104/3245 328/97/270
f 329/105/271 1991/106/1576 4258/107/3325 1989/108/1574
f 1107/109/836 4171/110/3248 4258/107/3325 1991/106/1576
f 1110/111/839 1989/108/1574 4258/107/3325 4171/110/3248
f 330/112/272 3470/113/123 4259/114/123 3469/115/123
f 1105/116/123 4176/117/123 4259/114/123 3470/113/123
f 1100/118/123 3469/115/123 4259/114/123 4176/117/123
f 57/119/45 1742/120/1362 4260/121/3326 1455/122/1123
f 1742/120/1362 59/123/47 1607/124/1248 4260/121/3326
f 4260/121/3326 1607/124/1248 81/125/69 1869/126/1474
f 1455/122/1123 4260/121/3326 1869/126/1474 80/127/68
f 59/128/47 1627/129/1264 4261/130/3327 1607/131/1248
f 1627/129/1264 155/132/132 1469/133/1136 4261/130/3327
f 4261/130/3327 1469/133/1136 82/134/70 1930/135/1522
f 1607/131/1248 4261/130/3327 1930/135/1522 81/136/69
f 61/137/49 1801/138/1415 4262/139/3328 1819/140/1432
f 1801/138/1415 62/141/50 1870/142/1475 4262/139/3328
f 4262/139/3328 1870/142/1475 83/143/71 1548/144/1196
f 1819/140/1432 4262/139/3328 1548/144/1196 157/145/134
f 62/141/50 1864/146/1469 4263/147/3329 1870/142/1475
f 1864/146/1469 63/148/51 1536/149/1185 4263/147/3329
f 4263/147/3329 1536/149/1185 84/150/72 1685/151/1313
f 1870/142/1475 4263/147/3329 1685/151/1313 83/143/71
f 63/148/51 1547/152/1195 4264/153/3330 1536/149/1185
f 1547/152/1195 156/154/133 1949/155/1540 4264/153/3330
f 4264/153/3330 1949/155/1540 158/156/135 1628/157/1265
f 1536/149/1185 4264/153/3330 1628/157/1265 84/150/72
f 169/158/146 1758/159/1377 4265/160/3331 1759/161/1378
f 1758/159/1377 65/162/53 1741/163/1361 4265/160/3331
f 4265/160/3331 1741/163/1361 86/164/74 1738/165/1358
f 1759/161/1378 4265/160/3331 1738/165/1358 170/166/147
f 65/162/53 1736/167/1356 4266/168/3332 1741/163/1361
f 1736/167/1356 66/169/54 1872/170/1477 4266/168/3332
f 4266/168/3332 1872/170/1477 87/171/75 1623/172/1262
f 1741/163/1361 4266/168/3332 1623/172/1262 86/164/74
f 66/169/54 1886/173/1488 4267/174/3333 1872/170/1477
f 1886/173/1488 168/175/145 1632/176/1269 4267/174/3333
f 4267/174/3333 1632/176/1269 167/177/144 1820/178/1433
f 1872/170/1477 4267/174/3333 1820/178/1433 87/171/75
f 191/179/168 1637/180/1274 4268/181/3334 1639/182/1275
f 1637/180/1274 10/183/4 1611/184/1252 4268/181/3334
f 4268/181/3334 1611/184/1252 92/185/80 1656/186/1289
f 1639/182/1275 4268/181/3334 1656/186/1289 195/187/172
f 199/188/176 1830/189/1443 4269/190/3335 1640/191/1276
f 1830/189/1443 55/192/43 1695/193/1321 4269/190/3335
f 4269/190/3335 1695/193/1321 10/194/4 1637/195/1274
f 1640/191/1276 4269/190/3335 1637/195/1274 191/196/168
f 1256/197/962 1771/198/1389 4270/199/3336 1799/200/1413
f 1771/198/1389 1257/201/963 1863/202/1468 4270/199/3336
f 4270/199/3336 1863/202/1468 59/203/47 1742/204/1362
f 1799/200/1413 4270/199/3336 1742/204/1362 57/205/45
f 1257/201/963 1882/206/1484 4271/207/3337 1863/202/1468
f 155/208/132 1627/209/1264 4271/207/3337 1882/206/1484
f 59/203/47 1863/202/1468 4271/207/3337 1627/209/1264
f 13/210/6 1497/211/1153 4272/212/3338 1530/213/1179
f 1497/211/1153 14/214/7 1602/215/1243 4272/212/3338
f 4272/212/3338 1602/215/1243 62/216/50 1801/217/1415
f 1530/213/1179 4272/212/3338 1801/217/1415 61/218/49
f 14/214/7 1561/219/1207 4273/220/3339 1602/215/1243
f 1561/219/1207 15/221/8 1735/222/1355 4273/220/3339
f 4273/220/3339 1735/222/1355 63/223/51 1864/224/1469
f 1602/215/1243 4273/220/3339 1864/224/1469 62/216/50
f 15/221/8 1715/225/1340 4274/226/3340 1735/222/1355
f 1715/225/1340 16/227/9 1948/228/1539 4274/226/3340
f 4274/226/3340 1948/228/1539 156/229/133 1547/230/1195
f 1735/222/1355 4274/226/3340 1547/230/1195 63/223/51
f 162/231/139 1550/232/1198 4275/233/3341 1822/234/1435
f 1550/232/1198 17/235/10 1531/236/1180 4275/233/3341
f 4275/233/3341 1531/236/1180 65/237/53 1758/238/1377
f 1822/234/1435 4275/233/3341 1758/238/1377 169/239/146
f 17/235/10 1501/240/1155 4276/241/3342 1531/236/1180
f 1501/240/1155 18/242/11 1676/243/1304 4276/241/3342
f 4276/241/3342 1676/243/1304 66/244/54 1736/245/1356
f 1531/236/1180 4276/241/3342 1736/245/1356 65/237/53
f 18/242/11 1648/246/1281 4277/247/3343 1676/243/1304
f 1648/246/1281 19/248/12 1821/249/1434 4277/247/3343
f 4277/247/3343 1821/249/1434 168/250/145 1886/251/1488
f 1676/243/1304 4277/247/3343 1886/251/1488 66/244/54
f 174/252/151 1954/253/1545 4278/254/3344 1554/255/1202
f 1954/253/1545 20/256/13 1926/257/1518 4278/254/3344
f 4278/254/3344 1926/257/1518 68/258/56 1634/259/1271
f 1554/255/1202 4278/254/3344 1634/259/1271 180/260/157
f 20/256/13 1903/261/1502 4279/262/3345 1926/257/1518
f 1903/261/1502 21/263/14 1532/264/1181 4279/262/3345
f 4279/262/3345 1532/264/1181 69/265/57 1603/266/1244
f 1926/257/1518 4279/262/3345 1603/266/1244 68/258/56
f 21/263/14 1503/267/1157 4280/268/3346 1532/264/1181
f 1503/267/1157 22/269/15 1709/270/1335 4280/268/3346
f 4280/268/3346 1709/270/1335 181/271/158 1761/272/1380
f 1532/264/1181 4280/268/3346 1761/272/1380 69/265/57
f 31/273/20 1513/274/1164 4281/275/3347 1677/276/1305
f 1513/274/1164 30/277/19 1466/278/1133 4281/275/3347
f 4281/275/3347 1466/278/1133 72/279/60 1533/280/1182
f 1677/276/1305 4281/275/3347 1533/280/1182 71/281/59
f 30/277/19 1845/282/1453 4282/283/3348 1466/278/1133
f 1845/282/1453 29/284/18 1866/285/1471 4282/283/3348
f 4282/283/3348 1866/285/1471 73/286/61 1604/287/1245
f 1466/278/1133 4282/283/3348 1604/287/1245 72/279/60
f 29/284/18 1721/288/1344 4283/289/3349 1866/285/1471
f 1721/288/1344 28/290/17 1737/291/1357 4283/289/3349
f 4283/289/3349 1737/291/1357 74/292/62 1804/293/1418
f 1866/285/1471 4283/289/3349 1804/293/1418 73/286/61
f 28/290/17 1573/294/1219 4284/295/3350 1737/291/1357
f 1573/294/1219 27/296/16 1605/297/1246 4284/295/3350
f 4284/295/3350 1605/297/1246 75/298/63 1928/299/1520
f 1737/291/1357 4284/295/3350 1928/299/1520 74/292/62
f 1240/300/956 1529/301/1178 4285/302/3351 1798/303/1412
f 1529/301/1178 1239/304/955 1454/305/1122 4285/302/3351
f 4285/302/3351 1454/305/1122 1382/306/1054 1451/307/1119
f 1798/303/1412 4285/302/3351 1451/307/1119 1383/308/1055
f 1239/304/955 1907/309/1506 4286/310/3352 1454/305/1122
f 1907/309/1506 1260/311/965 1929/312/1521 4286/310/3352
f 4286/310/3352 1929/312/1521 1386/313/1058 1535/314/1184
f 1454/305/1122 4286/310/3352 1535/314/1184 1382/306/1054
f 1260/311/965 1781/315/1398 4287/316/3353 1929/312/1521
f 1781/315/1398 1259/317/964 1805/318/1419 4287/316/3353
f 4287/316/3353 1805/318/1419 1389/319/1061 1606/320/1247
f 1929/312/1521 4287/316/3353 1606/320/1247 1386/313/1058
f 1259/317/964 1972/321/1563 4288/322/3354 1805/318/1419
f 1972/321/1563 1263/323/967 1965/324/1556 4288/322/3354
f 4288/322/3354 1965/324/1556 1404/325/1076 1980/326/1568
f 1805/318/1419 4288/322/3354 1980/326/1568 1389/319/1061
f 1263/323/967 3666/327/2970 4289/328/3355 1965/324/1556
f 3666/327/2970 1266/329/970 3665/330/2969 4289/328/3355
f 4289/328/3355 3665/330/2969 1394/331/1066 2344/332/1917
f 1965/324/1556 4289/328/3355 2344/332/1917 1404/325/1076
f 229/333/197 1565/334/1211 4290/335/3356 1521/336/1170
f 1565/334/1211 31/273/20 1677/276/1305 4290/335/3356
f 4290/335/3356 1677/276/1305 71/281/59 1445/337/1113
f 1521/336/1170 4290/335/3356 1445/337/1113 274/338/224
f 186/339/163 1489/340/1147 4291/341/3357 1957/342/1548
f 1489/340/1147 9/343/3 1452/344/1120 4291/341/3357
f 4291/341/3357 1452/344/1120 56/345/44 1865/346/1470
f 1957/342/1548 4291/341/3357 1865/346/1470 70/347/58
f 257/348/22 1436/349/22 4292/350/22 1576/351/22
f 1436/349/22 254/352/22 1784/353/22 4292/350/22
f 4292/350/22 1784/353/22 140/354/22 1458/355/22
f 1576/351/22 4292/350/22 1458/355/22 139/356/22
f 36/357/24 1757/358/1376 4293/359/3358 1740/360/1360
f 1757/358/1376 164/361/141 1476/362/1140 4293/359/3358
f 4293/359/3358 1476/362/1140 157/363/134 1548/364/1196
f 1740/360/1360 4293/359/3358 1548/364/1196 83/365/71
f 38/366/26 1726/367/1346 4294/368/3359 1871/369/1476
f 1726/367/1346 36/357/24 1740/360/1360 4294/368/3359
f 4294/368/3359 1740/360/1360 83/365/71 1685/370/1313
f 1871/369/1476 4294/368/3359 1685/370/1313 84/371/72
f 40/372/28 1850/373/1455 4295/374/3360 1471/375/1138
f 1850/373/1455 38/366/26 1871/369/1476 4295/374/3360
f 4295/374/3360 1871/369/1476 84/371/72 1628/376/1265
f 1471/375/1138 4295/374/3360 1628/376/1265 158/377/135
f 43/378/31 1701/379/1327 4296/380/3361 1680/381/1308
f 1701/379/1327 166/382/143 1551/383/1199 4296/380/3361
f 4296/380/3361 1551/383/1199 170/384/147 1738/385/1358
f 1680/381/1308 4296/380/3361 1738/385/1358 86/386/74
f 45/387/33 1669/388/1298 4297/389/3362 1806/390/1420
f 1669/388/1298 43/378/31 1680/381/1308 4297/389/3362
f 4297/389/3362 1680/381/1308 86/386/74 1623/391/1262
f 1806/390/1420 4297/389/3362 1623/391/1262 87/392/75
f 47/393/35 1791/394/1407 4298/395/3363 1951/396/1542
f 1791/394/1407 45/387/33 1806/390/1420 4298/395/3363
f 4298/395/3363 1806/390/1420 87/392/75 1820/397/1433
f 1951/396/1542 4298/395/3363 1820/397/1433 167/398/144
f 48/399/36 1483/400/1144 4299/401/3364 1457/402/1125
f 1483/400/1144 178/403/155 1825/404/1438 4299/401/3364
f 4299/401/3364 1825/404/1438 179/405/156 1955/406/1546
f 1457/402/1125 4299/401/3364 1955/406/1546 89/407/77
f 50/408/38 1694/409/1320 4300/410/3365 1896/411/1498
f 1694/409/1320 48/399/36 1457/402/1125 4300/410/3365
f 4300/410/3365 1457/402/1125 89/407/77 1933/412/1525
f 1896/411/1498 4300/410/3365 1933/412/1525 90/413/78
f 51/414/39 1595/415/1236 4301/416/3366 1762/417/1381
f 1595/415/1236 50/408/38 1896/411/1498 4301/416/3366
f 4301/416/3366 1896/411/1498 90/413/78 1475/418/1139
f 1762/417/1381 4301/416/3366 1475/418/1139 182/419/159
f 243/420/208 1839/421/1450 4302/422/3367 1507/423/1161
f 97/424/85 1795/425/1409 4302/422/3367 1839/421/1450
f 53/426/41 1507/423/1161 4302/422/3367 1795/425/1409
f 253/427/22 1722/428/22 4303/429/22 1660/430/22
f 1722/428/22 250/431/22 1434/432/22 4303/429/22
f 4303/429/22 1434/432/22 145/433/22 1543/434/22
f 1660/430/22 4303/429/22 1543/434/22 146/435/22
f 254/352/22 1675/436/255 4304/437/255 1784/353/22
f 1675/436/255 249/438/211 1720/439/124 4304/437/255
f 4304/437/255 1720/439/124 141/440/124 1751/441/255
f 1784/353/22 4304/437/255 1751/441/255 140/354/22
f 258/442/22 1514/443/22 4305/444/22 1577/445/22
f 1514/443/22 253/427/22 1660/430/22 4305/444/22
f 4305/444/22 1660/430/22 146/435/22 1625/446/22
f 1577/445/22 4305/444/22 1625/446/22 147/447/22
f 251/448/22 1911/449/22 4306/450/22 1908/451/22
f 1911/449/22 258/442/22 1577/445/22 4306/450/22
f 4306/450/22 1577/445/22 147/447/22 1559/452/22
f 1908/451/22 4306/450/22 1559/452/22 211/453/22
f 252/454/22 1909/455/22 4307/456/22 1843/457/22
f 1909/455/22 251/448/22 1908/451/22 4307/456/22
f 4307/456/22 1908/451/22 211/453/22 1900/458/22
f 1843/457/22 4307/456/22 1900/458/22 212/459/22
f 206/460/182 1769/461/1388 4308/462/3368 1426/463/1098
f 1769/461/1388 32/464/21 1746/465/1366 4308/462/3368
f 4308/462/3368 1746/465/1366 104/466/92 1895/467/1497
f 1426/463/1098 4308/462/3368 1895/467/1497 198/468/175
f 32/464/21 1764/469/1383 4309/470/3369 1746/465/1366
f 1764/469/1383 190/471/167 1557/472/1205 4309/470/3369
f 4309/470/3369 1557/472/1205 91/473/79 1538/474/1187
f 1746/465/1366 4309/470/3369 1538/474/1187 104/466/92
f 105/475/93 1849/476/1454 4310/477/3370 1937/478/1529
f 1849/476/1454 523/479/435 1438/480/1106 4310/477/3370
f 4310/477/3370 1438/480/1106 522/481/434 1516/482/1165
f 1937/478/1529 4310/477/3370 1516/482/1165 106/483/94
f 106/483/94 1516/482/1165 4311/484/3371 1461/485/1128
f 1516/482/1165 522/481/434 1439/486/1107 4311/484/3371
f 4311/484/3371 1439/486/1107 524/487/436 1826/488/1439
f 1461/485/1128 4311/484/3371 1826/488/1439 107/489/95
f 107/489/95 1826/488/1439 4312/490/3372 1539/491/1188
f 1826/488/1439 524/487/436 1584/492/1225 4312/490/3372
f 4312/490/3372 1584/492/1225 265/493/215 1665/494/1294
f 1539/491/1188 4312/490/3372 1665/494/1294 108/495/96
f 108/495/96 1665/494/1294 4313/496/3373 1614/497/1255
f 1665/494/1294 265/493/215 1786/498/1402 4313/496/3373
f 4313/496/3373 1786/498/1402 266/499/216 1585/500/1226
f 1614/497/1255 4313/496/3373 1585/500/1226 109/501/97
f 109/501/97 1585/500/1226 4314/502/3374 1688/503/1315
f 1585/500/1226 266/499/216 1902/504/1501 4314/502/3374
f 4314/502/3374 1902/504/1501 267/505/217 1787/506/1403
f 1688/503/1315 4314/502/3374 1787/506/1403 110/507/98
f 110/507/98 1787/506/1403 4315/508/3375 1747/509/1367
f 1787/506/1403 267/505/217 1915/510/1508 4315/508/3375
f 4315/508/3375 1915/510/1508 112/511/100 1810/512/1424
f 1747/509/1367 4315/508/3375 1810/512/1424 111/513/99
f 113/514/101 1938/515/1530 4316/516/3376 1939/517/1531
f 1938/515/1530 114/518/102 1517/519/1166 4316/516/3376
f 4316/516/3376 1517/519/1166 528/520/440 1441/521/1109
f 1939/517/1531 4316/516/3376 1441/521/1109 115/522/103
f 115/522/103 1441/521/1109 4317/523/3377 1540/524/1189
f 1441/521/1109 528/520/440 1857/525/1462 4317/523/3377
f 4317/523/3377 1857/525/1462 529/526/441 1666/527/1295
f 1540/524/1189 4317/523/3377 1666/527/1295 116/528/104
f 116/528/104 1666/527/1295 4318/529/3378 1617/530/1257
f 1666/527/1295 529/526/441 1518/531/1167 4318/529/3378
f 4318/529/3378 1518/531/1167 525/532/437 1789/533/1405
f 1617/530/1257 4318/529/3378 1789/533/1405 117/534/105
f 117/534/105 1789/533/1405 4319/535/3379 1748/536/1368
f 1789/533/1405 525/532/437 1442/537/1110 4319/535/3379
f 4319/535/3379 1442/537/1110 526/538/438 1727/539/1347
f 1748/536/1368 4319/535/3379 1727/539/1347 118/540/106
f 118/540/106 1727/539/1347 4320/541/3380 1811/542/1425
f 1727/539/1347 526/538/438 1667/543/1296 4320/541/3380
f 4320/541/3380 1667/543/1296 530/544/442 1918/545/1511
f 1811/542/1425 4320/541/3380 1918/545/1511 119/546/107
f 119/546/107 1918/545/1511 4321/547/3381 1940/548/1532
f 1918/545/1511 530/544/442 1572/549/1218 4321/547/3381
f 4321/547/3381 1572/549/1218 523/479/435 1849/476/1454
f 1940/548/1532 4321/547/3381 1849/476/1454 105/475/93
f 246/550/22 1690/551/22 4322/552/22 1658/553/22
f 1690/551/22 257/348/22 1576/351/22 4322/552/22
f 4322/552/22 1576/351/22 139/356/22 1622/554/22
f 1658/553/22 4322/552/22 1622/554/22 138/555/22
f 1257/201/963 1883/556/1485 4323/557/3382 1882/206/1484
f 159/558/136 1644/559/1278 4323/557/3382 1883/556/1485
f 155/208/132 1882/206/1484 4323/557/3382 1644/559/1278
f 80/560/68 1869/561/1474 4324/562/3383 1875/563/1480
f 1869/561/1474 81/564/69 1941/565/1533 4324/562/3383
f 4324/562/3383 1941/565/1533 121/566/109 1681/567/1309
f 1875/563/1480 4324/562/3383 1681/567/1309 120/568/108
f 307/569/249 1618/570/1258 4325/571/3384 2011/572/1596
f 1618/570/1258 124/573/112 1693/574/1319 4325/571/3384
f 4325/571/3384 1693/574/1319 131/575/119 1541/576/1190
f 2011/572/1596 4325/571/3384 1541/576/1190 305/577/247
f 82/578/70 1462/579/1129 4326/580/3385 1930/581/1522
f 121/582/109 1941/583/1533 4326/580/3385 1462/579/1129
f 81/584/69 1930/581/1522 4326/580/3385 1941/583/1533
f 128/585/116 1619/586/1259 4327/587/3386 1943/588/1535
f 1619/586/1259 123/589/111 1620/590/1260 4327/587/3386
f 4327/587/3386 1620/590/1260 130/591/118 1542/592/1191
f 1943/588/1535 4327/587/3386 1542/592/1191 133/593/121
f 311/594/253 1691/595/1317 4328/596/3387 2009/597/1594
f 1691/595/1317 125/598/113 1750/599/1370 4328/596/3387
f 4328/596/3387 1750/599/1370 132/600/120 1621/601/1261
f 2009/597/1594 4328/596/3387 1621/601/1261 309/602/251
f 125/603/113 1749/604/1369 4329/605/3388 1750/606/1370
f 1749/604/1369 129/607/117 1464/608/1131 4329/605/3388
f 4329/605/3388 1464/608/1131 134/609/122 1431/610/1103
f 1750/606/1370 4329/605/3388 1431/610/1103 132/611/120
f 260/612/22 1663/613/22 4330/614/22 1913/615/22
f 1663/613/22 255/616/22 1846/617/22 4330/614/22
f 4330/614/22 1846/617/22 143/618/22 1878/619/22
f 1913/615/22 4330/614/22 1878/619/22 142/620/22
f 248/621/22 1432/622/22 4331/623/22 1510/624/22
f 1432/622/22 246/550/22 1658/553/22 4331/623/22
f 4331/623/22 1658/553/22 138/555/22 1624/625/22
f 1510/624/22 4331/623/22 1624/625/22 144/626/22
f 261/627/22 1848/628/22 4332/629/22 1515/630/22
f 1848/628/22 252/454/22 1843/457/22 4332/629/22
f 4332/629/22 1843/457/22 212/459/22 1832/631/22
f 1515/630/22 4332/629/22 1832/631/22 213/632/22
f 1101/633/123 1985/634/123 4333/635/123 4163/636/123
f 1985/634/123 136/637/123 4173/638/123 4333/635/123
f 4333/635/123 4173/638/123 331/639/123 1986/640/123
f 4163/636/123 4333/635/123 1986/640/123 1100/118/123
f 1258/641/5 3878/642/5 4334/643/5 1646/644/5
f 3878/642/5 1253/645/5 1498/646/5 4334/643/5
f 4334/643/5 1498/646/5 137/647/5 1495/648/5
f 1646/644/5 4334/643/5 1495/648/5 207/649/5
f 137/647/5 1498/646/5 4335/650/5 1499/651/5
f 1253/645/5 3875/652/5 4335/650/5 1498/646/5
f 1254/653/5 1499/651/5 4335/650/5 3875/652/5
f 1254/653/5 3879/654/5 4336/655/5 1499/651/5
f 1252/656/5 1488/657/5 4336/655/5 3879/654/5
f 137/647/5 1499/651/5 4336/655/5 1488/657/5
f 1252/656/5 3874/658/5 4337/659/5 1488/657/5
f 1247/660/5 1487/661/5 4337/659/5 3874/658/5
f 137/647/5 1488/657/5 4337/659/5 1487/661/5
f 1247/660/5 3868/662/5 4338/663/5 1487/661/5
f 1246/664/5 1486/665/5 4338/663/5 3868/662/5
f 137/647/5 1487/661/5 4338/663/5 1486/665/5
f 1246/664/5 3872/666/5 4339/667/5 1486/665/5
f 1250/668/5 1481/669/5 4339/667/5 3872/666/5
f 137/647/5 1486/665/5 4339/667/5 1481/669/5
f 1250/668/5 3887/670/5 4340/671/5 1481/669/5
f 1262/672/5 1480/673/5 4340/671/5 3887/670/5
f 137/647/5 1481/669/5 4340/671/5 1480/673/5
f 1262/672/5 3885/674/5 4341/675/5 1480/673/5
f 1255/676/5 1479/677/5 4341/675/5 3885/674/5
f 137/647/5 1480/673/5 4341/675/5 1479/677/5
f 1255/676/5 3876/678/5 4342/679/5 1479/677/5
f 1251/680/5 1474/681/5 4342/679/5 3876/678/5
f 137/647/5 1479/677/5 4342/679/5 1474/681/5
f 1251/680/5 3873/682/5 4343/683/5 1474/681/5
f 1245/684/5 1473/685/5 4343/683/5 3873/682/5
f 137/647/5 1474/681/5 4343/683/5 1473/685/5
f 1245/684/5 3867/686/5 4344/687/5 1473/685/5
f 1244/688/5 1472/689/5 4344/687/5 3867/686/5
f 137/647/5 1473/685/5 4344/687/5 1472/689/5
f 1244/688/5 3884/690/5 4345/691/5 1472/689/5
f 12/692/5 1877/693/5 4345/691/5 3884/690/5
f 137/647/5 1472/689/5 4345/691/5 1877/693/5
f 12/692/5 3877/694/5 4346/695/5 1877/693/5
f 11/696/5 1815/697/5 4346/695/5 3877/694/5
f 137/647/5 1877/693/5 4346/695/5 1815/697/5
f 129/607/117 1814/698/1428 4347/699/3389 1464/608/1131
f 1814/698/1428 126/700/114 1816/701/1429 4347/699/3389
f 4347/699/3389 1816/701/1429 148/702/125 1609/703/1250
f 1464/608/1131 4347/699/3389 1609/703/1250 134/609/122
f 148/704/125 1816/705/1429 4348/706/3390 1752/707/1371
f 1816/705/1429 126/708/114 1813/709/1427 4348/706/3390
f 4348/706/3390 1813/709/1427 127/710/115 1880/711/1482
f 1752/707/1371 4348/706/3390 1880/711/1482 149/712/126
f 121/566/109 1465/713/1132 4349/714/3391 1681/567/1309
f 1465/713/1132 149/712/126 1880/711/1482 4349/714/3391
f 4349/714/3391 1880/711/1482 127/710/115 1942/715/1534
f 1681/567/1309 4349/714/3391 1942/715/1534 120/568/108
f 309/716/251 1621/717/1261 4350/718/3392 2007/719/1592
f 1621/717/1261 132/720/120 1697/721/1323 4350/718/3392
f 4350/718/3392 1697/721/1323 153/722/130 1467/723/1134
f 2007/719/1592 4350/718/3392 1467/723/1134 301/724/243
f 153/725/130 1697/726/1323 4351/727/3393 1947/728/1538
f 1697/726/1323 132/729/120 1431/730/1103 4351/727/3393
f 4351/727/3393 1431/730/1103 134/731/122 1817/732/1430
f 1947/728/1538 4351/727/3393 1817/732/1430 151/733/128
f 151/733/128 1817/732/1430 4352/734/3394 1881/735/1483
f 1817/732/1430 134/731/122 1609/736/1250 4352/734/3394
f 4352/734/3394 1609/736/1250 148/737/125 1753/738/1372
f 1881/735/1483 4352/734/3394 1753/738/1372 150/739/127
f 148/740/125 1752/741/1371 4353/742/3395 1753/743/1372
f 1752/741/1371 149/744/126 1544/745/1192 4353/742/3395
f 4353/742/3395 1544/745/1192 122/746/110 1545/747/1193
f 1753/743/1372 4353/742/3395 1545/747/1193 150/748/127
f 61/749/49 1819/750/1432 4354/751/3396 1818/752/1431
f 1819/750/1432 157/753/134 1470/754/1137 4354/751/3396
f 4354/751/3396 1470/754/1137 82/755/70 1469/756/1136
f 1818/752/1431 4354/751/3396 1469/756/1136 155/757/132
f 158/758/135 1949/759/1540 4355/760/3397 1699/761/1325
f 1949/759/1540 156/762/133 1698/763/1324 4355/760/3397
f 4355/760/3397 1698/763/1324 64/764/52 1679/765/1307
f 1699/761/1325 4355/760/3397 1679/765/1307 85/766/73
f 14/767/7 1497/768/1153 4356/769/3398 1867/770/1472
f 1497/768/1153 13/771/6 1549/772/1197 4356/769/3398
f 4356/769/3398 1549/772/1197 159/773/136 1629/774/1266
f 1867/770/1472 4356/769/3398 1629/774/1266 160/775/137
f 15/776/8 1561/777/1207 4357/778/3399 1755/779/1374
f 1561/777/1207 14/767/7 1867/770/1472 4357/778/3399
f 4357/778/3399 1867/770/1472 160/775/137 1700/780/1326
f 1755/779/1374 4357/778/3399 1700/780/1326 161/781/138
f 16/782/9 1715/783/1340 4358/784/3400 1952/785/1543
f 1715/783/1340 15/776/8 1755/779/1374 4358/784/3400
f 4358/784/3400 1755/779/1374 161/781/138 1760/786/1379
f 1952/785/1543 4358/784/3400 1760/786/1379 171/787/148
f 13/788/6 1530/789/1179 4359/790/3401 1549/791/1197
f 1530/789/1179 61/792/49 1818/793/1431 4359/790/3401
f 4359/790/3401 1818/793/1431 155/794/132 1644/795/1278
f 1549/791/1197 4359/790/3401 1644/795/1278 159/796/136
f 156/797/133 1948/798/1539 4360/799/3402 1698/800/1324
f 1948/798/1539 16/801/9 1952/802/1543 4360/799/3402
f 4360/799/3402 1952/802/1543 171/803/148 1704/804/1330
f 1698/800/1324 4360/799/3402 1704/804/1330 64/805/52
f 164/806/141 1757/807/1376 4361/808/3403 1631/809/1268
f 1757/807/1376 36/810/24 1756/811/1375 4361/808/3403
f 4361/808/3403 1756/811/1375 163/812/140 1630/813/1267
f 1631/809/1268 4361/808/3403 1630/813/1267 35/814/23
f 36/810/24 1726/815/1346 4362/816/3404 1756/811/1375
f 1726/815/1346 38/817/26 1884/818/1486 4362/816/3404
f 4362/816/3404 1884/818/1486 165/819/142 1490/820/1148
f 1756/811/1375 4362/816/3404 1490/820/1148 163/812/140
f 38/817/26 1850/821/1455 4363/822/3405 1884/818/1486
f 1850/821/1455 40/823/28 1482/824/1143 4363/822/3405
f 4363/822/3405 1482/824/1143 175/825/152 1661/826/1292
f 1884/818/1486 4363/822/3405 1661/826/1292 165/819/142
f 157/827/134 1476/828/1140 4364/829/3406 1470/830/1137
f 1476/828/1140 164/831/141 1631/832/1268 4364/829/3406
f 4364/829/3406 1631/832/1268 35/833/23 1608/834/1249
f 1470/830/1137 4364/829/3406 1608/834/1249 82/835/70
f 40/836/28 1471/837/1138 4365/838/3407 1482/839/1143
f 1471/837/1138 158/840/135 1699/841/1325 4365/838/3407
f 4365/838/3407 1699/841/1325 85/842/73 1706/843/1332
f 1482/839/1143 4365/838/3407 1706/843/1332 175/844/152
f 167/845/144 1632/846/1269 4366/847/3408 1885/848/1487
f 1632/846/1269 168/849/145 1478/850/1142 4366/847/3408
f 4366/847/3408 1478/850/1142 67/851/55 1456/852/1124
f 1885/848/1487 4366/847/3408 1456/852/1124 88/853/76
f 169/854/146 1759/855/1378 4367/856/3409 1702/857/1328
f 1759/855/1378 170/858/147 1703/859/1329 4367/856/3409
f 4367/856/3409 1703/859/1329 85/860/73 1679/861/1307
f 1702/857/1328 4367/856/3409 1679/861/1307 64/862/52
f 17/863/10 1550/864/1198 4368/865/3410 1552/866/1200
f 1550/864/1198 162/867/139 1823/868/1436 4368/865/3410
f 4368/865/3410 1823/868/1436 171/869/148 1887/870/1489
f 1552/866/1200 4368/865/3410 1887/870/1489 172/871/149
f 18/872/11 1501/873/1155 4369/874/3411 1705/875/1331
f 1501/873/1155 17/863/10 1552/866/1200 4369/874/3411
f 4369/874/3411 1552/866/1200 172/871/149 1953/876/1544
f 1705/875/1331 4369/874/3411 1953/876/1544 173/877/150
f 19/878/12 1648/879/1281 4370/880/3412 1827/881/1440
f 1648/879/1281 18/872/11 1705/875/1331 4370/880/3412
f 4370/880/3412 1705/875/1331 173/877/150 1686/882/1314
f 1827/881/1440 4370/880/3412 1686/882/1314 183/883/160
f 162/884/139 1822/885/1435 4371/886/3413 1823/887/1436
f 1822/885/1435 169/888/146 1702/889/1328 4371/886/3413
f 4371/886/3413 1702/889/1328 64/890/52 1704/891/1330
f 1823/887/1436 4371/886/3413 1704/891/1330 171/892/148
f 168/893/145 1821/894/1434 4372/895/3414 1478/896/1142
f 1821/894/1434 19/897/12 1827/898/1440 4372/895/3414
f 4372/895/3414 1827/898/1440 183/899/160 1924/900/1516
f 1478/896/1142 4372/895/3414 1924/900/1516 67/901/55
f 166/902/143 1701/903/1327 4373/904/3415 1553/905/1201
f 1701/903/1327 43/906/31 1707/907/1333 4373/904/3415
f 4373/904/3415 1707/907/1333 176/908/153 1633/909/1270
f 1553/905/1201 4373/904/3415 1633/909/1270 175/910/152
f 43/906/31 1669/911/1298 4374/912/3416 1707/907/1333
f 1669/911/1298 45/913/33 1824/914/1437 4374/912/3416
f 4374/912/3416 1824/914/1437 177/915/154 1708/916/1334
f 1707/907/1333 4374/912/3416 1708/916/1334 176/908/153
f 45/913/33 1791/917/1407 4375/918/3417 1824/914/1437
f 1791/917/1407 47/919/35 1958/920/1549 4375/918/3417
f 4375/918/3417 1958/920/1549 187/921/164 1763/922/1382
f 1824/914/1437 4375/918/3417 1763/922/1382 177/915/154
f 170/923/147 1551/924/1199 4376/925/3418 1703/926/1329
f 1551/924/1199 166/927/143 1553/928/1201 4376/925/3418
f 4376/925/3418 1553/928/1201 175/929/152 1706/930/1332
f 1703/926/1329 4376/925/3418 1706/930/1332 85/931/73
f 47/932/35 1951/933/1542 4377/934/3419 1958/935/1549
f 1951/933/1542 167/936/144 1885/937/1487 4377/934/3419
f 4377/934/3419 1885/937/1487 88/938/76 1890/939/1492
f 1958/935/1549 4377/934/3419 1890/939/1492 187/940/164
f 180/941/157 1889/942/1491 4378/943/3420 1484/944/1145
f 1889/942/1491 179/945/156 1888/946/1490 4378/943/3420
f 4378/943/3420 1888/946/1490 88/947/76 1456/948/1124
f 1484/944/1145 4378/943/3420 1456/948/1124 67/949/55
f 182/950/159 1485/951/1146 4379/952/3421 1427/953/1099
f 1485/951/1146 181/954/158 1739/955/1359 4379/952/3421
f 4379/952/3421 1739/955/1359 215/956/183 1645/957/1279
f 1427/953/1099 4379/952/3421 1645/957/1279 216/958/184
f 20/959/13 1954/960/1545 4380/961/3422 1956/962/1547
f 1954/960/1545 174/963/151 1555/964/1203 4380/961/3422
f 4380/961/3422 1555/964/1203 183/965/160 1635/966/1272
f 1956/962/1547 4380/961/3422 1635/966/1272 184/967/161
f 21/968/14 1903/969/1502 4381/970/3423 1556/971/1204
f 1903/969/1502 20/959/13 1956/962/1547 4381/970/3423
f 4381/970/3423 1956/962/1547 184/967/161 1710/972/1336
f 1556/971/1204 4381/970/3423 1710/972/1336 185/973/162
f 22/974/15 1503/975/1157 4382/976/3424 1562/977/1208
f 1503/975/1157 21/968/14 1556/971/1204 4382/976/3424
f 4382/976/3424 1556/971/1204 185/973/162 1773/978/1391
f 1562/977/1208 4382/976/3424 1773/978/1391 219/979/187
f 174/980/151 1554/981/1202 4383/982/3425 1555/983/1203
f 1554/981/1202 180/984/157 1484/985/1145 4383/982/3425
f 4383/982/3425 1484/985/1145 67/986/55 1924/987/1516
f 1555/983/1203 4383/982/3425 1924/987/1516 183/988/160
f 181/989/158 1709/990/1335 4384/991/3426 1739/992/1359
f 1709/990/1335 22/993/15 1562/994/1208 4384/991/3426
f 4384/991/3426 1562/994/1208 219/995/187 1647/996/1280
f 1739/992/1359 4384/991/3426 1647/996/1280 215/997/183
f 178/998/155 1483/999/1144 4385/1000/3427 1828/1001/1441
f 1483/999/1144 48/1002/36 1892/1003/1494 4385/1000/3427
f 4385/1000/3427 1892/1003/1494 188/1004/165 1891/1005/1493
f 1828/1001/1441 4385/1000/3427 1891/1005/1493 187/1006/164
f 48/1002/36 1694/1007/1320 4386/1008/3428 1892/1003/1494
f 1694/1007/1320 50/1009/38 1636/1010/1273 4386/1008/3428
f 4386/1008/3428 1636/1010/1273 189/1011/166 1959/1012/1550
f 1892/1003/1494 4386/1008/3428 1959/1012/1550 188/1004/165
f 50/1009/38 1595/1013/1236 4387/1014/3429 1636/1010/1273
f 1595/1013/1236 51/1015/39 1775/1016/1393 4387/1014/3429
f 4387/1014/3429 1775/1016/1393 222/1017/190 1500/1018/1154
f 1636/1010/1273 4387/1014/3429 1500/1018/1154 189/1011/166
f 179/1019/156 1825/1020/1438 4388/1021/3430 1888/1022/1490
f 1825/1020/1438 178/1023/155 1828/1024/1441 4388/1021/3430
f 4388/1021/3430 1828/1024/1441 187/1025/164 1890/1026/1492
f 1888/1022/1490 4388/1021/3430 1890/1026/1492 88/1027/76
f 51/1028/39 1762/1029/1381 4389/1030/3431 1775/1031/1393
f 1762/1029/1381 182/1032/159 1427/1033/1099 4389/1030/3431
f 4389/1030/3431 1427/1033/1099 216/1034/184 1563/1035/1209
f 1775/1031/1393 4389/1030/3431 1563/1035/1209 222/1036/190
f 250/431/22 1725/1037/22 4390/1038/22 1434/432/22
f 1725/1037/22 260/612/22 1913/615/22 4390/1038/22
f 4390/1038/22 1913/615/22 142/620/22 1879/1039/22
f 1434/432/22 4390/1038/22 1879/1039/22 145/433/22
f 255/616/22 1575/1040/22 4391/1041/22 1846/617/22
f 1575/1040/22 248/621/22 1510/624/22 4391/1041/22
f 4391/1041/22 1510/624/22 144/626/22 1946/1042/22
f 1846/617/22 4391/1041/22 1946/1042/22 143/618/22
f 247/1043/22 1662/1044/22 4392/1045/22 1509/1046/22
f 1662/1044/22 259/1047/22 1847/1048/22 4392/1045/22
f 4392/1045/22 1847/1048/22 33/1049/22 1914/1050/22
f 1509/1046/22 4392/1045/22 1914/1050/22 34/1051/22
f 210/1052/5 1899/1053/5 4393/1054/5 3472/1055/5
f 135/1056/5 2343/1057/5 4393/1054/5 1899/1053/5
f 497/1058/5 3472/1055/5 4393/1054/5 2343/1057/5
f 231/1059/5 3869/1060/5 4394/1061/5 1716/1062/5
f 3869/1060/5 232/1063/5 1777/1064/5 4394/1061/5
f 4394/1061/5 1777/1064/5 209/1065/5 1770/1066/5
f 1716/1062/5 4394/1061/5 1770/1066/5 210/1052/5
f 232/1063/5 3865/1067/5 4395/1068/5 1777/1064/5
f 3865/1067/5 233/1069/5 1615/1070/5 4395/1068/5
f 4395/1068/5 1615/1070/5 208/1071/5 1558/1072/5
f 1777/1064/5 4395/1068/5 1558/1072/5 209/1065/5
f 233/1069/5 3880/1073/5 4396/1074/5 1615/1070/5
f 3880/1073/5 1258/641/5 1646/644/5 4396/1074/5
f 4396/1074/5 1646/644/5 207/649/5 1642/1075/5
f 1615/1070/5 4396/1074/5 1642/1075/5 208/1071/5
f 52/1076/40 1961/1077/1552 4397/1078/3432 1935/1079/1527
f 1961/1077/1552 203/1080/180 1897/1081/1499 4397/1078/3432
f 4397/1078/3432 1897/1081/1499 195/1082/172 1656/1083/1289
f 1935/1079/1527 4397/1078/3432 1656/1083/1289 92/1084/80
f 203/1080/180 1898/1085/180 4398/1086/1553 1897/1081/1499
f 1898/1085/180 204/1087/180 1962/1088/1553 4398/1086/1553
f 4398/1086/1553 1962/1088/1553 196/1089/173 1894/1090/1496
f 1897/1081/1499 4398/1086/1553 1894/1090/1496 195/1082/172
f 204/1087/180 1836/1091/1447 4399/1092/3433 1962/1088/1553
f 1836/1091/1447 224/1093/192 1569/1094/1215 4399/1092/3433
f 4399/1092/3433 1569/1094/1215 237/1095/202 1859/1096/1464
f 1962/1088/1553 4399/1092/3433 1859/1096/1464 196/1089/173
f 205/1097/181 1494/1098/1152 4400/1099/3434 1493/1100/1151
f 1494/1098/1152 206/460/182 1426/463/1098 4400/1099/3434
f 4400/1099/3434 1426/463/1098 198/468/175 1491/1101/1149
f 1493/1100/1151 4400/1099/3434 1491/1101/1149 197/1102/174
f 9/343/3 1492/1103/1150 4401/1104/3435 1452/344/1120
f 1492/1103/1150 202/1105/179 1831/1106/1444 4401/1104/3435
f 4401/1104/3435 1831/1106/1444 194/1107/171 1893/1108/1495
f 1452/344/1120 4401/1104/3435 1893/1108/1495 56/345/44
f 202/1105/179 1768/1109/1387 4402/1110/3436 1831/1106/1444
f 1768/1109/1387 201/1111/178 1767/1112/1386 4402/1110/3436
f 4402/1110/3436 1767/1112/1386 193/1113/170 1765/1114/1384
f 1831/1106/1444 4402/1110/3436 1765/1114/1384 194/1107/171
f 223/1115/191 1564/1116/1210 4403/1117/3437 1654/1118/1287
f 1564/1116/1210 200/1119/177 1712/1120/1276 4403/1117/3437
f 4403/1117/3437 1712/1120/1276 192/1121/169 1570/1122/1216
f 1654/1118/1287 4403/1117/3437 1570/1122/1216 238/1123/203
f 200/1119/177 1641/1124/177 4404/1125/1276 1712/1120/1276
f 1641/1124/177 199/188/176 1640/191/1276 4404/1125/1276
f 4404/1125/1276 1640/191/1276 191/196/168 1638/1126/169
f 1712/1120/1276 4404/1125/1276 1638/1126/169 192/1121/169
f 56/34/44 1893/1127/1495 4405/1128/3438 1874/35/1479
f 1893/1127/1495 194/1129/171 1829/1130/1442 4405/1128/3438
f 4405/1128/3438 1829/1130/1442 198/1131/175 1895/1132/1497
f 1874/35/1479 4405/1128/3438 1895/1132/1497 104/36/92
f 194/1129/171 1765/1133/1384 4406/1134/3439 1829/1130/1442
f 1765/1133/1384 193/1135/170 1766/1136/1385 4406/1134/3439
f 4406/1134/3439 1766/1136/1385 197/1137/174 1491/1138/1149
f 1829/1130/1442 4406/1134/3439 1491/1138/1149 198/1131/175
f 238/1139/203 1570/1140/1216 4407/1141/3440 1505/1142/1159
f 1570/1140/1216 192/1143/169 1711/1144/1337 4407/1141/3440
f 4407/1141/3440 1711/1144/1337 196/1145/173 1859/1146/1464
f 1505/1142/1159 4407/1141/3440 1859/1146/1464 237/1147/202
f 192/1143/169 1638/1148/169 4408/1149/3441 1711/1144/1337
f 1638/1148/169 191/179/168 1639/182/1275 4408/1149/3441
f 4408/1149/3441 1639/182/1275 195/187/172 1894/1150/1496
f 1711/1144/1337 4408/1149/3441 1894/1150/1496 196/1145/173
f 70/1151/58 1934/1152/1526 4409/1153/3442 1834/1154/1445
f 1934/1152/1526 91/1155/79 1868/1156/1473 4409/1153/3442
f 4409/1153/3442 1868/1156/1473 216/1157/184 1645/1158/1279
f 1834/1154/1445 4409/1153/3442 1645/1158/1279 215/1159/183
f 202/1160/179 1492/1161/1150 4410/1162/3443 1713/1163/1338
f 1492/1161/1150 9/1164/3 1792/1165/1408 4410/1162/3443
f 4410/1162/3443 1792/1165/1408 218/1166/186 1772/1167/1390
f 1713/1163/1338 4410/1162/3443 1772/1167/1390 217/1168/185
f 9/1164/3 1489/1169/1147 4411/1170/3444 1792/1165/1408
f 1489/1169/1147 186/1171/163 1689/1172/1316 4411/1170/3444
f 4411/1170/3444 1689/1172/1316 219/1173/187 1714/1174/1339
f 1792/1165/1408 4411/1170/3444 1714/1174/1339 218/1166/186
f 186/1175/163 1957/1176/1548 4412/1177/3445 1689/1178/1316
f 1957/1176/1548 70/1179/58 1834/1180/1445 4412/1177/3445
f 4412/1177/3445 1834/1180/1445 215/1181/183 1647/1182/1280
f 1689/1178/1316 4412/1177/3445 1647/1182/1280 219/1183/187
f 32/1184/21 1769/1185/1388 4413/1186/3446 1774/1187/1392
f 1769/1185/1388 206/1188/182 1428/1189/1100 4413/1186/3446
f 4413/1186/3446 1428/1189/1100 220/1190/188 1835/1191/1446
f 1774/1187/1392 4413/1186/3446 1835/1191/1446 221/1192/189
f 190/1193/167 1764/1194/1383 4414/1195/3447 1429/1196/1101
f 1764/1194/1383 32/1184/21 1774/1187/1392 4414/1195/3447
f 4414/1195/3447 1774/1187/1392 221/1192/189 1809/1197/1423
f 1429/1196/1101 4414/1195/3447 1809/1197/1423 222/1198/190
f 91/1199/79 1557/1200/1205 4415/1201/3448 1868/1202/1473
f 1557/1200/1205 190/1203/167 1429/1204/1101 4415/1201/3448
f 4415/1201/3448 1429/1204/1101 222/1205/190 1563/1206/1209
f 1868/1202/1473 4415/1201/3448 1563/1206/1209 216/1207/184
f 201/1208/178 1768/1209/1387 4416/1210/3449 1534/1211/1183
f 1768/1209/1387 202/1160/179 1713/1163/1338 4416/1210/3449
f 4416/1210/3449 1713/1163/1338 217/1168/185 1778/1212/1395
f 1534/1211/1183 4416/1210/3449 1778/1212/1395 1242/1213/958
f 206/1188/182 1494/1214/1152 4417/1215/3450 1428/1189/1100
f 1494/1214/1152 205/1216/181 1504/1217/1158 4417/1215/3450
f 4417/1215/3450 1504/1217/1158 236/1218/201 1838/1219/1449
f 1428/1189/1100 4417/1215/3450 1838/1219/1449 220/1190/188
f 205/1220/181 1493/1221/1151 4418/1222/3451 1504/1223/1158
f 1493/1221/1151 197/1224/174 1502/1225/1156 4418/1222/3451
f 4418/1222/3451 1502/1225/1156 225/1226/193 1779/1227/1396
f 1504/1223/1158 4418/1222/3451 1779/1227/1396 236/1228/201
f 193/1229/170 1767/1230/1386 4419/1231/3452 1776/1232/1394
f 1767/1230/1386 201/1233/178 1534/1234/1183 4419/1231/3452
f 4419/1231/3452 1534/1234/1183 1242/1235/958 1717/1236/1341
f 1776/1232/1394 4419/1231/3452 1717/1236/1341 226/1237/194
f 197/1238/174 1766/1239/1385 4420/1240/3453 1502/1241/1156
f 1766/1239/1385 193/1242/170 1776/1243/1394 4420/1240/3453
f 4420/1240/3453 1776/1243/1394 226/1244/194 1616/1245/1256
f 1502/1241/1156 4420/1240/3453 1616/1245/1256 225/1246/193
f 92/1247/80 1611/1248/1252 4421/1249/3454 1650/1250/1283
f 1611/1248/1252 10/1251/4 1649/1252/1282 4421/1249/3454
f 4421/1249/3454 1649/1252/1282 227/1253/195 1901/1254/1500
f 1650/1250/1283 4421/1249/3454 1901/1254/1500 228/1255/196
f 10/1256/4 1695/1257/1321 4422/1258/3455 1649/1259/1282
f 1695/1257/1321 55/1260/43 1731/1261/1351 4422/1258/3455
f 4422/1258/3455 1731/1261/1351 1249/1262/961 1785/1263/1401
f 1649/1259/1282 4422/1258/3455 1785/1263/1401 227/1264/195
f 52/1265/40 1935/1266/1527 4423/1267/3456 1856/1268/1461
f 1935/1266/1527 92/1269/80 1650/1270/1283 4423/1267/3456
f 4423/1267/3456 1650/1270/1283 228/1271/196 1523/1272/1172
f 1856/1268/1461 4423/1267/3456 1523/1272/1172 282/1273/226
f 55/1274/43 1830/1275/1443 4424/1276/3457 1731/1277/1351
f 1830/1275/1443 199/1278/176 1651/1279/1284 4424/1276/3457
f 4424/1276/3457 1651/1279/1284 1248/1280/960 1671/1281/1300
f 1731/1277/1351 4424/1276/3457 1671/1281/1300 1249/1282/961
f 199/1278/176 1641/1283/177 4425/1284/3458 1651/1279/1284
f 1641/1283/177 200/1285/177 1566/1286/1212 4425/1284/3458
f 4425/1284/3458 1566/1286/1212 1241/1287/957 1652/1288/1285
f 1651/1279/1284 4425/1284/3458 1652/1288/1285 1248/1280/960
f 200/1285/177 1564/1289/1210 4426/1290/3459 1566/1286/1212
f 1564/1289/1210 223/1291/191 1653/1292/1286 4426/1290/3459
f 4426/1290/3459 1653/1292/1286 1242/1293/958 1567/1294/1213
f 1566/1286/1212 4426/1290/3459 1567/1294/1213 1241/1287/957
f 203/1295/180 1961/1296/1552 4427/1297/3460 1904/1298/1503
f 1961/1296/1552 52/1299/40 1856/1300/1461 4427/1297/3460
f 4427/1297/3460 1856/1300/1461 282/1301/226 1732/1302/1352
f 1904/1298/1503 4427/1297/3460 1732/1302/1352 234/1303/199
f 204/1304/180 1898/1305/180 4428/1306/1448 1837/1307/1448
f 1898/1305/180 203/1295/180 1904/1298/1503 4428/1306/1448
f 4428/1306/1448 1904/1298/1503 234/1303/199 1687/1308/200
f 1837/1307/1448 4428/1306/1448 1687/1308/200 235/1309/200
f 224/1310/192 1836/1311/1447 4429/1312/3461 1568/1313/1214
f 1836/1311/1447 204/1304/180 1837/1307/1448 4429/1312/3461
f 4429/1312/3461 1837/1307/1448 235/1309/200 1905/1314/1504
f 1568/1313/1214 4429/1312/3461 1905/1314/1504 236/1315/201
f 237/1316/202 1569/1317/1215 4430/1318/3462 1780/1319/1397
f 1569/1317/1215 224/1320/192 1568/1321/1214 4430/1318/3462
f 4430/1318/3462 1568/1321/1214 236/1322/201 1779/1323/1396
f 1780/1319/1397 4430/1318/3462 1779/1323/1396 225/1324/193
f 223/1325/191 1654/1326/1287 4431/1327/3463 1653/1328/1286
f 1654/1326/1287 238/1329/203 1718/1330/1342 4431/1327/3463
f 4431/1327/3463 1718/1330/1342 226/1331/194 1717/1332/1341
f 1653/1328/1286 4431/1327/3463 1717/1332/1341 1242/1333/958
f 238/1334/203 1505/1335/1159 4432/1336/3464 1718/1337/1342
f 1505/1335/1159 237/1338/202 1780/1339/1397 4432/1336/3464
f 4432/1336/3464 1780/1339/1397 225/1340/193 1616/1341/1256
f 1718/1337/1342 4432/1336/3464 1616/1341/1256 226/1342/194
f 259/1047/22 1578/1343/22 4433/1344/22 1847/1048/22
f 1578/1343/22 256/1345/22 1435/1346/22 4433/1344/22
f 4433/1344/22 1435/1346/22 214/1347/22 1833/1348/22
f 1847/1048/22 4433/1344/22 1833/1348/22 33/1049/22
f 256/1345/22 1580/1349/22 4434/1350/22 1435/1346/22
f 1580/1349/22 261/627/22 1515/630/22 4434/1350/22
f 4434/1350/22 1515/630/22 213/632/22 1496/1351/22
f 1435/1346/22 4434/1350/22 1496/1351/22 214/1347/22
f 305/1352/247 1541/1353/1190 4435/1354/3465 2005/1355/1590
f 1541/1353/1190 131/1356/119 1626/1357/1263 4435/1354/3465
f 4435/1354/3465 1626/1357/1263 152/1358/129 1994/1359/1579
f 2005/1355/1590 4435/1354/3465 1994/1359/1579 302/1360/244
f 130/1361/118 1546/1362/1194 4436/1363/3466 1542/1364/1191
f 154/1365/131 1812/1366/1426 4436/1363/3466 1546/1362/1194
f 133/1367/121 1542/1364/1191 4436/1363/3466 1812/1366/1426
f 122/746/110 1544/745/1192 4437/1368/3467 1463/1369/1130
f 1544/745/1192 149/744/126 1465/1370/1132 4437/1368/3467
f 4437/1368/3467 1465/1370/1132 121/582/109 1462/579/1129
f 1463/1369/1130 4437/1368/3467 1462/579/1129 82/578/70
f 230/1371/198 1446/1372/1114 4438/1373/3468 1430/1374/1102
f 1446/1372/1114 275/1375/225 1593/1376/1234 4438/1373/3468
f 4438/1373/3468 1593/1376/1234 93/1377/81 1571/1378/1217
f 1430/1374/1102 4438/1373/3468 1571/1378/1217 242/1379/207
f 242/1379/207 1571/1378/1217 4439/1380/3469 1734/1381/1354
f 1571/1378/1217 93/1377/81 1682/1382/1310 4439/1380/3469
f 4439/1380/3469 1682/1382/1310 94/1383/82 1797/1384/1411
f 1734/1381/1354 4439/1380/3469 1797/1384/1411 287/1385/231
f 287/1385/231 1797/1384/1411 4440/1386/3470 1598/1387/1239
f 1797/1384/1411 94/1383/82 1744/1388/1364 4440/1386/3470
f 4440/1386/3470 1744/1388/1364 95/1389/83 1719/1390/1343
f 1598/1387/1239 4440/1386/3470 1719/1390/1343 240/1391/205
f 240/1391/205 1719/1390/1343 4441/1392/3471 1655/1393/1288
f 1719/1390/1343 95/1389/83 1808/1394/1422 4441/1392/3471
f 4441/1392/3471 1808/1394/1422 96/1395/84 1906/1396/1505
f 1655/1393/1288 4441/1392/3471 1906/1396/1505 239/1397/204
f 239/1397/204 1906/1396/1505 4442/1398/3472 1477/1399/1141
f 1906/1396/1505 96/1395/84 1873/1400/1478 4442/1398/3472
f 4442/1398/3472 1873/1400/1478 97/424/85 1839/421/1450
f 1477/1399/1141 4442/1398/3472 1839/421/1450 243/420/208
f 27/296/16 1657/1401/1290 4443/1402/3473 1605/297/1246
f 1657/1401/1290 245/1403/210 1840/1404/1451 4443/1402/3473
f 4443/1402/3473 1840/1404/1451 244/1405/209 1508/1406/1162
f 1605/297/1246 4443/1402/3473 1508/1406/1162 75/298/63
f 75/68/63 1508/1407/1162 4444/1408/3474 1459/69/1126
f 1508/1407/1162 244/1409/209 1449/1410/1117 4444/1408/3474
f 4444/1408/3474 1449/1410/1117 53/1411/41 1795/1412/1409
f 1459/69/1126 4444/1408/3474 1795/1412/1409 97/70/85
f 341/1413/281 2070/1414/1645 4445/1415/3475 1526/1416/1175
f 345/1417/285 1525/1418/1174 4445/1415/3475 2070/1414/1645
f 339/1419/279 1526/1416/1175 4445/1415/3475 1525/1418/1174
f 165/1420/142 1661/1421/1292 4446/1422/3476 1754/1423/1373
f 1661/1421/1292 175/1424/152 1664/1425/1293 4446/1422/3476
f 4446/1422/3476 1664/1425/1293 261/627/22 1580/1349/22
f 1754/1423/1373 4446/1422/3476 1580/1349/22 256/1345/22
f 163/1426/140 1490/1427/1148 4447/1428/256 1912/1429/1507
f 1490/1427/1148 165/1420/142 1754/1423/1373 4447/1428/256
f 4447/1428/256 1754/1423/1373 256/1345/22 1578/1343/22
f 1912/1429/1507 4447/1428/256 1578/1343/22 259/1047/22
f 35/1430/23 1630/1431/1267 4448/1432/3477 1659/1433/1291
f 1630/1431/1267 163/1426/140 1912/1429/1507 4448/1432/3477
f 4448/1432/3477 1912/1429/1507 259/1047/22 1662/1044/22
f 1659/1433/1291 4448/1432/3477 1662/1044/22 247/1043/22
f 221/1434/189 1835/1435/1446 4449/1436/1163 1512/1437/1163
f 1835/1435/1446 220/1438/188 1842/1439/1163 4449/1436/1163
f 4449/1436/1163 1842/1439/1163 248/621/22 1575/1040/22
f 1512/1437/1163 4449/1436/1163 1575/1040/22 255/616/22
f 189/1440/166 1500/1441/1154 4450/1442/3478 1511/1443/1163
f 1500/1441/1154 222/1444/190 1437/1445/1105 4450/1442/3478
f 4450/1442/3478 1437/1445/1105 260/612/22 1725/1037/22
f 1511/1443/1163 4450/1442/3478 1725/1037/22 250/431/22
f 175/1424/152 1633/1446/1270 4451/1447/3479 1664/1425/1293
f 1633/1446/1270 176/1448/153 1574/1449/1220 4451/1447/3479
f 4451/1447/3479 1574/1449/1220 252/454/22 1848/628/22
f 1664/1425/1293 4451/1447/3479 1848/628/22 261/627/22
f 220/1438/188 1838/1450/1449 4452/1451/3480 1842/1439/1163
f 1838/1450/1449 236/1452/201 1841/1453/1452 4452/1451/3480
f 4452/1451/3480 1841/1453/1452 246/550/22 1432/622/22
f 1842/1439/1163 4452/1451/3480 1432/622/22 248/621/22
f 222/1444/190 1809/1454/1423 4453/1455/3481 1437/1445/1105
f 1809/1454/1423 221/1434/189 1512/1437/1163 4453/1455/3481
f 4453/1455/3481 1512/1437/1163 255/616/22 1663/613/22
f 1437/1445/1105 4453/1455/3481 1663/613/22 260/612/22
f 236/1452/201 1905/1456/1504 4454/1457/3482 1841/1453/1452
f 1905/1456/1504 235/1458/200 1910/1459/1163 4454/1457/3482
f 4454/1457/3482 1910/1459/1163 257/348/22 1690/551/22
f 1841/1453/1452 4454/1457/3482 1690/551/22 246/550/22
f 176/1448/153 1708/1460/1334 4455/1461/1220 1574/1449/1220
f 1708/1460/1334 177/1462/154 1782/1463/1399 4455/1461/1220
f 4455/1461/1220 1782/1463/1399 251/448/22 1909/455/22
f 1574/1449/1220 4455/1461/1220 1909/455/22 252/454/22
f 177/1462/154 1763/1464/1382 4456/1465/3483 1782/1463/1399
f 1763/1464/1382 187/1466/164 1453/1467/1121 4456/1465/3483
f 4456/1465/3483 1453/1467/1121 258/442/22 1911/449/22
f 1782/1463/1399 4456/1465/3483 1911/449/22 251/448/22
f 187/1466/164 1891/1468/1493 4457/1469/3484 1453/1467/1121
f 1891/1468/1493 188/1470/165 1844/1471/1277 4457/1469/3484
f 4457/1469/3484 1844/1471/1277 253/427/22 1514/443/22
f 1453/1467/1121 4457/1469/3484 1514/443/22 258/442/22
f 234/1472/199 1732/1473/1352 4458/1474/3485 1723/1475/1163
f 1732/1473/1352 282/1476/226 1793/1477/684 4458/1474/3485
f 4458/1474/3485 1793/1477/684 249/438/211 1675/436/255
f 1723/1475/1163 4458/1474/3485 1675/436/255 254/352/22
f 188/1470/165 1959/1478/1550 4459/1479/1163 1844/1471/1277
f 1959/1478/1550 189/1440/166 1511/1443/1163 4459/1479/1163
f 4459/1479/1163 1511/1443/1163 250/431/22 1722/428/22
f 1844/1471/1277 4459/1479/1163 1722/428/22 253/427/22
f 235/1458/200 1687/1480/200 4460/1481/1163 1910/1459/1163
f 1687/1480/200 234/1472/199 1723/1475/1163 4460/1481/1163
f 4460/1481/1163 1723/1475/1163 254/352/22 1436/349/22
f 1910/1459/1163 4460/1481/1163 1436/349/22 257/348/22
f 339/1419/279 2065/1482/1640 4461/1483/3486 1526/1416/1175
f 340/1484/280 1450/1485/1118 4461/1483/3486 2065/1482/1640
f 341/1413/281 1526/1416/1175 4461/1483/3486 1450/1485/1118
f 333/1486/274 2025/1487/1601 4462/1488/1601 1433/1489/1104
f 338/1490/278 1745/1491/1365 4462/1488/1601 2025/1487/1601
f 249/438/211 1433/1489/1104 4462/1488/1601 1745/1491/1365
f 338/1490/278 2024/1492/277 4463/1493/277 1745/1491/1365
f 337/1494/277 1973/1495/277 4463/1493/277 2024/1492/277
f 249/438/211 1745/1491/1365 4463/1493/277 1973/1495/277
f 337/1494/277 2023/1496/277 4464/1497/277 1973/1495/277
f 336/1498/277 1976/1499/277 4464/1497/277 2023/1496/277
f 249/438/211 1973/1495/277 4464/1497/277 1976/1499/277
f 336/1498/277 2022/1500/273 4465/1501/703 1976/1499/277
f 332/1502/273 1978/1503/258 4465/1501/703 2022/1500/273
f 249/438/211 1976/1499/277 4465/1501/703 1978/1503/258
f 249/438/211 1793/1477/684 4466/1504/3487 1794/1505/1163
f 282/1476/226 1733/1506/1353 4466/1504/3487 1793/1477/684
f 283/1507/227 1794/1505/1163 4466/1504/3487 1733/1506/1353
f 326/1508/268 2026/1509/1600 4467/1510/3488 1643/1511/1277
f 313/1512/255 2013/1513/1598 4467/1510/3488 2026/1509/1600
f 249/438/211 1643/1511/1277 4467/1510/3488 2013/1513/1598
f 313/1512/255 2021/1514/1600 4468/1515/3489 2013/1513/1598
f 314/1516/256 2014/1517/1599 4468/1515/3489 2021/1514/1600
f 249/438/211 2013/1513/1598 4468/1515/3489 2014/1517/1599
f 249/438/211 1794/1505/1163 4469/1518/3490 1643/1511/1277
f 283/1507/227 1692/1519/1318 4469/1518/3490 1794/1505/1163
f 326/1508/268 1643/1511/1277 4469/1518/3490 1692/1519/1318
f 333/1486/274 1433/1489/1104 4470/1520/274 2020/1521/274
f 249/438/211 2014/1517/1599 4470/1520/274 1433/1489/1104
f 314/1516/256 2020/1521/274 4470/1520/274 2014/1517/1599
f 288/1522/232 2067/1523/1642 4471/1524/3491 2071/1525/1646
f 342/1526/282 1596/1527/1237 4471/1524/3491 2067/1523/1642
f 345/1417/285 2071/1525/1646 4471/1524/3491 1596/1527/1237
f 342/1526/282 2068/1528/1643 4472/1529/3492 1596/1527/1237
f 339/1419/279 1525/1418/1174 4472/1529/3492 2068/1528/1643
f 345/1417/285 1596/1527/1237 4472/1529/3492 1525/1418/1174
f 1308/1530/273 4006/1531/3134 4473/1532/3493 4009/1533/277
f 4006/1531/3134 1401/1534/1073 1977/1535/1566 4473/1532/3493
f 4473/1532/3493 1977/1535/1566 1403/1536/1075 4005/1537/3133
f 4009/1533/277 4473/1532/3493 4005/1537/3133 1307/1538/277
f 270/1539/220 2396/1540/1966 4474/1541/3494 1443/1542/1111
f 2396/1540/1966 269/1543/219 1581/1544/1222 4474/1541/3494
f 4474/1541/3494 1581/1544/1222 543/1545/455 2421/1546/1991
f 1443/1542/1111 4474/1541/3494 2421/1546/1991 544/1547/456
f 534/1548/446 2403/1549/1973 4475/1550/3495 2430/1551/2000
f 2403/1549/1973 533/1552/445 1440/1553/1108 4475/1550/3495
f 4475/1550/3495 1440/1553/1108 541/1554/453 2428/1555/1998
f 2430/1551/2000 4475/1550/3495 2428/1555/1998 547/1556/459
f 268/1557/218 2395/1558/1965 4476/1559/3496 1582/1560/1223
f 2395/1558/1965 527/1561/439 2429/1562/1999 4476/1559/3496
f 4476/1559/3496 2429/1562/1999 537/1563/449 2420/1564/1990
f 1582/1560/1223 4476/1559/3496 2420/1564/1990 542/1565/454
f 533/1552/445 2402/1566/1972 4477/1567/3497 1440/1553/1108
f 2402/1566/1972 532/1568/444 1586/1569/1227 4477/1567/3497
f 4477/1567/3497 1586/1569/1227 536/1570/448 2427/1571/1997
f 1440/1553/1108 4477/1567/3497 2427/1571/1997 541/1554/453
f 271/1572/221 2394/1573/1964 4478/1574/3498 1591/1575/1232
f 2394/1573/1964 270/1539/220 1443/1542/1111 4478/1574/3498
f 4478/1574/3498 1443/1542/1111 544/1547/456 2419/1576/1989
f 1591/1575/1232 4478/1574/3498 2419/1576/1989 545/1577/457
f 269/1543/219 2401/1578/1971 4479/1579/3499 1581/1544/1222
f 2401/1578/1971 268/1557/218 1582/1560/1223 4479/1579/3499
f 4479/1579/3499 1582/1560/1223 542/1565/454 2426/1580/1996
f 1581/1544/1222 4479/1579/3499 2426/1580/1996 543/1545/455
f 264/1581/214 2393/1582/1963 4480/1583/3500 1583/1584/1224
f 2393/1582/1963 262/1585/212 1588/1586/1229 4480/1583/3500
f 4480/1583/3500 1588/1586/1229 538/1587/450 2418/1588/1988
f 1583/1584/1224 4480/1583/3500 2418/1588/1988 540/1589/452
f 532/1568/444 2400/1590/1970 4481/1591/3501 1586/1569/1227
f 2400/1590/1970 531/1592/443 1587/1593/1228 4481/1591/3501
f 4481/1591/3501 1587/1593/1228 535/1594/447 2425/1595/1995
f 1586/1569/1227 4481/1591/3501 2425/1595/1995 536/1570/448
f 262/1585/212 2392/1596/1962 4482/1597/3502 1588/1586/1229
f 2392/1596/1962 263/1598/213 1589/1599/1230 4482/1597/3502
f 4482/1597/3502 1589/1599/1230 539/1600/451 2417/1601/1987
f 1588/1586/1229 4482/1597/3502 2417/1601/1987 538/1587/450
f 272/1602/222 2399/1603/1969 4483/1604/3503 1590/1605/1231
f 2399/1603/1969 271/1572/221 1591/1575/1232 4483/1604/3503
f 4483/1604/3503 1591/1575/1232 545/1577/457 2424/1606/1994
f 1590/1605/1231 4483/1604/3503 2424/1606/1994 546/1607/458
f 117/1608/105 1748/1609/1368 4484/1610/3504 1790/1611/1406
f 118/1612/106 1728/1613/1348 4484/1610/3504 1748/1609/1368
f 273/1614/223 1790/1611/1406 4484/1610/3504 1728/1613/1348
f 106/1615/94 1461/1616/1128 4485/1617/3505 1520/1618/1169
f 107/1619/95 1444/1620/1112 4485/1617/3505 1461/1616/1128
f 273/1614/223 1520/1618/1169 4485/1617/3505 1444/1620/1112
f 115/1621/103 1540/1622/1189 4486/1623/3506 1862/1624/1467
f 116/1625/104 1668/1626/1297 4486/1623/3506 1540/1622/1189
f 273/1614/223 1862/1624/1467 4486/1623/3506 1668/1626/1297
f 109/1627/97 1688/1628/1315 4487/1629/3507 1592/1630/1233
f 110/1631/98 1916/1632/1509 4487/1629/3507 1688/1628/1315
f 273/1614/223 1592/1630/1233 4487/1629/3507 1916/1632/1509
f 118/1612/106 1811/1633/1425 4488/1634/3508 1728/1613/1348
f 119/1635/107 1919/1636/1512 4488/1634/3508 1811/1633/1425
f 273/1614/223 1728/1613/1348 4488/1634/3508 1919/1636/1512
f 107/1619/95 1539/1637/1188 4489/1638/3509 1444/1620/1112
f 108/1639/96 1783/1640/1400 4489/1638/3509 1539/1637/1188
f 273/1614/223 1444/1620/1112 4489/1638/3509 1783/1640/1400
f 105/1641/93 1937/1642/1529 4490/1643/3510 1851/1644/1456
f 106/1615/94 1520/1618/1169 4490/1643/3510 1937/1642/1529
f 273/1614/223 1851/1644/1456 4490/1643/3510 1520/1618/1169
f 116/1625/104 1617/1645/1257 4491/1646/3511 1668/1626/1297
f 117/1608/105 1790/1611/1406 4491/1646/3511 1617/1645/1257
f 273/1614/223 1668/1626/1297 4491/1646/3511 1790/1611/1406
f 110/1631/98 1747/1647/1367 4492/1648/3512 1916/1632/1509
f 111/1649/99 1579/1650/1221 4492/1648/3512 1747/1647/1367
f 273/1614/223 1916/1632/1509 4492/1648/3512 1579/1650/1221
f 113/1651/101 1939/1652/1531 4493/1653/3513 1730/1654/1350
f 115/1621/103 1862/1624/1467 4493/1653/3513 1939/1652/1531
f 273/1614/223 1730/1654/1350 4493/1653/3513 1862/1624/1467
f 119/1635/107 1940/1655/1532 4494/1656/3514 1919/1636/1512
f 105/1641/93 1851/1644/1456 4494/1656/3514 1940/1655/1532
f 273/1614/223 1919/1636/1512 4494/1656/3514 1851/1644/1456
f 108/1639/96 1614/1657/1255 4495/1658/3515 1783/1640/1400
f 109/1627/97 1592/1630/1233 4495/1658/3515 1614/1657/1255
f 273/1614/223 1783/1640/1400 4495/1658/3515 1592/1630/1233
f 274/1659/224 1729/1660/1349 4496/1661/3516 1920/1662/1513
f 1729/1660/1349 275/1663/225 1852/1664/1457 4496/1661/3516
f 4496/1661/3516 1852/1664/1457 228/1665/196 1901/1666/1500
f 1920/1662/1513 4496/1661/3516 1901/1666/1500 227/1667/195
f 30/1668/19 1513/1669/1164 4497/1670/3517 1447/1671/1115
f 1513/1669/1164 31/1672/20 1594/1673/1235 4497/1670/3517
f 4497/1670/3517 1594/1673/1235 1261/1674/966 1853/1675/1458
f 1447/1671/1115 4497/1670/3517 1853/1675/1458 1238/1676/954
f 29/1677/18 1845/1678/1453 4498/1679/3518 1921/1680/1514
f 1845/1678/1453 30/1668/19 1447/1671/1115 4498/1679/3518
f 4498/1679/3518 1447/1671/1115 1238/1676/954 1522/1681/1171
f 1921/1680/1514 4498/1679/3518 1522/1681/1171 1236/1682/952
f 28/1683/17 1721/1684/1344 4499/1685/3519 1674/1686/1303
f 1721/1684/1344 29/1677/18 1921/1680/1514 4499/1685/3519
f 4499/1685/3519 1921/1680/1514 1236/1682/952 1448/1687/1116
f 1674/1686/1303 4499/1685/3519 1448/1687/1116 1237/1688/953
f 27/1689/16 1573/1690/1219 4500/1691/3520 1506/1692/1160
f 1573/1690/1219 28/1683/17 1674/1686/1303 4500/1691/3520
f 4500/1691/3520 1674/1686/1303 1237/1688/953 1670/1693/1299
f 1506/1692/1160 4500/1691/3520 1670/1693/1299 1243/1694/959
f 31/1672/20 1565/1695/1211 4501/1696/3521 1594/1673/1235
f 1565/1695/1211 229/1697/197 1524/1698/1173 4501/1696/3521
f 4501/1696/3521 1524/1698/1173 1249/1699/961 1855/1700/1460
f 1594/1673/1235 4501/1696/3521 1855/1700/1460 1261/1674/966
f 229/1701/197 1521/1702/1170 4502/1703/3522 1524/1704/1173
f 1521/1702/1170 274/1705/224 1920/1706/1513 4502/1703/3522
f 4502/1703/3522 1920/1706/1513 227/1707/195 1785/1708/1401
f 1524/1704/1173 4502/1703/3522 1785/1708/1401 1249/1709/961
f 275/1710/225 1446/1711/1114 4503/1712/3523 1852/1713/1457
f 1446/1711/1114 230/1714/198 1560/1715/1206 4503/1712/3523
f 4503/1712/3523 1560/1715/1206 282/1716/226 1523/1717/1172
f 1852/1713/1457 4503/1712/3523 1523/1717/1172 228/1718/196
f 230/1719/198 1430/1720/1102 4504/1721/3524 1560/1722/1206
f 1430/1720/1102 242/1723/207 1876/1724/1481 4504/1721/3524
f 4504/1721/3524 1876/1724/1481 283/1725/227 1733/1726/1353
f 1560/1722/1206 4504/1721/3524 1733/1726/1353 282/1727/226
f 239/1728/204 1477/1729/1141 4505/1730/3525 1672/1731/1301
f 1477/1729/1141 243/1732/208 1923/1733/1515 4505/1730/3525
f 4505/1730/3525 1923/1733/1515 284/1734/228 1858/1735/1463
f 1672/1731/1301 4505/1730/3525 1858/1735/1463 285/1736/229
f 240/1737/205 1655/1738/1288 4506/1739/3526 1597/1740/1238
f 1655/1738/1288 239/1728/204 1672/1731/1301 4506/1739/3526
f 4506/1739/3526 1672/1731/1301 285/1736/229 1527/1741/1176
f 1597/1740/1238 4506/1739/3526 1527/1741/1176 323/1742/265
f 287/1743/231 1598/1744/1239 4507/1745/3527 1696/1746/1322
f 1598/1744/1239 240/1737/205 1597/1740/1238 4507/1745/3527
f 4507/1745/3527 1597/1740/1238 323/1742/265 1796/1747/1410
f 1696/1746/1322 4507/1745/3527 1796/1747/1410 326/1748/268
f 242/1723/207 1734/1749/1354 4508/1750/3528 1876/1724/1481
f 1734/1749/1354 287/1743/231 1696/1746/1322 4508/1750/3528
f 4508/1750/3528 1696/1746/1322 326/1748/268 1692/1751/1318
f 1876/1724/1481 4508/1750/3528 1692/1751/1318 283/1725/227
f 243/1732/208 1507/1752/1161 4509/1753/3529 1923/1733/1515
f 1507/1752/1161 53/1754/41 1528/1755/1177 4509/1753/3529
f 4509/1753/3529 1528/1755/1177 1388/1756/1060 1860/1757/1465
f 1923/1733/1515 4509/1753/3529 1860/1757/1465 284/1734/228
f 53/1758/41 1449/1759/1117 4510/1760/3530 1528/1761/1177
f 1449/1759/1117 244/1762/209 1861/1763/1466 4510/1760/3530
f 4510/1760/3530 1861/1763/1466 1383/1764/1055 1600/1765/1241
f 1528/1761/1177 4510/1760/3530 1600/1765/1241 1388/1766/1060
f 245/1767/210 1657/1768/1290 4511/1769/3531 1960/1770/1551
f 1657/1768/1290 27/1689/16 1506/1692/1160 4511/1769/3531
f 4511/1769/3531 1506/1692/1160 1243/1694/959 1601/1771/1242
f 1960/1770/1551 4511/1769/3531 1601/1771/1242 1240/1772/956
f 244/1762/209 1840/1773/1451 4512/1774/3532 1861/1763/1466
f 1840/1773/1451 245/1775/210 1960/1776/1551 4512/1774/3532
f 4512/1774/3532 1960/1776/1551 1240/1777/956 1798/1778/1412
f 1861/1763/1466 4512/1774/3532 1798/1778/1412 1383/1764/1055
f 1077/1779/812 3576/1780/2880 4513/1781/3533 1925/1782/1517
f 3576/1780/2880 1081/1783/816 1982/1784/1569 4513/1781/3533
f 4513/1781/3533 1982/1784/1569 298/1785/240 3582/1786/2886
f 1925/1782/1517 4513/1781/3533 3582/1786/2886 1106/1787/835
f 1081/1783/816 3580/1788/2884 4514/1789/3534 1982/1784/1569
f 3580/1788/2884 1082/1790/817 1927/1791/1519 4514/1789/3534
f 4514/1789/3534 1927/1791/1519 297/1792/239 3587/1793/2891
f 1982/1784/1569 4514/1789/3534 3587/1793/2891 298/1785/240
f 1080/1794/815 3575/1795/2879 4515/1796/3535 1983/1797/1570
f 3575/1795/2879 1096/1798/829 1673/1799/1302 4515/1796/3535
f 4515/1796/3535 1673/1799/1302 1108/1800/837 3584/1801/2888
f 1983/1797/1570 4515/1796/3535 3584/1801/2888 295/1802/237
f 1394/1803/1066 2373/1804/1943 4516/1805/3536 1963/1806/1554
f 2373/1804/1943 507/1807/419 2370/1808/1940 4516/1805/3536
f 4516/1805/3536 2370/1808/1940 1117/1809/845 2372/1810/1942
f 1963/1806/1554 4516/1805/3536 2372/1810/1942 1395/1811/1067
f 1096/1798/829 3574/1812/2878 4517/1813/3537 1673/1799/1302
f 3574/1812/2878 1079/1814/814 1984/1815/1571 4517/1813/3537
f 4517/1813/3537 1984/1815/1571 293/1816/235 3583/1817/2887
f 1673/1799/1302 4517/1813/3537 3583/1817/2887 1108/1800/837
f 1079/1814/814 3579/1818/2883 4518/1819/3538 1984/1815/1571
f 3579/1818/2883 1076/1820/811 1975/1821/1565 4518/1819/3538
f 4518/1819/3538 1975/1821/1565 292/1822/234 3585/1823/2889
f 1984/1815/1571 4518/1819/3538 3585/1823/2889 293/1816/235
f 1083/1824/5 3601/1825/2905 4519/1826/3539 1932/1827/1524
f 3601/1825/2905 1092/1828/825 2939/1829/2418 4519/1826/3539
f 4519/1826/3539 2939/1829/2418 821/1830/673 3600/1831/2904
f 1932/1827/1524 4519/1826/3539 3600/1831/2904 299/1832/241
f 1106/1787/835 3586/1833/2890 4520/1834/3540 1925/1782/1517
f 3586/1833/2890 292/1822/234 1975/1821/1565 4520/1834/3540
f 4520/1834/3540 1975/1821/1565 1076/1820/811 3573/1835/2877
f 1925/1782/1517 4520/1834/3540 3573/1835/2877 1077/1779/812
f 510/1836/422 2362/1837/1932 4521/1838/3541 3476/1839/2797
f 511/1840/423 2365/1841/1935 4521/1838/3541 2362/1837/1932
f 512/1842/424 3476/1839/2797 4521/1838/3541 2365/1841/1935
f 291/1843/123 1981/1844/123 4522/1845/123 4172/1846/123
f 330/1847/272 1988/1848/1573 4522/1845/123 1981/1844/123
f 1110/111/839 4172/1846/123 4522/1845/123 1988/1848/1573
f 330/1849/272 4169/1850/3247 4523/1851/3542 1988/1852/1573
f 329/1853/271 1989/1854/1574 4523/1851/3542 4169/1850/3247
f 1110/111/839 1988/1852/1573 4523/1851/3542 1989/1854/1574
f 329/103/271 2345/1855/1918 4524/1856/3543 1990/1857/1575
f 294/1858/236 2346/1859/1919 4524/1856/3543 2345/1855/1918
f 296/1860/238 1990/1857/1575 4524/1856/3543 2346/1859/1919
f 296/1860/238 2346/1861/1919 4525/1862/3544 4168/1863/3246
f 294/1864/236 4165/1865/3243 4525/1862/3544 2346/1861/1919
f 1109/1866/838 4168/1863/3246 4525/1862/3544 4165/1865/3243
f 329/1867/271 1990/1868/1575 4526/1869/3545 1991/1870/1576
f 296/1871/238 4166/1872/3244 4526/1869/3545 1990/1868/1575
f 1107/109/836 1991/1870/1576 4526/1869/3545 4166/1872/3244
f 130/1361/118 1996/1873/1581 4527/1874/3546 1546/1362/1194
f 1996/1873/1581 304/1875/246 2004/1876/1589 4527/1874/3546
f 4527/1874/3546 2004/1876/1589 303/1877/245 1468/1878/1135
f 1546/1362/1194 4527/1874/3546 1468/1878/1135 154/1365/131
f 304/1875/246 1997/1879/1582 4528/1880/3547 2004/1876/1589
f 1997/1879/1582 305/1352/247 2005/1355/1590 4528/1880/3547
f 4528/1880/3547 2005/1355/1590 302/1360/244 1995/1881/1580
f 2004/1876/1589 4528/1880/3547 1995/1881/1580 303/1877/245
f 131/1356/119 2000/1882/1585 4529/1883/3548 1626/1357/1263
f 2000/1882/1585 308/1884/250 2006/1885/1591 4529/1883/3548
f 4529/1883/3548 2006/1885/1591 300/1886/242 1992/1887/1577
f 1626/1357/1263 4529/1883/3548 1992/1887/1577 152/1358/129
f 308/1884/250 2001/1888/1586 4530/1889/3549 2006/1885/1591
f 2001/1888/1586 309/716/251 2007/719/1592 4530/1889/3549
f 4530/1889/3549 2007/719/1592 301/724/243 1993/1890/1578
f 2006/1885/1591 4530/1889/3549 1993/1890/1578 300/1886/242
f 124/573/112 2002/1891/1587 4531/1892/3550 1693/574/1319
f 2002/1891/1587 310/1893/252 2008/1894/1593 4531/1892/3550
f 4531/1892/3550 2008/1894/1593 308/1895/250 2000/1896/1585
f 1693/574/1319 4531/1892/3550 2000/1896/1585 131/575/119
f 310/1893/252 2003/1897/1588 4532/1898/3551 2008/1894/1593
f 2003/1897/1588 311/594/253 2009/597/1594 4532/1898/3551
f 4532/1898/3551 2009/597/1594 309/602/251 2001/1899/1586
f 2008/1894/1593 4532/1898/3551 2001/1899/1586 308/1895/250
f 123/589/111 1998/1900/1583 4533/1901/3552 1620/590/1260
f 1998/1900/1583 306/1902/248 2010/1903/1595 4533/1901/3552
f 4533/1901/3552 2010/1903/1595 304/1904/246 1996/1905/1581
f 1620/590/1260 4533/1901/3552 1996/1905/1581 130/591/118
f 306/1902/248 1999/1906/1584 4534/1907/3553 2010/1903/1595
f 1999/1906/1584 307/569/249 2011/572/1596 4534/1907/3553
f 4534/1907/3553 2011/572/1596 305/577/247 1997/1908/1582
f 2010/1903/1595 4534/1907/3553 1997/1908/1582 304/1904/246
f 249/438/211 1978/1503/258 4535/1909/1537 1720/439/124
f 1978/1503/258 332/1502/273 2019/1910/273 4535/1909/1537
f 4535/1909/1537 2019/1910/273 316/1911/258 1945/1912/1537
f 1720/439/124 4535/1909/1537 1945/1912/1537 141/440/124
f 340/1484/280 2012/1913/1597 4536/1914/3554 1450/1485/1118
f 2012/1913/1597 351/1915/291 2077/1916/1652 4536/1914/3554
f 4536/1914/3554 2077/1916/1652 352/1917/292 1724/1918/1345
f 1450/1485/1118 4536/1914/3554 1724/1918/1345 341/1413/281
f 241/1919/206 2100/1920/1675 4537/1921/3555 2081/1922/1656
f 2100/1920/1675 341/1413/281 1724/1918/1345 4537/1921/3555
f 4537/1921/3555 1724/1918/1345 352/1917/292 2078/1923/1653
f 2081/1922/1656 4537/1921/3555 2078/1923/1653 353/1924/293
f 348/1925/288 2074/1926/1649 4538/1927/3556 2085/1928/1660
f 2074/1926/1649 103/1929/91 3995/1930/3126 4538/1927/3556
f 4538/1927/3556 3995/1930/3126 1303/1931/991 2076/1932/1651
f 2085/1928/1660 4538/1927/3556 2076/1932/1651 319/1933/261
f 347/1934/287 2073/1935/1648 4539/1936/3557 2017/1937/277
f 2073/1935/1648 348/1925/288 2085/1928/1660 4539/1936/3557
f 4539/1936/3557 2085/1928/1660 319/1933/261 2069/1938/1644
f 2017/1937/277 4539/1936/3557 2069/1938/1644 354/1939/294
f 346/1940/286 2072/1941/1647 4540/1942/277 2015/1943/278
f 2072/1941/1647 347/1934/287 2017/1937/277 4540/1942/277
f 4540/1942/277 2017/1937/277 354/1939/294 2079/1944/1654
f 2015/1943/278 4540/1942/277 2079/1944/1654 355/1945/295
f 340/1484/280 2075/1946/1650 4541/1947/3558 2012/1913/1597
f 2075/1946/1650 346/1940/286 2015/1943/278 4541/1947/3558
f 4541/1947/3558 2015/1943/278 355/1945/295 2080/1948/1655
f 2012/1913/1597 4541/1947/3558 2080/1948/1655 351/1915/291
f 321/1949/263 2027/1950/1602 4542/1951/3559 2046/1952/1621
f 2027/1950/1602 98/1953/86 2047/1954/1622 4542/1951/3559
f 4542/1951/3559 2047/1954/1622 1384/1955/1056 1460/1956/1127
f 2046/1952/1621 4542/1951/3559 1460/1956/1127 1385/1957/1057
f 322/1958/264 2028/1959/1603 4543/1960/3560 2048/1961/1623
f 2028/1959/1603 286/1962/230 2049/1963/1624 4543/1960/3560
f 4543/1960/3560 2049/1963/1624 323/1964/265 1527/1965/1176
f 2048/1961/1623 4543/1960/3560 1527/1965/1176 285/1966/229
f 324/1967/266 2029/1968/1604 4544/1969/3561 2050/1970/1625
f 2029/1968/1604 343/1971/283 2051/1972/1626 4544/1969/3561
f 4544/1969/3561 2051/1972/1626 1388/1973/1060 1599/1974/1240
f 2050/1970/1625 4544/1969/3561 1599/1974/1240 1387/1975/1059
f 98/1953/86 2030/1976/1605 4545/1977/3562 2047/1954/1622
f 2030/1976/1605 324/1967/266 2050/1970/1625 4545/1977/3562
f 4545/1977/3562 2050/1970/1625 1387/1975/1059 1683/1978/1311
f 2047/1954/1622 4545/1977/3562 1683/1978/1311 1384/1955/1056
f 286/1962/230 2031/1979/1606 4546/1980/3563 2049/1963/1624
f 2031/1979/1606 344/1981/284 2052/1982/1627 4546/1980/3563
f 4546/1980/3563 2052/1982/1627 326/1508/268 1796/1983/1410
f 2049/1963/1624 4546/1980/3563 1796/1983/1410 323/1964/265
f 327/1984/269 2032/1985/1607 4547/1986/3564 2053/1987/1628
f 2032/1985/1607 322/1958/264 2048/1961/1623 4547/1986/3564
f 4547/1986/3564 2048/1961/1623 285/1966/229 1858/1988/1463
f 2053/1987/1628 4547/1986/3564 1858/1988/1463 284/1989/228
f 343/1971/283 2033/1990/1608 4548/1991/3565 2051/1972/1626
f 2033/1990/1608 327/1984/269 2053/1987/1628 4548/1991/3565
f 4548/1991/3565 2053/1987/1628 284/1989/228 1860/1992/1465
f 2051/1972/1626 4548/1991/3565 1860/1992/1465 1388/1973/1060
f 101/1993/89 2034/1994/1609 4549/1995/3566 2054/1996/1629
f 2034/1994/1609 100/1997/88 2055/1998/1630 4549/1995/3566
f 4549/1995/3566 2055/1998/1630 1398/1999/1070 1966/2000/1557
f 2054/1996/1629 4549/1995/3566 1966/2000/1557 1399/2001/1071
f 102/2002/90 2035/2003/1610 4550/2004/3567 2056/2005/1631
f 2035/2003/1610 101/1993/89 2054/1996/1629 4550/2004/3567
f 4550/2004/3567 2054/1996/1629 1399/2001/1071 1968/2006/1559
f 2056/2005/1631 4550/2004/3567 1968/2006/1559 1400/2007/1072
f 349/2008/289 2036/2009/1611 4551/2010/3568 2057/2011/1632
f 2036/2009/1611 102/2002/90 2056/2005/1631 4551/2010/3568
f 4551/2010/3568 2056/2005/1631 1400/2007/1072 1970/2012/1561
f 2057/2011/1632 4551/2010/3568 1970/2012/1561 1401/1534/1073
f 100/1997/88 2037/2013/1612 4552/2014/3569 2055/1998/1630
f 2037/2013/1612 321/1949/263 2046/1952/1621 4552/2014/3569
f 4552/2014/3569 2046/1952/1621 1385/1957/1057 1979/2015/1567
f 2055/1998/1630 4552/2014/3569 1979/2015/1567 1398/1999/1070
f 334/2016/275 2039/2017/1614 4553/2018/3570 2059/2019/1634
f 2039/2017/1614 312/2020/254 2060/2021/1635 4553/2018/3570
f 4553/2018/3570 2060/2021/1635 333/1486/274 2020/1521/274
f 2059/2019/1634 4553/2018/3570 2020/1521/274 314/1516/256
f 335/2022/276 2040/2023/1615 4554/2024/3571 2061/2025/1636
f 2040/2023/1615 334/2016/275 2059/2019/1634 4554/2024/3571
f 4554/2024/3571 2059/2019/1634 314/1516/256 2021/1514/1600
f 2061/2025/1636 4554/2024/3571 2021/1514/1600 313/1512/255
f 318/2026/260 2041/2027/1616 4555/2028/3572 2062/2029/1637
f 2041/2027/1616 350/2030/290 2058/2031/1633 4555/2028/3572
f 4555/2028/3572 2058/2031/1633 332/1502/273 2022/1500/273
f 2062/2029/1637 4555/2028/3572 2022/1500/273 336/1498/277
f 317/2032/259 2042/2033/1617 4556/2034/3573 2063/2035/1638
f 2042/2033/1617 318/2026/260 2062/2029/1637 4556/2034/3573
f 4556/2034/3573 2062/2029/1637 336/1498/277 2023/1496/277
f 2063/2035/1638 4556/2034/3573 2023/1496/277 337/1494/277
f 315/2036/257 2043/2037/1618 4557/2038/3574 2064/2039/1639
f 2043/2037/1618 317/2032/259 2063/2035/1638 4557/2038/3574
f 4557/2038/3574 2063/2035/1638 337/1494/277 2024/1492/277
f 2064/2039/1639 4557/2038/3574 2024/1492/277 338/1490/278
f 312/2020/254 2044/2040/1619 4558/2041/3575 2060/2021/1635
f 2044/2040/1619 315/2036/257 2064/2039/1639 4558/2041/3575
f 4558/2041/3575 2064/2039/1639 338/1490/278 2025/1487/1601
f 2060/2021/1635 4558/2041/3575 2025/1487/1601 333/1486/274
f 344/1981/284 2045/2042/1620 4559/2043/3576 2052/1982/1627
f 2045/2042/1620 335/2022/276 2061/2025/1636 4559/2043/3576
f 4559/2043/3576 2061/2025/1636 313/1512/255 2026/1509/1600
f 2052/1982/1627 4559/2043/3576 2026/1509/1600 326/1508/268
f 340/2044/280 2065/2045/1640 4560/2046/3577 2082/2047/1657
f 2065/2045/1640 339/2048/279 2083/2049/1658 4560/2046/3577
f 4560/2046/3577 2083/2049/1658 98/2050/86 2027/2051/1602
f 2082/2047/1657 4560/2046/3577 2027/2051/1602 321/2052/263
f 341/2053/281 2100/2054/1675 4561/2055/3578 2084/2056/1659
f 2100/2054/1675 241/2057/206 2101/2058/1676 4561/2055/3578
f 4561/2055/3578 2101/2058/1676 286/2059/230 2028/2060/1603
f 2084/2056/1659 4561/2055/3578 2028/2060/1603 322/2061/264
f 342/2062/282 2067/2063/1642 4562/2064/3579 2086/2065/1661
f 2067/2063/1642 288/2066/232 2087/2067/1662 4562/2064/3579
f 4562/2064/3579 2087/2067/1662 343/2068/283 2029/2069/1604
f 2086/2065/1661 4562/2064/3579 2029/2069/1604 324/2070/266
f 339/2048/279 2068/2071/1643 4563/2072/3580 2083/2049/1658
f 2068/2071/1643 342/2062/282 2086/2065/1661 4563/2072/3580
f 4563/2072/3580 2086/2065/1661 324/2070/266 2030/2073/1605
f 2083/2049/1658 4563/2072/3580 2030/2073/1605 98/2050/86
f 241/2057/206 2088/2074/1663 4564/2075/3581 2101/2058/1676
f 344/2076/284 2031/2077/1606 4564/2075/3581 2088/2074/1663
f 286/2059/230 2101/2058/1676 4564/2075/3581 2031/2077/1606
f 345/2078/285 2070/2079/1645 4565/2080/3582 2089/2081/1664
f 2070/2079/1645 341/2053/281 2084/2056/1659 4565/2080/3582
f 4565/2080/3582 2084/2056/1659 322/2061/264 2032/2082/1607
f 2089/2081/1664 4565/2080/3582 2032/2082/1607 327/2083/269
f 288/2066/232 2071/2084/1646 4566/2085/3583 2087/2067/1662
f 2071/2084/1646 345/2078/285 2089/2081/1664 4566/2085/3583
f 4566/2085/3583 2089/2081/1664 327/2083/269 2033/2086/1608
f 2087/2067/1662 4566/2085/3583 2033/2086/1608 343/2068/283
f 347/2087/287 2072/2088/1647 4567/2089/3584 2090/2090/1665
f 2072/2088/1647 346/2091/286 2091/2092/1666 4567/2089/3584
f 4567/2089/3584 2091/2092/1666 100/2093/88 2034/2094/1609
f 2090/2090/1665 4567/2089/3584 2034/2094/1609 101/2095/89
f 348/2096/288 2073/2097/1648 4568/2098/3585 2092/2099/1667
f 2073/2097/1648 347/2087/287 2090/2090/1665 4568/2098/3585
f 4568/2098/3585 2090/2090/1665 101/2095/89 2035/2100/1610
f 2092/2099/1667 4568/2098/3585 2035/2100/1610 102/2101/90
f 103/2102/91 2074/2103/1649 4569/2104/3586 2093/2105/1668
f 2074/2103/1649 348/2096/288 2092/2099/1667 4569/2104/3586
f 4569/2104/3586 2092/2099/1667 102/2101/90 2036/2106/1611
f 2093/2105/1668 4569/2104/3586 2036/2106/1611 349/2107/289
f 346/2091/286 2075/2108/1650 4570/2109/3587 2091/2092/1666
f 2075/2108/1650 340/2044/280 2082/2047/1657 4570/2109/3587
f 4570/2109/3587 2082/2047/1657 321/2052/263 2037/2110/1612
f 2091/2092/1666 4570/2109/3587 2037/2110/1612 100/2093/88
f 1303/2111/991 3995/2112/3126 4571/2113/3588 4002/2114/3131
f 3995/2112/3126 103/2115/91 2093/2116/1668 4571/2113/3588
f 4571/2113/3588 2093/2116/1668 349/2117/289 3994/2118/3125
f 4002/2114/3131 4571/2113/3588 3994/2118/3125 1302/2119/990
f 352/2120/292 2077/2121/1652 4572/2122/3589 2095/2123/1670
f 2077/2121/1652 351/2124/291 2096/2125/1671 4572/2122/3589
f 4572/2122/3589 2096/2125/1671 312/2126/254 2039/2127/1614
f 2095/2123/1670 4572/2122/3589 2039/2127/1614 334/2128/275
f 353/2129/293 2078/2130/1653 4573/2131/3590 2097/2132/1672
f 2078/2130/1653 352/2120/292 2095/2123/1670 4573/2131/3590
f 4573/2131/3590 2095/2123/1670 334/2128/275 2040/2133/1615
f 2097/2132/1672 4573/2131/3590 2040/2133/1615 335/2134/276
f 319/2135/261 2094/2136/1669 4574/2137/3591 2066/2138/1641
f 350/2139/290 2041/2140/1616 4574/2137/3591 2094/2136/1669
f 318/2141/260 2066/2138/1641 4574/2137/3591 2041/2140/1616
f 354/2142/294 2069/2143/1644 4575/2144/3592 2098/2145/1673
f 2069/2143/1644 319/2135/261 2066/2138/1641 4575/2144/3592
f 4575/2144/3592 2066/2138/1641 318/2141/260 2042/2146/1617
f 2098/2145/1673 4575/2144/3592 2042/2146/1617 317/2147/259
f 355/2148/295 2079/2149/1654 4576/2150/3593 2099/2151/1674
f 2079/2149/1654 354/2142/294 2098/2145/1673 4576/2150/3593
f 4576/2150/3593 2098/2145/1673 317/2147/259 2043/2152/1618
f 2099/2151/1674 4576/2150/3593 2043/2152/1618 315/2153/257
f 351/2124/291 2080/2154/1655 4577/2155/3594 2096/2125/1671
f 2080/2154/1655 355/2148/295 2099/2151/1674 4577/2155/3594
f 4577/2155/3594 2099/2151/1674 315/2153/257 2044/2156/1619
f 2096/2125/1671 4577/2155/3594 2044/2156/1619 312/2126/254
f 241/2157/206 2081/2158/1656 4578/2159/3595 2088/2160/1663
f 2081/2158/1656 353/2129/293 2097/2132/1672 4578/2159/3595
f 4578/2159/3595 2097/2132/1672 335/2134/276 2045/2161/1620
f 2088/2160/1663 4578/2159/3595 2045/2161/1620 344/2162/284
f 909/2163/754 3146/2164/2607 4579/2165/3596 4149/2166/3229
f 3146/2164/2607 910/2167/755 4148/2168/3228 4579/2165/3596
f 4579/2165/3596 4148/2168/3228 1373/2169/1047 4135/2170/1047
f 4149/2166/3229 4579/2165/3596 4135/2170/1047 1375/2171/1032
f 894/2172/739 3132/2173/2593 4580/2174/3597 4147/2175/3227
f 3132/2173/2593 895/2176/740 2104/2177/1679 4580/2174/3597
f 4580/2174/3597 2104/2177/1679 1365/2178/1039 4122/2179/3211
f 4147/2175/3227 4580/2174/3597 4122/2179/3211 1367/2180/1041
f 377/2181/317 2164/2182/1738 4581/2183/3598 2103/2184/1678
f 2164/2182/1738 361/2185/301 3106/2186/2570 4581/2183/3598
f 4581/2183/3598 3106/2186/2570 1364/2187/1038 4113/2188/3204
f 2103/2184/1678 4581/2183/3598 4113/2188/3204 1349/2189/1023
f 384/2190/324 2137/2191/1711 4582/2192/3599 4146/2193/3226
f 2137/2191/1711 383/2194/323 4144/2195/3224 4582/2192/3599
f 4582/2192/3599 4144/2195/3224 1357/2196/1031 4103/2197/1031
f 4146/2193/3226 4582/2192/3599 4103/2197/1031 1361/2198/1035
f 907/2199/752 3145/2200/2606 4583/2201/3600 4141/2202/3221
f 3145/2200/2606 908/2203/753 4145/2204/3225 4583/2201/3600
f 4583/2201/3600 4145/2204/3225 1380/2205/1052 4134/2206/3209
f 4141/2202/3221 4583/2201/3600 4134/2206/3209 1370/2207/1044
f 383/2194/323 2136/2208/1710 4584/2209/3601 4144/2210/3224
f 2136/2208/1710 382/2211/322 4143/2212/3223 4584/2209/3601
f 4584/2209/3601 4143/2212/3223 1355/2213/1029 4102/2214/1031
f 4144/2210/3224 4584/2209/3601 4102/2214/1031 1357/2215/1031
f 906/2216/751 3144/2217/2605 4585/2218/3602 4142/2219/3222
f 3144/2217/2605 907/2199/752 4141/2202/3221 4585/2218/3602
f 4585/2218/3602 4141/2202/3221 1370/2207/1044 4133/2220/3216
f 4142/2219/3222 4585/2218/3602 4133/2220/3216 1371/2221/1045
f 879/2222/725 3143/2223/2604 4586/2224/3603 2107/2225/1682
f 3143/2223/2604 887/2226/732 4140/2227/3220 4586/2224/3603
f 4586/2224/3603 4140/2227/3220 1377/2228/1034 4132/2229/1051
f 2107/2225/1682 4586/2224/3603 4132/2229/1051 1379/2230/1051
f 363/2231/303 2135/2232/1709 4587/2233/3604 3109/2234/2573
f 2135/2232/1709 381/2235/321 2102/2236/1677 4587/2233/3604
f 4587/2233/3604 2102/2236/1677 1351/2237/1025 4101/2238/3199
f 3109/2234/2573 4587/2233/3604 4101/2238/3199 1359/2239/1033
f 381/2235/321 2134/2240/1708 4588/2241/3605 2102/2236/1677
f 2134/2240/1708 377/2181/317 2103/2184/1678 4588/2241/3605
f 4588/2241/3605 2103/2184/1678 1349/2189/1023 4100/2242/3198
f 2102/2236/1677 4588/2241/3605 4100/2242/3198 1351/2237/1025
f 376/2243/316 2146/2244/1720 4589/2245/3606 2129/2246/1703
f 2146/2244/1720 369/2247/309 2110/2248/1685 4589/2245/3606
f 4589/2245/3606 2110/2248/1685 356/2249/296 2147/2250/1721
f 2129/2246/1703 4589/2245/3606 2147/2250/1721 375/2251/315
f 377/2181/317 2148/2252/1722 4590/2253/3607 2164/2182/1738
f 2148/2252/1722 370/2254/310 2111/2255/1686 4590/2253/3607
f 4590/2253/3607 2111/2255/1686 362/2256/302 2165/2257/1739
f 2164/2182/1738 4590/2253/3607 2165/2257/1739 361/2185/301
f 378/2258/318 2150/2259/1724 4591/2260/3608 2131/2261/1705
f 2150/2259/1724 371/2262/311 2112/2263/1687 4591/2260/3608
f 4591/2260/3608 2112/2263/1687 379/2264/319 2151/2265/1725
f 2131/2261/1705 4591/2260/3608 2151/2265/1725 363/2266/303
f 375/2251/315 2147/2250/1721 4592/2267/3609 2132/2268/1706
f 2147/2250/1721 356/2249/296 2113/2269/1688 4592/2267/3609
f 4592/2267/3609 2113/2269/1688 371/2262/311 2150/2259/1724
f 2132/2268/1706 4592/2267/3609 2150/2259/1724 378/2258/318
f 361/2185/301 2165/2257/1739 4593/2270/3610 2152/2271/1726
f 362/2256/302 2114/2272/1689 4593/2270/3610 2165/2257/1739
f 380/2273/320 2152/2271/1726 4593/2270/3610 2114/2272/1689
f 381/2235/321 2153/2274/1727 4594/2275/3611 2134/2240/1708
f 2153/2274/1727 372/2276/312 2115/2277/1690 4594/2275/3611
f 4594/2275/3611 2115/2277/1690 370/2254/310 2148/2252/1722
f 2134/2240/1708 4594/2275/3611 2148/2252/1722 377/2181/317
f 363/2231/303 2151/2278/1725 4595/2279/3612 2135/2232/1709
f 2151/2278/1725 379/2280/319 2116/2281/1691 4595/2279/3612
f 4595/2279/3612 2116/2281/1691 372/2276/312 2153/2274/1727
f 2135/2232/1709 4595/2279/3612 2153/2274/1727 381/2235/321
f 383/2194/323 2154/2282/1728 4596/2283/3613 2136/2208/1710
f 2154/2282/1728 358/2284/298 2117/2285/1692 4596/2283/3613
f 4596/2283/3613 2117/2285/1692 357/2286/297 2155/2287/1729
f 2136/2208/1710 4596/2283/3613 2155/2287/1729 382/2211/322
f 384/2190/324 2156/2288/1730 4597/2289/3614 2137/2191/1711
f 2156/2288/1730 359/2290/299 2118/2291/1693 4597/2289/3614
f 4597/2289/3614 2118/2291/1693 358/2284/298 2154/2282/1728
f 2137/2191/1711 4597/2289/3614 2154/2282/1728 383/2194/323
f 360/2292/300 2157/2293/1731 4598/2294/3615 2138/2295/1712
f 2157/2293/1731 385/2296/325 2119/2297/1694 4598/2294/3615
f 4598/2294/3615 2119/2297/1694 359/2290/299 2156/2288/1730
f 2138/2295/1712 4598/2294/3615 2156/2288/1730 384/2190/324
f 382/2211/322 2155/2287/1729 4599/2298/3616 2139/2299/1713
f 2155/2287/1729 357/2286/297 2120/2300/1695 4599/2298/3616
f 4599/2298/3616 2120/2300/1695 369/2247/309 2146/2244/1720
f 2139/2299/1713 4599/2298/3616 2146/2244/1720 376/2243/316
f 368/2301/308 2158/2302/1732 4600/2303/3617 2140/2304/1714
f 2158/2302/1732 386/2305/326 2121/2306/1696 4600/2303/3617
f 4600/2303/3617 2121/2306/1696 385/2307/325 2157/2308/1731
f 2140/2304/1714 4600/2303/3617 2157/2308/1731 360/2309/300
f 388/2310/328 2159/2311/1733 4601/2312/1734 2141/2313/1715
f 2159/2311/1733 373/2314/313 2122/2315/1697 4601/2312/1734
f 4601/2312/1734 2122/2315/1697 364/2316/304 2160/2317/1734
f 2141/2313/1715 4601/2312/1734 2160/2317/1734 387/2318/327
f 389/2319/329 2161/2320/1735 4602/2321/3618 2142/2322/1716
f 2161/2320/1735 374/2323/314 2123/2324/1698 4602/2321/3618
f 4602/2321/3618 2123/2324/1698 373/2314/313 2159/2311/1733
f 2142/2322/1716 4602/2321/3618 2159/2311/1733 388/2310/328
f 368/2325/308 2130/2326/1704 4603/2327/3619 2158/2328/1732
f 367/2329/307 2124/2330/1699 4603/2327/3619 2130/2326/1704
f 386/2331/326 2158/2328/1732 4603/2327/3619 2124/2330/1699
f 390/2332/330 2162/2333/1736 4604/2334/3620 2133/2335/1707
f 2162/2333/1736 366/2336/306 2125/2337/1700 4604/2334/3620
f 4604/2334/3620 2125/2337/1700 367/2329/307 2130/2326/1704
f 2133/2335/1707 4604/2334/3620 2130/2326/1704 368/2325/308
f 391/2338/331 2163/2339/1737 4605/2340/1737 2143/2341/1717
f 2163/2339/1737 365/2342/305 2126/2343/1701 4605/2340/1737
f 4605/2340/1737 2126/2343/1701 366/2336/306 2162/2333/1736
f 2143/2341/1717 4605/2340/1737 2162/2333/1736 390/2332/330
f 387/2318/327 2160/2317/1734 4606/2344/3621 2144/2345/1718
f 2160/2317/1734 364/2316/304 2127/2346/1701 4606/2344/3621
f 4606/2344/3621 2127/2346/1701 365/2342/305 2163/2339/1737
f 2144/2345/1718 4606/2344/3621 2163/2339/1737 391/2338/331
f 361/2347/301 2152/2348/1726 4607/2349/3622 2145/2350/1719
f 2152/2348/1726 380/2351/320 2128/2352/1702 4607/2349/3622
f 4607/2349/3622 2128/2352/1702 374/2323/314 2161/2320/1735
f 2145/2350/1719 4607/2349/3622 2161/2320/1735 389/2319/329
f 358/2284/298 2118/2291/1693 4608/2353/3623 4086/2354/3186
f 2118/2291/1693 359/2290/299 4087/2355/3187 4608/2353/3623
f 4608/2353/3623 4087/2355/3187 1320/2356/1004 4020/2357/1003
f 4086/2354/3186 4608/2353/3623 4020/2357/1003 1319/2358/1003
f 392/2359/5 2168/2360/1742 4609/2361/3624 2166/2362/1740
f 2168/2360/1742 441/2363/379 2167/2364/1741 4609/2361/3624
f 4609/2361/3624 2167/2364/1741 440/2365/378 2169/2366/1743
f 2166/2362/1740 4609/2361/3624 2169/2366/1743 394/2367/333
f 394/2367/333 2169/2366/1743 4610/2368/3625 2170/2369/1744
f 2169/2366/1743 440/2365/378 2171/2370/1745 4610/2368/3625
f 4610/2368/3625 2171/2370/1745 442/2371/380 2172/2372/1746
f 2170/2369/1744 4610/2368/3625 2172/2372/1746 396/2373/335
f 396/2373/335 2172/2372/1746 4611/2374/3626 2173/2375/1747
f 2172/2372/1746 442/2371/380 2174/2376/1748 4611/2374/3626
f 4611/2374/3626 2174/2376/1748 443/2377/381 2175/2378/1749
f 2173/2375/1747 4611/2374/3626 2175/2378/1749 398/2379/337
f 398/2379/337 2175/2378/1749 4612/2380/3627 2176/2381/1750
f 2175/2378/1749 443/2377/381 2177/2382/1751 4612/2380/3627
f 4612/2380/3627 2177/2382/1751 444/2383/382 2178/2384/1752
f 2176/2381/1750 4612/2380/3627 2178/2384/1752 400/2385/339
f 400/2385/339 2178/2384/1752 4613/2386/3628 2179/2387/1753
f 2178/2384/1752 444/2383/382 2180/2388/1754 4613/2386/3628
f 4613/2386/3628 2180/2388/1754 445/2389/383 2181/2390/1755
f 2179/2387/1753 4613/2386/3628 2181/2390/1755 402/2391/341
f 402/2391/341 2181/2390/1755 4614/2392/3629 2182/2393/1756
f 2181/2390/1755 445/2389/383 2183/2394/1757 4614/2392/3629
f 4614/2392/3629 2183/2394/1757 446/2395/384 2184/2396/1758
f 2182/2393/1756 4614/2392/3629 2184/2396/1758 404/2397/343
f 404/2397/343 2184/2396/1758 4615/2398/3630 2185/2399/1759
f 2184/2396/1758 446/2395/384 2186/2400/1760 4615/2398/3630
f 4615/2398/3630 2186/2400/1760 447/2401/385 2187/2402/1761
f 2185/2399/1759 4615/2398/3630 2187/2402/1761 406/2403/345
f 406/2403/345 2187/2402/1761 4616/2404/3631 2188/2405/1762
f 2187/2402/1761 447/2401/385 2189/2406/1763 4616/2404/3631
f 4616/2404/3631 2189/2406/1763 448/2407/386 2190/2408/1764
f 2188/2405/1762 4616/2404/3631 2190/2408/1764 408/2409/347
f 408/2409/347 2190/2408/1764 4617/2410/3632 2191/2411/1765
f 2190/2408/1764 448/2407/386 2192/2412/1766 4617/2410/3632
f 4617/2410/3632 2192/2412/1766 449/2413/387 2193/2414/1767
f 2191/2411/1765 4617/2410/3632 2193/2414/1767 410/2415/349
f 410/2415/349 2193/2414/1767 4618/2416/3633 2194/2417/1768
f 2193/2414/1767 449/2413/387 2195/2418/1769 4618/2416/3633
f 4618/2416/3633 2195/2418/1769 450/2419/388 2196/2420/1770
f 2194/2417/1768 4618/2416/3633 2196/2420/1770 412/2421/351
f 412/2421/351 2196/2420/1770 4619/2422/3634 2197/2423/1771
f 2196/2420/1770 450/2419/388 2198/2424/1772 4619/2422/3634
f 4619/2422/3634 2198/2424/1772 451/2425/389 2199/2426/1773
f 2197/2423/1771 4619/2422/3634 2199/2426/1773 414/2427/353
f 414/2427/353 2199/2426/1773 4620/2428/3635 2200/2429/1774
f 2199/2426/1773 451/2425/389 2201/2430/1775 4620/2428/3635
f 4620/2428/3635 2201/2430/1775 452/2431/390 2202/2432/1776
f 2200/2429/1774 4620/2428/3635 2202/2432/1776 416/2433/22
f 416/2433/22 2202/2432/1776 4621/2434/3636 2203/2435/1777
f 2202/2432/1776 452/2431/390 2204/2436/1778 4621/2434/3636
f 4621/2434/3636 2204/2436/1778 453/2437/391 2205/2438/1779
f 2203/2435/1777 4621/2434/3636 2205/2438/1779 418/2439/356
f 418/2439/356 2205/2438/1779 4622/2440/3637 2206/2441/1780
f 2205/2438/1779 453/2437/391 2207/2442/1781 4622/2440/3637
f 4622/2440/3637 2207/2442/1781 454/2443/392 2208/2444/1782
f 2206/2441/1780 4622/2440/3637 2208/2444/1782 420/2445/358
f 420/2445/358 2208/2444/1782 4623/2446/3638 2209/2447/1783
f 2208/2444/1782 454/2443/392 2210/2448/1784 4623/2446/3638
f 4623/2446/3638 2210/2448/1784 455/2449/393 2211/2450/1785
f 2209/2447/1783 4623/2446/3638 2211/2450/1785 422/2451/360
f 422/2451/360 2211/2450/1785 4624/2452/3639 2212/2453/1786
f 2211/2450/1785 455/2449/393 2213/2454/1787 4624/2452/3639
f 4624/2452/3639 2213/2454/1787 456/2455/394 2214/2456/1788
f 2212/2453/1786 4624/2452/3639 2214/2456/1788 424/2457/362
f 424/2457/362 2214/2456/1788 4625/2458/3640 2215/2459/1789
f 2214/2456/1788 456/2455/394 2216/2460/1790 4625/2458/3640
f 4625/2458/3640 2216/2460/1790 457/2461/395 2217/2462/1791
f 2215/2459/1789 4625/2458/3640 2217/2462/1791 426/2463/364
f 426/2463/364 2217/2462/1791 4626/2464/3641 2218/2465/1792
f 2217/2462/1791 457/2461/395 2219/2466/1793 4626/2464/3641
f 4626/2464/3641 2219/2466/1793 458/2467/396 2220/2468/1794
f 2218/2465/1792 4626/2464/3641 2220/2468/1794 428/2469/366
f 428/2469/366 2220/2468/1794 4627/2470/3642 2221/2471/1795
f 2220/2468/1794 458/2467/396 2222/2472/1796 4627/2470/3642
f 4627/2470/3642 2222/2472/1796 459/2473/397 2223/2474/1797
f 2221/2471/1795 4627/2470/3642 2223/2474/1797 430/2475/368
f 430/2475/368 2223/2474/1797 4628/2476/3643 2224/2477/1798
f 2223/2474/1797 459/2473/397 2225/2478/1799 4628/2476/3643
f 4628/2476/3643 2225/2478/1799 460/2479/398 2226/2480/1800
f 2224/2477/1798 4628/2476/3643 2226/2480/1800 432/2481/370
f 432/2481/370 2226/2480/1800 4629/2482/3644 2227/2483/1801
f 2226/2480/1800 460/2479/398 2228/2484/1802 4629/2482/3644
f 4629/2482/3644 2228/2484/1802 461/2485/399 2229/2486/1803
f 2227/2483/1801 4629/2482/3644 2229/2486/1803 434/2487/372
f 434/2487/372 2229/2486/1803 4630/2488/3645 2230/2489/1804
f 2229/2486/1803 461/2485/399 2231/2490/1805 4630/2488/3645
f 4630/2488/3645 2231/2490/1805 462/2491/400 2232/2492/1806
f 2230/2489/1804 4630/2488/3645 2232/2492/1806 436/2493/374
f 439/2494/377 2260/2495/1834 4631/2496/3646 2311/2497/1885
f 2260/2495/1834 437/2498/375 2310/2499/1884 4631/2496/3646
f 4631/2496/3646 2310/2499/1884 1162/2500/886 2308/2501/1882
f 2311/2497/1885 4631/2496/3646 2308/2501/1882 1163/2502/887
f 436/2493/374 2232/2492/1806 4632/2503/3647 2233/2504/1807
f 2232/2492/1806 462/2491/400 2234/2505/1808 4632/2503/3647
f 4632/2503/3647 2234/2505/1808 463/2506/401 2235/2507/1809
f 2233/2504/1807 4632/2503/3647 2235/2507/1809 438/2508/376
f 438/2508/376 2235/2507/1809 4633/2509/3648 2236/2510/1810
f 2235/2507/1809 463/2506/401 2237/2511/1811 4633/2509/3648
f 4633/2509/3648 2237/2511/1811 441/2512/379 2168/2513/1742
f 2236/2510/1810 4633/2509/3648 2168/2513/1742 392/2514/5
f 393/2515/332 2238/2516/1812 4634/2517/3649 2262/2518/1836
f 2238/2516/1812 395/2519/334 2263/2520/1837 4634/2517/3649
f 4634/2517/3649 2263/2520/1837 440/2521/378 2167/2522/1741
f 2262/2518/1836 4634/2517/3649 2167/2522/1741 441/2523/379
f 395/2519/334 2239/2524/1813 4635/2525/3650 2263/2520/1837
f 2239/2524/1813 397/2526/336 2264/2527/1838 4635/2525/3650
f 4635/2525/3650 2264/2527/1838 442/2528/380 2171/2529/1745
f 2263/2520/1837 4635/2525/3650 2171/2529/1745 440/2521/378
f 397/2526/336 2240/2530/1814 4636/2531/3651 2264/2527/1838
f 2240/2530/1814 399/2532/338 2265/2533/1839 4636/2531/3651
f 4636/2531/3651 2265/2533/1839 443/2534/381 2174/2535/1748
f 2264/2527/1838 4636/2531/3651 2174/2535/1748 442/2528/380
f 399/2532/338 2241/2536/1815 4637/2537/3652 2265/2533/1839
f 2241/2536/1815 401/2538/340 2266/2539/1840 4637/2537/3652
f 4637/2537/3652 2266/2539/1840 444/2540/382 2177/2541/1751
f 2265/2533/1839 4637/2537/3652 2177/2541/1751 443/2534/381
f 401/2538/340 2242/2542/1816 4638/2543/3653 2266/2539/1840
f 2242/2542/1816 403/2544/342 2267/2545/1841 4638/2543/3653
f 4638/2543/3653 2267/2545/1841 445/2546/383 2180/2547/1754
f 2266/2539/1840 4638/2543/3653 2180/2547/1754 444/2540/382
f 403/2544/342 2243/2548/1817 4639/2549/3654 2267/2545/1841
f 2243/2548/1817 405/2550/344 2268/2551/1842 4639/2549/3654
f 4639/2549/3654 2268/2551/1842 446/2552/384 2183/2553/1757
f 2267/2545/1841 4639/2549/3654 2183/2553/1757 445/2546/383
f 405/2550/344 2244/2554/1818 4640/2555/3655 2268/2551/1842
f 2244/2554/1818 407/2556/346 2269/2557/1843 4640/2555/3655
f 4640/2555/3655 2269/2557/1843 447/2558/385 2186/2559/1760
f 2268/2551/1842 4640/2555/3655 2186/2559/1760 446/2552/384
f 407/2556/346 2245/2560/1819 4641/2561/3656 2269/2557/1843
f 2245/2560/1819 409/2562/348 2270/2563/1844 4641/2561/3656
f 4641/2561/3656 2270/2563/1844 448/2564/386 2189/2565/1763
f 2269/2557/1843 4641/2561/3656 2189/2565/1763 447/2558/385
f 409/2562/348 2246/2566/1820 4642/2567/3657 2270/2563/1844
f 2246/2566/1820 411/2568/350 2271/2569/1845 4642/2567/3657
f 4642/2567/3657 2271/2569/1845 449/2570/387 2192/2571/1766
f 2270/2563/1844 4642/2567/3657 2192/2571/1766 448/2564/386
f 411/2568/350 2247/2572/1821 4643/2573/3658 2271/2569/1845
f 2247/2572/1821 413/2574/352 2272/2575/1846 4643/2573/3658
f 4643/2573/3658 2272/2575/1846 450/2576/388 2195/2577/1769
f 2271/2569/1845 4643/2573/3658 2195/2577/1769 449/2570/387
f 413/2574/352 2248/2578/1822 4644/2579/3659 2272/2575/1846
f 2248/2578/1822 415/2580/354 2273/2581/1847 4644/2579/3659
f 4644/2579/3659 2273/2581/1847 451/2582/389 2198/2583/1772
f 2272/2575/1846 4644/2579/3659 2198/2583/1772 450/2576/388
f 415/2580/354 2249/2584/1823 4645/2585/3660 2273/2581/1847
f 2249/2584/1823 417/2586/355 2274/2587/1848 4645/2585/3660
f 4645/2585/3660 2274/2587/1848 452/2588/390 2201/2589/1775
f 2273/2581/1847 4645/2585/3660 2201/2589/1775 451/2582/389
f 417/2586/355 2250/2590/1824 4646/2591/3661 2274/2587/1848
f 2250/2590/1824 419/2592/357 2275/2593/1849 4646/2591/3661
f 4646/2591/3661 2275/2593/1849 453/2594/391 2204/2595/1778
f 2274/2587/1848 4646/2591/3661 2204/2595/1778 452/2588/390
f 419/2592/357 2251/2596/1825 4647/2597/3662 2275/2593/1849
f 2251/2596/1825 421/2598/359 2276/2599/1850 4647/2597/3662
f 4647/2597/3662 2276/2599/1850 454/2600/392 2207/2601/1781
f 2275/2593/1849 4647/2597/3662 2207/2601/1781 453/2594/391
f 421/2598/359 2252/2602/1826 4648/2603/3663 2276/2599/1850
f 2252/2602/1826 423/2604/361 2277/2605/1851 4648/2603/3663
f 4648/2603/3663 2277/2605/1851 455/2606/393 2210/2607/1784
f 2276/2599/1850 4648/2603/3663 2210/2607/1784 454/2600/392
f 423/2604/361 2253/2608/1827 4649/2609/3664 2277/2605/1851
f 2253/2608/1827 425/2610/363 2278/2611/1852 4649/2609/3664
f 4649/2609/3664 2278/2611/1852 456/2612/394 2213/2613/1787
f 2277/2605/1851 4649/2609/3664 2213/2613/1787 455/2606/393
f 425/2610/363 2254/2614/1828 4650/2615/3665 2278/2611/1852
f 2254/2614/1828 427/2616/365 2279/2617/1853 4650/2615/3665
f 4650/2615/3665 2279/2617/1853 457/2618/395 2216/2619/1790
f 2278/2611/1852 4650/2615/3665 2216/2619/1790 456/2612/394
f 427/2616/365 2255/2620/1829 4651/2621/3666 2279/2617/1853
f 2255/2620/1829 429/2622/367 2280/2623/1854 4651/2621/3666
f 4651/2621/3666 2280/2623/1854 458/2624/396 2219/2625/1793
f 2279/2617/1853 4651/2621/3666 2219/2625/1793 457/2618/395
f 429/2622/367 2256/2626/1830 4652/2627/3667 2280/2623/1854
f 2256/2626/1830 431/2628/369 2281/2629/1855 4652/2627/3667
f 4652/2627/3667 2281/2629/1855 459/2630/397 2222/2631/1796
f 2280/2623/1854 4652/2627/3667 2222/2631/1796 458/2624/396
f 431/2628/369 2257/2632/1831 4653/2633/3668 2281/2629/1855
f 2257/2632/1831 433/2634/371 2282/2635/1856 4653/2633/3668
f 4653/2633/3668 2282/2635/1856 460/2636/398 2225/2637/1799
f 2281/2629/1855 4653/2633/3668 2225/2637/1799 459/2630/397
f 433/2634/371 2258/2638/1832 4654/2639/3669 2282/2635/1856
f 2258/2638/1832 435/2640/373 2283/2641/1857 4654/2639/3669
f 4654/2639/3669 2283/2641/1857 461/2642/399 2228/2643/1802
f 2282/2635/1856 4654/2639/3669 2228/2643/1802 460/2636/398
f 435/2640/373 2259/2644/1833 4655/2645/3670 2283/2641/1857
f 2259/2644/1833 437/2646/375 2284/2647/1858 4655/2645/3670
f 4655/2645/3670 2284/2647/1858 462/2648/400 2231/2649/1805
f 2283/2641/1857 4655/2645/3670 2231/2649/1805 461/2642/399
f 437/2646/375 2260/2650/1834 4656/2651/3671 2284/2647/1858
f 2260/2650/1834 439/2652/377 2285/2653/1859 4656/2651/3671
f 4656/2651/3671 2285/2653/1859 463/2654/401 2234/2655/1808
f 2284/2647/1858 4656/2651/3671 2234/2655/1808 462/2648/400
f 439/2652/377 2261/2656/1835 4657/2657/3672 2285/2653/1859
f 2261/2656/1835 393/2658/332 2262/2659/1836 4657/2657/3672
f 4657/2657/3672 2262/2659/1836 441/2660/379 2237/2661/1811
f 2285/2653/1859 4657/2657/3672 2237/2661/1811 463/2654/401
f 395/2662/334 2238/2663/1812 4658/2664/3673 2313/2665/1887
f 2238/2663/1812 393/2666/332 2312/2667/1886 4658/2664/3673
f 4658/2664/3673 2312/2667/1886 1141/2668/865 2286/2669/1860
f 2313/2665/1887 4658/2664/3673 2286/2669/1860 1140/2670/864
f 425/2671/363 2253/2672/1827 4659/2673/3674 2315/2674/1889
f 2253/2672/1827 423/2675/361 2314/2676/1888 4659/2673/3674
f 4659/2673/3674 2314/2676/1888 1155/2677/879 2301/2678/1875
f 2315/2674/1889 4659/2673/3674 2301/2678/1875 1156/2679/880
f 411/2680/350 2246/2681/1820 4660/2682/3675 2317/2683/1891
f 2246/2681/1820 409/2684/348 2316/2685/1890 4660/2682/3675
f 4660/2682/3675 2316/2685/1890 1148/2686/872 2294/2687/1868
f 2317/2683/1891 4660/2682/3675 2294/2687/1868 1149/2688/873
f 393/2689/332 2261/2690/1835 4661/2691/3676 2312/2692/1886
f 2261/2690/1835 439/2494/377 2311/2497/1885 4661/2691/3676
f 4661/2691/3676 2311/2497/1885 1163/2502/887 2309/2693/1883
f 2312/2692/1886 4661/2691/3676 2309/2693/1883 1141/2694/865
f 397/2695/336 2239/2696/1813 4662/2697/3677 2318/2698/1892
f 2239/2696/1813 395/2662/334 2313/2665/1887 4662/2697/3677
f 4662/2697/3677 2313/2665/1887 1140/2670/864 2287/2699/1861
f 2318/2698/1892 4662/2697/3677 2287/2699/1861 1142/2700/866
f 427/2701/365 2254/2702/1828 4663/2703/3678 2319/2704/1893
f 2254/2702/1828 425/2671/363 2315/2674/1889 4663/2703/3678
f 4663/2703/3678 2315/2674/1889 1156/2679/880 2302/2705/1876
f 2319/2704/1893 4663/2703/3678 2302/2705/1876 1157/2706/881
f 413/2707/352 2247/2708/1821 4664/2709/3679 2320/2710/1894
f 2247/2708/1821 411/2680/350 2317/2683/1891 4664/2709/3679
f 4664/2709/3679 2317/2683/1891 1149/2688/873 2295/2711/1869
f 2320/2710/1894 4664/2709/3679 2295/2711/1869 1150/2712/874
f 399/2713/338 2240/2714/1814 4665/2715/3680 2321/2716/1895
f 2240/2714/1814 397/2695/336 2318/2698/1892 4665/2715/3680
f 4665/2715/3680 2318/2698/1892 1142/2700/866 2288/2717/1862
f 2321/2716/1895 4665/2715/3680 2288/2717/1862 1143/2718/867
f 429/2719/367 2255/2720/1829 4666/2721/3681 2322/2722/1896
f 2255/2720/1829 427/2701/365 2319/2704/1893 4666/2721/3681
f 4666/2721/3681 2319/2704/1893 1157/2706/881 2303/2723/1877
f 2322/2722/1896 4666/2721/3681 2303/2723/1877 1158/2724/882
f 415/2725/354 2248/2726/1822 4667/2727/3682 2323/2728/1897
f 2248/2726/1822 413/2707/352 2320/2710/1894 4667/2727/3682
f 4667/2727/3682 2320/2710/1894 1150/2712/874 2296/2729/1870
f 2323/2728/1897 4667/2727/3682 2296/2729/1870 1151/2730/875
f 401/2731/340 2241/2732/1815 4668/2733/3683 2324/2734/1898
f 2241/2732/1815 399/2713/338 2321/2716/1895 4668/2733/3683
f 4668/2733/3683 2321/2716/1895 1143/2718/867 2289/2735/1863
f 2324/2734/1898 4668/2733/3683 2289/2735/1863 1144/2736/868
f 431/2737/369 2256/2738/1830 4669/2739/3684 2325/2740/1899
f 2256/2738/1830 429/2719/367 2322/2722/1896 4669/2739/3684
f 4669/2739/3684 2322/2722/1896 1158/2724/882 2304/2741/1878
f 2325/2740/1899 4669/2739/3684 2304/2741/1878 1159/2742/883
f 417/2743/355 2249/2744/1823 4670/2745/3685 2326/2746/1900
f 2249/2744/1823 415/2725/354 2323/2728/1897 4670/2745/3685
f 4670/2745/3685 2323/2728/1897 1151/2730/875 2297/2747/1871
f 2326/2746/1900 4670/2745/3685 2297/2747/1871 1152/2748/876
f 403/2749/342 2242/2750/1816 4671/2751/3686 2327/2752/1901
f 2242/2750/1816 401/2731/340 2324/2734/1898 4671/2751/3686
f 4671/2751/3686 2324/2734/1898 1144/2736/868 2290/2753/1864
f 2327/2752/1901 4671/2751/3686 2290/2753/1864 1145/2754/869
f 433/2755/371 2257/2756/1831 4672/2757/3687 2328/2758/1902
f 2257/2756/1831 431/2737/369 2325/2740/1899 4672/2757/3687
f 4672/2757/3687 2325/2740/1899 1159/2742/883 2305/2759/1879
f 2328/2758/1902 4672/2757/3687 2305/2759/1879 1160/2760/884
f 419/2761/357 2250/2762/1824 4673/2763/3688 2329/2764/1903
f 2250/2762/1824 417/2743/355 2326/2746/1900 4673/2763/3688
f 4673/2763/3688 2326/2746/1900 1152/2748/876 2298/2765/1872
f 2329/2764/1903 4673/2763/3688 2298/2765/1872 1153/2766/877
f 405/2767/344 2243/2768/1817 4674/2769/3689 2330/2770/1904
f 2243/2768/1817 403/2749/342 2327/2752/1901 4674/2769/3689
f 4674/2769/3689 2327/2752/1901 1145/2754/869 2291/2771/1865
f 2330/2770/1904 4674/2769/3689 2291/2771/1865 1146/2772/870
f 435/2773/373 2258/2774/1832 4675/2775/3690 2331/2776/1905
f 2258/2774/1832 433/2755/371 2328/2758/1902 4675/2775/3690
f 4675/2775/3690 2328/2758/1902 1160/2760/884 2306/2777/1880
f 2331/2776/1905 4675/2775/3690 2306/2777/1880 1161/2778/885
f 421/2779/359 2251/2780/1825 4676/2781/3691 2332/2782/1906
f 2251/2780/1825 419/2761/357 2329/2764/1903 4676/2781/3691
f 4676/2781/3691 2329/2764/1903 1153/2766/877 2299/2783/1873
f 2332/2782/1906 4676/2781/3691 2299/2783/1873 1154/2784/878
f 407/2785/346 2244/2786/1818 4677/2787/3692 2333/2788/1907
f 2244/2786/1818 405/2767/344 2330/2770/1904 4677/2787/3692
f 4677/2787/3692 2330/2770/1904 1146/2772/870 2292/2789/1866
f 2333/2788/1907 4677/2787/3692 2292/2789/1866 1147/2790/871
f 437/2498/375 2259/2791/1833 4678/2792/3693 2310/2499/1884
f 2259/2791/1833 435/2773/373 2331/2776/1905 4678/2792/3693
f 4678/2792/3693 2331/2776/1905 1161/2778/885 2307/2793/1881
f 2310/2499/1884 4678/2792/3693 2307/2793/1881 1162/2500/886
f 423/2675/361 2252/2794/1826 4679/2795/3694 2314/2676/1888
f 2252/2794/1826 421/2779/359 2332/2782/1906 4679/2795/3694
f 4679/2795/3694 2332/2782/1906 1154/2784/878 2300/2796/1874
f 2314/2676/1888 4679/2795/3694 2300/2796/1874 1155/2677/879
f 409/2684/348 2245/2797/1819 4680/2798/3695 2316/2685/1890
f 2245/2797/1819 407/2785/346 2333/2788/1907 4680/2798/3695
f 4680/2798/3695 2333/2788/1907 1147/2790/871 2293/2799/1867
f 2316/2685/1890 4680/2798/3695 2293/2799/1867 1148/2686/872
f 517/2800/429 2337/2801/1911 4681/2802/3696 3478/2803/2799
f 516/2804/428 2336/2805/1910 4681/2802/3696 2337/2801/1911
f 515/2806/427 3478/2803/2799 4681/2802/3696 2336/2805/1910
f 290/2807/5 3866/2808/5 4682/2809/5 3493/2810/5
f 280/2811/5 3484/2812/5 4682/2809/5 3866/2808/5
f 497/1058/5 3493/2810/5 4682/2809/5 3484/2812/5
f 44/2813/32 3540/2814/2846 4683/2815/3697 3499/2816/2810
f 42/2817/30 3494/2818/2805 4683/2815/3697 3540/2814/2846
f 60/2819/48 3499/2816/2810 4683/2815/3697 3494/2818/2805
f 500/2820/413 3500/2821/2811 4684/2822/3698 3506/2823/2817
f 1080/1794/815 3501/2824/2812 4684/2822/3698 3500/2821/2811
f 499/2825/412 3506/2823/2817 4684/2822/3698 3501/2824/2812
f 497/1058/5 2343/1057/5 4685/2826/5 2347/2827/5
f 135/1056/5 2348/2828/5 4685/2826/5 2343/1057/5
f 1104/2829/5 2347/2827/5 4685/2826/5 2348/2828/5
f 1104/2829/5 2348/2828/5 4686/2830/5 3889/2831/5
f 135/1056/5 2350/2832/5 4686/2830/5 2348/2828/5
f 1085/2833/5 3889/2831/5 4686/2830/5 2350/2832/5
f 602/2834/490 3550/2835/411 4687/2836/3699 3527/2837/2834
f 3550/2835/411 49/2838/37 2351/2839/1921 4687/2836/3699
f 4687/2836/3699 2351/2839/1921 498/2840/411 3554/2841/2858
f 3527/2837/2834 4687/2836/3699 3554/2841/2858 612/2842/500
f 1266/2843/970 2353/2844/1923 4688/2845/3700 2352/2846/1922
f 2353/2844/1923 1267/2847/971 2354/2848/1924 4688/2845/3700
f 4688/2845/3700 2354/2848/1924 1112/2849/840 2355/2850/1925
f 2352/2846/1922 4688/2845/3700 2355/2850/1925 508/2851/420
f 508/2851/420 2355/2850/1925 4689/2852/3701 2356/2853/1926
f 2355/2850/1925 1112/2849/840 2357/2854/1927 4689/2852/3701
f 4689/2852/3701 2357/2854/1927 1113/2855/841 2358/2856/1928
f 2356/2853/1926 4689/2852/3701 2358/2856/1928 509/2857/421
f 509/2857/421 2358/2856/1928 4690/2858/3702 2359/2859/1929
f 2358/2856/1928 1113/2855/841 2360/2860/1930 4690/2858/3702
f 4690/2858/3702 2360/2860/1930 1114/2861/842 2361/2862/1931
f 2359/2859/1929 4690/2858/3702 2361/2862/1931 510/2863/422
f 510/2863/422 2361/2862/1931 4691/2864/3703 2362/2865/1932
f 2361/2862/1931 1114/2861/842 2363/2866/1933 4691/2864/3703
f 4691/2864/3703 2363/2866/1933 1115/2867/843 2364/2868/1934
f 2362/2865/1932 4691/2864/3703 2364/2868/1934 511/2869/423
f 511/2869/423 2364/2868/1934 4692/2870/3704 2365/2871/1935
f 2364/2868/1934 1115/2867/843 2366/2872/1936 4692/2870/3704
f 4692/2870/3704 2366/2872/1936 1116/2873/844 2367/2874/1937
f 2365/2871/1935 4692/2870/3704 2367/2874/1937 512/2875/424
f 512/2875/424 2367/2874/1937 4693/2876/3705 2368/2877/1938
f 2367/2874/1937 1116/2873/844 2369/2878/1939 4693/2876/3705
f 4693/2876/3705 2369/2878/1939 1117/1809/845 2370/1808/1940
f 2368/2877/1938 4693/2876/3705 2370/1808/1940 507/1807/419
f 514/2879/426 2383/2880/1953 4694/2881/3706 2334/2882/1908
f 2383/2880/1953 489/2883/403 2374/2884/1944 4694/2881/3706
f 4694/2881/3706 2374/2884/1944 488/2885/402 2384/2886/1954
f 2334/2882/1908 4694/2881/3706 2384/2886/1954 513/2887/425
f 515/2888/427 2385/2889/1955 4695/2890/3707 2335/2891/1909
f 2385/2889/1955 490/2892/404 2375/2893/1945 4695/2890/3707
f 4695/2890/3707 2375/2893/1945 489/2894/403 2383/2895/1953
f 2335/2891/1909 4695/2890/3707 2383/2895/1953 514/2896/426
f 516/2897/428 2386/2898/1956 4696/2899/3708 2336/2900/1910
f 2386/2898/1956 491/2901/405 2376/2902/1946 4696/2899/3708
f 4696/2899/3708 2376/2902/1946 490/2903/404 2385/2904/1955
f 2336/2900/1910 4696/2899/3708 2385/2904/1955 515/2905/427
f 517/2906/429 2387/2907/1957 4697/2908/3709 2337/2909/1911
f 2387/2907/1957 492/2910/406 2377/2911/1947 4697/2908/3709
f 4697/2908/3709 2377/2911/1947 491/2912/405 2386/2913/1956
f 2337/2909/1911 4697/2908/3709 2386/2913/1956 516/2914/428
f 518/2915/430 2388/2916/1958 4698/2917/3710 2338/2918/1912
f 2388/2916/1958 493/2919/407 2378/2920/1948 4698/2917/3710
f 4698/2917/3710 2378/2920/1948 492/2921/406 2387/2922/1957
f 2338/2918/1912 4698/2917/3710 2387/2922/1957 517/2923/429
f 519/2924/431 2389/2925/1959 4699/2926/3711 2339/2927/1913
f 2389/2925/1959 494/2928/408 2379/2929/1949 4699/2926/3711
f 4699/2926/3711 2379/2929/1949 493/2930/407 2388/2931/1958
f 2339/2927/1913 4699/2926/3711 2388/2931/1958 518/2932/430
f 520/2933/432 2390/2934/1960 4700/2935/3712 2340/2936/1914
f 2390/2934/1960 495/2937/409 2380/2938/1950 4700/2935/3712
f 4700/2935/3712 2380/2938/1950 494/2939/408 2389/2940/1959
f 2340/2936/1914 4700/2935/3712 2389/2940/1959 519/2941/431
f 521/2942/433 2391/2943/1961 4701/2944/3713 2341/2945/1915
f 2391/2943/1961 496/2946/410 2381/2947/1951 4701/2944/3713
f 4701/2944/3713 2381/2947/1951 495/2948/409 2390/2949/1960
f 2341/2945/1915 4701/2944/3713 2390/2949/1960 520/2950/432
f 513/2951/425 2384/2952/1954 4702/2953/3714 2342/2954/1916
f 2384/2952/1954 488/2955/402 2382/2956/1952 4702/2953/3714
f 4702/2953/3714 2382/2956/1952 496/2957/410 2391/2958/1961
f 2342/2954/1916 4702/2953/3714 2391/2958/1961 521/2959/433
f 263/2960/213 2392/2961/1962 4703/2962/3715 2404/2963/1974
f 2392/2961/1962 262/2964/212 2405/2965/1975 4703/2962/3715
f 4703/2962/3715 2405/2965/1975 522/2966/434 1438/2967/1106
f 2404/2963/1974 4703/2962/3715 1438/2967/1106 523/2968/435
f 262/2964/212 2393/2969/1963 4704/2970/3716 2405/2965/1975
f 2393/2969/1963 264/2971/214 2406/2972/1976 4704/2970/3716
f 4704/2970/3716 2406/2972/1976 524/2973/436 1439/2974/1107
f 2405/2965/1975 4704/2970/3716 1439/2974/1107 522/2966/434
f 270/2975/220 2394/2976/1964 4705/2977/3717 2407/2978/1977
f 2394/2976/1964 271/2979/221 2408/2980/1978 4705/2977/3717
f 4705/2977/3717 2408/2980/1978 526/2981/438 1442/2982/1110
f 2407/2978/1977 4705/2977/3717 1442/2982/1110 525/2983/437
f 527/2984/439 2395/2985/1965 4706/2986/3718 2409/2987/1979
f 2395/2985/1965 268/2988/218 2410/2989/1980 4706/2986/3718
f 4706/2986/3718 2410/2989/1980 528/2990/440 1517/2991/1166
f 2409/2987/1979 4706/2986/3718 1517/2991/1166 114/2992/102
f 269/2993/219 2396/2994/1966 4707/2995/3719 2411/2996/1981
f 2396/2994/1966 270/2975/220 2407/2978/1977 4707/2995/3719
f 4707/2995/3719 2407/2978/1977 525/2983/437 1518/2997/1167
f 2411/2996/1981 4707/2995/3719 1518/2997/1167 529/2998/441
f 272/2999/222 2397/3000/1967 4708/3001/3720 2412/3002/1982
f 2397/3000/1967 263/2960/213 2404/2963/1974 4708/3001/3720
f 4708/3001/3720 2404/2963/1974 523/2968/435 1572/3003/1218
f 2412/3002/1982 4708/3001/3720 1572/3003/1218 530/3004/442
f 264/2971/214 2398/3005/1968 4709/3006/3721 2406/2972/1976
f 2398/3005/1968 531/3007/443 2413/3008/1983 4709/3006/3721
f 4709/3006/3721 2413/3008/1983 265/3009/215 1584/3010/1225
f 2406/2972/1976 4709/3006/3721 1584/3010/1225 524/2973/436
f 271/2979/221 2399/3011/1969 4710/3012/3722 2408/2980/1978
f 2399/3011/1969 272/2999/222 2412/3002/1982 4710/3012/3722
f 4710/3012/3722 2412/3002/1982 530/3004/442 1667/3013/1296
f 2408/2980/1978 4710/3012/3722 1667/3013/1296 526/2981/438
f 531/3007/443 2400/3014/1970 4711/3015/3723 2413/3008/1983
f 2400/3014/1970 532/3016/444 2414/3017/1984 4711/3015/3723
f 4711/3015/3723 2414/3017/1984 266/3018/216 1786/3019/1402
f 2413/3008/1983 4711/3015/3723 1786/3019/1402 265/3009/215
f 268/2988/218 2401/3020/1971 4712/3021/3724 2410/2989/1980
f 2401/3020/1971 269/2993/219 2411/2996/1981 4712/3021/3724
f 4712/3021/3724 2411/2996/1981 529/2998/441 1857/3022/1462
f 2410/2989/1980 4712/3021/3724 1857/3022/1462 528/2990/440
f 532/3016/444 2402/3023/1972 4713/3024/3725 2414/3017/1984
f 2402/3023/1972 533/3025/445 2416/3026/1986 4713/3024/3725
f 4713/3024/3725 2416/3026/1986 267/3027/217 1902/3028/1501
f 2414/3017/1984 4713/3024/3725 1902/3028/1501 266/3018/216
f 533/3025/445 2403/3029/1973 4714/3030/3726 2416/3026/1986
f 2403/3029/1973 534/3031/446 2415/3032/1985 4714/3030/3726
f 4714/3030/3726 2415/3032/1985 112/3033/100 1915/3034/1508
f 2416/3026/1986 4714/3030/3726 1915/3034/1508 267/3027/217
f 263/1598/213 2397/3035/1967 4715/3036/3727 1589/1599/1230
f 2397/3035/1967 272/1602/222 1590/1605/1231 4715/3036/3727
f 4715/3036/3727 1590/1605/1231 546/1607/458 2422/3037/1992
f 1589/1599/1230 4715/3036/3727 2422/3037/1992 539/1600/451
f 531/1592/443 2398/3038/1968 4716/3039/3728 1587/1593/1228
f 2398/3038/1968 264/1581/214 1583/1584/1224 4716/3039/3728
f 4716/3039/3728 1583/1584/1224 540/1589/452 2423/3040/1993
f 1587/1593/1228 4716/3039/3728 2423/3040/1993 535/1594/447
f 549/3041/460 2432/3042/460 4717/3043/460 2435/3044/460
f 2432/3042/460 550/3045/460 2434/3046/460 4717/3043/460
f 4717/3043/460 2434/3046/460 552/3047/460 2433/3048/460
f 2435/3044/460 4717/3043/460 2433/3048/460 551/3049/460
f 557/3050/460 2440/3051/460 4718/3052/460 2437/3053/460
f 2440/3051/460 556/3054/460 2438/3055/460 4718/3052/460
f 4718/3052/460 2438/3055/460 554/3056/460 2439/3057/460
f 2437/3053/460 4718/3052/460 2439/3057/460 555/3058/460
f 559/3059/460 2441/3060/460 4719/3061/460 2444/3062/460
f 2441/3060/460 560/3063/460 2443/3064/460 4719/3061/460
f 4719/3061/460 2443/3064/460 562/3065/460 2442/3066/460
f 2444/3062/460 4719/3061/460 2442/3066/460 561/3067/460
f 567/3068/460 2448/3069/460 4720/3070/460 2445/3071/460
f 2448/3069/460 566/3072/460 2446/3073/460 4720/3070/460
f 4720/3070/460 2446/3073/460 564/3074/460 2447/3075/460
f 2445/3071/460 4720/3070/460 2447/3075/460 565/3076/460
f 548/3077/460 2431/3078/460 4721/3079/460 2450/3080/460
f 2431/3078/460 553/3081/460 2449/3082/460 4721/3079/460
f 4721/3079/460 2449/3082/460 563/3083/460 2436/3084/460
f 2450/3080/460 4721/3079/460 2436/3084/460 558/3085/460
f 893/3086/738 3126/3087/1698 4722/3088/3729 3443/3089/2780
f 3126/3087/1698 892/3090/737 4085/3091/3185 4722/3088/3729
f 4722/3088/3729 4085/3091/3185 1343/3092/1020 4060/3093/3170
f 3443/3089/2780 4722/3088/3729 4060/3093/3170 1344/3094/1021
f 357/2286/297 2117/2285/1692 4723/3095/3730 3456/3096/2792
f 2117/2285/1692 358/2284/298 4086/3097/3186 4723/3095/3730
f 4723/3095/3730 4086/3097/3186 1319/3098/1003 4019/3099/3144
f 3456/3096/2792 4723/3095/3730 4019/3099/3144 1318/3100/1002
f 892/3090/737 3125/3101/2589 4724/3102/3731 4085/3091/3185
f 3125/3101/2589 883/3103/729 3448/3104/2785 4724/3102/3731
f 4724/3102/3731 3448/3104/2785 1342/3105/1019 4059/3106/3169
f 4085/3091/3185 4724/3102/3731 4059/3106/3169 1343/3092/1020
f 372/2276/312 2116/2281/1691 4725/3107/3732 4083/3108/3183
f 2116/2281/1691 379/2280/319 2457/3109/2007 4725/3107/3732
f 4725/3107/3732 2457/3109/2007 1315/3110/999 4018/3111/3143
f 4083/3108/3183 4725/3107/3732 4018/3111/3143 1317/3112/1001
f 905/3113/750 3124/3114/2588 4726/3115/3733 4084/3116/3184
f 3124/3114/2588 904/3117/749 2452/3118/2002 4726/3115/3733
f 4726/3115/3733 2452/3118/2002 1340/3119/1004 4058/3120/1004
f 4084/3116/3184 4726/3115/3733 4058/3120/1004 1341/3121/1004
f 370/2254/310 2115/2277/1690 4727/3122/3734 2461/3123/2011
f 2115/2277/1690 372/2276/312 4083/3108/3183 4727/3122/3734
f 4727/3122/3734 4083/3108/3183 1317/3112/1001 4017/3124/3142
f 2461/3123/2011 4727/3122/3734 4017/3124/3142 1312/3125/996
f 876/3126/722 3123/3127/2587 4728/3128/3735 2456/3129/2006
f 3123/3127/2587 888/3130/733 4082/3131/3182 4728/3128/3735
f 4728/3128/3735 4082/3131/3182 1330/3132/1011 4057/3133/3168
f 2456/3129/2006 4728/3128/3735 4057/3133/3168 1337/3134/1017
f 374/2323/314 2128/2352/1702 4729/3135/3736 2466/3136/2016
f 2128/2352/1702 380/2351/320 2451/3137/2001 4729/3135/3736
f 4729/3135/3736 2451/3137/2001 1316/3138/1000 4030/3139/3151
f 2466/3136/2016 4729/3135/3736 4030/3139/3151 1325/3140/1007
f 380/2273/320 2114/2272/1689 4730/3141/3737 2451/3142/2001
f 2114/2272/1689 362/2256/302 2460/3143/2010 4730/3141/3737
f 4730/3141/3737 2460/3143/2010 1313/3144/997 4016/3145/3141
f 2451/3142/2001 4730/3141/3737 4016/3145/3141 1316/3146/1000
f 904/3147/749 3122/3148/2586 4731/3149/3738 2452/3150/2002
f 3122/3148/2586 878/3151/724 2453/3152/2003 4731/3149/3738
f 4731/3149/3738 2453/3152/2003 1339/3153/1000 4056/3154/3145
f 2452/3150/2002 4731/3149/3738 4056/3154/3145 1340/3155/1004
f 365/2342/305 2127/2346/1701 4732/3156/3739 2454/3157/2004
f 2127/2346/1701 364/2316/304 3446/3158/2783 4732/3156/3739
f 4732/3156/3739 3446/3158/2783 1323/3159/1005 4029/3160/3150
f 2454/3157/2004 4732/3156/3739 4029/3160/3150 1328/3161/1008
f 371/2262/311 2113/2269/1688 4733/3162/3740 2458/3163/2008
f 2113/2269/1688 356/2249/296 2463/3164/2013 4733/3162/3740
f 4733/3162/3740 2463/3164/2013 1310/3165/994 4015/3166/3140
f 2458/3163/2008 4733/3162/3740 4015/3166/3140 1314/3167/998
f 878/3151/724 3121/3168/2585 4734/3169/3741 2453/3170/2003
f 3121/3168/2585 877/3171/723 2455/3172/2005 4734/3169/3741
f 4734/3169/3741 2455/3172/2005 1338/3173/1018 4055/3174/1018
f 2453/3170/2003 4734/3169/3741 4055/3174/1018 1339/3175/1000
f 366/2336/306 2126/2343/1701 4735/3176/2009 2459/3177/2009
f 2126/2343/1701 365/2342/305 2454/3157/2004 4735/3176/2009
f 4735/3176/2009 2454/3157/2004 1328/3161/1008 4028/3178/1008
f 2459/3177/2009 4735/3176/2009 4028/3178/1008 1327/3179/1009
f 877/3171/723 3120/3180/2584 4736/3181/3742 2455/3182/2005
f 3120/3180/2584 876/3126/722 2456/3183/2006 4736/3181/3742
f 4736/3181/3742 2456/3183/2006 1337/3184/1017 4054/3185/3167
f 2455/3182/2005 4736/3181/3742 4054/3185/3167 1338/3186/1018
f 379/2264/319 2112/2263/1687 4737/3187/3743 2457/3188/2007
f 2112/2263/1687 371/2262/311 2458/3189/2008 4737/3187/3743
f 4737/3187/3743 2458/3189/2008 1314/3190/998 4014/3191/3139
f 2457/3188/2007 4737/3187/3743 4014/3191/3139 1315/3192/999
f 712/3193/600 2904/3194/2390 4738/3195/3744 2663/3196/2176
f 2904/3194/2390 711/3197/599 2963/3198/2442 4738/3195/3744
f 4738/3195/3744 2963/3198/2442 642/3199/530 2644/3200/2158
f 2663/3196/2176 4738/3195/3744 2644/3200/2158 622/3201/510
f 622/3201/510 2644/3200/2158 4739/3202/3745 2637/3203/2151
f 2644/3200/2158 642/3199/530 2944/3204/2423 4739/3202/3745
f 4739/3202/3745 2944/3204/2423 643/3205/531 2770/3206/2267
f 2637/3203/2151 4739/3202/3745 2770/3206/2267 623/3207/511
f 623/3207/511 2770/3206/2267 4740/3208/3746 2786/3209/2283
f 2770/3206/2267 643/3205/531 2514/3210/2055 4740/3208/3746
f 4740/3208/3746 2514/3210/2055 714/3211/602 2524/3212/2062
f 2786/3209/2283 4740/3208/3746 2524/3212/2062 713/3213/601
f 624/3214/512 2945/3215/2424 4741/3216/3747 2883/3217/2370
f 2945/3215/2424 644/3218/532 2575/3219/2103 4741/3216/3747
f 4741/3216/3747 2575/3219/2103 657/3220/545 2892/3221/2379
f 2883/3217/2370 4741/3216/3747 2892/3221/2379 611/3222/499
f 798/3223/658 2756/3224/2253 4742/3225/3748 2486/3226/2030
f 2756/3224/2253 799/3227/659 2627/3228/2141 4742/3225/3748
f 4742/3225/3748 2627/3228/2141 646/3229/534 2574/3230/2102
f 2486/3226/2030 4742/3225/3748 2574/3230/2102 625/3231/513
f 625/3231/513 2574/3230/2102 4743/3232/3749 2570/3233/2098
f 2574/3230/2102 646/3229/534 2710/3234/2215 4743/3232/3749
f 4743/3232/3749 2710/3234/2215 647/3235/535 2646/3236/2160
f 2570/3233/2098 4743/3232/3749 2646/3236/2160 626/3237/514
f 626/3237/514 2646/3236/2160 4744/3238/3750 2638/3239/2152
f 2646/3236/2160 647/3235/535 2771/3240/2268 4744/3238/3750
f 4744/3238/3750 2771/3240/2268 648/3241/536 2830/3242/2323
f 2638/3239/2152 4744/3238/3750 2830/3242/2323 627/3243/515
f 627/3243/515 2830/3242/2323 4745/3244/3751 2827/3245/2320
f 2830/3242/2323 648/3241/536 2831/3246/2324 4745/3244/3751
f 4745/3244/3751 2831/3246/2324 649/3247/537 2947/3248/2426
f 2827/3245/2320 4745/3244/3751 2947/3248/2426 628/3249/516
f 628/3249/516 2947/3248/2426 4746/3250/3752 2940/3251/2419
f 2947/3248/2426 649/3247/537 2891/3252/2378 4746/3250/3752
f 4746/3250/3752 2891/3252/2378 650/3253/538 2498/3254/2042
f 2940/3251/2419 4746/3250/3752 2498/3254/2042 629/3255/517
f 813/3256/667 4182/3257/3256 4747/3258/3753 4178/3259/3252
f 4182/3257/3256 844/3260/693 4181/3261/3255 4747/3258/3753
f 4747/3258/3753 4181/3261/3255 609/3262/497 2706/3263/2211
f 4178/3259/3252 4747/3258/3753 2706/3263/2211 630/3264/518
f 630/3264/518 2706/3263/2211 4748/3265/3754 4180/3266/3254
f 2706/3263/2211 609/3262/497 4184/3267/3258 4748/3265/3754
f 4748/3265/3754 4184/3267/3258 839/3268/688 2647/3269/2161
f 4180/3266/3254 4748/3265/3754 2647/3269/2161 631/3270/519
f 631/3270/519 2647/3269/2161 4749/3271/3755 4183/3272/3257
f 2647/3269/2161 839/3268/688 4179/3273/3253 4749/3271/3755
f 4749/3271/3755 4179/3273/3253 652/3274/540 2712/3275/2217
f 4183/3272/3257 4749/3271/3755 2712/3275/2217 632/3276/520
f 632/3276/520 2712/3275/2217 4750/3277/3756 4197/3278/3266
f 2712/3275/2217 652/3274/540 4196/3279/3265 4750/3277/3756
f 4750/3277/3756 4196/3279/3265 847/3280/696 2978/3281/2457
f 4197/3278/3266 4750/3277/3756 2978/3281/2457 633/3282/521
f 633/3282/521 2978/3281/2457 4751/3283/3757 4199/3284/3267
f 2978/3281/2457 847/3280/696 4189/3285/3261 4751/3283/3757
f 4751/3283/3757 4189/3285/3261 848/3286/697 3348/3287/2735
f 4199/3284/3267 4751/3283/3757 3348/3287/2735 818/3288/670
f 848/3289/697 2997/3290/2471 4752/3291/3758 2999/3292/2473
f 1132/3293/857 4193/3294/3264 4752/3291/3758 2997/3290/2471
f 1129/3295/854 2999/3292/2473 4752/3291/3758 4193/3294/3264
f 1124/3296/123 4198/3297/123 4753/3298/123 3507/3299/123
f 1127/3300/123 3508/3301/123 4753/3298/123 4198/3297/123
f 849/3302/698 3507/3299/123 4753/3298/123 3508/3301/123
f 57/119/45 1455/122/1123 4754/3303/3759 2769/3304/2266
f 1455/122/1123 80/127/68 2887/3305/2374 4754/3303/3759
f 4754/3303/3759 2887/3305/2374 634/3306/522 2641/3307/2155
f 2769/3304/2266 4754/3303/3759 2641/3307/2155 613/3308/501
f 613/3309/501 2641/3310/2155 4755/3311/3760 2656/3312/2169
f 2641/3310/2155 634/3313/522 2942/3314/2421 4755/3311/3760
f 4755/3311/3760 2942/3314/2421 635/3315/523 2508/3316/2052
f 2656/3312/2169 4755/3311/3760 2508/3316/2052 687/3317/575
f 615/3318/503 2839/3319/2332 4756/3320/3761 2824/3321/2317
f 2839/3319/2332 689/3322/577 2584/3323/2112 4756/3320/3761
f 4756/3320/3761 2584/3323/2112 636/3324/524 2888/3325/2375
f 2824/3321/2317 4756/3320/3761 2888/3325/2375 616/3326/504
f 616/3326/504 2888/3325/2375 4757/3327/3762 2882/3328/2369
f 2888/3325/2375 636/3324/524 2713/3329/2218 4757/3327/3762
f 4757/3327/3762 2713/3329/2218 637/3330/525 2573/3331/2101
f 2882/3328/2369 4757/3327/3762 2573/3331/2101 617/3332/505
f 617/3332/505 2573/3331/2101 4758/3333/3763 2583/3334/2111
f 2573/3331/2101 637/3330/525 2657/3335/2170 4758/3333/3763
f 4758/3333/3763 2657/3335/2170 690/3336/578 2957/3337/2436
f 2583/3334/2111 4758/3333/3763 2957/3337/2436 688/3338/576
f 701/3339/589 2784/3340/2281 4759/3341/3764 2783/3342/2280
f 2784/3340/2281 702/3343/590 2765/3344/2262 4759/3341/3764
f 4759/3341/3764 2765/3344/2262 639/3345/527 2768/3346/2265
f 2783/3342/2280 4759/3341/3764 2768/3346/2265 619/3347/507
f 619/3347/507 2768/3346/2265 4760/3348/3765 2763/3349/2260
f 2768/3346/2265 639/3345/527 2654/3350/2167 4760/3348/3765
f 4760/3348/3765 2654/3350/2167 640/3351/528 2890/3352/2377
f 2763/3349/2260 4760/3348/3765 2890/3352/2377 620/3353/508
f 620/3353/508 2890/3352/2377 4761/3354/3766 2901/3355/2387
f 2890/3352/2377 640/3351/528 2840/3356/2333 4761/3354/3766
f 4761/3354/3766 2840/3356/2333 699/3357/587 2661/3358/2174
f 2901/3355/2387 4761/3354/3766 2661/3358/2174 700/3359/588
f 723/3360/611 2668/3361/2180 4762/3362/3767 2666/3363/2179
f 2668/3361/2180 727/3364/615 2684/3365/2194 4762/3362/3767
f 4762/3362/3767 2684/3365/2194 645/3366/533 2645/3367/2159
f 2666/3363/2179 4762/3362/3767 2645/3367/2159 569/3368/462
f 731/3369/619 2669/3370/2181 4763/3371/3768 2850/3372/2343
f 2669/3370/2181 723/3373/611 2666/3374/2179 4763/3371/3768
f 4763/3371/3768 2666/3374/2179 569/3375/462 2722/3376/2225
f 2850/3372/2343 4763/3371/3768 2722/3376/2225 610/3377/498
f 1256/197/962 1799/200/1413 4764/3378/3769 2795/3379/2292
f 1799/200/1413 57/205/45 2769/3380/2266 4764/3378/3769
f 4764/3378/3769 2769/3380/2266 613/3381/501 2881/3382/2368
f 2795/3379/2292 4764/3378/3769 2881/3382/2368 1288/3383/982
f 1288/3383/982 2881/3382/2368 4765/3384/3770 2897/3385/2383
f 613/3381/501 2656/3386/2169 4765/3384/3770 2881/3382/2368
f 687/3387/575 2897/3385/2383 4765/3384/3770 2656/3386/2169
f 571/3388/463 2567/3389/2095 4766/3390/3771 2534/3391/2069
f 2567/3389/2095 615/3392/503 2824/3393/2317 4766/3390/3771
f 4766/3390/3771 2824/3393/2317 616/3394/504 2636/3395/2150
f 2534/3391/2069 4766/3390/3771 2636/3395/2150 572/3396/464
f 572/3396/464 2636/3395/2150 4767/3397/3772 2595/3398/2123
f 2636/3395/2150 616/3394/504 2882/3399/2369 4767/3397/3772
f 4767/3397/3772 2882/3399/2369 617/3400/505 2762/3401/2259
f 2595/3398/2123 4767/3397/3772 2762/3401/2259 573/3402/465
f 573/3402/465 2762/3401/2259 4768/3403/3773 2742/3404/2244
f 2762/3401/2259 617/3400/505 2583/3405/2111 4768/3403/3773
f 4768/3403/3773 2583/3405/2111 688/3406/576 2956/3407/2435
f 2742/3404/2244 4768/3403/3773 2956/3407/2435 574/3408/466
f 694/3409/582 2842/3410/2335 4769/3411/3774 2586/3412/2114
f 2842/3410/2335 701/3413/589 2783/3414/2280 4769/3411/3774
f 4769/3411/3774 2783/3414/2280 619/3415/507 2568/3416/2096
f 2586/3412/2114 4769/3411/3774 2568/3416/2096 575/3417/467
f 575/3417/467 2568/3416/2096 4770/3418/3775 2538/3419/2071
f 2568/3416/2096 619/3415/507 2763/3420/2260 4770/3418/3775
f 4770/3418/3775 2763/3420/2260 620/3421/508 2704/3422/2209
f 2538/3419/2071 4770/3418/3775 2704/3422/2209 576/3423/468
f 576/3423/468 2704/3422/2209 4771/3424/3776 2676/3425/2186
f 2704/3422/2209 620/3421/508 2901/3426/2387 4771/3424/3776
f 4771/3424/3776 2901/3426/2387 700/3427/588 2841/3428/2334
f 2676/3425/2186 4771/3424/3776 2841/3428/2334 577/3429/469
f 706/3430/594 2590/3431/2118 4772/3432/3777 2962/3433/2441
f 2590/3431/2118 712/3434/600 2663/3435/2176 4772/3432/3777
f 4772/3432/3777 2663/3435/2176 622/3436/510 2938/3437/2417
f 2962/3433/2441 4772/3432/3777 2938/3437/2417 578/3438/470
f 578/3438/470 2938/3437/2417 4773/3439/3778 2916/3440/2401
f 2938/3437/2417 622/3436/510 2637/3441/2151 4773/3439/3778
f 4773/3439/3778 2637/3441/2151 623/3442/511 2569/3443/2097
f 2916/3440/2401 4773/3439/3778 2569/3443/2097 579/3444/471
f 579/3444/471 2569/3443/2097 4774/3445/3779 2540/3446/2073
f 2569/3443/2097 623/3442/511 2786/3447/2283 4774/3445/3779
f 4774/3445/3779 2786/3447/2283 713/3448/601 2736/3449/2239
f 2540/3446/2073 4774/3445/3779 2736/3449/2239 580/3450/472
f 589/3451/477 2705/3452/2210 4775/3453/3780 2550/3454/2080
f 2705/3452/2210 625/3455/513 2570/3456/2098 4775/3453/3780
f 4775/3453/3780 2570/3456/2098 626/3457/514 2505/3458/2049
f 2550/3454/2080 4775/3453/3780 2505/3458/2049 588/3459/476
f 588/3459/476 2505/3458/2049 4776/3460/3781 2863/3461/2353
f 2505/3458/2049 626/3457/514 2638/3462/2152 4776/3460/3781
f 4776/3460/3781 2638/3462/2152 627/3463/515 2884/3464/2371
f 2863/3461/2353 4776/3460/3781 2884/3464/2371 587/3465/475
f 587/3465/475 2884/3464/2371 4777/3466/3782 2748/3467/2248
f 2884/3464/2371 627/3463/515 2827/3468/2320 4777/3466/3782
f 4777/3466/3782 2827/3468/2320 628/3469/516 2764/3470/2261
f 2748/3467/2248 4777/3466/3782 2764/3470/2261 586/3471/474
f 586/3471/474 2764/3470/2261 4778/3472/3783 2607/3473/2135
f 2764/3470/2261 628/3469/516 2940/3474/2419 4778/3472/3783
f 4778/3472/3783 2940/3474/2419 629/3475/517 2639/3476/2153
f 2607/3473/2135 4778/3472/3783 2639/3476/2153 585/3477/473
f 1272/3478/976 2822/3479/2315 4779/3480/3784 2566/3481/2094
f 2822/3479/2315 1406/3482/1078 2492/3483/2036 4779/3480/3784
f 4779/3480/3784 2492/3483/2036 1405/3484/1077 2495/3485/2039
f 2566/3481/2094 4779/3480/3784 2495/3485/2039 1271/3486/975
f 1271/3486/975 2495/3485/2039 4780/3487/3785 2920/3488/2405
f 2495/3485/2039 1405/3484/1077 2572/3489/2100 4780/3487/3785
f 4780/3487/3785 2572/3489/2100 1409/3490/1081 2941/3491/2420
f 2920/3488/2405 4780/3487/3785 2941/3491/2420 1291/3492/984
f 1291/3492/984 2941/3491/2420 4781/3493/3786 2805/3494/2301
f 2941/3491/2420 1409/3490/1081 2640/3495/2154 4781/3493/3786
f 4781/3493/3786 2640/3495/2154 1412/3496/1084 2828/3497/2321
f 2805/3494/2301 4781/3493/3786 2828/3497/2321 1290/3498/983
f 1290/3498/983 2828/3497/2321 4782/3499/3787 2981/3500/2460
f 2828/3497/2321 1412/3496/1084 2989/3501/2465 4782/3499/3787
f 4782/3499/3787 2989/3501/2465 1425/3502/1097 2974/3503/2453
f 2981/3500/2460 4782/3499/3787 2974/3503/2453 1294/3504/986
f 1294/3504/986 2974/3503/2453 4783/3505/3788 3349/3506/2736
f 2974/3503/2453 1425/3502/1097 3347/3507/2734 4783/3505/3788
f 4783/3505/3788 3347/3507/2734 1416/3508/1088 2972/3509/2451
f 3349/3506/2736 4783/3505/3788 2972/3509/2451 1295/3510/987
f 753/3511/640 2558/3512/2086 4784/3513/3789 2599/3514/2127
f 2558/3512/2086 798/3515/658 2486/3516/2030 4784/3513/3789
f 4784/3513/3789 2486/3516/2030 625/3455/513 2705/3452/2210
f 2599/3514/2127 4784/3513/3789 2705/3452/2210 589/3451/477
f 718/3517/606 2965/3518/2444 4785/3519/3790 2528/3520/2063
f 2965/3518/2444 624/3521/512 2883/3522/2370 4785/3519/3790
f 4785/3519/3790 2883/3522/2370 611/3523/499 2493/3524/2037
f 2528/3520/2063 4785/3519/3790 2493/3524/2037 568/3525/461
f 781/3526/22 2610/3527/22 4786/3528/22 2477/3529/22
f 2610/3527/22 139/356/22 1458/355/22 4786/3528/22
f 4786/3528/22 1458/355/22 140/354/22 2808/3530/22
f 2477/3529/22 4786/3528/22 2808/3530/22 778/3531/22
f 592/3532/480 2767/3533/2264 4787/3534/3791 2782/3535/2279
f 2767/3533/2264 636/3536/524 2584/3537/2112 4787/3534/3791
f 4787/3534/3791 2584/3537/2112 689/3538/577 2515/3539/2056
f 2782/3535/2279 4787/3534/3791 2515/3539/2056 696/3540/584
f 594/3541/482 2889/3542/2376 4788/3543/3792 2753/3544/2250
f 2889/3542/2376 637/3545/525 2713/3546/2218 4788/3543/3792
f 4788/3543/3792 2713/3546/2218 636/3536/524 2767/3533/2264
f 2753/3544/2250 4788/3543/3792 2767/3533/2264 592/3532/480
f 596/3547/484 2510/3548/2054 4789/3549/3793 2868/3550/2355
f 2510/3548/2054 690/3551/578 2657/3552/2170 4789/3549/3793
f 4789/3549/3793 2657/3552/2170 637/3545/525 2889/3542/2376
f 2868/3550/2355 4789/3549/3793 2889/3542/2376 594/3541/482
f 599/3553/487 2708/3554/2213 4790/3555/3794 2728/3556/2231
f 2708/3554/2213 639/3557/527 2765/3558/2262 4790/3555/3794
f 4790/3555/3794 2765/3558/2262 702/3559/590 2587/3560/2115
f 2728/3556/2231 4790/3555/3794 2587/3560/2115 698/3561/586
f 601/3562/489 2829/3563/2322 4791/3564/3795 2697/3565/2203
f 2829/3563/2322 640/3566/528 2654/3567/2167 4791/3564/3795
f 4791/3564/3795 2654/3567/2167 639/3557/527 2708/3554/2213
f 2697/3565/2203 4791/3564/3795 2708/3554/2213 599/3553/487
f 603/3568/491 2959/3569/2438 4792/3570/3796 2815/3571/2310
f 2959/3569/2438 699/3572/587 2840/3573/2333 4792/3570/3796
f 4792/3570/3796 2840/3573/2333 640/3566/528 2829/3563/2322
f 2815/3571/2310 4792/3570/3796 2829/3563/2322 601/3562/489
f 604/3574/492 2497/3575/2041 4793/3576/3797 2522/3577/2060
f 2497/3575/2041 642/3578/530 2963/3579/2442 4793/3576/3797
f 4793/3576/3797 2963/3579/2442 711/3580/599 2845/3581/2338
f 2522/3577/2060 4793/3576/3797 2845/3581/2338 710/3582/598
f 605/3583/493 2911/3584/2397 4794/3585/3798 2721/3586/2224
f 2911/3584/2397 643/3587/531 2944/3588/2423 4794/3585/3798
f 4794/3585/3798 2944/3588/2423 642/3578/530 2497/3575/2041
f 2721/3586/2224 4794/3585/3798 2497/3575/2041 604/3574/492
f 606/3589/494 2787/3590/2284 4795/3591/3799 2629/3592/2143
f 2787/3590/2284 714/3593/602 2514/3594/2055 4795/3591/3799
f 4795/3591/3799 2514/3594/2055 643/3587/531 2911/3584/2397
f 2629/3592/2143 4795/3591/3799 2911/3584/2397 605/3583/493
f 767/3595/651 2544/3596/2077 4796/3597/3800 2857/3598/2350
f 608/3599/496 2819/3600/2312 4796/3597/3800 2544/3596/2077
f 650/3601/538 2857/3598/2350 4796/3597/3800 2819/3600/2312
f 777/3602/22 2688/3603/22 4797/3604/22 2749/3605/22
f 2688/3603/22 146/435/22 1543/434/22 4797/3604/22
f 4797/3604/22 1543/434/22 145/433/22 2475/3606/22
f 2749/3605/22 4797/3604/22 2475/3606/22 774/3607/22
f 778/3531/22 2808/3530/22 4798/3608/255 2703/3609/255
f 2808/3530/22 140/354/22 1751/441/255 4798/3608/255
f 4798/3608/255 1751/441/255 141/440/124 2747/3610/124
f 2703/3609/255 4798/3608/255 2747/3610/124 773/3611/654
f 782/3612/22 2611/3613/22 4799/3614/22 2551/3615/22
f 2611/3613/22 147/447/22 1625/446/22 4799/3614/22
f 4799/3614/22 1625/446/22 146/435/22 2688/3603/22
f 2551/3615/22 4799/3614/22 2688/3603/22 777/3602/22
f 775/3616/22 2921/3617/22 4800/3618/22 2924/3619/22
f 2921/3617/22 211/453/22 1559/452/22 4800/3618/22
f 4800/3618/22 1559/452/22 147/447/22 2611/3613/22
f 2924/3619/22 4800/3618/22 2611/3613/22 782/3612/22
f 776/3620/22 2861/3621/22 4801/3622/22 2922/3623/22
f 2861/3621/22 212/459/22 1900/458/22 4801/3622/22
f 4801/3622/22 1900/458/22 211/453/22 2921/3617/22
f 2922/3623/22 4801/3622/22 2921/3617/22 775/3616/22
f 738/3624/625 2467/3625/2017 4802/3626/3801 2794/3627/2291
f 2467/3625/2017 730/3628/618 2910/3629/2396 4802/3626/3801
f 4802/3626/3801 2910/3629/2396 657/3630/545 2773/3631/2270
f 2794/3627/2291 4802/3626/3801 2773/3631/2270 590/3632/478
f 590/3632/478 2773/3631/2270 4803/3633/3802 2789/3634/2286
f 2773/3631/2270 657/3630/545 2575/3635/2103 4803/3633/3802
f 4803/3633/3802 2575/3635/2103 644/3636/532 2593/3637/2121
f 2789/3634/2286 4803/3633/3802 2593/3637/2121 722/3638/610
f 658/3639/546 2948/3640/2427 4804/3641/3803 2867/3642/2354
f 2948/3640/2427 659/3643/547 2553/3644/2081 4804/3641/3803
f 4804/3641/3803 2553/3644/2081 1030/3645/802 2479/3646/2025
f 2867/3642/2354 4804/3641/3803 2479/3646/2025 1031/3647/803
f 659/3643/547 2500/3648/2044 4805/3649/3804 2553/3644/2081
f 2500/3648/2044 660/3650/548 2846/3651/2339 4805/3649/3804
f 4805/3649/3804 2846/3651/2339 1032/3652/804 2480/3653/2026
f 2553/3644/2081 4805/3649/3804 2480/3653/2026 1030/3645/802
f 660/3650/548 2576/3654/2104 4806/3655/3805 2846/3651/2339
f 2576/3654/2104 661/3656/549 2693/3657/2199 4806/3655/3805
f 4806/3655/3805 2693/3657/2199 789/3658/655 2618/3659/2138
f 2846/3651/2339 4806/3655/3805 2618/3659/2138 1032/3652/804
f 661/3656/549 2648/3660/2162 4807/3661/3806 2693/3657/2199
f 2648/3660/2162 662/3662/550 2619/3663/2139 4807/3661/3806
f 4807/3661/3806 2619/3663/2139 790/3664/656 2810/3665/2305
f 2693/3657/2199 4807/3661/3806 2810/3665/2305 789/3658/655
f 662/3662/550 2716/3666/2220 4808/3667/3807 2619/3663/2139
f 2716/3666/2220 663/3668/551 2811/3669/2306 4808/3667/3807
f 4808/3667/3807 2811/3669/2306 791/3670/657 2915/3671/2400
f 2619/3663/2139 4808/3667/3807 2915/3671/2400 790/3664/656
f 663/3668/551 2774/3672/2271 4809/3673/3808 2811/3669/2306
f 2774/3672/2271 664/3674/552 2833/3675/2326 4809/3673/3808
f 4809/3673/3808 2833/3675/2326 665/3676/553 2927/3677/2407
f 2811/3669/2306 4809/3673/3808 2927/3677/2407 791/3670/657
f 666/3678/554 2950/3679/2429 4810/3680/3809 2949/3681/2428
f 2950/3679/2429 668/3682/556 2482/3683/2027 4810/3680/3809
f 4810/3680/3809 2482/3683/2027 1036/3684/807 2554/3685/2082
f 2949/3681/2428 4810/3680/3809 2554/3685/2082 667/3686/555
f 668/3682/556 2577/3687/2105 4811/3688/3810 2482/3683/2027
f 2577/3687/2105 669/3689/557 2694/3690/2200 4811/3688/3810
f 4811/3688/3810 2694/3690/2200 1037/3691/808 2875/3692/2362
f 2482/3683/2027 4811/3688/3810 2875/3692/2362 1036/3684/807
f 669/3689/557 2651/3693/2164 4812/3694/3811 2694/3690/2200
f 2651/3693/2164 670/3695/558 2813/3696/2308 4812/3694/3811
f 4812/3694/3811 2813/3696/2308 1033/3697/805 2555/3698/2083
f 2694/3690/2200 4812/3694/3811 2555/3698/2083 1037/3691/808
f 670/3695/558 2775/3699/2272 4813/3700/3812 2813/3696/2308
f 2775/3699/2272 671/3701/559 2754/3702/2251 4813/3700/3812
f 4813/3700/3812 2754/3702/2251 1034/3703/806 2483/3704/2028
f 2813/3696/2308 4813/3700/3812 2483/3704/2028 1033/3697/805
f 671/3701/559 2834/3705/2327 4814/3706/3813 2754/3702/2251
f 2834/3705/2327 672/3707/560 2930/3708/2410 4814/3706/3813
f 4814/3706/3813 2930/3708/2410 1038/3709/809 2695/3710/2201
f 2754/3702/2251 4814/3706/3813 2695/3710/2201 1034/3703/806
f 672/3707/560 2951/3711/2430 4815/3712/3814 2930/3708/2410
f 2951/3711/2430 658/3639/546 2867/3642/2354 4815/3712/3814
f 4815/3712/3814 2867/3642/2354 1031/3647/803 2606/3713/2134
f 2930/3708/2410 4815/3712/3814 2606/3713/2134 1038/3709/809
f 770/3714/22 2686/3715/22 4816/3716/22 2718/3717/22
f 2686/3715/22 138/555/22 1622/554/22 4816/3716/22
f 4816/3716/22 1622/554/22 139/356/22 2610/3527/22
f 2718/3717/22 4816/3716/22 2610/3527/22 781/3526/22
f 1288/3383/982 2897/3385/2383 4817/3718/3815 2898/3719/2384
f 687/3387/575 2672/3720/2183 4817/3718/3815 2897/3385/2383
f 691/3721/579 2898/3719/2384 4817/3718/3815 2672/3720/2183
f 80/560/68 1875/563/1480 4818/3722/3816 2887/3723/2374
f 1875/563/1480 120/568/108 2709/3724/2214 4818/3722/3816
f 4818/3722/3816 2709/3724/2214 673/3725/561 2952/3726/2431
f 2887/3723/2374 4818/3722/3816 2952/3726/2431 634/3727/522
f 307/569/249 3015/3728/2489 4819/3729/3817 1618/570/1258
f 3015/3728/2489 829/3730/680 2578/3731/2106 4819/3729/3817
f 4819/3729/3817 2578/3731/2106 676/3732/564 2720/3733/2223
f 1618/570/1258 4819/3729/3817 2720/3733/2223 124/573/112
f 635/3734/523 2942/3735/2421 4820/3736/3818 2501/3737/2045
f 634/3738/522 2952/3739/2431 4820/3736/3818 2942/3735/2421
f 673/3740/561 2501/3737/2045 4820/3736/3818 2952/3739/2431
f 128/585/116 2953/3741/2432 4821/3742/3819 1619/586/1259
f 2953/3741/2432 678/3743/566 2579/3744/2107 4821/3742/3819
f 4821/3742/3819 2579/3744/2107 675/3745/563 2652/3746/2165
f 1619/586/1259 4821/3742/3819 2652/3746/2165 123/589/111
f 311/594/253 3013/3747/2487 4822/3748/3820 1691/595/1317
f 3013/3747/2487 831/3749/682 2653/3750/2166 4822/3748/3820
f 4822/3748/3820 2653/3750/2166 677/3751/565 2776/3752/2273
f 1691/595/1317 4822/3748/3820 2776/3752/2273 125/598/113
f 125/603/113 2776/3753/2273 4823/3754/3821 1749/604/1369
f 2776/3753/2273 677/3755/565 2472/3756/2022 4823/3754/3821
f 4823/3754/3821 2472/3756/2022 679/3757/567 2503/3758/2047
f 1749/604/1369 4823/3754/3821 2503/3758/2047 129/607/117
f 784/3759/22 2926/3760/22 4824/3761/22 2691/3762/22
f 2926/3760/22 142/620/22 1878/619/22 4824/3761/22
f 4824/3761/22 1878/619/22 143/618/22 2864/3763/22
f 2691/3762/22 4824/3761/22 2864/3763/22 779/3764/22
f 772/3765/22 2547/3766/22 4825/3767/22 2473/3768/22
f 2547/3766/22 144/626/22 1624/625/22 4825/3767/22
f 4825/3767/22 1624/625/22 138/555/22 2686/3715/22
f 2473/3768/22 4825/3767/22 2686/3715/22 770/3714/22
f 785/3769/22 2552/3770/22 4826/3771/22 2866/3772/22
f 2552/3770/22 213/632/22 1832/631/22 4826/3771/22
f 4826/3771/22 1832/631/22 212/459/22 2861/3621/22
f 2866/3772/22 4826/3771/22 2861/3621/22 776/3620/22
f 1101/633/123 4185/3773/123 4827/3774/123 1985/634/123
f 4185/3773/123 1124/3296/123 2994/3775/123 4827/3774/123
f 4827/3774/123 2994/3775/123 850/3776/123 4195/3777/123
f 1985/634/123 4827/3774/123 4195/3777/123 136/637/123
f 1289/3778/5 2674/3779/5 4828/3780/5 3908/3781/5
f 2674/3779/5 207/649/5 1495/648/5 4828/3780/5
f 4828/3780/5 1495/648/5 137/647/5 2535/3782/5
f 3908/3781/5 4828/3780/5 2535/3782/5 1285/3783/5
f 137/647/5 2536/3784/5 4829/3785/5 2535/3782/5
f 1286/3786/5 3905/3787/5 4829/3785/5 2536/3784/5
f 1285/3783/5 2535/3782/5 4829/3785/5 3905/3787/5
f 1286/3786/5 2536/3784/5 4830/3788/5 3909/3789/5
f 137/647/5 2527/3790/5 4830/3788/5 2536/3784/5
f 1284/3791/5 3909/3789/5 4830/3788/5 2527/3790/5
f 1284/3791/5 2527/3790/5 4831/3792/5 3904/3793/5
f 137/647/5 2526/3794/5 4831/3792/5 2527/3790/5
f 1279/3795/5 3904/3793/5 4831/3792/5 2526/3794/5
f 1279/3795/5 2526/3794/5 4832/3796/5 3898/3797/5
f 137/647/5 2525/3798/5 4832/3796/5 2526/3794/5
f 1278/3799/5 3898/3797/5 4832/3796/5 2525/3798/5
f 1278/3799/5 2525/3798/5 4833/3800/5 3902/3801/5
f 137/647/5 2520/3802/5 4833/3800/5 2525/3798/5
f 1282/3803/5 3902/3801/5 4833/3800/5 2520/3802/5
f 1282/3803/5 2520/3802/5 4834/3804/5 3917/3805/5
f 137/647/5 2519/3806/5 4834/3804/5 2520/3802/5
f 1293/3807/5 3917/3805/5 4834/3804/5 2519/3806/5
f 1293/3807/5 2519/3806/5 4835/3808/5 3915/3809/5
f 137/647/5 2518/3810/5 4835/3808/5 2519/3806/5
f 1287/3811/5 3915/3809/5 4835/3808/5 2518/3810/5
f 1287/3811/5 2518/3810/5 4836/3812/5 3906/3813/5
f 137/647/5 2513/3814/5 4836/3812/5 2518/3810/5
f 1283/3815/5 3906/3813/5 4836/3812/5 2513/3814/5
f 1283/3815/5 2513/3814/5 4837/3816/5 3903/3817/5
f 137/647/5 2512/3818/5 4837/3816/5 2513/3814/5
f 1277/3819/5 3903/3817/5 4837/3816/5 2512/3818/5
f 1277/3819/5 2512/3818/5 4838/3820/5 3897/3821/5
f 137/647/5 2511/3822/5 4838/3820/5 2512/3818/5
f 1276/3823/5 3897/3821/5 4838/3820/5 2511/3822/5
f 1276/3823/5 2511/3822/5 4839/3824/5 3914/3825/5
f 137/647/5 2894/3826/5 4839/3824/5 2511/3822/5
f 570/3827/5 3914/3825/5 4839/3824/5 2894/3826/5
f 570/3827/5 2894/3826/5 4840/3828/5 3907/3829/5
f 137/647/5 1815/697/5 4840/3828/5 2894/3826/5
f 11/696/5 3907/3829/5 4840/3828/5 1815/697/5
f 129/607/117 2503/3758/2047 4841/3830/3822 1814/698/1428
f 2503/3758/2047 679/3757/567 2643/3831/2157 4841/3830/3822
f 4841/3830/3822 2643/3831/2157 680/3832/568 2836/3833/2329
f 1814/698/1428 4841/3830/3822 2836/3833/2329 126/700/114
f 680/3834/568 2777/3835/2274 4842/3836/3823 2836/3837/2329
f 2777/3835/2274 681/3838/569 2895/3839/2381 4842/3836/3823
f 4842/3836/3823 2895/3839/2381 127/710/115 1813/709/1427
f 2836/3837/2329 4842/3836/3823 1813/709/1427 126/708/114
f 673/3725/561 2709/3724/2214 4843/3840/3824 2504/3841/2048
f 2709/3724/2214 120/568/108 1942/715/1534 4843/3840/3824
f 4843/3840/3824 1942/715/1534 127/710/115 2895/3839/2381
f 2504/3841/2048 4843/3840/3824 2895/3839/2381 681/3838/569
f 831/3842/682 3011/3843/2485 4844/3844/3825 2653/3845/2166
f 3011/3843/2485 825/3846/676 2506/3847/2050 4844/3844/3825
f 4844/3844/3825 2506/3847/2050 685/3848/573 2724/3849/2227
f 2653/3845/2166 4844/3844/3825 2724/3849/2227 677/3850/565
f 685/3851/573 2955/3852/2434 4845/3853/3826 2724/3854/2227
f 2955/3852/2434 683/3855/571 2837/3856/2330 4845/3853/3826
f 4845/3853/3826 2837/3856/2330 679/3857/567 2472/3858/2022
f 2724/3854/2227 4845/3853/3826 2472/3858/2022 677/3859/565
f 683/3855/571 2896/3860/2382 4846/3861/3827 2837/3856/2330
f 2896/3860/2382 682/3862/570 2778/3863/2275 4846/3861/3827
f 4846/3861/3827 2778/3863/2275 680/3864/568 2643/3865/2157
f 2837/3856/2330 4846/3861/3827 2643/3865/2157 679/3857/567
f 680/3866/568 2778/3867/2275 4847/3868/3828 2777/3869/2274
f 2778/3867/2275 682/3870/570 2581/3871/2109 4847/3868/3828
f 4847/3868/3828 2581/3871/2109 674/3872/562 2580/3873/2108
f 2777/3869/2274 4847/3868/3828 2580/3873/2108 681/3874/569
f 615/3875/503 2838/3876/2331 4848/3877/3829 2839/3878/2332
f 2838/3876/2331 687/3879/575 2508/3880/2052 4848/3877/3829
f 4848/3877/3829 2508/3880/2052 635/3881/523 2509/3882/2053
f 2839/3878/2332 4848/3877/3829 2509/3882/2053 689/3883/577
f 690/3884/578 2726/3885/2229 4849/3886/3830 2957/3887/2436
f 2726/3885/2229 638/3888/526 2707/3889/2212 4849/3886/3830
f 4849/3886/3830 2707/3889/2212 618/3890/506 2725/3891/2228
f 2957/3887/2436 4849/3886/3830 2725/3891/2228 688/3892/576
f 572/3893/464 2885/3894/2372 4850/3895/3831 2534/3896/2069
f 2885/3894/2372 692/3897/580 2658/3898/2171 4850/3895/3831
f 4850/3895/3831 2658/3898/2171 691/3899/579 2585/3900/2113
f 2534/3896/2069 4850/3895/3831 2585/3900/2113 571/3901/463
f 573/3902/465 2780/3903/2277 4851/3904/3832 2595/3905/2123
f 2780/3903/2277 693/3906/581 2727/3907/2230 4851/3904/3832
f 4851/3904/3832 2727/3907/2230 692/3897/580 2885/3894/2372
f 2595/3905/2123 4851/3904/3832 2885/3894/2372 572/3893/464
f 574/3908/466 2960/3909/2439 4852/3910/3833 2742/3911/2244
f 2960/3909/2439 703/3912/591 2785/3913/2282 4852/3910/3833
f 4852/3910/3833 2785/3913/2282 693/3906/581 2780/3903/2277
f 2742/3911/2244 4852/3910/3833 2780/3903/2277 573/3902/465
f 571/3914/463 2585/3915/2113 4853/3916/3834 2567/3917/2095
f 2585/3915/2113 691/3918/579 2672/3919/2183 4853/3916/3834
f 4853/3916/3834 2672/3919/2183 687/3920/575 2838/3921/2331
f 2567/3917/2095 4853/3916/3834 2838/3921/2331 615/3922/503
f 688/3923/576 2725/3924/2228 4854/3925/3835 2956/3926/2435
f 2725/3924/2228 618/3927/506 2731/3928/2234 4854/3925/3835
f 4854/3925/3835 2731/3928/2234 703/3929/591 2960/3930/2439
f 2956/3926/2435 4854/3925/3835 2960/3930/2439 574/3931/466
f 696/3932/584 2660/3933/2173 4855/3934/3836 2782/3935/2279
f 2660/3933/2173 591/3936/479 2659/3937/2172 4855/3934/3836
f 4855/3934/3836 2659/3937/2172 695/3938/583 2781/3939/2278
f 2782/3935/2279 4855/3934/3836 2781/3939/2278 592/3940/480
f 592/3940/480 2781/3939/2278 4856/3941/3837 2753/3942/2250
f 2781/3939/2278 695/3938/583 2529/3943/2064 4856/3941/3837
f 4856/3941/3837 2529/3943/2064 697/3944/585 2899/3945/2385
f 2753/3942/2250 4856/3941/3837 2899/3945/2385 594/3946/482
f 594/3946/482 2899/3945/2385 4857/3947/3838 2868/3948/2355
f 2899/3945/2385 697/3944/585 2689/3949/2197 4857/3947/3838
f 4857/3947/3838 2689/3949/2197 707/3950/595 2521/3951/2059
f 2868/3948/2355 4857/3947/3838 2521/3951/2059 596/3952/484
f 689/3953/577 2509/3954/2053 4858/3955/3839 2515/3956/2056
f 2509/3954/2053 635/3957/523 2642/3958/2156 4858/3955/3839
f 4858/3955/3839 2642/3958/2156 591/3959/479 2660/3960/2173
f 2515/3956/2056 4858/3955/3839 2660/3960/2173 696/3961/584
f 596/3962/484 2521/3963/2059 4859/3964/3840 2510/3965/2054
f 2521/3963/2059 707/3966/595 2733/3967/2236 4859/3964/3840
f 4859/3964/3840 2733/3967/2236 638/3968/526 2726/3969/2229
f 2510/3965/2054 4859/3964/3840 2726/3969/2229 690/3970/578
f 699/3971/587 2900/3972/2386 4860/3973/3841 2661/3974/2174
f 2900/3972/2386 641/3975/529 2496/3976/2040 4860/3973/3841
f 4860/3973/3841 2496/3976/2040 621/3977/509 2517/3978/2058
f 2661/3974/2174 4860/3973/3841 2517/3978/2058 700/3979/588
f 701/3980/589 2729/3981/2232 4861/3982/3842 2784/3983/2281
f 2729/3981/2232 618/3984/506 2707/3985/2212 4861/3982/3842
f 4861/3982/3842 2707/3985/2212 638/3986/526 2730/3987/2233
f 2784/3983/2281 4861/3982/3842 2730/3987/2233 702/3988/590
f 575/3989/467 2588/3990/2116 4862/3991/3843 2586/3992/2114
f 2588/3990/2116 704/3993/592 2902/3994/2388 4862/3991/3843
f 4862/3991/3843 2902/3994/2388 703/3995/591 2843/3996/2336
f 2586/3992/2114 4862/3991/3843 2843/3996/2336 694/3997/582
f 576/3998/468 2732/3999/2235 4863/4000/3844 2538/4001/2071
f 2732/3999/2235 705/4002/593 2961/4003/2440 4863/4000/3844
f 4863/4000/3844 2961/4003/2440 704/3993/592 2588/3990/2116
f 2538/4001/2071 4863/4000/3844 2588/3990/2116 575/3989/467
f 577/4004/469 2847/4005/2340 4864/4006/3845 2676/4007/2186
f 2847/4005/2340 715/4008/603 2714/4009/2219 4864/4006/3845
f 4864/4006/3845 2714/4009/2219 705/4002/593 2732/3999/2235
f 2676/4007/2186 4864/4006/3845 2732/3999/2235 576/3998/468
f 694/4010/582 2843/4011/2336 4865/4012/3846 2842/4013/2335
f 2843/4011/2336 703/4014/591 2731/4015/2234 4865/4012/3846
f 4865/4012/3846 2731/4015/2234 618/4016/506 2729/4017/2232
f 2842/4013/2335 4865/4012/3846 2729/4017/2232 701/4018/589
f 700/4019/588 2517/4020/2058 4866/4021/3847 2841/4022/2334
f 2517/4020/2058 621/4023/509 2936/4024/2415 4866/4021/3847
f 4866/4021/3847 2936/4024/2415 715/4025/603 2847/4026/2340
f 2841/4022/2334 4866/4021/3847 2847/4026/2340 577/4027/469
f 698/4028/586 2589/4029/2117 4867/4030/3848 2728/4031/2231
f 2589/4029/2117 707/4032/595 2662/4033/2175 4867/4030/3848
f 4867/4030/3848 2662/4033/2175 708/4034/596 2734/4035/2237
f 2728/4031/2231 4867/4030/3848 2734/4035/2237 599/4036/487
f 599/4036/487 2734/4035/2237 4868/4037/3849 2697/4038/2203
f 2734/4035/2237 708/4034/596 2735/4039/2238 4868/4037/3849
f 4868/4037/3849 2735/4039/2238 709/4040/597 2844/4041/2337
f 2697/4038/2203 4868/4037/3849 2844/4041/2337 601/4042/489
f 601/4042/489 2844/4041/2337 4869/4043/3850 2815/4044/2310
f 2844/4041/2337 709/4040/597 2788/4045/2285 4869/4043/3850
f 4869/4043/3850 2788/4045/2285 719/4046/607 2966/4047/2445
f 2815/4044/2310 4869/4043/3850 2966/4047/2445 603/4048/491
f 702/4049/590 2730/4050/2233 4870/4051/3851 2587/4052/2115
f 2730/4050/2233 638/4053/526 2733/4054/2236 4870/4051/3851
f 4870/4051/3851 2733/4054/2236 707/4055/595 2589/4056/2117
f 2587/4052/2115 4870/4051/3851 2589/4056/2117 698/4057/586
f 603/4058/491 2966/4059/2445 4871/4060/3852 2959/4061/2438
f 2966/4059/2445 719/4062/607 2905/4063/2391 4871/4060/3852
f 4871/4060/3852 2905/4063/2391 641/4064/529 2900/4065/2386
f 2959/4061/2438 4871/4060/3852 2900/4065/2386 699/4066/587
f 712/4067/600 2523/4068/2061 4872/4069/3853 2904/4070/2390
f 2523/4068/2061 621/4071/509 2496/4072/2040 4872/4069/3853
f 4872/4069/3853 2496/4072/2040 641/4073/529 2903/4074/2389
f 2904/4070/2390 4872/4069/3853 2903/4074/2389 711/4075/599
f 714/4076/602 2468/4077/2018 4873/4078/3854 2524/4079/2062
f 2468/4077/2018 740/4080/627 2673/4081/2184 4873/4078/3854
f 4873/4078/3854 2673/4081/2184 739/4082/626 2766/4083/2263
f 2524/4079/2062 4873/4078/3854 2766/4083/2263 713/4084/601
f 578/4085/470 2964/4086/2443 4874/4087/3855 2962/4088/2441
f 2964/4086/2443 716/4089/604 2664/4090/2177 4874/4087/3855
f 4874/4087/3855 2664/4090/2177 715/4091/603 2591/4092/2119
f 2962/4088/2441 4874/4087/3855 2591/4092/2119 706/4093/594
f 579/4094/471 2592/4095/2120 4875/4096/3856 2916/4097/2401
f 2592/4095/2120 717/4098/605 2737/4099/2240 4875/4096/3856
f 4875/4096/3856 2737/4099/2240 716/4089/604 2964/4086/2443
f 2916/4097/2401 4875/4096/3856 2964/4086/2443 578/4085/470
f 580/4100/472 2596/4101/2124 4876/4102/3857 2540/4103/2073
f 2596/4101/2124 743/4104/630 2797/4105/2294 4876/4102/3857
f 4876/4102/3857 2797/4105/2294 717/4098/605 2592/4095/2120
f 2540/4103/2073 4876/4102/3857 2592/4095/2120 579/4094/471
f 706/4106/594 2591/4107/2119 4877/4108/3858 2590/4109/2118
f 2591/4107/2119 715/4110/603 2936/4111/2415 4877/4108/3858
f 4877/4108/3858 2936/4111/2415 621/4112/509 2523/4113/2061
f 2590/4109/2118 4877/4108/3858 2523/4113/2061 712/4114/600
f 713/4115/601 2766/4116/2263 4878/4117/3859 2736/4118/2239
f 2766/4116/2263 739/4119/626 2675/4120/2185 4878/4117/3859
f 4878/4117/3859 2675/4120/2185 743/4121/630 2596/4122/2124
f 2736/4118/2239 4878/4117/3859 2596/4122/2124 580/4123/472
f 710/4124/598 2848/4125/2341 4879/4126/3860 2522/4127/2060
f 2848/4125/2341 719/4128/607 2906/4129/2392 4879/4126/3860
f 4879/4126/3860 2906/4129/2392 720/4130/608 2907/4131/2393
f 2522/4127/2060 4879/4126/3860 2907/4131/2393 604/4132/492
f 604/4132/492 2907/4131/2393 4880/4133/3861 2721/4134/2224
f 2907/4131/2393 720/4130/608 2967/4135/2446 4880/4133/3861
f 4880/4133/3861 2967/4135/2446 721/4136/609 2665/4137/2178
f 2721/4134/2224 4880/4133/3861 2665/4137/2178 605/4138/493
f 605/4138/493 2665/4137/2178 4881/4139/3862 2629/4140/2143
f 2665/4137/2178 721/4136/609 2537/4141/2070 4881/4139/3862
f 4881/4139/3862 2537/4141/2070 746/4142/633 2799/4143/2296
f 2629/4140/2143 4881/4139/3862 2799/4143/2296 606/4144/494
f 711/4145/599 2903/4146/2389 4882/4147/3863 2845/4148/2338
f 2903/4146/2389 641/4149/529 2905/4150/2391 4882/4147/3863
f 4882/4147/3863 2905/4150/2391 719/4151/607 2848/4152/2341
f 2845/4148/2338 4882/4147/3863 2848/4152/2341 710/4153/598
f 606/4154/494 2799/4155/2296 4883/4156/3864 2787/4157/2284
f 2799/4155/2296 746/4158/633 2597/4159/2125 4883/4156/3864
f 4883/4156/3864 2597/4159/2125 740/4160/627 2468/4161/2018
f 2787/4157/2284 4883/4156/3864 2468/4161/2018 714/4162/602
f 774/3607/22 2475/3606/22 4884/4163/22 2752/4164/22
f 2475/3606/22 145/433/22 1879/1039/22 4884/4163/22
f 4884/4163/22 1879/1039/22 142/620/22 2926/3760/22
f 2752/4164/22 4884/4163/22 2926/3760/22 784/3759/22
f 779/3764/22 2864/3763/22 4885/4165/22 2609/4166/22
f 2864/3763/22 143/618/22 1946/1042/22 4885/4165/22
f 4885/4165/22 1946/1042/22 144/626/22 2547/3766/22
f 2609/4166/22 4885/4165/22 2547/3766/22 772/3765/22
f 771/4167/22 2546/4168/22 4886/4169/22 2690/4170/22
f 2546/4168/22 34/1051/22 1914/1050/22 4886/4169/22
f 4886/4169/22 1914/1050/22 33/1049/22 2865/4171/22
f 2690/4170/22 4886/4169/22 2865/4171/22 783/4172/22
f 1007/4173/5 3510/4174/5 4887/4175/5 3509/4176/5
f 210/1052/5 2743/4177/5 4887/4175/5 3510/4174/5
f 755/4178/5 3509/4176/5 4887/4175/5 2743/4177/5
f 755/4178/5 2743/4177/5 4888/4179/5 3899/4180/5
f 2743/4177/5 210/1052/5 1770/1066/5 4888/4179/5
f 4888/4179/5 1770/1066/5 209/1065/5 2801/4181/5
f 3899/4180/5 4888/4179/5 2801/4181/5 756/4182/5
f 756/4182/5 2801/4181/5 4889/4183/5 3895/4184/5
f 2801/4181/5 209/1065/5 1558/1072/5 4889/4183/5
f 4889/4183/5 1558/1072/5 208/1071/5 2649/4185/5
f 3895/4184/5 4889/4183/5 2649/4185/5 757/4186/5
f 757/4186/5 2649/4185/5 4890/4187/5 3910/4188/5
f 2649/4185/5 208/1071/5 1642/1075/5 4890/4187/5
f 4890/4187/5 1642/1075/5 207/649/5 2674/3779/5
f 3910/4188/5 4890/4187/5 2674/3779/5 1289/3778/5
f 607/4189/495 2946/4190/2425 4891/4191/3865 2969/4192/2448
f 2946/4190/2425 645/4193/533 2684/4194/2194 4891/4191/3865
f 4891/4191/3865 2684/4194/2194 727/4195/615 2912/4196/2398
f 2969/4192/2448 4891/4191/3865 2912/4196/2398 735/4197/623
f 735/4197/623 2912/4196/2398 4892/4198/2449 2913/4199/623
f 2912/4196/2398 727/4195/615 2909/4200/2395 4892/4198/2449
f 4892/4198/2449 2909/4200/2395 728/4201/616 2970/4202/2449
f 2913/4199/623 4892/4198/2449 2970/4202/2449 736/4203/623
f 736/4203/623 2970/4202/2449 4893/4204/3866 2854/4205/2347
f 2970/4202/2449 728/4201/616 2877/4206/2364 4893/4204/3866
f 4893/4204/3866 2877/4206/2364 761/4207/645 2603/4208/2131
f 2854/4205/2347 4893/4204/3866 2603/4208/2131 748/4209/635
f 737/4210/624 2532/4211/2067 4894/4212/3867 2533/4213/2068
f 2532/4211/2067 729/4214/617 2530/4215/2065 4894/4212/3867
f 4894/4212/3867 2530/4215/2065 730/3628/618 2467/3625/2017
f 2533/4213/2068 4894/4212/3867 2467/3625/2017 738/3624/625
f 568/3525/461 2493/3524/2037 4895/4216/3868 2531/4217/2066
f 2493/3524/2037 611/3523/499 2908/4218/2394 4895/4216/3868
f 4895/4216/3868 2908/4218/2394 726/4219/614 2851/4220/2344
f 2531/4217/2066 4895/4216/3868 2851/4220/2344 734/4221/622
f 734/4221/622 2851/4220/2344 4896/4222/3869 2793/4223/2290
f 2851/4220/2344 726/4219/614 2790/4224/2287 4896/4222/3869
f 4896/4222/3869 2790/4224/2287 725/4225/613 2792/4226/2289
f 2793/4223/2290 4896/4222/3869 2792/4226/2289 733/4227/621
f 747/4228/634 2682/4229/2192 4897/4230/3870 2598/4231/2126
f 2682/4229/2192 762/4232/646 2604/4233/2132 4897/4230/3870
f 4897/4230/3870 2604/4233/2132 724/4234/612 2739/4235/2181
f 2598/4231/2126 4897/4230/3870 2739/4235/2181 732/4236/620
f 732/4236/620 2739/4235/2181 4898/4237/2181 2670/4238/620
f 2739/4235/2181 724/4234/612 2667/4239/612 4898/4237/2181
f 4898/4237/2181 2667/4239/612 723/3373/611 2669/3370/2181
f 2670/4238/620 4898/4237/2181 2669/3370/2181 731/3369/619
f 611/3222/499 2892/3221/2379 4899/4240/3871 2908/4241/2394
f 2892/3221/2379 657/3220/545 2910/4242/2396 4899/4240/3871
f 4899/4240/3871 2910/4242/2396 730/4243/618 2849/4244/2342
f 2908/4241/2394 4899/4240/3871 2849/4244/2342 726/4245/614
f 726/4245/614 2849/4244/2342 4900/4246/3872 2790/4247/2287
f 2849/4244/2342 730/4243/618 2530/4248/2065 4900/4246/3872
f 4900/4246/3872 2530/4248/2065 729/4249/617 2791/4250/2288
f 2790/4247/2287 4900/4246/3872 2791/4250/2288 725/4251/613
f 762/4252/646 2542/4253/2075 4901/4254/3873 2604/4255/2132
f 2542/4253/2075 761/4256/645 2877/4257/2364 4901/4254/3873
f 4901/4254/3873 2877/4257/2364 728/4258/616 2738/4259/2241
f 2604/4255/2132 4901/4254/3873 2738/4259/2241 724/4260/612
f 724/4260/612 2738/4259/2241 4902/4261/3874 2667/4262/612
f 2738/4259/2241 728/4258/616 2909/4263/2395 4902/4261/3874
f 4902/4261/3874 2909/4263/2395 727/3364/615 2668/3361/2180
f 2667/4262/612 4902/4261/3874 2668/3361/2180 723/3360/611
f 624/4264/512 2852/4265/2345 4903/4266/3875 2945/4267/2424
f 2852/4265/2345 739/4268/626 2673/4269/2184 4903/4266/3875
f 4903/4266/3875 2673/4269/2184 740/4270/627 2886/4271/2373
f 2945/4267/2424 4903/4266/3875 2886/4271/2373 644/4272/532
f 734/4273/622 2740/4274/2242 4904/4275/3876 2531/4276/2066
f 2740/4274/2242 741/4277/628 2796/4278/2293 4904/4275/3876
f 4904/4275/3876 2796/4278/2293 742/4279/629 2816/4280/2311
f 2531/4276/2066 4904/4275/3876 2816/4280/2311 568/4281/461
f 568/4281/461 2816/4280/2311 4905/4282/3877 2528/4283/2063
f 2816/4280/2311 742/4279/629 2741/4284/2243 4905/4282/3877
f 4905/4282/3877 2741/4284/2243 743/4285/630 2717/4286/2221
f 2528/4283/2063 4905/4282/3877 2717/4286/2221 718/4287/606
f 718/4288/606 2717/4289/2221 4906/4290/3878 2965/4291/2444
f 2717/4289/2221 743/4292/630 2675/4293/2185 4906/4290/3878
f 4906/4290/3878 2675/4293/2185 739/4294/626 2852/4295/2345
f 2965/4291/2444 4906/4290/3878 2852/4295/2345 624/4296/512
f 590/4297/478 2798/4298/2295 4907/4299/3879 2794/4300/2291
f 2798/4298/2295 745/4301/632 2853/4302/2346 4907/4299/3879
f 4907/4299/3879 2853/4302/2346 744/4303/631 2469/4304/2019
f 2794/4300/2291 4907/4299/3879 2469/4304/2019 738/4305/625
f 722/4306/610 2470/4307/2020 4908/4308/3880 2789/4309/2286
f 2470/4307/2020 746/4310/633 2832/4311/2325 4908/4308/3880
f 4908/4308/3880 2832/4311/2325 745/4301/632 2798/4298/2295
f 2789/4309/2286 4908/4308/3880 2798/4298/2295 590/4297/478
f 644/4312/532 2886/4313/2373 4909/4314/3881 2593/4315/2121
f 2886/4313/2373 740/4316/627 2597/4317/2125 4909/4314/3881
f 4909/4314/3881 2597/4317/2125 746/4318/633 2470/4319/2020
f 2593/4315/2121 4909/4314/3881 2470/4319/2020 722/4320/610
f 733/4321/621 2571/4322/2099 4910/4323/3882 2793/4324/2290
f 2571/4322/2099 1274/4325/978 2802/4326/2298 4910/4323/3882
f 4910/4323/3882 2802/4326/2298 741/4277/628 2740/4274/2242
f 2793/4324/2290 4910/4323/3882 2740/4274/2242 734/4273/622
f 738/4305/625 2469/4304/2019 4911/4327/3883 2533/4328/2068
f 2469/4304/2019 744/4303/631 2856/4329/2349 4911/4327/3883
f 4911/4327/3883 2856/4329/2349 760/4330/644 2541/4331/2074
f 2533/4328/2068 4911/4327/3883 2541/4331/2074 737/4332/624
f 737/4333/624 2541/4334/2074 4912/4335/3884 2532/4336/2067
f 2541/4334/2074 760/4337/644 2803/4338/2299 4912/4335/3884
f 4912/4335/3884 2803/4338/2299 749/4339/636 2539/4340/2072
f 2532/4336/2067 4912/4335/3884 2539/4340/2072 729/4341/617
f 725/4342/613 2800/4343/2297 4913/4344/3885 2792/4345/2289
f 2800/4343/2297 750/4346/637 2744/4347/2245 4913/4344/3885
f 4913/4344/3885 2744/4347/2245 1274/4348/978 2571/4349/2099
f 2792/4345/2289 4913/4344/3885 2571/4349/2099 733/4350/621
f 729/4351/617 2539/4352/2072 4914/4353/3886 2791/4354/2288
f 2539/4352/2072 749/4355/636 2650/4356/2163 4914/4353/3886
f 4914/4353/3886 2650/4356/2163 750/4357/637 2800/4358/2297
f 2791/4354/2288 4914/4353/3886 2800/4358/2297 725/4359/613
f 645/4360/533 2678/4361/2188 4915/4362/3887 2645/4363/2159
f 2678/4361/2188 752/4364/639 2914/4365/2399 4915/4362/3887
f 4915/4362/3887 2914/4365/2399 751/4366/638 2677/4367/2187
f 2645/4363/2159 4915/4362/3887 2677/4367/2187 569/4368/462
f 569/4369/462 2677/4370/2187 4916/4371/3888 2722/4372/2225
f 2677/4370/2187 751/4373/638 2809/4374/2304 4916/4371/3888
f 4916/4371/3888 2809/4374/2304 1281/4375/981 2758/4376/2255
f 2722/4372/2225 4916/4371/3888 2758/4376/2255 610/4377/498
f 607/4378/495 2874/4379/2361 4917/4380/3889 2946/4381/2425
f 2874/4379/2361 806/4382/660 2560/4383/2088 4917/4380/3889
f 4917/4380/3889 2560/4383/2088 752/4384/639 2678/4385/2188
f 2946/4381/2425 4917/4380/3889 2678/4385/2188 645/4386/533
f 610/4387/498 2758/4388/2255 4918/4389/3890 2850/4390/2343
f 2758/4388/2255 1281/4391/981 2699/4392/2205 4918/4389/3890
f 4918/4389/3890 2699/4392/2205 1280/4393/980 2679/4394/2189
f 2850/4390/2343 4918/4389/3890 2679/4394/2189 731/4395/619
f 731/4395/619 2679/4394/2189 4919/4396/3891 2670/4397/620
f 2679/4394/2189 1280/4393/980 2680/4398/2190 4919/4396/3891
f 4919/4396/3891 2680/4398/2190 1273/4399/977 2600/4400/2128
f 2670/4397/620 4919/4396/3891 2600/4400/2128 732/4401/620
f 732/4401/620 2600/4400/2128 4920/4402/3892 2598/4403/2126
f 2600/4400/2128 1273/4399/977 2601/4404/2129 4920/4402/3892
f 4920/4402/3892 2601/4404/2129 1274/4405/978 2681/4406/2191
f 2598/4403/2126 4920/4402/3892 2681/4406/2191 747/4407/634
f 735/4408/623 2917/4409/2402 4921/4410/3893 2969/4411/2448
f 2917/4409/2402 758/4412/642 2759/4413/2256 4921/4410/3893
f 4921/4410/3893 2759/4413/2256 806/4414/660 2874/4415/2361
f 2969/4411/2448 4921/4410/3893 2874/4415/2361 607/4416/495
f 736/4417/623 2855/4418/2348 4922/4419/2348 2913/4420/623
f 2855/4418/2348 759/4421/643 2715/4422/643 4922/4419/2348
f 4922/4419/2348 2715/4422/643 758/4412/642 2917/4409/2402
f 2913/4420/623 4922/4419/2348 2917/4409/2402 735/4408/623
f 748/4423/635 2602/4424/2130 4923/4425/3894 2854/4426/2347
f 2602/4424/2130 760/4427/644 2918/4428/2403 4923/4425/3894
f 4923/4425/3894 2918/4428/2403 759/4421/643 2855/4418/2348
f 2854/4426/2347 4923/4425/3894 2855/4418/2348 736/4417/623
f 761/4429/645 2804/4430/2300 4924/4431/3895 2603/4432/2131
f 2804/4430/2300 749/4433/636 2803/4434/2299 4924/4431/3895
f 4924/4431/3895 2803/4434/2299 760/4435/644 2602/4436/2130
f 2603/4432/2131 4924/4431/3895 2602/4436/2130 748/4437/635
f 747/4438/634 2681/4439/2191 4925/4440/3896 2682/4441/2192
f 2681/4439/2191 1274/4442/978 2744/4443/2245 4925/4440/3896
f 4925/4440/3896 2744/4443/2245 750/4444/637 2745/4445/2246
f 2682/4441/2192 4925/4440/3896 2745/4445/2246 762/4446/646
f 762/4447/646 2745/4448/2246 4926/4449/3897 2542/4450/2075
f 2745/4448/2246 750/4451/637 2650/4452/2163 4926/4449/3897
f 4926/4449/3897 2650/4452/2163 749/4453/636 2804/4454/2300
f 2542/4450/2075 4926/4449/3897 2804/4454/2300 761/4455/645
f 783/4172/22 2865/4171/22 4927/4456/22 2612/4457/22
f 2865/4171/22 33/1049/22 1833/1348/22 4927/4456/22
f 4927/4456/22 1833/1348/22 214/1347/22 2476/4458/22
f 2612/4457/22 4927/4456/22 2476/4458/22 780/4459/22
f 780/4459/22 2476/4458/22 4928/4460/22 2614/4461/22
f 2476/4458/22 214/1347/22 1496/1351/22 4928/4460/22
f 4928/4460/22 1496/1351/22 213/632/22 2552/3770/22
f 2614/4461/22 4928/4460/22 2552/3770/22 785/3769/22
f 829/4462/680 3009/4463/2483 4929/4464/3898 2578/4465/2106
f 3009/4463/2483 826/4466/677 3002/4467/2476 4929/4464/3898
f 4929/4464/3898 3002/4467/2476 684/4468/572 2655/4469/2168
f 2578/4465/2106 4929/4464/3898 2655/4469/2168 676/4470/564
f 675/4471/563 2579/4472/2107 4930/4473/3899 2582/4474/2110
f 678/4475/566 2835/4476/2328 4930/4473/3899 2579/4472/2107
f 686/4477/574 2582/4474/2110 4930/4473/3899 2835/4476/2328
f 674/3872/562 2502/4478/2046 4931/4479/3900 2580/3873/2108
f 2502/4478/2046 635/3734/523 2501/3737/2045 4931/4479/3900
f 4931/4479/3900 2501/3737/2045 673/3740/561 2504/4480/2048
f 2580/3873/2108 4931/4479/3900 2504/4480/2048 681/3874/569
f 754/4481/641 2471/4482/2021 4932/4483/3901 2487/4484/2031
f 2471/4482/2021 766/4485/650 2605/4486/2133 4932/4483/3901
f 4932/4483/3901 2605/4486/2133 646/4487/534 2627/4488/2141
f 2487/4484/2031 4932/4483/3901 2627/4488/2141 799/4489/659
f 766/4485/650 2761/4490/2258 4933/4491/3902 2605/4486/2133
f 2761/4490/2258 811/4492/665 2821/4493/2314 4933/4491/3902
f 4933/4491/3902 2821/4493/2314 647/4494/535 2710/4495/2215
f 2605/4486/2133 4933/4491/3902 2710/4495/2215 646/4487/534
f 811/4492/665 2632/4496/2146 4934/4497/3903 2821/4493/2314
f 2632/4496/2146 764/4498/648 2746/4499/2247 4934/4497/3903
f 4934/4497/3903 2746/4499/2247 648/4500/536 2771/4501/2268
f 2821/4493/2314 4934/4497/3903 2771/4501/2268 647/4494/535
f 764/4498/648 2683/4502/2193 4935/4503/3904 2746/4499/2247
f 2683/4502/2193 763/4504/647 2919/4505/2404 4935/4503/3904
f 4935/4503/3904 2919/4505/2404 649/4506/537 2831/4507/2324
f 2746/4499/2247 4935/4503/3904 2831/4507/2324 648/4500/536
f 763/4504/647 2516/4508/2057 4936/4509/3905 2919/4505/2404
f 2516/4508/2057 767/3595/651 2857/3598/2350 4936/4509/3905
f 4936/4509/3905 2857/3598/2350 650/3601/538 2891/4510/2378
f 2919/4505/2404 4936/4509/3905 2891/4510/2378 649/4506/537
f 585/3477/473 2639/3476/2153 4937/4511/3906 2685/4512/2195
f 2639/3476/2153 629/3475/517 2545/4513/2078 4937/4511/3906
f 4937/4511/3906 2545/4513/2078 768/4514/652 2858/4515/2351
f 2685/4512/2195 4937/4511/3906 2858/4515/2351 769/4516/653
f 629/3255/517 2498/3254/2042 4938/4517/3907 2545/4518/2078
f 2498/3254/2042 650/3253/538 2819/4519/2312 4938/4517/3907
f 4938/4517/3907 2819/4519/2312 608/4520/496 2490/4521/2034
f 2545/4518/2078 4938/4517/3907 2490/4521/2034 768/4522/652
f 860/4523/706 2563/4524/2091 4939/4525/3908 3073/4526/2538
f 858/4527/704 2562/4528/2090 4939/4525/3908 2563/4524/2091
f 864/4529/710 3073/4526/2538 4939/4525/3908 2562/4528/2090
f 697/4530/585 2779/4531/2276 4940/4532/3909 2689/4533/2197
f 2779/4531/2276 780/4459/22 2614/4461/22 4940/4532/3909
f 4940/4532/3909 2614/4461/22 785/3769/22 2692/4534/2198
f 2689/4533/2197 4940/4532/3909 2692/4534/2198 707/4535/595
f 695/4536/583 2925/4537/2406 4941/4538/684 2529/4539/2064
f 2925/4537/2406 783/4172/22 2612/4457/22 4941/4538/684
f 4941/4538/684 2612/4457/22 780/4459/22 2779/4531/2276
f 2529/4539/2064 4941/4538/684 2779/4531/2276 697/4530/585
f 591/4540/479 2687/4541/2196 4942/4542/3910 2659/4543/2172
f 2687/4541/2196 771/4167/22 2690/4170/22 4942/4542/3910
f 4942/4542/3910 2690/4170/22 783/4172/22 2925/4537/2406
f 2659/4543/2172 4942/4542/3910 2925/4537/2406 695/4536/583
f 745/4544/632 2549/4545/2079 4943/4546/2079 2853/4547/2346
f 2549/4545/2079 779/3764/22 2609/4166/22 4943/4546/2079
f 4943/4546/2079 2609/4166/22 772/3765/22 2860/4548/2079
f 2853/4547/2346 4943/4546/2079 2860/4548/2079 744/4549/631
f 721/4550/609 2548/4551/2079 4944/4552/3911 2537/4553/2070
f 2548/4551/2079 774/3607/22 2752/4164/22 4944/4552/3911
f 4944/4552/3911 2752/4164/22 784/3759/22 2478/4554/2024
f 2537/4553/2070 4944/4552/3911 2478/4554/2024 746/4555/633
f 707/4535/595 2692/4534/2198 4945/4556/3912 2662/4557/2175
f 2692/4534/2198 785/3769/22 2866/3772/22 4945/4556/3912
f 4945/4556/3912 2866/3772/22 776/3620/22 2608/4558/2136
f 2662/4557/2175 4945/4556/3912 2608/4558/2136 708/4559/596
f 744/4549/631 2860/4548/2079 4946/4560/3913 2856/4561/2349
f 2860/4548/2079 772/3765/22 2473/3768/22 4946/4560/3913
f 4946/4560/3913 2473/3768/22 770/3714/22 2859/4562/2352
f 2856/4561/2349 4946/4560/3913 2859/4562/2352 760/4563/644
f 746/4555/633 2478/4554/2024 4947/4564/3914 2832/4565/2325
f 2478/4554/2024 784/3759/22 2691/3762/22 4947/4564/3914
f 4947/4564/3914 2691/3762/22 779/3764/22 2549/4545/2079
f 2832/4565/2325 4947/4564/3914 2549/4545/2079 745/4544/632
f 760/4563/644 2859/4562/2352 4948/4566/3915 2918/4567/2403
f 2859/4562/2352 770/3714/22 2718/3717/22 4948/4566/3915
f 4948/4566/3915 2718/3717/22 781/3526/22 2923/4568/2079
f 2918/4567/2403 4948/4566/3915 2923/4568/2079 759/4569/643
f 708/4559/596 2608/4558/2136 4949/4570/2136 2735/4571/2238
f 2608/4558/2136 776/3620/22 2922/3623/22 4949/4570/2136
f 4949/4570/2136 2922/3623/22 775/3616/22 2806/4572/2302
f 2735/4571/2238 4949/4570/2136 2806/4572/2302 709/4573/597
f 709/4573/597 2806/4572/2302 4950/4574/3916 2788/4575/2285
f 2806/4572/2302 775/3616/22 2924/3619/22 4950/4574/3916
f 4950/4574/3916 2924/3619/22 782/3612/22 2494/4576/2038
f 2788/4575/2285 4950/4574/3916 2494/4576/2038 719/4577/607
f 719/4577/607 2494/4576/2038 4951/4578/3917 2906/4579/2392
f 2494/4576/2038 782/3612/22 2551/3615/22 4951/4578/3917
f 4951/4578/3917 2551/3615/22 777/3602/22 2862/4580/2182
f 2906/4579/2392 4951/4578/3917 2862/4580/2182 720/4581/608
f 758/4582/642 2750/4583/2079 4952/4584/3918 2759/4585/2256
f 2750/4583/2079 778/3531/22 2703/3609/255 4952/4584/3918
f 4952/4584/3918 2703/3609/255 773/3611/654 2817/4586/256
f 2759/4585/2256 4952/4584/3918 2817/4586/256 806/4587/660
f 720/4581/608 2862/4580/2182 4953/4588/2079 2967/4589/2446
f 2862/4580/2182 777/3602/22 2749/3605/22 4953/4588/2079
f 4953/4588/2079 2749/3605/22 774/3607/22 2548/4551/2079
f 2967/4589/2446 4953/4588/2079 2548/4551/2079 721/4550/609
f 759/4569/643 2923/4568/2079 4954/4590/2079 2715/4591/643
f 2923/4568/2079 781/3526/22 2477/3529/22 4954/4590/2079
f 4954/4590/2079 2477/3529/22 778/3531/22 2750/4583/2079
f 2715/4591/643 4954/4590/2079 2750/4583/2079 758/4582/642
f 858/4527/704 2563/4524/2091 4955/4592/3919 3068/4593/2533
f 860/4523/706 2491/4594/2035 4955/4592/3919 2563/4524/2091
f 859/4595/705 3068/4593/2533 4955/4592/3919 2491/4594/2035
f 852/4596/700 2474/4597/2023 4956/4598/2494 3028/4599/2494
f 773/3611/654 2772/4600/2269 4956/4598/2494 2474/4597/2023
f 857/4601/703 3028/4599/2494 4956/4598/2494 2772/4600/2269
f 857/4601/703 2772/4600/2269 4957/4602/277 3027/4603/277
f 773/3611/654 2982/4604/277 4957/4602/277 2772/4600/2269
f 856/4605/277 3027/4603/277 4957/4602/277 2982/4604/277
f 856/4605/277 2982/4604/277 4958/4606/277 3026/4607/277
f 773/3611/654 2985/4608/277 4958/4606/277 2982/4604/277
f 855/4609/277 3026/4607/277 4958/4606/277 2985/4608/277
f 855/4609/277 2985/4608/277 4959/4610/278 3025/4611/699
f 773/3611/654 2987/4612/258 4959/4610/278 2985/4608/277
f 851/4613/699 3025/4611/699 4959/4610/278 2987/4612/258
f 773/3611/654 2818/4614/2079 4960/4615/3920 2817/4586/256
f 807/4616/661 2760/4617/2257 4960/4615/3920 2818/4614/2079
f 806/4587/660 2817/4586/256 4960/4615/3920 2760/4617/2257
f 845/4618/694 2671/4619/2182 4961/4620/2302 3029/4621/2495
f 773/3611/654 3017/4622/2491 4961/4620/2302 2671/4619/2182
f 833/4623/255 3029/4621/2495 4961/4620/2302 3017/4622/2491
f 833/4623/255 3017/4622/2491 4962/4624/3921 3024/4625/2493
f 773/3611/654 3018/4626/2492 4962/4624/3921 3017/4622/2491
f 834/4627/684 3024/4625/2493 4962/4624/3921 3018/4626/2492
f 773/3611/654 2671/4619/2182 4963/4628/3922 2818/4614/2079
f 845/4618/694 2719/4629/2222 4963/4628/3922 2671/4619/2182
f 807/4616/661 2818/4614/2079 4963/4628/3922 2719/4629/2222
f 852/4596/700 3023/4630/700 4964/4631/700 2474/4597/2023
f 834/4627/684 3018/4626/2492 4964/4631/700 3023/4630/700
f 773/3611/654 2474/4597/2023 4964/4631/700 3018/4626/2492
f 812/4632/666 3074/4633/2539 4965/4634/3923 3070/4635/2535
f 864/4529/710 2630/4636/2144 4965/4634/3923 3074/4633/2539
f 861/4637/707 3070/4635/2535 4965/4634/3923 2630/4636/2144
f 861/4637/707 2630/4636/2144 4966/4638/3924 3071/4639/2536
f 864/4529/710 2562/4528/2090 4966/4638/3924 2630/4636/2144
f 858/4527/704 3071/4639/2536 4966/4638/3924 2562/4528/2090
f 1309/4640/699 4008/4641/277 4967/4642/3493 4007/4643/3135
f 4008/4641/277 1307/1538/277 4005/1537/3133 4967/4642/3493
f 4967/4642/3493 4005/1537/3133 1403/1536/1075 2986/4644/2463
f 4007/4643/3135 4967/4642/3493 2986/4644/2463 1423/4645/1095
f 794/4646/443 2484/4647/1228 4968/4648/3501 3388/4649/1970
f 2484/4647/1228 1052/4650/447 3413/4651/1995 4968/4648/3501
f 4968/4648/3501 3413/4651/1995 1051/4652/448 2615/4653/1227
f 3388/4649/1970 4968/4648/3501 2615/4653/1227 793/4654/444
f 1042/4655/439 3422/4656/1999 4969/4657/3496 3395/4658/1965
f 3422/4656/1999 1055/4659/449 3420/4660/1990 4969/4657/3496
f 4969/4657/3496 3420/4660/1990 1049/4661/454 2481/4662/1223
f 3395/4658/1965 4969/4657/3496 2481/4662/1223 1041/4663/218
f 792/4664/445 2616/4665/1108 4970/4666/3495 3387/4667/1973
f 2616/4665/1108 1050/4668/453 3412/4669/1998 4970/4666/3495
f 4970/4666/3495 3412/4669/1998 1045/4670/459 3421/4671/2000
f 3387/4667/1973 4970/4666/3495 3421/4671/2000 1035/4672/446
f 1041/4663/218 2481/4662/1223 4971/4673/3499 3394/4674/1971
f 2481/4662/1223 1049/4661/454 3419/4675/1996 4971/4673/3499
f 4971/4673/3499 3419/4675/1996 1044/4676/455 2620/4677/1222
f 3394/4674/1971 4971/4673/3499 2620/4677/1222 1040/4678/219
f 795/4679/214 2625/4680/1224 4972/4681/3728 3386/4682/1968
f 2625/4680/1224 1053/4683/452 3411/4684/1993 4972/4681/3728
f 4972/4681/3728 3411/4684/1993 1052/4650/447 2484/4647/1228
f 3386/4682/1968 4972/4681/3728 2484/4647/1228 794/4646/443
f 793/4654/444 2615/4653/1227 4973/4685/3497 3393/4686/1972
f 2615/4653/1227 1051/4652/448 3418/4687/1997 4973/4685/3497
f 4973/4685/3497 3418/4687/1997 1050/4668/453 2616/4665/1108
f 3393/4686/1972 4973/4685/3497 2616/4665/1108 792/4664/445
f 788/4688/221 2617/4689/1232 4974/4690/3503 3385/4691/1969
f 2617/4689/1232 1048/4692/457 3410/4693/1994 4974/4690/3503
f 4974/4690/3503 3410/4693/1994 1046/4694/458 2622/4695/1231
f 3385/4691/1969 4974/4690/3503 2622/4695/1231 786/4696/222
f 1040/4678/219 2620/4677/1222 4975/4697/3494 3392/4698/1966
f 2620/4677/1222 1044/4676/455 3417/4699/1991 4975/4697/3494
f 4975/4697/3494 3417/4699/1991 1043/4700/456 2621/4701/1111
f 3392/4698/1966 4975/4697/3494 2621/4701/1111 1039/4702/220
f 786/4696/222 2622/4695/1231 4976/4703/3727 3384/4704/1967
f 2622/4695/1231 1046/4694/458 3409/4705/1992 4976/4703/3727
f 4976/4703/3727 3409/4705/1992 1047/4706/451 2623/4707/1230
f 3384/4704/1967 4976/4703/3727 2623/4707/1230 787/4708/213
f 796/4709/212 2624/4710/1229 4977/4711/3500 3391/4712/1963
f 2624/4710/1229 1054/4713/450 3416/4714/1988 4977/4711/3500
f 4977/4711/3500 3416/4714/1988 1053/4683/452 2625/4680/1224
f 3391/4712/1963 4977/4711/3500 2625/4680/1224 795/4679/214
f 670/4715/558 2814/4716/2309 4978/4717/3925 2775/4718/2272
f 797/4719/223 2755/4720/2252 4978/4717/3925 2814/4716/2309
f 671/4721/559 2775/4718/2272 4978/4717/3925 2755/4720/2252
f 659/4722/547 2557/4723/2085 4979/4724/3926 2500/4725/2044
f 797/4719/223 2485/4726/2029 4979/4724/3926 2557/4723/2085
f 660/4727/548 2500/4725/2044 4979/4724/3926 2485/4726/2029
f 668/4728/556 2880/4729/2367 4980/4730/3927 2577/4731/2105
f 797/4719/223 2696/4732/2202 4980/4730/3927 2880/4729/2367
f 669/4733/557 2577/4731/2105 4980/4730/3927 2696/4732/2202
f 662/4734/550 2626/4735/2140 4981/4736/3928 2716/4737/2220
f 797/4719/223 2928/4738/2408 4981/4736/3928 2626/4735/2140
f 663/4739/551 2716/4737/2220 4981/4736/3928 2928/4738/2408
f 671/4721/559 2755/4720/2252 4982/4740/3929 2834/4741/2327
f 797/4719/223 2931/4742/2411 4982/4740/3929 2755/4720/2252
f 672/4743/560 2834/4741/2327 4982/4740/3929 2931/4742/2411
f 660/4727/548 2485/4726/2029 4983/4744/3930 2576/4745/2104
f 797/4719/223 2807/4746/2303 4983/4744/3930 2485/4726/2029
f 661/4747/549 2576/4745/2104 4983/4744/3930 2807/4746/2303
f 658/4748/546 2869/4749/2356 4984/4750/3931 2948/4751/2427
f 797/4719/223 2557/4723/2085 4984/4750/3931 2869/4749/2356
f 659/4722/547 2948/4751/2427 4984/4750/3931 2557/4723/2085
f 669/4733/557 2696/4732/2202 4985/4752/3932 2651/4753/2164
f 797/4719/223 2814/4716/2309 4985/4752/3932 2696/4732/2202
f 670/4715/558 2651/4753/2164 4985/4752/3932 2814/4716/2309
f 663/4739/551 2928/4738/2408 4986/4754/3933 2774/4755/2271
f 797/4719/223 2613/4756/2137 4986/4754/3933 2928/4738/2408
f 664/4757/552 2774/4755/2271 4986/4754/3933 2613/4756/2137
f 666/4758/554 2757/4759/2254 4987/4760/3934 2950/4761/2429
f 797/4719/223 2880/4729/2367 4987/4760/3934 2757/4759/2254
f 668/4728/556 2950/4761/2429 4987/4760/3934 2880/4729/2367
f 672/4743/560 2931/4742/2411 4988/4762/3935 2951/4763/2430
f 797/4719/223 2869/4749/2356 4988/4762/3935 2931/4742/2411
f 658/4748/546 2951/4763/2430 4988/4762/3935 2869/4749/2356
f 661/4747/549 2807/4746/2303 4989/4764/3936 2648/4765/2162
f 797/4719/223 2626/4735/2140 4989/4764/3936 2807/4746/2303
f 662/4734/550 2648/4765/2162 4989/4764/3936 2626/4735/2140
f 798/4766/658 2932/4767/2412 4990/4768/3937 2756/4769/2253
f 2932/4767/2412 751/4770/638 2914/4771/2399 4990/4768/3937
f 4990/4768/3937 2914/4771/2399 752/4772/639 2870/4773/2357
f 2756/4769/2253 4990/4768/3937 2870/4773/2357 799/4774/659
f 588/4775/476 2488/4776/2032 4991/4777/3938 2550/4778/2080
f 2488/4776/2032 1270/4779/974 2871/4780/2358 4991/4777/3938
f 4991/4777/3938 2871/4780/2358 1292/4781/985 2628/4782/2142
f 2550/4778/2080 4991/4777/3938 2628/4782/2142 589/4783/477
f 587/4784/475 2933/4785/2413 4992/4786/3939 2863/4787/2353
f 2933/4785/2413 1268/4788/972 2559/4789/2087 4992/4786/3939
f 4992/4786/3939 2559/4789/2087 1270/4779/974 2488/4776/2032
f 2863/4787/2353 4992/4786/3939 2488/4776/2032 588/4775/476
f 586/4790/474 2702/4791/2208 4993/4792/3940 2748/4793/2248
f 2702/4791/2208 1269/4794/973 2489/4795/2033 4993/4792/3940
f 4993/4792/3940 2489/4795/2033 1268/4788/972 2933/4785/2413
f 2748/4793/2248 4993/4792/3940 2933/4785/2413 587/4784/475
f 585/4796/473 2543/4797/2076 4994/4798/3941 2607/4799/2135
f 2543/4797/2076 1275/4800/979 2698/4801/2204 4994/4798/3941
f 4994/4798/3941 2698/4801/2204 1269/4794/973 2702/4791/2208
f 2607/4799/2135 4994/4798/3941 2702/4791/2208 586/4790/474
f 589/4783/477 2628/4782/2142 4995/4802/3942 2599/4803/2127
f 2628/4782/2142 1292/4781/985 2873/4804/2360 4995/4802/3942
f 4995/4802/3942 2873/4804/2360 1281/4805/981 2561/4806/2089
f 2599/4803/2127 4995/4802/3942 2561/4806/2089 753/4807/640
f 753/4808/640 2561/4809/2089 4996/4810/3943 2558/4811/2086
f 2561/4809/2089 1281/4812/981 2809/4813/2304 4996/4810/3943
f 4996/4810/3943 2809/4813/2304 751/4814/638 2932/4815/2412
f 2558/4811/2086 4996/4810/3943 2932/4815/2412 798/4816/658
f 799/4817/659 2870/4818/2357 4997/4819/3944 2487/4820/2031
f 2870/4818/2357 752/4821/639 2560/4822/2088 4997/4819/3944
f 4997/4819/3944 2560/4822/2088 806/4823/660 2594/4824/2122
f 2487/4820/2031 4997/4819/3944 2594/4824/2122 754/4825/641
f 754/4826/641 2594/4827/2122 4998/4828/3945 2471/4829/2021
f 2594/4827/2122 806/4830/660 2760/4831/2257 4998/4828/3945
f 4998/4828/3945 2760/4831/2257 807/4832/661 2893/4833/2380
f 2471/4829/2021 4998/4828/3945 2893/4833/2380 766/4834/650
f 763/4835/647 2700/4836/2206 4999/4837/3946 2516/4838/2057
f 2700/4836/2206 809/4839/663 2876/4840/2363 4999/4837/3946
f 4999/4837/3946 2876/4840/2363 808/4841/662 2935/4842/2414
f 2516/4838/2057 4999/4837/3946 2935/4842/2414 767/4843/651
f 764/4844/648 2631/4845/2145 5000/4846/3947 2683/4847/2193
f 2631/4845/2145 842/4848/691 2564/4849/2092 5000/4846/3947
f 5000/4846/3947 2564/4849/2092 809/4839/663 2700/4836/2206
f 2683/4847/2193 5000/4846/3947 2700/4836/2206 763/4835/647
f 811/4850/665 2723/4851/2226 5001/4852/3948 2632/4853/2146
f 2723/4851/2226 845/4854/694 2820/4855/2313 5001/4852/3948
f 5001/4852/3948 2820/4855/2313 842/4848/691 2631/4845/2145
f 2632/4853/2146 5001/4852/3948 2631/4845/2145 764/4844/648
f 766/4834/650 2893/4833/2380 5002/4856/3949 2761/4857/2258
f 2893/4833/2380 807/4832/661 2719/4858/2222 5002/4856/3949
f 5002/4856/3949 2719/4858/2222 845/4854/694 2723/4851/2226
f 2761/4857/2258 5002/4856/3949 2723/4851/2226 811/4850/665
f 767/4843/651 2935/4842/2414 5003/4859/3950 2544/4860/2077
f 2935/4842/2414 808/4841/662 2878/4861/2365 5003/4859/3950
f 5003/4859/3950 2878/4861/2365 1411/4862/1083 2565/4863/2093
f 2544/4860/2077 5003/4859/3950 2565/4863/2093 608/4864/496
f 608/4865/496 2565/4866/2093 5004/4867/3951 2490/4868/2034
f 2565/4866/2093 1411/4869/1083 2634/4870/2148 5004/4867/3951
f 5004/4867/3951 2634/4870/2148 1406/4871/1078 2879/4872/2366
f 2490/4868/2034 5004/4867/3951 2879/4872/2366 768/4873/652
f 769/4874/653 2968/4875/2447 5005/4876/3952 2685/4877/2195
f 2968/4875/2447 1272/4878/976 2635/4879/2149 5005/4876/3952
f 5005/4876/3952 2635/4879/2149 1275/4800/979 2543/4797/2076
f 2685/4877/2195 5005/4876/3952 2543/4797/2076 585/4796/473
f 768/4873/652 2879/4872/2366 5006/4880/3953 2858/4881/2351
f 2879/4872/2366 1406/4871/1078 2822/4882/2315 5006/4880/3953
f 5006/4880/3953 2822/4882/2315 1272/4883/976 2968/4884/2447
f 2858/4881/2351 5006/4880/3953 2968/4884/2447 769/4885/653
f 1087/4886/820 2937/4887/2416 5007/4888/3954 3599/4889/2903
f 2937/4887/2416 1128/4890/853 3605/4891/2909 5007/4888/3954
f 5007/4888/3954 3605/4891/2909 822/4892/674 2991/4893/2466
f 3599/4889/2903 5007/4888/3954 2991/4893/2466 1091/4894/824
f 1091/4894/824 2991/4893/2466 5008/4895/3955 3603/4896/2907
f 2991/4893/2466 822/4892/674 3610/4897/2914 5008/4895/3955
f 5008/4895/3955 3610/4897/2914 821/1830/673 2939/1829/2418
f 3603/4896/2907 5008/4895/3955 2939/1829/2418 1092/1828/825
f 1090/4898/823 2992/4899/2467 5009/4900/3956 3598/4901/2902
f 2992/4899/2467 819/4902/671 3607/4903/2911 5009/4900/3956
f 5009/4900/3956 3607/4903/2911 1130/4904/855 2701/4905/2207
f 3598/4901/2902 5009/4900/3956 2701/4905/2207 1120/4906/848
f 1416/4907/1088 2971/4908/2450 5010/4909/3957 3374/4910/2758
f 2971/4908/2450 1417/4911/1089 3373/4912/2757 5010/4909/3957
f 5010/4909/3957 3373/4912/2757 1139/4913/863 3371/4914/2755
f 3374/4910/2758 5010/4909/3957 3371/4914/2755 1015/4915/787
f 1120/4906/848 2701/4905/2207 5011/4916/3958 3597/4917/2901
f 2701/4905/2207 1130/4904/855 3606/4918/2910 5011/4916/3958
f 5011/4916/3958 3606/4918/2910 817/4919/669 2993/4920/2468
f 3597/4917/2901 5011/4916/3958 2993/4920/2468 1089/4921/822
f 1089/4921/822 2993/4920/2468 5012/4922/3959 3602/4923/2906
f 2993/4920/2468 817/4919/669 3608/4924/2912 5012/4922/3959
f 5012/4922/3959 3608/4924/2912 816/4925/668 2984/4926/2462
f 3602/4923/2906 5012/4922/3959 2984/4926/2462 1086/4927/819
f 1128/4890/853 2937/4887/2416 5013/4928/3960 3609/4929/2913
f 2937/4887/2416 1087/4886/820 3596/4930/2900 5013/4928/3960
f 5013/4928/3960 3596/4930/2900 1086/4927/819 2984/4926/2462
f 3609/4929/2913 5013/4928/3960 2984/4926/2462 816/4925/668
f 815/4931/123 4194/4932/123 5014/4933/123 2990/4934/123
f 1132/3293/857 2996/4935/2470 5014/4933/123 4194/4932/123
f 849/4936/698 2990/4934/123 5014/4933/123 2996/4935/2470
f 849/4937/698 2996/4938/2470 5015/4939/3961 4191/4940/3263
f 1132/3293/857 2997/4941/2471 5015/4939/3961 2996/4938/2470
f 848/4942/697 4191/4940/3263 5015/4939/3961 2997/4941/2471
f 848/3286/697 2998/4943/2472 5016/4944/3962 3348/4945/2735
f 820/4946/672 3350/4947/2737 5016/4944/3962 2998/4943/2472
f 818/4948/670 3348/4945/2735 5016/4944/3962 3350/4947/2737
f 820/4949/672 4190/4950/3262 5017/4951/3963 3350/4952/2737
f 1131/4953/856 4187/4954/3259 5017/4951/3963 4190/4950/3262
f 818/4955/670 3350/4952/2737 5017/4951/3963 4187/4954/3259
f 848/4956/697 2999/4957/2473 5018/4958/3964 2998/4959/2472
f 1129/4960/854 4188/4961/3260 5018/4958/3964 2999/4957/2473
f 820/4962/672 2998/4959/2472 5018/4958/3964 4188/4961/3260
f 675/4471/563 2582/4474/2110 5019/4963/3965 3004/4964/2478
f 2582/4474/2110 686/4477/574 2507/4965/2051 5019/4963/3965
f 5019/4963/3965 2507/4965/2051 827/4966/678 3008/4967/2482
f 3004/4964/2478 5019/4963/3965 3008/4967/2482 828/4968/679
f 828/4968/679 3008/4967/2482 5020/4969/3966 3005/4970/2479
f 3008/4967/2482 827/4966/678 3003/4971/2477 5020/4969/3966
f 5020/4969/3966 3003/4971/2477 826/4466/677 3009/4463/2483
f 3005/4970/2479 5020/4969/3966 3009/4463/2483 829/4462/680
f 676/4470/564 2655/4469/2168 5021/4972/3967 3006/4973/2480
f 2655/4469/2168 684/4468/572 3000/4974/2474 5021/4972/3967
f 5021/4972/3967 3000/4974/2474 824/4975/675 3010/4976/2484
f 3006/4973/2480 5021/4972/3967 3010/4976/2484 830/4977/681
f 830/4977/681 3010/4976/2484 5022/4978/3968 3007/4979/2481
f 3010/4976/2484 824/4975/675 3001/4980/2475 5022/4978/3968
f 5022/4978/3968 3001/4980/2475 825/3846/676 3011/3843/2485
f 3007/4979/2481 5022/4978/3968 3011/3843/2485 831/3842/682
f 124/573/112 2720/3733/2223 5023/4981/3969 2002/1891/1587
f 2720/3733/2223 676/3732/564 3006/4982/2480 5023/4981/3969
f 5023/4981/3969 3006/4982/2480 830/4983/681 3012/4984/2486
f 2002/1891/1587 5023/4981/3969 3012/4984/2486 310/1893/252
f 310/1893/252 3012/4984/2486 5024/4985/3970 2003/1897/1588
f 3012/4984/2486 830/4983/681 3007/4986/2481 5024/4985/3970
f 5024/4985/3970 3007/4986/2481 831/3749/682 3013/3747/2487
f 2003/1897/1588 5024/4985/3970 3013/3747/2487 311/594/253
f 123/589/111 2652/3746/2165 5025/4987/3971 1998/1900/1583
f 2652/3746/2165 675/3745/563 3004/4988/2478 5025/4987/3971
f 5025/4987/3971 3004/4988/2478 828/4989/679 3014/4990/2488
f 1998/1900/1583 5025/4987/3971 3014/4990/2488 306/1902/248
f 306/1902/248 3014/4990/2488 5026/4991/3972 1999/1906/1584
f 3014/4990/2488 828/4989/679 3005/4992/2479 5026/4991/3972
f 5026/4991/3972 3005/4992/2479 829/3730/680 3015/3728/2489
f 1999/1906/1584 5026/4991/3972 3015/3728/2489 307/569/249
f 773/3611/654 2747/3610/124 5027/4993/1537 2987/4612/258
f 2747/3610/124 141/440/124 1945/1912/1537 5027/4993/1537
f 5027/4993/1537 1945/1912/1537 316/1911/258 3022/4994/699
f 2987/4612/258 5027/4993/1537 3022/4994/699 851/4613/699
f 859/4595/705 2491/4594/2035 5028/4995/3973 3016/4996/2490
f 2491/4594/2035 860/4523/706 2751/4997/2249 5028/4995/3973
f 5028/4995/3973 2751/4997/2249 871/4998/717 3080/4999/2545
f 3016/4996/2490 5028/4995/3973 3080/4999/2545 870/5000/716
f 765/5001/649 3084/5002/2549 5029/5003/3974 3103/5004/2567
f 3084/5002/2549 872/5005/718 3081/5006/2546 5029/5003/3974
f 5029/5003/3974 3081/5006/2546 871/4998/717 2751/4997/2249
f 3103/5004/2567 5029/5003/3974 2751/4997/2249 860/4523/706
f 867/5007/713 3088/5008/2553 5030/5009/3975 3077/5010/2542
f 3088/5008/2553 838/5011/687 3079/5012/2544 5030/5009/3975
f 5030/5009/3975 3079/5012/2544 1306/5013/993 3998/5014/3128
f 3077/5010/2542 5030/5009/3975 3998/5014/3128 656/5015/544
f 866/5016/712 3020/5017/277 5031/5018/3976 3076/5019/2541
f 3020/5017/277 873/5020/719 3072/5021/2537 5031/5018/3976
f 5031/5018/3976 3072/5021/2537 838/5011/687 3088/5008/2553
f 3076/5019/2541 5031/5018/3976 3088/5008/2553 867/5007/713
f 865/5022/711 3019/5023/703 5032/5024/277 3075/5025/2540
f 3019/5023/703 874/5026/720 3082/5027/2547 5032/5024/277
f 5032/5024/277 3082/5027/2547 873/5020/719 3020/5017/277
f 3075/5025/2540 5032/5024/277 3020/5017/277 866/5016/712
f 859/4595/705 3016/4996/2490 5033/5028/3977 3078/5029/2543
f 3016/4996/2490 870/5000/716 3083/5030/2548 5033/5028/3977
f 5033/5028/3977 3083/5030/2548 874/5026/720 3019/5023/703
f 3078/5029/2543 5033/5028/3977 3019/5023/703 865/5022/711
f 840/5031/689 3049/5032/2515 5034/5033/3978 3030/5034/2496
f 3049/5032/2515 1408/5035/1080 2499/5036/2043 5034/5033/3978
f 5034/5033/3978 2499/5036/2043 1407/5037/1079 3050/5038/2516
f 3030/5034/2496 5034/5033/3978 3050/5038/2516 651/5039/539
f 841/5040/690 3051/5041/2517 5035/5042/3979 3031/5043/2497
f 3051/5041/2517 809/5044/663 2564/5045/2092 5035/5042/3979
f 5035/5042/3979 2564/5045/2092 842/5046/691 3052/5047/2518
f 3031/5043/2497 5035/5042/3979 3052/5047/2518 810/5048/664
f 843/5049/692 3053/5050/2519 5036/5051/3980 3032/5052/2498
f 3053/5050/2519 1410/5053/1082 2633/5054/2147 5036/5051/3980
f 5036/5051/3980 2633/5054/2147 1411/5055/1083 3054/5056/2520
f 3032/5052/2498 5036/5051/3980 3054/5056/2520 862/5057/708
f 651/5039/539 3050/5038/2516 5037/5058/3981 3033/5059/2499
f 3050/5038/2516 1407/5037/1079 2711/5060/2216 5037/5058/3981
f 5037/5058/3981 2711/5060/2216 1410/5053/1082 3053/5050/2519
f 3033/5059/2499 5037/5058/3981 3053/5050/2519 843/5049/692
f 810/5048/664 3052/5047/2518 5038/5061/3982 3034/5062/2500
f 3052/5047/2518 842/5046/691 2820/5063/2313 5038/5061/3982
f 5038/5061/3982 2820/5063/2313 845/5064/694 3055/5065/2521
f 3034/5062/2500 5038/5061/3982 3055/5065/2521 863/5066/709
f 846/5067/695 3056/5068/2522 5039/5069/3983 3035/5070/2501
f 3056/5068/2522 808/5071/662 2876/5072/2363 5039/5069/3983
f 5039/5069/3983 2876/5072/2363 809/5044/663 3051/5041/2517
f 3035/5070/2501 5039/5069/3983 3051/5041/2517 841/5040/690
f 862/5057/708 3054/5056/2520 5040/5073/3984 3036/5074/2502
f 3054/5056/2520 1411/5055/1083 2878/5075/2365 5040/5073/3984
f 5040/5073/3984 2878/5075/2365 808/5071/662 3056/5068/2522
f 3036/5074/2502 5040/5073/3984 3056/5068/2522 846/5067/695
f 654/5076/542 3057/5077/2523 5041/5078/3985 3037/5079/2503
f 3057/5077/2523 1421/5080/1093 2975/5081/2454 5041/5078/3985
f 5041/5078/3985 2975/5081/2454 1420/5082/1092 3058/5083/2524
f 3037/5079/2503 5041/5078/3985 3058/5083/2524 653/5084/541
f 655/5085/543 3059/5086/2525 5042/5087/3986 3038/5088/2504
f 3059/5086/2525 1422/5089/1094 2977/5090/2456 5042/5087/3986
f 5042/5087/3986 2977/5090/2456 1421/5080/1093 3057/5077/2523
f 3038/5088/2504 5042/5087/3986 3057/5077/2523 654/5076/542
f 868/5091/714 3060/5092/2526 5043/5093/3987 3039/5094/2505
f 3060/5092/2526 1423/4645/1095 2979/5095/2458 5043/5093/3987
f 5043/5093/3987 2979/5095/2458 1422/5089/1094 3059/5086/2525
f 3039/5094/2505 5043/5093/3987 3059/5086/2525 655/5085/543
f 653/5084/541 3058/5083/2524 5044/5096/3988 3040/5097/2506
f 3058/5083/2524 1420/5082/1092 2988/5098/2464 5044/5096/3988
f 5044/5096/3988 2988/5098/2464 1408/5035/1080 3049/5032/2515
f 3040/5097/2506 5044/5096/3988 3049/5032/2515 840/5031/689
f 853/5099/701 3062/5100/2528 5045/5101/3989 3042/5102/2508
f 3062/5100/2528 834/4627/684 3023/4630/700 5045/5101/3989
f 5045/5101/3989 3023/4630/700 852/4596/700 3063/5103/2529
f 3042/5102/2508 5045/5101/3989 3063/5103/2529 832/5104/683
f 854/5105/702 3064/5106/2530 5046/5107/3990 3043/5108/2509
f 3064/5106/2530 833/4623/255 3024/4625/2493 5046/5107/3990
f 5046/5107/3990 3024/4625/2493 834/4627/684 3062/5100/2528
f 3043/5108/2509 5046/5107/3990 3062/5100/2528 853/5099/701
f 837/5109/686 3065/5110/2531 5047/5111/3991 3044/5112/2510
f 3065/5110/2531 855/4609/277 3025/4611/699 5047/5111/3991
f 5047/5111/3991 3025/4611/699 851/4613/699 3061/5113/2527
f 3044/5112/2510 5047/5111/3991 3061/5113/2527 869/5114/715
f 836/5115/685 3066/5116/2532 5048/5117/3992 3045/5118/2511
f 3066/5116/2532 856/4605/277 3026/4607/277 5048/5117/3992
f 5048/5117/3992 3026/4607/277 855/4609/277 3065/5110/2531
f 3045/5118/2511 5048/5117/3992 3065/5110/2531 837/5109/686
f 835/5119/257 3067/5120/1639 5049/5121/3574 3046/5122/2512
f 3067/5120/1639 857/4601/703 3027/4603/277 5049/5121/3574
f 5049/5121/3574 3027/4603/277 856/4605/277 3066/5116/2532
f 3046/5122/2512 5049/5121/3574 3066/5116/2532 836/5115/685
f 832/5104/683 3063/5103/2529 5050/5123/3993 3047/5124/2513
f 3063/5103/2529 852/4596/700 3028/4599/2494 5050/5123/3993
f 5050/5123/3993 3028/4599/2494 857/4601/703 3067/5120/1639
f 3047/5124/2513 5050/5123/3993 3067/5120/1639 835/5119/257
f 863/5066/709 3055/5065/2521 5051/5125/3994 3048/5126/2514
f 3055/5065/2521 845/5064/694 3029/5127/2495 5051/5125/3994
f 5051/5125/3994 3029/5127/2495 833/4623/255 3064/5106/2530
f 3048/5126/2514 5051/5125/3994 3064/5106/2530 854/5105/702
f 859/5128/705 3085/5129/2550 5052/5130/3995 3068/5131/2533
f 3085/5129/2550 840/5132/689 3030/5133/2496 5052/5130/3995
f 5052/5130/3995 3030/5133/2496 651/5134/539 3086/5135/2551
f 3068/5131/2533 5052/5130/3995 3086/5135/2551 858/5136/704
f 860/5137/706 3087/5138/2552 5053/5139/3996 3103/5140/2567
f 3087/5138/2552 841/5141/690 3031/5142/2497 5053/5139/3996
f 5053/5139/3996 3031/5142/2497 810/5143/664 3104/5144/2568
f 3103/5140/2567 5053/5139/3996 3104/5144/2568 765/5145/649
f 861/5146/707 3089/5147/2554 5054/5148/3997 3070/5149/2535
f 3089/5147/2554 843/5150/692 3032/5151/2498 5054/5148/3997
f 5054/5148/3997 3032/5151/2498 862/5152/708 3090/5153/2555
f 3070/5149/2535 5054/5148/3997 3090/5153/2555 812/5154/666
f 858/5136/704 3086/5135/2551 5055/5155/3998 3071/5156/2536
f 3086/5135/2551 651/5134/539 3033/5157/2499 5055/5155/3998
f 5055/5155/3998 3033/5157/2499 843/5150/692 3089/5147/2554
f 3071/5156/2536 5055/5155/3998 3089/5147/2554 861/5146/707
f 765/5145/649 3104/5144/2568 5056/5158/3999 3091/5159/2556
f 810/5143/664 3034/5160/2500 5056/5158/3999 3104/5144/2568
f 863/5161/709 3091/5159/2556 5056/5158/3999 3034/5160/2500
f 864/5162/710 3092/5163/2557 5057/5164/4000 3073/5165/2538
f 3092/5163/2557 846/5166/695 3035/5167/2501 5057/5164/4000
f 5057/5164/4000 3035/5167/2501 841/5141/690 3087/5138/2552
f 3073/5165/2538 5057/5164/4000 3087/5138/2552 860/5137/706
f 812/5154/666 3090/5153/2555 5058/5168/4001 3074/5169/2539
f 3090/5153/2555 862/5152/708 3036/5170/2502 5058/5168/4001
f 5058/5168/4001 3036/5170/2502 846/5166/695 3092/5163/2557
f 3074/5169/2539 5058/5168/4001 3092/5163/2557 864/5162/710
f 866/5171/712 3093/5172/2558 5059/5173/4002 3075/5174/2540
f 3093/5172/2558 654/5175/542 3037/5176/2503 5059/5173/4002
f 5059/5173/4002 3037/5176/2503 653/5177/541 3094/5178/2559
f 3075/5174/2540 5059/5173/4002 3094/5178/2559 865/5179/711
f 867/5180/713 3095/5181/2560 5060/5182/4003 3076/5183/2541
f 3095/5181/2560 655/5184/543 3038/5185/2504 5060/5182/4003
f 5060/5182/4003 3038/5185/2504 654/5175/542 3093/5172/2558
f 3076/5183/2541 5060/5182/4003 3093/5172/2558 866/5171/712
f 656/5186/544 3096/5187/2561 5061/5188/4004 3077/5189/2542
f 3096/5187/2561 868/5190/714 3039/5191/2505 5061/5188/4004
f 5061/5188/4004 3039/5191/2505 655/5184/543 3095/5181/2560
f 3077/5189/2542 5061/5188/4004 3095/5181/2560 867/5180/713
f 865/5179/711 3094/5178/2559 5062/5192/4005 3078/5193/2543
f 3094/5178/2559 653/5177/541 3040/5194/2506 5062/5192/4005
f 5062/5192/4005 3040/5194/2506 840/5132/689 3085/5129/2550
f 3078/5193/2543 5062/5192/4005 3085/5129/2550 859/5128/705
f 1306/5195/993 3999/5196/3129 5063/5197/4006 3998/5198/3128
f 3999/5196/3129 1305/5199/992 3997/5200/3127 5063/5197/4006
f 5063/5197/4006 3997/5200/3127 868/5201/714 3096/5202/2561
f 3998/5198/3128 5063/5197/4006 3096/5202/2561 656/5203/544
f 871/5204/717 3098/5205/2563 5064/5206/4007 3080/5207/2545
f 3098/5205/2563 853/5208/701 3042/5209/2508 5064/5206/4007
f 5064/5206/4007 3042/5209/2508 832/5210/683 3099/5211/2564
f 3080/5207/2545 5064/5206/4007 3099/5211/2564 870/5212/716
f 872/5213/718 3100/5214/1672 5065/5215/4008 3081/5216/2546
f 3100/5214/1672 854/5217/702 3043/5218/2509 5065/5215/4008
f 5065/5215/4008 3043/5218/2509 853/5208/701 3098/5205/2563
f 3081/5216/2546 5065/5215/4008 3098/5205/2563 871/5204/717
f 838/5219/687 3069/5220/2534 5066/5221/4009 3097/5222/2562
f 837/5223/686 3044/5224/2510 5066/5221/4009 3069/5220/2534
f 869/5225/715 3097/5222/2562 5066/5221/4009 3044/5224/2510
f 873/5226/719 3101/5227/2565 5067/5228/4010 3072/5229/2537
f 3101/5227/2565 836/5230/685 3045/5231/2511 5067/5228/4010
f 5067/5228/4010 3045/5231/2511 837/5223/686 3069/5220/2534
f 3072/5229/2537 5067/5228/4010 3069/5220/2534 838/5219/687
f 874/5232/720 3102/5233/2566 5068/5234/4011 3082/5235/2547
f 3102/5233/2566 835/5236/257 3046/5237/2512 5068/5234/4011
f 5068/5234/4011 3046/5237/2512 836/5230/685 3101/5227/2565
f 3082/5235/2547 5068/5234/4011 3101/5227/2565 873/5226/719
f 870/5212/716 3099/5211/2564 5069/5238/4012 3083/5239/2548
f 3099/5211/2564 832/5210/683 3047/5240/2513 5069/5238/4012
f 5069/5238/4012 3047/5240/2513 835/5236/257 3102/5233/2566
f 3083/5239/2548 5069/5238/4012 3102/5233/2566 874/5232/720
f 765/5241/649 3091/5242/2556 5070/5243/4013 3084/5244/2549
f 3091/5242/2556 863/5245/709 3048/5246/2514 5070/5243/4013
f 5070/5243/4013 3048/5246/2514 854/5217/702 3100/5214/1672
f 3084/5244/2549 5070/5243/4013 3100/5214/1672 872/5213/718
f 895/2176/740 3142/5247/2603 5071/5248/4014 2104/5249/1679
f 3142/5247/2603 901/5250/746 3110/5251/2574 5071/5248/4014
f 5071/5248/4014 3110/5251/2574 1372/5252/1046 4131/5253/1053
f 2104/5249/1679 5071/5248/4014 4131/5253/1053 1365/5254/1039
f 390/2332/330 2133/2335/1707 5072/5255/4015 2105/5256/1680
f 2133/2335/1707 368/2325/308 2106/5257/1681 5072/5255/4015
f 5072/5255/4015 2106/5257/1681 1360/5258/1034 4099/5259/3197
f 2105/5256/1680 5072/5255/4015 4099/5259/3197 1358/5260/1032
f 903/5261/748 3141/5262/2602 5073/5263/4016 3105/5264/2569
f 3141/5262/2602 879/5265/725 2107/5266/1682 5073/5263/4016
f 5073/5263/4016 2107/5266/1682 1379/5267/1051 4130/5268/3200
f 3105/5264/2569 5073/5263/4016 4130/5268/3200 1378/5269/1050
f 880/5270/726 3167/5271/2627 5074/5272/4017 2108/5273/1683
f 3167/5271/2627 896/5274/741 2109/5275/1684 5074/5272/4017
f 5074/5272/4017 2109/5275/1684 1366/5276/1040 4139/5277/3219
f 2108/5273/1683 5074/5272/4017 4139/5277/3219 1381/5278/1053
f 375/2251/315 2132/2268/1706 5075/5279/4018 2149/5280/1723
f 2132/2268/1706 378/2258/318 3108/5281/2572 5075/5279/4018
f 5075/5279/4018 3108/5281/2572 1352/5282/1026 4098/5283/3196
f 2149/5280/1723 5075/5279/4018 4098/5283/3196 1350/5284/1024
f 902/5285/747 3140/5286/2601 5076/5287/4019 3111/5288/2575
f 3140/5286/2601 903/5261/748 3105/5289/2569 5076/5287/4019
f 5076/5287/4019 3105/5289/2569 1378/5290/1050 4129/5291/1048
f 3111/5288/2575 5076/5287/4019 4129/5291/1048 1374/5292/1048
f 361/2347/301 2145/2350/1719 5077/5293/4020 3106/5294/2570
f 2145/2350/1719 389/2319/329 3107/5295/2571 5077/5293/4020
f 5077/5293/4020 3107/5295/2571 1363/5296/1037 4111/5297/3203
f 3106/5294/2570 5077/5293/4020 4111/5297/3203 1364/5298/1038
f 378/2258/318 2131/2261/1705 5078/5299/4021 3108/5300/2572
f 2131/2261/1705 363/2266/303 3109/5301/2573 5078/5299/4021
f 5078/5299/4021 3109/5301/2573 1359/5302/1033 4097/5303/3195
f 3108/5300/2572 5078/5299/4021 4097/5303/3195 1352/5304/1026
f 901/5250/746 3139/5305/2600 5079/5306/4022 3110/5307/2574
f 3139/5305/2600 902/5285/747 3111/5308/2575 5079/5306/4022
f 5079/5306/4022 3111/5308/2575 1374/5309/1048 4128/5310/1048
f 3110/5307/2574 5079/5306/4022 4128/5310/1048 1372/5311/1046
f 387/2318/327 2144/2345/1718 5080/5312/4023 3112/5313/2576
f 2144/2345/1718 391/2338/331 3152/5314/2613 5080/5312/4023
f 5080/5312/4023 3152/5314/2613 1356/5315/1030 4110/5316/3202
f 3112/5313/2576 5080/5312/4023 4110/5316/3202 1354/5317/1028
f 895/2176/740 3132/2173/2593 5081/5318/4024 3149/5319/2610
f 3132/2173/2593 894/2172/739 3150/5320/2611 5081/5318/4024
f 5081/5318/4024 3150/5320/2611 875/5321/721 3113/5322/2577
f 3149/5319/2610 5081/5318/4024 3113/5322/2577 888/3130/733
f 896/5274/741 3167/5271/2627 5082/5323/4025 3151/5324/2612
f 3167/5271/2627 880/5270/726 3168/5325/2628 5082/5323/4025
f 5082/5323/4025 3168/5325/2628 881/5326/727 3114/5327/2578
f 3151/5324/2612 5082/5323/4025 3114/5327/2578 889/5328/734
f 897/5329/742 3134/5330/2595 5083/5331/4026 3153/5332/2614
f 3134/5330/2595 882/5333/728 3154/5334/2615 5083/5331/4026
f 5083/5331/4026 3154/5334/2615 898/5335/743 3115/5336/2579
f 3153/5332/2614 5083/5331/4026 3115/5336/2579 890/5337/735
f 894/2172/739 3135/5338/2596 5084/5339/4027 3150/5320/2611
f 3135/5338/2596 897/5329/742 3153/5332/2614 5084/5339/4027
f 5084/5339/4027 3153/5332/2614 890/5337/735 3116/5340/2580
f 3150/5320/2611 5084/5339/4027 3116/5340/2580 875/5321/721
f 880/5270/726 3155/5341/2616 5085/5342/4028 3168/5325/2628
f 899/5343/744 3117/5344/2581 5085/5342/4028 3155/5341/2616
f 881/5326/727 3168/5325/2628 5085/5342/4028 3117/5344/2581
f 900/5345/745 3137/5346/2598 5086/5347/4029 3156/5348/2617
f 3137/5346/2598 896/5274/741 3151/5324/2612 5086/5347/4029
f 5086/5347/4029 3151/5324/2612 889/5328/734 3118/5349/2582
f 3156/5348/2617 5086/5347/4029 3118/5349/2582 891/5350/736
f 882/5351/728 3138/5352/2599 5087/5353/4030 3154/5354/2615
f 3138/5352/2599 900/5345/745 3156/5348/2617 5087/5353/4030
f 5087/5353/4030 3156/5348/2617 891/5350/736 3119/5355/2583
f 3154/5354/2615 5087/5353/4030 3119/5355/2583 898/5356/743
f 902/5285/747 3139/5305/2600 5088/5357/4031 3157/5358/2618
f 3139/5305/2600 901/5250/746 3158/5359/2619 5088/5357/4031
f 5088/5357/4031 3158/5359/2619 876/3126/722 3120/3180/2584
f 3157/5358/2618 5088/5357/4031 3120/3180/2584 877/3171/723
f 903/5261/748 3140/5286/2601 5089/5360/4032 3159/5361/2620
f 3140/5286/2601 902/5285/747 3157/5358/2618 5089/5360/4032
f 5089/5360/4032 3157/5358/2618 877/3171/723 3121/3168/2585
f 3159/5361/2620 5089/5360/4032 3121/3168/2585 878/3151/724
f 879/5265/725 3141/5262/2602 5090/5362/4033 3160/5363/2621
f 3141/5262/2602 903/5261/748 3159/5361/2620 5090/5362/4033
f 5090/5362/4033 3159/5361/2620 878/3151/724 3122/3148/2586
f 3160/5363/2621 5090/5362/4033 3122/3148/2586 904/3147/749
f 901/5250/746 3142/5247/2603 5091/5364/4034 3158/5359/2619
f 3142/5247/2603 895/2176/740 3149/5319/2610 5091/5364/4034
f 5091/5364/4034 3149/5319/2610 888/3130/733 3123/3127/2587
f 3158/5359/2619 5091/5364/4034 3123/3127/2587 876/3126/722
f 887/2226/732 3143/2223/2604 5092/5365/4035 3161/5366/2622
f 3143/2223/2604 879/2222/725 3160/5367/2621 5092/5365/4035
f 5092/5365/4035 3160/5367/2621 904/3117/749 3124/3114/2588
f 3161/5366/2622 5092/5365/4035 3124/3114/2588 905/3113/750
f 907/2199/752 3144/2217/2605 5093/5368/2624 3162/5369/2623
f 3144/2217/2605 906/2216/751 3163/5370/2624 5093/5368/2624
f 5093/5368/2624 3163/5370/2624 883/3103/729 3125/3101/2589
f 3162/5369/2623 5093/5368/2624 3125/3101/2589 892/3090/737
f 908/2203/753 3145/2200/2606 5094/5371/4036 3164/5372/2625
f 3145/2200/2606 907/2199/752 3162/5369/2623 5094/5371/4036
f 5094/5371/4036 3162/5369/2623 892/3090/737 3126/3087/1698
f 3164/5372/2625 5094/5371/4036 3126/3087/1698 893/3086/738
f 887/5373/732 3161/5374/2622 5095/5375/4037 3133/5376/2594
f 905/5377/750 3127/5378/2590 5095/5375/4037 3161/5374/2622
f 886/5379/731 3133/5376/2594 5095/5375/4037 3127/5378/2590
f 909/2163/754 3136/5380/2597 5096/5381/4038 3165/5382/2626
f 3136/5380/2597 887/5373/732 3133/5376/2594 5096/5381/4038
f 5096/5381/4038 3133/5376/2594 886/5379/731 3128/5383/2591
f 3165/5382/2626 5096/5381/4038 3128/5383/2591 885/5384/730
f 910/2167/755 3146/2164/2607 5097/5385/1737 3166/5386/1737
f 3146/2164/2607 909/2163/754 3165/5382/2626 5097/5385/1737
f 5097/5385/1737 3165/5382/2626 885/5384/730 3129/5387/1701
f 3166/5386/1737 5097/5385/1737 3129/5387/1701 884/5388/305
f 906/2216/751 3147/5389/2608 5098/5390/4039 3163/5370/2624
f 3147/5389/2608 910/2167/755 3166/5386/1737 5098/5390/4039
f 5098/5390/4039 3166/5386/1737 884/5388/305 3130/5391/1701
f 3163/5370/2624 5098/5390/4039 3130/5391/1701 883/3103/729
f 880/5392/726 3148/5393/2609 5099/5394/4040 3155/5395/2616
f 3148/5393/2609 908/2203/753 3164/5372/2625 5099/5394/4040
f 5099/5394/4040 3164/5372/2625 893/3086/738 3131/5396/2592
f 3155/5395/2616 5099/5394/4040 3131/5396/2592 899/5397/744
f 367/2329/307 2125/2337/1700 5100/5398/4041 2462/5399/2012
f 2125/2337/1700 366/2336/306 2459/3177/2009 5100/5398/4041
f 5100/5398/4041 2459/3177/2009 1327/3179/1009 4027/5400/1008
f 2462/5399/2012 5100/5398/4041 4027/5400/1008 1326/5401/1008
f 911/5402/5 3169/5403/1810 5101/5404/3648 3171/5405/1742
f 3169/5403/1810 913/5406/376 3172/5407/1809 5101/5404/3648
f 5101/5404/3648 3172/5407/1809 959/5408/401 3170/5409/1811
f 3171/5405/1742 5101/5404/3648 3170/5409/1811 960/5410/379
f 913/5406/376 3173/5411/1807 5102/5412/3647 3172/5407/1809
f 3173/5411/1807 915/5413/374 3175/5414/1806 5102/5412/3647
f 5102/5412/3647 3175/5414/1806 961/5415/400 3174/5416/1808
f 3172/5407/1809 5102/5412/3647 3174/5416/1808 959/5408/401
f 915/5413/374 3176/5417/1804 5103/5418/3645 3175/5414/1806
f 3176/5417/1804 917/5419/372 3178/5420/1803 5103/5418/3645
f 5103/5418/3645 3178/5420/1803 962/5421/399 3177/5422/1805
f 3175/5414/1806 5103/5418/3645 3177/5422/1805 961/5415/400
f 917/5419/372 3179/5423/1801 5104/5424/3644 3178/5420/1803
f 3179/5423/1801 919/5425/370 3181/5426/1800 5104/5424/3644
f 5104/5424/3644 3181/5426/1800 963/5427/398 3180/5428/1802
f 3178/5420/1803 5104/5424/3644 3180/5428/1802 962/5421/399
f 919/5425/370 3182/5429/1798 5105/5430/3643 3181/5426/1800
f 3182/5429/1798 921/5431/368 3184/5432/1797 5105/5430/3643
f 5105/5430/3643 3184/5432/1797 964/5433/397 3183/5434/1799
f 3181/5426/1800 5105/5430/3643 3183/5434/1799 963/5427/398
f 921/5431/368 3185/5435/1795 5106/5436/3642 3184/5432/1797
f 3185/5435/1795 923/5437/366 3187/5438/1794 5106/5436/3642
f 5106/5436/3642 3187/5438/1794 965/5439/396 3186/5440/1796
f 3184/5432/1797 5106/5436/3642 3186/5440/1796 964/5433/397
f 923/5437/366 3188/5441/1792 5107/5442/3641 3187/5438/1794
f 3188/5441/1792 925/5443/364 3190/5444/1791 5107/5442/3641
f 5107/5442/3641 3190/5444/1791 966/5445/395 3189/5446/1793
f 3187/5438/1794 5107/5442/3641 3189/5446/1793 965/5439/396
f 925/5443/364 3191/5447/1789 5108/5448/3640 3190/5444/1791
f 3191/5447/1789 927/5449/362 3193/5450/1788 5108/5448/3640
f 5108/5448/3640 3193/5450/1788 967/5451/394 3192/5452/1790
f 3190/5444/1791 5108/5448/3640 3192/5452/1790 966/5445/395
f 927/5449/362 3194/5453/1786 5109/5454/3639 3193/5450/1788
f 3194/5453/1786 929/5455/360 3196/5456/1785 5109/5454/3639
f 5109/5454/3639 3196/5456/1785 968/5457/393 3195/5458/1787
f 3193/5450/1788 5109/5454/3639 3195/5458/1787 967/5451/394
f 929/5455/360 3197/5459/1783 5110/5460/3638 3196/5456/1785
f 3197/5459/1783 931/5461/358 3199/5462/1782 5110/5460/3638
f 5110/5460/3638 3199/5462/1782 969/5463/392 3198/5464/1784
f 3196/5456/1785 5110/5460/3638 3198/5464/1784 968/5457/393
f 931/5461/358 3200/5465/1780 5111/5466/3637 3199/5462/1782
f 3200/5465/1780 933/5467/356 3202/5468/1779 5111/5466/3637
f 5111/5466/3637 3202/5468/1779 970/5469/391 3201/5470/1781
f 3199/5462/1782 5111/5466/3637 3201/5470/1781 969/5463/392
f 933/5467/356 3203/5471/1777 5112/5472/3636 3202/5468/1779
f 3203/5471/1777 935/5473/22 3205/5474/1776 5112/5472/3636
f 5112/5472/3636 3205/5474/1776 971/5475/390 3204/5476/1778
f 3202/5468/1779 5112/5472/3636 3204/5476/1778 970/5469/391
f 935/5473/22 3206/5477/1774 5113/5478/3635 3205/5474/1776
f 3206/5477/1774 937/5479/353 3208/5480/1773 5113/5478/3635
f 5113/5478/3635 3208/5480/1773 972/5481/389 3207/5482/1775
f 3205/5474/1776 5113/5478/3635 3207/5482/1775 971/5475/390
f 937/5479/353 3209/5483/1771 5114/5484/3634 3208/5480/1773
f 3209/5483/1771 939/5485/351 3211/5486/1770 5114/5484/3634
f 5114/5484/3634 3211/5486/1770 973/5487/388 3210/5488/1772
f 3208/5480/1773 5114/5484/3634 3210/5488/1772 972/5481/389
f 939/5485/351 3212/5489/1768 5115/5490/3633 3211/5486/1770
f 3212/5489/1768 941/5491/349 3214/5492/1767 5115/5490/3633
f 5115/5490/3633 3214/5492/1767 974/5493/387 3213/5494/1769
f 3211/5486/1770 5115/5490/3633 3213/5494/1769 973/5487/388
f 941/5491/349 3215/5495/1765 5116/5496/3632 3214/5492/1767
f 3215/5495/1765 943/5497/347 3217/5498/1764 5116/5496/3632
f 5116/5496/3632 3217/5498/1764 975/5499/386 3216/5500/1766
f 3214/5492/1767 5116/5496/3632 3216/5500/1766 974/5493/387
f 943/5497/347 3218/5501/1762 5117/5502/3631 3217/5498/1764
f 3218/5501/1762 945/5503/345 3220/5504/1761 5117/5502/3631
f 5117/5502/3631 3220/5504/1761 976/5505/385 3219/5506/1763
f 3217/5498/1764 5117/5502/3631 3219/5506/1763 975/5499/386
f 945/5503/345 3221/5507/1759 5118/5508/3630 3220/5504/1761
f 3221/5507/1759 947/5509/343 3223/5510/1758 5118/5508/3630
f 5118/5508/3630 3223/5510/1758 977/5511/384 3222/5512/1760
f 3220/5504/1761 5118/5508/3630 3222/5512/1760 976/5505/385
f 947/5509/343 3224/5513/1756 5119/5514/3629 3223/5510/1758
f 3224/5513/1756 949/5515/341 3226/5516/1755 5119/5514/3629
f 5119/5514/3629 3226/5516/1755 978/5517/383 3225/5518/1757
f 3223/5510/1758 5119/5514/3629 3225/5518/1757 977/5511/384
f 949/5515/341 3227/5519/1753 5120/5520/3628 3226/5516/1755
f 3227/5519/1753 951/5521/339 3229/5522/1752 5120/5520/3628
f 5120/5520/3628 3229/5522/1752 979/5523/382 3228/5524/1754
f 3226/5516/1755 5120/5520/3628 3228/5524/1754 978/5517/383
f 951/5521/339 3230/5525/1750 5121/5526/3627 3229/5522/1752
f 3230/5525/1750 953/5527/337 3232/5528/1749 5121/5526/3627
f 5121/5526/3627 3232/5528/1749 980/5529/381 3231/5530/1751
f 3229/5522/1752 5121/5526/3627 3231/5530/1751 979/5523/382
f 953/5527/337 3233/5531/1747 5122/5532/3626 3232/5528/1749
f 3233/5531/1747 955/5533/335 3235/5534/1746 5122/5532/3626
f 5122/5532/3626 3235/5534/1746 981/5535/380 3234/5536/1748
f 3232/5528/1749 5122/5532/3626 3234/5536/1748 980/5529/381
f 1190/5537/913 3767/5538/3022 5123/5539/4042 3860/5540/3074
f 3767/5538/3022 1187/5541/911 3311/5542/2699 5123/5539/4042
f 5123/5539/4042 3311/5542/2699 1186/5543/910 3313/5544/2701
f 3860/5540/3074 5123/5539/4042 3313/5544/2701 1189/5545/912
f 955/5533/335 3236/5546/1744 5124/5547/3625 3235/5534/1746
f 3236/5546/1744 957/5548/333 3238/5549/1743 5124/5547/3625
f 5124/5547/3625 3238/5549/1743 982/5550/378 3237/5551/1745
f 3235/5534/1746 5124/5547/3625 3237/5551/1745 981/5535/380
f 957/5548/333 3239/5552/1740 5125/5553/3624 3238/5549/1743
f 3239/5552/1740 911/5554/5 3171/5555/1742 5125/5553/3624
f 5125/5553/3624 3171/5555/1742 960/5556/379 3240/5557/1741
f 3238/5549/1743 5125/5553/3624 3240/5557/1741 982/5550/378
f 912/5558/756 3265/5559/2653 5126/5560/4043 3241/5561/2629
f 3265/5559/2653 960/5562/379 3170/5563/1811 5126/5560/4043
f 5126/5560/4043 3170/5563/1811 959/5564/401 3266/5565/2654
f 3241/5561/2629 5126/5560/4043 3266/5565/2654 914/5566/757
f 914/5566/757 3266/5565/2654 5127/5567/4044 3242/5568/2630
f 3266/5565/2654 959/5564/401 3174/5569/1808 5127/5567/4044
f 5127/5567/4044 3174/5569/1808 961/5570/400 3267/5571/2655
f 3242/5568/2630 5127/5567/4044 3267/5571/2655 916/5572/758
f 916/5572/758 3267/5571/2655 5128/5573/4045 3243/5574/2631
f 3267/5571/2655 961/5570/400 3177/5575/1805 5128/5573/4045
f 5128/5573/4045 3177/5575/1805 962/5576/399 3268/5577/2656
f 3243/5574/2631 5128/5573/4045 3268/5577/2656 918/5578/759
f 918/5578/759 3268/5577/2656 5129/5579/4046 3244/5580/2632
f 3268/5577/2656 962/5576/399 3180/5581/1802 5129/5579/4046
f 5129/5579/4046 3180/5581/1802 963/5582/398 3269/5583/2657
f 3244/5580/2632 5129/5579/4046 3269/5583/2657 920/5584/760
f 920/5584/760 3269/5583/2657 5130/5585/4047 3245/5586/2633
f 3269/5583/2657 963/5582/398 3183/5587/1799 5130/5585/4047
f 5130/5585/4047 3183/5587/1799 964/5588/397 3270/5589/2658
f 3245/5586/2633 5130/5585/4047 3270/5589/2658 922/5590/761
f 922/5590/761 3270/5589/2658 5131/5591/4048 3246/5592/2634
f 3270/5589/2658 964/5588/397 3186/5593/1796 5131/5591/4048
f 5131/5591/4048 3186/5593/1796 965/5594/396 3271/5595/2659
f 3246/5592/2634 5131/5591/4048 3271/5595/2659 924/5596/762
f 924/5596/762 3271/5595/2659 5132/5597/4049 3247/5598/2635
f 3271/5595/2659 965/5594/396 3189/5599/1793 5132/5597/4049
f 5132/5597/4049 3189/5599/1793 966/5600/395 3272/5601/2660
f 3247/5598/2635 5132/5597/4049 3272/5601/2660 926/5602/763
f 926/5602/763 3272/5601/2660 5133/5603/4050 3248/5604/2636
f 3272/5601/2660 966/5600/395 3192/5605/1790 5133/5603/4050
f 5133/5603/4050 3192/5605/1790 967/5606/394 3273/5607/2661
f 3248/5604/2636 5133/5603/4050 3273/5607/2661 928/5608/764
f 928/5608/764 3273/5607/2661 5134/5609/4051 3249/5610/2637
f 3273/5607/2661 967/5606/394 3195/5611/1787 5134/5609/4051
f 5134/5609/4051 3195/5611/1787 968/5612/393 3274/5613/2662
f 3249/5610/2637 5134/5609/4051 3274/5613/2662 930/5614/765
f 930/5614/765 3274/5613/2662 5135/5615/4052 3250/5616/2638
f 3274/5613/2662 968/5612/393 3198/5617/1784 5135/5615/4052
f 5135/5615/4052 3198/5617/1784 969/5618/392 3275/5619/2663
f 3250/5616/2638 5135/5615/4052 3275/5619/2663 932/5620/766
f 932/5620/766 3275/5619/2663 5136/5621/4053 3251/5622/2639
f 3275/5619/2663 969/5618/392 3201/5623/1781 5136/5621/4053
f 5136/5621/4053 3201/5623/1781 970/5624/391 3276/5625/2664
f 3251/5622/2639 5136/5621/4053 3276/5625/2664 934/5626/767
f 934/5626/767 3276/5625/2664 5137/5627/4054 3252/5628/2640
f 3276/5625/2664 970/5624/391 3204/5629/1778 5137/5627/4054
f 5137/5627/4054 3204/5629/1778 971/5630/390 3277/5631/2665
f 3252/5628/2640 5137/5627/4054 3277/5631/2665 936/5632/768
f 936/5632/768 3277/5631/2665 5138/5633/4055 3253/5634/2641
f 3277/5631/2665 971/5630/390 3207/5635/1775 5138/5633/4055
f 5138/5633/4055 3207/5635/1775 972/5636/389 3278/5637/2666
f 3253/5634/2641 5138/5633/4055 3278/5637/2666 938/5638/769
f 938/5638/769 3278/5637/2666 5139/5639/4056 3254/5640/2642
f 3278/5637/2666 972/5636/389 3210/5641/1772 5139/5639/4056
f 5139/5639/4056 3210/5641/1772 973/5642/388 3279/5643/2667
f 3254/5640/2642 5139/5639/4056 3279/5643/2667 940/5644/770
f 940/5644/770 3279/5643/2667 5140/5645/4057 3255/5646/2643
f 3279/5643/2667 973/5642/388 3213/5647/1769 5140/5645/4057
f 5140/5645/4057 3213/5647/1769 974/5648/387 3280/5649/2668
f 3255/5646/2643 5140/5645/4057 3280/5649/2668 942/5650/771
f 942/5650/771 3280/5649/2668 5141/5651/4058 3256/5652/2644
f 3280/5649/2668 974/5648/387 3216/5653/1766 5141/5651/4058
f 5141/5651/4058 3216/5653/1766 975/5654/386 3281/5655/2669
f 3256/5652/2644 5141/5651/4058 3281/5655/2669 944/5656/772
f 944/5656/772 3281/5655/2669 5142/5657/4059 3257/5658/2645
f 3281/5655/2669 975/5654/386 3219/5659/1763 5142/5657/4059
f 5142/5657/4059 3219/5659/1763 976/5660/385 3282/5661/2670
f 3257/5658/2645 5142/5657/4059 3282/5661/2670 946/5662/773
f 946/5662/773 3282/5661/2670 5143/5663/4060 3258/5664/2646
f 3282/5661/2670 976/5660/385 3222/5665/1760 5143/5663/4060
f 5143/5663/4060 3222/5665/1760 977/5666/384 3283/5667/2671
f 3258/5664/2646 5143/5663/4060 3283/5667/2671 948/5668/774
f 948/5668/774 3283/5667/2671 5144/5669/4061 3259/5670/2647
f 3283/5667/2671 977/5666/384 3225/5671/1757 5144/5669/4061
f 5144/5669/4061 3225/5671/1757 978/5672/383 3284/5673/2672
f 3259/5670/2647 5144/5669/4061 3284/5673/2672 950/5674/775
f 950/5674/775 3284/5673/2672 5145/5675/4062 3260/5676/2648
f 3284/5673/2672 978/5672/383 3228/5677/1754 5145/5675/4062
f 5145/5675/4062 3228/5677/1754 979/5678/382 3285/5679/2673
f 3260/5676/2648 5145/5675/4062 3285/5679/2673 952/5680/776
f 952/5680/776 3285/5679/2673 5146/5681/4063 3261/5682/2649
f 3285/5679/2673 979/5678/382 3231/5683/1751 5146/5681/4063
f 5146/5681/4063 3231/5683/1751 980/5684/381 3286/5685/2674
f 3261/5682/2649 5146/5681/4063 3286/5685/2674 954/5686/777
f 954/5686/777 3286/5685/2674 5147/5687/4064 3262/5688/2650
f 3286/5685/2674 980/5684/381 3234/5689/1748 5147/5687/4064
f 5147/5687/4064 3234/5689/1748 981/5690/380 3287/5691/2675
f 3262/5688/2650 5147/5687/4064 3287/5691/2675 956/5692/778
f 956/5692/778 3287/5691/2675 5148/5693/4065 3263/5694/2651
f 3287/5691/2675 981/5690/380 3237/5695/1745 5148/5693/4065
f 5148/5693/4065 3237/5695/1745 982/5696/378 3288/5697/2676
f 3263/5694/2651 5148/5693/4065 3288/5697/2676 958/5698/779
f 958/5698/779 3288/5697/2676 5149/5699/4066 3264/5700/2652
f 3288/5697/2676 982/5696/378 3240/5701/1741 5149/5699/4066
f 5149/5699/4066 3240/5701/1741 960/5702/379 3265/5703/2653
f 3264/5700/2652 5149/5699/4066 3265/5703/2653 912/5704/756
f 1194/5705/916 3771/5706/3025 5150/5707/4067 3858/5708/3073
f 3771/5706/3025 1164/5709/888 3289/5710/2677 5150/5707/4067
f 5150/5707/4067 3289/5710/2677 1165/5711/889 3315/5712/2703
f 3858/5708/3073 5150/5707/4067 3315/5712/2703 1193/5713/915
f 1198/5714/919 3775/5715/3028 5151/5716/4068 3856/5717/3072
f 3775/5715/3028 1180/5718/904 3304/5719/2692 5151/5716/4068
f 5151/5716/4068 3304/5719/2692 1179/5720/903 3317/5721/2705
f 3856/5717/3072 5151/5716/4068 3317/5721/2705 1197/5722/918
f 1202/5723/922 3779/5724/3031 5152/5725/4069 3854/5726/3071
f 3779/5724/3031 1173/5727/897 3297/5728/2685 5152/5725/4069
f 5152/5725/4069 3297/5728/2685 1172/5729/896 3319/5730/2707
f 3854/5726/3071 5152/5725/4069 3319/5730/2707 1201/5731/921
f 1193/5732/915 3315/5733/2703 5153/5734/4070 3852/5735/3070
f 3315/5733/2703 1165/5736/889 3312/5737/2700 5153/5734/4070
f 5153/5734/4070 3312/5737/2700 1187/5541/911 3767/5538/3022
f 3852/5735/3070 5153/5734/4070 3767/5538/3022 1190/5537/913
f 1204/5738/924 3781/5739/3032 5154/5740/4071 3850/5741/3069
f 3781/5739/3032 1166/5742/890 3290/5743/2678 5154/5740/4071
f 5154/5740/4071 3290/5743/2678 1164/5709/888 3771/5706/3025
f 3850/5741/3069 5154/5740/4071 3771/5706/3025 1194/5705/916
f 1206/5744/925 3783/5745/3034 5155/5746/4072 3848/5747/3068
f 3783/5745/3034 1181/5748/905 3305/5749/2693 5155/5746/4072
f 5155/5746/4072 3305/5749/2693 1180/5718/904 3775/5715/3028
f 3848/5747/3068 5155/5746/4072 3775/5715/3028 1198/5714/919
f 1208/5750/927 3785/5751/3035 5156/5752/4073 3846/5753/3067
f 3785/5751/3035 1174/5754/898 3298/5755/2686 5156/5752/4073
f 5156/5752/4073 3298/5755/2686 1173/5727/897 3779/5724/3031
f 3846/5753/3067 5156/5752/4073 3779/5724/3031 1202/5723/922
f 1210/5756/929 3787/5757/3036 5157/5758/4074 3844/5759/3066
f 3787/5757/3036 1167/5760/891 3291/5761/2679 5157/5758/4074
f 5157/5758/4074 3291/5761/2679 1166/5742/890 3781/5739/3032
f 3844/5759/3066 5157/5758/4074 3781/5739/3032 1204/5738/924
f 1212/5762/930 3789/5763/3038 5158/5764/4075 3842/5765/3065
f 3789/5763/3038 1182/5766/906 3306/5767/2694 5158/5764/4075
f 5158/5764/4075 3306/5767/2694 1181/5748/905 3783/5745/3034
f 3842/5765/3065 5158/5764/4075 3783/5745/3034 1206/5744/925
f 1214/5768/932 3791/5769/3039 5159/5770/4076 3840/5771/3064
f 3791/5769/3039 1175/5772/899 3299/5773/2687 5159/5770/4076
f 5159/5770/4076 3299/5773/2687 1174/5754/898 3785/5751/3035
f 3840/5771/3064 5159/5770/4076 3785/5751/3035 1208/5750/927
f 1216/5774/934 3793/5775/3040 5160/5776/4077 3838/5777/3063
f 3793/5775/3040 1168/5778/892 3292/5779/2680 5160/5776/4077
f 5160/5776/4077 3292/5779/2680 1167/5760/891 3787/5757/3036
f 3838/5777/3063 5160/5776/4077 3787/5757/3036 1210/5756/929
f 1218/5780/936 3795/5781/3041 5161/5782/4078 3836/5783/3062
f 3795/5781/3041 1183/5784/907 3307/5785/2695 5161/5782/4078
f 5161/5782/4078 3307/5785/2695 1182/5766/906 3789/5763/3038
f 3836/5783/3062 5161/5782/4078 3789/5763/3038 1212/5762/930
f 1220/5786/938 3797/5787/3042 5162/5788/4079 3834/5789/3061
f 3797/5787/3042 1176/5790/900 3300/5791/2688 5162/5788/4079
f 5162/5788/4079 3300/5791/2688 1175/5772/899 3791/5769/3039
f 3834/5789/3061 5162/5788/4079 3791/5769/3039 1214/5768/932
f 1222/5792/940 3799/5793/3043 5163/5794/4080 3832/5795/3060
f 3799/5793/3043 1169/5796/893 3293/5797/2681 5163/5794/4080
f 5163/5794/4080 3293/5797/2681 1168/5778/892 3793/5775/3040
f 3832/5795/3060 5163/5794/4080 3793/5775/3040 1216/5774/934
f 1224/5798/941 3801/5799/3045 5164/5800/4081 3830/5801/3059
f 3801/5799/3045 1184/5802/908 3308/5803/2696 5164/5800/4081
f 5164/5800/4081 3308/5803/2696 1183/5784/907 3795/5781/3041
f 3830/5801/3059 5164/5800/4081 3795/5781/3041 1218/5780/936
f 1226/5804/943 3803/5805/3046 5165/5806/4082 3828/5807/3058
f 3803/5805/3046 1177/5808/901 3301/5809/2689 5165/5806/4082
f 5165/5806/4082 3301/5809/2689 1176/5790/900 3797/5787/3042
f 3828/5807/3058 5165/5806/4082 3797/5787/3042 1220/5786/938
f 1228/5810/945 3805/5811/3047 5166/5812/4083 3826/5813/3057
f 3805/5811/3047 1170/5814/894 3294/5815/2682 5166/5812/4083
f 5166/5812/4083 3294/5815/2682 1169/5796/893 3799/5793/3043
f 3826/5813/3057 5166/5812/4083 3799/5793/3043 1222/5792/940
f 1230/5816/947 3807/5817/3048 5167/5818/4084 3824/5819/3056
f 3807/5817/3048 1185/5820/909 3309/5821/2697 5167/5818/4084
f 5167/5818/4084 3309/5821/2697 1184/5802/908 3801/5799/3045
f 3824/5819/3056 5167/5818/4084 3801/5799/3045 1224/5798/941
f 1232/5822/948 3809/5823/3049 5168/5824/4085 3822/5825/3055
f 3809/5823/3049 1178/5826/902 3302/5827/2690 5168/5824/4085
f 5168/5824/4085 3302/5827/2690 1177/5808/901 3803/5805/3046
f 3822/5825/3055 5168/5824/4085 3803/5805/3046 1226/5804/943
f 1234/5828/950 3811/5829/3050 5169/5830/4086 3820/5831/3054
f 3811/5829/3050 1171/5832/895 3295/5833/2683 5169/5830/4086
f 5169/5830/4086 3295/5833/2683 1170/5814/894 3805/5811/3047
f 3820/5831/3054 5169/5830/4086 3805/5811/3047 1228/5810/945
f 1189/5545/912 3313/5544/2701 5170/5834/4087 3818/5835/3053
f 3313/5544/2701 1186/5543/910 3310/5836/2698 5170/5834/4087
f 5170/5834/4087 3310/5836/2698 1185/5820/909 3807/5817/3048
f 3818/5835/3053 5170/5834/4087 3807/5817/3048 1230/5816/947
f 1197/5722/918 3317/5721/2705 5171/5837/4088 3816/5838/3052
f 3317/5721/2705 1179/5720/903 3303/5839/2691 5171/5837/4088
f 5171/5837/4088 3303/5839/2691 1178/5826/902 3809/5823/3049
f 3816/5838/3052 5171/5837/4088 3809/5823/3049 1232/5822/948
f 1201/5731/921 3319/5730/2707 5172/5840/4089 3814/5841/3051
f 3319/5730/2707 1172/5729/896 3296/5842/2684 5172/5840/4089
f 5172/5840/4089 3296/5842/2684 1171/5832/895 3811/5829/3050
f 3814/5841/3051 5172/5840/4089 3811/5829/3050 1234/5828/950
f 1026/5843/798 3521/5844/2828 5173/5845/4090 3516/5846/2823
f 1029/5847/801 3345/5848/2733 5173/5845/4090 3521/5844/2828
f 1021/5849/793 3516/5846/2823 5173/5845/4090 3345/5848/2733
f 801/5850/5 3893/5851/5 5174/5852/5 3468/5853/5
f 802/5854/5 3459/5855/5 5174/5852/5 3893/5851/5
f 1007/4173/5 3468/5853/5 5174/5852/5 3459/5855/5
f 614/5856/502 3548/5857/2853 5175/5858/4091 3522/5859/2829
f 593/5860/481 3547/5861/2852 5175/5858/4091 3548/5857/2853
f 595/5862/483 3522/5859/2829 5175/5858/4091 3547/5861/2852
f 1009/5863/781 3529/5864/2836 5176/5865/4092 3534/5866/2841
f 1013/5867/785 3530/5868/2837 5176/5865/4092 3529/5864/2836
f 1008/5869/780 3534/5866/2841 5176/5865/4092 3530/5868/2837
f 1007/4173/5 3352/5870/5 5177/5871/5 3346/5872/5
f 1126/5873/5 3353/5874/5 5177/5871/5 3352/5870/5
f 135/1056/5 3346/5872/5 5177/5871/5 3353/5874/5
f 1126/5873/5 3920/5875/5 5178/5876/5 3353/5874/5
f 1085/2833/5 2350/2832/5 5178/5876/5 3920/5875/5
f 135/1056/5 3353/5874/5 5178/5876/5 2350/2832/5
f 1295/5877/987 3668/5878/2971 5179/5879/4093 3535/5880/2842
f 3668/5878/2971 1016/5881/788 3356/5882/2740 5179/5879/4093
f 5179/5879/4093 3356/5882/2740 1134/5883/858 3355/5884/2739
f 3535/5880/2842 5179/5879/4093 3355/5884/2739 1297/5885/989
f 1016/5881/788 3357/5886/2741 5180/5887/4094 3356/5882/2740
f 3357/5886/2741 1017/5888/789 3359/5889/2743 5180/5887/4094
f 5180/5887/4094 3359/5889/2743 1135/5890/859 3358/5891/2742
f 3356/5882/2740 5180/5887/4094 3358/5891/2742 1134/5883/858
f 1017/5888/789 3360/5892/2744 5181/5893/4095 3359/5889/2743
f 3360/5892/2744 1018/5894/790 3362/5895/2746 5181/5893/4095
f 5181/5893/4095 3362/5895/2746 1136/5896/860 3361/5897/2745
f 3359/5889/2743 5181/5893/4095 3361/5897/2745 1135/5890/859
f 1018/5894/790 3363/5898/2747 5182/5899/4096 3362/5895/2746
f 3363/5898/2747 1019/5900/791 3365/5901/2749 5182/5899/4096
f 5182/5899/4096 3365/5901/2749 1137/5902/861 3364/5903/2748
f 3362/5895/2746 5182/5899/4096 3364/5903/2748 1136/5896/860
f 1019/5900/791 3366/5904/2750 5183/5905/4097 3365/5901/2749
f 3366/5904/2750 1020/5906/792 3368/5907/2752 5183/5905/4097
f 5183/5905/4097 3368/5907/2752 1138/5908/862 3367/5909/2751
f 3365/5901/2749 5183/5905/4097 3367/5909/2751 1137/5902/861
f 1020/5906/792 3369/5910/2753 5184/5911/4098 3368/5907/2752
f 3369/5910/2753 1015/5912/787 3371/5913/2755 5184/5911/4098
f 5184/5911/4098 3371/5913/2755 1139/5914/863 3370/5915/2754
f 3368/5907/2752 5184/5911/4098 3370/5915/2754 1138/5908/862
f 1022/5916/794 3337/5917/2725 5185/5918/4099 3375/5919/2759
f 3337/5917/2725 1021/5920/793 3376/5921/2760 5185/5918/4099
f 5185/5918/4099 3376/5921/2760 488/5922/402 2374/5923/1944
f 3375/5919/2759 5185/5918/4099 2374/5923/1944 489/5924/403
f 1023/5925/795 3338/5926/2726 5186/5927/4100 3377/5928/2761
f 3338/5926/2726 1022/5929/794 3375/5930/2759 5186/5927/4100
f 5186/5927/4100 3375/5930/2759 489/5931/403 2375/5932/1945
f 3377/5928/2761 5186/5927/4100 2375/5932/1945 490/5933/404
f 1024/5934/796 3339/5935/2727 5187/5936/4101 3378/5937/2762
f 3339/5935/2727 1023/5938/795 3377/5939/2761 5187/5936/4101
f 5187/5936/4101 3377/5939/2761 490/5940/404 2376/5941/1946
f 3378/5937/2762 5187/5936/4101 2376/5941/1946 491/5942/405
f 1025/5943/797 3340/5944/2728 5188/5945/4102 3379/5946/2763
f 3340/5944/2728 1024/5947/796 3378/5948/2762 5188/5945/4102
f 5188/5945/4102 3378/5948/2762 491/5949/405 2377/5950/1947
f 3379/5946/2763 5188/5945/4102 2377/5950/1947 492/5951/406
f 1026/5952/798 3341/5953/2729 5189/5954/4103 3380/5955/2764
f 3341/5953/2729 1025/5956/797 3379/5957/2763 5189/5954/4103
f 5189/5954/4103 3379/5957/2763 492/5958/406 2378/5959/1948
f 3380/5955/2764 5189/5954/4103 2378/5959/1948 493/5960/407
f 1027/5961/799 3342/5962/2730 5190/5963/4104 3381/5964/2765
f 3342/5962/2730 1026/5965/798 3380/5966/2764 5190/5963/4104
f 5190/5963/4104 3380/5966/2764 493/5967/407 2379/5968/1949
f 3381/5964/2765 5190/5963/4104 2379/5968/1949 494/5969/408
f 1028/5970/800 3343/5971/2731 5191/5972/4105 3382/5973/2766
f 3343/5971/2731 1027/5974/799 3381/5975/2765 5191/5972/4105
f 5191/5972/4105 3381/5975/2765 494/5976/408 2380/5977/1950
f 3382/5973/2766 5191/5972/4105 2380/5977/1950 495/5978/409
f 1029/5979/801 3344/5980/2732 5192/5981/4106 3383/5982/2767
f 3344/5980/2732 1028/5983/800 3382/5984/2766 5192/5981/4106
f 5192/5981/4106 3382/5984/2766 495/5985/409 2381/5986/1951
f 3383/5982/2767 5192/5981/4106 2381/5986/1951 496/5987/410
f 1021/5988/793 3345/5989/2733 5193/5990/4107 3376/5991/2760
f 3345/5989/2733 1029/5992/801 3383/5993/2767 5193/5990/4107
f 5193/5990/4107 3383/5993/2767 496/5994/410 2382/5995/1952
f 3376/5991/2760 5193/5990/4107 2382/5995/1952 488/5996/402
f 787/5997/213 3396/5998/1974 5194/5999/4108 3384/6000/1967
f 3396/5998/1974 1031/6001/803 2479/6002/2025 5194/5999/4108
f 5194/5999/4108 2479/6002/2025 1030/6003/802 3397/6004/2768
f 3384/6000/1967 5194/5999/4108 3397/6004/2768 786/6005/222
f 786/6005/222 3397/6004/2768 5195/6006/4109 3385/6007/1969
f 3397/6004/2768 1030/6003/802 2480/6008/2026 5195/6006/4109
f 5195/6006/4109 2480/6008/2026 1032/6009/804 3398/6010/2769
f 3385/6007/1969 5195/6006/4109 3398/6010/2769 788/6011/221
f 794/6012/443 3399/6013/2770 5196/6014/4110 3386/6015/1968
f 3399/6013/2770 1033/6016/805 2483/6017/2028 5196/6014/4110
f 5196/6014/4110 2483/6017/2028 1034/6018/806 3400/6019/2771
f 3386/6015/1968 5196/6014/4110 3400/6019/2771 795/6020/214
f 1035/6021/446 3401/6022/2772 5197/6023/4111 3387/6024/1973
f 3401/6022/2772 667/6025/555 2554/6026/2082 5197/6023/4111
f 5197/6023/4111 2554/6026/2082 1036/6027/807 3402/6028/2773
f 3387/6024/1973 5197/6023/4111 3402/6028/2773 792/6029/445
f 793/6030/444 3403/6031/2774 5198/6032/4112 3388/6033/1970
f 3403/6031/2774 1037/6034/808 2555/6035/2083 5198/6032/4112
f 5198/6032/4112 2555/6035/2083 1033/6016/805 3399/6013/2770
f 3388/6033/1970 5198/6032/4112 3399/6013/2770 794/6012/443
f 796/6036/212 3404/6037/2775 5199/6038/4113 3389/6039/1962
f 3404/6037/2775 1038/6040/809 2606/6041/2134 5199/6038/4113
f 5199/6038/4113 2606/6041/2134 1031/6001/803 3396/5998/1974
f 3389/6039/1962 5199/6038/4113 3396/5998/1974 787/5997/213
f 788/6011/221 3398/6010/2769 5200/6042/4114 3390/6043/1964
f 3398/6010/2769 1032/6009/804 2618/6044/2138 5200/6042/4114
f 5200/6042/4114 2618/6044/2138 789/6045/655 3405/6046/2776
f 3390/6043/1964 5200/6042/4114 3405/6046/2776 1039/6047/220
f 795/6020/214 3400/6019/2771 5201/6048/4115 3391/6049/1963
f 3400/6019/2771 1034/6018/806 2695/6050/2201 5201/6048/4115
f 5201/6048/4115 2695/6050/2201 1038/6040/809 3404/6037/2775
f 3391/6049/1963 5201/6048/4115 3404/6037/2775 796/6036/212
f 1039/6047/220 3405/6046/2776 5202/6051/4116 3392/6052/1966
f 3405/6046/2776 789/6045/655 2810/6053/2305 5202/6051/4116
f 5202/6051/4116 2810/6053/2305 790/6054/656 3406/6055/2777
f 3392/6052/1966 5202/6051/4116 3406/6055/2777 1040/6056/219
f 792/6029/445 3402/6028/2773 5203/6057/4117 3393/6058/1972
f 3402/6028/2773 1036/6027/807 2875/6059/2362 5203/6057/4117
f 5203/6057/4117 2875/6059/2362 1037/6034/808 3403/6031/2774
f 3393/6058/1972 5203/6057/4117 3403/6031/2774 793/6030/444
f 1040/6056/219 3406/6055/2777 5204/6060/4118 3394/6061/1971
f 3406/6055/2777 790/6054/656 2915/6062/2400 5204/6060/4118
f 5204/6060/4118 2915/6062/2400 791/6063/657 3408/6064/2779
f 3394/6061/1971 5204/6060/4118 3408/6064/2779 1041/6065/218
f 1041/6065/218 3408/6064/2779 5205/6066/4119 3395/6067/1965
f 3408/6064/2779 791/6063/657 2927/6068/2407 5205/6066/4119
f 5205/6066/4119 2927/6068/2407 665/6069/553 3407/6070/2778
f 3395/6067/1965 5205/6066/4119 3407/6070/2778 1042/6071/439
f 787/4708/213 2623/4707/1230 5206/6072/3502 3389/6073/1962
f 2623/4707/1230 1047/4706/451 3414/6074/1987 5206/6072/3502
f 5206/6072/3502 3414/6074/1987 1054/4713/450 2624/4710/1229
f 3389/6073/1962 5206/6072/3502 2624/4710/1229 796/4709/212
f 1039/4702/220 2621/4701/1111 5207/6075/3498 3390/6076/1964
f 2621/4701/1111 1043/4700/456 3415/6077/1989 5207/6075/3498
f 5207/6075/3498 3415/6077/1989 1048/4692/457 2617/4689/1232
f 3390/6076/1964 5207/6075/3498 2617/4689/1232 788/4688/221
f 1057/6078/810 3427/6079/810 5208/6080/810 3424/6081/810
f 3427/6079/810 1059/6082/810 3425/6083/810 5208/6080/810
f 5208/6080/810 3425/6083/810 1060/6084/810 3426/6085/810
f 3424/6081/810 5208/6080/810 3426/6085/810 1058/6086/810
f 1065/6087/810 3429/6088/810 5209/6089/810 3432/6090/810
f 3429/6088/810 1063/6091/810 3431/6092/810 5209/6089/810
f 5209/6089/810 3431/6092/810 1062/6093/810 3430/6094/810
f 3432/6090/810 5209/6089/810 3430/6094/810 1064/6095/810
f 1067/6096/810 3436/6097/810 5210/6098/810 3433/6099/810
f 3436/6097/810 1069/6100/810 3434/6101/810 5210/6098/810
f 5210/6098/810 3434/6101/810 1070/6102/810 3435/6103/810
f 3433/6099/810 5210/6098/810 3435/6103/810 1068/6104/810
f 1075/6105/810 3437/6106/810 5211/6107/810 3440/6108/810
f 3437/6106/810 1073/6109/810 3439/6110/810 5211/6107/810
f 5211/6107/810 3439/6110/810 1072/6111/810 3438/6112/810
f 3440/6108/810 5211/6107/810 3438/6112/810 1074/6113/810
f 1056/6114/810 3442/6115/810 5212/6116/810 3423/6117/810
f 3442/6115/810 1066/6118/810 3428/6119/810 5212/6116/810
f 5212/6116/810 3428/6119/810 1071/6120/810 3441/6121/810
f 3423/6117/810 5212/6116/810 3441/6121/810 1061/6122/810
f 898/5356/743 3119/5355/2583 5213/6123/4120 3454/6124/2790
f 3119/5355/2583 891/5350/736 2464/6125/2014 5213/6123/4120
f 5213/6123/4120 2464/6125/2014 1336/6126/1016 4053/6127/3166
f 3454/6124/2790 5213/6123/4120 4053/6127/3166 1334/6128/1015
f 362/2256/302 2111/2255/1686 5214/6129/4121 2460/3143/2010
f 2111/2255/1686 370/2254/310 2461/3123/2011 5214/6129/4121
f 5214/6129/4121 2461/3123/2011 1312/3125/996 4013/6130/3138
f 2460/3143/2010 5214/6129/4121 4013/6130/3138 1313/3144/997
f 386/2331/326 2124/2330/1699 5215/6131/4122 3451/6132/2788
f 2124/2330/1699 367/2329/307 2462/5399/2012 5215/6131/4122
f 5215/6131/4122 2462/5399/2012 1326/5401/1008 4026/6133/3149
f 3451/6132/2788 5215/6131/4122 4026/6133/3149 1322/6134/1000
f 356/2249/296 2110/2248/1685 5216/6135/4123 2463/6136/2013
f 2110/2248/1685 369/2247/309 3455/6137/2791 5216/6135/4123
f 5216/6135/4123 3455/6137/2791 1311/6138/995 4012/6139/1021
f 2463/6136/2013 5216/6135/4123 4012/6139/1021 1310/6140/994
f 891/5350/736 3118/5349/2582 5217/6141/4124 2464/6125/2014
f 3118/5349/2582 889/5328/734 2465/6142/2015 5217/6141/4124
f 5217/6141/4124 2465/6142/2015 1331/6143/1012 4052/6144/3165
f 2464/6125/2014 5217/6141/4124 4052/6144/3165 1336/6126/1016
f 373/2314/313 2123/2324/1698 5218/6145/4125 3447/6146/2784
f 2123/2324/1698 374/2323/314 2466/3136/2016 5218/6145/4125
f 5218/6145/4125 2466/3136/2016 1325/3140/1007 4025/6147/3148
f 3447/6146/2784 5218/6145/4125 4025/6147/3148 1324/6148/1006
f 899/5397/744 3131/5396/2592 5219/6149/4126 3445/6150/2782
f 3131/5396/2592 893/3086/738 3443/3089/2780 5219/6149/4126
f 5219/6149/4126 3443/3089/2780 1344/3094/1021 4065/6151/3151
f 3445/6150/2782 5219/6149/4126 4065/6151/3151 1335/6152/1004
f 881/5326/727 3117/5344/2581 5220/6153/4127 3444/6154/2781
f 3117/5344/2581 899/5343/744 3445/6155/2782 5220/6153/4127
f 5220/6153/4127 3445/6155/2782 1335/6156/1004 4051/6157/3164
f 3444/6154/2781 5220/6153/4127 4051/6157/3164 1332/6158/1013
f 364/2316/304 2122/2315/1697 5221/6159/4128 3446/3158/2783
f 2122/2315/1697 373/2314/313 3447/6146/2784 5221/6159/4128
f 5221/6159/4128 3447/6146/2784 1324/6148/1006 4024/6160/3147
f 3446/3158/2783 5221/6159/4128 4024/6160/3147 1323/3159/1005
f 883/3103/729 3130/5391/1701 5222/6161/4129 3448/3104/2785
f 3130/5391/1701 884/5388/305 3452/6162/2004 5222/6161/4129
f 5222/6161/4129 3452/6162/2004 1347/6163/1008 4064/6164/3172
f 3448/3104/2785 5222/6161/4129 4064/6164/3172 1342/3105/1019
f 875/5321/721 3116/5340/2580 5223/6165/4130 3449/6166/2786
f 3116/5340/2580 890/5337/735 3453/6167/2789 5223/6165/4130
f 5223/6165/4130 3453/6167/2789 1333/6168/1014 4050/6169/3163
f 3449/6166/2786 5223/6165/4130 4050/6169/3163 1329/6170/1010
f 385/2307/325 2121/2306/1696 5224/6171/4131 3450/6172/2787
f 2121/2306/1696 386/2305/326 3451/6173/2788 5224/6171/4131
f 5224/6171/4131 3451/6173/2788 1322/6174/1000 4023/6175/1000
f 3450/6172/2787 5224/6171/4131 4023/6175/1000 1321/6176/1000
f 884/5388/305 3129/5387/1701 5225/6177/2009 3452/6162/2004
f 3129/5387/1701 885/5384/730 3457/6178/2009 5225/6177/2009
f 5225/6177/2009 3457/6178/2009 1346/6179/1009 4063/6180/1008
f 3452/6162/2004 5225/6177/2009 4063/6180/1008 1347/6163/1008
f 890/5337/735 3115/5336/2579 5226/6181/4132 3453/6182/2789
f 3115/5336/2579 898/5335/743 3454/6183/2790 5226/6181/4132
f 5226/6181/4132 3454/6183/2790 1334/6184/1015 4049/6185/3162
f 3453/6182/2789 5226/6181/4132 4049/6185/3162 1333/6186/1014
f 369/2247/309 2120/2300/1695 5227/6187/4133 3455/6188/2791
f 2120/2300/1695 357/2286/297 3456/6189/2792 5227/6187/4133
f 5227/6187/4133 3456/6189/2792 1318/6190/1002 4022/6191/3146
f 3455/6188/2791 5227/6187/4133 4022/6191/3146 1311/6192/995
f 885/5384/730 3128/5383/2591 5228/6193/4134 3457/6178/2009
f 3128/5383/2591 886/5379/731 3458/6194/2793 5228/6193/4134
f 5228/6193/4134 3458/6194/2793 1345/6195/1008 4062/6196/1008
f 3457/6178/2009 5228/6193/4134 4062/6196/1008 1346/6179/1009
f 802/5854/5 3892/6197/5 5229/6198/5 3459/5855/5
f 803/6199/5 3460/6200/5 5229/6198/5 3892/6197/5
f 1007/4173/5 3459/5855/5 5229/6198/5 3460/6200/5
f 803/6199/5 3900/6201/5 5230/6202/5 3460/6200/5
f 804/6203/5 3461/6204/5 5230/6202/5 3900/6201/5
f 1007/4173/5 3460/6200/5 5230/6202/5 3461/6204/5
f 804/6203/5 3896/6205/5 5231/6206/5 3461/6204/5
f 814/6207/5 3462/6208/5 5231/6206/5 3896/6205/5
f 1007/4173/5 3461/6204/5 5231/6206/5 3462/6208/5
f 814/6207/5 3894/6209/5 5232/6210/5 3462/6208/5
f 584/6211/5 3463/6212/5 5232/6210/5 3894/6209/5
f 1007/4173/5 3462/6208/5 5232/6210/5 3463/6212/5
f 584/6211/5 3916/6213/5 5233/6214/5 3463/6212/5
f 583/6215/5 3464/6216/5 5233/6214/5 3916/6213/5
f 1007/4173/5 3463/6212/5 5233/6214/5 3464/6216/5
f 583/6215/5 3911/6217/5 5234/6218/5 3464/6216/5
f 582/6219/5 3465/6220/5 5234/6218/5 3911/6217/5
f 1007/4173/5 3464/6216/5 5234/6218/5 3465/6220/5
f 582/6219/5 3918/6221/5 5235/6222/5 3465/6220/5
f 581/6223/5 3466/6224/5 5235/6222/5 3918/6221/5
f 1007/4173/5 3465/6220/5 5235/6222/5 3466/6224/5
f 581/6223/5 3919/6225/5 5236/6226/5 3466/6224/5
f 823/6227/5 3351/6228/5 5236/6226/5 3919/6225/5
f 1007/4173/5 3466/6224/5 5236/6226/5 3351/6228/5
f 1007/4173/5 2934/6229/5 5237/6230/5 3467/6231/5
f 805/6232/5 3913/6233/5 5237/6230/5 2934/6229/5
f 800/6234/5 3467/6231/5 5237/6230/5 3913/6233/5
f 800/6234/5 3912/6235/5 5238/6236/5 3467/6231/5
f 801/5850/5 3468/5853/5 5238/6236/5 3912/6235/5
f 1007/4173/5 3467/6231/5 5238/6236/5 3468/5853/5
f 1100/6237/123 1986/6238/123 5239/6239/123 3469/6240/123
f 331/6241/123 4170/6242/123 5239/6239/123 1986/6238/123
f 330/6243/272 3469/6240/123 5239/6239/123 4170/6242/123
f 330/112/272 1981/6244/123 5240/6245/123 3470/113/123
f 291/6246/123 4164/6247/123 5240/6245/123 1981/6244/123
f 1105/116/123 3470/113/123 5240/6245/123 4164/6247/123
f 497/1058/5 1922/6248/5 5241/6249/5 3471/6250/5
f 281/6251/5 3871/6252/5 5241/6249/5 1922/6248/5
f 231/1059/5 3471/6250/5 5241/6249/5 3871/6252/5
f 231/1059/5 1716/1062/5 5242/6253/5 3471/6250/5
f 210/1052/5 3472/1055/5 5242/6253/5 1716/1062/5
f 497/1058/5 3471/6250/5 5242/6253/5 3472/1055/5
f 507/6254/419 2373/6255/1943 5243/6256/4135 3473/6257/2794
f 1394/6258/1066 3665/6259/2969 5243/6256/4135 2373/6255/1943
f 1266/6260/970 3473/6257/2794 5243/6256/4135 3665/6259/2969
f 1266/6260/970 2352/6261/1922 5244/6262/4136 3473/6257/2794
f 508/6263/420 3474/6264/2795 5244/6262/4136 2352/6261/1922
f 507/6254/419 3473/6257/2794 5244/6262/4136 3474/6264/2795
f 507/6254/419 3475/6265/2796 5245/6266/4137 2368/6267/1938
f 510/1836/422 3476/1839/2797 5245/6266/4137 3475/6265/2796
f 512/1842/424 2368/6267/1938 5245/6266/4137 3476/1839/2797
f 508/6263/420 2356/6268/1926 5246/6269/4138 3474/6264/2795
f 509/6270/421 3477/6271/2798 5246/6269/4138 2356/6268/1926
f 507/6254/419 3474/6264/2795 5246/6269/4138 3477/6271/2798
f 509/6270/421 2359/6272/1929 5247/6273/4139 3477/6271/2798
f 510/1836/422 3475/6265/2796 5247/6273/4139 2359/6272/1929
f 507/6254/419 3477/6271/2798 5247/6273/4139 3475/6265/2796
f 515/2806/427 2335/6274/1909 5248/6275/4140 3478/2803/2799
f 514/6276/426 3479/6277/2800 5248/6275/4140 2335/6274/1909
f 517/2800/429 3478/2803/2799 5248/6275/4140 3479/6277/2800
f 514/6276/426 2334/6278/1908 5249/6279/4141 3480/6280/2801
f 513/6281/425 3481/6282/2802 5249/6279/4141 2334/6278/1908
f 518/6283/430 3480/6280/2801 5249/6279/4141 3481/6282/2802
f 517/2800/429 3479/6277/2800 5250/6284/4142 2338/6285/1912
f 514/6276/426 3480/6280/2801 5250/6284/4142 3479/6277/2800
f 518/6283/430 2338/6285/1912 5250/6284/4142 3480/6280/2801
f 513/6281/425 2342/6286/1916 5251/6287/4143 3481/6282/2802
f 521/6288/433 3482/6289/2803 5251/6287/4143 2342/6286/1916
f 518/6283/430 3481/6282/2802 5251/6287/4143 3482/6289/2803
f 521/6288/433 2341/6290/1915 5252/6291/4144 3482/6289/2803
f 520/6292/432 3483/6293/2804 5252/6291/4144 2341/6290/1915
f 518/6283/430 3482/6289/2803 5252/6291/4144 3483/6293/2804
f 520/6292/432 2340/6294/1914 5253/6295/4145 3483/6293/2804
f 519/6296/431 2339/6297/1913 5253/6295/4145 2340/6294/1914
f 518/6283/430 3483/6293/2804 5253/6295/4145 2339/6297/1913
f 280/2811/5 3870/6298/5 5254/6299/5 3484/2812/5
f 279/6300/5 3485/6301/5 5254/6299/5 3870/6298/5
f 497/1058/5 3484/2812/5 5254/6299/5 3485/6301/5
f 279/6300/5 3862/6302/5 5255/6303/5 3485/6301/5
f 278/6304/5 3486/6305/5 5255/6303/5 3862/6302/5
f 497/1058/5 3485/6301/5 5255/6303/5 3486/6305/5
f 278/6304/5 3863/6306/5 5256/6307/5 3486/6305/5
f 277/6308/5 3487/6309/5 5256/6307/5 3863/6306/5
f 497/1058/5 3486/6305/5 5256/6307/5 3487/6309/5
f 277/6308/5 3882/6310/5 5257/6311/5 3487/6309/5
f 276/6312/5 3488/6313/5 5257/6311/5 3882/6310/5
f 497/1058/5 3487/6309/5 5257/6311/5 3488/6313/5
f 276/6312/5 3883/6314/5 5258/6315/5 3488/6313/5
f 281/6251/5 1922/6248/5 5258/6315/5 3883/6314/5
f 497/1058/5 3488/6313/5 5258/6315/5 1922/6248/5
f 497/1058/5 3667/6316/5 5259/6317/5 3489/6318/5
f 506/6319/5 3923/6320/5 5259/6317/5 3667/6316/5
f 23/6321/5 3489/6318/5 5259/6317/5 3923/6320/5
f 23/6321/5 3888/6322/5 5260/6323/5 3489/6318/5
f 24/6324/5 3490/6325/5 5260/6323/5 3888/6322/5
f 497/1058/5 3489/6318/5 5260/6323/5 3490/6325/5
f 24/6324/5 3881/6326/5 5261/6327/5 3490/6325/5
f 25/6328/5 3491/6329/5 5261/6327/5 3881/6326/5
f 497/1058/5 3490/6325/5 5261/6327/5 3491/6329/5
f 25/6328/5 3886/6330/5 5262/6331/5 3491/6329/5
f 26/6332/5 3492/6333/5 5262/6331/5 3886/6330/5
f 497/1058/5 3491/6329/5 5262/6331/5 3492/6333/5
f 26/6332/5 3864/6334/5 5263/6335/5 3492/6333/5
f 290/2807/5 3493/2810/5 5263/6335/5 3864/6334/5
f 497/1058/5 3492/6333/5 5263/6335/5 3493/2810/5
f 42/2817/30 3537/6336/2843 5264/6337/4146 3494/2818/2805
f 41/6338/29 3495/6339/2806 5264/6337/4146 3537/6336/2843
f 60/2819/48 3494/2818/2805 5264/6337/4146 3495/6339/2806
f 41/6338/29 3542/6340/2847 5265/6341/4147 3495/6339/2806
f 39/6342/27 3496/6343/2807 5265/6341/4147 3542/6340/2847
f 60/2819/48 3495/6339/2806 5265/6341/4147 3496/6343/2807
f 39/6342/27 3538/6344/2844 5266/6345/4148 3496/6343/2807
f 37/6346/25 3539/6347/2845 5266/6345/4148 3538/6344/2844
f 60/2819/48 3496/6343/2807 5266/6345/4148 3539/6347/2845
f 60/2819/48 3544/6348/2849 5267/6349/4149 3497/6350/2808
f 58/6351/46 3498/6352/2809 5267/6349/4149 3544/6348/2849
f 46/6353/34 3497/6350/2808 5267/6349/4149 3498/6352/2809
f 46/6353/34 3543/6354/2848 5268/6355/4150 3497/6350/2808
f 44/2813/32 3499/2816/2810 5268/6355/4150 3543/6354/2848
f 60/2819/48 3497/6350/2808 5268/6355/4150 3499/2816/2810
f 500/2820/413 3594/6356/2898 5269/6357/4151 3500/2821/2811
f 1084/6358/818 3581/6359/2885 5269/6357/4151 3594/6356/2898
f 1080/1794/815 3500/2821/2811 5269/6357/4151 3581/6359/2885
f 1080/1794/815 1983/1797/1570 5270/6360/4152 3501/2824/2812
f 295/1802/237 3595/6361/2899 5270/6360/4152 1983/1797/1570
f 499/2825/412 3501/2824/2812 5270/6360/4152 3595/6361/2899
f 499/2825/412 3593/6362/2897 5271/6363/4153 3502/6364/2813
f 501/6365/414 3592/6366/2896 5271/6363/4153 3593/6362/2897
f 502/6367/415 3502/6364/2813 5271/6363/4153 3592/6366/2896
f 502/6367/415 3591/6368/2895 5272/6369/4154 3502/6364/2813
f 503/6370/416 3503/6371/2814 5272/6369/4154 3591/6368/2895
f 499/2825/412 3502/6364/2813 5272/6369/4154 3503/6371/2814
f 503/6370/416 3590/6372/2894 5273/6373/4155 3503/6371/2814
f 504/6374/417 3504/6375/2815 5273/6373/4155 3590/6372/2894
f 499/2825/412 3503/6371/2814 5273/6373/4155 3504/6375/2815
f 504/6374/417 3589/6376/2893 5274/6377/4156 3504/6375/2815
f 505/6378/418 3505/6379/2816 5274/6377/4156 3589/6376/2893
f 499/2825/412 3504/6375/2815 5274/6377/4156 3505/6379/2816
f 505/6378/418 3588/6380/2892 5275/6381/4157 3505/6379/2816
f 500/2820/413 3506/2823/2817 5275/6381/4157 3588/6380/2892
f 499/2825/412 3505/6379/2816 5275/6381/4157 3506/2823/2817
f 1298/6382/5 3989/6383/5 5276/6384/5 3986/6385/5
f 497/1058/5 2347/2827/5 5276/6384/5 3989/6383/5
f 1104/2829/5 3986/6385/5 5276/6384/5 2347/2827/5
f 849/6386/698 4192/6387/123 5277/6388/123 3507/6389/123
f 850/6390/123 2994/6391/123 5277/6388/123 4192/6387/123
f 1124/6392/123 3507/6389/123 5277/6388/123 2994/6391/123
f 1127/3300/123 4186/6393/123 5278/6394/123 3508/3301/123
f 815/6395/123 2990/6396/123 5278/6394/123 4186/6393/123
f 849/3302/698 3508/3301/123 5278/6394/123 2990/6396/123
f 755/4178/5 3901/6397/5 5279/6398/5 3509/4176/5
f 805/6232/5 2934/6229/5 5279/6398/5 3901/6397/5
f 1007/4173/5 3509/4176/5 5279/6398/5 2934/6229/5
f 1007/4173/5 3346/5872/5 5280/6399/5 3510/4174/5
f 135/1056/5 1899/1053/5 5280/6399/5 3346/5872/5
f 210/1052/5 3510/4174/5 5280/6399/5 1899/1053/5
f 1295/6400/987 2972/6401/2451 5281/6402/4158 3511/6403/2818
f 1416/6404/1088 3374/6405/2758 5281/6402/4158 2972/6401/2451
f 1015/6406/787 3511/6403/2818 5281/6402/4158 3374/6405/2758
f 1015/6407/787 3369/6408/2753 5282/6409/4159 3512/6410/2819
f 1020/6411/792 3366/6412/2750 5282/6409/4159 3369/6408/2753
f 1019/6413/791 3512/6410/2819 5282/6409/4159 3366/6412/2750
f 1019/6413/791 3363/6414/2747 5283/6415/4160 3512/6416/2819
f 1018/6417/790 3513/6418/2820 5283/6415/4160 3363/6414/2747
f 1015/6406/787 3512/6416/2819 5283/6415/4160 3513/6418/2820
f 1018/6417/790 3360/6419/2744 5284/6420/4161 3513/6418/2820
f 1017/6421/789 3514/6422/2821 5284/6420/4161 3360/6419/2744
f 1015/6406/787 3513/6418/2820 5284/6420/4161 3514/6422/2821
f 1017/6421/789 3357/6423/2741 5285/6424/4162 3514/6422/2821
f 1016/6425/788 3515/6426/2822 5285/6424/4162 3357/6423/2741
f 1015/6406/787 3514/6422/2821 5285/6424/4162 3515/6426/2822
f 1016/6425/788 3668/6427/2971 5286/6428/4163 3515/6426/2822
f 1295/6400/987 3511/6403/2818 5286/6428/4163 3668/6427/2971
f 1015/6406/787 3515/6426/2822 5286/6428/4163 3511/6403/2818
f 1021/5849/793 3337/6429/2725 5287/6430/4164 3516/5846/2823
f 1022/6431/794 3517/6432/2824 5287/6430/4164 3337/6429/2725
f 1026/5843/798 3516/5846/2823 5287/6430/4164 3517/6432/2824
f 1022/6431/794 3338/6433/2726 5288/6434/4165 3518/6435/2825
f 1023/6436/795 3519/6437/2826 5288/6434/4165 3338/6433/2726
f 1025/6438/797 3518/6435/2825 5288/6434/4165 3519/6437/2826
f 1023/6436/795 3339/6439/2727 5289/6440/4166 3519/6437/2826
f 1024/6441/796 3340/6442/2728 5289/6440/4166 3339/6439/2727
f 1025/6438/797 3519/6437/2826 5289/6440/4166 3340/6442/2728
f 1026/5843/798 3342/6443/2730 5290/6444/4167 3520/6445/2827
f 1027/6446/799 3343/6447/2731 5290/6444/4167 3342/6443/2730
f 1028/6448/800 3520/6445/2827 5290/6444/4167 3343/6447/2731
f 1022/6431/794 3518/6435/2825 5291/6449/4168 3517/6432/2824
f 1025/6438/797 3341/6450/2729 5291/6449/4168 3518/6435/2825
f 1026/5843/798 3517/6432/2824 5291/6449/4168 3341/6450/2729
f 1026/5843/798 3520/6445/2827 5292/6451/4169 3521/5844/2828
f 1028/6448/800 3344/6452/2732 5292/6451/4169 3520/6445/2827
f 1029/5847/801 3521/5844/2828 5292/6451/4169 3344/6452/2732
f 595/5862/483 3551/6453/2855 5293/6454/4170 3522/5859/2829
f 597/6455/485 3523/6456/2830 5293/6454/4170 3551/6453/2855
f 614/5856/502 3522/5859/2829 5293/6454/4170 3523/6456/2830
f 597/6455/485 3546/6457/2851 5294/6458/4171 3523/6456/2830
f 598/6459/486 3524/6460/2831 5294/6458/4171 3546/6457/2851
f 614/5856/502 3523/6456/2830 5294/6458/4171 3524/6460/2831
f 598/6459/486 3549/6461/2854 5295/6462/4172 3524/6460/2831
f 600/6463/488 3525/6464/2832 5295/6462/4172 3549/6461/2854
f 614/5856/502 3524/6460/2831 5295/6462/4172 3525/6464/2832
f 600/6463/488 3552/6465/2856 5296/6466/4173 3525/6464/2832
f 602/2834/490 3526/6467/2833 5296/6466/4173 3552/6465/2856
f 614/5856/502 3525/6464/2832 5296/6466/4173 3526/6467/2833
f 612/2842/500 3553/6468/2857 5297/6469/4174 3527/2837/2834
f 614/5856/502 3526/6467/2833 5297/6469/4174 3553/6468/2857
f 602/2834/490 3527/2837/2834 5297/6469/4174 3526/6467/2833
f 1090/4898/823 3604/6470/2908 5298/6471/4175 3528/6472/2835
f 1093/6473/826 3617/6474/2921 5298/6471/4175 3604/6470/2908
f 1009/5863/781 3528/6472/2835 5298/6471/4175 3617/6474/2921
f 1009/5863/781 3611/6475/2915 5299/6476/4176 3529/5864/2836
f 1014/6477/786 3612/6478/2916 5299/6476/4176 3611/6475/2915
f 1013/5867/785 3529/5864/2836 5299/6476/4176 3612/6478/2916
f 1013/5867/785 3613/6479/2917 5300/6480/4177 3530/5868/2837
f 1012/6481/784 3531/6482/2838 5300/6480/4177 3613/6479/2917
f 1008/5869/780 3530/5868/2837 5300/6480/4177 3531/6482/2838
f 1012/6481/784 3614/6483/2918 5301/6484/4178 3531/6482/2838
f 1011/6485/783 3532/6486/2839 5301/6484/4178 3614/6483/2918
f 1008/5869/780 3531/6482/2838 5301/6484/4178 3532/6486/2839
f 1011/6485/783 3615/6487/2919 5302/6488/4179 3532/6486/2839
f 1010/6489/782 3616/6490/2920 5302/6488/4179 3615/6487/2919
f 1008/5869/780 3532/6486/2839 5302/6488/4179 3616/6490/2920
f 1008/5869/780 3618/6491/2922 5303/6492/4180 3533/6493/2840
f 819/4902/671 2992/4899/2467 5303/6492/4180 3618/6491/2922
f 1090/4898/823 3533/6493/2840 5303/6492/4180 2992/4899/2467
f 1090/4898/823 3528/6472/2835 5304/6494/4181 3533/6493/2840
f 1009/5863/781 3534/5866/2841 5304/6494/4181 3528/6472/2835
f 1008/5869/780 3533/6493/2840 5304/6494/4181 3534/5866/2841
f 1007/4173/5 3990/6495/5 5305/6496/5 3352/5870/5
f 1299/6497/5 3987/6498/5 5305/6496/5 3990/6495/5
f 1126/5873/5 3352/5870/5 5305/6496/5 3987/6498/5
f 1111/6499/5 3890/6500/5 5306/6501/5 3536/6502/5
f 506/6319/5 3667/6316/5 5306/6501/5 3890/6500/5
f 497/1058/5 3536/6502/5 5306/6501/5 3667/6316/5
f 297/1792/239 1927/1791/1519 5307/6503/4182 3577/6504/2881
f 1927/1791/1519 1082/1790/817 3578/6505/2882 5307/6503/4182
f 5307/6503/4182 3578/6505/2882 1083/1824/5 1932/1827/1524
f 3577/6504/2881 5307/6503/4182 1932/1827/1524 299/1832/241
f 49/2838/37 3541/6506/411 5308/6507/4183 2351/2839/1921
f 3541/6506/411 46/6353/34 3498/6352/2809 5308/6507/4183
f 5308/6507/4183 3498/6352/2809 58/6351/46 3545/6508/2850
f 2351/2839/1921 5308/6507/4183 3545/6508/2850 498/2840/411
f 41/6509/29 3537/6510/2843 5309/6511/4184 3555/6512/2859
f 3537/6510/2843 42/6513/30 3556/6514/2860 5309/6511/4184
f 5309/6511/4184 3556/6514/2860 1095/6515/828 1519/6516/1168
f 3555/6512/2859 5309/6511/4184 1519/6516/1168 1094/6517/827
f 37/6518/25 3538/6519/2844 5310/6520/4185 3557/6521/2861
f 3538/6519/2844 39/6522/27 3558/6523/2862 5310/6520/4185
f 5310/6520/4185 3558/6523/2862 1097/6524/830 1788/6525/1404
f 3557/6521/2861 5310/6520/4185 1788/6525/1404 1078/6526/813
f 60/6527/48 3539/6528/2845 5311/6529/4186 3559/6530/2863
f 3539/6528/2845 37/6518/25 3557/6521/2861 5311/6529/4186
f 5311/6529/4186 3557/6521/2861 1078/6526/813 1800/6531/1414
f 3559/6530/2863 5311/6529/4186 1800/6531/1414 1098/6532/831
f 42/6513/30 3540/6533/2846 5312/6534/4187 3556/6514/2860
f 3540/6533/2846 44/6535/32 3560/6536/2864 5312/6534/4187
f 5312/6534/4187 3560/6536/2864 1099/6537/832 1802/6538/1416
f 3556/6514/2860 5312/6534/4187 1802/6538/1416 1095/6515/828
f 46/6539/34 3541/6540/411 5313/6541/4188 3561/6542/2865
f 3541/6540/411 49/6543/37 3562/6544/2866 5313/6541/4188
f 5313/6541/4188 3562/6544/2866 1103/6545/834 1854/6546/1459
f 3561/6542/2865 5313/6541/4188 1854/6546/1459 1102/6547/833
f 39/6522/27 3542/6548/2847 5314/6549/4189 3558/6523/2862
f 3542/6548/2847 41/6509/29 3555/6512/2859 5314/6549/4189
f 5314/6549/4189 3555/6512/2859 1094/6517/827 1917/6550/1510
f 3558/6523/2862 5314/6549/4189 1917/6550/1510 1097/6524/830
f 44/6535/32 3543/6551/2848 5315/6552/4190 3560/6536/2864
f 3543/6551/2848 46/6539/34 3561/6542/2865 5315/6552/4190
f 5315/6552/4190 3561/6542/2865 1102/6547/833 1931/6553/1523
f 3560/6536/2864 5315/6552/4190 1931/6553/1523 1099/6537/832
f 58/6554/46 3544/6555/2849 5316/6556/4191 3563/6557/2867
f 3544/6555/2849 60/6527/48 3559/6530/2863 5316/6556/4191
f 5316/6556/4191 3559/6530/2863 1098/6532/831 1944/6558/1536
f 3563/6557/2867 5316/6556/4191 1944/6558/1536 1264/6559/968
f 498/6560/411 3545/6561/2850 5317/6562/4192 3564/6563/2868
f 3545/6561/2850 58/6554/46 3563/6557/2867 5317/6562/4192
f 5317/6562/4192 3563/6557/2867 1264/6559/968 2349/6564/1920
f 3564/6563/2868 5317/6562/4192 2349/6564/1920 1265/6565/969
f 598/6566/486 3546/6567/2851 5318/6568/4193 3565/6569/2869
f 3546/6567/2851 597/6570/485 3566/6571/2870 5318/6568/4193
f 5318/6568/4193 3566/6571/2870 1118/6572/846 2556/6573/2084
f 3565/6569/2869 5318/6568/4193 2556/6573/2084 1119/6574/847
f 595/6575/483 3547/6576/2852 5319/6577/4194 3567/6578/2871
f 3547/6576/2852 593/6579/481 3568/6580/2872 5319/6577/4194
f 5319/6577/4194 3568/6580/2872 1088/6581/821 2812/6582/2307
f 3567/6578/2871 5319/6577/4194 2812/6582/2307 1121/6583/849
f 593/6579/481 3548/6584/2853 5320/6585/4195 3568/6580/2872
f 3548/6584/2853 614/6586/502 3569/6587/2873 5320/6585/4195
f 5320/6585/4195 3569/6587/2873 1122/6588/850 2823/6589/2316
f 3568/6580/2872 5320/6585/4195 2823/6589/2316 1088/6581/821
f 600/6590/488 3549/6591/2854 5321/6592/4196 3570/6593/2874
f 3549/6591/2854 598/6566/486 3565/6569/2869 5321/6592/4196
f 5321/6592/4196 3565/6569/2869 1119/6574/847 2825/6594/2318
f 3570/6593/2874 5321/6592/4196 2825/6594/2318 1123/6595/851
f 49/6543/37 3550/6596/411 5322/6597/4188 3562/6544/2866
f 3550/6596/411 602/6598/490 3571/6599/2875 5322/6597/4188
f 5322/6597/4188 3571/6599/2875 1125/6600/852 2872/6601/2359
f 3562/6544/2866 5322/6597/4188 2872/6601/2359 1103/6545/834
f 597/6570/485 3551/6602/2855 5323/6603/4197 3566/6571/2870
f 3551/6602/2855 595/6575/483 3567/6578/2871 5323/6603/4197
f 5323/6603/4197 3567/6578/2871 1121/6583/849 2929/6604/2409
f 3566/6571/2870 5323/6603/4197 2929/6604/2409 1118/6572/846
f 602/6598/490 3552/6605/2856 5324/6606/4198 3571/6599/2875
f 3552/6605/2856 600/6590/488 3570/6593/2874 5324/6606/4198
f 5324/6606/4198 3570/6593/2874 1123/6595/851 2943/6607/2422
f 3571/6599/2875 5324/6606/4198 2943/6607/2422 1125/6600/852
f 614/6586/502 3553/6608/2857 5325/6609/4199 3569/6587/2873
f 3553/6608/2857 612/6610/500 3572/6611/2876 5325/6609/4199
f 5325/6609/4199 3572/6611/2876 1296/6612/988 2954/6613/2433
f 3569/6587/2873 5325/6609/4199 2954/6613/2433 1122/6588/850
f 612/6610/500 3554/6614/2858 5326/6615/4200 3572/6611/2876
f 3554/6614/2858 498/6560/411 3564/6563/2868 5326/6615/4200
f 5326/6615/4200 3564/6563/2868 1265/6565/969 3354/6616/2738
f 3572/6611/2876 5326/6615/4200 3354/6616/2738 1296/6612/988
f 1077/6617/812 3573/6618/2877 5327/6619/4201 3619/6620/2923
f 3573/6618/2877 1076/6621/811 3620/6622/2924 5327/6619/4201
f 5327/6619/4201 3620/6622/2924 1094/6623/827 1519/6624/1168
f 3619/6620/2923 5327/6619/4201 1519/6624/1168 1095/6625/828
f 1079/6626/814 3574/6627/2878 5328/6628/4202 3621/6629/2925
f 3574/6627/2878 1096/6630/829 3622/6631/2926 5328/6628/4202
f 5328/6628/4202 3622/6631/2926 1078/6632/813 1788/6633/1404
f 3621/6629/2925 5328/6628/4202 1788/6633/1404 1097/6634/830
f 1096/6630/829 3575/6635/2879 5329/6636/4203 3622/6631/2926
f 3575/6635/2879 1080/6637/815 3623/6638/2927 5329/6636/4203
f 5329/6636/4203 3623/6638/2927 1098/6639/831 1800/6640/1414
f 3622/6631/2926 5329/6636/4203 1800/6640/1414 1078/6632/813
f 1081/6641/816 3576/6642/2880 5330/6643/4204 3624/6644/2928
f 3576/6642/2880 1077/6617/812 3619/6620/2923 5330/6643/4204
f 5330/6643/4204 3619/6620/2923 1095/6625/828 1802/6645/1416
f 3624/6644/2928 5330/6643/4204 1802/6645/1416 1099/6646/832
f 297/6647/239 3577/6648/2881 5331/6649/4205 3625/6650/2929
f 3577/6648/2881 299/6651/241 3626/6652/2930 5331/6649/4205
f 5331/6649/4205 3626/6652/2930 1391/6653/1063 1803/6654/1417
f 3625/6650/2929 5331/6649/4205 1803/6654/1417 1390/6655/1062
f 1083/6656/5 3578/6657/2882 5332/6658/4206 3627/6659/2931
f 3578/6657/2882 1082/6660/817 3628/6661/2932 5332/6658/4206
f 5332/6658/4206 3628/6661/2932 1102/6662/833 1854/6663/1459
f 3627/6659/2931 5332/6658/4206 1854/6663/1459 1103/6664/834
f 1076/6621/811 3579/6665/2883 5333/6666/4207 3620/6622/2924
f 3579/6665/2883 1079/6626/814 3621/6629/2925 5333/6666/4207
f 5333/6666/4207 3621/6629/2925 1097/6634/830 1917/6667/1510
f 3620/6622/2924 5333/6666/4207 1917/6667/1510 1094/6623/827
f 1082/6660/817 3580/6668/2884 5334/6669/4208 3628/6661/2932
f 3580/6668/2884 1081/6641/816 3624/6644/2928 5334/6669/4208
f 5334/6669/4208 3624/6644/2928 1099/6646/832 1931/6670/1523
f 3628/6661/2932 5334/6669/4208 1931/6670/1523 1102/6662/833
f 1080/6637/815 3581/6671/2885 5335/6672/4209 3623/6638/2927
f 3581/6671/2885 1084/6673/818 3629/6674/2933 5335/6672/4209
f 5335/6672/4209 3629/6674/2933 1264/6675/968 1944/6676/1536
f 3623/6638/2927 5335/6672/4209 1944/6676/1536 1098/6639/831
f 1106/6677/835 3582/6678/2886 5336/6679/4210 3630/6680/2934
f 3582/6678/2886 298/6681/240 3631/6682/2935 5336/6679/4210
f 5336/6679/4210 3631/6682/2935 1392/6683/1064 1950/6684/1541
f 3630/6680/2934 5336/6679/4210 1950/6684/1541 1393/6685/1065
f 1108/6686/837 3583/6687/2887 5337/6688/4211 3632/6689/2936
f 3583/6687/2887 293/6690/235 3633/6691/2937 5337/6688/4211
f 5337/6688/4211 3633/6691/2937 1396/6692/1068 1964/6693/1555
f 3632/6689/2936 5337/6688/4211 1964/6693/1555 1397/6694/1069
f 295/6695/237 3584/6696/2888 5338/6697/4212 3634/6698/2938
f 3584/6696/2888 1108/6686/837 3632/6689/2936 5338/6697/4212
f 5338/6697/4212 3632/6689/2936 1397/6694/1069 1967/6699/1558
f 3634/6698/2938 5338/6697/4212 1967/6699/1558 1395/6700/1067
f 293/6690/235 3585/6701/2889 5339/6702/4213 3633/6691/2937
f 3585/6701/2889 292/6703/234 3635/6704/2939 5339/6702/4213
f 5339/6702/4213 3635/6704/2939 1402/6705/1074 1971/6706/1562
f 3633/6691/2937 5339/6702/4213 1971/6706/1562 1396/6692/1068
f 292/6703/234 3586/6707/2890 5340/6708/4214 3635/6704/2939
f 3586/6707/2890 1106/6677/835 3630/6680/2934 5340/6708/4214
f 5340/6708/4214 3630/6680/2934 1393/6685/1065 1974/6709/1564
f 3635/6704/2939 5340/6708/4214 1974/6709/1564 1402/6705/1074
f 298/6681/240 3587/6710/2891 5341/6711/4215 3631/6682/2935
f 3587/6710/2891 297/6647/239 3625/6650/2929 5341/6711/4215
f 5341/6711/4215 3625/6650/2929 1390/6655/1062 1987/6712/1572
f 3631/6682/2935 5341/6711/4215 1987/6712/1572 1392/6683/1064
f 500/6713/413 3588/6714/2892 5342/6715/4216 3636/6716/2940
f 3588/6714/2892 505/6717/418 3637/6718/2941 5342/6715/4216
f 5342/6715/4216 3637/6718/2941 1112/6719/840 2354/6720/1924
f 3636/6716/2940 5342/6715/4216 2354/6720/1924 1267/6721/971
f 505/6717/418 3589/6722/2893 5343/6723/4217 3637/6718/2941
f 3589/6722/2893 504/6724/417 3638/6725/2942 5343/6723/4217
f 5343/6723/4217 3638/6725/2942 1113/6726/841 2357/6727/1927
f 3637/6718/2941 5343/6723/4217 2357/6727/1927 1112/6719/840
f 504/6724/417 3590/6728/2894 5344/6729/4218 3638/6725/2942
f 3590/6728/2894 503/6730/416 3639/6731/2943 5344/6729/4218
f 5344/6729/4218 3639/6731/2943 1114/6732/842 2360/6733/1930
f 3638/6725/2942 5344/6729/4218 2360/6733/1930 1113/6726/841
f 503/6730/416 3591/6734/2895 5345/6735/4219 3639/6731/2943
f 3591/6734/2895 502/6736/415 3640/6737/2944 5345/6735/4219
f 5345/6735/4219 3640/6737/2944 1115/6738/843 2363/6739/1933
f 3639/6731/2943 5345/6735/4219 2363/6739/1933 1114/6732/842
f 502/6736/415 3592/6740/2896 5346/6741/4220 3640/6737/2944
f 3592/6740/2896 501/6742/414 3641/6743/2945 5346/6741/4220
f 5346/6741/4220 3641/6743/2945 1116/6744/844 2366/6745/1936
f 3640/6737/2944 5346/6741/4220 2366/6745/1936 1115/6738/843
f 501/6742/414 3593/6746/2897 5347/6747/4221 3641/6743/2945
f 3593/6746/2897 499/6748/412 3642/6749/2946 5347/6747/4221
f 5347/6747/4221 3642/6749/2946 1117/6750/845 2369/6751/1939
f 3641/6743/2945 5347/6747/4221 2369/6751/1939 1116/6744/844
f 1084/6673/818 3594/6752/2898 5348/6753/4222 3629/6674/2933
f 3594/6752/2898 500/6713/413 3636/6716/2940 5348/6753/4222
f 5348/6753/4222 3636/6716/2940 1267/6721/971 2371/6754/1941
f 3629/6674/2933 5348/6753/4222 2371/6754/1941 1264/6675/968
f 499/6748/412 3595/6755/2899 5349/6756/4223 3642/6749/2946
f 3595/6755/2899 295/6695/237 3634/6698/2938 5349/6756/4223
f 5349/6756/4223 3634/6698/2938 1395/6700/1067 2372/6757/1942
f 3642/6749/2946 5349/6756/4223 2372/6757/1942 1117/6750/845
f 1086/6758/819 3596/6759/2900 5350/6760/4224 3643/6761/2947
f 3596/6759/2900 1087/6762/820 3644/6763/2948 5350/6760/4224
f 5350/6760/4224 3644/6763/2948 1119/6764/847 2556/6765/2084
f 3643/6761/2947 5350/6760/4224 2556/6765/2084 1118/6766/846
f 1120/6767/848 3597/6768/2901 5351/6769/4225 3645/6770/2949
f 3597/6768/2901 1089/6771/822 3646/6772/2950 5351/6769/4225
f 5351/6769/4225 3646/6772/2950 1121/6773/849 2812/6774/2307
f 3645/6770/2949 5351/6769/4225 2812/6774/2307 1088/6775/821
f 1090/6776/823 3598/6777/2902 5352/6778/4226 3647/6779/2951
f 3598/6777/2902 1120/6767/848 3645/6770/2949 5352/6778/4226
f 5352/6778/4226 3645/6770/2949 1088/6775/821 2823/6780/2316
f 3647/6779/2951 5352/6778/4226 2823/6780/2316 1122/6781/850
f 1087/6762/820 3599/6782/2903 5353/6783/4227 3644/6763/2948
f 3599/6782/2903 1091/6784/824 3648/6785/2952 5353/6783/4227
f 5353/6783/4227 3648/6785/2952 1123/6786/851 2825/6787/2318
f 3644/6763/2948 5353/6783/4227 2825/6787/2318 1119/6764/847
f 299/6651/241 3600/6788/2904 5354/6789/4228 3626/6652/2930
f 3600/6788/2904 821/6790/673 3649/6791/2953 5354/6789/4228
f 5354/6789/4228 3649/6791/2953 1413/6792/1085 2826/6793/2319
f 3626/6652/2930 5354/6789/4228 2826/6793/2319 1391/6653/1063
f 1092/6794/825 3601/6795/2905 5355/6796/4229 3650/6797/2954
f 3601/6795/2905 1083/6656/5 3627/6659/2931 5355/6796/4229
f 5355/6796/4229 3627/6659/2931 1103/6664/834 2872/6798/2359
f 3650/6797/2954 5355/6796/4229 2872/6798/2359 1125/6799/852
f 1089/6771/822 3602/6800/2906 5356/6801/4230 3646/6772/2950
f 3602/6800/2906 1086/6758/819 3643/6761/2947 5356/6801/4230
f 5356/6801/4230 3643/6761/2947 1118/6766/846 2929/6802/2409
f 3646/6772/2950 5356/6801/4230 2929/6802/2409 1121/6773/849
f 1091/6784/824 3603/6803/2907 5357/6804/4231 3648/6785/2952
f 3603/6803/2907 1092/6794/825 3650/6797/2954 5357/6804/4231
f 5357/6804/4231 3650/6797/2954 1125/6799/852 2943/6805/2422
f 3648/6785/2952 5357/6804/4231 2943/6805/2422 1123/6786/851
f 1093/6806/826 3604/6807/2908 5358/6808/4232 3651/6809/2955
f 3604/6807/2908 1090/6776/823 3647/6779/2951 5358/6808/4232
f 5358/6808/4232 3647/6779/2951 1122/6781/850 2954/6810/2433
f 3651/6809/2955 5358/6808/4232 2954/6810/2433 1296/6811/988
f 822/6812/674 3605/6813/2909 5359/6814/4233 3652/6815/2956
f 3605/6813/2909 1128/6816/853 3653/6817/2957 5359/6814/4233
f 5359/6814/4233 3653/6817/2957 1415/6818/1087 2958/6819/2437
f 3652/6815/2956 5359/6814/4233 2958/6819/2437 1414/6820/1086
f 817/6821/669 3606/6822/2910 5360/6823/4234 3654/6824/2958
f 3606/6822/2910 1130/6825/855 3655/6826/2959 5360/6823/4234
f 5360/6823/4234 3655/6826/2959 1419/6827/1091 2973/6828/2452
f 3654/6824/2958 5360/6823/4234 2973/6828/2452 1418/6829/1090
f 1130/6825/855 3607/6830/2911 5361/6831/4235 3655/6826/2959
f 3607/6830/2911 819/6832/671 3656/6833/2960 5361/6831/4235
f 5361/6831/4235 3656/6833/2960 1417/6834/1089 2976/6835/2455
f 3655/6826/2959 5361/6831/4235 2976/6835/2455 1419/6827/1091
f 816/6836/668 3608/6837/2912 5362/6838/4236 3657/6839/2961
f 3608/6837/2912 817/6821/669 3654/6824/2958 5362/6838/4236
f 5362/6838/4236 3654/6824/2958 1418/6829/1090 2980/6840/2459
f 3657/6839/2961 5362/6838/4236 2980/6840/2459 1424/6841/1096
f 1128/6816/853 3609/6842/2913 5363/6843/4237 3653/6817/2957
f 3609/6842/2913 816/6836/668 3657/6839/2961 5363/6843/4237
f 5363/6843/4237 3657/6839/2961 1424/6841/1096 2983/6844/2461
f 3653/6817/2957 5363/6843/4237 2983/6844/2461 1415/6818/1087
f 821/6790/673 3610/6845/2914 5364/6846/4238 3649/6791/2953
f 3610/6845/2914 822/6812/674 3652/6815/2956 5364/6846/4238
f 5364/6846/4238 3652/6815/2956 1414/6820/1086 2995/6847/2469
f 3649/6791/2953 5364/6846/4238 2995/6847/2469 1413/6792/1085
f 1014/6848/786 3611/6849/2915 5365/6850/4239 3658/6851/2962
f 3611/6849/2915 1009/6852/781 3659/6853/2963 5365/6850/4239
f 5365/6850/4239 3659/6853/2963 1297/6854/989 3355/6855/2739
f 3658/6851/2962 5365/6850/4239 3355/6855/2739 1134/6856/858
f 1013/6857/785 3612/6858/2916 5366/6859/4240 3660/6860/2964
f 3612/6858/2916 1014/6848/786 3658/6851/2962 5366/6859/4240
f 5366/6859/4240 3658/6851/2962 1134/6856/858 3358/6861/2742
f 3660/6860/2964 5366/6859/4240 3358/6861/2742 1135/6862/859
f 1012/6863/784 3613/6864/2917 5367/6865/4241 3661/6866/2965
f 3613/6864/2917 1013/6857/785 3660/6860/2964 5367/6865/4241
f 5367/6865/4241 3660/6860/2964 1135/6862/859 3361/6867/2745
f 3661/6866/2965 5367/6865/4241 3361/6867/2745 1136/6868/860
f 1011/6869/783 3614/6870/2918 5368/6871/4242 3662/6872/2966
f 3614/6870/2918 1012/6863/784 3661/6866/2965 5368/6871/4242
f 5368/6871/4242 3661/6866/2965 1136/6868/860 3364/6873/2748
f 3662/6872/2966 5368/6871/4242 3364/6873/2748 1137/6874/861
f 1010/6875/782 3615/6876/2919 5369/6877/4243 3663/6878/2967
f 3615/6876/2919 1011/6869/783 3662/6872/2966 5369/6877/4243
f 5369/6877/4243 3662/6872/2966 1137/6874/861 3367/6879/2751
f 3663/6878/2967 5369/6877/4243 3367/6879/2751 1138/6880/862
f 1008/6881/780 3616/6882/2920 5370/6883/4244 3664/6884/2968
f 3616/6882/2920 1010/6875/782 3663/6878/2967 5370/6883/4244
f 5370/6883/4244 3663/6878/2967 1138/6880/862 3370/6885/2754
f 3664/6884/2968 5370/6883/4244 3370/6885/2754 1139/6886/863
f 1009/6852/781 3617/6887/2921 5371/6888/4245 3659/6853/2963
f 3617/6887/2921 1093/6806/826 3651/6809/2955 5371/6888/4245
f 5371/6888/4245 3651/6809/2955 1296/6811/988 3372/6889/2756
f 3659/6853/2963 5371/6888/4245 3372/6889/2756 1297/6854/989
f 819/6832/671 3618/6890/2922 5372/6891/4246 3656/6833/2960
f 3618/6890/2922 1008/6881/780 3664/6884/2968 5372/6891/4246
f 5372/6891/4246 3664/6884/2968 1139/6886/863 3373/6892/2757
f 3656/6833/2960 5372/6891/4246 3373/6892/2757 1417/6834/1089
f 464/6893/123 3669/6894/123 5373/6895/123 3670/6896/123
f 465/6897/123 3692/6898/123 5373/6895/123 3669/6894/123
f 487/6899/123 3691/6900/123 5373/6895/123 3692/6898/123
f 486/6901/123 3690/6902/123 5373/6895/123 3691/6900/123
f 485/6903/123 3689/6904/123 5373/6895/123 3690/6902/123
f 484/6905/123 3688/6906/123 5373/6895/123 3689/6904/123
f 483/6907/123 3687/6908/123 5373/6895/123 3688/6906/123
f 482/6909/123 3686/6910/123 5373/6895/123 3687/6908/123
f 481/6911/123 3685/6912/123 5373/6895/123 3686/6910/123
f 480/6913/123 3684/6914/123 5373/6895/123 3685/6912/123
f 479/6915/123 3683/6916/123 5373/6895/123 3684/6914/123
f 478/6917/123 3682/6918/123 5373/6895/123 3683/6916/123
f 477/6919/123 3681/6920/123 5373/6895/123 3682/6918/123
f 476/6921/123 3680/6922/123 5373/6895/123 3681/6920/123
f 475/6923/123 3679/6924/123 5373/6895/123 3680/6922/123
f 474/6925/123 3678/6926/123 5373/6895/123 3679/6924/123
f 473/6927/123 3677/6928/123 5373/6895/123 3678/6926/123
f 472/6929/123 3676/6930/123 5373/6895/123 3677/6928/123
f 471/6931/123 3675/6932/123 5373/6895/123 3676/6930/123
f 470/6933/123 3674/6934/123 5373/6895/123 3675/6932/123
f 469/6935/123 3673/6936/123 5373/6895/123 3674/6934/123
f 468/6937/123 3672/6938/123 5373/6895/123 3673/6936/123
f 467/6939/123 3671/6940/123 5373/6895/123 3672/6938/123
f 466/6941/123 3670/6896/123 5373/6895/123 3671/6940/123
f 983/6942/123 3694/6943/123 5374/6944/123 3693/6945/123
f 985/6946/123 3695/6947/123 5374/6944/123 3694/6943/123
f 986/6948/123 3696/6949/123 5374/6944/123 3695/6947/123
f 987/6950/123 3697/6951/123 5374/6944/123 3696/6949/123
f 988/6952/123 3698/6953/123 5374/6944/123 3697/6951/123
f 989/6954/123 3699/6955/123 5374/6944/123 3698/6953/123
f 990/6956/123 3700/6957/123 5374/6944/123 3699/6955/123
f 991/6958/123 3701/6959/123 5374/6944/123 3700/6957/123
f 992/6960/123 3702/6961/123 5374/6944/123 3701/6959/123
f 993/6962/123 3703/6963/123 5374/6944/123 3702/6961/123
f 994/6964/123 3704/6965/123 5374/6944/123 3703/6963/123
f 995/6966/123 3705/6967/123 5374/6944/123 3704/6965/123
f 996/6968/123 3706/6969/123 5374/6944/123 3705/6967/123
f 997/6970/123 3707/6971/123 5374/6944/123 3706/6969/123
f 998/6972/123 3708/6973/123 5374/6944/123 3707/6971/123
f 999/6974/123 3709/6975/123 5374/6944/123 3708/6973/123
f 1000/6976/123 3710/6977/123 5374/6944/123 3709/6975/123
f 1001/6978/123 3711/6979/123 5374/6944/123 3710/6977/123
f 1002/6980/123 3712/6981/123 5374/6944/123 3711/6979/123
f 1003/6982/123 3713/6983/123 5374/6944/123 3712/6981/123
f 1004/6984/123 3714/6985/123 5374/6944/123 3713/6983/123
f 1005/6986/123 3715/6987/123 5374/6944/123 3714/6985/123
f 1006/6988/123 3716/6989/123 5374/6944/123 3715/6987/123
f 984/6990/123 3693/6945/123 5374/6944/123 3716/6989/123
f 465/6991/123 3669/6992/123 5375/6993/4247 3717/6994/2972
f 3669/6992/123 464/6995/123 3718/6996/2973 5375/6993/4247
f 5375/6993/4247 3718/6996/2973 1140/6997/864 2286/6998/1860
f 3717/6994/2972 5375/6993/4247 2286/6998/1860 1141/6999/865
f 464/6995/123 3670/7000/123 5376/7001/4248 3718/6996/2973
f 3670/7000/123 466/7002/123 3719/7003/2974 5376/7001/4248
f 5376/7001/4248 3719/7003/2974 1142/7004/866 2287/7005/1861
f 3718/6996/2973 5376/7001/4248 2287/7005/1861 1140/6997/864
f 466/7002/123 3671/7006/123 5377/7007/4249 3719/7003/2974
f 3671/7006/123 467/7008/123 3720/7009/2975 5377/7007/4249
f 5377/7007/4249 3720/7009/2975 1143/7010/867 2288/7011/1862
f 3719/7003/2974 5377/7007/4249 2288/7011/1862 1142/7004/866
f 467/7008/123 3672/7012/123 5378/7013/4250 3720/7009/2975
f 3672/7012/123 468/7014/123 3721/7015/2976 5378/7013/4250
f 5378/7013/4250 3721/7015/2976 1144/7016/868 2289/7017/1863
f 3720/7009/2975 5378/7013/4250 2289/7017/1863 1143/7010/867
f 468/7014/123 3673/7018/123 5379/7019/4251 3721/7015/2976
f 3673/7018/123 469/7020/123 3722/7021/2977 5379/7019/4251
f 5379/7019/4251 3722/7021/2977 1145/7022/869 2290/7023/1864
f 3721/7015/2976 5379/7019/4251 2290/7023/1864 1144/7016/868
f 469/7020/123 3674/7024/123 5380/7025/4252 3722/7021/2977
f 3674/7024/123 470/7026/123 3723/7027/2978 5380/7025/4252
f 5380/7025/4252 3723/7027/2978 1146/7028/870 2291/7029/1865
f 3722/7021/2977 5380/7025/4252 2291/7029/1865 1145/7022/869
f 470/7026/123 3675/7030/123 5381/7031/4253 3723/7027/2978
f 3675/7030/123 471/7032/123 3724/7033/2979 5381/7031/4253
f 5381/7031/4253 3724/7033/2979 1147/7034/871 2292/7035/1866
f 3723/7027/2978 5381/7031/4253 2292/7035/1866 1146/7028/870
f 471/7032/123 3676/7036/123 5382/7037/4254 3724/7033/2979
f 3676/7036/123 472/7038/123 3725/7039/2980 5382/7037/4254
f 5382/7037/4254 3725/7039/2980 1148/7040/872 2293/7041/1867
f 3724/7033/2979 5382/7037/4254 2293/7041/1867 1147/7034/871
f 472/7038/123 3677/7042/123 5383/7043/4255 3725/7039/2980
f 3677/7042/123 473/7044/123 3726/7045/2981 5383/7043/4255
f 5383/7043/4255 3726/7045/2981 1149/7046/873 2294/7047/1868
f 3725/7039/2980 5383/7043/4255 2294/7047/1868 1148/7040/872
f 473/7044/123 3678/7048/123 5384/7049/4256 3726/7045/2981
f 3678/7048/123 474/7050/123 3727/7051/2982 5384/7049/4256
f 5384/7049/4256 3727/7051/2982 1150/7052/874 2295/7053/1869
f 3726/7045/2981 5384/7049/4256 2295/7053/1869 1149/7046/873
f 474/7050/123 3679/7054/123 5385/7055/4257 3727/7051/2982
f 3679/7054/123 475/7056/123 3728/7057/2983 5385/7055/4257
f 5385/7055/4257 3728/7057/2983 1151/7058/875 2296/7059/1870
f 3727/7051/2982 5385/7055/4257 2296/7059/1870 1150/7052/874
f 475/7056/123 3680/7060/123 5386/7061/4258 3728/7057/2983
f 3680/7060/123 476/7062/123 3729/7063/2984 5386/7061/4258
f 5386/7061/4258 3729/7063/2984 1152/7064/876 2297/7065/1871
f 3728/7057/2983 5386/7061/4258 2297/7065/1871 1151/7058/875
f 476/7062/123 3681/7066/123 5387/7067/4259 3729/7063/2984
f 3681/7066/123 477/7068/123 3730/7069/2985 5387/7067/4259
f 5387/7067/4259 3730/7069/2985 1153/7070/877 2298/7071/1872
f 3729/7063/2984 5387/7067/4259 2298/7071/1872 1152/7064/876
f 477/7068/123 3682/7072/123 5388/7073/4260 3730/7069/2985
f 3682/7072/123 478/7074/123 3731/7075/2986 5388/7073/4260
f 5388/7073/4260 3731/7075/2986 1154/7076/878 2299/7077/1873
f 3730/7069/2985 5388/7073/4260 2299/7077/1873 1153/7070/877
f 478/7074/123 3683/7078/123 5389/7079/4261 3731/7075/2986
f 3683/7078/123 479/7080/123 3732/7081/2987 5389/7079/4261
f 5389/7079/4261 3732/7081/2987 1155/7082/879 2300/7083/1874
f 3731/7075/2986 5389/7079/4261 2300/7083/1874 1154/7076/878
f 479/7080/123 3684/7084/123 5390/7085/4262 3732/7081/2987
f 3684/7084/123 480/7086/123 3733/7087/2988 5390/7085/4262
f 5390/7085/4262 3733/7087/2988 1156/7088/880 2301/7089/1875
f 3732/7081/2987 5390/7085/4262 2301/7089/1875 1155/7082/879
f 480/7086/123 3685/7090/123 5391/7091/4263 3733/7087/2988
f 3685/7090/123 481/7092/123 3734/7093/2989 5391/7091/4263
f 5391/7091/4263 3734/7093/2989 1157/7094/881 2302/7095/1876
f 3733/7087/2988 5391/7091/4263 2302/7095/1876 1156/7088/880
f 481/7092/123 3686/7096/123 5392/7097/4264 3734/7093/2989
f 3686/7096/123 482/7098/123 3735/7099/2990 5392/7097/4264
f 5392/7097/4264 3735/7099/2990 1158/7100/882 2303/7101/1877
f 3734/7093/2989 5392/7097/4264 2303/7101/1877 1157/7094/881
f 482/7098/123 3687/7102/123 5393/7103/4265 3735/7099/2990
f 3687/7102/123 483/7104/123 3736/7105/2991 5393/7103/4265
f 5393/7103/4265 3736/7105/2991 1159/7106/883 2304/7107/1878
f 3735/7099/2990 5393/7103/4265 2304/7107/1878 1158/7100/882
f 483/7104/123 3688/7108/123 5394/7109/4266 3736/7105/2991
f 3688/7108/123 484/7110/123 3737/7111/2992 5394/7109/4266
f 5394/7109/4266 3737/7111/2992 1160/7112/884 2305/7113/1879
f 3736/7105/2991 5394/7109/4266 2305/7113/1879 1159/7106/883
f 484/7110/123 3689/7114/123 5395/7115/4267 3737/7111/2992
f 3689/7114/123 485/7116/123 3738/7117/2993 5395/7115/4267
f 5395/7115/4267 3738/7117/2993 1161/7118/885 2306/7119/1880
f 3737/7111/2992 5395/7115/4267 2306/7119/1880 1160/7112/884
f 485/7116/123 3690/7120/123 5396/7121/4268 3738/7117/2993
f 3690/7120/123 486/7122/123 3739/7123/2994 5396/7121/4268
f 5396/7121/4268 3739/7123/2994 1162/7124/886 2307/7125/1881
f 3738/7117/2993 5396/7121/4268 2307/7125/1881 1161/7118/885
f 486/7122/123 3691/7126/123 5397/7127/4269 3739/7123/2994
f 3691/7126/123 487/7128/123 3740/7129/2995 5397/7127/4269
f 5397/7127/4269 3740/7129/2995 1163/7130/887 2308/7131/1882
f 3739/7123/2994 5397/7127/4269 2308/7131/1882 1162/7124/886
f 487/7128/123 3692/7132/123 5398/7133/4270 3740/7129/2995
f 3692/7132/123 465/7134/123 3717/7135/2972 5398/7133/4270
f 5398/7133/4270 3717/7135/2972 1141/7136/865 2309/7137/1883
f 3740/7129/2995 5398/7133/4270 2309/7137/1883 1163/7130/887
f 983/7138/123 3693/7139/123 5399/7140/4271 3741/7141/2996
f 3693/7139/123 984/7142/123 3742/7143/2997 5399/7140/4271
f 5399/7140/4271 3742/7143/2997 1165/7144/889 3289/7145/2677
f 3741/7141/2996 5399/7140/4271 3289/7145/2677 1164/7146/888
f 985/7147/123 3694/7148/123 5400/7149/4272 3743/7150/2998
f 3694/7148/123 983/7138/123 3741/7141/2996 5400/7149/4272
f 5400/7149/4272 3741/7141/2996 1164/7146/888 3290/7151/2678
f 3743/7150/2998 5400/7149/4272 3290/7151/2678 1166/7152/890
f 986/7153/123 3695/7154/123 5401/7155/4273 3744/7156/2999
f 3695/7154/123 985/7147/123 3743/7150/2998 5401/7155/4273
f 5401/7155/4273 3743/7150/2998 1166/7152/890 3291/7157/2679
f 3744/7156/2999 5401/7155/4273 3291/7157/2679 1167/7158/891
f 987/7159/123 3696/7160/123 5402/7161/4274 3745/7162/3000
f 3696/7160/123 986/7153/123 3744/7156/2999 5402/7161/4274
f 5402/7161/4274 3744/7156/2999 1167/7158/891 3292/7163/2680
f 3745/7162/3000 5402/7161/4274 3292/7163/2680 1168/7164/892
f 988/7165/123 3697/7166/123 5403/7167/4275 3746/7168/3001
f 3697/7166/123 987/7159/123 3745/7162/3000 5403/7167/4275
f 5403/7167/4275 3745/7162/3000 1168/7164/892 3293/7169/2681
f 3746/7168/3001 5403/7167/4275 3293/7169/2681 1169/7170/893
f 989/7171/123 3698/7172/123 5404/7173/4276 3747/7174/3002
f 3698/7172/123 988/7165/123 3746/7168/3001 5404/7173/4276
f 5404/7173/4276 3746/7168/3001 1169/7170/893 3294/7175/2682
f 3747/7174/3002 5404/7173/4276 3294/7175/2682 1170/7176/894
f 990/7177/123 3699/7178/123 5405/7179/4277 3748/7180/3003
f 3699/7178/123 989/7171/123 3747/7174/3002 5405/7179/4277
f 5405/7179/4277 3747/7174/3002 1170/7176/894 3295/7181/2683
f 3748/7180/3003 5405/7179/4277 3295/7181/2683 1171/7182/895
f 991/7183/123 3700/7184/123 5406/7185/4278 3749/7186/3004
f 3700/7184/123 990/7177/123 3748/7180/3003 5406/7185/4278
f 5406/7185/4278 3748/7180/3003 1171/7182/895 3296/7187/2684
f 3749/7186/3004 5406/7185/4278 3296/7187/2684 1172/7188/896
f 992/7189/123 3701/7190/123 5407/7191/4279 3750/7192/3005
f 3701/7190/123 991/7183/123 3749/7186/3004 5407/7191/4279
f 5407/7191/4279 3749/7186/3004 1172/7188/896 3297/7193/2685
f 3750/7192/3005 5407/7191/4279 3297/7193/2685 1173/7194/897
f 993/7195/123 3702/7196/123 5408/7197/4280 3751/7198/3006
f 3702/7196/123 992/7189/123 3750/7192/3005 5408/7197/4280
f 5408/7197/4280 3750/7192/3005 1173/7194/897 3298/7199/2686
f 3751/7198/3006 5408/7197/4280 3298/7199/2686 1174/7200/898
f 994/7201/123 3703/7202/123 5409/7203/4281 3752/7204/3007
f 3703/7202/123 993/7195/123 3751/7198/3006 5409/7203/4281
f 5409/7203/4281 3751/7198/3006 1174/7200/898 3299/7205/2687
f 3752/7204/3007 5409/7203/4281 3299/7205/2687 1175/7206/899
f 995/7207/123 3704/7208/123 5410/7209/4282 3753/7210/3008
f 3704/7208/123 994/7201/123 3752/7204/3007 5410/7209/4282
f 5410/7209/4282 3752/7204/3007 1175/7206/899 3300/7211/2688
f 3753/7210/3008 5410/7209/4282 3300/7211/2688 1176/7212/900
f 996/7213/123 3705/7214/123 5411/7215/4283 3754/7216/3009
f 3705/7214/123 995/7207/123 3753/7210/3008 5411/7215/4283
f 5411/7215/4283 3753/7210/3008 1176/7212/900 3301/7217/2689
f 3754/7216/3009 5411/7215/4283 3301/7217/2689 1177/7218/901
f 997/7219/123 3706/7220/123 5412/7221/4284 3755/7222/3010
f 3706/7220/123 996/7213/123 3754/7216/3009 5412/7221/4284
f 5412/7221/4284 3754/7216/3009 1177/7218/901 3302/7223/2690
f 3755/7222/3010 5412/7221/4284 3302/7223/2690 1178/7224/902
f 998/7225/123 3707/7226/123 5413/7227/4285 3756/7228/3011
f 3707/7226/123 997/7219/123 3755/7222/3010 5413/7227/4285
f 5413/7227/4285 3755/7222/3010 1178/7224/902 3303/7229/2691
f 3756/7228/3011 5413/7227/4285 3303/7229/2691 1179/7230/903
f 999/7231/123 3708/7232/123 5414/7233/4286 3757/7234/3012
f 3708/7232/123 998/7225/123 3756/7228/3011 5414/7233/4286
f 5414/7233/4286 3756/7228/3011 1179/7230/903 3304/7235/2692
f 3757/7234/3012 5414/7233/4286 3304/7235/2692 1180/7236/904
f 1000/7237/123 3709/7238/123 5415/7239/4287 3758/7240/3013
f 3709/7238/123 999/7231/123 3757/7234/3012 5415/7239/4287
f 5415/7239/4287 3757/7234/3012 1180/7236/904 3305/7241/2693
f 3758/7240/3013 5415/7239/4287 3305/7241/2693 1181/7242/905
f 1001/7243/123 3710/7244/123 5416/7245/4288 3759/7246/3014
f 3710/7244/123 1000/7237/123 3758/7240/3013 5416/7245/4288
f 5416/7245/4288 3758/7240/3013 1181/7242/905 3306/7247/2694
f 3759/7246/3014 5416/7245/4288 3306/7247/2694 1182/7248/906
f 1002/7249/123 3711/7250/123 5417/7251/4289 3760/7252/3015
f 3711/7250/123 1001/7243/123 3759/7246/3014 5417/7251/4289
f 5417/7251/4289 3759/7246/3014 1182/7248/906 3307/7253/2695
f 3760/7252/3015 5417/7251/4289 3307/7253/2695 1183/7254/907
f 1003/7255/123 3712/7256/123 5418/7257/4290 3761/7258/3016
f 3712/7256/123 1002/7249/123 3760/7252/3015 5418/7257/4290
f 5418/7257/4290 3760/7252/3015 1183/7254/907 3308/7259/2696
f 3761/7258/3016 5418/7257/4290 3308/7259/2696 1184/7260/908
f 1004/7261/123 3713/7262/123 5419/7263/4291 3762/7264/3017
f 3713/7262/123 1003/7255/123 3761/7258/3016 5419/7263/4291
f 5419/7263/4291 3761/7258/3016 1184/7260/908 3309/7265/2697
f 3762/7264/3017 5419/7263/4291 3309/7265/2697 1185/7266/909
f 1005/7267/123 3714/7268/123 5420/7269/4292 3763/7270/3018
f 3714/7268/123 1004/7261/123 3762/7264/3017 5420/7269/4292
f 5420/7269/4292 3762/7264/3017 1185/7266/909 3310/7271/2698
f 3763/7270/3018 5420/7269/4292 3310/7271/2698 1186/7272/910
f 1006/7273/123 3715/7274/123 5421/7275/4293 3764/7276/3019
f 3715/7274/123 1005/7267/123 3763/7270/3018 5421/7275/4293
f 5421/7275/4293 3763/7270/3018 1186/7272/910 3311/7277/2699
f 3764/7276/3019 5421/7275/4293 3311/7277/2699 1187/7278/911
f 984/7279/123 3716/7280/123 5422/7281/4294 3742/7282/2997
f 3716/7280/123 1006/7273/123 3764/7276/3019 5422/7281/4294
f 5422/7281/4294 3764/7276/3019 1187/7278/911 3312/7283/2700
f 3742/7282/2997 5422/7281/4294 3312/7283/2700 1165/7284/889
f 928/7285/764 3777/7286/3029 5423/7287/4295 3248/7288/2636
f 3777/7286/3029 1200/7289/921 3813/7290/3051 5423/7287/4295
f 5423/7287/4295 3813/7290/3051 1235/7291/951 3336/7292/2724
f 3248/7288/2636 5423/7287/4295 3336/7292/2724 926/7293/763
f 1200/7289/921 3778/7294/3030 5424/7295/3051 3813/7290/3051
f 3778/7294/3030 1201/5731/921 3814/5841/3051 5424/7295/3051
f 5424/7295/3051 3814/5841/3051 1234/5828/950 3812/7296/951
f 3813/7290/3051 5424/7295/3051 3812/7296/951 1235/7291/951
f 942/7297/771 3773/7298/3026 5425/7299/4296 3255/7300/2643
f 3773/7298/3026 1196/7301/918 3815/7302/3052 5425/7299/4296
f 5425/7299/4296 3815/7302/3052 1233/7303/949 3335/7304/2723
f 3255/7300/2643 5425/7299/4296 3335/7304/2723 940/7305/770
f 1196/7301/918 3774/7306/3027 5426/7307/3052 3815/7302/3052
f 3774/7306/3027 1197/5722/918 3816/5838/3052 5426/7307/3052
f 5426/7307/3052 3816/5838/3052 1232/5822/948 3810/7308/949
f 3815/7302/3052 5426/7307/3052 3810/7308/949 1233/7303/949
f 956/7309/778 3765/7310/3020 5427/7311/4297 3262/7312/2650
f 3765/7310/3020 1188/7313/912 3817/7314/3053 5427/7311/4297
f 5427/7311/4297 3817/7314/3053 1231/7315/947 3334/7316/2722
f 3262/7312/2650 5427/7311/4297 3334/7316/2722 954/7317/777
f 1188/7313/912 3766/7318/3021 5428/7319/3053 3817/7314/3053
f 3766/7318/3021 1189/5545/912 3818/5835/3053 5428/7319/3053
f 5428/7319/3053 3818/5835/3053 1230/5816/947 3808/7320/947
f 3817/7314/3053 5428/7319/3053 3808/7320/947 1231/7315/947
f 926/7293/763 3336/7292/2724 5429/7321/4298 3247/7322/2635
f 3336/7292/2724 1235/7291/951 3819/7323/3054 5429/7321/4298
f 5429/7321/4298 3819/7323/3054 1229/7324/946 3333/7325/2721
f 3247/7322/2635 5429/7321/4298 3333/7325/2721 924/7326/762
f 1235/7291/951 3812/7296/951 5430/7327/3054 3819/7323/3054
f 3812/7296/951 1234/5828/950 3820/5831/3054 5430/7327/3054
f 5430/7327/3054 3820/5831/3054 1228/5810/945 3806/7328/946
f 3819/7323/3054 5430/7327/3054 3806/7328/946 1229/7324/946
f 940/7305/770 3335/7304/2723 5431/7329/4299 3254/7330/2642
f 3335/7304/2723 1233/7303/949 3821/7331/3055 5431/7329/4299
f 5431/7329/4299 3821/7331/3055 1227/7332/944 3332/7333/2720
f 3254/7330/2642 5431/7329/4299 3332/7333/2720 938/7334/769
f 1233/7303/949 3810/7308/949 5432/7335/3055 3821/7331/3055
f 3810/7308/949 1232/5822/948 3822/5825/3055 5432/7335/3055
f 5432/7335/3055 3822/5825/3055 1226/5804/943 3804/7336/944
f 3821/7331/3055 5432/7335/3055 3804/7336/944 1227/7332/944
f 954/7317/777 3334/7316/2722 5433/7337/4300 3261/7338/2649
f 3334/7316/2722 1231/7315/947 3823/7339/3056 5433/7337/4300
f 5433/7337/4300 3823/7339/3056 1225/7340/942 3331/7341/2719
f 3261/7338/2649 5433/7337/4300 3331/7341/2719 952/7342/776
f 1231/7315/947 3808/7320/947 5434/7343/3056 3823/7339/3056
f 3808/7320/947 1230/5816/947 3824/5819/3056 5434/7343/3056
f 5434/7343/3056 3824/5819/3056 1224/5798/941 3802/7344/942
f 3823/7339/3056 5434/7343/3056 3802/7344/942 1225/7340/942
f 924/7326/762 3333/7325/2721 5435/7345/4301 3246/7346/2634
f 3333/7325/2721 1229/7324/946 3825/7347/3057 5435/7345/4301
f 5435/7345/4301 3825/7347/3057 1223/7348/940 3330/7349/2718
f 3246/7346/2634 5435/7345/4301 3330/7349/2718 922/7350/761
f 1229/7324/946 3806/7328/946 5436/7351/3057 3825/7347/3057
f 3806/7328/946 1228/5810/945 3826/5813/3057 5436/7351/3057
f 5436/7351/3057 3826/5813/3057 1222/5792/940 3800/7352/3044
f 3825/7347/3057 5436/7351/3057 3800/7352/3044 1223/7348/940
f 938/7334/769 3332/7333/2720 5437/7353/4302 3253/7354/2641
f 3332/7333/2720 1227/7332/944 3827/7355/3058 5437/7353/4302
f 5437/7353/4302 3827/7355/3058 1221/7356/939 3329/7357/2717
f 3253/7354/2641 5437/7353/4302 3329/7357/2717 936/7358/768
f 1227/7332/944 3804/7336/944 5438/7359/3058 3827/7355/3058
f 3804/7336/944 1226/5804/943 3828/5807/3058 5438/7359/3058
f 5438/7359/3058 3828/5807/3058 1220/5786/938 3798/7360/939
f 3827/7355/3058 5438/7359/3058 3798/7360/939 1221/7356/939
f 952/7342/776 3331/7341/2719 5439/7361/4303 3260/7362/2648
f 3331/7341/2719 1225/7340/942 3829/7363/3059 5439/7361/4303
f 5439/7361/4303 3829/7363/3059 1219/7364/937 3328/7365/2716
f 3260/7362/2648 5439/7361/4303 3328/7365/2716 950/7366/775
f 1225/7340/942 3802/7344/942 5440/7367/3059 3829/7363/3059
f 3802/7344/942 1224/5798/941 3830/5801/3059 5440/7367/3059
f 5440/7367/3059 3830/5801/3059 1218/5780/936 3796/7368/937
f 3829/7363/3059 5440/7367/3059 3796/7368/937 1219/7364/937
f 922/7350/761 3330/7349/2718 5441/7369/4304 3245/7370/2633
f 3330/7349/2718 1223/7348/940 3831/7371/3060 5441/7369/4304
f 5441/7369/4304 3831/7371/3060 1217/7372/935 3327/7373/2715
f 3245/7370/2633 5441/7369/4304 3327/7373/2715 920/7374/760
f 1223/7348/940 3800/7352/3044 5442/7375/3060 3831/7371/3060
f 3800/7352/3044 1222/5792/940 3832/5795/3060 5442/7375/3060
f 5442/7375/3060 3832/5795/3060 1216/5774/934 3794/7376/935
f 3831/7371/3060 5442/7375/3060 3794/7376/935 1217/7372/935
f 936/7358/768 3329/7357/2717 5443/7377/4305 3252/7378/2640
f 3329/7357/2717 1221/7356/939 3833/7379/3061 5443/7377/4305
f 5443/7377/4305 3833/7379/3061 1215/7380/933 3326/7381/2714
f 3252/7378/2640 5443/7377/4305 3326/7381/2714 934/7382/767
f 1221/7356/939 3798/7360/939 5444/7383/3061 3833/7379/3061
f 3798/7360/939 1220/5786/938 3834/5789/3061 5444/7383/3061
f 5444/7383/3061 3834/5789/3061 1214/5768/932 3792/7384/933
f 3833/7379/3061 5444/7383/3061 3792/7384/933 1215/7380/933
f 950/7366/775 3328/7365/2716 5445/7385/4306 3259/7386/2647
f 3328/7365/2716 1219/7364/937 3835/7387/3062 5445/7385/4306
f 5445/7385/4306 3835/7387/3062 1213/7388/931 3325/7389/2713
f 3259/7386/2647 5445/7385/4306 3325/7389/2713 948/7390/774
f 1219/7364/937 3796/7368/937 5446/7391/3062 3835/7387/3062
f 3796/7368/937 1218/5780/936 3836/5783/3062 5446/7391/3062
f 5446/7391/3062 3836/5783/3062 1212/5762/930 3790/7392/931
f 3835/7387/3062 5446/7391/3062 3790/7392/931 1213/7388/931
f 920/7374/760 3327/7373/2715 5447/7393/4307 3244/7394/2632
f 3327/7373/2715 1217/7372/935 3837/7395/3063 5447/7393/4307
f 5447/7393/4307 3837/7395/3063 1211/7396/929 3324/7397/2712
f 3244/7394/2632 5447/7393/4307 3324/7397/2712 918/7398/759
f 1217/7372/935 3794/7376/935 5448/7399/3063 3837/7395/3063
f 3794/7376/935 1216/5774/934 3838/5777/3063 5448/7399/3063
f 5448/7399/3063 3838/5777/3063 1210/5756/929 3788/7400/3037
f 3837/7395/3063 5448/7399/3063 3788/7400/3037 1211/7396/929
f 934/7382/767 3326/7381/2714 5449/7401/4308 3251/7402/2639
f 3326/7381/2714 1215/7380/933 3839/7403/3064 5449/7401/4308
f 5449/7401/4308 3839/7403/3064 1209/7404/928 3323/7405/2711
f 3251/7402/2639 5449/7401/4308 3323/7405/2711 932/7406/766
f 1215/7380/933 3792/7384/933 5450/7407/3064 3839/7403/3064
f 3792/7384/933 1214/5768/932 3840/5771/3064 5450/7407/3064
f 5450/7407/3064 3840/5771/3064 1208/5750/927 3786/7408/928
f 3839/7403/3064 5450/7407/3064 3786/7408/928 1209/7404/928
f 948/7390/774 3325/7389/2713 5451/7409/4309 3258/7410/2646
f 3325/7389/2713 1213/7388/931 3841/7411/3065 5451/7409/4309
f 5451/7409/4309 3841/7411/3065 1207/7412/926 3322/7413/2710
f 3258/7410/2646 5451/7409/4309 3322/7413/2710 946/7414/773
f 1213/7388/931 3790/7392/931 5452/7415/3065 3841/7411/3065
f 3790/7392/931 1212/5762/930 3842/5765/3065 5452/7415/3065
f 5452/7415/3065 3842/5765/3065 1206/5744/925 3784/7416/926
f 3841/7411/3065 5452/7415/3065 3784/7416/926 1207/7412/926
f 918/7398/759 3324/7397/2712 5453/7417/4310 3243/7418/2631
f 3324/7397/2712 1211/7396/929 3843/7419/3066 5453/7417/4310
f 5453/7417/4310 3843/7419/3066 1205/7420/924 3321/7421/2709
f 3243/7418/2631 5453/7417/4310 3321/7421/2709 916/7422/758
f 1211/7396/929 3788/7400/3037 5454/7423/3066 3843/7419/3066
f 3788/7400/3037 1210/5756/929 3844/5759/3066 5454/7423/3066
f 5454/7423/3066 3844/5759/3066 1204/5738/924 3782/7424/3033
f 3843/7419/3066 5454/7423/3066 3782/7424/3033 1205/7420/924
f 932/7406/766 3323/7405/2711 5455/7425/4311 3250/7426/2638
f 3323/7405/2711 1209/7404/928 3845/7427/3067 5455/7425/4311
f 5455/7425/4311 3845/7427/3067 1203/7428/923 3320/7429/2708
f 3250/7426/2638 5455/7425/4311 3320/7429/2708 930/7430/765
f 1209/7404/928 3786/7408/928 5456/7431/3067 3845/7427/3067
f 3786/7408/928 1208/5750/927 3846/5753/3067 5456/7431/3067
f 5456/7431/3067 3846/5753/3067 1202/5723/922 3780/7432/923
f 3845/7427/3067 5456/7431/3067 3780/7432/923 1203/7428/923
f 946/7414/773 3322/7413/2710 5457/7433/4312 3257/7434/2645
f 3322/7413/2710 1207/7412/926 3847/7435/3068 5457/7433/4312
f 5457/7433/4312 3847/7435/3068 1199/7436/920 3318/7437/2706
f 3257/7434/2645 5457/7433/4312 3318/7437/2706 944/7438/772
f 1207/7412/926 3784/7416/926 5458/7439/3068 3847/7435/3068
f 3784/7416/926 1206/5744/925 3848/5747/3068 5458/7439/3068
f 5458/7439/3068 3848/5747/3068 1198/5714/919 3776/7440/920
f 3847/7435/3068 5458/7439/3068 3776/7440/920 1199/7436/920
f 916/7422/758 3321/7421/2709 5459/7441/4313 3242/7442/2630
f 3321/7421/2709 1205/7420/924 3849/7443/3069 5459/7441/4313
f 5459/7441/4313 3849/7443/3069 1195/7444/917 3316/7445/2704
f 3242/7442/2630 5459/7441/4313 3316/7445/2704 914/7446/757
f 1205/7420/924 3782/7424/3033 5460/7447/3069 3849/7443/3069
f 3782/7424/3033 1204/5738/924 3850/5741/3069 5460/7447/3069
f 5460/7447/3069 3850/5741/3069 1194/5705/916 3772/7448/917
f 3849/7443/3069 5460/7447/3069 3772/7448/917 1195/7444/917
f 912/7449/756 3769/7450/3023 5461/7451/4314 3264/7452/2652
f 3769/7450/3023 1192/7453/915 3851/7454/3070 5461/7451/4314
f 5461/7451/4314 3851/7454/3070 1191/7455/914 3314/7456/2702
f 3264/7452/2652 5461/7451/4314 3314/7456/2702 958/7457/779
f 1192/7453/915 3770/7458/3024 5462/7459/3070 3851/7454/3070
f 3770/7458/3024 1193/5732/915 3852/5735/3070 5462/7459/3070
f 5462/7459/3070 3852/5735/3070 1190/5537/913 3768/7460/914
f 3851/7454/3070 5462/7459/3070 3768/7460/914 1191/7455/914
f 930/7430/765 3320/7429/2708 5463/7461/4315 3249/7462/2637
f 3320/7429/2708 1203/7428/923 3853/7463/3071 5463/7461/4315
f 5463/7461/4315 3853/7463/3071 1200/7289/921 3777/7286/3029
f 3249/7462/2637 5463/7461/4315 3777/7286/3029 928/7285/764
f 1203/7428/923 3780/7432/923 5464/7464/3071 3853/7463/3071
f 3780/7432/923 1202/5723/922 3854/5726/3071 5464/7464/3071
f 5464/7464/3071 3854/5726/3071 1201/5731/921 3778/7294/3030
f 3853/7463/3071 5464/7464/3071 3778/7294/3030 1200/7289/921
f 944/7438/772 3318/7437/2706 5465/7465/4316 3256/7466/2644
f 3318/7437/2706 1199/7436/920 3855/7467/3072 5465/7465/4316
f 5465/7465/4316 3855/7467/3072 1196/7301/918 3773/7298/3026
f 3256/7466/2644 5465/7465/4316 3773/7298/3026 942/7297/771
f 1199/7436/920 3776/7440/920 5466/7468/3072 3855/7467/3072
f 3776/7440/920 1198/5714/919 3856/5717/3072 5466/7468/3072
f 5466/7468/3072 3856/5717/3072 1197/5722/918 3774/7306/3027
f 3855/7467/3072 5466/7468/3072 3774/7306/3027 1196/7301/918
f 914/7446/757 3316/7445/2704 5467/7469/4317 3241/7470/2629
f 3316/7445/2704 1195/7444/917 3857/7471/3073 5467/7469/4317
f 5467/7469/4317 3857/7471/3073 1192/7472/915 3769/7473/3023
f 3241/7470/2629 5467/7469/4317 3769/7473/3023 912/7474/756
f 1195/7444/917 3772/7448/917 5468/7475/3073 3857/7471/3073
f 3772/7448/917 1194/5705/916 3858/5708/3073 5468/7475/3073
f 5468/7475/3073 3858/5708/3073 1193/5713/915 3770/7476/3024
f 3857/7471/3073 5468/7475/3073 3770/7476/3024 1192/7472/915
f 958/7457/779 3314/7456/2702 5469/7477/4318 3263/7478/2651
f 3314/7456/2702 1191/7455/914 3859/7479/3074 5469/7477/4318
f 5469/7477/4318 3859/7479/3074 1188/7313/912 3765/7310/3020
f 3263/7478/2651 5469/7477/4318 3765/7310/3020 956/7309/778
f 1191/7455/914 3768/7460/914 5470/7480/3074 3859/7479/3074
f 3768/7460/914 1190/5537/913 3860/5540/3074 5470/7480/3074
f 5470/7480/3074 3860/5540/3074 1189/5545/912 3766/7318/3021
f 3859/7479/3074 5470/7480/3074 3766/7318/3021 1188/7313/912
f 1007/4173/5 3351/6228/5 5471/7481/5 3861/7482/5
f 823/6227/5 3922/7483/5 5471/7481/5 3351/6228/5
f 1133/7484/5 3861/7482/5 5471/7481/5 3922/7483/5
f 278/7485/5 3862/7486/5 5472/7487/3076 3924/7488/3075
f 3862/7486/5 279/7489/5 3925/7490/3076 5472/7487/3076
f 5472/7487/3076 3925/7490/3076 1237/7491/953 1448/7492/1116
f 3924/7488/3075 5472/7487/3076 1448/7492/1116 1236/7493/952
f 277/7494/5 3863/7495/5 5473/7496/3075 3926/7497/3077
f 3863/7495/5 278/7485/5 3924/7488/3075 5473/7496/3075
f 5473/7496/3075 3924/7488/3075 1236/7493/952 1522/7498/1171
f 3926/7497/3077 5473/7496/3075 1522/7498/1171 1238/7499/954
f 290/7500/5 3864/7501/5 5474/7502/4319 3927/7503/3078
f 3864/7501/5 26/7504/5 3928/7505/3079 5474/7502/4319
f 5474/7502/4319 3928/7505/3079 1239/7506/955 1529/7507/1178
f 3927/7503/3078 5474/7502/4319 1529/7507/1178 1240/7508/956
f 233/7509/5 3865/7510/5 5475/7511/4320 3929/7512/3080
f 3865/7510/5 232/7513/5 3930/7514/3081 5475/7511/4320
f 5475/7511/4320 3930/7514/3081 1241/7515/957 1567/7516/1213
f 3929/7512/3080 5475/7511/4320 1567/7516/1213 1242/7517/958
f 280/7518/5 3866/7519/5 5476/7520/4321 3931/7521/3076
f 3866/7519/5 290/7500/5 3927/7503/3078 5476/7520/4321
f 5476/7520/4321 3927/7503/3078 1240/7508/956 1601/7522/1242
f 3931/7521/3076 5476/7520/4321 1601/7522/1242 1243/7523/959
f 1244/7524/5 3867/7525/5 5477/7526/4322 3932/7527/3082
f 3867/7525/5 1245/7528/5 3933/7529/5 5477/7526/4322
f 5477/7526/4322 3933/7529/5 160/7530/137 1629/7531/1266
f 3932/7527/3082 5477/7526/4322 1629/7531/1266 159/7532/136
f 1246/7533/5 3868/7534/5 5478/7535/4323 3934/7536/3083
f 3868/7534/5 1247/7537/5 3935/7538/3084 5478/7535/4323
f 5478/7535/4323 3935/7538/3084 184/7539/161 1635/7540/1272
f 3934/7536/3083 5478/7535/4323 1635/7540/1272 183/7541/160
f 232/7513/5 3869/7542/5 5479/7543/3081 3930/7514/3081
f 3869/7542/5 231/7544/5 3936/7545/3081 5479/7543/3081
f 5479/7543/3081 3936/7545/3081 1248/7546/960 1652/7547/1285
f 3930/7514/3081 5479/7543/3081 1652/7547/1285 1241/7515/957
f 279/7489/5 3870/7548/5 5480/7549/3076 3925/7490/3076
f 3870/7548/5 280/7518/5 3931/7521/3076 5480/7549/3076
f 5480/7549/3076 3931/7521/3076 1243/7523/959 1670/7550/1299
f 3925/7490/3076 5480/7549/3076 1670/7550/1299 1237/7491/953
f 231/7544/5 3871/7551/5 5481/7552/4324 3936/7545/3081
f 3871/7551/5 281/7553/5 3937/7554/3085 5481/7552/4324
f 5481/7552/4324 3937/7554/3085 1249/7555/961 1671/7556/1300
f 3936/7545/3081 5481/7552/4324 1671/7556/1300 1248/7546/960
f 1250/7557/5 3872/7558/5 5482/7559/4325 3938/7560/3086
f 3872/7558/5 1246/7533/5 3934/7536/3083 5482/7559/4325
f 5482/7559/4325 3934/7536/3083 183/7541/160 1686/7561/1314
f 3938/7560/3086 5482/7559/4325 1686/7561/1314 173/7562/150
f 1245/7528/5 3873/7563/5 5483/7564/5 3933/7529/5
f 3873/7563/5 1251/7565/5 3939/7566/5 5483/7564/5
f 5483/7564/5 3939/7566/5 161/7567/138 1700/7568/1326
f 3933/7529/5 5483/7564/5 1700/7568/1326 160/7530/137
f 1247/7537/5 3874/7569/5 5484/7570/3084 3935/7538/3084
f 3874/7569/5 1252/7571/5 3940/7572/3087 5484/7570/3084
f 5484/7570/3084 3940/7572/3087 185/7573/162 1710/7574/1336
f 3935/7538/3084 5484/7570/3084 1710/7574/1336 184/7539/161
f 1254/7575/5 3875/7576/5 5485/7577/4326 3941/7578/3088
f 3875/7576/5 1253/7579/5 3942/7580/3081 5485/7577/4326
f 5485/7577/4326 3942/7580/3081 218/7581/186 1714/7582/1339
f 3941/7578/3088 5485/7577/4326 1714/7582/1339 219/7583/187
f 1251/7565/5 3876/7584/5 5486/7585/4327 3939/7566/5
f 3876/7584/5 1255/7586/5 3943/7587/3089 5486/7585/4327
f 5486/7585/4327 3943/7587/3089 171/7588/148 1760/7589/1379
f 3939/7566/5 5486/7585/4327 1760/7589/1379 161/7567/138
f 11/7590/5 3877/7591/5 5487/7592/4328 3944/7593/3090
f 3877/7591/5 12/7594/5 3945/7595/3091 5487/7592/4328
f 5487/7592/4328 3945/7595/3091 1257/7596/963 1771/7597/1389
f 3944/7593/3090 5487/7592/4328 1771/7597/1389 1256/7598/962
f 1253/7579/5 3878/7599/5 5488/7600/3081 3942/7580/3081
f 3878/7599/5 1258/7601/5 3946/7602/3081 5488/7600/3081
f 5488/7600/3081 3946/7602/3081 217/7603/185 1772/7604/1390
f 3942/7580/3081 5488/7600/3081 1772/7604/1390 218/7581/186
f 1252/7571/5 3879/7605/5 5489/7606/4329 3940/7572/3087
f 3879/7605/5 1254/7575/5 3941/7578/3088 5489/7606/4329
f 5489/7606/4329 3941/7578/3088 219/7583/187 1773/7607/1391
f 3940/7572/3087 5489/7606/4329 1773/7607/1391 185/7573/162
f 1258/7601/5 3880/7608/5 5490/7609/4330 3946/7602/3081
f 3880/7608/5 233/7509/5 3929/7512/3080 5490/7609/4330
f 5490/7609/4330 3929/7512/3080 1242/7517/958 1778/7610/1395
f 3946/7602/3081 5490/7609/4330 1778/7610/1395 217/7603/185
f 25/7611/5 3881/7612/5 5491/7613/4331 3947/7614/3092
f 3881/7612/5 24/7615/5 3948/7616/3093 5491/7613/4331
f 5491/7613/4331 3948/7616/3093 1259/7617/964 1781/7618/1398
f 3947/7614/3092 5491/7613/4331 1781/7618/1398 1260/7619/965
f 276/7620/5 3882/7621/5 5492/7622/3094 3949/7623/3094
f 3882/7621/5 277/7494/5 3926/7497/3077 5492/7622/3094
f 5492/7622/3094 3926/7497/3077 1238/7499/954 1853/7624/1458
f 3949/7623/3094 5492/7622/3094 1853/7624/1458 1261/7625/966
f 281/7553/5 3883/7626/5 5493/7627/4332 3937/7554/3085
f 3883/7626/5 276/7620/5 3949/7623/3094 5493/7627/4332
f 5493/7627/4332 3949/7623/3094 1261/7625/966 1855/7628/1460
f 3937/7554/3085 5493/7627/4332 1855/7628/1460 1249/7555/961
f 12/7594/5 3884/7629/5 5494/7630/4333 3945/7595/3091
f 3884/7629/5 1244/7524/5 3932/7527/3082 5494/7630/4333
f 5494/7630/4333 3932/7527/3082 159/7532/136 1883/7631/1485
f 3945/7595/3091 5494/7630/4333 1883/7631/1485 1257/7596/963
f 1255/7586/5 3885/7632/5 5495/7633/4334 3943/7587/3089
f 3885/7632/5 1262/7634/5 3950/7635/3086 5495/7633/4334
f 5495/7633/4334 3950/7635/3086 172/7636/149 1887/7637/1489
f 3943/7587/3089 5495/7633/4334 1887/7637/1489 171/7588/148
f 26/7504/5 3886/7638/5 5496/7639/4335 3928/7505/3079
f 3886/7638/5 25/7611/5 3947/7614/3092 5496/7639/4335
f 5496/7639/4335 3947/7614/3092 1260/7619/965 1907/7640/1506
f 3928/7505/3079 5496/7639/4335 1907/7640/1506 1239/7506/955
f 1262/7634/5 3887/7641/5 5497/7642/3086 3950/7635/3086
f 3887/7641/5 1250/7557/5 3938/7560/3086 5497/7642/3086
f 5497/7642/3086 3938/7560/3086 173/7562/150 1953/7643/1544
f 3950/7635/3086 5497/7642/3086 1953/7643/1544 172/7636/149
f 24/7615/5 3888/7644/5 5498/7645/4336 3948/7616/3093
f 3888/7644/5 23/7646/5 3951/7647/3095 5498/7645/4336
f 5498/7645/4336 3951/7647/3095 1263/7648/967 1972/7649/1563
f 3948/7616/3093 5498/7645/4336 1972/7649/1563 1259/7617/964
f 1104/7650/5 3889/7651/5 5499/7652/4337 3952/7653/3096
f 3889/7651/5 1085/7654/5 3953/7655/3097 5499/7652/4337
f 5499/7652/4337 3953/7655/3097 1265/7656/969 2349/7657/1920
f 3952/7653/3096 5499/7652/4337 2349/7657/1920 1264/7658/968
f 506/7659/5 3890/7660/5 5500/7661/4338 3954/7662/3098
f 3890/7660/5 1111/7663/5 3955/7664/3099 5500/7661/4338
f 5500/7661/4338 3955/7664/3099 1267/7665/971 2353/7666/1923
f 3954/7662/3098 5500/7661/4338 2353/7666/1923 1266/7667/970
f 1298/7668/5 3986/7669/5 5501/7670/4339 3988/7671/3123
f 1104/7650/5 3952/7653/3096 5501/7670/4339 3986/7669/5
f 1264/7658/968 3988/7671/3123 5501/7670/4339 3952/7653/3096
f 803/7672/5 3892/7673/5 5502/7674/3100 3956/7675/3100
f 3892/7673/5 802/7676/5 3957/7677/3101 5502/7674/3100
f 5502/7674/3100 3957/7677/3101 1268/7678/972 2489/7679/2033
f 3956/7675/3100 5502/7674/3100 2489/7679/2033 1269/7680/973
f 802/7676/5 3893/7681/5 5503/7682/3101 3957/7677/3101
f 3893/7681/5 801/7683/5 3958/7684/3102 5503/7682/3101
f 5503/7682/3101 3958/7684/3102 1270/7685/974 2559/7686/2087
f 3957/7677/3101 5503/7682/3101 2559/7686/2087 1268/7678/972
f 584/7687/5 3894/7688/5 5504/7689/4340 3959/7690/3103
f 3894/7688/5 814/7691/5 3960/7692/3104 5504/7689/4340
f 5504/7689/4340 3960/7692/3104 1272/7693/976 2566/7694/2094
f 3959/7690/3103 5504/7689/4340 2566/7694/2094 1271/7695/975
f 756/7696/5 3895/7697/5 5505/7698/4341 3961/7699/3105
f 3895/7697/5 757/7700/5 3962/7701/3106 5505/7698/4341
f 5505/7698/4341 3962/7701/3106 1274/7702/978 2601/7703/2129
f 3961/7699/3105 5505/7698/4341 2601/7703/2129 1273/7704/977
f 814/7691/5 3896/7705/5 5506/7706/4342 3960/7692/3104
f 3896/7705/5 804/7707/5 3963/7708/3100 5506/7706/4342
f 5506/7706/4342 3963/7708/3100 1275/7709/979 2635/7710/2149
f 3960/7692/3104 5506/7706/4342 2635/7710/2149 1272/7693/976
f 1277/7711/5 3897/7712/5 5507/7713/4343 3964/7714/5
f 3897/7712/5 1276/7715/5 3965/7716/3107 5507/7713/4343
f 5507/7713/4343 3965/7716/3107 691/7717/579 2658/7718/2171
f 3964/7714/5 5507/7713/4343 2658/7718/2171 692/7719/580
f 1279/7720/5 3898/7721/5 5508/7722/4344 3966/7723/3108
f 3898/7721/5 1278/7724/5 3967/7725/3109 5508/7722/4344
f 5508/7722/4344 3967/7725/3109 715/7726/603 2664/7727/2177
f 3966/7723/3108 5508/7722/4344 2664/7727/2177 716/7728/604
f 755/7729/5 3899/7730/5 5509/7731/3105 3968/7732/3105
f 3899/7730/5 756/7696/5 3961/7699/3105 5509/7731/3105
f 5509/7731/3105 3961/7699/3105 1273/7704/977 2680/7733/2190
f 3968/7732/3105 5509/7731/3105 2680/7733/2190 1280/7734/980
f 804/7707/5 3900/7735/5 5510/7736/3100 3963/7708/3100
f 3900/7735/5 803/7672/5 3956/7675/3100 5510/7736/3100
f 5510/7736/3100 3956/7675/3100 1269/7680/973 2698/7737/2204
f 3963/7708/3100 5510/7736/3100 2698/7737/2204 1275/7709/979
f 805/7738/5 3901/7739/5 5511/7740/4345 3969/7741/3110
f 3901/7739/5 755/7729/5 3968/7732/3105 5511/7740/4345
f 5511/7740/4345 3968/7732/3105 1280/7734/980 2699/7742/2205
f 3969/7741/3110 5511/7740/4345 2699/7742/2205 1281/7743/981
f 1278/7724/5 3902/7744/5 5512/7745/4346 3967/7725/3109
f 3902/7744/5 1282/7746/5 3970/7747/3111 5512/7745/4346
f 5512/7745/4346 3970/7747/3111 705/7748/593 2714/7749/2219
f 3967/7725/3109 5512/7745/4346 2714/7749/2219 715/7726/603
f 1283/7750/5 3903/7751/5 5513/7752/5 3971/7753/5
f 3903/7751/5 1277/7711/5 3964/7714/5 5513/7752/5
f 5513/7752/5 3964/7714/5 692/7719/580 2727/7754/2230
f 3971/7753/5 5513/7752/5 2727/7754/2230 693/7755/581
f 1284/7756/5 3904/7757/5 5514/7758/3108 3972/7759/3112
f 3904/7757/5 1279/7720/5 3966/7723/3108 5514/7758/3108
f 5514/7758/3108 3966/7723/3108 716/7728/604 2737/7760/2240
f 3972/7759/3112 5514/7758/3108 2737/7760/2240 717/7761/605
f 1285/7762/5 3905/7763/5 5515/7764/4347 3973/7765/3105
f 3905/7763/5 1286/7766/5 3974/7767/3113 5515/7764/4347
f 5515/7764/4347 3974/7767/3113 743/7768/630 2741/7769/2243
f 3973/7765/3105 5515/7764/4347 2741/7769/2243 742/7770/629
f 1287/7771/5 3906/7772/5 5516/7773/4348 3975/7774/3114
f 3906/7772/5 1283/7750/5 3971/7753/5 5516/7773/4348
f 5516/7773/4348 3971/7753/5 693/7755/581 2785/7775/2282
f 3975/7774/3114 5516/7773/4348 2785/7775/2282 703/7776/591
f 570/7777/5 3907/7778/5 5517/7779/4349 3976/7780/3115
f 3907/7778/5 11/7590/5 3944/7593/3090 5517/7779/4349
f 5517/7779/4349 3944/7593/3090 1256/7598/962 2795/7781/2292
f 3976/7780/3115 5517/7779/4349 2795/7781/2292 1288/7782/982
f 1289/7783/5 3908/7784/5 5518/7785/3105 3977/7786/3105
f 3908/7784/5 1285/7762/5 3973/7765/3105 5518/7785/3105
f 5518/7785/3105 3973/7765/3105 742/7770/629 2796/7787/2293
f 3977/7786/3105 5518/7785/3105 2796/7787/2293 741/7788/628
f 1286/7766/5 3909/7789/5 5519/7790/4350 3974/7767/3113
f 3909/7789/5 1284/7756/5 3972/7759/3112 5519/7790/4350
f 5519/7790/4350 3972/7759/3112 717/7761/605 2797/7791/2294
f 3974/7767/3113 5519/7790/4350 2797/7791/2294 743/7768/630
f 757/7700/5 3910/7792/5 5520/7793/4351 3962/7701/3106
f 3910/7792/5 1289/7783/5 3977/7786/3105 5520/7793/4351
f 5520/7793/4351 3977/7786/3105 741/7788/628 2802/7794/2298
f 3962/7701/3106 5520/7793/4351 2802/7794/2298 1274/7702/978
f 582/7795/5 3911/7796/5 5521/7797/4352 3978/7798/3116
f 3911/7796/5 583/7799/5 3979/7800/3117 5521/7797/4352
f 5521/7797/4352 3979/7800/3117 1291/7801/984 2805/7802/2301
f 3978/7798/3116 5521/7797/4352 2805/7802/2301 1290/7803/983
f 801/7683/5 3912/7804/5 5522/7805/3118 3958/7684/3102
f 3912/7804/5 800/7806/5 3980/7807/3118 5522/7805/3118
f 5522/7805/3118 3980/7807/3118 1292/7808/985 2871/7809/2358
f 3958/7684/3102 5522/7805/3118 2871/7809/2358 1270/7685/974
f 800/7806/5 3913/7810/5 5523/7811/4353 3980/7807/3118
f 3913/7810/5 805/7738/5 3969/7741/3110 5523/7811/4353
f 5523/7811/4353 3969/7741/3110 1281/7743/981 2873/7812/2360
f 3980/7807/3118 5523/7811/4353 2873/7812/2360 1292/7808/985
f 1276/7715/5 3914/7813/5 5524/7814/4354 3965/7716/3107
f 3914/7813/5 570/7777/5 3976/7780/3115 5524/7814/4354
f 5524/7814/4354 3976/7780/3115 1288/7782/982 2898/7815/2384
f 3965/7716/3107 5524/7814/4354 2898/7815/2384 691/7717/579
f 1293/7816/5 3915/7817/5 5525/7818/4355 3981/7819/3111
f 3915/7817/5 1287/7771/5 3975/7774/3114 5525/7818/4355
f 5525/7818/4355 3975/7774/3114 703/7776/591 2902/7820/2388
f 3981/7819/3111 5525/7818/4355 2902/7820/2388 704/7821/592
f 583/7799/5 3916/7822/5 5526/7823/4356 3979/7800/3117
f 3916/7822/5 584/7687/5 3959/7690/3103 5526/7823/4356
f 5526/7823/4356 3959/7690/3103 1271/7695/975 2920/7824/2405
f 3979/7800/3117 5526/7823/4356 2920/7824/2405 1291/7801/984
f 1282/7746/5 3917/7825/5 5527/7826/3111 3970/7747/3111
f 3917/7825/5 1293/7816/5 3981/7819/3111 5527/7826/3111
f 5527/7826/3111 3981/7819/3111 704/7821/592 2961/7827/2440
f 3970/7747/3111 5527/7826/3111 2961/7827/2440 705/7748/593
f 581/7828/5 3918/7829/5 5528/7830/4357 3982/7831/3119
f 3918/7829/5 582/7795/5 3978/7798/3116 5528/7830/4357
f 5528/7830/4357 3978/7798/3116 1290/7803/983 2981/7832/2460
f 3982/7831/3119 5528/7830/4357 2981/7832/2460 1294/7833/986
f 823/7834/5 3919/7835/5 5529/7836/4358 3983/7837/3120
f 3919/7835/5 581/7828/5 3982/7831/3119 5529/7836/4358
f 5529/7836/4358 3982/7831/3119 1294/7833/986 3349/7838/2736
f 3983/7837/3120 5529/7836/4358 3349/7838/2736 1295/7839/987
f 1085/7654/5 3920/7840/5 5530/7841/4359 3953/7655/3097
f 3920/7840/5 1126/7842/5 3984/7843/3121 5530/7841/4359
f 5530/7841/4359 3984/7843/3121 1296/7844/988 3354/7845/2738
f 3953/7655/3097 5530/7841/4359 3354/7845/2738 1265/7656/969
f 1133/7846/5 3922/7847/5 5531/7848/4360 3985/7849/3122
f 3922/7847/5 823/7834/5 3983/7837/3120 5531/7848/4360
f 5531/7848/4360 3983/7837/3120 1295/7839/987 3535/7850/2842
f 3985/7849/3122 5531/7848/4360 3535/7850/2842 1297/7851/989
f 23/7646/5 3923/7852/5 5532/7853/4361 3951/7647/3095
f 3923/7852/5 506/7659/5 3954/7662/3098 5532/7853/4361
f 5532/7853/4361 3954/7662/3098 1266/7667/970 3666/7854/2970
f 3951/7647/3095 5532/7853/4361 3666/7854/2970 1263/7648/967
f 1298/6382/5 3891/7855/5 5533/7856/5 3989/6383/5
f 1111/6499/5 3536/6502/5 5533/7856/5 3891/7855/5
f 497/1058/5 3989/6383/5 5533/7856/5 3536/6502/5
f 1007/4173/5 3861/7482/5 5534/7857/5 3990/6495/5
f 1133/7484/5 3921/7858/5 5534/7857/5 3861/7482/5
f 1299/6497/5 3990/6495/5 5534/7857/5 3921/7858/5
f 1296/7844/988 3984/7843/3121 5535/7859/4362 3991/7860/3124
f 1126/7842/5 3987/7861/5 5535/7859/4362 3984/7843/3121
f 1299/7862/5 3991/7860/3124 5535/7859/4362 3987/7861/5
f 1111/7663/5 3891/7863/5 5536/7864/4363 3955/7664/3099
f 3891/7863/5 1298/7668/5 3988/7671/3123 5536/7864/4363
f 5536/7864/4363 3988/7671/3123 1264/7658/968 2371/7865/1941
f 3955/7664/3099 5536/7864/4363 2371/7865/1941 1267/7665/971
f 1133/7846/5 3985/7849/3122 5537/7866/4364 3921/7867/5
f 3985/7849/3122 1297/7851/989 3372/7868/2756 5537/7866/4364
f 5537/7866/4364 3372/7868/2756 1296/7844/988 3991/7860/3124
f 3921/7867/5 5537/7866/4364 3991/7860/3124 1299/7862/5
f 838/7869/687 3097/7870/2562 5538/7871/4365 3079/7872/2544
f 3097/7870/2562 869/7873/715 3041/7874/2507 5538/7871/4365
f 5538/7871/4365 3041/7874/2507 1305/5199/992 3999/5196/3129
f 3079/7872/2544 5538/7871/4365 3999/5196/3129 1306/5195/993
f 869/5114/715 3061/5113/2527 5539/7875/4366 3041/7876/2507
f 3061/5113/2527 851/4613/699 3021/7877/699 5539/7875/4366
f 5539/7875/4366 3021/7877/699 1304/7878/699 4000/7879/3130
f 3041/7876/2507 5539/7875/4366 4000/7879/3130 1305/7880/992
f 851/4613/699 3022/4994/699 5540/7881/699 3021/7877/699
f 3022/4994/699 316/1911/258 2016/7882/258 5540/7881/699
f 5540/7881/699 2016/7882/258 1300/7883/258 4001/7884/258
f 3021/7877/699 5540/7881/699 4001/7884/258 1304/7878/699
f 319/7885/261 2076/7886/1651 5541/7887/4367 2094/7888/1669
f 2076/7886/1651 1303/2111/991 4002/2114/3131 5541/7887/4367
f 5541/7887/4367 4002/2114/3131 1302/2119/990 2038/7889/1613
f 2094/7888/1669 5541/7887/4367 2038/7889/1613 350/7890/290
f 350/2030/290 2038/7891/1613 5542/7892/4368 2058/2031/1633
f 2038/7891/1613 1302/7893/990 4003/7894/3132 5542/7892/4368
f 5542/7892/4368 4003/7894/3132 1301/7895/273 2018/7896/273
f 2058/2031/1633 5542/7892/4368 2018/7896/273 332/1502/273
f 332/1502/273 2018/7896/273 5543/7897/273 2019/1910/273
f 2018/7896/273 1301/7895/273 4004/7898/258 5543/7897/273
f 5543/7897/273 4004/7898/258 1300/7883/258 2016/7882/258
f 2019/1910/273 5543/7897/273 2016/7882/258 316/1911/258
f 1304/7878/699 4001/7884/258 5544/7899/258 3996/7900/699
f 4001/7884/258 1300/7883/258 3992/7901/258 5544/7899/258
f 5544/7899/258 3992/7901/258 1307/1538/277 4008/4641/277
f 3996/7900/699 5544/7899/258 4008/4641/277 1309/4640/699
f 1301/7895/273 3993/7902/273 5545/7903/258 4004/7898/258
f 3993/7902/273 1308/1530/273 4009/1533/277 5545/7903/258
f 5545/7903/258 4009/1533/277 1307/1538/277 3992/7901/258
f 4004/7898/258 5545/7903/258 3992/7901/258 1300/7883/258
f 349/2008/289 2057/2011/1632 5546/7904/4369 4010/7905/3136
f 1401/1534/1073 4006/1531/3134 5546/7904/4369 2057/2011/1632
f 1308/1530/273 4010/7905/3136 5546/7904/4369 4006/1531/3134
f 349/2008/289 4010/7905/3136 5547/7906/4370 3994/7907/3125
f 4010/7905/3136 1308/1530/273 3993/7902/273 5547/7906/4370
f 5547/7906/4370 3993/7902/273 1301/7895/273 4003/7894/3132
f 3994/7907/3125 5547/7906/4370 4003/7894/3132 1302/7893/990
f 1309/4640/699 4007/4643/3135 5548/7908/4371 4011/7909/3137
f 1423/4645/1095 3060/5092/2526 5548/7908/4371 4007/4643/3135
f 868/5091/714 4011/7909/3137 5548/7908/4371 3060/5092/2526
f 1304/7878/699 3996/7900/699 5549/7910/4372 4000/7879/3130
f 3996/7900/699 1309/4640/699 4011/7909/3137 5549/7910/4372
f 5549/7910/4372 4011/7909/3137 868/5091/714 3997/7911/3127
f 4000/7879/3130 5549/7910/4372 3997/7911/3127 1305/7880/992
f 1312/7912/996 4017/7913/3142 5550/7914/4373 4046/7915/996
f 1317/7916/1001 4045/7917/3160 5550/7914/4373 4017/7913/3142
f 1325/7918/1007 4046/7915/996 5550/7914/4373 4045/7917/3160
f 1314/7919/998 4015/7920/3140 5551/7921/4374 4031/7922/3152
f 1310/7923/994 4032/7924/3153 5551/7921/4374 4015/7920/3140
f 1317/7916/1001 4031/7922/3152 5551/7921/4374 4032/7924/3153
f 1310/7923/994 4012/7925/1021 5552/7926/995 4033/7927/3154
f 1311/7928/995 4034/7929/1011 5552/7926/995 4012/7925/1021
f 1324/7930/1006 4033/7927/3154 5552/7926/995 4034/7929/1011
f 1325/7918/1007 4035/7931/3155 5553/7932/3148 4025/7933/3148
f 1310/7923/994 4033/7927/3154 5553/7932/3148 4035/7931/3155
f 1324/7930/1006 4025/7933/3148 5553/7932/3148 4033/7927/3154
f 1311/7928/995 4022/7934/3146 5554/7935/995 4034/7929/1011
f 1318/7936/1002 4036/7937/3156 5554/7935/995 4022/7934/3146
f 1324/7930/1006 4034/7929/1011 5554/7935/995 4036/7937/3156
f 1318/7936/1002 4019/7938/3144 5555/7939/1004 4037/7940/3157
f 1319/7941/1003 4038/7942/3158 5555/7939/1004 4019/7938/3144
f 1323/7943/1005 4037/7940/3157 5555/7939/1004 4038/7942/3158
f 1319/7941/1003 4020/7944/1003 5556/7945/1004 4038/7942/3158
f 1320/7946/1004 4039/7947/3145 5556/7945/1004 4020/7944/1003
f 1323/7943/1005 4038/7942/3158 5556/7945/1004 4039/7947/3145
f 1320/7946/1004 4021/7948/3145 5557/7949/3145 4040/7950/3145
f 1321/7951/1000 4041/7952/3145 5557/7949/3145 4021/7948/3145
f 1327/7953/1009 4040/7950/3145 5557/7949/3145 4041/7952/3145
f 1323/7943/1005 4039/7947/3145 5558/7954/4375 4029/7955/3150
f 1320/7946/1004 4042/7956/3145 5558/7954/4375 4039/7947/3145
f 1328/7957/1008 4029/7955/3150 5558/7954/4375 4042/7956/3145
f 1321/7951/1000 4023/7958/1000 5559/7959/3145 4043/7960/3145
f 1322/7961/1000 4026/7962/3149 5559/7959/3145 4023/7958/1000
f 1326/7963/1008 4043/7960/3145 5559/7959/3145 4026/7962/3149
f 1326/7963/1008 4027/7964/1008 5560/7965/3145 4043/7960/3145
f 1327/7953/1009 4041/7952/3145 5560/7965/3145 4027/7964/1008
f 1321/7951/1000 4043/7960/3145 5560/7965/3145 4041/7952/3145
f 1327/7953/1009 4028/7966/1008 5561/7967/3145 4040/7950/3145
f 1328/7957/1008 4042/7956/3145 5561/7967/3145 4028/7966/1008
f 1320/7946/1004 4040/7950/3145 5561/7967/3145 4042/7956/3145
f 1323/7943/1005 4024/7968/3147 5562/7969/3147 4037/7940/3157
f 1324/7930/1006 4036/7937/3156 5562/7969/3147 4024/7968/3147
f 1318/7936/1002 4037/7940/3157 5562/7969/3147 4036/7937/3156
f 1325/7918/1007 4030/7970/3151 5563/7971/4376 4044/7972/3159
f 1316/7973/1000 4016/7974/3141 5563/7971/4376 4030/7970/3151
f 1313/7975/997 4044/7972/3159 5563/7971/4376 4016/7974/3141
f 1315/7976/999 4014/7977/3139 5564/7978/4377 4018/7979/3143
f 1314/7919/998 4031/7922/3152 5564/7978/4377 4014/7977/3139
f 1317/7916/1001 4018/7979/3143 5564/7978/4377 4031/7922/3152
f 1310/7923/994 4035/7931/3155 5565/7980/4378 4032/7924/3153
f 1325/7918/1007 4045/7917/3160 5565/7980/4378 4035/7931/3155
f 1317/7916/1001 4032/7924/3153 5565/7980/4378 4045/7917/3160
f 1325/7918/1007 4044/7972/3159 5566/7981/4379 4046/7915/996
f 1313/7975/997 4013/7982/3138 5566/7981/4379 4044/7972/3159
f 1312/7912/996 4046/7915/996 5566/7981/4379 4013/7982/3138
f 1331/7983/1012 4081/7984/1012 5567/7985/4380 4052/7986/3165
f 1344/7987/1021 4080/7988/3181 5567/7985/4380 4081/7984/1012
f 1336/7989/1016 4052/7986/3165 5567/7985/4380 4080/7988/3181
f 1333/7990/1014 4066/7991/3173 5568/7992/4381 4050/7993/3163
f 1336/7989/1016 4067/7994/3174 5568/7992/4381 4066/7991/3173
f 1329/7995/1010 4050/7993/3163 5568/7992/4381 4067/7994/3174
f 1329/7995/1010 4068/7996/3175 5569/7997/1011 4047/7998/1007
f 1343/7999/1020 4069/8000/995 5569/7997/1011 4068/7996/3175
f 1330/8001/1011 4047/7998/1007 5569/7997/1011 4069/8000/995
f 1344/7987/1021 4060/8002/3170 5570/8003/3170 4070/8004/3176
f 1343/7999/1020 4068/7996/3175 5570/8003/3170 4060/8002/3170
f 1329/7995/1010 4070/8004/3176 5570/8003/3170 4068/7996/3175
f 1330/8001/1011 4069/8000/995 5571/8005/1011 4057/8006/3168
f 1343/7999/1020 4071/8007/3177 5571/8005/1011 4069/8000/995
f 1337/8008/1017 4057/8006/3168 5571/8005/1011 4071/8007/3177
f 1337/8008/1017 4072/8009/3178 5572/8010/1000 4054/8011/3167
f 1342/8012/1019 4073/8013/3179 5572/8010/1000 4072/8009/3178
f 1338/8014/1018 4054/8011/3167 5572/8010/1000 4073/8013/3179
f 1338/8014/1018 4073/8013/3179 5573/8015/1000 4055/8016/1018
f 1342/8012/1019 4074/8017/3145 5573/8015/1000 4073/8013/3179
f 1339/8018/1000 4055/8016/1018 5573/8015/1000 4074/8017/3145
f 1339/8018/1000 4075/8019/3145 5574/8020/3145 4056/8021/3145
f 1346/8022/1009 4076/8023/3145 5574/8020/3145 4075/8019/3145
f 1340/8024/1004 4056/8021/3145 5574/8020/3145 4076/8023/3145
f 1342/8012/1019 4064/8025/3172 5575/8026/4382 4074/8017/3145
f 1347/8027/1008 4077/8028/3145 5575/8026/4382 4064/8025/3172
f 1339/8018/1000 4074/8017/3145 5575/8026/4382 4077/8028/3145
f 1340/8024/1004 4078/8029/3145 5576/8030/3145 4058/8031/1004
f 1345/8032/1008 4061/8033/3171 5576/8030/3145 4078/8029/3145
f 1341/8034/1004 4058/8031/1004 5576/8030/3145 4061/8033/3171
f 1345/8032/1008 4078/8029/3145 5577/8035/3145 4062/8036/1008
f 1340/8024/1004 4076/8023/3145 5577/8035/3145 4078/8029/3145
f 1346/8022/1009 4062/8036/1008 5577/8035/3145 4076/8023/3145
f 1346/8022/1009 4075/8019/3145 5578/8037/3145 4063/8038/1008
f 1339/8018/1000 4077/8028/3145 5578/8037/3145 4075/8019/3145
f 1347/8027/1008 4063/8038/1008 5578/8037/3145 4077/8028/3145
f 1342/8012/1019 4072/8009/3178 5579/8039/3169 4059/8040/3169
f 1337/8008/1017 4071/8007/3177 5579/8039/3169 4072/8009/3178
f 1343/7999/1020 4059/8040/3169 5579/8039/3169 4071/8007/3177
f 1344/7987/1021 4079/8041/3180 5580/8042/4376 4065/8043/3151
f 1332/8044/1013 4051/8045/3164 5580/8042/4376 4079/8041/3180
f 1335/8046/1004 4065/8043/3151 5580/8042/4376 4051/8045/3164
f 1334/8047/1015 4053/8048/3166 5581/8049/4383 4049/8050/3162
f 1336/7989/1016 4066/7991/3173 5581/8049/4383 4053/8048/3166
f 1333/7990/1014 4049/8050/3162 5581/8049/4383 4066/7991/3173
f 1329/7995/1010 4067/7994/3174 5582/8051/4384 4070/8004/3176
f 1336/7989/1016 4080/7988/3181 5582/8051/4384 4067/7994/3174
f 1344/7987/1021 4070/8004/3176 5582/8051/4384 4080/7988/3181
f 1344/7987/1021 4081/7984/1012 5583/8052/4385 4079/8041/3180
f 1331/7983/1012 4048/8053/3161 5583/8052/4385 4081/7984/1012
f 1332/8044/1013 4079/8041/3180 5583/8052/4385 4048/8053/3161
f 888/3130/733 3113/5322/2577 5584/8054/4386 4082/8055/3182
f 3113/5322/2577 875/5321/721 3449/8056/2786 5584/8054/4386
f 5584/8054/4386 3449/8056/2786 1329/8057/1010 4047/8058/1007
f 4082/8055/3182 5584/8054/4386 4047/8058/1007 1330/8059/1011
f 886/5379/731 3127/5378/2590 5585/8060/4387 3458/6194/2793
f 3127/5378/2590 905/5377/750 4084/8061/3184 5585/8060/4387
f 5585/8060/4387 4084/8061/3184 1341/8062/1004 4061/8063/3171
f 3458/6194/2793 5585/8060/4387 4061/8063/3171 1345/6195/1008
f 359/2290/299 2119/2297/1694 5586/8064/4388 4087/8065/3187
f 2119/2297/1694 385/2296/325 3450/8066/2787 5586/8064/4388
f 5586/8064/4388 3450/8066/2787 1321/8067/1000 4021/8068/3145
f 4087/8065/3187 5586/8064/4388 4021/8068/3145 1320/8069/1004
f 889/5328/734 3114/5327/2578 5587/8070/4389 2465/6142/2015
f 3114/5327/2578 881/5326/727 3444/6154/2781 5587/8070/4389
f 5587/8070/4389 3444/6154/2781 1332/6158/1013 4048/8071/3161
f 2465/6142/2015 5587/8070/4389 4048/8071/3161 1331/6143/1012
f 1349/8072/1023 4090/8073/3190 5588/8074/4390 4100/8075/3198
f 1350/8076/1024 4089/8077/3189 5588/8074/4390 4090/8073/3190
f 1351/8078/1025 4100/8075/3198 5588/8074/4390 4089/8077/3189
f 1350/8076/1024 4090/8073/3190 5589/8079/4391 4096/8080/3194
f 1349/8072/1023 4088/8081/3188 5589/8079/4391 4090/8073/3190
f 1348/8082/1022 4096/8080/3194 5589/8079/4391 4088/8081/3188
f 1359/8083/1033 4101/8084/3199 5590/8085/4392 4097/8086/3195
f 1351/8078/1025 4091/8087/3191 5590/8085/4392 4101/8084/3199
f 1352/8088/1026 4097/8086/3195 5590/8085/4392 4091/8087/3191
f 1352/8088/1026 4091/8087/3191 5591/8089/4393 4098/8090/3196
f 1351/8078/1025 4089/8077/3189 5591/8089/4393 4091/8087/3191
f 1350/8076/1024 4098/8090/3196 5591/8089/4393 4089/8077/3189
f 1348/8082/1022 4088/8081/3188 5592/8091/1028 4093/8092/3193
f 4088/8081/3188 1349/8072/1023 4092/8093/3192 5592/8091/1028
f 5592/8091/1028 4092/8093/3192 1353/8094/1027 4107/8095/3201
f 4093/8092/3193 5592/8091/1028 4107/8095/3201 1354/8096/1028
f 1364/8097/1038 4111/8098/3203 5593/8099/3204 4113/8100/3204
f 4111/8098/3203 1363/8101/1037 4108/8102/3192 5593/8099/3204
f 5593/8099/3204 4108/8102/3192 1353/8094/1027 4092/8093/3192
f 4113/8100/3204 5593/8099/3204 4092/8093/3192 1349/8072/1023
f 1361/8103/1035 4112/8104/1051 5594/8105/1034 4104/8106/3200
f 1360/8107/1034 4106/8108/1036 5594/8105/1034 4112/8104/1051
f 1362/8109/1036 4104/8106/3200 5594/8105/1034 4106/8108/1036
f 1357/8110/1031 4095/8111/1051 5595/8112/1051 4103/8113/1031
f 4095/8111/1051 1358/8114/1032 4099/8115/3197 5595/8112/1051
f 5595/8112/1051 4099/8115/3197 1360/8107/1034 4112/8104/1051
f 4103/8113/1031 5595/8112/1051 4112/8104/1051 1361/8103/1035
f 1355/8116/1029 4094/8117/1051 5596/8118/4394 4102/8119/1031
f 4094/8117/1051 1356/8120/1030 4109/8121/1030 5596/8118/4394
f 5596/8118/4394 4109/8121/1030 1358/8114/1032 4095/8111/1051
f 4102/8119/1031 5596/8118/4394 4095/8111/1051 1357/8110/1031
f 1348/8082/1022 4093/8092/3193 5597/8122/3202 4105/8123/1038
f 4093/8092/3193 1354/8096/1028 4110/8124/3202 5597/8122/3202
f 5597/8122/3202 4110/8124/3202 1356/8120/1030 4094/8117/1051
f 4105/8123/1038 5597/8122/3202 4094/8117/1051 1355/8116/1029
f 1366/8125/1040 4126/8126/3214 5598/8127/4395 4116/8128/3207
f 1368/8129/1042 4115/8130/3206 5598/8127/4395 4126/8126/3214
f 1367/8131/1041 4116/8128/3207 5598/8127/4395 4115/8130/3206
f 1367/8131/1041 4122/8132/3211 5599/8133/4396 4116/8128/3207
f 1365/8134/1039 4114/8135/3205 5599/8133/4396 4122/8132/3211
f 1366/8125/1040 4116/8128/3207 5599/8133/4396 4114/8135/3205
f 1376/8136/1049 4123/8137/3212 5600/8138/4397 4127/8139/3215
f 1369/8140/1043 4117/8141/3208 5600/8138/4397 4123/8137/3212
f 1368/8129/1042 4127/8139/3215 5600/8138/4397 4117/8141/3208
f 1369/8140/1043 4124/8142/3213 5601/8143/4398 4117/8141/3208
f 1367/8131/1041 4115/8130/3206 5601/8143/4398 4124/8142/3213
f 1368/8129/1042 4117/8141/3208 5601/8143/4398 4115/8130/3206
f 1365/8134/1039 4119/8144/3210 5602/8145/1045 4114/8135/3205
f 4119/8144/3210 1371/8146/1045 4133/8147/3216 5602/8145/1045
f 5602/8145/1045 4133/8147/3216 1370/8148/1044 4118/8149/3209
f 4114/8135/3205 5602/8145/1045 4118/8149/3209 1366/8125/1040
f 1381/8150/1053 4139/8151/3219 5603/8152/3219 4137/8153/3218
f 4139/8151/3219 1366/8125/1040 4118/8149/3209 5603/8152/3219
f 5603/8152/3219 4118/8149/3209 1370/8148/1044 4134/8154/3209
f 4137/8153/3218 5603/8152/3219 4134/8154/3209 1380/8155/1052
f 1378/8156/1050 4130/8157/3200 5604/8158/1034 4138/8159/1036
f 1379/8160/1051 4132/8161/1051 5604/8158/1034 4130/8157/3200
f 1377/8162/1034 4138/8159/1036 5604/8158/1034 4132/8161/1051
f 1374/8163/1048 4129/8164/1048 5605/8165/1036 4121/8166/1036
f 4129/8164/1048 1378/8156/1050 4138/8159/1036 5605/8165/1036
f 5605/8165/1036 4138/8159/1036 1377/8162/1034 4125/8167/3197
f 4121/8166/1036 5605/8165/1036 4125/8167/3197 1375/8168/1032
f 1372/8169/1046 4128/8170/1048 5606/8171/4399 4120/8172/1036
f 4128/8170/1048 1374/8163/1048 4121/8166/1036 5606/8171/4399
f 5606/8171/4399 4121/8166/1036 1375/8168/1032 4135/8173/1047
f 4120/8172/1036 5606/8171/4399 4135/8173/1047 1373/8174/1047
f 1365/8134/1039 4131/8175/1053 5607/8176/3217 4119/8144/3210
f 4131/8175/1053 1372/8169/1046 4120/8172/1036 5607/8176/3217
f 5607/8176/3217 4120/8172/1036 1373/8174/1047 4136/8177/3217
f 4119/8144/3210 5607/8176/3217 4136/8177/3217 1371/8146/1045
f 360/2292/300 2138/2295/1712 5608/8178/4400 4150/8179/3230
f 2138/2295/1712 384/2190/324 4146/8180/3226 5608/8178/4400
f 5608/8178/4400 4146/8180/3226 1361/8181/1035 4104/8182/3200
f 4150/8179/3230 5608/8178/4400 4104/8182/3200 1362/8183/1036
f 910/2167/755 3147/5389/2608 5609/8184/4401 4148/2168/3228
f 3147/5389/2608 906/2216/751 4142/2219/3222 5609/8184/4401
f 5609/8184/4401 4142/2219/3222 1371/2221/1045 4136/8185/3217
f 4148/2168/3228 5609/8184/4401 4136/8185/3217 1373/2169/1047
f 382/2211/322 2139/2299/1713 5610/8186/4402 4143/8187/3223
f 2139/2299/1713 376/2243/316 4151/8188/3231 5610/8186/4402
f 5610/8186/4402 4151/8188/3231 1348/8189/1022 4105/8190/1038
f 4143/8187/3223 5610/8186/4402 4105/8190/1038 1355/8191/1029
f 882/5333/728 3134/5330/2595 5611/8192/4403 4153/8193/3233
f 3134/5330/2595 897/5329/742 4152/8194/3232 5611/8192/4403
f 5611/8192/4403 4152/8194/3232 1369/8195/1043 4123/8196/3212
f 4153/8193/3233 5611/8192/4403 4123/8196/3212 1376/8197/1049
f 908/2203/753 3148/5393/2609 5612/8198/4404 4145/2204/3225
f 3148/5393/2609 880/5392/726 2108/8199/1683 5612/8198/4404
f 5612/8198/4404 2108/8199/1683 1381/8200/1053 4137/8201/3218
f 4145/2204/3225 5612/8198/4404 4137/8201/3218 1380/2205/1052
f 368/2301/308 2140/2304/1714 5613/8202/4405 2106/8203/1681
f 2140/2304/1714 360/2309/300 4150/8204/3230 5613/8202/4405
f 5613/8202/4405 4150/8204/3230 1362/8205/1036 4106/8206/1036
f 2106/8203/1681 5613/8202/4405 4106/8206/1036 1360/8207/1034
f 897/5329/742 3135/5338/2596 5614/8208/4406 4152/8209/3232
f 3135/5338/2596 894/2172/739 4147/8210/3227 5614/8208/4406
f 5614/8208/4406 4147/8210/3227 1367/8211/1041 4124/8212/3213
f 4152/8209/3232 5614/8208/4406 4124/8212/3213 1369/8213/1043
f 388/2310/328 2141/2313/1715 5615/8214/4407 4154/8215/3234
f 2141/2313/1715 387/2318/327 3112/5313/2576 5615/8214/4407
f 5615/8214/4407 3112/5313/2576 1354/5317/1028 4107/8216/3201
f 4154/8215/3234 5615/8214/4407 4107/8216/3201 1353/8217/1027
f 887/5373/732 3136/5380/2597 5616/8218/4408 4140/8219/3220
f 3136/5380/2597 909/2163/754 4149/2166/3229 5616/8218/4408
f 5616/8218/4408 4149/2166/3229 1375/2171/1032 4125/8220/3197
f 4140/8219/3220 5616/8218/4408 4125/8220/3197 1377/8221/1034
f 389/2319/329 2142/2322/1716 5617/8222/4409 3107/5295/2571
f 2142/2322/1716 388/2310/328 4154/8215/3234 5617/8222/4409
f 5617/8222/4409 4154/8215/3234 1353/8217/1027 4108/8223/3192
f 3107/5295/2571 5617/8222/4409 4108/8223/3192 1363/5296/1037
f 376/2243/316 2129/2246/1703 5618/8224/4410 4151/8225/3231
f 2129/2246/1703 375/2251/315 2149/8226/1723 5618/8224/4410
f 5618/8224/4410 2149/8226/1723 1350/8227/1024 4096/8228/3194
f 4151/8225/3231 5618/8224/4410 4096/8228/3194 1348/8229/1022
f 896/5274/741 3137/5346/2598 5619/8230/4411 2109/5275/1684
f 3137/5346/2598 900/5345/745 4155/8231/3235 5619/8230/4411
f 5619/8230/4411 4155/8231/3235 1368/8232/1042 4126/8233/3214
f 2109/5275/1684 5619/8230/4411 4126/8233/3214 1366/5276/1040
f 391/2338/331 2143/2341/1717 5620/8234/4412 3152/5314/2613
f 2143/2341/1717 390/2332/330 2105/5256/1680 5620/8234/4412
f 5620/8234/4412 2105/5256/1680 1358/5260/1032 4109/8235/1030
f 3152/5314/2613 5620/8234/4412 4109/8235/1030 1356/5315/1030
f 900/5345/745 3138/5352/2599 5621/8236/4413 4155/8231/3235
f 3138/5352/2599 882/5351/728 4153/8237/3233 5621/8236/4413
f 5621/8236/4413 4153/8237/3233 1376/8238/1049 4127/8239/3215
f 4155/8231/3235 5621/8236/4413 4127/8239/3215 1368/8232/1042
f 76/76/64 4156/73/3236 5622/8240/4414 4200/8241/3268
f 4156/73/3236 289/72/233 4201/8242/3269 5622/8240/4414
f 5622/8240/4414 4201/8242/3269 1383/8243/1055 1451/8244/1119
f 4200/8241/3268 5622/8240/4414 1451/8244/1119 1382/8245/1054
f 320/85/262 4157/92/3237 5623/8246/4415 4202/8247/3270
f 4157/92/3237 99/91/87 4203/8248/3271 5623/8246/4415
f 5623/8246/4415 4203/8248/3271 1385/8249/1057 1460/8250/1127
f 4202/8247/3270 5623/8246/4415 1460/8250/1127 1384/8251/1056
f 77/83/65 4158/81/3238 5624/8252/4416 4204/8253/3272
f 4158/81/3238 76/76/64 4200/8241/3268 5624/8252/4416
f 5624/8252/4416 4200/8241/3268 1382/8245/1054 1535/8254/1184
f 4204/8253/3272 5624/8252/4416 1535/8254/1184 1386/8255/1058
f 325/80/267 4159/79/3239 5625/8256/4417 4205/8257/3273
f 4159/79/3239 54/78/42 4206/8258/3274 5625/8256/4417
f 5625/8256/4417 4206/8258/3274 1387/8259/1059 1599/8260/1240
f 4205/8257/3273 5625/8256/4417 1599/8260/1240 1388/8261/1060
f 289/72/233 4160/75/3240 5626/8262/4418 4201/8242/3269
f 4160/75/3240 325/80/267 4205/8257/3273 5626/8262/4418
f 5626/8262/4418 4205/8257/3273 1388/8261/1060 1600/8263/1241
f 4201/8242/3269 5626/8262/4418 1600/8263/1241 1383/8243/1055
f 78/89/66 4161/87/3241 5627/8264/4419 4207/8265/3275
f 4161/87/3241 77/83/65 4204/8253/3272 5627/8264/4419
f 5627/8264/4419 4204/8253/3272 1386/8255/1058 1606/8266/1247
f 4207/8265/3275 5627/8264/4419 1606/8266/1247 1389/8267/1061
f 54/78/42 4162/86/3242 5628/8268/4420 4206/8258/3274
f 4162/86/3242 320/85/262 4202/8247/3270 5628/8268/4420
f 5628/8268/4420 4202/8247/3270 1384/8251/1056 1683/8269/1311
f 4206/8258/3274 5628/8268/4420 1683/8269/1311 1387/8259/1059
f 1101/633/123 4163/636/123 5629/8270/4421 4208/8271/3276
f 4163/636/123 1100/118/123 4209/8272/3277 5629/8270/4421
f 5629/8270/4421 4209/8272/3277 1390/8273/1062 1803/8274/1417
f 4208/8271/3276 5629/8270/4421 1803/8274/1417 1391/8275/1063
f 1105/116/123 4164/6247/123 5630/8276/4422 4210/8277/3278
f 4164/6247/123 291/6246/123 4211/8278/3279 5630/8276/4422
f 5630/8276/4422 4211/8278/3279 1393/8279/1065 1950/8280/1541
f 4210/8277/3278 5630/8276/4422 1950/8280/1541 1392/8281/1064
f 1109/8282/838 4165/8283/3243 5631/8284/4423 4212/8285/3280
f 4165/8283/3243 294/1864/236 4213/8286/3281 5631/8284/4423
f 5631/8284/4423 4213/8286/3281 1394/1803/1066 1963/8287/1554
f 4212/8285/3280 5631/8284/4423 1963/8287/1554 1395/8288/1067
f 1107/109/836 4166/8289/3244 5632/8290/4424 4214/8291/3282
f 4166/8289/3244 296/8292/238 4215/8293/3283 5632/8290/4424
f 5632/8290/4424 4215/8293/3283 1397/8294/1069 1964/8295/1555
f 4214/8291/3282 5632/8290/4424 1964/8295/1555 1396/8296/1068
f 328/97/270 4167/104/3245 5633/8297/4425 4216/8298/3284
f 4167/104/3245 329/103/271 4217/8299/3285 5633/8297/4425
f 5633/8297/4425 4217/8299/3285 1399/8300/1071 1966/8301/1557
f 4216/8298/3284 5633/8297/4425 1966/8301/1557 1398/8302/1070
f 296/8292/238 4168/8303/3246 5634/8304/4426 4215/8293/3283
f 4168/8303/3246 1109/8282/838 4212/8305/3280 5634/8304/4426
f 5634/8304/4426 4212/8305/3280 1395/8306/1067 1967/8307/1558
f 4215/8293/3283 5634/8304/4426 1967/8307/1558 1397/8294/1069
f 329/105/271 4169/8308/3247 5635/8309/4427 4217/8310/3285
f 4169/8308/3247 330/1849/272 4218/8311/3286 5635/8309/4427
f 5635/8309/4427 4218/8311/3286 1400/8312/1072 1968/8313/1559
f 4217/8310/3285 5635/8309/4427 1968/8313/1559 1399/8314/1071
f 330/112/272 4170/8315/123 5636/8316/4428 4218/8317/3286
f 4170/8315/123 331/639/123 4219/8318/3287 5636/8316/4428
f 5636/8316/4428 4219/8318/3287 1401/8319/1073 1970/8320/1561
f 4218/8317/3286 5636/8316/4428 1970/8320/1561 1400/8321/1072
f 1110/111/839 4171/110/3248 5637/8322/4429 4220/8323/3288
f 4171/110/3248 1107/109/836 4214/8291/3282 5637/8322/4429
f 5637/8322/4429 4214/8291/3282 1396/8296/1068 1971/8324/1562
f 4220/8323/3288 5637/8322/4429 1971/8324/1562 1402/8325/1074
f 291/1843/123 4172/1846/123 5638/8326/4430 4211/8327/3279
f 4172/1846/123 1110/111/839 4220/8323/3288 5638/8326/4430
f 5638/8326/4430 4220/8323/3288 1402/8325/1074 1974/8328/1564
f 4211/8327/3279 5638/8326/4430 1974/8328/1564 1393/8329/1065
f 331/639/123 4173/638/123 5639/8330/4431 4219/8318/3287
f 4173/638/123 136/637/123 4221/8331/3289 5639/8330/4431
f 5639/8330/4431 4221/8331/3289 1403/8332/1075 1977/8333/1566
f 4219/8318/3287 5639/8330/4431 1977/8333/1566 1401/8319/1073
f 99/91/87 4174/98/3249 5640/8334/4432 4203/8248/3271
f 4174/98/3249 328/97/270 4216/8298/3284 5640/8334/4432
f 5640/8334/4432 4216/8298/3284 1398/8302/1070 1979/8335/1567
f 4203/8248/3271 5640/8334/4432 1979/8335/1567 1385/8249/1057
f 79/95/67 4175/93/3250 5641/8336/4433 4222/8337/3290
f 4175/93/3250 78/89/66 4207/8265/3275 5641/8336/4433
f 5641/8336/4433 4207/8265/3275 1389/8267/1061 1980/8338/1568
f 4222/8337/3290 5641/8336/4433 1980/8338/1568 1404/8339/1076
f 1100/118/123 4176/117/123 5642/8340/4434 4209/8272/3277
f 4176/117/123 1105/116/123 4210/8277/3278 5642/8340/4434
f 5642/8340/4434 4210/8277/3278 1392/8281/1064 1987/8341/1572
f 4209/8272/3277 5642/8340/4434 1987/8341/1572 1390/8273/1062
f 294/101/236 4177/99/3251 5643/8342/4435 4213/8343/3281
f 4177/99/3251 79/95/67 4222/8337/3290 5643/8342/4435
f 5643/8342/4435 4222/8337/3290 1404/8339/1076 2344/8344/1917
f 4213/8343/3281 5643/8342/4435 2344/8344/1917 1394/8345/1066
f 813/3256/667 4178/3259/3252 5644/8346/4436 4223/8347/3291
f 4178/3259/3252 630/3264/518 4224/8348/3292 5644/8346/4436
f 5644/8346/4436 4224/8348/3292 1405/8349/1077 2492/8350/2036
f 4223/8347/3291 5644/8346/4436 2492/8350/2036 1406/8351/1078
f 652/3274/540 4179/3273/3253 5645/8352/4437 4225/8353/3293
f 4179/3273/3253 839/3268/688 4226/8354/3294 5645/8352/4437
f 5645/8352/4437 4226/8354/3294 1407/8355/1079 2499/8356/2043
f 4225/8353/3293 5645/8352/4437 2499/8356/2043 1408/8357/1080
f 630/3264/518 4180/3266/3254 5646/8358/4438 4224/8348/3292
f 4180/3266/3254 631/3270/519 4227/8359/3295 5646/8358/4438
f 5646/8358/4438 4227/8359/3295 1409/8360/1081 2572/8361/2100
f 4224/8348/3292 5646/8358/4438 2572/8361/2100 1405/8349/1077
f 609/3262/497 4181/3261/3255 5647/8362/4439 4228/8363/3296
f 4181/3261/3255 844/3260/693 4229/8364/3297 5647/8362/4439
f 5647/8362/4439 4229/8364/3297 1411/8365/1083 2633/8366/2147
f 4228/8363/3296 5647/8362/4439 2633/8366/2147 1410/8367/1082
f 844/3260/693 4182/3257/3256 5648/8368/4440 4229/8364/3297
f 4182/3257/3256 813/3256/667 4223/8347/3291 5648/8368/4440
f 5648/8368/4440 4223/8347/3291 1406/8351/1078 2634/8369/2148
f 4229/8364/3297 5648/8368/4440 2634/8369/2148 1411/8365/1083
f 631/3270/519 4183/3272/3257 5649/8370/4441 4227/8359/3295
f 4183/3272/3257 632/3276/520 4230/8371/3298 5649/8370/4441
f 5649/8370/4441 4230/8371/3298 1412/8372/1084 2640/8373/2154
f 4227/8359/3295 5649/8370/4441 2640/8373/2154 1409/8360/1081
f 839/3268/688 4184/3267/3258 5650/8374/4442 4226/8354/3294
f 4184/3267/3258 609/3262/497 4228/8363/3296 5650/8374/4442
f 5650/8374/4442 4228/8363/3296 1410/8367/1082 2711/8375/2216
f 4226/8354/3294 5650/8374/4442 2711/8375/2216 1407/8355/1079
f 1124/3296/123 4185/3773/123 5651/8376/4421 4231/8377/3277
f 4185/3773/123 1101/633/123 4208/8271/3276 5651/8376/4421
f 5651/8376/4421 4208/8271/3276 1391/8275/1063 2826/8378/2319
f 4231/8377/3277 5651/8376/4421 2826/8378/2319 1413/8379/1085
f 815/6395/123 4186/6393/123 5652/8380/4443 4232/8381/3299
f 4186/6393/123 1127/3300/123 4233/8382/3300 5652/8380/4443
f 5652/8380/4443 4233/8382/3300 1414/8383/1086 2958/8384/2437
f 4232/8381/3299 5652/8380/4443 2958/8384/2437 1415/8385/1087
f 818/4955/670 4187/8386/3259 5653/8387/4444 4234/8388/3301
f 4187/8386/3259 1131/8389/856 4235/8390/3302 5653/8387/4444
f 5653/8387/4444 4235/8390/3302 1417/4911/1089 2971/4908/2450
f 4234/8388/3301 5653/8387/4444 2971/4908/2450 1416/4907/1088
f 820/8391/672 4188/8392/3260 5654/8393/4445 4236/8394/3303
f 4188/8392/3260 1129/3295/854 4237/8395/3304 5654/8393/4445
f 5654/8393/4445 4237/8395/3304 1418/8396/1090 2973/8397/2452
f 4236/8394/3303 5654/8393/4445 2973/8397/2452 1419/8398/1091
f 848/3286/697 4189/3285/3261 5655/8399/4446 4238/8400/3305
f 4189/3285/3261 847/3280/696 4239/8401/3306 5655/8399/4446
f 5655/8399/4446 4239/8401/3306 1420/8402/1092 2975/8403/2454
f 4238/8400/3305 5655/8399/4446 2975/8403/2454 1421/8404/1093
f 1131/8389/856 4190/8405/3262 5656/8406/4447 4235/8407/3302
f 4190/8405/3262 820/8391/672 4236/8394/3303 5656/8406/4447
f 5656/8406/4447 4236/8394/3303 1419/8398/1091 2976/8408/2455
f 4235/8407/3302 5656/8406/4447 2976/8408/2455 1417/8409/1089
f 849/4937/698 4191/8410/3263 5657/8411/4448 4240/8412/3307
f 4191/8410/3263 848/3289/697 4238/8413/3305 5657/8411/4448
f 5657/8411/4448 4238/8413/3305 1421/8414/1093 2977/8415/2456
f 4240/8412/3307 5657/8411/4448 2977/8415/2456 1422/8416/1094
f 850/3776/123 4192/8417/123 5658/8418/4449 4241/8419/3308
f 4192/8417/123 849/3302/698 4240/8420/3307 5658/8418/4449
f 5658/8418/4449 4240/8420/3307 1422/8421/1094 2979/8422/2458
f 4241/8419/3308 5658/8418/4449 2979/8422/2458 1423/8423/1095
f 1129/3295/854 4193/3294/3264 5659/8424/4450 4237/8395/3304
f 4193/3294/3264 1132/3293/857 4242/8425/3309 5659/8424/4450
f 5659/8424/4450 4242/8425/3309 1424/8426/1096 2980/8427/2459
f 4237/8395/3304 5659/8424/4450 2980/8427/2459 1418/8396/1090
f 1132/3293/857 4194/4932/123 5660/8428/4451 4242/8425/3309
f 4194/4932/123 815/4931/123 4232/8429/3299 5660/8428/4451
f 5660/8428/4451 4232/8429/3299 1415/8430/1087 2983/8431/2461
f 4242/8425/3309 5660/8428/4451 2983/8431/2461 1424/8426/1096
f 136/637/123 4195/3777/123 5661/8432/4452 4221/8331/3289
f 4195/3777/123 850/3776/123 4241/8419/3308 5661/8432/4452
f 5661/8432/4452 4241/8419/3308 1423/8423/1095 2986/8433/2463
f 4221/8331/3289 5661/8432/4452 2986/8433/2463 1403/8332/1075
f 847/3280/696 4196/3279/3265 5662/8434/4453 4239/8401/3306
f 4196/3279/3265 652/3274/540 4225/8353/3293 5662/8434/4453
f 5662/8434/4453 4225/8353/3293 1408/8357/1080 2988/8435/2464
f 4239/8401/3306 5662/8434/4453 2988/8435/2464 1420/8402/1092
f 632/3276/520 4197/3278/3266 5663/8436/4454 4230/8371/3298
f 4197/3278/3266 633/3282/521 4243/8437/3310 5663/8436/4454
f 5663/8436/4454 4243/8437/3310 1425/8438/1097 2989/8439/2465
f 4230/8371/3298 5663/8436/4454 2989/8439/2465 1412/8372/1084
f 1127/3300/123 4198/3297/123 5664/8440/4455 4233/8382/3300
f 4198/3297/123 1124/3296/123 4231/8377/3277 5664/8440/4455
f 5664/8440/4455 4231/8377/3277 1413/8379/1085 2995/8441/2469
f 4233/8382/3300 5664/8440/4455 2995/8441/2469 1414/8383/1086
f 633/3282/521 4199/3284/3267 5665/8442/4456 4243/8437/3310
f 4199/3284/3267 818/3288/670 4234/8443/3301 5665/8442/4456
f 5665/8442/4456 4234/8443/3301 1416/8444/1088 3347/8445/2734
f 4243/8437/3310 5665/8442/4456 3347/8445/2734 1425/8438/1097
