# Blender 4.4.3
# www.blender.org
mtllib track.mtl
o MXTRoadSegment.003_PreviewMesh
v -281.000000 272.000000 -20.000000 0.7353 0.7353 0.7353
v -281.000000 312.000000 -20.000000 0.7353 0.7353 0.7353
v -281.000000 352.000000 -20.000000 0.7353 0.7353 0.7353
v -281.000000 392.000000 -20.000000 0.7353 0.7353 0.7353
v -281.000000 432.000000 -20.000000 0.7353 0.7353 0.7353
v -405.682220 272.000000 -20.000017 0.7353 0.7353 0.7353
v -405.682220 312.000000 -20.000017 0.7353 0.7353 0.7353
v -405.682220 352.000000 -20.000017 0.7353 0.7353 0.7353
v -405.682220 392.000000 -20.000017 0.7353 0.7353 0.7353
v -405.682220 432.000000 -20.000017 0.7353 0.7353 0.7353
v -508.461639 272.000061 -20.000029 0.7353 0.7353 0.7353
v -508.461639 312.000061 -20.000029 0.7353 0.7353 0.7353
v -508.461639 352.000061 -20.000029 0.7353 0.7353 0.7353
v -508.461639 392.000061 -20.000029 0.7353 0.7353 0.7353
v -508.461639 432.000061 -20.000029 0.7353 0.7353 0.7353
v -604.240173 272.000061 -20.000044 0.7353 0.7353 0.7353
v -604.240173 312.000061 -20.000044 0.7353 0.7353 0.7353
v -604.240173 352.000061 -20.000044 0.7353 0.7353 0.7353
v -604.240173 392.000061 -20.000044 0.7353 0.7353 0.7353
v -604.240173 432.000061 -20.000044 0.7353 0.7353 0.7353
v -676.164062 272.000092 -20.000053 0.7353 0.7353 0.7353
v -676.164062 312.000092 -20.000053 0.7353 0.7353 0.7353
v -676.164062 352.000092 -20.000053 0.7353 0.7353 0.7353
v -676.164062 392.000092 -20.000053 0.7353 0.7353 0.7353
v -676.164062 432.000092 -20.000053 0.7353 0.7353 0.7353
v -281.000000 432.000000 -20.000000 0.9063 0.9063 0.9063
v -281.000000 432.000000 -26.750000 0.9063 0.9063 0.9063
v -405.682220 432.000000 -20.000017 0.9063 0.9063 0.9063
v -405.682220 432.000000 -26.750017 0.9063 0.9063 0.9063
v -508.461639 432.000061 -20.000029 0.9063 0.9063 0.9063
v -508.461639 432.000061 -26.750029 0.9063 0.9063 0.9063
v -604.240173 432.000061 -20.000044 0.9063 0.9063 0.9063
v -604.240173 432.000061 -26.750044 0.9063 0.9063 0.9063
v -676.164062 432.000092 -20.000053 0.9063 0.9063 0.9063
v -676.164062 432.000092 -26.750053 0.9063 0.9063 0.9063
v -281.000000 272.000000 -20.000000 0.9063 0.9063 0.9063
v -281.000000 272.000000 -26.750000 0.9063 0.9063 0.9063
v -405.682220 272.000000 -20.000017 0.9063 0.9063 0.9063
v -405.682220 272.000000 -26.750017 0.9063 0.9063 0.9063
v -508.461639 272.000061 -20.000029 0.9063 0.9063 0.9063
v -508.461639 272.000061 -26.750029 0.9063 0.9063 0.9063
v -604.240173 272.000061 -20.000044 0.9063 0.9063 0.9063
v -604.240173 272.000061 -26.750044 0.9063 0.9063 0.9063
v -676.164062 272.000092 -20.000053 0.9063 0.9063 0.9063
v -676.164062 272.000092 -26.750053 0.9063 0.9063 0.9063
vn -0.0000 -0.0000 -1.0000
vn -0.0000 -1.0000 -0.0000
vn -0.0000 1.0000 -0.0000
vt 0.000000 0.000000
vt 0.000000 2.524163
vt 0.250000 2.524163
vt 0.250000 0.000000
vt 0.500000 2.524163
vt 0.500000 0.000000
vt 0.750000 2.524163
vt 0.750000 0.000000
vt 1.000000 2.524163
vt 1.000000 0.000000
vt 0.000000 4.604906
vt 0.250000 4.604906
vt 0.500000 4.604906
vt 0.750000 4.604906
vt 1.000000 4.604906
vt 0.000000 6.543915
vt 0.250000 6.543915
vt 0.500000 6.543915
vt 0.750000 6.543915
vt 1.000000 6.543915
vt 0.000000 8.000000
vt 0.250000 8.000000
vt 0.500000 8.000000
vt 0.750000 8.000000
vt 1.000000 8.000000
s 1
usemtl track_surface
f 1/1/1 6/2/1 7/3/1 2/4/1
f 2/4/1 7/3/1 8/5/1 3/6/1
f 3/6/1 8/5/1 9/7/1 4/8/1
f 4/8/1 9/7/1 10/9/1 5/10/1
f 6/2/1 11/11/1 12/12/1 7/3/1
f 7/3/1 12/12/1 13/13/1 8/5/1
f 8/5/1 13/13/1 14/14/1 9/7/1
f 9/7/1 14/14/1 15/15/1 10/9/1
f 11/11/1 16/16/1 17/17/1 12/12/1
f 12/12/1 17/17/1 18/18/1 13/13/1
f 13/13/1 18/18/1 19/19/1 14/14/1
f 14/14/1 19/19/1 20/20/1 15/15/1
f 16/16/1 21/21/1 22/22/1 17/17/1
f 17/17/1 22/22/1 23/23/1 18/18/1
f 18/18/1 23/23/1 24/24/1 19/19/1
f 19/19/1 24/24/1 25/25/1 20/20/1
usemtl track_rail
f 26/1/2 28/2/2 29/9/2 27/10/2
f 28/2/2 30/11/2 31/15/2 29/9/2
f 30/11/2 32/16/2 33/20/2 31/15/2
f 32/16/2 34/21/2 35/25/2 33/20/2
f 37/10/3 39/9/3 38/2/3 36/1/3
f 39/9/3 41/15/3 40/11/3 38/2/3
f 41/15/3 43/20/3 42/16/3 40/11/3
f 43/20/3 45/25/3 44/21/3 42/16/3
o MXTRoadSegment.006_PreviewMesh
v -676.164062 272.000092 -20.000053 0.7353 0.7353 0.7353
v -676.164062 312.000092 -20.000053 0.7353 0.7353 0.7353
v -676.164062 352.000092 -20.000053 0.7353 0.7353 0.7353
v -676.164062 392.000092 -20.000053 0.7353 0.7353 0.7353
v -676.164062 432.000092 -20.000053 0.7353 0.7353 0.7353
v -696.292847 271.274139 -20.262215 0.7353 0.7353 0.7353
v -698.492615 311.213501 -20.179323 0.7353 0.7353 0.7353
v -700.692322 351.152893 -20.096432 0.7353 0.7353 0.7353
v -702.892029 391.092285 -20.013540 0.7353 0.7353 0.7353
v -705.091797 431.031647 -19.930649 0.7353 0.7353 0.7353
v -716.180908 269.046875 -20.718750 0.7353 0.7353 0.7353
v -720.653992 308.795654 -20.555498 0.7353 0.7353 0.7353
v -725.127075 348.544434 -20.392246 0.7353 0.7353 0.7353
v -729.600159 388.293213 -20.228994 0.7353 0.7353 0.7353
v -734.073242 428.041992 -20.065742 0.7353 0.7353 0.7353
v -735.715698 265.261414 -21.375343 0.7353 0.7353 0.7353
v -742.523682 304.677063 -21.135246 0.7353 0.7353 0.7353
v -749.331726 344.092712 -20.895151 0.7353 0.7353 0.7353
v -756.139771 383.508362 -20.655056 0.7353 0.7353 0.7353
v -762.947754 422.924011 -20.414959 0.7353 0.7353 0.7353
v -754.775818 259.887726 -22.233908 0.7353 0.7353 0.7353
v -763.964844 298.816681 -21.921543 0.7353 0.7353 0.7353
v -773.153931 337.745636 -21.609179 0.7353 0.7353 0.7353
v -782.343018 376.674591 -21.296814 0.7353 0.7353 0.7353
v -791.532043 415.603546 -20.984449 0.7353 0.7353 0.7353
v -773.236267 252.928436 -23.291740 0.7353 0.7353 0.7353
v -784.833801 291.208374 -22.912771 0.7353 0.7353 0.7353
v -796.431335 329.488312 -22.533804 0.7353 0.7353 0.7353
v -808.028870 367.768250 -22.154837 0.7353 0.7353 0.7353
v -819.626404 406.048187 -21.775867 0.7353 0.7353 0.7353
v -790.976868 244.422791 -24.541224 0.7353 0.7353 0.7353
v -804.989319 281.885559 -24.102371 0.7353 0.7353 0.7353
v -819.001770 319.348328 -23.663519 0.7353 0.7353 0.7353
v -833.014221 356.811096 -23.224667 0.7353 0.7353 0.7353
v -847.026672 394.273865 -22.785814 0.7353 0.7353 0.7353
v -807.890686 234.444977 -25.970020 0.7353 0.7353 0.7353
v -824.302307 270.919830 -25.478970 0.7353 0.7353 0.7353
v -840.713989 307.394714 -24.987921 0.7353 0.7353 0.7353
v -857.125671 343.869598 -24.496872 0.7353 0.7353 0.7353
v -873.537292 380.344452 -24.005821 0.7353 0.7353 0.7353
v -823.889221 223.098328 -27.562010 0.7353 0.7353 0.7353
v -842.662476 258.415192 -27.027277 0.7353 0.7353 0.7353
v -861.435669 293.732056 -26.492544 0.7353 0.7353 0.7353
v -880.208862 329.048920 -25.957811 0.7353 0.7353 0.7353
v -898.982117 364.365784 -25.423079 0.7353 0.7353 0.7353
v -838.908142 210.508972 -29.298145 0.7353 0.7353 0.7353
v -859.984497 244.501053 -28.728909 0.7353 0.7353 0.7353
v -881.060913 278.493134 -28.159672 0.7353 0.7353 0.7353
v -902.137329 312.485229 -27.590435 0.7353 0.7353 0.7353
v -923.213684 346.477295 -27.021198 0.7353 0.7353 0.7353
v -852.906311 196.814758 -31.157938 0.7353 0.7353 0.7353
v -876.208923 229.320679 -30.563875 0.7353 0.7353 0.7353
v -899.511536 261.826599 -29.969810 0.7353 0.7353 0.7353
v -922.814148 294.332520 -29.375746 0.7353 0.7353 0.7353
v -946.116760 326.838440 -28.781683 0.7353 0.7353 0.7353
v -865.864563 182.156693 -33.120552 0.7353 0.7353 0.7353
v -891.300476 213.021652 -32.511688 0.7353 0.7353 0.7353
v -916.736328 243.886612 -31.902824 0.7353 0.7353 0.7353
v -942.172180 274.751556 -31.293961 0.7353 0.7353 0.7353
v -967.608093 305.616516 -30.685097 0.7353 0.7353 0.7353
v -877.781616 166.672623 -35.165642 0.7353 0.7353 0.7353
v -905.244324 195.748795 -34.552235 0.7353 0.7353 0.7353
v -932.707031 224.824966 -33.938831 0.7353 0.7353 0.7353
v -960.169739 253.901138 -33.325428 0.7353 0.7353 0.7353
v -987.632446 282.977325 -32.712021 0.7353 0.7353 0.7353
v -888.668335 150.492661 -37.273788 0.7353 0.7353 0.7353
v -918.040222 177.639023 -36.666256 0.7353 0.7353 0.7353
v -947.412048 204.785385 -36.058727 0.7353 0.7353 0.7353
v -976.783875 231.931747 -35.451199 0.7353 0.7353 0.7353
v -1006.155762 259.078094 -34.843666 0.7353 0.7353 0.7353
v -898.543152 133.735916 -39.426918 0.7353 0.7353 0.7353
v -929.697083 158.817490 -38.835793 0.7353 0.7353 0.7353
v -960.850952 183.899063 -38.244667 0.7353 0.7353 0.7353
v -992.004822 208.980637 -37.653542 0.7353 0.7353 0.7353
v -1023.158752 234.062210 -37.062416 0.7353 0.7353 0.7353
v -907.427856 116.510353 -41.608120 0.7353 0.7353 0.7353
v -940.228394 139.397125 -41.044044 0.7353 0.7353 0.7353
v -973.028992 162.283890 -40.479969 0.7353 0.7353 0.7353
v -1005.829590 185.170654 -39.915894 0.7353 0.7353 0.7353
v -1038.630127 208.057419 -39.351818 0.7353 0.7353 0.7353
v -915.342896 98.913857 -43.801460 0.7353 0.7353 0.7353
v -949.647095 119.479416 -43.275223 0.7353 0.7353 0.7353
v -983.951355 140.044983 -42.748989 0.7353 0.7353 0.7353
v -1018.255615 160.610550 -42.222755 0.7353 0.7353 0.7353
v -1052.559814 181.176117 -41.696518 0.7353 0.7353 0.7353
v -922.304749 81.036049 -45.991470 0.7353 0.7353 0.7353
v -957.961914 99.156090 -45.514080 0.7353 0.7353 0.7353
v -993.619141 117.276138 -45.036690 0.7353 0.7353 0.7353
v -1029.276367 135.396179 -44.559299 0.7353 0.7353 0.7353
v -1064.933594 153.516235 -44.081909 0.7353 0.7353 0.7353
v -928.322021 62.960705 -48.162735 0.7353 0.7353 0.7353
v -965.173157 78.511253 -47.745502 0.7353 0.7353 0.7353
v -1002.024292 94.061798 -47.328274 0.7353 0.7353 0.7353
v -1038.875488 109.612343 -46.911045 0.7353 0.7353 0.7353
v -1075.726562 125.162888 -46.493813 0.7353 0.7353 0.7353
v -933.393127 44.768734 -50.299183 0.7353 0.7353 0.7353
v -971.269531 57.624142 -49.953869 0.7353 0.7353 0.7353
v -1009.145874 70.479546 -49.608555 0.7353 0.7353 0.7353
v -1047.022217 83.334953 -49.263241 0.7353 0.7353 0.7353
v -1084.898560 96.190353 -48.917927 0.7353 0.7353 0.7353
v -937.501526 26.542511 -52.383129 0.7353 0.7353 0.7353
v -976.222595 36.573158 -52.122116 0.7353 0.7353 0.7353
v -1014.943604 46.603802 -51.861103 0.7353 0.7353 0.7353
v -1053.664673 56.634445 -51.600090 0.7353 0.7353 0.7353
v -1092.385620 66.665092 -51.339077 0.7353 0.7353 0.7353
v -940.612061 8.371737 -54.393997 0.7353 0.7353 0.7353
v -979.981995 15.441264 -54.230537 0.7353 0.7353 0.7353
v -1019.351990 22.510792 -54.067078 0.7353 0.7353 0.7353
v -1058.721924 29.580318 -53.903618 0.7353 0.7353 0.7353
v -1098.091919 36.649845 -53.740158 0.7353 0.7353 0.7353
v -942.663086 -9.638486 -56.306431 0.7353 0.7353 0.7353
v -982.466370 -5.676700 -56.254974 0.7353 0.7353 0.7353
v -1022.269653 -1.714913 -56.203514 0.7353 0.7353 0.7353
v -1062.072998 2.246873 -56.152054 0.7353 0.7353 0.7353
v -1101.876221 6.208659 -56.100597 0.7353 0.7353 0.7353
v -943.558594 -27.347836 -58.083542 0.7353 0.7353 0.7353
v -983.551941 -26.622843 -58.158871 0.7353 0.7353 0.7353
v -1023.545288 -25.897852 -58.234200 0.7353 0.7353 0.7353
v -1063.538696 -25.172861 -58.309528 0.7353 0.7353 0.7353
v -1103.531982 -24.447868 -58.384857 0.7353 0.7353 0.7353
v -943.369019 -43.778282 -59.977310 0.7353 0.7353 0.7353
v -983.064453 -48.696598 -60.269787 0.7353 0.7353 0.7353
v -1022.759827 -53.614910 -60.562263 0.7353 0.7353 0.7353
v -1062.455200 -58.533222 -60.854740 0.7353 0.7353 0.7353
v -1102.150635 -63.451538 -61.147217 0.7353 0.7353 0.7353
v -942.501526 -57.642776 -61.904716 0.7353 0.7353 0.7353
v -981.226196 -67.652458 -62.362122 0.7353 0.7353 0.7353
v -1019.950806 -77.662148 -62.819527 0.7353 0.7353 0.7353
v -1058.675415 -87.671837 -63.276932 0.7353 0.7353 0.7353
v -1097.400024 -97.681519 -63.734337 0.7353 0.7353 0.7353
v -940.680664 -71.691734 -64.122528 0.7353 0.7353 0.7353
v -977.821594 -86.531281 -64.707062 0.7353 0.7353 0.7353
v -1014.962463 -101.370827 -65.291595 0.7353 0.7353 0.7353
v -1052.103394 -116.210373 -65.876129 0.7353 0.7353 0.7353
v -1089.244263 -131.049911 -66.460663 0.7353 0.7353 0.7353
v -937.591858 -85.886169 -66.620155 0.7353 0.7353 0.7353
v -972.615723 -105.196068 -67.293549 0.7353 0.7353 0.7353
v -1007.639648 -124.505974 -67.966942 0.7353 0.7353 0.7353
v -1042.663574 -143.815872 -68.640335 0.7353 0.7353 0.7353
v -1077.687500 -163.125778 -69.313728 0.7353 0.7353 0.7353
v -932.938171 -100.114296 -69.370438 0.7353 0.7353 0.7353
v -965.414673 -123.454239 -70.095657 0.7353 0.7353 0.7353
v -997.891113 -146.794189 -70.820885 0.7353 0.7353 0.7353
v -1030.367554 -170.134140 -71.546112 0.7353 0.7353 0.7353
v -1062.843994 -193.474091 -72.271332 0.7353 0.7353 0.7353
v -926.480347 -114.197052 -72.328407 0.7353 0.7353 0.7353
v -956.098450 -141.071167 -73.071457 0.7353 0.7353 0.7353
v -985.716492 -167.945282 -73.814507 0.7353 0.7353 0.7353
v -1015.334534 -194.819397 -74.557556 0.7353 0.7353 0.7353
v -1044.952637 -221.693512 -75.300606 0.7353 0.7353 0.7353
v -918.071533 -127.908783 -75.433601 0.7353 0.7353 0.7353
v -944.645630 -157.796646 -76.165016 0.7353 0.7353 0.7353
v -971.219666 -187.684509 -76.896431 0.7353 0.7353 0.7353
v -997.793701 -217.572372 -77.627846 0.7353 0.7353 0.7353
v -1024.367798 -247.460236 -78.359261 0.7353 0.7353 0.7353
v -907.678528 -141.009750 -78.615273 0.7353 0.7353 0.7353
v -931.140930 -173.398529 -79.311127 0.7353 0.7353 0.7353
v -954.603271 -205.787323 -80.006973 0.7353 0.7353 0.7353
v -978.065613 -238.176117 -80.702820 0.7353 0.7353 0.7353
v -1001.528015 -270.564911 -81.398674 0.7353 0.7353 0.7353
v -895.373901 -153.278854 -81.799957 0.7353 0.7353 0.7353
v -915.756042 -187.690430 -82.442108 0.7353 0.7353 0.7353
v -936.138123 -222.102020 -83.084259 0.7353 0.7353 0.7353
v -956.520203 -256.513611 -83.726410 0.7353 0.7353 0.7353
v -976.902344 -290.925201 -84.368561 0.7353 0.7353 0.7353
v -881.312073 -164.537109 -84.917419 0.7353 0.7353 0.7353
v -898.719055 -200.546371 -85.493164 0.7353 0.7353 0.7353
v -916.125977 -236.555634 -86.068909 0.7353 0.7353 0.7353
v -933.532898 -272.564880 -86.644653 0.7353 0.7353 0.7353
v -950.939880 -308.574158 -87.220398 0.7353 0.7353 0.7353
v -865.696167 -174.654999 -87.903938 0.7353 0.7353 0.7353
v -880.280579 -211.898010 -88.405167 0.7353 0.7353 0.7353
v -894.865051 -249.141037 -88.906403 0.7353 0.7353 0.7353
v -909.449524 -286.384064 -89.407639 0.7353 0.7353 0.7353
v -924.033936 -323.627075 -89.908867 0.7353 0.7353 0.7353
v -848.747925 -183.547012 -90.702461 0.7353 0.7353 0.7353
v -860.687439 -221.721191 -91.124687 0.7353 0.7353 0.7353
v -872.627014 -259.895386 -91.546913 0.7353 0.7353 0.7353
v -884.566589 -298.069580 -91.969139 0.7353 0.7353 0.7353
v -896.506104 -336.243774 -92.391365 0.7353 0.7353 0.7353
v -830.687927 -191.159348 -93.259727 0.7353 0.7353 0.7353
v -840.167786 -230.018280 -93.601082 0.7353 0.7353 0.7353
v -849.647644 -268.877197 -93.942429 0.7353 0.7353 0.7353
v -859.127502 -307.736115 -94.283775 0.7353 0.7353 0.7353
v -868.607361 -346.595032 -94.625130 0.7353 0.7353 0.7353
v -811.728577 -197.454254 -95.521713 0.7353 0.7353 0.7353
v -818.928894 -236.800003 -95.782074 0.7353 0.7353 0.7353
v -826.129211 -276.145752 -96.042442 0.7353 0.7353 0.7353
v -833.329529 -315.491486 -96.302811 0.7353 0.7353 0.7353
v -840.529846 -354.837250 -96.563171 0.7353 0.7353 0.7353
v -792.073425 -202.394806 -97.427078 0.7353 0.7353 0.7353
v -797.160706 -242.069580 -97.607384 0.7353 0.7353 0.7353
v -802.247925 -281.744354 -97.787689 0.7353 0.7353 0.7353
v -807.335144 -321.419128 -97.967995 0.7353 0.7353 0.7353
v -812.422424 -361.093903 -98.148300 0.7353 0.7353 0.7353
v -771.928284 -205.927856 -98.898041 0.7353 0.7353 0.7353
v -775.048279 -245.805862 -98.999596 0.7353 0.7353 0.7353
v -778.168335 -285.683868 -99.101158 0.7353 0.7353 0.7353
v -781.288391 -325.561859 -99.202721 0.7353 0.7353 0.7353
v -784.408386 -365.439880 -99.304276 0.7353 0.7353 0.7353
v -751.521545 -207.963272 -99.825172 0.7353 0.7353 0.7353
v -752.792664 -247.943054 -99.849083 0.7353 0.7353 0.7353
v -754.063782 -287.922852 -99.872993 0.7353 0.7353 0.7353
v -755.334900 -327.902649 -99.896904 0.7353 0.7353 0.7353
v -756.606018 -367.882446 -99.920815 0.7353 0.7353 0.7353
v -717.310730 -208.415451 -99.977242 0.7353 0.7353 0.7353
v -717.310730 -248.415451 -99.948837 0.7353 0.7353 0.7353
v -717.310669 -288.415436 -99.920441 0.7353 0.7353 0.7353
v -717.310608 -328.415436 -99.892044 0.7353 0.7353 0.7353
v -717.310608 -368.415405 -99.863640 0.7353 0.7353 0.7353
v -690.135559 -208.415359 -99.893776 0.7353 0.7353 0.7353
v -690.135559 -248.415344 -99.869537 0.7353 0.7353 0.7353
v -690.135498 -288.415344 -99.845299 0.7353 0.7353 0.7353
v -690.135437 -328.415344 -99.821060 0.7353 0.7353 0.7353
v -690.135437 -368.415344 -99.796822 0.7353 0.7353 0.7353
v -664.767395 -208.415329 -99.846748 0.7353 0.7353 0.7353
v -664.767395 -248.415314 -99.826279 0.7353 0.7353 0.7353
v -664.767334 -288.415314 -99.805801 0.7353 0.7353 0.7353
v -664.767273 -328.415314 -99.785324 0.7353 0.7353 0.7353
v -664.767273 -368.415314 -99.764854 0.7353 0.7353 0.7353
v -639.493591 -208.415283 -99.822990 0.7353 0.7353 0.7353
v -639.493591 -248.415283 -99.806183 0.7353 0.7353 0.7353
v -639.493530 -288.415283 -99.789375 0.7353 0.7353 0.7353
v -639.493469 -328.415283 -99.772568 0.7353 0.7353 0.7353
v -639.493469 -368.415283 -99.755760 0.7353 0.7353 0.7353
v -614.301392 -208.415283 -99.817207 0.7353 0.7353 0.7353
v -614.301392 -248.415283 -99.804001 0.7353 0.7353 0.7353
v -614.301331 -288.415283 -99.790794 0.7353 0.7353 0.7353
v -614.301270 -328.415283 -99.777588 0.7353 0.7353 0.7353
v -614.301270 -368.415283 -99.764381 0.7353 0.7353 0.7353
v -589.182983 -208.415253 -99.825035 0.7353 0.7353 0.7353
v -589.182922 -248.415253 -99.815384 0.7353 0.7353 0.7353
v -589.182861 -288.415253 -99.805740 0.7353 0.7353 0.7353
v -589.182800 -328.415253 -99.796097 0.7353 0.7353 0.7353
v -589.182739 -368.415253 -99.786446 0.7353 0.7353 0.7353
v -564.133362 -208.415314 -99.842758 0.7353 0.7353 0.7353
v -564.133301 -248.415314 -99.836647 0.7353 0.7353 0.7353
v -564.133240 -288.415314 -99.830536 0.7353 0.7353 0.7353
v -564.133179 -328.415314 -99.824425 0.7353 0.7353 0.7353
v -564.133118 -368.415314 -99.818314 0.7353 0.7353 0.7353
v -539.151062 -208.415283 -99.867020 0.7353 0.7353 0.7353
v -539.151062 -248.415283 -99.864441 0.7353 0.7353 0.7353
v -539.151001 -288.415283 -99.861862 0.7353 0.7353 0.7353
v -539.150940 -328.415283 -99.859283 0.7353 0.7353 0.7353
v -539.150940 -368.415283 -99.856705 0.7353 0.7353 0.7353
v -514.237244 -208.415314 -99.894615 0.7353 0.7353 0.7353
v -514.237183 -248.415314 -99.895584 0.7353 0.7353 0.7353
v -514.237122 -288.415314 -99.896553 0.7353 0.7353 0.7353
v -514.237061 -328.415314 -99.897522 0.7353 0.7353 0.7353
v -514.237000 -368.415314 -99.898491 0.7353 0.7353 0.7353
v -489.395020 -208.415344 -99.922279 0.7353 0.7353 0.7353
v -489.394958 -248.415344 -99.926826 0.7353 0.7353 0.7353
v -489.394928 -288.415344 -99.931381 0.7353 0.7353 0.7353
v -489.394897 -328.415344 -99.935936 0.7353 0.7353 0.7353
v -489.394836 -368.415344 -99.940483 0.7353 0.7353 0.7353
v -464.631073 -208.415344 -99.946617 0.7353 0.7353 0.7353
v -464.631042 -248.415344 -99.954811 0.7353 0.7353 0.7353
v -464.631012 -288.415344 -99.963005 0.7353 0.7353 0.7353
v -464.630981 -328.415344 -99.971199 0.7353 0.7353 0.7353
v -464.630951 -368.415344 -99.979393 0.7353 0.7353 0.7353
v -439.956329 -208.415344 -99.963753 0.7353 0.7353 0.7353
v -439.956299 -248.415344 -99.975670 0.7353 0.7353 0.7353
v -439.956268 -288.415344 -99.987587 0.7353 0.7353 0.7353
v -439.956238 -328.415344 -99.999504 0.7353 0.7353 0.7353
v -439.956207 -368.415344 -100.011421 0.7353 0.7353 0.7353
v -415.386810 -208.415344 -99.969109 0.7353 0.7353 0.7353
v -415.386810 -248.415344 -99.984863 0.7353 0.7353 0.7353
v -415.386780 -288.415344 -100.000618 0.7353 0.7353 0.7353
v -415.386749 -328.415344 -100.016373 0.7353 0.7353 0.7353
v -415.386749 -368.415344 -100.032127 0.7353 0.7353 0.7353
v -385.167206 -209.007141 -99.976295 0.7353 0.7353 0.7353
v -385.167206 -248.710831 -99.993103 0.7353 0.7353 0.7353
v -385.167175 -288.414520 -100.009918 0.7353 0.7353 0.7353
v -385.167145 -328.118225 -100.026733 0.7353 0.7353 0.7353
v -385.167145 -367.821899 -100.043541 0.7353 0.7353 0.7353
v -354.466705 -209.858627 -100.018791 0.7353 0.7353 0.7353
v -354.466705 -249.134521 -100.035423 0.7353 0.7353 0.7353
v -354.466675 -288.410431 -100.052055 0.7353 0.7353 0.7353
v -354.466644 -327.686340 -100.068687 0.7353 0.7353 0.7353
v -354.466644 -366.962250 -100.085320 0.7353 0.7353 0.7353
v -329.617554 -210.603256 -100.085350 0.7353 0.7353 0.7353
v -329.617523 -249.503799 -100.101822 0.7353 0.7353 0.7353
v -329.617493 -288.404327 -100.118294 0.7353 0.7353 0.7353
v -329.617462 -327.304871 -100.134766 0.7353 0.7353 0.7353
v -329.617432 -366.205383 -100.151237 0.7353 0.7353 0.7353
v -305.681854 -211.376892 -100.183945 0.7353 0.7353 0.7353
v -305.681854 -249.886307 -100.200256 0.7353 0.7353 0.7353
v -305.681824 -288.395721 -100.216560 0.7353 0.7353 0.7353
v -305.681793 -326.905121 -100.232864 0.7353 0.7353 0.7353
v -305.681793 -365.414551 -100.249176 0.7353 0.7353 0.7353
v -281.850403 -212.213135 -100.324760 0.7353 0.7353 0.7353
v -281.850403 -250.298569 -100.340889 0.7353 0.7353 0.7353
v -281.850372 -288.384003 -100.357018 0.7353 0.7353 0.7353
v -281.850342 -326.469452 -100.373146 0.7353 0.7353 0.7353
v -281.850342 -364.554871 -100.389275 0.7353 0.7353 0.7353
v -258.141693 -213.124603 -100.519226 0.7353 0.7353 0.7353
v -258.141693 -250.746658 -100.535156 0.7353 0.7353 0.7353
v -258.141663 -288.368713 -100.551086 0.7353 0.7353 0.7353
v -258.141632 -325.990753 -100.567017 0.7353 0.7353 0.7353
v -258.141632 -363.612823 -100.582947 0.7353 0.7353 0.7353
v -234.575150 -214.127899 -100.783295 0.7353 0.7353 0.7353
v -234.575134 -251.238602 -100.799004 0.7353 0.7353 0.7353
v -234.575104 -288.349304 -100.814720 0.7353 0.7353 0.7353
v -234.575073 -325.460022 -100.830437 0.7353 0.7353 0.7353
v -234.575058 -362.570709 -100.846146 0.7353 0.7353 0.7353
v -211.169037 -215.244827 -101.139648 0.7353 0.7353 0.7353
v -211.169022 -251.784927 -101.155121 0.7353 0.7353 0.7353
v -211.169006 -288.325043 -101.170593 0.7353 0.7353 0.7353
v -211.168991 -324.865143 -101.186066 0.7353 0.7353 0.7353
v -211.168976 -361.405273 -101.201538 0.7353 0.7353 0.7353
v -187.934296 -216.504379 -101.621109 0.7353 0.7353 0.7353
v -187.934265 -252.399872 -101.636314 0.7353 0.7353 0.7353
v -187.934250 -288.295380 -101.651512 0.7353 0.7353 0.7353
v -187.934235 -324.190887 -101.666710 0.7353 0.7353 0.7353
v -187.934204 -360.086395 -101.681915 0.7353 0.7353 0.7353
v -164.848663 -217.943542 -102.275414 0.7353 0.7353 0.7353
v -164.848648 -253.101578 -102.290306 0.7353 0.7353 0.7353
v -164.848633 -288.259613 -102.305191 0.7353 0.7353 0.7353
v -164.848618 -323.417633 -102.320076 0.7353 0.7353 0.7353
v -164.848602 -358.575684 -102.334969 0.7353 0.7353 0.7353
v -141.801880 -219.605255 -103.169739 0.7353 0.7353 0.7353
v -141.801849 -253.911636 -103.184265 0.7353 0.7353 0.7353
v -141.801834 -288.218018 -103.198792 0.7353 0.7353 0.7353
v -141.801819 -322.524414 -103.213318 0.7353 0.7353 0.7353
v -141.801788 -356.830780 -103.227844 0.7353 0.7353 0.7353
v -118.488129 -221.521225 -104.385788 0.7353 0.7353 0.7353
v -118.488113 -254.846909 -104.399895 0.7353 0.7353 0.7353
v -118.488098 -288.172577 -104.414009 0.7353 0.7353 0.7353
v -118.488083 -321.498260 -104.428123 0.7353 0.7353 0.7353
v -118.488068 -354.823914 -104.442230 0.7353 0.7353 0.7353
v -94.324593 -223.663223 -105.978142 0.7353 0.7353 0.7353
v -94.324570 -255.896286 -105.991791 0.7353 0.7353 0.7353
v -94.324554 -288.129364 -106.005440 0.7353 0.7353 0.7353
v -94.324539 -320.362427 -106.019089 0.7353 0.7353 0.7353
v -94.324516 -352.595520 -106.032738 0.7353 0.7353 0.7353
v -68.800171 -225.875717 -107.876892 0.7353 0.7353 0.7353
v -68.800156 -256.987061 -107.890060 0.7353 0.7353 0.7353
v -68.800140 -288.098389 -107.903236 0.7353 0.7353 0.7353
v -68.800125 -319.209717 -107.916412 0.7353 0.7353 0.7353
v -68.800110 -350.321045 -107.929581 0.7353 0.7353 0.7353
v -42.193810 -227.929092 -109.864685 0.7353 0.7353 0.7353
v -42.193794 -258.007782 -109.877426 0.7353 0.7353 0.7353
v -42.193775 -288.086456 -109.890160 0.7353 0.7353 0.7353
v -42.193756 -318.165131 -109.902893 0.7353 0.7353 0.7353
v -42.193741 -348.243805 -109.915634 0.7353 0.7353 0.7353
v -39.986423 -228.086319 -110.025299 0.7353 0.7353 0.7353
v -39.986404 -258.086304 -110.038002 0.7353 0.7353 0.7353
v -39.986389 -288.086304 -110.050705 0.7353 0.7353 0.7353
v -39.986374 -318.086304 -110.063408 0.7353 0.7353 0.7353
v -39.986355 -348.086304 -110.076111 0.7353 0.7353 0.7353
v -676.164062 432.000092 -20.000053 0.9063 0.9063 0.9063
v -676.164062 432.000092 -26.750053 0.9063 0.9063 0.9063
v -705.091797 431.031647 -19.930649 0.9063 0.9063 0.9063
v -705.076782 431.046509 -26.680616 0.9063 0.9063 0.9063
v -734.073242 428.041992 -20.065742 0.9063 0.9063 0.9063
v -734.043579 428.073029 -26.815607 0.9063 0.9063 0.9063
v -762.947754 422.924011 -20.414959 0.9063 0.9063 0.9063
v -762.903992 422.972687 -27.164642 0.9063 0.9063 0.9063
v -791.532043 415.603546 -20.984449 0.9063 0.9063 0.9063
v -791.474792 415.671234 -27.733868 0.9063 0.9063 0.9063
v -819.626404 406.048187 -21.775867 0.9063 0.9063 0.9063
v -819.556519 406.136169 -28.524933 0.9063 0.9063 0.9063
v -847.026672 394.273865 -22.785814 0.9063 0.9063 0.9063
v -846.945251 394.383362 -29.534435 0.9063 0.9063 0.9063
v -873.537292 380.344452 -24.005821 0.9063 0.9063 0.9063
v -873.445618 380.476562 -30.753906 0.9063 0.9063 0.9063
v -898.982117 364.365784 -25.423079 0.9063 0.9063 0.9063
v -898.881470 364.521423 -32.170532 0.9063 0.9063 0.9063
v -923.213684 346.477295 -27.021198 0.9063 0.9063 0.9063
v -923.105652 346.657288 -33.767933 0.9063 0.9063 0.9063
v -946.116760 326.838440 -28.781683 0.9063 0.9063 0.9063
v -946.002869 327.043365 -35.527611 0.9063 0.9063 0.9063
v -967.608093 305.616516 -30.685097 0.9063 0.9063 0.9063
v -967.489990 305.846893 -37.430130 0.9063 0.9063 0.9063
v -987.632446 282.977325 -32.712021 0.9063 0.9063 0.9063
v -987.511902 283.233429 -39.456085 0.9063 0.9063 0.9063
v -1006.155762 259.078094 -34.843666 0.9063 0.9063 0.9063
v -1006.034546 259.360199 -41.586681 0.9063 0.9063 0.9063
v -1023.158752 234.062210 -37.062416 0.9063 0.9063 0.9063
v -1023.038574 234.370361 -43.804306 0.9063 0.9063 0.9063
v -1038.630127 208.057419 -39.351818 0.9063 0.9063 0.9063
v -1038.512817 208.391678 -46.092514 0.9063 0.9063 0.9063
v -1052.559814 181.176117 -41.696518 0.9063 0.9063 0.9063
v -1052.447266 181.536392 -48.435955 0.9063 0.9063 0.9063
v -1064.933594 153.516235 -44.081909 0.9063 0.9063 0.9063
v -1064.827515 153.902435 -50.820019 0.9063 0.9063 0.9063
v -1075.726562 125.162888 -46.493813 0.9063 0.9063 0.9063
v -1075.629028 125.574837 -53.230526 0.9063 0.9063 0.9063
v -1084.898560 96.190353 -48.917927 0.9063 0.9063 0.9063
v -1084.811523 96.627823 -55.653175 0.9063 0.9063 0.9063
v -1092.385620 66.665092 -51.339077 0.9063 0.9063 0.9063
v -1092.311157 67.127792 -58.072788 0.9063 0.9063 0.9063
v -1098.091919 36.649845 -53.740158 0.9063 0.9063 0.9063
v -1098.032349 37.137447 -60.472260 0.9063 0.9063 0.9063
v -1101.876221 6.208659 -56.100597 0.9063 0.9063 0.9063
v -1101.833984 6.720772 -62.831009 0.9063 0.9063 0.9063
v -1103.531982 -24.447868 -58.384857 0.9063 0.9063 0.9063
v -1103.509644 -23.911047 -65.113441 0.9063 0.9063 0.9063
v -1102.150635 -63.451538 -61.147217 0.9063 0.9063 0.9063
v -1102.163574 -62.947075 -67.878326 0.9063 0.9063 0.9063
v -1097.400024 -97.681519 -63.734337 0.9063 0.9063 0.9063
v -1097.440063 -97.219154 -70.468361 0.9063 0.9063 0.9063
v -1089.244263 -131.049911 -66.460663 0.9063 0.9063 0.9063
v -1089.305298 -130.631897 -73.197433 0.9063 0.9063 0.9063
v -1077.687500 -163.125778 -69.313728 0.9063 0.9063 0.9063
v -1077.763306 -162.753143 -76.053001 0.9063 0.9063 0.9063
v -1062.843994 -193.474091 -72.271332 0.9063 0.9063 0.9063
v -1062.928833 -193.146606 -79.012848 0.9063 0.9063 0.9063
v -1044.952637 -221.693512 -75.300606 0.9063 0.9063 0.9063
v -1045.040894 -221.409805 -82.044067 0.9063 0.9063 0.9063
v -1024.367798 -247.460236 -78.359261 0.9063 0.9063 0.9063
v -1024.454712 -247.217880 -85.104355 0.9063 0.9063 0.9063
v -1001.528015 -270.564911 -81.398674 0.9063 0.9063 0.9063
v -1001.609680 -270.360748 -88.145088 0.9063 0.9063 0.9063
v -976.902344 -290.925201 -84.368561 0.9063 0.9063 0.9063
v -976.975891 -290.755707 -91.116028 0.9063 0.9063 0.9063
v -950.939880 -308.574158 -87.220398 0.9063 0.9063 0.9063
v -951.003174 -308.435669 -93.968681 0.9063 0.9063 0.9063
v -924.033936 -323.627075 -89.908867 0.9063 0.9063 0.9063
v -924.085632 -323.516022 -96.657753 0.9063 0.9063 0.9063
v -896.506104 -336.243774 -92.391365 0.9063 0.9063 0.9063
v -896.545410 -336.156830 -99.140686 0.9063 0.9063 0.9063
v -868.607361 -346.595032 -94.625130 0.9063 0.9063 0.9063
v -868.633911 -346.529266 -101.374756 0.9063 0.9063 0.9063
v -840.529846 -354.837250 -96.563171 0.9063 0.9063 0.9063
v -840.543640 -354.790039 -103.312996 0.9063 0.9063 0.9063
v -812.422424 -361.093903 -98.148300 0.9063 0.9063 0.9063
v -812.423584 -361.063080 -104.898232 0.9063 0.9063 0.9063
v -784.408386 -365.439880 -99.304276 0.9063 0.9063 0.9063
v -784.397095 -365.423553 -106.054253 0.9063 0.9063 0.9063
v -756.606018 -367.882446 -99.920815 0.9063 0.9063 0.9063
v -756.582397 -367.879150 -106.670769 0.9063 0.9063 0.9063
v -717.310608 -368.415405 -99.863640 0.9063 0.9063 0.9063
v -717.280273 -368.420197 -106.613571 0.9063 0.9063 0.9063
v -690.135437 -368.415344 -99.796822 0.9063 0.9063 0.9063
v -690.107910 -368.419434 -106.546761 0.9063 0.9063 0.9063
v -664.767273 -368.415314 -99.764854 0.9063 0.9063 0.9063
v -664.742249 -368.418762 -106.514801 0.9063 0.9063 0.9063
v -639.493469 -368.415283 -99.755760 0.9063 0.9063 0.9063
v -639.470886 -368.418121 -106.505722 0.9063 0.9063 0.9063
v -614.301270 -368.415283 -99.764381 0.9063 0.9063 0.9063
v -614.281067 -368.417511 -106.514351 0.9063 0.9063 0.9063
v -589.182739 -368.415253 -99.786446 0.9063 0.9063 0.9063
v -589.164978 -368.416870 -106.536423 0.9063 0.9063 0.9063
v -564.133118 -368.415314 -99.818314 0.9063 0.9063 0.9063
v -564.117737 -368.416351 -106.568298 0.9063 0.9063 0.9063
v -539.150940 -368.415283 -99.856705 0.9063 0.9063 0.9063
v -539.137878 -368.415710 -106.606689 0.9063 0.9063 0.9063
v -514.237000 -368.415314 -99.898491 0.9063 0.9063 0.9063
v -514.226318 -368.415161 -106.648483 0.9063 0.9063 0.9063
v -489.394836 -368.415344 -99.940483 0.9063 0.9063 0.9063
v -489.386566 -368.414581 -106.690483 0.9063 0.9063 0.9063
v -464.630951 -368.415344 -99.979393 0.9063 0.9063 0.9063
v -464.625092 -368.413971 -106.729393 0.9063 0.9063 0.9063
v -439.956207 -368.415344 -100.011421 0.9063 0.9063 0.9063
v -439.952850 -368.413330 -106.761421 0.9063 0.9063 0.9063
v -415.386749 -368.415344 -100.032127 0.9063 0.9063 0.9063
v -415.385956 -368.412689 -106.782127 0.9063 0.9063 0.9063
v -385.167145 -367.821899 -100.043541 0.9063 0.9063 0.9063
v -385.181610 -367.819031 -106.793526 0.9063 0.9063 0.9063
v -354.466644 -366.962250 -100.085320 0.9063 0.9063 0.9063
v -354.501984 -366.959381 -106.835228 0.9063 0.9063 0.9063
v -329.617432 -366.205383 -100.151237 0.9063 0.9063 0.9063
v -329.671082 -366.202545 -106.901024 0.9063 0.9063 0.9063
v -305.681793 -365.414551 -100.249176 0.9063 0.9063 0.9063
v -305.754517 -365.411682 -106.998779 0.9063 0.9063 0.9063
v -281.850342 -364.554871 -100.389275 0.9063 0.9063 0.9063
v -281.943756 -364.552002 -107.138626 0.9063 0.9063 0.9063
v -258.141632 -363.612823 -100.582947 0.9063 0.9063 0.9063
v -258.257660 -363.609955 -107.331947 0.9063 0.9063 0.9063
v -234.575058 -362.570709 -100.846146 0.9063 0.9063 0.9063
v -234.716034 -362.567841 -107.594673 0.9063 0.9063 0.9063
v -211.168976 -361.405273 -101.201538 0.9063 0.9063 0.9063
v -211.337784 -361.402405 -107.949425 0.9063 0.9063 0.9063
v -187.934204 -360.086395 -101.681915 0.9063 0.9063 0.9063
v -188.134460 -360.083527 -108.428940 0.9063 0.9063 0.9063
v -164.848602 -358.575684 -102.334969 0.9063 0.9063 0.9063
v -165.084824 -358.572815 -109.080833 0.9063 0.9063 0.9063
v -141.801788 -356.830780 -103.227844 0.9063 0.9063 0.9063
v -142.079544 -356.827911 -109.972130 0.9063 0.9063 0.9063
v -118.488068 -354.823914 -104.442230 0.9063 0.9063 0.9063
v -118.813622 -354.821075 -111.184372 0.9063 0.9063 0.9063
v -94.324516 -352.595520 -106.032738 0.9063 0.9063 0.9063
v -94.703316 -352.592651 -112.772102 0.9063 0.9063 0.9063
v -68.800110 -350.321045 -107.929581 0.9063 0.9063 0.9063
v -69.233551 -350.318207 -114.665649 0.9063 0.9063 0.9063
v -42.193741 -348.243805 -109.915634 0.9063 0.9063 0.9063
v -42.677452 -348.240967 -116.648277 0.9063 0.9063 0.9063
v -39.986355 -348.086304 -110.076111 0.9063 0.9063 0.9063
v -40.473900 -348.083435 -116.808479 0.9063 0.9063 0.9063
v -676.164062 272.000092 -20.000053 0.9063 0.9063 0.9063
v -676.164062 272.000092 -26.750053 0.9063 0.9063 0.9063
v -696.292847 271.274139 -20.262215 0.9063 0.9063 0.9063
v -696.277893 271.288971 -27.012182 0.9063 0.9063 0.9063
v -716.180908 269.046875 -20.718750 0.9063 0.9063 0.9063
v -716.151306 269.077942 -27.468613 0.9063 0.9063 0.9063
v -735.715698 265.261414 -21.375343 0.9063 0.9063 0.9063
v -735.671875 265.310089 -28.125025 0.9063 0.9063 0.9063
v -754.775818 259.887726 -22.233908 0.9063 0.9063 0.9063
v -754.718567 259.955414 -28.983324 0.9063 0.9063 0.9063
v -773.236267 252.928436 -23.291740 0.9063 0.9063 0.9063
v -773.166443 253.016418 -30.040806 0.9063 0.9063 0.9063
v -790.976868 244.422791 -24.541224 0.9063 0.9063 0.9063
v -790.895508 244.532288 -31.289845 0.9063 0.9063 0.9063
v -807.890686 234.444977 -25.970020 0.9063 0.9063 0.9063
v -807.798950 234.577087 -32.718105 0.9063 0.9063 0.9063
v -823.889221 223.098328 -27.562010 0.9063 0.9063 0.9063
v -823.788635 223.253998 -34.309464 0.9063 0.9063 0.9063
v -838.908142 210.508972 -29.298145 0.9063 0.9063 0.9063
v -838.800049 210.688950 -36.044880 0.9063 0.9063 0.9063
v -852.906311 196.814758 -31.157938 0.9063 0.9063 0.9063
v -852.792419 197.019684 -37.903866 0.9063 0.9063 0.9063
v -865.864563 182.156693 -33.120552 0.9063 0.9063 0.9063
v -865.746521 182.387054 -39.865589 0.9063 0.9063 0.9063
v -877.781616 166.672623 -35.165642 0.9063 0.9063 0.9063
v -877.661133 166.928726 -41.909702 0.9063 0.9063 0.9063
v -888.668335 150.492661 -37.273788 0.9063 0.9063 0.9063
v -888.547119 150.774734 -44.016804 0.9063 0.9063 0.9063
v -898.543152 133.735916 -39.426918 0.9063 0.9063 0.9063
v -898.422974 134.044067 -46.168812 0.9063 0.9063 0.9063
v -907.427856 116.510353 -41.608120 0.9063 0.9063 0.9063
v -907.310547 116.844604 -48.348820 0.9063 0.9063 0.9063
v -915.342896 98.913857 -43.801460 0.9063 0.9063 0.9063
v -915.230286 99.274147 -50.540897 0.9063 0.9063 0.9063
v -922.304749 81.036049 -45.991470 0.9063 0.9063 0.9063
v -922.198669 81.422256 -52.729576 0.9063 0.9063 0.9063
v -928.322021 62.960705 -48.162735 0.9063 0.9063 0.9063
v -928.224426 63.372658 -54.899445 0.9063 0.9063 0.9063
v -933.393127 44.768734 -50.299183 0.9063 0.9063 0.9063
v -933.306091 45.206200 -57.034428 0.9063 0.9063 0.9063
v -937.501526 26.542511 -52.383129 0.9063 0.9063 0.9063
v -937.427063 27.005209 -59.116840 0.9063 0.9063 0.9063
v -940.612061 8.371737 -54.393997 0.9063 0.9063 0.9063
v -940.552429 8.859338 -61.126099 0.9063 0.9063 0.9063
v -942.663086 -9.638486 -56.306431 0.9063 0.9063 0.9063
v -942.620789 -9.126372 -63.036842 0.9063 0.9063 0.9063
v -943.558594 -27.347836 -58.083542 0.9063 0.9063 0.9063
v -943.536194 -26.811012 -64.812126 0.9063 0.9063 0.9063
v -943.369019 -43.778282 -59.977310 0.9063 0.9063 0.9063
v -943.381958 -43.273819 -66.708420 0.9063 0.9063 0.9063
v -942.501526 -57.642776 -61.904716 0.9063 0.9063 0.9063
v -942.541504 -57.180408 -68.638741 0.9063 0.9063 0.9063
v -940.680664 -71.691734 -64.122528 0.9063 0.9063 0.9063
v -940.741638 -71.273712 -70.859291 0.9063 0.9063 0.9063
v -937.591858 -85.886169 -66.620155 0.9063 0.9063 0.9063
v -937.667725 -85.513527 -73.359436 0.9063 0.9063 0.9063
v -932.938171 -100.114296 -69.370438 0.9063 0.9063 0.9063
v -933.023010 -99.786819 -76.111954 0.9063 0.9063 0.9063
v -926.480347 -114.197052 -72.328407 0.9063 0.9063 0.9063
v -926.568604 -113.913338 -79.071861 0.9063 0.9063 0.9063
v -918.071533 -127.908783 -75.433601 0.9063 0.9063 0.9063
v -918.158447 -127.666428 -82.178688 0.9063 0.9063 0.9063
v -907.678528 -141.009750 -78.615273 0.9063 0.9063 0.9063
v -907.760254 -140.805618 -85.361694 0.9063 0.9063 0.9063
v -895.373901 -153.278854 -81.799957 0.9063 0.9063 0.9063
v -895.447449 -153.109375 -88.547432 0.9063 0.9063 0.9063
v -881.312073 -164.537109 -84.917419 0.9063 0.9063 0.9063
v -881.375366 -164.398621 -91.665703 0.9063 0.9063 0.9063
v -865.696167 -174.654999 -87.903938 0.9063 0.9063 0.9063
v -865.747864 -174.543930 -94.652824 0.9063 0.9063 0.9063
v -848.747925 -183.547012 -90.702461 0.9063 0.9063 0.9063
v -848.787170 -183.460068 -97.451790 0.9063 0.9063 0.9063
v -830.687927 -191.159348 -93.259727 0.9063 0.9063 0.9063
v -830.714539 -191.093567 -100.009354 0.9063 0.9063 0.9063
v -811.728577 -197.454254 -95.521713 0.9063 0.9063 0.9063
v -811.742371 -197.407074 -102.271530 0.9063 0.9063 0.9063
v -792.073425 -202.394806 -97.427078 0.9063 0.9063 0.9063
v -792.074585 -202.363983 -104.177010 0.9063 0.9063 0.9063
v -771.928284 -205.927856 -98.898041 0.9063 0.9063 0.9063
v -771.916992 -205.911560 -105.648010 0.9063 0.9063 0.9063
v -751.521545 -207.963272 -99.825172 0.9063 0.9063 0.9063
v -751.497925 -207.959991 -106.575134 0.9063 0.9063 0.9063
v -717.310730 -208.415451 -99.977242 0.9063 0.9063 0.9063
v -717.280396 -208.420242 -106.727173 0.9063 0.9063 0.9063
v -690.135559 -208.415359 -99.893776 0.9063 0.9063 0.9063
v -690.108032 -208.419449 -106.643723 0.9063 0.9063 0.9063
v -664.767395 -208.415329 -99.846748 0.9063 0.9063 0.9063
v -664.742371 -208.418777 -106.596703 0.9063 0.9063 0.9063
v -639.493591 -208.415283 -99.822990 0.9063 0.9063 0.9063
v -639.471069 -208.418121 -106.572952 0.9063 0.9063 0.9063
v -614.301392 -208.415283 -99.817207 0.9063 0.9063 0.9063
v -614.281250 -208.417511 -106.567177 0.9063 0.9063 0.9063
v -589.182983 -208.415253 -99.825035 0.9063 0.9063 0.9063
v -589.165161 -208.416885 -106.575012 0.9063 0.9063 0.9063
v -564.133362 -208.415314 -99.842758 0.9063 0.9063 0.9063
v -564.117920 -208.416351 -106.592743 0.9063 0.9063 0.9063
v -539.151062 -208.415283 -99.867020 0.9063 0.9063 0.9063
v -539.138062 -208.415726 -106.617012 0.9063 0.9063 0.9063
v -514.237244 -208.415314 -99.894615 0.9063 0.9063 0.9063
v -514.226562 -208.415146 -106.644608 0.9063 0.9063 0.9063
v -489.395020 -208.415344 -99.922279 0.9063 0.9063 0.9063
v -489.386719 -208.414581 -106.672272 0.9063 0.9063 0.9063
v -464.631073 -208.415344 -99.946617 0.9063 0.9063 0.9063
v -464.625244 -208.413956 -106.696617 0.9063 0.9063 0.9063
v -439.956329 -208.415344 -99.963753 0.9063 0.9063 0.9063
v -439.952972 -208.413330 -106.713753 0.9063 0.9063 0.9063
v -415.386810 -208.415344 -99.969109 0.9063 0.9063 0.9063
v -415.386017 -208.412689 -106.719109 0.9063 0.9063 0.9063
v -385.167206 -209.007141 -99.976295 0.9063 0.9063 0.9063
v -385.181671 -209.004288 -106.726280 0.9063 0.9063 0.9063
v -354.466705 -209.858627 -100.018791 0.9063 0.9063 0.9063
v -354.502045 -209.855774 -106.768700 0.9063 0.9063 0.9063
v -329.617554 -210.603256 -100.085350 0.9063 0.9063 0.9063
v -329.671204 -210.600403 -106.835136 0.9063 0.9063 0.9063
v -305.681854 -211.376892 -100.183945 0.9063 0.9063 0.9063
v -305.754578 -211.374039 -106.933556 0.9063 0.9063 0.9063
v -281.850403 -212.213135 -100.324760 0.9063 0.9063 0.9063
v -281.943848 -212.210281 -107.074120 0.9063 0.9063 0.9063
v -258.141693 -213.124603 -100.519226 0.9063 0.9063 0.9063
v -258.257721 -213.121750 -107.268227 0.9063 0.9063 0.9063
v -234.575150 -214.127899 -100.783295 0.9063 0.9063 0.9063
v -234.716125 -214.125046 -107.531822 0.9063 0.9063 0.9063
v -211.169037 -215.244827 -101.139648 0.9063 0.9063 0.9063
v -211.337845 -215.241974 -107.887535 0.9063 0.9063 0.9063
v -187.934296 -216.504379 -101.621109 0.9063 0.9063 0.9063
v -188.134552 -216.501526 -108.368141 0.9063 0.9063 0.9063
v -164.848663 -217.943542 -102.275414 0.9063 0.9063 0.9063
v -165.084900 -217.940689 -109.021278 0.9063 0.9063 0.9063
v -141.801880 -219.605255 -103.169739 0.9063 0.9063 0.9063
v -142.079620 -219.602402 -109.914017 0.9063 0.9063 0.9063
v -118.488129 -221.521225 -104.385788 0.9063 0.9063 0.9063
v -118.813690 -221.518372 -111.127930 0.9063 0.9063 0.9063
v -94.324593 -223.663223 -105.978142 0.9063 0.9063 0.9063
v -94.703392 -223.660370 -112.717506 0.9063 0.9063 0.9063
v -68.800171 -225.875717 -107.876892 0.9063 0.9063 0.9063
v -69.233612 -225.872864 -114.612953 0.9063 0.9063 0.9063
v -42.193810 -227.929092 -109.864685 0.9063 0.9063 0.9063
v -42.677521 -227.926239 -116.597328 0.9063 0.9063 0.9063
v -39.986423 -228.086319 -110.025299 0.9063 0.9063 0.9063
v -40.473965 -228.083466 -116.757668 0.9063 0.9063 0.9063
vn 0.0105 0.0001 -0.9999
vn 0.0177 0.0031 -0.9998
vn 0.0123 0.0029 -0.9999
vn 0.0057 -0.0000 -1.0000
vn 0.0078 0.0026 -1.0000
vn 0.0017 -0.0000 -1.0000
vn 0.0041 0.0024 -1.0000
vn -0.0016 -0.0000 -1.0000
vn 0.0010 0.0021 -1.0000
vn -0.0044 -0.0000 -1.0000
vn 0.0271 0.0072 -0.9996
vn 0.0208 0.0066 -0.9998
vn 0.0155 0.0056 -0.9999
vn 0.0113 0.0055 -0.9999
vn 0.0077 0.0050 -1.0000
vn 0.0363 0.0124 -0.9993
vn 0.0290 0.0112 -0.9995
vn 0.0230 0.0102 -0.9997
vn 0.0182 0.0093 -0.9998
vn 0.0141 0.0085 -0.9999
vn 0.0449 0.0186 -0.9988
vn 0.0367 0.0168 -0.9992
vn 0.0301 0.0152 -0.9994
vn 0.0246 0.0139 -0.9996
vn 0.0202 0.0128 -0.9997
vn 0.0526 0.0258 -0.9983
vn 0.0436 0.0232 -0.9988
vn 0.0363 0.0210 -0.9991
vn 0.0305 0.0192 -0.9994
vn 0.0257 0.0177 -0.9995
vn 0.0592 0.0338 -0.9977
vn 0.0494 0.0303 -0.9983
vn 0.0417 0.0274 -0.9988
vn 0.0355 0.0250 -0.9991
vn 0.0304 0.0231 -0.9993
vn 0.0642 0.0423 -0.9970
vn 0.0540 0.0378 -0.9978
vn 0.0459 0.0342 -0.9984
vn 0.0394 0.0313 -0.9987
vn 0.0342 0.0288 -0.9990
vn 0.0677 0.0511 -0.9964
vn 0.0572 0.0456 -0.9973
vn 0.0490 0.0412 -0.9980
vn 0.0423 0.0377 -0.9984
vn 0.0370 0.0348 -0.9987
vn 0.0695 0.0598 -0.9958
vn 0.0590 0.0533 -0.9968
vn 0.0508 0.0482 -0.9975
vn 0.0441 0.0441 -0.9981
vn 0.0388 0.0408 -0.9984
vn 0.0696 0.0681 -0.9952
vn 0.0594 0.0608 -0.9964
vn 0.0513 0.0550 -0.9972
vn 0.0448 0.0504 -0.9977
vn 0.0396 0.0466 -0.9981
vn 0.0684 0.0760 -0.9948
vn 0.0585 0.0679 -0.9960
vn 0.0507 0.0615 -0.9968
vn 0.0445 0.0563 -0.9974
vn 0.0395 0.0522 -0.9979
vn 0.0658 0.0831 -0.9944
vn 0.0565 0.0744 -0.9956
vn 0.0492 0.0674 -0.9965
vn 0.0433 0.0619 -0.9971
vn 0.0385 0.0574 -0.9976
vn 0.0622 0.0896 -0.9940
vn 0.0536 0.0802 -0.9953
vn 0.0467 0.0728 -0.9963
vn 0.0412 0.0669 -0.9969
vn 0.0368 0.0621 -0.9974
vn 0.0577 0.0951 -0.9938
vn 0.0498 0.0852 -0.9951
vn 0.0435 0.0775 -0.9960
vn 0.0385 0.0713 -0.9967
vn 0.0344 0.0663 -0.9972
vn 0.0524 0.0996 -0.9936
vn 0.0454 0.0895 -0.9950
vn 0.0398 0.0815 -0.9959
vn 0.0353 0.0750 -0.9966
vn 0.0316 0.0699 -0.9971
vn 0.0466 0.1032 -0.9936
vn 0.0405 0.0929 -0.9949
vn 0.0355 0.0847 -0.9958
vn 0.0316 0.0781 -0.9964
vn 0.0284 0.0728 -0.9969
vn 0.0405 0.1059 -0.9935
vn 0.0352 0.0954 -0.9948
vn 0.0310 0.0871 -0.9957
vn 0.0276 0.0805 -0.9964
vn 0.0249 0.0752 -0.9969
vn 0.0341 0.1076 -0.9936
vn 0.0297 0.0970 -0.9948
vn 0.0262 0.0887 -0.9957
vn 0.0234 0.0821 -0.9963
vn 0.0211 0.0768 -0.9968
vn 0.0277 0.1082 -0.9937
vn 0.0241 0.0977 -0.9949
vn 0.0213 0.0894 -0.9958
vn 0.0191 0.0829 -0.9964
vn 0.0173 0.0777 -0.9968
vn 0.0212 0.1077 -0.9940
vn 0.0186 0.0972 -0.9951
vn 0.0165 0.0892 -0.9959
vn 0.0148 0.0828 -0.9965
vn 0.0134 0.0778 -0.9969
vn 0.0149 0.1058 -0.9943
vn 0.0131 0.0956 -0.9953
vn 0.0117 0.0878 -0.9961
vn 0.0106 0.0818 -0.9966
vn 0.0097 0.0771 -0.9970
vn 0.0089 0.1023 -0.9947
vn 0.0077 0.0926 -0.9957
vn 0.0073 0.0852 -0.9963
vn 0.0067 0.0796 -0.9968
vn 0.0062 0.0754 -0.9971
vn 0.0036 0.0935 -0.9956
vn 0.0034 0.0862 -0.9963
vn 0.0033 0.0808 -0.9967
vn 0.0033 0.0764 -0.9971
vn 0.0032 0.0730 -0.9973
vn -0.0086 0.1281 -0.9917
vn -0.0055 0.1028 -0.9947
vn -0.0037 0.0884 -0.9961
vn -0.0024 0.0790 -0.9969
vn -0.0016 0.0725 -0.9974
vn -0.0257 0.1445 -0.9892
vn -0.0177 0.1140 -0.9933
vn -0.0132 0.0963 -0.9953
vn -0.0101 0.0848 -0.9963
vn -0.0081 0.0767 -0.9970
vn -0.0472 0.1569 -0.9865
vn -0.0335 0.1228 -0.9919
vn -0.0254 0.1026 -0.9944
vn -0.0200 0.0894 -0.9958
vn -0.0163 0.0800 -0.9967
vn -0.0709 0.1628 -0.9841
vn -0.0514 0.1276 -0.9905
vn -0.0399 0.1063 -0.9935
vn -0.0319 0.0919 -0.9953
vn -0.0259 0.0818 -0.9963
vn -0.0942 0.1616 -0.9823
vn -0.0697 0.1277 -0.9894
vn -0.0541 0.1064 -0.9928
vn -0.0438 0.0920 -0.9948
vn -0.0364 0.0815 -0.9960
vn -0.1145 0.1534 -0.9815
vn -0.0869 0.1229 -0.9886
vn -0.0687 0.1029 -0.9923
vn -0.0560 0.0890 -0.9945
vn -0.0467 0.0790 -0.9958
vn -0.1300 0.1396 -0.9816
vn -0.1006 0.1137 -0.9884
vn -0.0808 0.0961 -0.9921
vn -0.0667 0.0836 -0.9943
vn -0.0563 0.0744 -0.9956
vn -0.1395 0.1222 -0.9827
vn -0.1104 0.1014 -0.9887
vn -0.0901 0.0867 -0.9922
vn -0.0752 0.0759 -0.9943
vn -0.0641 0.0678 -0.9956
vn -0.1433 0.1032 -0.9843
vn -0.1159 0.0871 -0.9894
vn -0.0962 0.0754 -0.9925
vn -0.0814 0.0667 -0.9944
vn -0.0697 0.0599 -0.9958
vn -0.1420 0.0844 -0.9863
vn -0.1171 0.0728 -0.9905
vn -0.0984 0.0637 -0.9931
vn -0.0840 0.0567 -0.9948
vn -0.0728 0.0511 -0.9960
vn -0.1368 0.0669 -0.9883
vn -0.1144 0.0585 -0.9917
vn -0.0977 0.0516 -0.9939
vn -0.0843 0.0464 -0.9954
vn -0.0735 0.0422 -0.9964
vn -0.1277 0.0509 -0.9905
vn -0.1083 0.0452 -0.9931
vn -0.0934 0.0402 -0.9948
vn -0.0812 0.0364 -0.9960
vn -0.0712 0.0333 -0.9969
vn -0.1156 0.0369 -0.9926
vn -0.0990 0.0332 -0.9945
vn -0.0858 0.0300 -0.9959
vn -0.0750 0.0273 -0.9968
vn -0.0663 0.0249 -0.9975
vn -0.1004 0.0250 -0.9946
vn -0.0867 0.0226 -0.9960
vn -0.0758 0.0204 -0.9969
vn -0.0664 0.0187 -0.9976
vn -0.0585 0.0173 -0.9981
vn -0.0819 0.0150 -0.9965
vn -0.0709 0.0136 -0.9974
vn -0.0617 0.0124 -0.9980
vn -0.0538 0.0115 -0.9985
vn -0.0473 0.0106 -0.9988
vn -0.0590 0.0072 -0.9982
vn -0.0504 0.0065 -0.9987
vn -0.0433 0.0059 -0.9990
vn -0.0372 0.0055 -0.9993
vn -0.0320 0.0050 -0.9995
vn -0.0295 0.0015 -0.9996
vn -0.0237 0.0014 -0.9997
vn -0.0188 0.0012 -0.9998
vn -0.0145 0.0010 -0.9999
vn -0.0107 0.0009 -0.9999
vn 0.0038 -0.0007 -1.0000
vn 0.0036 -0.0007 -1.0000
vn 0.0035 -0.0007 -1.0000
vn 0.0033 -0.0007 -1.0000
vn 0.0032 -0.0007 -1.0000
vn 0.0024 -0.0006 -1.0000
vn 0.0023 -0.0006 -1.0000
vn 0.0022 -0.0006 -1.0000
vn 0.0020 -0.0006 -1.0000
vn 0.0019 -0.0006 -1.0000
vn 0.0013 -0.0005 -1.0000
vn 0.0011 -0.0005 -1.0000
vn 0.0010 -0.0005 -1.0000
vn 0.0009 -0.0005 -1.0000
vn 0.0005 -0.0004 -1.0000
vn 0.0004 -0.0004 -1.0000
vn 0.0003 -0.0004 -1.0000
vn 0.0002 -0.0004 -1.0000
vn 0.0001 -0.0004 -1.0000
vn -0.0001 -0.0003 -1.0000
vn -0.0002 -0.0003 -1.0000
vn -0.0003 -0.0003 -1.0000
vn -0.0005 -0.0003 -1.0000
vn -0.0006 -0.0002 -1.0000
vn -0.0007 -0.0002 -1.0000
vn -0.0008 -0.0002 -1.0000
vn -0.0009 -0.0002 -1.0000
vn -0.0010 -0.0002 -1.0000
vn -0.0011 -0.0002 -1.0000
vn -0.0013 -0.0002 -1.0000
vn -0.0011 -0.0001 -1.0000
vn -0.0012 -0.0001 -1.0000
vn -0.0013 -0.0001 -1.0000
vn -0.0015 -0.0001 -1.0000
vn -0.0012 -0.0000 -1.0000
vn -0.0013 -0.0000 -1.0000
vn -0.0014 -0.0000 -1.0000
vn -0.0015 -0.0000 -1.0000
vn -0.0011 0.0001 -1.0000
vn -0.0012 0.0001 -1.0000
vn -0.0013 0.0001 -1.0000
vn -0.0015 0.0001 -1.0000
vn -0.0016 0.0001 -1.0000
vn -0.0009 0.0002 -1.0000
vn -0.0010 0.0002 -1.0000
vn -0.0011 0.0002 -1.0000
vn -0.0013 0.0002 -1.0000
vn -0.0014 0.0002 -1.0000
vn -0.0005 0.0003 -1.0000
vn -0.0006 0.0003 -1.0000
vn -0.0008 0.0003 -1.0000
vn -0.0009 0.0003 -1.0000
vn -0.0010 0.0003 -1.0000
vn -0.0003 0.0004 -1.0000
vn -0.0001 0.0004 -1.0000
vn -0.0005 0.0004 -1.0000
vn -0.0006 0.0004 -1.0000
vn -0.0008 0.0004 -1.0000
vn -0.0009 0.0004 -1.0000
vn -0.0020 0.0004 -1.0000
vn -0.0034 0.0004 -1.0000
vn -0.0050 0.0004 -1.0000
vn -0.0070 0.0004 -1.0000
vn -0.0096 0.0004 -1.0000
vn -0.0097 0.0004 -1.0000
vn -0.0128 0.0004 -0.9999
vn -0.0132 0.0004 -0.9999
vn -0.0179 0.0004 -0.9998
vn -0.0176 0.0004 -0.9998
vn -0.0175 0.0004 -0.9998
vn -0.0240 0.0004 -0.9997
vn -0.0242 0.0004 -0.9997
vn -0.0245 0.0004 -0.9997
vn -0.0333 0.0004 -0.9994
vn -0.0332 0.0004 -0.9994
vn -0.0330 0.0004 -0.9995
vn -0.0451 0.0004 -0.9990
vn -0.0454 0.0004 -0.9990
vn -0.0592 0.0004 -0.9982
vn -0.0593 0.0004 -0.9982
vn -0.0713 0.0004 -0.9975
vn -0.0755 0.0004 -0.9971
vn -0.0756 0.0004 -0.9971
vn -0.0726 0.0004 -0.9974
vn -0.0725 0.0004 -0.9974
vn 0.0335 -0.9994 -0.0021
vn 0.0681 -0.9977 -0.0032
vn 0.1387 -0.9903 -0.0050
vn 0.2115 -0.9773 -0.0067
vn 0.2116 -0.9773 -0.0068
vn 0.2854 -0.9584 -0.0082
vn 0.2854 -0.9584 -0.0083
vn 0.3589 -0.9333 -0.0095
vn 0.3589 -0.9333 -0.0096
vn 0.4306 -0.9025 -0.0106
vn 0.4306 -0.9025 -0.0105
vn 0.4993 -0.8664 -0.0113
vn 0.4992 -0.8664 -0.0112
vn 0.5637 -0.8259 -0.0118
vn 0.6233 -0.7819 -0.0120
vn 0.6777 -0.7352 -0.0120
vn 0.7267 -0.6868 -0.0119
vn 0.7705 -0.6373 -0.0115
vn 0.7706 -0.6372 -0.0116
vn 0.8095 -0.5870 -0.0111
vn 0.8440 -0.5363 -0.0106
vn 0.8743 -0.4852 -0.0100
vn 0.9010 -0.4337 -0.0093
vn 0.9010 -0.4337 -0.0094
vn 0.9243 -0.3816 -0.0085
vn 0.9243 -0.3816 -0.0086
vn 0.9445 -0.3283 -0.0077
vn 0.9619 -0.2734 -0.0067
vn 0.9619 -0.2734 -0.0066
vn 0.9764 -0.2160 -0.0054
vn 0.9879 -0.1548 -0.0040
vn 0.9961 -0.0886 -0.0020
vn 1.0000 -0.0093 -0.0001
vn 1.0000 -0.0093 -0.0002
vn 0.9963 0.0864 0.0021
vn 0.9823 0.1873 0.0047
vn 0.9823 0.1873 0.0048
vn 0.9576 0.2881 0.0070
vn 0.9576 0.2880 0.0070
vn 0.9212 0.3890 0.0091
vn 0.8732 0.4873 0.0108
vn 0.8147 0.5798 0.0119
vn 0.8147 0.5797 0.0119
vn 0.7480 0.6636 0.0125
vn 0.6759 0.7369 0.0125
vn 0.6758 0.7370 0.0125
vn 0.6012 0.7990 0.0121
vn 0.5266 0.8501 0.0112
vn 0.5265 0.8501 0.0112
vn 0.4536 0.8912 0.0100
vn 0.4535 0.8912 0.0100
vn 0.3831 0.9237 0.0085
vn 0.3831 0.9237 0.0086
vn 0.3155 0.9489 0.0070
vn 0.3154 0.9489 0.0070
vn 0.2499 0.9683 0.0053
vn 0.1856 0.9826 0.0035
vn 0.1855 0.9826 0.0036
vn 0.1205 0.9927 0.0017
vn 0.0507 0.9987 0.0002
vn 0.0506 0.9987 0.0001
vn 0.0068 1.0000 -0.0004
vn 0.0068 1.0000 -0.0007
vn -0.0000 1.0000 -0.0006
vn -0.0000 1.0000 -0.0005
vn -0.0000 1.0000 -0.0004
vn -0.0000 1.0000 -0.0003
vn -0.0000 1.0000 -0.0002
vn -0.0000 1.0000 -0.0001
vn -0.0000 1.0000 -0.0000
vn -0.0000 1.0000 0.0001
vn -0.0000 1.0000 0.0002
vn -0.0000 1.0000 0.0003
vn -0.0098 1.0000 0.0004
vn -0.0238 0.9997 0.0005
vn -0.0292 0.9996 0.0006
vn -0.0317 0.9995 0.0007
vn -0.0346 0.9994 0.0008
vn -0.0345 0.9994 0.0008
vn -0.0379 0.9993 0.0010
vn -0.0420 0.9991 0.0012
vn -0.0419 0.9991 0.0012
vn -0.0470 0.9989 0.0014
vn -0.0469 0.9989 0.0014
vn -0.0532 0.9986 0.0018
vn -0.0609 0.9981 0.0026
vn -0.0610 0.9981 0.0023
vn -0.0704 0.9975 0.0029
vn -0.0804 0.9968 0.0041
vn -0.0805 0.9967 0.0038
vn -0.0885 0.9961 0.0050
vn -0.0899 0.9959 0.0058
vn -0.0828 0.9965 0.0062
vn -0.0829 0.9965 0.0057
vn -0.0742 0.9972 0.0056
vn -0.0708 0.9975 0.0055
vn -0.0353 0.9994 0.0022
vn -0.0731 0.9973 0.0031
vn -0.1503 0.9886 0.0050
vn -0.1503 0.9886 0.0049
vn -0.2306 0.9730 0.0066
vn -0.2305 0.9731 0.0065
vn -0.3120 0.9500 0.0080
vn -0.3927 0.9196 0.0090
vn -0.3926 0.9196 0.0089
vn -0.4706 0.8823 0.0097
vn -0.5438 0.8391 0.0101
vn -0.5438 0.8392 0.0101
vn -0.6110 0.7915 0.0102
vn -0.6714 0.7410 0.0101
vn -0.6714 0.7410 0.0100
vn -0.7249 0.6888 0.0097
vn -0.7714 0.6363 0.0092
vn -0.7714 0.6362 0.0093
vn -0.8116 0.5842 0.0087
vn -0.8460 0.5330 0.0081
vn -0.8460 0.5331 0.0081
vn -0.8755 0.4831 0.0075
vn -0.8755 0.4832 0.0075
vn -0.9007 0.4345 0.0070
vn -0.9007 0.4344 0.0070
vn -0.9222 0.3867 0.0064
vn -0.9406 0.3396 0.0058
vn -0.9405 0.3396 0.0058
vn -0.9562 0.2925 0.0053
vn -0.9696 0.2446 0.0047
vn -0.9696 0.2447 0.0047
vn -0.9808 0.1949 0.0039
vn -0.9899 0.1418 0.0030
vn -0.9899 0.1417 0.0030
vn -0.9966 0.0828 0.0016
vn -0.9998 0.0211 0.0010
vn -0.9994 -0.0351 0.0015
vn -0.9994 -0.0350 0.0014
vn -0.9956 -0.0938 0.0014
vn -0.9856 -0.1690 0.0002
vn -0.9655 -0.2602 -0.0019
vn -0.9655 -0.2603 -0.0018
vn -0.9320 -0.3624 -0.0043
vn -0.9320 -0.3623 -0.0043
vn -0.8835 -0.4684 -0.0066
vn -0.8210 -0.5708 -0.0085
vn -0.7479 -0.6637 -0.0096
vn -0.6686 -0.7435 -0.0101
vn -0.6686 -0.7436 -0.0101
vn -0.5872 -0.8094 -0.0099
vn -0.5066 -0.8621 -0.0092
vn -0.4286 -0.9035 -0.0081
vn -0.3534 -0.9354 -0.0067
vn -0.3535 -0.9354 -0.0067
vn -0.2808 -0.9598 -0.0052
vn -0.2093 -0.9779 -0.0035
vn -0.2093 -0.9778 -0.0035
vn -0.1368 -0.9906 -0.0018
vn -0.1368 -0.9906 -0.0017
vn -0.0567 -0.9984 -0.0001
vn -0.0066 -1.0000 0.0004
vn -0.0067 -1.0000 0.0007
vn -0.0000 -1.0000 0.0006
vn -0.0000 -1.0000 0.0005
vn -0.0000 -1.0000 0.0004
vn -0.0000 -1.0000 0.0003
vn -0.0000 -1.0000 0.0002
vn -0.0000 -1.0000 0.0001
vn -0.0000 -1.0000 -0.0000
vn -0.0000 -1.0000 -0.0001
vn -0.0000 -1.0000 -0.0002
vn -0.0000 -1.0000 -0.0003
vn -0.0098 -1.0000 -0.0004
vn -0.0237 -0.9997 -0.0004
vn -0.0288 -0.9996 -0.0003
vn -0.0289 -0.9996 -0.0003
vn -0.0311 -0.9995 -0.0002
vn -0.0337 -0.9994 -0.0001
vn -0.0368 -0.9993 0.0001
vn -0.0405 -0.9992 0.0003
vn -0.0451 -0.9990 0.0005
vn -0.0509 -0.9987 0.0009
vn -0.0583 -0.9983 0.0016
vn -0.0583 -0.9983 0.0017
vn -0.0671 -0.9977 0.0023
vn -0.0769 -0.9970 0.0031
vn -0.0850 -0.9964 0.0040
vn -0.0850 -0.9964 0.0037
vn -0.0872 -0.9962 0.0049
vn -0.0872 -0.9962 0.0048
vn -0.0815 -0.9967 0.0052
vn -0.0814 -0.9967 0.0048
vn -0.0738 -0.9973 0.0051
vn -0.0737 -0.9973 0.0047
vn -0.0708 -0.9975 0.0047
vt 0.000000 0.000000
vt 0.000000 0.489322
vt 0.250000 0.489322
vt 0.250000 0.000000
vt 0.500000 0.489322
vt 0.500000 0.000000
vt 0.750000 0.489322
vt 0.750000 0.000000
vt 1.000000 0.489322
vt 1.000000 0.000000
vt 0.000000 0.979286
vt 0.250000 0.979286
vt 0.500000 0.979286
vt 0.750000 0.979286
vt 1.000000 0.979286
vt 0.000000 1.470060
vt 0.250000 1.470060
vt 0.500000 1.470060
vt 0.750000 1.470060
vt 1.000000 1.470060
vt 0.000000 1.961785
vt 0.250000 1.961785
vt 0.500000 1.961785
vt 0.750000 1.961785
vt 1.000000 1.961785
vt 0.000000 2.454550
vt 0.250000 2.454550
vt 0.500000 2.454550
vt 0.750000 2.454550
vt 1.000000 2.454550
vt 0.000000 2.948385
vt 0.250000 2.948385
vt 0.500000 2.948385
vt 0.750000 2.948385
vt 1.000000 2.948385
vt 0.000000 3.443242
vt 0.250000 3.443242
vt 0.500000 3.443242
vt 0.750000 3.443242
vt 1.000000 3.443242
vt 0.000000 3.939000
vt 0.250000 3.939000
vt 0.500000 3.939000
vt 0.750000 3.939000
vt 1.000000 3.939000
vt 0.000000 4.435496
vt 0.250000 4.435496
vt 0.500000 4.435496
vt 0.750000 4.435496
vt 1.000000 4.435496
vt 0.000000 4.932523
vt 0.250000 4.932523
vt 0.500000 4.932523
vt 0.750000 4.932523
vt 1.000000 4.932523
vt 0.000000 5.429867
vt 0.250000 5.429867
vt 0.500000 5.429867
vt 0.750000 5.429867
vt 1.000000 5.429867
vt 0.000000 5.927320
vt 0.250000 5.927320
vt 0.500000 5.927320
vt 0.750000 5.927320
vt 1.000000 5.927320
vt 0.000000 6.424680
vt 0.250000 6.424680
vt 0.500000 6.424680
vt 0.750000 6.424680
vt 1.000000 6.424680
vt 0.000000 6.921765
vt 0.250000 6.921765
vt 0.500000 6.921765
vt 0.750000 6.921765
vt 1.000000 6.921765
vt 0.000000 7.418407
vt 0.250000 7.418407
vt 0.500000 7.418407
vt 0.750000 7.418407
vt 1.000000 7.418407
vt 0.000000 7.914446
vt 0.250000 7.914446
vt 0.500000 7.914446
vt 0.750000 7.914446
vt 1.000000 7.914446
vt 0.000000 8.409722
vt 0.250000 8.409722
vt 0.500000 8.409722
vt 0.750000 8.409722
vt 1.000000 8.409722
vt 0.000000 8.904073
vt 0.250000 8.904073
vt 0.500000 8.904073
vt 0.750000 8.904073
vt 1.000000 8.904073
vt 0.000000 9.397309
vt 0.250000 9.397309
vt 0.500000 9.397309
vt 0.750000 9.397309
vt 1.000000 9.397309
vt 0.000000 9.889214
vt 0.250000 9.889214
vt 0.500000 9.889214
vt 0.750000 9.889214
vt 1.000000 9.889214
vt 0.000000 10.379514
vt 0.250000 10.379514
vt 0.500000 10.379514
vt 0.750000 10.379514
vt 1.000000 10.379514
vt 0.000000 10.867861
vt 0.250000 10.867861
vt 0.500000 10.867861
vt 0.750000 10.867861
vt 1.000000 10.867861
vt 0.000000 11.353793
vt 0.250000 11.353793
vt 0.500000 11.353793
vt 0.750000 11.353793
vt 1.000000 11.353793
vt 0.000000 11.907135
vt 0.250000 11.907135
vt 0.500000 11.907135
vt 0.750000 11.907135
vt 1.000000 11.907135
vt 0.000000 12.391924
vt 0.250000 12.391924
vt 0.500000 12.391924
vt 0.750000 12.391924
vt 1.000000 12.391924
vt 0.000000 12.877468
vt 0.250000 12.877468
vt 0.500000 12.877468
vt 0.750000 12.877468
vt 1.000000 12.877468
vt 0.000000 13.364205
vt 0.250000 13.364205
vt 0.500000 13.364205
vt 0.750000 13.364205
vt 1.000000 13.364205
vt 0.000000 13.852543
vt 0.250000 13.852543
vt 0.500000 13.852543
vt 0.750000 13.852543
vt 1.000000 13.852543
vt 0.000000 14.342753
vt 0.250000 14.342753
vt 0.500000 14.342753
vt 0.750000 14.342753
vt 1.000000 14.342753
vt 0.000000 14.834882
vt 0.250000 14.834882
vt 0.500000 14.834882
vt 0.750000 14.834882
vt 1.000000 14.834882
vt 0.000000 15.328704
vt 0.250000 15.328704
vt 0.500000 15.328704
vt 0.750000 15.328704
vt 1.000000 15.328704
vt 0.000000 15.823776
vt 0.250000 15.823776
vt 0.500000 15.823776
vt 0.750000 15.823776
vt 1.000000 15.823776
vt 0.000000 16.319530
vt 0.250000 16.319530
vt 0.500000 16.319530
vt 0.750000 16.319530
vt 1.000000 16.319530
vt 0.000000 16.815350
vt 0.250000 16.815350
vt 0.500000 16.815350
vt 0.750000 16.815350
vt 1.000000 16.815350
vt 0.000000 17.310648
vt 0.250000 17.310648
vt 0.500000 17.310648
vt 0.750000 17.310648
vt 1.000000 17.310648
vt 0.000000 17.804859
vt 0.250000 17.804859
vt 0.500000 17.804859
vt 0.750000 17.804859
vt 1.000000 17.804859
vt 0.000000 18.297421
vt 0.250000 18.297421
vt 0.500000 18.297421
vt 0.750000 18.297421
vt 1.000000 18.297421
vt 0.000000 18.787691
vt 0.250000 18.787691
vt 0.500000 18.787691
vt 0.750000 18.787691
vt 1.000000 18.787691
vt 0.000000 19.274858
vt 0.250000 19.274858
vt 0.500000 19.274858
vt 0.750000 19.274858
vt 1.000000 19.274858
vt 0.000000 19.757751
vt 0.250000 19.757751
vt 0.500000 19.757751
vt 0.750000 19.757751
vt 1.000000 19.757751
vt 0.000000 20.490574
vt 0.250000 20.490574
vt 0.500000 20.490574
vt 0.750000 20.490574
vt 1.000000 20.490574
vt 0.000000 21.032375
vt 0.250000 21.032375
vt 0.500000 21.032375
vt 0.750000 21.032375
vt 1.000000 21.032375
vt 0.000000 21.538149
vt 0.250000 21.538149
vt 0.500000 21.538149
vt 0.750000 21.538149
vt 1.000000 21.538149
vt 0.000000 22.042040
vt 0.250000 22.042040
vt 0.500000 22.042040
vt 0.750000 22.042040
vt 1.000000 22.042040
vt 0.000000 22.544300
vt 0.250000 22.544300
vt 0.500000 22.544300
vt 0.750000 22.544300
vt 1.000000 22.544300
vt 0.000000 23.045099
vt 0.250000 23.045099
vt 0.500000 23.045099
vt 0.750000 23.045099
vt 1.000000 23.045099
vt 0.000000 23.544518
vt 0.250000 23.544518
vt 0.500000 23.544518
vt 0.750000 23.544518
vt 1.000000 23.544518
vt 0.000000 24.042595
vt 0.250000 24.042595
vt 0.500000 24.042595
vt 0.750000 24.042595
vt 1.000000 24.042595
vt 0.000000 24.539314
vt 0.250000 24.539314
vt 0.500000 24.539314
vt 0.750000 24.539314
vt 1.000000 24.539314
vt 0.000000 25.034599
vt 0.250000 25.034599
vt 0.500000 25.034599
vt 0.750000 25.034599
vt 1.000000 25.034599
vt 0.000000 25.528322
vt 0.250000 25.528322
vt 0.500000 25.528322
vt 0.750000 25.528322
vt 1.000000 25.528322
vt 0.000000 26.020271
vt 0.250000 26.020271
vt 0.500000 26.020271
vt 0.750000 26.020271
vt 1.000000 26.020271
vt 0.000000 26.510120
vt 0.250000 26.510120
vt 0.500000 26.510120
vt 0.750000 26.510120
vt 1.000000 26.510120
vt 0.000000 27.112617
vt 0.250000 27.112617
vt 0.500000 27.112617
vt 0.750000 27.112617
vt 1.000000 27.112617
vt 0.000000 27.724705
vt 0.250000 27.724705
vt 0.500000 27.724705
vt 0.750000 27.724705
vt 1.000000 27.724705
vt 0.000000 28.220127
vt 0.250000 28.220127
vt 0.500000 28.220127
vt 0.750000 28.220127
vt 1.000000 28.220127
vt 0.000000 28.697350
vt 0.250000 28.697350
vt 0.500000 28.697350
vt 0.750000 28.697350
vt 1.000000 28.697350
vt 0.000000 29.172483
vt 0.250000 29.172483
vt 0.500000 29.172483
vt 0.750000 29.172483
vt 1.000000 29.172483
vt 0.000000 29.645187
vt 0.250000 29.645187
vt 0.500000 29.645187
vt 0.750000 29.645187
vt 1.000000 29.645187
vt 0.000000 30.115074
vt 0.250000 30.115074
vt 0.500000 30.115074
vt 0.750000 30.115074
vt 1.000000 30.115074
vt 0.000000 30.581774
vt 0.250000 30.581774
vt 0.500000 30.581774
vt 0.750000 30.581774
vt 1.000000 30.581774
vt 0.000000 31.045113
vt 0.250000 31.045113
vt 0.500000 31.045113
vt 0.750000 31.045113
vt 1.000000 31.045113
vt 0.000000 31.505569
vt 0.250000 31.505569
vt 0.500000 31.505569
vt 0.750000 31.505569
vt 1.000000 31.505569
vt 0.000000 31.965403
vt 0.250000 31.965403
vt 0.500000 31.965403
vt 0.750000 31.965403
vt 1.000000 31.965403
vt 0.000000 32.430851
vt 0.250000 32.430851
vt 0.500000 32.430851
vt 0.750000 32.430851
vt 1.000000 32.430851
vt 0.000000 32.913651
vt 0.250000 32.913651
vt 0.500000 32.913651
vt 0.750000 32.913651
vt 1.000000 32.913651
vt 0.000000 33.423939
vt 0.250000 33.423939
vt 0.500000 33.423939
vt 0.750000 33.423939
vt 1.000000 33.423939
vt 0.000000 33.955719
vt 0.250000 33.955719
vt 0.500000 33.955719
vt 0.750000 33.955719
vt 1.000000 33.955719
vt 0.000000 34.000000
vt 0.250000 34.000000
vt 0.500000 34.000000
vt 0.750000 34.000000
vt 1.000000 34.000000
s 1
usemtl track_surface
f 46/26/4 51/27/5 52/28/6 47/29/7
f 47/29/7 52/28/6 53/30/8 48/31/9
f 48/31/9 53/30/8 54/32/10 49/33/11
f 49/33/11 54/32/10 55/34/12 50/35/13
f 51/27/5 56/36/14 57/37/15 52/28/6
f 52/28/6 57/37/15 58/38/16 53/30/8
f 53/30/8 58/38/16 59/39/17 54/32/10
f 54/32/10 59/39/17 60/40/18 55/34/12
f 56/36/14 61/41/19 62/42/20 57/37/15
f 57/37/15 62/42/20 63/43/21 58/38/16
f 58/38/16 63/43/21 64/44/22 59/39/17
f 59/39/17 64/44/22 65/45/23 60/40/18
f 61/41/19 66/46/24 67/47/25 62/42/20
f 62/42/20 67/47/25 68/48/26 63/43/21
f 63/43/21 68/48/26 69/49/27 64/44/22
f 64/44/22 69/49/27 70/50/28 65/45/23
f 66/46/24 71/51/29 72/52/30 67/47/25
f 67/47/25 72/52/30 73/53/31 68/48/26
f 68/48/26 73/53/31 74/54/32 69/49/27
f 69/49/27 74/54/32 75/55/33 70/50/28
f 71/51/29 76/56/34 77/57/35 72/52/30
f 72/52/30 77/57/35 78/58/36 73/53/31
f 73/53/31 78/58/36 79/59/37 74/54/32
f 74/54/32 79/59/37 80/60/38 75/55/33
f 76/56/34 81/61/39 82/62/40 77/57/35
f 77/57/35 82/62/40 83/63/41 78/58/36
f 78/58/36 83/63/41 84/64/42 79/59/37
f 79/59/37 84/64/42 85/65/43 80/60/38
f 81/61/39 86/66/44 87/67/45 82/62/40
f 82/62/40 87/67/45 88/68/46 83/63/41
f 83/63/41 88/68/46 89/69/47 84/64/42
f 84/64/42 89/69/47 90/70/48 85/65/43
f 86/66/44 91/71/49 92/72/50 87/67/45
f 87/67/45 92/72/50 93/73/51 88/68/46
f 88/68/46 93/73/51 94/74/52 89/69/47
f 89/69/47 94/74/52 95/75/53 90/70/48
f 91/71/49 96/76/54 97/77/55 92/72/50
f 92/72/50 97/77/55 98/78/56 93/73/51
f 93/73/51 98/78/56 99/79/57 94/74/52
f 94/74/52 99/79/57 100/80/58 95/75/53
f 96/76/54 101/81/59 102/82/60 97/77/55
f 97/77/55 102/82/60 103/83/61 98/78/56
f 98/78/56 103/83/61 104/84/62 99/79/57
f 99/79/57 104/84/62 105/85/63 100/80/58
f 101/81/59 106/86/64 107/87/65 102/82/60
f 102/82/60 107/87/65 108/88/66 103/83/61
f 103/83/61 108/88/66 109/89/67 104/84/62
f 104/84/62 109/89/67 110/90/68 105/85/63
f 106/86/64 111/91/69 112/92/70 107/87/65
f 107/87/65 112/92/70 113/93/71 108/88/66
f 108/88/66 113/93/71 114/94/72 109/89/67
f 109/89/67 114/94/72 115/95/73 110/90/68
f 111/91/69 116/96/74 117/97/75 112/92/70
f 112/92/70 117/97/75 118/98/76 113/93/71
f 113/93/71 118/98/76 119/99/77 114/94/72
f 114/94/72 119/99/77 120/100/78 115/95/73
f 116/96/74 121/101/79 122/102/80 117/97/75
f 117/97/75 122/102/80 123/103/81 118/98/76
f 118/98/76 123/103/81 124/104/82 119/99/77
f 119/99/77 124/104/82 125/105/83 120/100/78
f 121/101/79 126/106/84 127/107/85 122/102/80
f 122/102/80 127/107/85 128/108/86 123/103/81
f 123/103/81 128/108/86 129/109/87 124/104/82
f 124/104/82 129/109/87 130/110/88 125/105/83
f 126/106/84 131/111/89 132/112/90 127/107/85
f 127/107/85 132/112/90 133/113/91 128/108/86
f 128/108/86 133/113/91 134/114/92 129/109/87
f 129/109/87 134/114/92 135/115/93 130/110/88
f 131/111/89 136/116/94 137/117/95 132/112/90
f 132/112/90 137/117/95 138/118/96 133/113/91
f 133/113/91 138/118/96 139/119/97 134/114/92
f 134/114/92 139/119/97 140/120/98 135/115/93
f 136/116/94 141/121/99 142/122/100 137/117/95
f 137/117/95 142/122/100 143/123/101 138/118/96
f 138/118/96 143/123/101 144/124/102 139/119/97
f 139/119/97 144/124/102 145/125/103 140/120/98
f 141/121/99 146/126/104 147/127/105 142/122/100
f 142/122/100 147/127/105 148/128/106 143/123/101
f 143/123/101 148/128/106 149/129/107 144/124/102
f 144/124/102 149/129/107 150/130/108 145/125/103
f 146/126/104 151/131/109 152/132/110 147/127/105
f 147/127/105 152/132/110 153/133/111 148/128/106
f 148/128/106 153/133/111 154/134/112 149/129/107
f 149/129/107 154/134/112 155/135/113 150/130/108
f 151/131/109 156/136/114 157/137/115 152/132/110
f 152/132/110 157/137/115 158/138/116 153/133/111
f 153/133/111 158/138/116 159/139/117 154/134/112
f 154/134/112 159/139/117 160/140/118 155/135/113
f 156/136/114 161/141/119 162/142/120 157/137/115
f 157/137/115 162/142/120 163/143/121 158/138/116
f 158/138/116 163/143/121 164/144/122 159/139/117
f 159/139/117 164/144/122 165/145/123 160/140/118
f 161/141/119 166/146/124 167/147/125 162/142/120
f 162/142/120 167/147/125 168/148/126 163/143/121
f 163/143/121 168/148/126 169/149/127 164/144/122
f 164/144/122 169/149/127 170/150/128 165/145/123
f 166/146/124 171/151/129 172/152/130 167/147/125
f 167/147/125 172/152/130 173/153/131 168/148/126
f 168/148/126 173/153/131 174/154/132 169/149/127
f 169/149/127 174/154/132 175/155/133 170/150/128
f 171/151/129 176/156/134 177/157/135 172/152/130
f 172/152/130 177/157/135 178/158/136 173/153/131
f 173/153/131 178/158/136 179/159/137 174/154/132
f 174/154/132 179/159/137 180/160/138 175/155/133
f 176/156/134 181/161/139 182/162/140 177/157/135
f 177/157/135 182/162/140 183/163/141 178/158/136
f 178/158/136 183/163/141 184/164/142 179/159/137
f 179/159/137 184/164/142 185/165/143 180/160/138
f 181/161/139 186/166/144 187/167/145 182/162/140
f 182/162/140 187/167/145 188/168/146 183/163/141
f 183/163/141 188/168/146 189/169/147 184/164/142
f 184/164/142 189/169/147 190/170/148 185/165/143
f 186/166/144 191/171/149 192/172/150 187/167/145
f 187/167/145 192/172/150 193/173/151 188/168/146
f 188/168/146 193/173/151 194/174/152 189/169/147
f 189/169/147 194/174/152 195/175/153 190/170/148
f 191/171/149 196/176/154 197/177/155 192/172/150
f 192/172/150 197/177/155 198/178/156 193/173/151
f 193/173/151 198/178/156 199/179/157 194/174/152
f 194/174/152 199/179/157 200/180/158 195/175/153
f 196/176/154 201/181/159 202/182/160 197/177/155
f 197/177/155 202/182/160 203/183/161 198/178/156
f 198/178/156 203/183/161 204/184/162 199/179/157
f 199/179/157 204/184/162 205/185/163 200/180/158
f 201/181/159 206/186/164 207/187/165 202/182/160
f 202/182/160 207/187/165 208/188/166 203/183/161
f 203/183/161 208/188/166 209/189/167 204/184/162
f 204/184/162 209/189/167 210/190/168 205/185/163
f 206/186/164 211/191/169 212/192/170 207/187/165
f 207/187/165 212/192/170 213/193/171 208/188/166
f 208/188/166 213/193/171 214/194/172 209/189/167
f 209/189/167 214/194/172 215/195/173 210/190/168
f 211/191/169 216/196/174 217/197/175 212/192/170
f 212/192/170 217/197/175 218/198/176 213/193/171
f 213/193/171 218/198/176 219/199/177 214/194/172
f 214/194/172 219/199/177 220/200/178 215/195/173
f 216/196/174 221/201/179 222/202/180 217/197/175
f 217/197/175 222/202/180 223/203/181 218/198/176
f 218/198/176 223/203/181 224/204/182 219/199/177
f 219/199/177 224/204/182 225/205/183 220/200/178
f 221/201/179 226/206/184 227/207/185 222/202/180
f 222/202/180 227/207/185 228/208/186 223/203/181
f 223/203/181 228/208/186 229/209/187 224/204/182
f 224/204/182 229/209/187 230/210/188 225/205/183
f 226/206/184 231/211/189 232/212/190 227/207/185
f 227/207/185 232/212/190 233/213/191 228/208/186
f 228/208/186 233/213/191 234/214/192 229/209/187
f 229/209/187 234/214/192 235/215/193 230/210/188
f 231/211/189 236/216/194 237/217/195 232/212/190
f 232/212/190 237/217/195 238/218/196 233/213/191
f 233/213/191 238/218/196 239/219/197 234/214/192
f 234/214/192 239/219/197 240/220/198 235/215/193
f 236/216/194 241/221/199 242/222/200 237/217/195
f 237/217/195 242/222/200 243/223/201 238/218/196
f 238/218/196 243/223/201 244/224/202 239/219/197
f 239/219/197 244/224/202 245/225/203 240/220/198
f 241/221/199 246/226/204 247/227/205 242/222/200
f 242/222/200 247/227/205 248/228/206 243/223/201
f 243/223/201 248/228/206 249/229/207 244/224/202
f 244/224/202 249/229/207 250/230/208 245/225/203
f 246/226/204 251/231/209 252/232/210 247/227/205
f 247/227/205 252/232/210 253/233/211 248/228/206
f 248/228/206 253/233/211 254/234/212 249/229/207
f 249/229/207 254/234/212 255/235/213 250/230/208
f 251/231/209 256/236/214 257/237/215 252/232/210
f 252/232/210 257/237/215 258/238/216 253/233/211
f 253/233/211 258/238/216 259/239/217 254/234/212
f 254/234/212 259/239/217 260/240/218 255/235/213
f 256/236/214 261/241/219 262/242/219 257/237/215
f 257/237/215 262/242/219 263/243/220 258/238/216
f 258/238/216 263/243/220 264/244/221 259/239/217
f 259/239/217 264/244/221 265/245/222 260/240/218
f 261/241/219 266/246/223 267/247/224 262/242/219
f 262/242/219 267/247/224 268/248/225 263/243/220
f 263/243/220 268/248/225 269/249/226 264/244/221
f 264/244/221 269/249/226 270/250/227 265/245/222
f 266/246/223 271/251/228 272/252/229 267/247/224
f 267/247/224 272/252/229 273/253/230 268/248/225
f 268/248/225 273/253/230 274/254/231 269/249/226
f 269/249/226 274/254/231 275/255/231 270/250/227
f 271/251/228 276/256/232 277/257/233 272/252/229
f 272/252/229 277/257/233 278/258/234 273/253/230
f 273/253/230 278/258/234 279/259/235 274/254/231
f 274/254/231 279/259/235 280/260/236 275/255/231
f 276/256/232 281/261/235 282/262/236 277/257/233
f 277/257/233 282/262/236 283/263/237 278/258/234
f 278/258/234 283/263/237 284/264/238 279/259/235
f 279/259/235 284/264/238 285/265/238 280/260/236
f 281/261/235 286/266/239 287/267/240 282/262/236
f 282/262/236 287/267/240 288/268/241 283/263/237
f 283/263/237 288/268/241 289/269/242 284/264/238
f 284/264/238 289/269/242 290/270/242 285/265/238
f 286/266/239 291/271/243 292/272/244 287/267/240
f 287/267/240 292/272/244 293/273/245 288/268/241
f 288/268/241 293/273/245 294/274/246 289/269/242
f 289/269/242 294/274/246 295/275/11 290/270/242
f 291/271/243 296/276/247 297/277/248 292/272/244
f 292/272/244 297/277/248 298/278/249 293/273/245
f 293/273/245 298/278/249 299/279/250 294/274/246
f 294/274/246 299/279/250 300/280/251 295/275/11
f 296/276/247 301/281/252 302/282/253 297/277/248
f 297/277/248 302/282/253 303/283/254 298/278/249
f 298/278/249 303/283/254 304/284/255 299/279/250
f 299/279/250 304/284/255 305/285/256 300/280/251
f 301/281/252 306/286/257 307/287/258 302/282/253
f 302/282/253 307/287/258 308/288/259 303/283/254
f 303/283/254 308/288/259 309/289/260 304/284/255
f 304/284/255 309/289/260 310/290/261 305/285/256
f 306/286/257 311/291/262 312/292/262 307/287/258
f 307/287/258 312/292/262 313/293/263 308/288/259
f 308/288/259 313/293/263 314/294/264 309/289/260
f 309/289/260 314/294/264 315/295/265 310/290/261
f 311/291/262 316/296/266 317/297/266 312/292/262
f 312/292/262 317/297/266 318/298/266 313/293/263
f 313/293/263 318/298/266 319/299/267 314/294/264
f 314/294/264 319/299/267 320/300/267 315/295/265
f 316/296/266 321/301/268 322/302/268 317/297/266
f 317/297/266 322/302/268 323/303/268 318/298/266
f 318/298/266 323/303/268 324/304/268 319/299/267
f 319/299/267 324/304/268 325/305/268 320/300/267
f 321/301/268 326/306/269 327/307/269 322/302/268
f 322/302/268 327/307/269 328/308/269 323/303/268
f 323/303/268 328/308/269 329/309/269 324/304/268
f 324/304/268 329/309/269 330/310/269 325/305/268
f 326/306/269 331/311/270 332/312/270 327/307/269
f 327/307/269 332/312/270 333/313/270 328/308/269
f 328/308/269 333/313/270 334/314/270 329/309/269
f 329/309/269 334/314/270 335/315/270 330/310/269
f 331/311/270 336/316/271 337/317/271 332/312/270
f 332/312/270 337/317/271 338/318/271 333/313/270
f 333/313/270 338/318/271 339/319/271 334/314/270
f 334/314/270 339/319/271 340/320/271 335/315/270
f 336/316/271 341/321/272 342/322/273 337/317/271
f 337/317/271 342/322/273 343/323/273 338/318/271
f 338/318/271 343/323/273 344/324/273 339/319/271
f 339/319/271 344/324/273 345/325/272 340/320/271
f 341/321/272 346/326/274 347/327/275 342/322/273
f 342/322/273 347/327/275 348/328/275 343/323/273
f 343/323/273 348/328/275 349/329/275 344/324/273
f 344/324/273 349/329/275 350/330/274 345/325/272
f 346/326/274 351/331/276 352/332/277 347/327/275
f 347/327/275 352/332/277 353/333/277 348/328/275
f 348/328/275 353/333/277 354/334/277 349/329/275
f 349/329/275 354/334/277 355/335/278 350/330/274
f 351/331/276 356/336/279 357/337/280 352/332/277
f 352/332/277 357/337/280 358/338/280 353/333/277
f 353/333/277 358/338/280 359/339/281 354/334/277
f 354/334/277 359/339/281 360/340/279 355/335/278
f 356/336/279 361/341/282 362/342/283 357/337/280
f 357/337/280 362/342/283 363/343/283 358/338/280
f 358/338/280 363/343/283 364/344/283 359/339/281
f 359/339/281 364/344/283 365/345/284 360/340/279
f 361/341/282 366/346/285 367/347/286 362/342/283
f 362/342/283 367/347/286 368/348/286 363/343/283
f 363/343/283 368/348/286 369/349/286 364/344/283
f 364/344/283 369/349/286 370/350/285 365/345/284
f 366/346/285 371/351/287 372/352/287 367/347/286
f 367/347/286 372/352/287 373/353/287 368/348/286
f 368/348/286 373/353/287 374/354/287 369/349/286
f 369/349/286 374/354/287 375/355/288 370/350/285
f 371/351/287 376/356/289 377/357/289 372/352/287
f 372/352/287 377/357/289 378/358/289 373/353/287
f 373/353/287 378/358/289 379/359/289 374/354/287
f 374/354/287 379/359/289 380/360/289 375/355/288
f 376/356/289 381/361/290 382/362/290 377/357/289
f 377/357/289 382/362/290 383/363/291 378/358/289
f 378/358/289 383/363/291 384/364/290 379/359/289
f 379/359/289 384/364/290 385/365/290 380/360/289
f 381/361/290 386/366/292 387/367/293 382/362/290
f 382/362/290 387/367/293 388/368/292 383/363/291
f 383/363/291 388/368/292 389/369/293 384/364/290
f 384/364/290 389/369/293 390/370/292 385/365/290
f 386/366/292 391/371/293 392/372/293 387/367/293
f 387/367/293 392/372/293 393/373/293 388/368/292
f 388/368/292 393/373/293 394/374/293 389/369/293
f 389/369/293 394/374/293 395/375/293 390/370/292
usemtl track_rail
f 396/26/294 398/27/295 399/34/295 397/35/294
f 398/27/295 400/36/296 401/40/296 399/34/295
f 400/36/296 402/41/297 403/45/298 401/40/296
f 402/41/297 404/46/299 405/50/300 403/45/298
f 404/46/299 406/51/301 407/55/302 405/50/300
f 406/51/301 408/56/303 409/60/304 407/55/302
f 408/56/303 410/61/305 411/65/306 409/60/304
f 410/61/305 412/66/307 413/70/307 411/65/306
f 412/66/307 414/71/308 415/75/308 413/70/307
f 414/71/308 416/76/309 417/80/309 415/75/308
f 416/76/309 418/81/310 419/85/310 417/80/309
f 418/81/310 420/86/311 421/90/312 419/85/310
f 420/86/311 422/91/313 423/95/313 421/90/312
f 422/91/313 424/96/314 425/100/314 423/95/313
f 424/96/314 426/101/315 427/105/315 425/100/314
f 426/101/315 428/106/316 429/110/317 427/105/315
f 428/106/316 430/111/318 431/115/319 429/110/317
f 430/111/318 432/116/320 433/120/320 431/115/319
f 432/116/320 434/121/321 435/125/322 433/120/320
f 434/121/321 436/126/323 437/130/323 435/125/322
f 436/126/323 438/131/324 439/135/324 437/130/323
f 438/131/324 440/136/325 441/140/325 439/135/324
f 440/136/325 442/141/326 443/145/327 441/140/325
f 442/141/326 444/146/328 445/150/328 443/145/327
f 444/146/328 446/151/329 447/155/330 445/150/328
f 446/151/329 448/156/331 449/160/332 447/155/330
f 448/156/331 450/161/333 451/165/333 449/160/332
f 450/161/333 452/166/334 453/170/334 451/165/333
f 452/166/334 454/171/335 455/175/336 453/170/334
f 454/171/335 456/176/337 457/180/337 455/175/336
f 456/176/337 458/181/338 459/185/339 457/180/337
f 458/181/338 460/186/340 461/190/340 459/185/339
f 460/186/340 462/191/341 463/195/342 461/190/340
f 462/191/341 464/196/343 465/200/344 463/195/342
f 464/196/343 466/201/345 467/205/346 465/200/344
f 466/201/345 468/206/347 469/210/348 467/205/346
f 468/206/347 470/211/349 471/215/349 469/210/348
f 470/211/349 472/216/350 473/220/351 471/215/349
f 472/216/350 474/221/352 475/225/352 473/220/351
f 474/221/352 476/226/353 477/230/354 475/225/352
f 476/226/353 478/231/355 479/235/356 477/230/354
f 478/231/355 480/236/357 481/240/357 479/235/356
f 480/236/357 482/241/358 483/245/358 481/240/357
f 482/241/358 484/246/359 485/250/359 483/245/358
f 484/246/359 486/251/360 487/255/360 485/250/359
f 486/251/360 488/256/361 489/260/361 487/255/360
f 488/256/361 490/261/361 491/265/361 489/260/361
f 490/261/361 492/266/362 493/270/362 491/265/361
f 492/266/362 494/271/363 495/275/363 493/270/362
f 494/271/363 496/276/364 497/280/364 495/275/363
f 496/276/364 498/281/365 499/285/365 497/280/364
f 498/281/365 500/286/366 501/290/366 499/285/365
f 500/286/366 502/291/367 503/295/367 501/290/366
f 502/291/367 504/296/368 505/300/368 503/295/367
f 504/296/368 506/301/369 507/305/369 505/300/368
f 506/301/369 508/306/370 509/310/370 507/305/369
f 508/306/370 510/311/371 511/315/372 509/310/370
f 510/311/371 512/316/373 513/320/373 511/315/372
f 512/316/373 514/321/374 515/325/375 513/320/373
f 514/321/374 516/326/376 517/330/377 515/325/375
f 516/326/376 518/331/378 519/335/378 517/330/377
f 518/331/378 520/336/379 521/340/380 519/335/378
f 520/336/379 522/341/381 523/345/381 521/340/380
f 522/341/381 524/346/382 525/350/383 523/345/381
f 524/346/382 526/351/384 527/355/384 525/350/383
f 526/351/384 528/356/385 529/360/385 527/355/384
f 528/356/385 530/361/386 531/365/387 529/360/385
f 530/361/386 532/366/388 533/370/388 531/365/387
f 532/366/388 534/371/389 535/375/389 533/370/388
f 537/35/390 539/34/391 538/27/391 536/26/390
f 539/34/391 541/40/392 540/36/393 538/27/391
f 541/40/392 543/45/394 542/41/395 540/36/393
f 543/45/394 545/50/396 544/46/396 542/41/395
f 545/50/396 547/55/397 546/51/398 544/46/396
f 547/55/397 549/60/399 548/56/399 546/51/398
f 549/60/399 551/65/400 550/61/401 548/56/399
f 551/65/400 553/70/402 552/66/402 550/61/401
f 553/70/402 555/75/403 554/71/404 552/66/402
f 555/75/403 557/80/405 556/76/405 554/71/404
f 557/80/405 559/85/406 558/81/407 556/76/405
f 559/85/406 561/90/408 560/86/408 558/81/407
f 561/90/408 563/95/409 562/91/410 560/86/408
f 563/95/409 565/100/411 564/96/412 562/91/410
f 565/100/411 567/105/413 566/101/414 564/96/412
f 567/105/413 569/110/415 568/106/415 566/101/414
f 569/110/415 571/115/416 570/111/417 568/106/415
f 571/115/416 573/120/418 572/116/418 570/111/417
f 573/120/418 575/125/419 574/121/420 572/116/418
f 575/125/419 577/130/421 576/126/421 574/121/420
f 577/130/421 579/135/422 578/131/423 576/126/421
f 579/135/422 581/140/424 580/136/424 578/131/423
f 581/140/424 583/145/425 582/141/425 580/136/424
f 583/145/425 585/150/426 584/146/427 582/141/425
f 585/150/426 587/155/428 586/151/428 584/146/427
f 587/155/428 589/160/429 588/156/429 586/151/428
f 589/160/429 591/165/430 590/161/431 588/156/429
f 591/165/430 593/170/432 592/166/433 590/161/431
f 593/170/432 595/175/434 594/171/434 592/166/433
f 595/175/434 597/180/435 596/176/435 594/171/434
f 597/180/435 599/185/436 598/181/436 596/176/435
f 599/185/436 601/190/437 600/186/438 598/181/436
f 601/190/437 603/195/439 602/191/439 600/186/438
f 603/195/439 605/200/440 604/196/440 602/191/439
f 605/200/440 607/205/441 606/201/441 604/196/440
f 607/205/441 609/210/442 608/206/443 606/201/441
f 609/210/442 611/215/444 610/211/444 608/206/443
f 611/215/444 613/220/445 612/216/446 610/211/444
f 613/220/445 615/225/447 614/221/448 612/216/446
f 615/225/447 617/230/449 616/226/449 614/221/448
f 617/230/449 619/235/450 618/231/451 616/226/449
f 619/235/450 621/240/452 620/236/452 618/231/451
f 621/240/452 623/245/453 622/241/453 620/236/452
f 623/245/453 625/250/454 624/246/454 622/241/453
f 625/250/454 627/255/455 626/251/455 624/246/454
f 627/255/455 629/260/456 628/256/456 626/251/455
f 629/260/456 631/265/456 630/261/456 628/256/456
f 631/265/456 633/270/457 632/266/457 630/261/456
f 633/270/457 635/275/458 634/271/458 632/266/457
f 635/275/458 637/280/459 636/276/459 634/271/458
f 637/280/459 639/285/460 638/281/460 636/276/459
f 639/285/460 641/290/461 640/286/461 638/281/460
f 641/290/461 643/295/462 642/291/462 640/286/461
f 643/295/462 645/300/463 644/296/463 642/291/462
f 645/300/463 647/305/464 646/301/465 644/296/463
f 647/305/464 649/310/466 648/306/466 646/301/465
f 649/310/466 651/315/467 650/311/467 648/306/466
f 651/315/467 653/320/468 652/316/468 650/311/467
f 653/320/468 655/325/469 654/321/469 652/316/468
f 655/325/469 657/330/470 656/326/470 654/321/469
f 657/330/470 659/335/471 658/331/471 656/326/470
f 659/335/471 661/340/472 660/336/473 658/331/471
f 661/340/472 663/345/474 662/341/474 660/336/473
f 663/345/474 665/350/475 664/346/475 662/341/474
f 665/350/475 667/355/476 666/351/477 664/346/475
f 667/355/476 669/360/478 668/356/479 666/351/477
f 669/360/478 671/365/480 670/361/481 668/356/479
f 671/365/480 673/370/482 672/366/483 670/361/481
f 673/370/482 675/375/484 674/371/484 672/366/483
o MXTRoadSegment.009_PreviewMesh
v 34.048290 -167.999390 -55.009171 0.7353 0.7353 0.7353
v 34.034389 -227.999298 -55.114159 0.7353 0.7353 0.7353
v 34.020489 -287.999207 -55.219147 0.7353 0.7353 0.7353
v 34.006588 -347.999115 -55.324135 0.7353 0.7353 0.7353
v 33.992687 -407.999023 -55.429123 0.7353 0.7353 0.7353
v 60.625652 -168.101105 -53.934822 0.7353 0.7353 0.7353
v 60.448433 -228.073181 -53.923019 0.7353 0.7353 0.7353
v 60.271214 -288.045258 -53.911221 0.7353 0.7353 0.7353
v 60.093994 -348.017334 -53.899422 0.7353 0.7353 0.7353
v 59.916775 -407.989410 -53.887619 0.7353 0.7353 0.7353
v 86.725723 -168.344391 -53.566948 0.7353 0.7353 0.7353
v 86.445442 -228.243790 -53.237225 0.7353 0.7353 0.7353
v 86.165169 -288.143188 -52.907501 0.7353 0.7353 0.7353
v 85.884895 -348.042572 -52.577778 0.7353 0.7353 0.7353
v 85.604614 -407.941986 -52.248055 0.7353 0.7353 0.7353
v 112.514984 -168.689163 -53.706867 0.7353 0.7353 0.7353
v 112.171181 -228.480103 -52.912514 0.7353 0.7353 0.7353
v 111.827377 -288.271027 -52.118164 0.7353 0.7353 0.7353
v 111.483574 -348.061951 -51.323814 0.7353 0.7353 0.7353
v 111.139771 -407.852875 -50.529461 0.7353 0.7353 0.7353
v 138.078659 -169.112808 -54.234856 0.7353 0.7353 0.7353
v 137.700516 -228.763824 -52.862713 0.7353 0.7353 0.7353
v 137.322357 -288.414856 -51.490570 0.7353 0.7353 0.7353
v 136.944199 -348.065887 -50.118427 0.7353 0.7353 0.7353
v 136.566055 -407.716919 -48.746284 0.7353 0.7353 0.7353
v 163.464508 -169.600922 -55.069828 0.7353 0.7353 0.7353
v 163.075531 -229.082855 -53.030121 0.7353 0.7353 0.7353
v 162.686539 -288.564789 -50.990410 0.7353 0.7353 0.7353
v 162.297546 -348.046722 -48.950699 0.7353 0.7353 0.7353
v 161.908569 -407.528656 -46.910992 0.7353 0.7353 0.7353
v 188.700882 -170.142960 -56.152519 0.7353 0.7353 0.7353
v 188.321350 -229.427917 -53.373131 0.7353 0.7353 0.7353
v 187.941803 -288.712891 -50.593739 0.7353 0.7353 0.7353
v 187.562256 -347.997864 -47.814346 0.7353 0.7353 0.7353
v 187.182724 -407.282837 -45.034958 0.7353 0.7353 0.7353
v 213.804291 -170.730301 -57.436481 0.7353 0.7353 0.7353
v 213.452774 -229.791336 -53.859676 0.7353 0.7353 0.7353
v 213.101273 -288.852386 -50.282875 0.7353 0.7353 0.7353
v 212.749771 -347.913422 -46.706074 0.7353 0.7353 0.7353
v 212.398254 -406.974487 -43.129269 0.7353 0.7353 0.7353
v 238.782883 -171.354568 -58.883369 0.7353 0.7353 0.7353
v 238.477402 -230.165604 -54.463772 0.7353 0.7353 0.7353
v 238.171921 -288.976654 -50.044178 0.7353 0.7353 0.7353
v 237.866440 -347.787689 -45.624584 0.7353 0.7353 0.7353
v 237.560959 -406.598755 -41.204987 0.7353 0.7353 0.7353
v 263.638184 -172.006927 -60.459679 0.7353 0.7353 0.7353
v 263.397125 -230.542999 -55.163181 0.7353 0.7353 0.7353
v 263.156067 -289.079071 -49.866680 0.7353 0.7353 0.7353
v 262.915009 -347.615143 -44.570179 0.7353 0.7353 0.7353
v 262.673950 -406.151215 -39.273682 0.7353 0.7353 0.7353
v 288.365448 -172.677032 -62.134815 0.7353 0.7353 0.7353
v 288.208588 -230.914688 -55.938007 0.7353 0.7353 0.7353
v 288.051697 -289.152344 -49.741203 0.7353 0.7353 0.7353
v 287.894806 -347.390015 -43.544399 0.7353 0.7353 0.7353
v 287.737946 -405.627655 -37.347591 0.7353 0.7353 0.7353
v 312.952881 -173.352112 -63.879189 0.7353 0.7353 0.7353
v 312.902710 -231.270126 -56.769455 0.7353 0.7353 0.7353
v 312.852539 -289.188141 -49.659721 0.7353 0.7353 0.7353
v 312.802368 -347.106171 -42.549988 0.7353 0.7353 0.7353
v 312.752197 -405.024170 -35.440254 0.7353 0.7353 0.7353
v 337.379150 -174.015671 -65.662560 0.7353 0.7353 0.7353
v 337.462830 -231.595947 -57.638683 0.7353 0.7353 0.7353
v 337.546539 -289.176239 -49.614803 0.7353 0.7353 0.7353
v 337.630249 -346.756531 -41.590923 0.7353 0.7353 0.7353
v 337.713928 -404.336823 -33.567043 0.7353 0.7353 0.7353
v 361.609131 -174.645569 -67.452080 0.7353 0.7353 0.7353
v 361.861481 -231.874496 -58.525597 0.7353 0.7353 0.7353
v 362.113861 -289.103424 -49.599113 0.7353 0.7353 0.7353
v 362.366241 -346.332367 -40.672630 0.7353 0.7353 0.7353
v 362.618591 -403.561279 -31.746145 0.7353 0.7353 0.7353
v 385.584381 -175.211472 -69.209351 0.7353 0.7353 0.7353
v 386.053375 -232.081787 -59.407047 0.7353 0.7353 0.7353
v 386.522400 -288.952087 -49.604740 0.7353 0.7353 0.7353
v 386.991425 -345.822388 -39.802433 0.7353 0.7353 0.7353
v 387.460419 -402.692688 -30.000126 0.7353 0.7353 0.7353
v 408.204132 -175.656342 -70.860626 0.7353 0.7353 0.7353
v 409.002350 -232.178864 -60.241653 0.7353 0.7353 0.7353
v 409.800537 -288.701385 -49.622677 0.7353 0.7353 0.7353
v 410.598724 -345.223907 -39.003700 0.7353 0.7353 0.7353
v 411.396942 -401.746429 -28.384726 0.7353 0.7353 0.7353
v 444.221375 -176.317383 -71.480911 0.7353 0.7353 0.7353
v 443.249695 -232.518433 -60.528793 0.7353 0.7353 0.7353
v 442.278015 -288.719482 -49.576675 0.7353 0.7353 0.7353
v 441.306335 -344.920532 -38.624557 0.7353 0.7353 0.7353
v 440.334656 -401.121582 -27.672438 0.7353 0.7353 0.7353
v 475.230530 -177.866989 -71.819038 0.7353 0.7353 0.7353
v 472.562500 -233.722717 -60.611649 0.7353 0.7353 0.7353
v 469.894470 -289.578430 -49.404255 0.7353 0.7353 0.7353
v 467.226440 -345.434143 -38.196861 0.7353 0.7353 0.7353
v 464.558411 -401.289856 -26.989468 0.7353 0.7353 0.7353
v 503.000641 -180.098862 -72.005974 0.7353 0.7353 0.7353
v 498.732483 -235.575424 -60.572552 0.7353 0.7353 0.7353
v 494.464294 -291.052002 -49.139133 0.7353 0.7353 0.7353
v 490.196106 -346.528564 -37.705715 0.7353 0.7353 0.7353
v 485.927948 -402.005157 -26.272295 0.7353 0.7353 0.7353
v 530.880981 -183.196518 -72.075027 0.7353 0.7353 0.7353
v 524.926514 -238.217010 -60.418633 0.7353 0.7353 0.7353
v 518.972107 -293.237518 -48.762241 0.7353 0.7353 0.7353
v 513.017700 -348.258026 -37.105850 0.7353 0.7353 0.7353
v 507.063263 -403.278534 -25.449455 0.7353 0.7353 0.7353
v 558.849060 -187.225037 -72.015755 0.7353 0.7353 0.7353
v 551.120544 -241.702164 -60.141369 0.7353 0.7353 0.7353
v 543.391968 -296.179291 -48.266987 0.7353 0.7353 0.7353
v 535.663391 -350.656403 -36.392605 0.7353 0.7353 0.7353
v 527.934875 -405.133545 -24.518221 0.7353 0.7353 0.7353
v 586.875549 -192.254425 -71.816925 0.7353 0.7353 0.7353
v 577.284485 -246.089325 -59.731667 0.7353 0.7353 0.7353
v 567.693420 -299.924225 -47.646404 0.7353 0.7353 0.7353
v 558.102356 -353.759125 -35.561142 0.7353 0.7353 0.7353
v 548.511292 -407.594025 -23.475882 0.7353 0.7353 0.7353
v 614.921204 -198.359253 -71.466454 0.7353 0.7353 0.7353
v 603.380554 -251.440460 -59.179844 0.7353 0.7353 0.7353
v 591.839905 -304.521667 -46.893234 0.7353 0.7353 0.7353
v 580.299255 -357.602875 -34.606625 0.7353 0.7353 0.7353
v 568.758606 -410.684082 -22.320017 0.7353 0.7353 0.7353
v 642.937256 -205.615524 -70.951767 0.7353 0.7353 0.7353
v 629.363647 -257.818146 -58.476055 0.7353 0.7353 0.7353
v 615.789978 -310.020752 -46.000347 0.7353 0.7353 0.7353
v 602.216309 -362.223358 -33.524639 0.7353 0.7353 0.7353
v 588.642700 -414.425995 -21.048931 0.7353 0.7353 0.7353
v 670.861877 -214.102371 -70.259735 0.7353 0.7353 0.7353
v 655.178284 -265.287476 -57.610062 0.7353 0.7353 0.7353
v 639.494751 -316.472595 -44.960392 0.7353 0.7353 0.7353
v 623.811218 -367.657715 -32.310722 0.7353 0.7353 0.7353
v 608.127625 -418.842804 -19.661051 0.7353 0.7353 0.7353
v 698.618958 -223.896713 -69.377319 0.7353 0.7353 0.7353
v 680.758850 -273.911438 -56.571892 0.7353 0.7353 0.7353
v 662.898743 -323.926178 -43.766468 0.7353 0.7353 0.7353
v 645.038635 -373.940918 -30.961042 0.7353 0.7353 0.7353
v 627.178528 -423.955658 -18.155617 0.7353 0.7353 0.7353
v 726.116455 -235.071930 -68.291855 0.7353 0.7353 0.7353
v 706.027771 -283.750275 -55.351990 0.7353 0.7353 0.7353
v 685.939087 -332.428650 -42.412125 0.7353 0.7353 0.7353
v 665.850403 -381.107025 -29.472260 0.7353 0.7353 0.7353
v 645.761719 -429.785370 -16.532394 0.7353 0.7353 0.7353
v 753.245239 -247.693954 -66.991554 0.7353 0.7353 0.7353
v 730.895081 -294.858643 -53.941566 0.7353 0.7353 0.7353
v 708.544861 -342.023315 -40.891582 0.7353 0.7353 0.7353
v 686.194641 -389.187988 -27.841599 0.7353 0.7353 0.7353
v 663.844482 -436.352661 -14.791614 0.7353 0.7353 0.7353
v 779.879028 -261.815094 -65.466553 0.7353 0.7353 0.7353
v 755.258789 -307.280701 -52.333485 0.7353 0.7353 0.7353
v 730.638550 -352.746307 -39.200417 0.7353 0.7353 0.7353
v 706.018311 -398.211914 -26.067348 0.7353 0.7353 0.7353
v 681.398071 -443.677521 -12.934281 0.7353 0.7353 0.7353
v 805.876099 -277.469543 -63.709476 0.7353 0.7353 0.7353
v 779.006348 -321.047241 -50.522564 0.7353 0.7353 0.7353
v 752.136597 -364.624939 -37.335651 0.7353 0.7353 0.7353
v 725.266846 -408.202637 -24.148739 0.7353 0.7353 0.7353
v 698.397095 -451.780334 -10.961825 0.7353 0.7353 0.7353
v 831.081604 -294.668518 -61.716393 0.7353 0.7353 0.7353
v 802.015930 -336.172028 -48.506321 0.7353 0.7353 0.7353
v 772.950256 -377.675568 -35.296249 0.7353 0.7353 0.7353
v 743.884583 -419.179108 -22.086178 0.7353 0.7353 0.7353
v 714.818909 -460.682617 -8.876108 0.7353 0.7353 0.7353
v 855.334106 -313.394653 -59.487556 0.7353 0.7353 0.7353
v 824.161499 -352.647491 -46.285507 0.7353 0.7353 0.7353
v 792.988892 -391.900360 -33.083462 0.7353 0.7353 0.7353
v 761.816284 -431.153229 -19.881414 0.7353 0.7353 0.7353
v 730.643677 -470.406067 -6.679368 0.7353 0.7353 0.7353
v 878.471863 -333.599640 -57.027996 0.7353 0.7353 0.7353
v 845.317261 -370.442932 -43.864552 0.7353 0.7353 0.7353
v 812.162659 -407.286194 -30.701111 0.7353 0.7353 0.7353
v 779.008057 -444.129456 -17.537668 0.7353 0.7353 0.7353
v 745.853455 -480.972748 -4.374226 0.7353 0.7353 0.7353
v 900.340820 -355.203094 -54.347584 0.7353 0.7353 0.7353
v 865.362976 -389.503113 -41.251663 0.7353 0.7353 0.7353
v 830.385071 -423.803101 -28.155743 0.7353 0.7353 0.7353
v 795.407166 -458.103088 -15.059822 0.7353 0.7353 0.7353
v 760.429321 -492.403107 -1.963901 0.7353 0.7353 0.7353
v 920.804626 -378.095276 -51.460926 0.7353 0.7353 0.7353
v 884.191284 -409.749969 -38.458744 0.7353 0.7353 0.7353
v 847.577881 -441.404694 -25.456564 0.7353 0.7353 0.7353
v 810.964478 -473.059418 -12.454383 0.7353 0.7353 0.7353
v 774.351135 -504.714111 0.547799 0.7353 0.7353 0.7353
v 939.750916 -402.141754 -48.386509 0.7353 0.7353 0.7353
v 901.711975 -431.085358 -35.500881 0.7353 0.7353 0.7353
v 863.673096 -460.028992 -22.615252 0.7353 0.7353 0.7353
v 825.634216 -488.972626 -9.729623 0.7353 0.7353 0.7353
v 787.595276 -517.916260 3.156006 0.7353 0.7353 0.7353
v 957.097412 -427.191620 -45.145786 0.7353 0.7353 0.7353
v 917.856750 -453.396393 -32.395687 0.7353 0.7353 0.7353
v 878.616089 -479.601166 -19.645592 0.7353 0.7353 0.7353
v 839.375427 -505.805939 -6.895495 0.7353 0.7353 0.7353
v 800.134766 -532.010742 5.854602 0.7353 0.7353 0.7353
v 972.794800 -453.085449 -41.761890 0.7353 0.7353 0.7353
v 932.581116 -476.560852 -29.162409 0.7353 0.7353 0.7353
v 892.367432 -500.036255 -16.562929 0.7353 0.7353 0.7353
v 852.153748 -523.511658 -3.963449 0.7353 0.7353 0.7353
v 811.940063 -546.987061 8.636032 0.7353 0.7353 0.7353
v 986.824646 -479.665283 -38.258347 0.7353 0.7353 0.7353
v 945.863281 -500.454559 -25.820959 0.7353 0.7353 0.7353
v 904.901917 -521.243835 -13.383570 0.7353 0.7353 0.7353
v 863.940552 -542.033142 -0.946180 0.7353 0.7353 0.7353
v 822.979187 -562.822388 11.491209 0.7353 0.7353 0.7353
v 999.198364 -506.779968 -34.658176 0.7353 0.7353 0.7353
v 957.704285 -524.955017 -22.391287 0.7353 0.7353 0.7353
v 916.210205 -543.130127 -10.124396 0.7353 0.7353 0.7353
v 874.716125 -561.305237 2.142493 0.7353 0.7353 0.7353
v 833.222046 -579.480286 14.409383 0.7353 0.7353 0.7353
v 1009.949829 -534.291199 -30.983139 0.7353 0.7353 0.7353
v 968.122375 -549.946350 -18.892763 0.7353 0.7353 0.7353
v 926.294861 -565.601501 -6.802386 0.7353 0.7353 0.7353
v 884.467346 -581.256653 5.287990 0.7353 0.7353 0.7353
v 842.639893 -596.911804 17.378366 0.7353 0.7353 0.7353
v 1019.130676 -562.078064 -27.253147 0.7353 0.7353 0.7353
v 977.150024 -575.323181 -15.343640 0.7353 0.7353 0.7353
v 935.169373 -588.568237 -3.434133 0.7353 0.7353 0.7353
v 893.188721 -601.813293 8.475373 0.7353 0.7353 0.7353
v 851.208069 -615.058411 20.384880 0.7353 0.7353 0.7353
v 1026.803101 -590.037537 -23.486156 0.7353 0.7353 0.7353
v 984.828857 -600.991577 -11.760921 0.7353 0.7353 0.7353
v 942.854553 -611.945618 -0.035686 0.7353 0.7353 0.7353
v 900.880249 -622.899658 11.689549 0.7353 0.7353 0.7353
v 858.905945 -633.853699 23.414785 0.7353 0.7353 0.7353
v 1033.035889 -618.082825 -19.698618 0.7353 0.7353 0.7353
v 991.206604 -626.868164 -8.160720 0.7353 0.7353 0.7353
v 949.377258 -635.653442 3.377177 0.7353 0.7353 0.7353
v 907.547913 -644.438721 14.915074 0.7353 0.7353 0.7353
v 865.718628 -653.224060 26.452972 0.7353 0.7353 0.7353
v 1037.897583 -646.144714 -15.905393 0.7353 0.7353 0.7353
v 996.331726 -652.881775 -4.558026 0.7353 0.7353 0.7353
v 954.765930 -659.618835 6.789340 0.7353 0.7353 0.7353
v 913.200134 -666.355896 18.136705 0.7353 0.7353 0.7353
v 871.634338 -673.092957 29.484072 0.7353 0.7353 0.7353
v 1041.453979 -674.167847 -12.120616 0.7353 0.7353 0.7353
v 1000.251709 -678.970886 -0.967466 0.7353 0.7353 0.7353
v 959.049500 -683.773926 10.185684 0.7353 0.7353 0.7353
v 917.847290 -688.576965 21.338835 0.7353 0.7353 0.7353
v 876.645020 -693.380005 32.491985 0.7353 0.7353 0.7353
v 1043.764526 -702.109436 -8.358346 0.7353 0.7353 0.7353
v 1003.009521 -705.082336 2.596229 0.7353 0.7353 0.7353
v 962.254517 -708.055237 13.550803 0.7353 0.7353 0.7353
v 921.499512 -711.028137 24.505379 0.7353 0.7353 0.7353
v 880.744507 -714.001038 35.459953 0.7353 0.7353 0.7353
v 1044.878662 -729.937683 -4.633606 0.7353 0.7353 0.7353
v 1004.640503 -731.170166 6.117403 0.7353 0.7353 0.7353
v 964.402344 -732.402588 16.868412 0.7353 0.7353 0.7353
v 924.164185 -733.635010 27.619421 0.7353 0.7353 0.7353
v 883.926025 -734.867493 38.370430 0.7353 0.7353 0.7353
v 1044.620605 -755.877258 -1.033093 0.7353 0.7353 0.7353
v 1005.019287 -755.135864 9.386965 0.7353 0.7353 0.7353
v 965.417908 -754.394409 19.807022 0.7353 0.7353 0.7353
v 925.816528 -753.652954 30.227079 0.7353 0.7353 0.7353
v 886.215210 -752.911560 40.647137 0.7353 0.7353 0.7353
v 1042.048706 -782.544800 3.081491 0.7353 0.7353 0.7353
v 1003.488647 -779.084656 12.824926 0.7353 0.7353 0.7353
v 964.928589 -775.624512 22.568361 0.7353 0.7353 0.7353
v 926.368530 -772.164368 32.311798 0.7353 0.7353 0.7353
v 887.808472 -768.704224 42.055233 0.7353 0.7353 0.7353
v 1037.117310 -814.485046 7.803939 0.7353 0.7353 0.7353
v 999.760986 -808.576294 16.913782 0.7353 0.7353 0.7353
v 962.404663 -802.667542 26.023626 0.7353 0.7353 0.7353
v 925.048340 -796.758789 35.133469 0.7353 0.7353 0.7353
v 887.692017 -790.850037 44.243313 0.7353 0.7353 0.7353
v 1030.828125 -844.346313 12.101962 0.7353 0.7353 0.7353
v 994.574158 -836.487915 20.705053 0.7353 0.7353 0.7353
v 958.320129 -828.629517 29.308144 0.7353 0.7353 0.7353
v 922.066101 -820.771118 37.911236 0.7353 0.7353 0.7353
v 885.812073 -812.912720 46.514324 0.7353 0.7353 0.7353
v 1023.241028 -873.088806 16.174511 0.7353 0.7353 0.7353
v 988.061157 -863.502380 24.332523 0.7353 0.7353 0.7353
v 952.881287 -853.915894 32.490536 0.7353 0.7353 0.7353
v 917.701416 -844.329407 40.648548 0.7353 0.7353 0.7353
v 882.521545 -834.742981 48.806561 0.7353 0.7353 0.7353
v 1014.361389 -901.030640 20.094379 0.7353 0.7353 0.7353
v 980.265747 -889.837402 27.844128 0.7353 0.7353 0.7353
v 946.170105 -878.644226 35.593876 0.7353 0.7353 0.7353
v 912.074463 -867.451050 43.343624 0.7353 0.7353 0.7353
v 877.978821 -856.257812 51.093372 0.7353 0.7353 0.7353
v 1004.330811 -928.259705 24.556389 0.7353 0.7353 0.7353
v 971.276184 -915.550049 31.591383 0.7353 0.7353 0.7353
v 938.221558 -902.840454 38.626377 0.7353 0.7353 0.7353
v 905.166931 -890.130859 45.661369 0.7353 0.7353 0.7353
v 872.112305 -877.421204 52.696365 0.7353 0.7353 0.7353
v 993.041199 -954.826538 29.302814 0.7353 0.7353 0.7353
v 961.044800 -940.657104 35.446045 0.7353 0.7353 0.7353
v 929.048401 -926.487671 41.589275 0.7353 0.7353 0.7353
v 897.052002 -912.318237 47.732506 0.7353 0.7353 0.7353
v 865.055603 -898.148804 53.875736 0.7353 0.7353 0.7353
v 980.362244 -980.727234 33.882740 0.7353 0.7353 0.7353
v 949.508423 -965.137573 39.181507 0.7353 0.7353 0.7353
v 918.654602 -949.547974 44.480274 0.7353 0.7353 0.7353
v 887.800781 -933.958374 49.779041 0.7353 0.7353 0.7353
v 856.946960 -918.368713 55.077808 0.7353 0.7353 0.7353
v 966.265930 -1005.903687 38.215099 0.7353 0.7353 0.7353
v 936.652832 -988.934692 42.754730 0.7353 0.7353 0.7353
v 907.039673 -971.965637 47.294365 0.7353 0.7353 0.7353
v 877.426514 -954.996582 51.834000 0.7353 0.7353 0.7353
v 847.813416 -938.027588 56.373631 0.7353 0.7353 0.7353
v 950.749634 -1030.276001 42.272057 0.7353 0.7353 0.7353
v 922.478027 -1011.976196 46.148579 0.7353 0.7353 0.7353
v 894.206360 -993.676392 50.025105 0.7353 0.7353 0.7353
v 865.934692 -975.376587 53.901630 0.7353 0.7353 0.7353
v 837.663086 -957.076782 57.778152 0.7353 0.7353 0.7353
v 933.846802 -1053.744507 46.179722 0.7353 0.7353 0.7353
v 907.004944 -1034.176147 49.422249 0.7353 0.7353 0.7353
v 880.163025 -1014.607910 52.664780 0.7353 0.7353 0.7353
v 853.321106 -995.039612 55.907310 0.7353 0.7353 0.7353
v 826.479248 -975.471375 59.149837 0.7353 0.7353 0.7353
v 915.582642 -1076.205200 49.929073 0.7353 0.7353 0.7353
v 890.254333 -1055.444702 52.567039 0.7353 0.7353 0.7353
v 864.925964 -1034.684326 55.205006 0.7353 0.7353 0.7353
v 839.597595 -1013.923889 57.842972 0.7353 0.7353 0.7353
v 814.269287 -993.163513 60.480938 0.7353 0.7353 0.7353
v 896.003906 -1097.551636 53.510078 0.7353 0.7353 0.7353
v 872.263916 -1075.690674 55.573627 0.7353 0.7353 0.7353
v 848.523926 -1053.829590 57.637177 0.7353 0.7353 0.7353
v 824.783936 -1031.968506 59.700726 0.7353 0.7353 0.7353
v 801.043945 -1010.107544 61.764275 0.7353 0.7353 0.7353
v 875.177185 -1117.681519 56.907494 0.7353 0.7353 0.7353
v 853.087280 -1094.826294 58.430199 0.7353 0.7353 0.7353
v 830.997314 -1071.971069 59.952904 0.7353 0.7353 0.7353
v 808.907349 -1049.115845 61.475609 0.7353 0.7353 0.7353
v 786.817444 -1026.260620 62.998314 0.7353 0.7353 0.7353
v 853.156067 -1136.513306 59.705276 0.7353 0.7353 0.7353
v 832.778320 -1112.777832 60.924850 0.7353 0.7353 0.7353
v 812.400574 -1089.042358 62.144424 0.7353 0.7353 0.7353
v 792.022827 -1065.306885 63.363998 0.7353 0.7353 0.7353
v 771.645081 -1041.571411 64.583572 0.7353 0.7353 0.7353
v 830.091125 -1153.959473 62.308918 0.7353 0.7353 0.7353
v 811.445557 -1129.473389 63.256950 0.7353 0.7353 0.7353
v 792.799988 -1104.987305 64.204987 0.7353 0.7353 0.7353
v 774.154419 -1080.501221 65.153023 0.7353 0.7353 0.7353
v 755.508850 -1056.015137 66.101059 0.7353 0.7353 0.7353
v 806.103271 -1169.963623 64.732338 0.7353 0.7353 0.7353
v 789.188049 -1144.862793 65.430801 0.7353 0.7353 0.7353
v 772.272766 -1119.761841 66.129257 0.7353 0.7353 0.7353
v 755.357483 -1094.660889 66.827713 0.7353 0.7353 0.7353
v 738.442261 -1069.560059 67.526176 0.7353 0.7353 0.7353
v 781.319946 -1184.493164 66.971107 0.7353 0.7353 0.7353
v 766.112122 -1158.914917 67.442291 0.7353 0.7353 0.7353
v 750.904358 -1133.336548 67.913475 0.7353 0.7353 0.7353
v 735.696594 -1107.758179 68.384659 0.7353 0.7353 0.7353
v 720.488770 -1082.179932 68.855843 0.7353 0.7353 0.7353
v 755.870605 -1197.538818 69.027420 0.7353 0.7353 0.7353
v 742.327759 -1171.617798 69.291534 0.7353 0.7353 0.7353
v 728.784912 -1145.696899 69.555656 0.7353 0.7353 0.7353
v 715.242065 -1119.776001 69.819778 0.7353 0.7353 0.7353
v 701.699219 -1093.854980 70.083893 0.7353 0.7353 0.7353
v 729.876343 -1209.116577 70.796204 0.7353 0.7353 0.7353
v 717.941711 -1182.980469 70.925888 0.7353 0.7353 0.7353
v 706.007019 -1156.844238 71.055573 0.7353 0.7353 0.7353
v 694.072327 -1130.708008 71.185257 0.7353 0.7353 0.7353
v 682.137695 -1104.571899 71.314941 0.7353 0.7353 0.7353
v 703.455688 -1219.260132 72.233459 0.7353 0.7353 0.7353
v 693.058899 -1193.026489 72.324059 0.7353 0.7353 0.7353
v 682.662170 -1166.792969 72.414658 0.7353 0.7353 0.7353
v 672.265442 -1140.559448 72.505257 0.7353 0.7353 0.7353
v 661.868652 -1114.325806 72.595856 0.7353 0.7353 0.7353
v 676.725586 -1228.014404 73.517990 0.7353 0.7353 0.7353
v 667.781311 -1201.791870 73.576843 0.7353 0.7353 0.7353
v 658.837036 -1175.569336 73.635696 0.7353 0.7353 0.7353
v 649.892761 -1149.346802 73.694550 0.7353 0.7353 0.7353
v 640.948486 -1123.124268 73.753403 0.7353 0.7353 0.7353
v 649.779968 -1235.440308 74.649292 0.7353 0.7353 0.7353
v 642.196350 -1209.324829 74.685959 0.7353 0.7353 0.7353
v 634.612732 -1183.209229 74.722633 0.7353 0.7353 0.7353
v 627.029114 -1157.093628 74.759308 0.7353 0.7353 0.7353
v 619.445496 -1130.978149 74.795975 0.7353 0.7353 0.7353
v 622.700439 -1241.607788 75.634972 0.7353 0.7353 0.7353
v 616.382385 -1215.682617 75.657715 0.7353 0.7353 0.7353
v 610.064331 -1189.757568 75.680466 0.7353 0.7353 0.7353
v 603.746277 -1163.832520 75.703217 0.7353 0.7353 0.7353
v 597.428223 -1137.907349 75.725960 0.7353 0.7353 0.7353
v 595.553406 -1246.587524 76.485519 0.7353 0.7353 0.7353
v 590.405029 -1220.924194 76.500038 0.7353 0.7353 0.7353
v 585.256653 -1195.260986 76.514549 0.7353 0.7353 0.7353
v 580.108276 -1169.597778 76.529060 0.7353 0.7353 0.7353
v 574.959900 -1143.934448 76.543579 0.7353 0.7353 0.7353
v 568.396240 -1250.455444 77.228493 0.7353 0.7353 0.7353
v 564.322876 -1225.114258 77.229729 0.7353 0.7353 0.7353
v 560.249451 -1199.773071 77.230972 0.7353 0.7353 0.7353
v 556.176025 -1174.431885 77.232216 0.7353 0.7353 0.7353
v 552.102661 -1149.090698 77.233452 0.7353 0.7353 0.7353
v 541.271912 -1253.283325 77.847603 0.7353 0.7353 0.7353
v 538.182190 -1228.314331 77.841644 0.7353 0.7353 0.7353
v 535.092468 -1203.345215 77.835678 0.7353 0.7353 0.7353
v 532.002747 -1178.376099 77.829712 0.7353 0.7353 0.7353
v 528.913025 -1153.407104 77.823753 0.7353 0.7353 0.7353
v 514.215942 -1255.142212 78.352165 0.7353 0.7353 0.7353
v 512.022644 -1230.586426 78.343513 0.7353 0.7353 0.7353
v 509.829376 -1206.030640 78.334862 0.7353 0.7353 0.7353
v 507.636108 -1181.474854 78.326210 0.7353 0.7353 0.7353
v 505.442810 -1156.919067 78.317558 0.7353 0.7353 0.7353
v 484.577820 -1256.115112 78.774734 0.7353 0.7353 0.7353
v 483.331055 -1232.048462 78.770012 0.7353 0.7353 0.7353
v 482.084290 -1207.981689 78.765289 0.7353 0.7353 0.7353
v 480.837524 -1183.914917 78.760567 0.7353 0.7353 0.7353
v 479.590759 -1159.848267 78.755844 0.7353 0.7353 0.7353
v 464.261902 -1256.533203 79.125732 0.7353 0.7353 0.7353
v 462.584778 -1232.890503 79.082069 0.7353 0.7353 0.7353
v 460.907684 -1209.247803 79.038406 0.7353 0.7353 0.7353
v 459.230591 -1185.605103 78.994743 0.7353 0.7353 0.7353
v 457.553467 -1161.962402 78.951080 0.7353 0.7353 0.7353
v 444.350861 -1257.527222 79.740242 0.7353 0.7353 0.7353
v 441.892700 -1234.337036 79.520378 0.7353 0.7353 0.7353
v 439.434509 -1211.146851 79.300514 0.7353 0.7353 0.7353
v 436.976318 -1187.956665 79.080650 0.7353 0.7353 0.7353
v 434.518158 -1164.766479 78.860786 0.7353 0.7353 0.7353
v 421.835968 -1259.523560 80.748550 0.7353 0.7353 0.7353
v 418.481873 -1236.872559 80.166862 0.7353 0.7353 0.7353
v 415.127777 -1214.221558 79.585175 0.7353 0.7353 0.7353
v 411.773682 -1191.570557 79.003487 0.7353 0.7353 0.7353
v 408.419586 -1168.919556 78.421799 0.7353 0.7353 0.7353
v 399.555786 -1262.468262 82.036560 0.7353 0.7353 0.7353
v 395.269165 -1240.401855 80.944992 0.7353 0.7353 0.7353
v 390.982513 -1218.335449 79.853432 0.7353 0.7353 0.7353
v 386.695862 -1196.269043 78.761871 0.7353 0.7353 0.7353
v 382.409241 -1174.202637 77.670303 0.7353 0.7353 0.7353
v 377.556488 -1266.399048 83.538261 0.7353 0.7353 0.7353
v 372.306671 -1244.981567 81.820961 0.7353 0.7353 0.7353
v 367.056854 -1223.564087 80.103661 0.7353 0.7353 0.7353
v 361.807037 -1202.146606 78.386360 0.7353 0.7353 0.7353
v 356.557220 -1180.729126 76.669060 0.7353 0.7353 0.7353
v 355.891724 -1271.362549 85.179939 0.7353 0.7353 0.7353
v 349.657745 -1250.674438 82.756973 0.7353 0.7353 0.7353
v 343.423767 -1229.986328 80.334015 0.7353 0.7353 0.7353
v 337.189789 -1209.298218 77.911057 0.7353 0.7353 0.7353
v 330.955811 -1188.610107 75.488091 0.7353 0.7353 0.7353
v 334.617035 -1277.411865 86.865280 0.7353 0.7353 0.7353
v 327.391296 -1257.543823 83.703972 0.7353 0.7353 0.7353
v 320.165558 -1237.675781 80.542656 0.7353 0.7353 0.7353
v 312.939819 -1217.807739 77.381340 0.7353 0.7353 0.7353
v 305.714081 -1197.939697 74.220032 0.7353 0.7353 0.7353
v 313.802704 -1284.614990 88.486847 0.7353 0.7353 0.7353
v 305.592072 -1265.658813 84.607224 0.7353 0.7353 0.7353
v 297.381470 -1246.702637 80.727600 0.7353 0.7353 0.7353
v 289.170868 -1227.746460 76.847977 0.7353 0.7353 0.7353
v 280.960236 -1208.790283 72.968353 0.7353 0.7353 0.7353
v 293.530762 -1293.050537 89.921516 0.7353 0.7353 0.7353
v 284.355469 -1275.087280 85.404266 0.7353 0.7353 0.7353
v 275.180176 -1257.124023 80.887009 0.7353 0.7353 0.7353
v 266.004883 -1239.160767 76.369751 0.7353 0.7353 0.7353
v 256.829590 -1221.197510 71.852501 0.7353 0.7353 0.7353
v 273.897186 -1302.785522 91.115715 0.7353 0.7353 0.7353
v 263.790222 -1285.883057 86.067429 0.7353 0.7353 0.7353
v 253.683289 -1268.980591 81.019142 0.7353 0.7353 0.7353
v 243.576340 -1252.078125 75.970856 0.7353 0.7353 0.7353
v 233.469391 -1235.175659 70.922569 0.7353 0.7353 0.7353
v 255.002594 -1313.866211 92.059395 0.7353 0.7353 0.7353
v 244.010468 -1298.079102 86.590965 0.7353 0.7353 0.7353
v 233.018341 -1282.291870 81.122528 0.7353 0.7353 0.7353
v 222.026215 -1266.504639 75.654091 0.7353 0.7353 0.7353
v 211.034088 -1250.717529 70.185661 0.7353 0.7353 0.7353
v 236.951859 -1326.316528 92.745628 0.7353 0.7353 0.7353
v 225.133133 -1311.682495 86.970917 0.7353 0.7353 0.7353
v 213.314392 -1297.048462 81.196205 0.7353 0.7353 0.7353
v 201.495651 -1282.414429 75.421494 0.7353 0.7353 0.7353
v 189.676926 -1267.780396 69.646782 0.7353 0.7353 0.7353
v 219.848907 -1340.133667 93.169754 0.7353 0.7353 0.7353
v 207.271439 -1326.671997 87.204720 0.7353 0.7353 0.7353
v 194.693954 -1313.210327 81.239693 0.7353 0.7353 0.7353
v 182.116470 -1299.748657 75.274666 0.7353 0.7353 0.7353
v 169.539001 -1286.286987 69.309631 0.7353 0.7353 0.7353
v 203.791168 -1355.285645 93.329613 0.7353 0.7353 0.7353
v 190.528351 -1342.996216 87.291420 0.7353 0.7353 0.7353
v 177.265533 -1330.706665 81.253227 0.7353 0.7353 0.7353
v 164.002716 -1318.417114 75.215034 0.7353 0.7353 0.7353
v 150.739899 -1306.127686 69.176842 0.7353 0.7353 0.7353
v 188.863052 -1371.709595 93.225174 0.7353 0.7353 0.7353
v 174.989700 -1360.573853 87.231461 0.7353 0.7353 0.7353
v 161.116364 -1349.438110 81.237747 0.7353 0.7353 0.7353
v 147.243027 -1338.302368 75.244034 0.7353 0.7353 0.7353
v 133.369675 -1327.166626 69.250320 0.7353 0.7353 0.7353
v 175.129578 -1389.315063 92.857964 0.7353 0.7353 0.7353
v 160.718338 -1379.299194 87.026421 0.7353 0.7353 0.7353
v 146.307083 -1369.283325 81.194885 0.7353 0.7353 0.7353
v 131.895828 -1359.267456 75.363350 0.7353 0.7353 0.7353
v 117.484589 -1349.251587 69.531807 0.7353 0.7353 0.7353
v 162.631760 -1407.989746 92.230705 0.7353 0.7353 0.7353
v 147.750656 -1399.048340 86.678802 0.7353 0.7353 0.7353
v 132.869553 -1390.106934 81.126907 0.7353 0.7353 0.7353
v 117.988449 -1381.165527 75.575012 0.7353 0.7353 0.7353
v 103.107338 -1372.224121 70.023109 0.7353 0.7353 0.7353
v 151.380051 -1427.605347 91.361969 0.7353 0.7353 0.7353
v 136.093872 -1419.686890 86.199257 0.7353 0.7353 0.7353
v 120.807709 -1411.768555 81.036545 0.7353 0.7353 0.7353
v 105.521538 -1403.850220 75.873833 0.7353 0.7353 0.7353
v 90.235367 -1395.931763 70.711121 0.7353 0.7353 0.7353
v 141.353775 -1448.024780 90.292328 0.7353 0.7353 0.7353
v 125.727211 -1441.076172 85.609673 0.7353 0.7353 0.7353
v 110.100647 -1434.127686 80.927010 0.7353 0.7353 0.7353
v 94.474083 -1427.179199 76.244347 0.7353 0.7353 0.7353
v 78.847519 -1420.230591 71.561691 0.7353 0.7353 0.7353
v 132.511719 -1469.116455 89.065216 0.7353 0.7353 0.7353
v 116.609703 -1463.084229 84.933487 0.7353 0.7353 0.7353
v 100.707680 -1457.052002 80.801758 0.7353 0.7353 0.7353
v 84.805656 -1451.019775 76.670029 0.7353 0.7353 0.7353
v 68.903641 -1444.987549 72.538300 0.7353 0.7353 0.7353
v 124.799171 -1490.757202 87.725800 0.7353 0.7353 0.7353
v 108.686562 -1485.587769 84.195152 0.7353 0.7353 0.7353
v 92.573952 -1480.418457 80.664505 0.7353 0.7353 0.7353
v 76.461342 -1475.249146 77.133858 0.7353 0.7353 0.7353
v 60.348736 -1470.079712 73.603210 0.7353 0.7353 0.7353
v 118.154716 -1512.837280 86.321419 0.7353 0.7353 0.7353
v 101.895355 -1508.477539 83.420311 0.7353 0.7353 0.7353
v 85.635986 -1504.117798 80.519211 0.7353 0.7353 0.7353
v 69.376617 -1499.758057 77.618111 0.7353 0.7353 0.7353
v 53.117252 -1495.398315 74.717003 0.7353 0.7353 0.7353
v 112.513412 -1535.253784 84.903786 0.7353 0.7353 0.7353
v 96.168579 -1531.650513 82.637001 0.7353 0.7353 0.7353
v 79.823746 -1528.047119 80.370216 0.7353 0.7353 0.7353
v 63.478912 -1524.443726 78.103432 0.7353 0.7353 0.7353
v 47.134075 -1520.840454 75.836647 0.7353 0.7353 0.7353
v 107.812912 -1557.914185 83.530411 0.7353 0.7353 0.7353
v 91.439178 -1555.013550 81.876427 0.7353 0.7353 0.7353
v 75.065437 -1552.112793 80.222443 0.7353 0.7353 0.7353
v 58.691700 -1549.212036 78.568459 0.7353 0.7353 0.7353
v 42.317959 -1546.311401 76.914474 0.7353 0.7353 0.7353
v 103.995430 -1580.728271 82.268761 0.7353 0.7353 0.7353
v 87.641922 -1578.475342 81.175270 0.7353 0.7353 0.7353
v 71.288414 -1576.222412 80.081779 0.7353 0.7353 0.7353
v 54.934906 -1573.969482 78.988289 0.7353 0.7353 0.7353
v 38.581394 -1571.716553 77.894798 0.7353 0.7353 0.7353
v 101.007500 -1603.601929 81.203934 0.7353 0.7353 0.7353
v 84.712807 -1601.939453 80.579865 0.7353 0.7353 0.7353
v 68.418114 -1600.276978 79.955803 0.7353 0.7353 0.7353
v 52.123421 -1598.614502 79.331741 0.7353 0.7353 0.7353
v 35.828728 -1596.952026 78.707672 0.7353 0.7353 0.7353
v 98.796440 -1626.423096 80.453186 0.7353 0.7353 0.7353
v 82.585304 -1625.288086 80.154236 0.7353 0.7353 0.7353
v 66.374176 -1624.152954 79.855286 0.7353 0.7353 0.7353
v 50.163044 -1623.017822 79.556335 0.7353 0.7353 0.7353
v 33.951912 -1621.882812 79.257385 0.7353 0.7353 0.7353
v 97.299980 -1649.039551 80.095627 0.7353 0.7353 0.7353
v 81.180328 -1648.353027 79.946487 0.7353 0.7353 0.7353
v 65.060684 -1647.666504 79.797348 0.7353 0.7353 0.7353
v 48.941036 -1646.979980 79.648209 0.7353 0.7353 0.7353
v 32.821388 -1646.293457 79.499069 0.7353 0.7353 0.7353
v 96.408813 -1671.206543 80.039886 0.7353 0.7353 0.7353
v 80.370255 -1670.835449 79.926872 0.7353 0.7353 0.7353
v 64.331696 -1670.464355 79.813858 0.7353 0.7353 0.7353
v 48.293137 -1670.093262 79.700844 0.7353 0.7353 0.7353
v 32.254578 -1669.722168 79.587830 0.7353 0.7353 0.7353
v 95.848564 -1692.551270 79.995735 0.7353 0.7353 0.7353
v 79.855484 -1692.074219 79.988159 0.7353 0.7353 0.7353
v 63.862404 -1691.597168 79.980583 0.7353 0.7353 0.7353
v 47.869324 -1691.120117 79.973007 0.7353 0.7353 0.7353
v 31.876240 -1690.643066 79.965431 0.7353 0.7353 0.7353
v 95.836861 -1692.967407 79.991188 0.7353 0.7353 0.7353
v 79.844292 -1692.479736 79.988571 0.7353 0.7353 0.7353
v 63.851730 -1691.991943 79.985962 0.7353 0.7353 0.7353
v 47.859165 -1691.504150 79.983353 0.7353 0.7353 0.7353
v 31.866604 -1691.016479 79.980736 0.7353 0.7353 0.7353
v 33.992687 -407.999023 -55.429123 0.9063 0.9063 0.9063
v 34.376011 -407.987305 -62.168221 0.9063 0.9063 0.9063
v 59.916775 -407.989410 -53.887619 0.9063 0.9063 0.9063
v 60.210953 -407.991608 -60.631207 0.9063 0.9063 0.9063
v 85.604614 -407.941986 -52.248055 0.9063 0.9063 0.9063
v 85.836319 -407.980194 -58.993969 0.9063 0.9063 0.9063
v 111.139771 -407.852875 -50.529461 0.9063 0.9063 0.9063
v 111.324394 -407.943573 -57.276325 0.9063 0.9063 0.9063
v 136.566055 -407.716919 -48.746284 0.9063 0.9063 0.9063
v 136.713531 -407.873047 -55.492867 0.9063 0.9063 0.9063
v 161.908569 -407.528656 -46.910992 0.9063 0.9063 0.9063
v 162.025803 -407.760712 -53.655979 0.9063 0.9063 0.9063
v 187.182724 -407.282837 -45.034958 0.9063 0.9063 0.9063
v 187.274841 -407.599487 -51.776894 0.9063 0.9063 0.9063
v 212.398254 -406.974487 -43.129269 0.9063 0.9063 0.9063
v 212.469269 -407.382904 -49.866528 0.9063 0.9063 0.9063
v 237.560959 -406.598755 -41.204987 0.9063 0.9063 0.9063
v 237.614151 -407.104828 -47.935776 0.9063 0.9063 0.9063
v 262.673950 -406.151215 -39.273682 0.9063 0.9063 0.9063
v 262.712219 -406.759644 -45.996094 0.9063 0.9063 0.9063
v 287.737946 -405.627655 -37.347591 0.9063 0.9063 0.9063
v 287.763916 -406.341919 -44.059643 0.9063 0.9063 0.9063
v 312.752197 -405.024170 -35.440254 0.9063 0.9063 0.9063
v 312.768524 -405.846619 -42.139942 0.9063 0.9063 0.9063
v 337.713928 -404.336823 -33.567043 0.9063 0.9063 0.9063
v 337.723328 -405.268402 -40.252441 0.9063 0.9063 0.9063
v 362.618591 -403.561279 -31.746145 0.9063 0.9063 0.9063
v 362.624207 -404.601532 -38.415504 0.9063 0.9063 0.9063
v 387.460419 -402.692688 -30.000126 0.9063 0.9063 0.9063
v 387.466125 -403.839203 -36.652042 0.9063 0.9063 0.9063
v 411.396942 -401.746429 -28.384726 0.9063 0.9063 0.9063
v 411.408173 -402.992615 -35.018684 0.9063 0.9063 0.9063
v 440.334656 -401.121582 -27.672438 0.9063 0.9063 0.9063
v 440.339447 -402.412781 -34.297791 0.9063 0.9063 0.9063
v 464.558411 -401.289856 -26.989468 0.9063 0.9063 0.9063
v 464.554199 -402.617584 -33.607597 0.9063 0.9063 0.9063
v 485.927948 -402.005157 -26.272295 0.9063 0.9063 0.9063
v 485.913055 -403.366547 -32.883560 0.9063 0.9063 0.9063
v 507.063263 -403.278534 -25.449455 0.9063 0.9063 0.9063
v 507.034821 -404.674530 -32.053455 0.9063 0.9063 0.9063
v 527.934875 -405.133545 -24.518221 0.9063 0.9063 0.9063
v 527.889648 -406.564941 -31.114552 0.9063 0.9063 0.9063
v 548.511292 -407.594025 -23.475882 0.9063 0.9063 0.9063
v 548.445679 -409.061310 -30.064146 0.9063 0.9063 0.9063
v 568.758606 -410.684082 -22.320017 0.9063 0.9063 0.9063
v 568.668457 -412.187500 -28.899841 0.9063 0.9063 0.9063
v 588.642700 -414.425995 -21.048931 0.9063 0.9063 0.9063
v 588.523438 -415.965363 -27.619972 0.9063 0.9063 0.9063
v 608.127625 -418.842804 -19.661051 0.9063 0.9063 0.9063
v 607.974304 -420.417511 -26.223007 0.9063 0.9063 0.9063
v 627.178528 -423.955658 -18.155617 0.9063 0.9063 0.9063
v 626.985718 -425.564453 -24.708250 0.9063 0.9063 0.9063
v 645.761719 -429.785370 -16.532394 0.9063 0.9063 0.9063
v 645.523560 -431.426422 -23.075541 0.9063 0.9063 0.9063
v 663.844482 -436.352661 -14.791614 0.9063 0.9063 0.9063
v 663.554993 -438.023254 -21.325205 0.9063 0.9063 0.9063
v 681.398071 -443.677521 -12.934281 0.9063 0.9063 0.9063
v 681.051025 -445.374115 -19.458361 0.9063 0.9063 0.9063
v 698.397095 -451.780334 -10.961825 0.9063 0.9063 0.9063
v 697.986389 -453.498474 -17.476561 0.9063 0.9063 0.9063
v 714.818909 -460.682617 -8.876108 0.9063 0.9063 0.9063
v 714.338562 -462.416901 -15.381797 0.9063 0.9063 0.9063
v 730.643677 -470.406067 -6.679368 0.9063 0.9063 0.9063
v 730.088379 -472.150238 -13.176443 0.9063 0.9063 0.9063
v 745.853455 -480.972748 -4.374226 0.9063 0.9063 0.9063
v 745.218445 -482.719757 -10.863237 0.9063 0.9063 0.9063
v 760.429321 -492.403107 -1.963901 0.9063 0.9063 0.9063
v 759.710999 -494.145294 -8.445509 0.9063 0.9063 0.9063
v 774.351135 -504.714111 0.547799 0.9063 0.9063 0.9063
v 773.546936 -506.443542 -5.927146 0.9063 0.9063 0.9063
v 787.595276 -517.916260 3.156006 0.9063 0.9063 0.9063
v 786.703918 -519.624756 -3.313068 0.9063 0.9063 0.9063
v 800.134766 -532.010742 5.854602 0.9063 0.9063 0.9063
v 799.156128 -533.690369 -0.609417 0.9063 0.9063 0.9063
v 811.940063 -546.987061 8.636032 0.9063 0.9063 0.9063
v 810.875366 -548.630310 2.176251 0.9063 0.9063 0.9063
v 822.979187 -562.822388 11.491209 0.9063 0.9063 0.9063
v 821.830750 -564.422180 5.034870 0.9063 0.9063 0.9063
v 833.222046 -579.480286 14.409383 0.9063 0.9063 0.9063
v 831.993042 -581.030212 7.955717 0.9063 0.9063 0.9063
v 842.639893 -596.911804 17.378366 0.9063 0.9063 0.9063
v 841.334290 -598.406128 10.926633 0.9063 0.9063 0.9063
v 851.208069 -615.058411 20.384880 0.9063 0.9063 0.9063
v 849.830444 -616.492126 13.934366 0.9063 0.9063 0.9063
v 858.905945 -633.853699 23.414785 0.9063 0.9063 0.9063
v 857.461365 -635.222290 16.964787 0.9063 0.9063 0.9063
v 865.718628 -653.224060 26.452972 0.9063 0.9063 0.9063
v 864.212341 -654.523560 20.002777 0.9063 0.9063 0.9063
v 871.634338 -673.092957 29.484072 0.9063 0.9063 0.9063
v 870.072021 -674.319580 23.032946 0.9063 0.9063 0.9063
v 876.645020 -693.380005 32.491985 0.9063 0.9063 0.9063
v 875.032349 -694.530029 26.039145 0.9063 0.9063 0.9063
v 880.744507 -714.001038 35.459953 0.9063 0.9063 0.9063
v 879.087402 -715.070679 29.004545 0.9063 0.9063 0.9063
v 883.926025 -734.867493 38.370430 0.9063 0.9063 0.9063
v 882.230469 -735.852356 31.911510 0.9063 0.9063 0.9063
v 886.215210 -752.911560 40.647137 0.9063 0.9063 0.9063
v 884.496826 -753.791504 34.179108 0.9063 0.9063 0.9063
v 887.808472 -768.704224 42.055233 0.9063 0.9063 0.9063
v 886.102600 -769.442200 35.566177 0.9063 0.9063 0.9063
v 887.692017 -790.850037 44.243313 0.9063 0.9063 0.9063
v 886.008179 -791.462280 37.735458 0.9063 0.9063 0.9063
v 885.812073 -812.912720 46.514324 0.9063 0.9063 0.9063
v 884.153076 -813.425415 39.991489 0.9063 0.9063 0.9063
v 882.521545 -834.742981 48.806561 0.9063 0.9063 0.9063
v 880.890259 -835.167175 42.270397 0.9063 0.9063 0.9063
v 877.978821 -856.257812 51.093372 0.9063 0.9063 0.9063
v 876.378296 -856.599121 44.544758 0.9063 0.9063 0.9063
v 872.112305 -877.421204 52.696365 0.9063 0.9063 0.9063
v 870.604187 -877.705139 46.123131 0.9063 0.9063 0.9063
v 865.055603 -898.148804 53.875736 0.9063 0.9063 0.9063
v 863.677063 -898.398987 47.272739 0.9063 0.9063 0.9063
v 856.946960 -918.368713 55.077808 0.9063 0.9063 0.9063
v 855.694519 -918.594360 48.448864 0.9063 0.9063 0.9063
v 847.813416 -938.027588 56.373631 0.9063 0.9063 0.9063
v 846.676025 -938.233276 49.723324 0.9063 0.9063 0.9063
v 837.663086 -957.076782 57.778152 0.9063 0.9063 0.9063
v 836.627625 -957.264038 51.110676 0.9063 0.9063 0.9063
v 826.479248 -975.471375 59.149837 0.9063 0.9063 0.9063
v 825.543518 -975.647522 52.467327 0.9063 0.9063 0.9063
v 814.269287 -993.163513 60.480938 0.9063 0.9063 0.9063
v 813.430603 -993.335938 53.785465 0.9063 0.9063 0.9063
v 801.043945 -1010.107544 61.764275 0.9063 0.9063 0.9063
v 800.298889 -1010.283630 55.057831 0.9063 0.9063 0.9063
v 786.817444 -1026.260620 62.998314 0.9063 0.9063 0.9063
v 786.161438 -1026.447266 56.282856 0.9063 0.9063 0.9063
v 771.645081 -1041.571411 64.583572 0.9063 0.9063 0.9063
v 771.044312 -1041.741821 57.862522 0.9063 0.9063 0.9063
v 755.508850 -1056.015137 66.101059 0.9063 0.9063 0.9063
v 754.961060 -1056.171875 59.375145 0.9063 0.9063 0.9063
v 738.442261 -1069.560059 67.526176 0.9063 0.9063 0.9063
v 737.946167 -1069.707031 60.796032 0.9063 0.9063 0.9063
v 720.488770 -1082.179932 68.855843 0.9063 0.9063 0.9063
v 720.042725 -1082.321045 62.122082 0.9063 0.9063 0.9063
v 701.699219 -1093.854980 70.083893 0.9063 0.9063 0.9063
v 701.301025 -1093.994385 63.347095 0.9063 0.9063 0.9063
v 682.137695 -1104.571899 71.314941 0.9063 0.9063 0.9063
v 681.779724 -1104.701904 64.575691 0.9063 0.9063 0.9063
v 661.868652 -1114.325806 72.595856 0.9063 0.9063 0.9063
v 661.542358 -1114.431885 65.854576 0.9063 0.9063 0.9063
v 640.948486 -1123.124268 73.753403 0.9063 0.9063 0.9063
v 640.654053 -1123.209473 67.010368 0.9063 0.9063 0.9063
v 619.445496 -1130.978149 74.795975 0.9063 0.9063 0.9063
v 619.182556 -1131.045044 68.051430 0.9063 0.9063 0.9063
v 597.428223 -1137.907349 75.725960 0.9063 0.9063 0.9063
v 597.196045 -1137.958008 68.980148 0.9063 0.9063 0.9063
v 574.959900 -1143.934448 76.543579 0.9063 0.9063 0.9063
v 574.757568 -1143.971313 69.796715 0.9063 0.9063 0.9063
v 552.102661 -1149.090698 77.233452 0.9063 0.9063 0.9063
v 551.929688 -1149.118164 70.485725 0.9063 0.9063 0.9063
v 528.913025 -1153.407104 77.823753 0.9063 0.9063 0.9063
v 528.768005 -1153.426636 71.075340 0.9063 0.9063 0.9063
v 505.442810 -1156.919067 78.317558 0.9063 0.9063 0.9063
v 505.324371 -1156.932007 71.568611 0.9063 0.9063 0.9063
v 479.590759 -1159.848267 78.755844 0.9063 0.9063 0.9063
v 479.500519 -1159.854248 72.006454 0.9063 0.9063 0.9063
v 457.553467 -1161.962402 78.951080 0.9063 0.9063 0.9063
v 457.470947 -1161.980835 72.201614 0.9063 0.9063 0.9063
v 434.518158 -1164.766479 78.860786 0.9063 0.9063 0.9063
v 434.444794 -1164.838257 72.111565 0.9063 0.9063 0.9063
v 408.419586 -1168.919556 78.421799 0.9063 0.9063 0.9063
v 408.369263 -1169.100220 71.674408 0.9063 0.9063 0.9063
v 382.409241 -1174.202637 77.670303 0.9063 0.9063 0.9063
v 382.401367 -1174.537720 70.928627 0.9063 0.9063 0.9063
v 356.557220 -1180.729126 76.669060 0.9063 0.9063 0.9063
v 356.617401 -1181.253906 69.939766 0.9063 0.9063 0.9063
v 330.955811 -1188.610107 75.488091 0.9063 0.9063 0.9063
v 331.114471 -1189.347900 68.780411 0.9063 0.9063 0.9063
v 305.714081 -1197.939697 74.220032 0.9063 0.9063 0.9063
v 306.003662 -1198.896606 67.544479 0.9063 0.9063 0.9063
v 280.960236 -1208.790283 72.968353 0.9063 0.9063 0.9063
v 281.411102 -1209.952637 66.334503 0.9063 0.9063 0.9063
v 256.829590 -1221.197510 71.852501 0.9063 0.9063 0.9063
v 257.463928 -1222.529785 65.265778 0.9063 0.9063 0.9063
v 233.469391 -1235.175659 70.922569 0.9063 0.9063 0.9063
v 234.300842 -1236.631348 64.384056 0.9063 0.9063 0.9063
v 211.034088 -1250.717529 70.185661 0.9063 0.9063 0.9063
v 212.067947 -1252.246704 63.692940 0.9063 0.9063 0.9063
v 189.676926 -1267.780396 69.646782 0.9063 0.9063 0.9063
v 190.908493 -1269.332031 63.194031 0.9063 0.9063 0.9063
v 169.539001 -1286.286987 69.309631 0.9063 0.9063 0.9063
v 170.952530 -1287.811768 62.887859 0.9063 0.9063 0.9063
v 150.739899 -1306.127686 69.176842 0.9063 0.9063 0.9063
v 152.308411 -1307.580566 62.774410 0.9063 0.9063 0.9063
v 133.369675 -1327.166626 69.250320 0.9063 0.9063 0.9063
v 135.055710 -1328.509033 62.853630 0.9063 0.9063 0.9063
v 117.484589 -1349.251587 69.531807 0.9063 0.9063 0.9063
v 119.241531 -1350.453125 63.126198 0.9063 0.9063 0.9063
v 103.107338 -1372.224121 70.023109 0.9063 0.9063 0.9063
v 104.881432 -1373.263550 63.593906 0.9063 0.9063 0.9063
v 90.235367 -1395.931763 70.711121 0.9063 0.9063 0.9063
v 91.970154 -1396.798340 64.245651 0.9063 0.9063 0.9063
v 78.847519 -1420.230591 71.561691 0.9063 0.9063 0.9063
v 80.489868 -1420.924438 65.051407 0.9063 0.9063 0.9063
v 68.903641 -1444.987549 72.538300 0.9063 0.9063 0.9063
v 70.406593 -1445.518066 65.979179 0.9063 0.9063 0.9063
v 60.348736 -1470.079712 73.603210 0.9063 0.9063 0.9063
v 61.673584 -1470.463257 66.995621 0.9063 0.9063 0.9063
v 53.117252 -1495.398315 74.717003 0.9063 0.9063 0.9063
v 54.235142 -1495.655518 68.065193 0.9063 0.9063 0.9063
v 47.134075 -1520.840454 75.836647 0.9063 0.9063 0.9063
v 48.027622 -1520.994995 69.147842 0.9063 0.9063 0.9063
v 42.317959 -1546.311401 76.914474 0.9063 0.9063 0.9063
v 42.982826 -1546.388184 70.197739 0.9063 0.9063 0.9063
v 38.581394 -1571.716553 77.894798 0.9063 0.9063 0.9063
v 39.028473 -1571.740234 71.159668 0.9063 0.9063 0.9063
v 35.828728 -1596.952026 78.707672 0.9063 0.9063 0.9063
v 36.087673 -1596.945923 71.962646 0.9063 0.9063 0.9063
v 33.951912 -1621.882812 79.257385 0.9063 0.9063 0.9063
v 34.077404 -1621.868042 72.508568 0.9063 0.9063 0.9063
v 32.821388 -1646.293457 79.499069 0.9063 0.9063 0.9063
v 32.884071 -1646.287964 72.749367 0.9063 0.9063 0.9063
v 32.254578 -1669.722168 79.587830 0.9063 0.9063 0.9063
v 32.301609 -1669.745117 72.838036 0.9063 0.9063 0.9063
v 31.876240 -1690.643066 79.965431 0.9063 0.9063 0.9063
v 31.876390 -1690.745239 73.216209 0.9063 0.9063 0.9063
v 31.866604 -1691.016479 79.980736 0.9063 0.9063 0.9063
v 31.864513 -1691.121094 73.231552 0.9063 0.9063 0.9063
v 34.048290 -167.999390 -55.009171 0.9063 0.9063 0.9063
v 34.431614 -167.987686 -61.748264 0.9063 0.9063 0.9063
v 60.625652 -168.101105 -53.934822 0.9063 0.9063 0.9063
v 60.919830 -168.103302 -60.678406 0.9063 0.9063 0.9063
v 86.725723 -168.344391 -53.566948 0.9063 0.9063 0.9063
v 86.957420 -168.382614 -60.312859 0.9063 0.9063 0.9063
v 112.514984 -168.689163 -53.706867 0.9063 0.9063 0.9063
v 112.699615 -168.779861 -60.453732 0.9063 0.9063 0.9063
v 138.078659 -169.112808 -54.234856 0.9063 0.9063 0.9063
v 138.226135 -169.268936 -60.981438 0.9063 0.9063 0.9063
v 163.464508 -169.600922 -55.069828 0.9063 0.9063 0.9063
v 163.581741 -169.832977 -61.814819 0.9063 0.9063 0.9063
v 188.700882 -170.142960 -56.152519 0.9063 0.9063 0.9063
v 188.792999 -170.459625 -62.894459 0.9063 0.9063 0.9063
v 213.804291 -170.730301 -57.436481 0.9063 0.9063 0.9063
v 213.875290 -171.138733 -64.173737 0.9063 0.9063 0.9063
v 238.782883 -171.354568 -58.883369 0.9063 0.9063 0.9063
v 238.836090 -171.860657 -65.614159 0.9063 0.9063 0.9063
v 263.638184 -172.006927 -60.459679 0.9063 0.9063 0.9063
v 263.676483 -172.615356 -67.182091 0.9063 0.9063 0.9063
v 288.365448 -172.677032 -62.134815 0.9063 0.9063 0.9063
v 288.391449 -173.391296 -68.846863 0.9063 0.9063 0.9063
v 312.952881 -173.352112 -63.879189 0.9063 0.9063 0.9063
v 312.969208 -174.174545 -70.578873 0.9063 0.9063 0.9063
v 337.379150 -174.015671 -65.662560 0.9063 0.9063 0.9063
v 337.388550 -174.947266 -72.347954 0.9063 0.9063 0.9063
v 361.609131 -174.645569 -67.452080 0.9063 0.9063 0.9063
v 361.614716 -175.685822 -74.121437 0.9063 0.9063 0.9063
v 385.584381 -175.211472 -69.209351 0.9063 0.9063 0.9063
v 385.590088 -176.357971 -75.861275 0.9063 0.9063 0.9063
v 408.204132 -175.656342 -70.860626 0.9063 0.9063 0.9063
v 408.215363 -176.902512 -77.494583 0.9063 0.9063 0.9063
v 444.221375 -176.317383 -71.480911 0.9063 0.9063 0.9063
v 444.226166 -177.608566 -78.106270 0.9063 0.9063 0.9063
v 475.230530 -177.866989 -71.819038 0.9063 0.9063 0.9063
v 475.226288 -179.194717 -78.437172 0.9063 0.9063 0.9063
v 503.000641 -180.098862 -72.005974 0.9063 0.9063 0.9063
v 502.985748 -181.460251 -78.617241 0.9063 0.9063 0.9063
v 530.880981 -183.196518 -72.075027 0.9063 0.9063 0.9063
v 530.852539 -184.592529 -78.679031 0.9063 0.9063 0.9063
v 558.849060 -187.225037 -72.015755 0.9063 0.9063 0.9063
v 558.803894 -188.656433 -78.612083 0.9063 0.9063 0.9063
v 586.875549 -192.254425 -71.816925 0.9063 0.9063 0.9063
v 586.809875 -193.721710 -78.405197 0.9063 0.9063 0.9063
v 614.921204 -198.359253 -71.466454 0.9063 0.9063 0.9063
v 614.830994 -199.862656 -78.046280 0.9063 0.9063 0.9063
v 642.937256 -205.615524 -70.951767 0.9063 0.9063 0.9063
v 642.817993 -207.154892 -77.522804 0.9063 0.9063 0.9063
v 670.861877 -214.102371 -70.259735 0.9063 0.9063 0.9063
v 670.708496 -215.677078 -76.821693 0.9063 0.9063 0.9063
v 698.618958 -223.896713 -69.377319 0.9063 0.9063 0.9063
v 698.426086 -225.505539 -75.929955 0.9063 0.9063 0.9063
v 726.116455 -235.071930 -68.291855 0.9063 0.9063 0.9063
v 725.878296 -236.712967 -74.834999 0.9063 0.9063 0.9063
v 753.245239 -247.693954 -66.991554 0.9063 0.9063 0.9063
v 752.955750 -249.364548 -73.525139 0.9063 0.9063 0.9063
v 779.879028 -261.815094 -65.466553 0.9063 0.9063 0.9063
v 779.531982 -263.511688 -71.990631 0.9063 0.9063 0.9063
v 805.876099 -277.469543 -63.709476 0.9063 0.9063 0.9063
v 805.465332 -279.187683 -70.224213 0.9063 0.9063 0.9063
v 831.081604 -294.668518 -61.716393 0.9063 0.9063 0.9063
v 830.601257 -296.402802 -68.222084 0.9063 0.9063 0.9063
v 855.334106 -313.394653 -59.487556 0.9063 0.9063 0.9063
v 854.778748 -315.138824 -65.984627 0.9063 0.9063 0.9063
v 878.471863 -333.599640 -57.027996 0.9063 0.9063 0.9063
v 877.836914 -335.346649 -63.517010 0.9063 0.9063 0.9063
v 900.340820 -355.203094 -54.347584 0.9063 0.9063 0.9063
v 899.622559 -356.945312 -60.829193 0.9063 0.9063 0.9063
v 920.804626 -378.095276 -51.460926 0.9063 0.9063 0.9063
v 920.000427 -379.824677 -57.935871 0.9063 0.9063 0.9063
v 939.750916 -402.141754 -48.386509 0.9063 0.9063 0.9063
v 938.859497 -403.850250 -54.855583 0.9063 0.9063 0.9063
v 957.097412 -427.191620 -45.145786 0.9063 0.9063 0.9063
v 956.118774 -428.871277 -51.609806 0.9063 0.9063 0.9063
v 972.794800 -453.085449 -41.761890 0.9063 0.9063 0.9063
v 971.730103 -454.728668 -48.221672 0.9063 0.9063 0.9063
v 986.824646 -479.665283 -38.258347 0.9063 0.9063 0.9063
v 985.676208 -481.265045 -44.714687 0.9063 0.9063 0.9063
v 999.198364 -506.779968 -34.658176 0.9063 0.9063 0.9063
v 997.969360 -508.329865 -41.111843 0.9063 0.9063 0.9063
v 1009.949829 -534.291199 -30.983139 0.9063 0.9063 0.9063
v 1008.644226 -535.785522 -37.434872 0.9063 0.9063 0.9063
v 1019.130676 -562.078064 -27.253147 0.9063 0.9063 0.9063
v 1017.753113 -563.511780 -33.703659 0.9063 0.9063 0.9063
v 1026.803101 -590.037537 -23.486156 0.9063 0.9063 0.9063
v 1025.358521 -591.406189 -29.936155 0.9063 0.9063 0.9063
v 1033.035889 -618.082825 -19.698618 0.9063 0.9063 0.9063
v 1031.529663 -619.382324 -26.148811 0.9063 0.9063 0.9063
v 1037.897583 -646.144714 -15.905393 0.9063 0.9063 0.9063
v 1036.335205 -647.371338 -22.356520 0.9063 0.9063 0.9063
v 1041.453979 -674.167847 -12.120616 0.9063 0.9063 0.9063
v 1039.841309 -675.317932 -18.573458 0.9063 0.9063 0.9063
v 1043.764526 -702.109436 -8.358346 0.9063 0.9063 0.9063
v 1042.107422 -703.179077 -14.813754 0.9063 0.9063 0.9063
v 1044.878662 -729.937683 -4.633606 0.9063 0.9063 0.9063
v 1043.183105 -730.922546 -11.092525 0.9063 0.9063 0.9063
v 1044.620605 -755.877258 -1.033093 0.9063 0.9063 0.9063
v 1042.902222 -756.757202 -7.501122 0.9063 0.9063 0.9063
v 1042.048706 -782.544800 3.081491 0.9063 0.9063 0.9063
v 1040.342773 -783.282776 -3.407565 0.9063 0.9063 0.9063
v 1037.117310 -814.485046 7.803939 0.9063 0.9063 0.9063
v 1035.433472 -815.097290 1.296083 0.9063 0.9063 0.9063
v 1030.828125 -844.346313 12.101962 0.9063 0.9063 0.9063
v 1029.169189 -844.859009 5.579128 0.9063 0.9063 0.9063
v 1023.241028 -873.088806 16.174511 0.9063 0.9063 0.9063
v 1021.609741 -873.513000 9.638347 0.9063 0.9063 0.9063
v 1014.361389 -901.030640 20.094379 0.9063 0.9063 0.9063
v 1012.760864 -901.371948 13.545763 0.9063 0.9063 0.9063
v 1004.330811 -928.259705 24.556389 0.9063 0.9063 0.9063
v 1002.822632 -928.543579 17.983156 0.9063 0.9063 0.9063
v 993.041199 -954.826538 29.302814 0.9063 0.9063 0.9063
v 991.662659 -955.076660 22.699818 0.9063 0.9063 0.9063
v 980.362244 -980.727234 33.882740 0.9063 0.9063 0.9063
v 979.109741 -980.952820 27.253792 0.9063 0.9063 0.9063
v 966.265930 -1005.903687 38.215099 0.9063 0.9063 0.9063
v 965.128601 -1006.109436 31.564793 0.9063 0.9063 0.9063
v 950.749634 -1030.276001 42.272057 0.9063 0.9063 0.9063
v 949.714172 -1030.463257 35.604580 0.9063 0.9063 0.9063
v 933.846802 -1053.744507 46.179722 0.9063 0.9063 0.9063
v 932.911133 -1053.920654 39.497211 0.9063 0.9063 0.9063
v 915.582642 -1076.205200 49.929073 0.9063 0.9063 0.9063
v 914.744019 -1076.377563 43.233597 0.9063 0.9063 0.9063
v 896.003906 -1097.551636 53.510078 0.9063 0.9063 0.9063
v 895.258850 -1097.727661 46.803638 0.9063 0.9063 0.9063
v 875.177185 -1117.681519 56.907494 0.9063 0.9063 0.9063
v 874.521240 -1117.868164 50.192039 0.9063 0.9063 0.9063
v 853.156067 -1136.513306 59.705276 0.9063 0.9063 0.9063
v 852.555298 -1136.683716 52.984226 0.9063 0.9063 0.9063
v 830.091125 -1153.959473 62.308918 0.9063 0.9063 0.9063
v 829.543335 -1154.116211 55.583004 0.9063 0.9063 0.9063
v 806.103271 -1169.963623 64.732338 0.9063 0.9063 0.9063
v 805.607239 -1170.110596 58.002197 0.9063 0.9063 0.9063
v 781.319946 -1184.493164 66.971107 0.9063 0.9063 0.9063
v 780.873840 -1184.634399 60.237343 0.9063 0.9063 0.9063
v 755.870605 -1197.538818 69.027420 0.9063 0.9063 0.9063
v 755.472412 -1197.678223 62.290615 0.9063 0.9063 0.9063
v 729.876343 -1209.116577 70.796204 0.9063 0.9063 0.9063
v 729.518433 -1209.246582 64.056961 0.9063 0.9063 0.9063
v 703.455688 -1219.260132 72.233459 0.9063 0.9063 0.9063
v 703.129395 -1219.366211 65.492188 0.9063 0.9063 0.9063
v 676.725586 -1228.014404 73.517990 0.9063 0.9063 0.9063
v 676.431213 -1228.099731 66.774956 0.9063 0.9063 0.9063
v 649.779968 -1235.440308 74.649292 0.9063 0.9063 0.9063
v 649.517029 -1235.507202 67.904747 0.9063 0.9063 0.9063
v 622.700439 -1241.607788 75.634972 0.9063 0.9063 0.9063
v 622.468201 -1241.658447 68.889153 0.9063 0.9063 0.9063
v 595.553406 -1246.587524 76.485519 0.9063 0.9063 0.9063
v 595.351135 -1246.624268 69.738655 0.9063 0.9063 0.9063
v 568.396240 -1250.455444 77.228493 0.9063 0.9063 0.9063
v 568.223267 -1250.482910 70.480766 0.9063 0.9063 0.9063
v 541.271912 -1253.283325 77.847603 0.9063 0.9063 0.9063
v 541.126892 -1253.302979 71.099190 0.9063 0.9063 0.9063
v 514.215942 -1255.142212 78.352165 0.9063 0.9063 0.9063
v 514.097473 -1255.155151 71.603218 0.9063 0.9063 0.9063
v 484.577820 -1256.115112 78.774734 0.9063 0.9063 0.9063
v 484.487549 -1256.121094 72.025337 0.9063 0.9063 0.9063
v 464.261902 -1256.533203 79.125732 0.9063 0.9063 0.9063
v 464.179382 -1256.551514 72.376266 0.9063 0.9063 0.9063
v 444.350861 -1257.527222 79.740242 0.9063 0.9063 0.9063
v 444.277496 -1257.598999 72.991028 0.9063 0.9063 0.9063
v 421.835968 -1259.523560 80.748550 0.9063 0.9063 0.9063
v 421.785645 -1259.704346 74.001160 0.9063 0.9063 0.9063
v 399.555786 -1262.468262 82.036560 0.9063 0.9063 0.9063
v 399.547913 -1262.803223 75.294884 0.9063 0.9063 0.9063
v 377.556488 -1266.399048 83.538261 0.9063 0.9063 0.9063
v 377.616669 -1266.923950 76.808968 0.9063 0.9063 0.9063
v 355.891724 -1271.362549 85.179939 0.9063 0.9063 0.9063
v 356.050385 -1272.100342 78.472260 0.9063 0.9063 0.9063
v 334.617035 -1277.411865 86.865280 0.9063 0.9063 0.9063
v 334.906616 -1278.368652 80.189728 0.9063 0.9063 0.9063
v 313.802704 -1284.614990 88.486847 0.9063 0.9063 0.9063
v 314.253540 -1285.777466 81.852997 0.9063 0.9063 0.9063
v 293.530762 -1293.050537 89.921516 0.9063 0.9063 0.9063
v 294.165100 -1294.382935 83.334793 0.9063 0.9063 0.9063
v 273.897186 -1302.785522 91.115715 0.9063 0.9063 0.9063
v 274.728638 -1304.241211 84.577202 0.9063 0.9063 0.9063
v 255.002594 -1313.866211 92.059395 0.9063 0.9063 0.9063
v 256.036438 -1315.395386 85.566681 0.9063 0.9063 0.9063
v 236.951859 -1326.316528 92.745628 0.9063 0.9063 0.9063
v 238.183426 -1327.868164 86.292870 0.9063 0.9063 0.9063
v 219.848907 -1340.133667 93.169754 0.9063 0.9063 0.9063
v 221.262451 -1341.658569 86.747978 0.9063 0.9063 0.9063
v 203.791168 -1355.285645 93.329613 0.9063 0.9063 0.9063
v 205.359695 -1356.738647 86.927177 0.9063 0.9063 0.9063
v 188.863052 -1371.709595 93.225174 0.9063 0.9063 0.9063
v 190.549072 -1373.052124 86.828484 0.9063 0.9063 0.9063
v 175.129578 -1389.315063 92.857964 0.9063 0.9063 0.9063
v 176.886520 -1390.516724 86.452354 0.9063 0.9063 0.9063
v 162.631760 -1407.989746 92.230705 0.9063 0.9063 0.9063
v 164.405853 -1409.029175 85.801498 0.9063 0.9063 0.9063
v 151.380051 -1427.605347 91.361969 0.9063 0.9063 0.9063
v 153.114838 -1428.471802 84.896507 0.9063 0.9063 0.9063
v 141.353775 -1448.024780 90.292328 0.9063 0.9063 0.9063
v 142.996124 -1448.718628 83.782051 0.9063 0.9063 0.9063
v 132.511719 -1469.116455 89.065216 0.9063 0.9063 0.9063
v 134.014679 -1469.647095 82.506088 0.9063 0.9063 0.9063
v 124.799171 -1490.757202 87.725800 0.9063 0.9063 0.9063
v 126.124016 -1491.140625 81.118217 0.9063 0.9063 0.9063
v 118.154716 -1512.837280 86.321419 0.9063 0.9063 0.9063
v 119.272606 -1513.094482 79.669601 0.9063 0.9063 0.9063
v 112.513412 -1535.253784 84.903786 0.9063 0.9063 0.9063
v 113.406960 -1535.408447 78.214973 0.9063 0.9063 0.9063
v 107.812912 -1557.914185 83.530411 0.9063 0.9063 0.9063
v 108.477783 -1557.991089 76.813675 0.9063 0.9063 0.9063
v 103.995430 -1580.728271 82.268761 0.9063 0.9063 0.9063
v 104.442513 -1580.752075 75.533623 0.9063 0.9063 0.9063
v 101.007500 -1603.601929 81.203934 0.9063 0.9063 0.9063
v 101.266441 -1603.595825 74.458900 0.9063 0.9063 0.9063
v 98.796440 -1626.423096 80.453186 0.9063 0.9063 0.9063
v 98.921928 -1626.408325 73.704376 0.9063 0.9063 0.9063
v 97.299980 -1649.039551 80.095627 0.9063 0.9063 0.9063
v 97.362663 -1649.034058 73.345917 0.9063 0.9063 0.9063
v 96.408813 -1671.206543 80.039886 0.9063 0.9063 0.9063
v 96.455841 -1671.229492 73.290092 0.9063 0.9063 0.9063
v 95.848564 -1692.551270 79.995735 0.9063 0.9063 0.9063
v 95.848717 -1692.653442 73.246506 0.9063 0.9063 0.9063
v 95.836861 -1692.967407 79.991188 0.9063 0.9063 0.9063
v 95.834770 -1693.072144 73.241997 0.9063 0.9063 0.9063
v 34.048290 -167.999390 -55.009171 0.7353 0.7353 0.7353
v 34.046303 -176.570816 -55.024170 0.7353 0.7353 0.7353
v 34.044319 -185.142227 -55.039165 0.7353 0.7353 0.7353
v 34.042332 -193.713638 -55.054165 0.7353 0.7353 0.7353
v 34.040348 -202.285049 -55.069164 0.7353 0.7353 0.7353
v 34.038361 -210.856476 -55.084160 0.7353 0.7353 0.7353
v 34.036377 -219.427887 -55.099159 0.7353 0.7353 0.7353
v 34.034389 -227.999298 -55.114159 0.7353 0.7353 0.7353
v 60.625652 -168.101105 -53.934822 0.7353 0.7353 0.7353
v 60.614555 -176.669357 -54.432976 0.7353 0.7353 0.7353
v 60.589840 -185.237061 -54.431267 0.7353 0.7353 0.7353
v 60.565125 -193.804764 -54.429562 0.7353 0.7353 0.7353
v 60.540413 -202.372467 -54.427853 0.7353 0.7353 0.7353
v 60.515701 -210.940186 -54.426144 0.7353 0.7353 0.7353
v 60.490990 -219.507889 -54.424435 0.7353 0.7353 0.7353
v 60.448425 -228.075027 -53.923019 0.7353 0.7353 0.7353
v 86.725723 -168.344391 -53.566948 0.7353 0.7353 0.7353
v 86.688889 -176.905472 -54.019844 0.7353 0.7353 0.7353
v 86.649925 -185.463501 -53.972725 0.7353 0.7353 0.7353
v 86.610970 -194.021515 -53.925606 0.7353 0.7353 0.7353
v 86.572006 -202.579529 -53.878483 0.7353 0.7353 0.7353
v 86.533051 -211.137543 -53.831356 0.7353 0.7353 0.7353
v 86.494095 -219.695557 -53.784229 0.7353 0.7353 0.7353
v 86.445412 -228.250473 -53.237186 0.7353 0.7353 0.7353
v 112.514984 -168.689163 -53.706867 0.7353 0.7353 0.7353
v 112.460686 -177.239563 -54.093307 0.7353 0.7353 0.7353
v 112.413017 -185.783127 -53.979816 0.7353 0.7353 0.7353
v 112.365349 -194.326675 -53.866318 0.7353 0.7353 0.7353
v 112.317680 -202.870239 -53.752811 0.7353 0.7353 0.7353
v 112.270012 -211.413788 -53.639305 0.7353 0.7353 0.7353
v 112.222343 -219.957352 -53.525799 0.7353 0.7353 0.7353
v 112.171104 -228.493988 -52.912331 0.7353 0.7353 0.7353
v 138.078659 -169.112808 -54.234856 0.7353 0.7353 0.7353
v 138.012772 -177.649292 -54.538498 0.7353 0.7353 0.7353
v 137.960495 -186.174194 -54.342442 0.7353 0.7353 0.7353
v 137.908203 -194.699081 -54.146374 0.7353 0.7353 0.7353
v 137.855911 -203.223969 -53.950306 0.7353 0.7353 0.7353
v 137.803635 -211.748856 -53.754227 0.7353 0.7353 0.7353
v 137.751358 -220.273743 -53.558144 0.7353 0.7353 0.7353
v 137.700363 -228.786957 -52.862183 0.7353 0.7353 0.7353
v 163.464508 -169.600922 -55.069828 0.7353 0.7353 0.7353
v 163.391632 -178.120377 -55.277699 0.7353 0.7353 0.7353
v 163.338028 -186.622696 -54.986206 0.7353 0.7353 0.7353
v 163.284424 -195.125000 -54.694710 0.7353 0.7353 0.7353
v 163.230835 -203.627319 -54.403202 0.7353 0.7353 0.7353
v 163.177246 -212.129639 -54.111687 0.7353 0.7353 0.7353
v 163.123642 -220.631943 -53.820168 0.7353 0.7353 0.7353
v 163.075302 -229.117004 -53.028950 0.7353 0.7353 0.7353
v 188.700882 -170.142960 -56.152519 0.7353 0.7353 0.7353
v 188.624832 -178.642319 -56.254143 0.7353 0.7353 0.7353
v 188.572784 -187.118317 -55.856865 0.7353 0.7353 0.7353
v 188.520721 -195.594299 -55.459576 0.7353 0.7353 0.7353
v 188.468658 -204.070282 -55.062275 0.7353 0.7353 0.7353
v 188.416611 -212.546280 -54.664967 0.7353 0.7353 0.7353
v 188.364548 -221.022263 -54.267651 0.7353 0.7353 0.7353
v 188.321045 -229.474762 -53.370934 0.7353 0.7353 0.7353
v 213.804291 -170.730301 -57.436481 0.7353 0.7353 0.7353
v 213.728485 -179.206467 -57.423435 0.7353 0.7353 0.7353
v 213.680588 -187.652512 -56.912048 0.7353 0.7353 0.7353
v 213.632706 -196.098557 -56.400650 0.7353 0.7353 0.7353
v 213.584808 -204.544601 -55.889240 0.7353 0.7353 0.7353
v 213.536911 -212.990646 -55.377823 0.7353 0.7353 0.7353
v 213.489029 -221.436691 -54.866390 0.7353 0.7353 0.7353
v 213.452423 -229.852463 -53.855976 0.7353 0.7353 0.7353
v 238.782883 -171.354568 -58.883369 0.7353 0.7353 0.7353
v 238.710556 -179.804489 -58.748970 0.7353 0.7353 0.7353
v 238.669373 -188.217087 -58.116905 0.7353 0.7353 0.7353
v 238.628189 -196.629684 -57.484837 0.7353 0.7353 0.7353
v 238.587006 -205.042282 -56.852749 0.7353 0.7353 0.7353
v 238.545822 -213.454880 -56.220650 0.7353 0.7353 0.7353
v 238.504639 -221.867462 -55.588535 0.7353 0.7353 0.7353
v 238.477005 -230.242599 -54.457989 0.7353 0.7353 0.7353
v 263.638184 -172.006927 -60.459679 0.7353 0.7353 0.7353
v 263.572540 -180.427628 -60.198837 0.7353 0.7353 0.7353
v 263.540680 -188.803436 -59.441128 0.7353 0.7353 0.7353
v 263.508820 -197.179245 -58.683407 0.7353 0.7353 0.7353
v 263.476929 -205.555069 -57.925674 0.7353 0.7353 0.7353
v 263.445068 -213.930862 -57.167919 0.7353 0.7353 0.7353
v 263.413208 -222.306671 -56.410160 0.7353 0.7353 0.7353
v 263.396729 -230.637436 -55.154636 0.7353 0.7353 0.7353
v 288.365448 -172.677032 -62.134815 0.7353 0.7353 0.7353
v 288.309906 -181.065659 -61.743954 0.7353 0.7353 0.7353
v 288.290161 -189.401566 -60.857143 0.7353 0.7353 0.7353
v 288.270386 -197.737473 -59.970314 0.7353 0.7353 0.7353
v 288.250641 -206.073380 -59.083473 0.7353 0.7353 0.7353
v 288.230896 -214.409286 -58.196613 0.7353 0.7353 0.7353
v 288.211182 -222.745193 -57.309742 0.7353 0.7353 0.7353
v 288.208282 -231.028229 -55.925926 0.7353 0.7353 0.7353
v 312.952881 -173.352112 -63.879189 0.7353 0.7353 0.7353
v 312.911194 -181.706070 -63.356262 0.7353 0.7353 0.7353
v 312.906769 -189.999313 -62.338413 0.7353 0.7353 0.7353
v 312.902374 -198.292542 -61.320549 0.7353 0.7353 0.7353
v 312.897919 -206.585754 -60.302670 0.7353 0.7353 0.7353
v 312.893524 -214.878983 -59.284767 0.7353 0.7353 0.7353
v 312.889099 -223.172195 -58.266857 0.7353 0.7353 0.7353
v 312.902588 -231.404526 -56.752956 0.7353 0.7353 0.7353
v 337.379150 -174.015671 -65.662560 0.7353 0.7353 0.7353
v 337.355865 -182.332764 -65.007156 0.7353 0.7353 0.7353
v 337.370636 -190.581009 -63.857948 0.7353 0.7353 0.7353
v 337.385406 -198.829239 -62.708721 0.7353 0.7353 0.7353
v 337.400177 -207.077469 -61.559479 0.7353 0.7353 0.7353
v 337.414978 -215.325699 -60.410221 0.7353 0.7353 0.7353
v 337.429749 -223.573929 -59.260952 0.7353 0.7353 0.7353
v 337.463074 -231.753174 -57.616772 0.7353 0.7353 0.7353
v 361.609131 -174.645569 -67.452080 0.7353 0.7353 0.7353
v 361.609955 -182.924149 -66.665596 0.7353 0.7353 0.7353
v 361.648895 -191.125763 -65.386513 0.7353 0.7353 0.7353
v 361.687836 -199.327377 -64.107414 0.7353 0.7353 0.7353
v 361.726776 -207.528992 -62.828300 0.7353 0.7353 0.7353
v 361.765747 -215.730606 -61.549168 0.7353 0.7353 0.7353
v 361.804657 -223.932220 -60.270023 0.7353 0.7353 0.7353
v 361.862305 -232.056778 -58.497166 0.7353 0.7353 0.7353
v 385.584381 -175.211472 -69.209351 0.7353 0.7353 0.7353
v 385.616669 -183.450699 -68.295372 0.7353 0.7353 0.7353
v 385.686676 -191.605057 -66.890053 0.7353 0.7353 0.7353
v 385.756714 -199.759384 -65.484726 0.7353 0.7353 0.7353
v 385.826721 -207.913712 -64.079384 0.7353 0.7353 0.7353
v 385.896729 -216.068039 -62.674026 0.7353 0.7353 0.7353
v 385.966736 -224.222366 -61.268654 0.7353 0.7353 0.7353
v 386.055115 -232.291794 -59.370850 0.7353 0.7353 0.7353
v 408.204132 -175.656342 -70.860626 0.7353 0.7353 0.7353
v 408.296539 -183.856750 -69.828423 0.7353 0.7353 0.7353
v 408.412781 -191.965714 -68.305031 0.7353 0.7353 0.7353
v 408.529083 -200.074692 -66.781631 0.7353 0.7353 0.7353
v 408.645325 -208.183655 -65.258224 0.7353 0.7353 0.7353
v 408.761597 -216.292633 -63.734818 0.7353 0.7353 0.7353
v 408.877869 -224.401611 -62.211411 0.7353 0.7353 0.7353
v 409.005737 -232.419205 -60.196499 0.7353 0.7353 0.7353
v 444.221375 -176.317383 -71.480911 0.7353 0.7353 0.7353
v 444.072418 -184.479065 -70.399727 0.7353 0.7353 0.7353
v 443.933624 -192.545441 -68.827812 0.7353 0.7353 0.7353
v 443.794861 -200.611832 -67.255898 0.7353 0.7353 0.7353
v 443.656128 -208.678223 -65.683983 0.7353 0.7353 0.7353
v 443.517395 -216.744614 -64.112061 0.7353 0.7353 0.7353
v 443.378662 -224.811005 -62.540142 0.7353 0.7353 0.7353
v 443.245117 -232.781982 -60.477432 0.7353 0.7353 0.7353
v 475.230530 -177.866989 -71.819038 0.7353 0.7353 0.7353
v 474.837402 -185.984711 -70.700096 0.7353 0.7353 0.7353
v 474.454987 -194.004608 -69.090927 0.7353 0.7353 0.7353
v 474.072601 -202.024521 -67.481750 0.7353 0.7353 0.7353
v 473.690216 -210.044418 -65.872574 0.7353 0.7353 0.7353
v 473.307861 -218.064331 -64.263397 0.7353 0.7353 0.7353
v 472.925507 -226.084244 -62.654221 0.7353 0.7353 0.7353
v 472.548950 -234.006104 -60.554787 0.7353 0.7353 0.7353
v 503.000641 -180.098862 -72.005974 0.7353 0.7353 0.7353
v 502.376404 -188.167282 -70.853500 0.7353 0.7353 0.7353
v 501.764069 -196.135666 -69.211266 0.7353 0.7353 0.7353
v 501.151703 -204.104050 -67.569046 0.7353 0.7353 0.7353
v 500.539398 -212.072449 -65.926819 0.7353 0.7353 0.7353
v 499.927063 -220.040833 -64.284592 0.7353 0.7353 0.7353
v 499.314728 -228.009201 -62.642361 0.7353 0.7353 0.7353
v 498.709259 -235.877167 -60.510368 0.7353 0.7353 0.7353
v 530.880981 -183.196518 -72.075027 0.7353 0.7353 0.7353
v 530.012939 -191.204712 -70.889381 0.7353 0.7353 0.7353
v 529.158081 -199.110657 -69.214485 0.7353 0.7353 0.7353
v 528.303162 -207.016617 -67.539589 0.7353 0.7353 0.7353
v 527.448364 -214.922562 -65.864685 0.7353 0.7353 0.7353
v 526.593506 -222.828522 -64.189774 0.7353 0.7353 0.7353
v 525.738647 -230.734467 -62.514874 0.7353 0.7353 0.7353
v 524.891846 -238.537628 -60.350712 0.7353 0.7353 0.7353
v 558.849060 -187.225037 -72.015755 0.7353 0.7353 0.7353
v 557.724121 -195.160614 -70.797577 0.7353 0.7353 0.7353
v 556.613892 -202.991730 -69.090652 0.7353 0.7353 0.7353
v 555.503662 -210.822845 -67.383713 0.7353 0.7353 0.7353
v 554.393494 -218.653961 -65.676788 0.7353 0.7353 0.7353
v 553.283264 -226.485062 -63.969860 0.7353 0.7353 0.7353
v 552.173096 -234.316177 -62.262928 0.7353 0.7353 0.7353
v 551.072327 -242.042084 -60.067276 0.7353 0.7353 0.7353
v 586.875549 -192.254425 -71.816925 0.7353 0.7353 0.7353
v 585.480530 -200.103302 -70.567139 0.7353 0.7353 0.7353
v 584.101990 -207.845490 -68.829140 0.7353 0.7353 0.7353
v 582.723389 -215.587677 -67.091141 0.7353 0.7353 0.7353
v 581.344910 -223.329880 -65.353134 0.7353 0.7353 0.7353
v 579.966309 -231.072067 -63.615128 0.7353 0.7353 0.7353
v 578.587830 -238.814285 -61.877121 0.7353 0.7353 0.7353
v 577.220398 -246.448853 -59.650959 0.7353 0.7353 0.7353
v 614.921204 -198.359253 -71.466454 0.7353 0.7353 0.7353
v 613.243042 -206.105499 -70.186333 0.7353 0.7353 0.7353
v 611.583313 -213.742859 -68.418556 0.7353 0.7353 0.7353
v 609.923645 -221.380234 -66.650764 0.7353 0.7353 0.7353
v 608.263977 -229.017609 -64.882988 0.7353 0.7353 0.7353
v 606.604309 -236.654984 -63.115204 0.7353 0.7353 0.7353
v 604.944702 -244.292358 -61.347420 0.7353 0.7353 0.7353
v 603.298096 -251.819702 -59.092064 0.7353 0.7353 0.7353
v 642.937256 -205.615524 -70.951767 0.7353 0.7353 0.7353
v 640.963318 -213.241226 -69.642975 0.7353 0.7353 0.7353
v 639.010193 -220.755920 -67.847092 0.7353 0.7353 0.7353
v 637.057068 -228.270599 -66.051216 0.7353 0.7353 0.7353
v 635.103882 -235.785294 -64.255341 0.7353 0.7353 0.7353
v 633.150757 -243.299988 -62.459465 0.7353 0.7353 0.7353
v 631.197693 -250.814697 -60.663586 0.7353 0.7353 0.7353
v 629.259888 -258.216980 -58.380741 0.7353 0.7353 0.7353
v 670.861877 -214.102371 -70.259735 0.7353 0.7353 0.7353
v 668.580444 -221.587555 -68.924355 0.7353 0.7353 0.7353
v 666.322327 -228.959656 -67.102478 0.7353 0.7353 0.7353
v 664.064270 -236.331757 -65.280609 0.7353 0.7353 0.7353
v 661.806274 -243.703857 -63.458729 0.7353 0.7353 0.7353
v 659.548279 -251.075989 -61.636852 0.7353 0.7353 0.7353
v 657.290283 -258.448090 -59.814972 0.7353 0.7353 0.7353
v 655.050232 -265.705505 -57.506756 0.7353 0.7353 0.7353
v 698.618958 -223.896713 -69.377319 0.7353 0.7353 0.7353
v 696.019592 -231.219269 -68.017868 0.7353 0.7353 0.7353
v 693.446594 -238.426849 -66.172539 0.7353 0.7353 0.7353
v 690.873718 -245.634430 -64.327202 0.7353 0.7353 0.7353
v 688.300720 -252.842026 -62.481865 0.7353 0.7353 0.7353
v 685.727844 -260.049591 -60.636528 0.7353 0.7353 0.7353
v 683.154968 -267.257233 -58.791183 0.7353 0.7353 0.7353
v 680.602966 -274.347900 -56.460148 0.7353 0.7353 0.7353
v 726.116455 -235.071930 -68.291855 0.7353 0.7353 0.7353
v 723.190918 -242.207825 -66.911316 0.7353 0.7353 0.7353
v 720.295105 -249.227005 -65.045509 0.7353 0.7353 0.7353
v 717.399353 -256.246185 -63.179695 0.7353 0.7353 0.7353
v 714.503540 -263.265350 -61.313885 0.7353 0.7353 0.7353
v 711.607788 -270.284546 -59.448067 0.7353 0.7353 0.7353
v 708.712036 -277.303741 -57.582249 0.7353 0.7353 0.7353
v 705.840515 -284.204010 -55.231380 0.7353 0.7353 0.7353
v 753.245239 -247.693954 -66.991554 0.7353 0.7353 0.7353
v 749.987854 -254.617416 -65.593353 0.7353 0.7353 0.7353
v 746.763977 -261.422638 -63.710476 0.7353 0.7353 0.7353
v 743.540100 -268.227814 -61.827610 0.7353 0.7353 0.7353
v 740.316162 -275.033051 -59.944736 0.7353 0.7353 0.7353
v 737.092285 -281.838287 -58.061859 0.7353 0.7353 0.7353
v 733.868408 -288.643494 -56.178982 0.7353 0.7353 0.7353
v 730.672668 -295.327972 -53.811707 0.7353 0.7353 0.7353
v 779.879028 -261.815094 -65.466553 0.7353 0.7353 0.7353
v 776.287720 -268.499054 -64.054497 0.7353 0.7353 0.7353
v 772.733948 -275.063477 -62.158382 0.7353 0.7353 0.7353
v 769.180115 -281.627930 -60.262268 0.7353 0.7353 0.7353
v 765.626343 -288.192383 -58.366146 0.7353 0.7353 0.7353
v 762.072571 -294.756836 -56.470024 0.7353 0.7353 0.7353
v 758.518860 -301.321320 -54.573898 0.7353 0.7353 0.7353
v 754.997375 -307.763489 -52.194027 0.7353 0.7353 0.7353
v 805.876099 -277.469543 -63.709476 0.7353 0.7353 0.7353
v 801.952820 -283.886292 -62.287720 0.7353 0.7353 0.7353
v 798.071472 -290.182617 -60.382496 0.7353 0.7353 0.7353
v 794.190186 -296.478912 -58.477268 0.7353 0.7353 0.7353
v 790.308899 -302.775238 -56.572037 0.7353 0.7353 0.7353
v 786.427734 -309.071594 -54.666801 0.7353 0.7353 0.7353
v 782.546509 -315.367950 -52.761566 0.7353 0.7353 0.7353
v 778.702026 -321.540771 -50.373215 0.7353 0.7353 0.7353
v 831.081604 -294.668518 -61.716393 0.7353 0.7353 0.7353
v 826.833191 -300.790588 -60.289303 0.7353 0.7353 0.7353
v 822.631470 -306.791687 -58.379318 0.7353 0.7353 0.7353
v 818.429871 -312.792816 -56.469330 0.7353 0.7353 0.7353
v 814.228149 -318.793945 -54.559338 0.7353 0.7353 0.7353
v 810.026550 -324.795074 -52.649342 0.7353 0.7353 0.7353
v 805.824951 -330.796265 -50.739346 0.7353 0.7353 0.7353
v 801.665039 -336.673065 -48.346851 0.7353 0.7353 0.7353
v 855.334106 -313.394653 -59.487556 0.7353 0.7353 0.7353
v 850.772400 -319.195862 -58.059593 0.7353 0.7353 0.7353
v 846.262573 -324.876007 -56.149277 0.7353 0.7353 0.7353
v 841.752747 -330.556183 -54.238964 0.7353 0.7353 0.7353
v 837.242920 -336.236359 -52.328640 0.7353 0.7353 0.7353
v 832.733093 -341.916565 -50.418316 0.7353 0.7353 0.7353
v 828.223389 -347.596771 -48.507992 0.7353 0.7353 0.7353
v 823.760681 -353.152252 -46.115749 0.7353 0.7353 0.7353
v 878.471863 -333.599640 -57.027996 0.7353 0.7353 0.7353
v 873.614075 -339.056213 -55.603550 0.7353 0.7353 0.7353
v 868.813538 -344.392090 -53.697262 0.7353 0.7353 0.7353
v 864.012939 -349.727997 -51.790970 0.7353 0.7353 0.7353
v 859.212402 -355.063904 -49.884674 0.7353 0.7353 0.7353
v 854.411865 -360.399841 -47.978374 0.7353 0.7353 0.7353
v 849.611389 -365.735809 -46.072071 0.7353 0.7353 0.7353
v 844.863525 -370.947144 -43.684402 0.7353 0.7353 0.7353
v 900.340820 -355.203094 -54.347584 0.7353 0.7353 0.7353
v 895.209106 -360.294769 -52.930820 0.7353 0.7353 0.7353
v 890.140137 -365.266632 -51.032681 0.7353 0.7353 0.7353
v 885.071167 -370.238525 -49.134537 0.7353 0.7353 0.7353
v 880.002258 -375.210449 -47.236393 0.7353 0.7353 0.7353
v 874.933289 -380.182373 -45.338245 0.7353 0.7353 0.7353
v 869.864319 -385.154297 -43.440094 0.7353 0.7353 0.7353
v 864.853943 -390.002258 -41.061077 0.7353 0.7353 0.7353
v 920.804626 -378.095276 -51.460926 0.7353 0.7353 0.7353
v 915.425415 -382.806274 -50.055634 0.7353 0.7353 0.7353
v 910.114624 -387.398895 -48.169388 0.7353 0.7353 0.7353
v 904.803833 -391.991486 -46.283146 0.7353 0.7353 0.7353
v 899.493042 -396.584137 -44.396896 0.7353 0.7353 0.7353
v 894.182312 -401.176788 -42.510643 0.7353 0.7353 0.7353
v 888.871521 -405.769470 -40.624390 0.7353 0.7353 0.7353
v 883.625244 -410.239349 -38.257732 0.7353 0.7353 0.7353
v 939.750916 -402.141754 -48.386509 0.7353 0.7353 0.7353
v 934.153992 -406.461517 -46.995995 0.7353 0.7353 0.7353
v 928.631226 -410.664764 -45.124916 0.7353 0.7353 0.7353
v 923.108398 -414.868011 -43.253834 0.7353 0.7353 0.7353
v 917.585632 -419.071320 -41.382748 0.7353 0.7353 0.7353
v 912.062927 -423.274628 -39.511658 0.7353 0.7353 0.7353
v 906.540161 -427.477936 -37.640568 0.7353 0.7353 0.7353
v 901.087952 -431.560211 -35.289478 0.7353 0.7353 0.7353
v 957.097412 -427.191620 -45.145786 0.7353 0.7353 0.7353
v 951.314758 -431.114990 -43.772820 0.7353 0.7353 0.7353
v 945.611877 -434.924286 -41.919624 0.7353 0.7353 0.7353
v 939.909119 -438.733551 -40.066429 0.7353 0.7353 0.7353
v 934.206238 -442.542877 -38.213226 0.7353 0.7353 0.7353
v 928.503418 -446.352173 -36.360023 0.7353 0.7353 0.7353
v 922.800720 -450.161530 -34.506817 0.7353 0.7353 0.7353
v 917.174377 -453.852081 -32.173969 0.7353 0.7353 0.7353
v 972.794800 -453.085449 -41.761890 0.7353 0.7353 0.7353
v 966.859253 -456.612732 -40.408684 0.7353 0.7353 0.7353
v 961.009033 -460.028717 -38.575546 0.7353 0.7353 0.7353
v 955.158936 -463.444763 -36.742397 0.7353 0.7353 0.7353
v 949.308777 -466.860809 -34.909248 0.7353 0.7353 0.7353
v 943.458618 -470.276886 -33.076096 0.7353 0.7353 0.7353
v 937.608459 -473.692993 -31.242941 0.7353 0.7353 0.7353
v 931.840820 -476.993011 -28.930456 0.7353 0.7353 0.7353
v 986.824646 -479.665283 -38.258347 0.7353 0.7353 0.7353
v 980.768677 -482.801666 -36.926601 0.7353 0.7353 0.7353
v 974.803528 -485.830017 -35.115162 0.7353 0.7353 0.7353
v 968.838318 -488.858398 -33.303722 0.7353 0.7353 0.7353
v 962.873169 -491.886780 -31.492279 0.7353 0.7353 0.7353
v 956.908081 -494.915192 -29.680832 0.7353 0.7353 0.7353
v 950.942932 -497.943634 -27.869383 0.7353 0.7353 0.7353
v 945.065979 -500.859222 -25.578861 0.7353 0.7353 0.7353
v 999.198364 -506.779968 -34.658176 0.7353 0.7353 0.7353
v 993.053101 -509.534851 -33.349136 0.7353 0.7353 0.7353
v 987.003906 -512.185303 -31.560619 0.7353 0.7353 0.7353
v 980.954590 -514.835754 -29.772100 0.7353 0.7353 0.7353
v 974.905334 -517.486267 -27.983578 0.7353 0.7353 0.7353
v 968.856140 -520.136780 -26.195051 0.7353 0.7353 0.7353
v 962.806885 -522.787354 -24.406521 0.7353 0.7353 0.7353
v 956.851318 -525.328613 -22.139132 0.7353 0.7353 0.7353
v 1009.949829 -534.291199 -30.983139 0.7353 0.7353 0.7353
v 1003.744263 -536.677246 -29.697721 0.7353 0.7353 0.7353
v 997.639709 -538.962830 -27.932999 0.7353 0.7353 0.7353
v 991.535034 -541.248413 -26.168272 0.7353 0.7353 0.7353
v 985.430420 -543.533997 -24.403543 0.7353 0.7353 0.7353
v 979.325806 -545.819702 -22.638811 0.7353 0.7353 0.7353
v 973.221191 -548.105286 -20.874075 0.7353 0.7353 0.7353
v 967.215515 -550.285767 -18.630642 0.7353 0.7353 0.7353
v 1019.130676 -562.078064 -27.253147 0.7353 0.7353 0.7353
v 1012.891235 -564.110352 -25.992027 0.7353 0.7353 0.7353
v 1006.757202 -566.046326 -24.251734 0.7353 0.7353 0.7353
v 1000.623230 -567.982361 -22.511436 0.7353 0.7353 0.7353
v 994.489258 -569.918457 -20.771137 0.7353 0.7353 0.7353
v 988.355286 -571.854492 -19.030834 0.7353 0.7353 0.7353
v 982.221313 -573.790527 -17.290529 0.7353 0.7353 0.7353
v 976.191284 -575.625671 -15.071646 0.7353 0.7353 0.7353
v 1026.803101 -590.037537 -23.486156 0.7353 0.7353 0.7353
v 1020.553101 -591.732483 -22.249874 0.7353 0.7353 0.7353
v 1014.412842 -593.335571 -20.534510 0.7353 0.7353 0.7353
v 1008.272583 -594.938660 -18.819141 0.7353 0.7353 0.7353
v 1002.132385 -596.541748 -17.103773 0.7353 0.7353 0.7353
v 995.992126 -598.144836 -15.388402 0.7353 0.7353 0.7353
v 989.851868 -599.747986 -13.673027 0.7353 0.7353 0.7353
v 983.820129 -601.254822 -11.479149 0.7353 0.7353 0.7353
v 1033.035889 -618.082825 -19.698618 0.7353 0.7353 0.7353
v 1026.795654 -619.457336 -18.487665 0.7353 0.7353 0.7353
v 1020.669312 -620.744629 -16.797686 0.7353 0.7353 0.7353
v 1014.542908 -622.031982 -15.107702 0.7353 0.7353 0.7353
v 1008.416443 -623.319397 -13.417718 0.7353 0.7353 0.7353
v 1002.290039 -624.606812 -11.727731 0.7353 0.7353 0.7353
v 996.163696 -625.894165 -10.037741 0.7353 0.7353 0.7353
v 990.149963 -627.090088 -7.869274 0.7353 0.7353 0.7353
v 1037.897583 -646.144714 -15.905393 0.7353 0.7353 0.7353
v 1031.684692 -647.215515 -14.720289 0.7353 0.7353 0.7353
v 1025.589355 -648.204102 -13.056167 0.7353 0.7353 0.7353
v 1019.494019 -649.192566 -11.392042 0.7353 0.7353 0.7353
v 1013.398682 -650.181091 -9.727916 0.7353 0.7353 0.7353
v 1007.303284 -651.169678 -8.063787 0.7353 0.7353 0.7353
v 1001.207947 -652.158264 -6.399655 0.7353 0.7353 0.7353
v 995.229126 -653.060486 -4.257024 0.7353 0.7353 0.7353
v 1041.453979 -674.167847 -12.120616 0.7353 0.7353 0.7353
v 1035.283447 -674.950806 -10.961957 0.7353 0.7353 0.7353
v 1029.233765 -675.656616 -9.324238 0.7353 0.7353 0.7353
v 1023.184021 -676.362366 -7.686517 0.7353 0.7353 0.7353
v 1017.134216 -677.068176 -6.048793 0.7353 0.7353 0.7353
v 1011.084412 -677.773987 -4.411067 0.7353 0.7353 0.7353
v 1005.034668 -678.479797 -2.773340 0.7353 0.7353 0.7353
v 999.104919 -679.104553 -0.657035 0.7353 0.7353 0.7353
v 1043.764526 -702.109436 -8.358346 0.7353 0.7353 0.7353
v 1037.649048 -702.618835 -7.226832 0.7353 0.7353 0.7353
v 1031.656982 -703.056458 -5.616159 0.7353 0.7353 0.7353
v 1025.665039 -703.494019 -4.005485 0.7353 0.7353 0.7353
v 1019.672974 -703.931641 -2.394808 0.7353 0.7353 0.7353
v 1013.680969 -704.369263 -0.784130 0.7353 0.7353 0.7353
v 1007.688965 -704.806885 0.826550 0.7353 0.7353 0.7353
v 1001.820068 -705.169067 2.915946 0.7353 0.7353 0.7353
v 1044.878662 -729.937683 -4.633606 0.7353 0.7353 0.7353
v 1038.828735 -730.186707 -3.529964 0.7353 0.7353 0.7353
v 1032.904663 -730.368530 -1.947078 0.7353 0.7353 0.7353
v 1026.980469 -730.550415 -0.364192 0.7353 0.7353 0.7353
v 1021.056396 -730.732239 1.218696 0.7353 0.7353 0.7353
v 1015.132324 -730.914062 2.801586 0.7353 0.7353 0.7353
v 1009.208191 -731.095886 4.384476 0.7353 0.7353 0.7353
v 1003.409668 -731.207825 6.446265 0.7353 0.7353 0.7353
v 1044.620605 -755.877258 -1.033093 0.7353 0.7353 0.7353
v 1038.654663 -755.831543 0.023887 0.7353 0.7353 0.7353
v 1032.815430 -755.722290 1.560319 0.7353 0.7353 0.7353
v 1026.976318 -755.613037 3.096750 0.7353 0.7353 0.7353
v 1021.137085 -755.503845 4.633181 0.7353 0.7353 0.7353
v 1015.297974 -755.394592 6.169613 0.7353 0.7353 0.7353
v 1009.458801 -755.285278 7.706044 0.7353 0.7353 0.7353
v 1003.746460 -755.112000 9.721873 0.7353 0.7353 0.7353
v 1042.048706 -782.544800 3.081491 0.7353 0.7353 0.7353
v 1036.224976 -782.090149 4.040656 0.7353 0.7353 0.7353
v 1030.527588 -781.578796 5.480252 0.7353 0.7353 0.7353
v 1024.830322 -781.067444 6.919847 0.7353 0.7353 0.7353
v 1019.132935 -780.556030 8.359441 0.7353 0.7353 0.7353
v 1013.435608 -780.044617 9.799034 0.7353 0.7353 0.7353
v 1007.738342 -779.533264 11.238626 0.7353 0.7353 0.7353
v 1002.167419 -778.966125 13.158776 0.7353 0.7353 0.7353
v 1037.117310 -814.485046 7.803939 0.7353 0.7353 0.7353
v 1031.460693 -813.657471 8.671081 0.7353 0.7353 0.7353
v 1025.929077 -812.782410 10.020021 0.7353 0.7353 0.7353
v 1020.397522 -811.907288 11.368962 0.7353 0.7353 0.7353
v 1014.865906 -811.032227 12.717902 0.7353 0.7353 0.7353
v 1009.334351 -810.157166 14.066841 0.7353 0.7353 0.7353
v 1003.802734 -809.282104 15.415781 0.7353 0.7353 0.7353
v 998.396057 -808.360413 17.246632 0.7353 0.7353 0.7353
v 1030.828125 -844.346313 12.101962 0.7353 0.7353 0.7353
v 1025.326538 -843.220154 12.895300 0.7353 0.7353 0.7353
v 1019.948120 -842.054199 14.171594 0.7353 0.7353 0.7353
v 1014.569641 -840.888245 15.447886 0.7353 0.7353 0.7353
v 1009.191223 -839.722290 16.724180 0.7353 0.7353 0.7353
v 1003.812805 -838.556335 18.000473 0.7353 0.7353 0.7353
v 998.434387 -837.390381 19.276764 0.7353 0.7353 0.7353
v 993.179016 -836.185486 21.036114 0.7353 0.7353 0.7353
v 1023.241028 -873.088806 16.174511 0.7353 0.7353 0.7353
v 1017.891846 -871.697083 16.902859 0.7353 0.7353 0.7353
v 1012.664001 -870.272400 18.115177 0.7353 0.7353 0.7353
v 1007.436035 -868.847717 19.327494 0.7353 0.7353 0.7353
v 1002.208130 -867.422974 20.539810 0.7353 0.7353 0.7353
v 996.980225 -865.998230 21.752127 0.7353 0.7353 0.7353
v 991.752258 -864.573547 22.964441 0.7353 0.7353 0.7353
v 986.645447 -863.116577 24.660820 0.7353 0.7353 0.7353
v 1014.361389 -901.030640 20.094379 0.7353 0.7353 0.7353
v 1009.166992 -899.396790 20.763420 0.7353 0.7353 0.7353
v 1004.092346 -897.730286 21.916828 0.7353 0.7353 0.7353
v 999.017700 -896.063904 23.070238 0.7353 0.7353 0.7353
v 993.942993 -894.397400 24.223644 0.7353 0.7353 0.7353
v 988.868408 -892.730896 25.377050 0.7353 0.7353 0.7353
v 983.793762 -891.064331 26.530457 0.7353 0.7353 0.7353
v 978.837769 -889.368652 28.168703 0.7353 0.7353 0.7353
v 1004.330811 -928.259705 24.556389 0.7353 0.7353 0.7353
v 999.285950 -926.401611 25.120447 0.7353 0.7353 0.7353
v 994.359131 -924.506042 26.168932 0.7353 0.7353 0.7353
v 989.432312 -922.610474 27.217417 0.7353 0.7353 0.7353
v 984.505432 -920.714844 28.265902 0.7353 0.7353 0.7353
v 979.578674 -918.819214 29.314384 0.7353 0.7353 0.7353
v 974.651855 -916.923584 30.362865 0.7353 0.7353 0.7353
v 969.840454 -914.998047 31.896946 0.7353 0.7353 0.7353
v 1000.154053 -938.550110 26.402666 0.7353 0.7353 0.7353
v 995.283386 -936.570068 27.399784 0.7353 0.7353 0.7353
v 990.412720 -934.590088 28.396904 0.7353 0.7353 0.7353
v 985.542053 -932.610107 29.394022 0.7353 0.7353 0.7353
v 980.671387 -930.630127 30.391140 0.7353 0.7353 0.7353
v 975.800720 -928.650146 31.388258 0.7353 0.7353 0.7353
v 970.930054 -926.670105 32.385376 0.7353 0.7353 0.7353
v 966.059387 -924.690125 33.382496 0.7353 0.7353 0.7353
v 34.006588 -347.999115 -55.324135 0.7353 0.7353 0.7353
v 34.004601 -356.570526 -55.339134 0.7353 0.7353 0.7353
v 34.002617 -365.141937 -55.354134 0.7353 0.7353 0.7353
v 34.000629 -373.713348 -55.369129 0.7353 0.7353 0.7353
v 33.998646 -382.284760 -55.384129 0.7353 0.7353 0.7353
v 33.996658 -390.856201 -55.399128 0.7353 0.7353 0.7353
v 33.994675 -399.427612 -55.414124 0.7353 0.7353 0.7353
v 33.992687 -407.999023 -55.429123 0.7353 0.7353 0.7353
v 60.093994 -348.017334 -53.899422 0.7353 0.7353 0.7353
v 60.095722 -356.585358 -54.397003 0.7353 0.7353 0.7353
v 60.071026 -365.152802 -54.395283 0.7353 0.7353 0.7353
v 60.046326 -373.720215 -54.393562 0.7353 0.7353 0.7353
v 60.021629 -382.287689 -54.391842 0.7353 0.7353 0.7353
v 59.996933 -390.855133 -54.390121 0.7353 0.7353 0.7353
v 59.972237 -399.422577 -54.388397 0.7353 0.7353 0.7353
v 59.916775 -407.989410 -53.887619 0.7353 0.7353 0.7353
v 85.884895 -348.042572 -52.577778 0.7353 0.7353 0.7353
v 85.870979 -356.602814 -53.029984 0.7353 0.7353 0.7353
v 85.832039 -365.159882 -52.982822 0.7353 0.7353 0.7353
v 85.793098 -373.716919 -52.935661 0.7353 0.7353 0.7353
v 85.754150 -382.273987 -52.888493 0.7353 0.7353 0.7353
v 85.715210 -390.831085 -52.841324 0.7353 0.7353 0.7353
v 85.676277 -399.388123 -52.794151 0.7353 0.7353 0.7353
v 85.604614 -407.941986 -52.248055 0.7353 0.7353 0.7353
v 111.483574 -348.061951 -51.323814 0.7353 0.7353 0.7353
v 111.459969 -356.610535 -51.709641 0.7353 0.7353 0.7353
v 111.412323 -365.152100 -51.596085 0.7353 0.7353 0.7353
v 111.364677 -373.693665 -51.482521 0.7353 0.7353 0.7353
v 111.317024 -382.235260 -51.368958 0.7353 0.7353 0.7353
v 111.269379 -390.776825 -51.255390 0.7353 0.7353 0.7353
v 111.221725 -399.318390 -51.141815 0.7353 0.7353 0.7353
v 111.139771 -407.852875 -50.529461 0.7353 0.7353 0.7353
v 136.944199 -348.065887 -50.118427 0.7353 0.7353 0.7353
v 136.915268 -356.599304 -50.421642 0.7353 0.7353 0.7353
v 136.863007 -365.120880 -50.225533 0.7353 0.7353 0.7353
v 136.810730 -373.642456 -50.029415 0.7353 0.7353 0.7353
v 136.758469 -382.164062 -49.833290 0.7353 0.7353 0.7353
v 136.706207 -390.685638 -49.637161 0.7353 0.7353 0.7353
v 136.653931 -399.207214 -49.441025 0.7353 0.7353 0.7353
v 136.566055 -407.716919 -48.746284 0.7353 0.7353 0.7353
v 162.297546 -348.046722 -48.950699 0.7353 0.7353 0.7353
v 162.266739 -356.561584 -49.158405 0.7353 0.7353 0.7353
v 162.213150 -365.059021 -48.866917 0.7353 0.7353 0.7353
v 162.159576 -373.556427 -48.575417 0.7353 0.7353 0.7353
v 162.106003 -382.053864 -48.283913 0.7353 0.7353 0.7353
v 162.052414 -390.551270 -47.992397 0.7353 0.7353 0.7353
v 161.998856 -399.048737 -47.700874 0.7353 0.7353 0.7353
v 161.908569 -407.528656 -46.910992 0.7353 0.7353 0.7353
v 187.562256 -347.997864 -47.814346 0.7353 0.7353 0.7353
v 187.532501 -356.490814 -47.916145 0.7353 0.7353 0.7353
v 187.480469 -364.960114 -47.518978 0.7353 0.7353 0.7353
v 187.428436 -373.429382 -47.121799 0.7353 0.7353 0.7353
v 187.376404 -381.898651 -46.724609 0.7353 0.7353 0.7353
v 187.324371 -390.367981 -46.327412 0.7353 0.7353 0.7353
v 187.272324 -398.837250 -45.930210 0.7353 0.7353 0.7353
v 187.182724 -407.282837 -45.034958 0.7353 0.7353 0.7353
v 212.749771 -347.913422 -46.706074 0.7353 0.7353 0.7353
v 212.723740 -356.381134 -46.693600 0.7353 0.7353 0.7353
v 212.675873 -364.818481 -46.182507 0.7353 0.7353 0.7353
v 212.628006 -373.255768 -45.671406 0.7353 0.7353 0.7353
v 212.580139 -381.693054 -45.160294 0.7353 0.7353 0.7353
v 212.532257 -390.130341 -44.649170 0.7353 0.7353 0.7353
v 212.484390 -398.567627 -44.138031 0.7353 0.7353 0.7353
v 212.398254 -406.974487 -43.129269 0.7353 0.7353 0.7353
v 237.866440 -347.787689 -45.624584 0.7353 0.7353 0.7353
v 237.846725 -356.226898 -45.491238 0.7353 0.7353 0.7353
v 237.805557 -364.628479 -44.859741 0.7353 0.7353 0.7353
v 237.764389 -373.030060 -44.228230 0.7353 0.7353 0.7353
v 237.723236 -381.431641 -43.596710 0.7353 0.7353 0.7353
v 237.682053 -389.833221 -42.965176 0.7353 0.7353 0.7353
v 237.640884 -398.234802 -42.333633 0.7353 0.7353 0.7353
v 237.560959 -406.598755 -41.204987 0.7353 0.7353 0.7353
v 262.915009 -347.615143 -44.570179 0.7353 0.7353 0.7353
v 262.904175 -356.022614 -44.310947 0.7353 0.7353 0.7353
v 262.872345 -364.384888 -43.554180 0.7353 0.7353 0.7353
v 262.840454 -372.747192 -42.797390 0.7353 0.7353 0.7353
v 262.808624 -381.109497 -42.040596 0.7353 0.7353 0.7353
v 262.776733 -389.471771 -41.283787 0.7353 0.7353 0.7353
v 262.744873 -397.834045 -40.526958 0.7353 0.7353 0.7353
v 262.673950 -406.151215 -39.273682 0.7353 0.7353 0.7353
v 287.894806 -347.390015 -43.544399 0.7353 0.7353 0.7353
v 287.895721 -355.762604 -43.155800 0.7353 0.7353 0.7353
v 287.875977 -364.082275 -42.270409 0.7353 0.7353 0.7353
v 287.856201 -372.401917 -41.385006 0.7353 0.7353 0.7353
v 287.836426 -380.721588 -40.499592 0.7353 0.7353 0.7353
v 287.816620 -389.041260 -39.614162 0.7353 0.7353 0.7353
v 287.796875 -397.360870 -38.728718 0.7353 0.7353 0.7353
v 287.737946 -405.627655 -37.347591 0.7353 0.7353 0.7353
v 312.802368 -347.106171 -42.549988 0.7353 0.7353 0.7353
v 312.818146 -355.441040 -42.030079 0.7353 0.7353 0.7353
v 312.813660 -363.715057 -41.014271 0.7353 0.7353 0.7353
v 312.809174 -371.989014 -39.998451 0.7353 0.7353 0.7353
v 312.804718 -380.263031 -38.982620 0.7353 0.7353 0.7353
v 312.800232 -388.536987 -37.966766 0.7353 0.7353 0.7353
v 312.795715 -396.810974 -36.950909 0.7353 0.7353 0.7353
v 312.752197 -405.024170 -35.440254 0.7353 0.7353 0.7353
v 337.630249 -346.756531 -41.590923 0.7353 0.7353 0.7353
v 337.664703 -355.051147 -40.939392 0.7353 0.7353 0.7353
v 337.679382 -363.276917 -39.792995 0.7353 0.7353 0.7353
v 337.694031 -371.502625 -38.646587 0.7353 0.7353 0.7353
v 337.708679 -379.728363 -37.500164 0.7353 0.7353 0.7353
v 337.723297 -387.954102 -36.353725 0.7353 0.7353 0.7353
v 337.737915 -396.179810 -35.207275 0.7353 0.7353 0.7353
v 337.713928 -404.336823 -33.567043 0.7353 0.7353 0.7353
v 362.366241 -346.332367 -40.672630 0.7353 0.7353 0.7353
v 362.424316 -354.584747 -39.891006 0.7353 0.7353 0.7353
v 362.463043 -362.760284 -38.615673 0.7353 0.7353 0.7353
v 362.501740 -370.935822 -37.340324 0.7353 0.7353 0.7353
v 362.540405 -379.111359 -36.064964 0.7353 0.7353 0.7353
v 362.579132 -387.286865 -34.789593 0.7353 0.7353 0.7353
v 362.617798 -395.462372 -33.514206 0.7353 0.7353 0.7353
v 362.618591 -403.561279 -31.746145 0.7353 0.7353 0.7353
v 386.991425 -345.822388 -39.802433 0.7353 0.7353 0.7353
v 387.080017 -354.031250 -38.894447 0.7353 0.7353 0.7353
v 387.149628 -362.155548 -37.494003 0.7353 0.7353 0.7353
v 387.219177 -370.279846 -36.093548 0.7353 0.7353 0.7353
v 387.288788 -378.404114 -34.693081 0.7353 0.7353 0.7353
v 387.358337 -386.528412 -33.292599 0.7353 0.7353 0.7353
v 387.427887 -394.652679 -31.892105 0.7353 0.7353 0.7353
v 387.460419 -402.692688 -30.000126 0.7353 0.7353 0.7353
v 410.598724 -345.223907 -39.003700 0.7353 0.7353 0.7353
v 410.727478 -353.389709 -37.978161 0.7353 0.7353 0.7353
v 410.843262 -361.464325 -36.461121 0.7353 0.7353 0.7353
v 410.959076 -369.538971 -34.944080 0.7353 0.7353 0.7353
v 411.074860 -377.613586 -33.427032 0.7353 0.7353 0.7353
v 411.190674 -385.688202 -31.909979 0.7353 0.7353 0.7353
v 411.306488 -393.762817 -30.392920 0.7353 0.7353 0.7353
v 411.396942 -401.746429 -28.384726 0.7353 0.7353 0.7353
v 441.306335 -344.920532 -38.624557 0.7353 0.7353 0.7353
v 441.175079 -353.044830 -37.550690 0.7353 0.7353 0.7353
v 441.037231 -361.073578 -35.986084 0.7353 0.7353 0.7353
v 440.899414 -369.102325 -34.421474 0.7353 0.7353 0.7353
v 440.761597 -377.131073 -32.856865 0.7353 0.7353 0.7353
v 440.623779 -385.159790 -31.292248 0.7353 0.7353 0.7353
v 440.486053 -393.188507 -29.727631 0.7353 0.7353 0.7353
v 440.334656 -401.121582 -27.672438 0.7353 0.7353 0.7353
v 467.226440 -345.434143 -38.196861 0.7353 0.7353 0.7353
v 466.852203 -353.512177 -37.085938 0.7353 0.7353 0.7353
v 466.472015 -361.491577 -35.484859 0.7353 0.7353 0.7353
v 466.091888 -369.471008 -33.883774 0.7353 0.7353 0.7353
v 465.711792 -377.450470 -32.282692 0.7353 0.7353 0.7353
v 465.331665 -385.429871 -30.681604 0.7353 0.7353 0.7353
v 464.951599 -393.409332 -29.080513 0.7353 0.7353 0.7353
v 464.558411 -401.289856 -26.989468 0.7353 0.7353 0.7353
v 490.196106 -346.528564 -37.705715 0.7353 0.7353 0.7353
v 489.592804 -354.555206 -36.561935 0.7353 0.7353 0.7353
v 488.984100 -362.480530 -34.928558 0.7353 0.7353 0.7353
v 488.375397 -370.405823 -33.295177 0.7353 0.7353 0.7353
v 487.766724 -378.331116 -31.661798 0.7353 0.7353 0.7353
v 487.158112 -386.256409 -30.028416 0.7353 0.7353 0.7353
v 486.549469 -394.181732 -28.395027 0.7353 0.7353 0.7353
v 485.927948 -402.005157 -26.272295 0.7353 0.7353 0.7353
v 513.017700 -348.258026 -37.105850 0.7353 0.7353 0.7353
v 512.172729 -356.222351 -35.929634 0.7353 0.7353 0.7353
v 511.323181 -364.082520 -34.264397 0.7353 0.7353 0.7353
v 510.473663 -371.942688 -32.599155 0.7353 0.7353 0.7353
v 509.624146 -379.802887 -30.933914 0.7353 0.7353 0.7353
v 508.774689 -387.663086 -29.268667 0.7353 0.7353 0.7353
v 507.925232 -395.523285 -27.603416 0.7353 0.7353 0.7353
v 507.063263 -403.278534 -25.449455 0.7353 0.7353 0.7353
v 535.663391 -350.656403 -36.392605 0.7353 0.7353 0.7353
v 534.564087 -358.546021 -35.184624 0.7353 0.7353 0.7353
v 533.461121 -366.328613 -33.488239 0.7353 0.7353 0.7353
v 532.358215 -374.111206 -31.791851 0.7353 0.7353 0.7353
v 531.255310 -381.893799 -30.095457 0.7353 0.7353 0.7353
v 530.152466 -389.676422 -28.399059 0.7353 0.7353 0.7353
v 529.049622 -397.459045 -26.702658 0.7353 0.7353 0.7353
v 527.934875 -405.133545 -24.518221 0.7353 0.7353 0.7353
v 558.102356 -353.759125 -35.561142 0.7353 0.7353 0.7353
v 556.735779 -361.559967 -34.322384 0.7353 0.7353 0.7353
v 555.366760 -369.250885 -32.595863 0.7353 0.7353 0.7353
v 553.997864 -376.941772 -30.869339 0.7353 0.7353 0.7353
v 552.628906 -384.632660 -29.142809 0.7353 0.7353 0.7353
v 551.260010 -392.323578 -27.416273 0.7353 0.7353 0.7353
v 549.891174 -400.014496 -25.689735 0.7353 0.7353 0.7353
v 548.511292 -407.594025 -23.475882 0.7353 0.7353 0.7353
v 580.299255 -357.602875 -34.606625 0.7353 0.7353 0.7353
v 578.652527 -365.299103 -33.338413 0.7353 0.7353 0.7353
v 577.005127 -372.882355 -31.583118 0.7353 0.7353 0.7353
v 575.357727 -380.465668 -29.827818 0.7353 0.7353 0.7353
v 573.710327 -388.048950 -28.072514 0.7353 0.7353 0.7353
v 572.063049 -395.632263 -26.317204 0.7353 0.7353 0.7353
v 570.415710 -403.215546 -24.561888 0.7353 0.7353 0.7353
v 568.758606 -410.684082 -22.320017 0.7353 0.7353 0.7353
v 602.216309 -362.223358 -33.524639 0.7353 0.7353 0.7353
v 600.277283 -369.797150 -32.228695 0.7353 0.7353 0.7353
v 598.339478 -377.254974 -30.446373 0.7353 0.7353 0.7353
v 596.401672 -384.712830 -28.664045 0.7353 0.7353 0.7353
v 594.463928 -392.170654 -26.881714 0.7353 0.7353 0.7353
v 592.526245 -399.628540 -25.099375 0.7353 0.7353 0.7353
v 590.588562 -407.086395 -23.317028 0.7353 0.7353 0.7353
v 588.642700 -414.425995 -21.048931 0.7353 0.7353 0.7353
v 623.811218 -367.657715 -32.310722 0.7353 0.7353 0.7353
v 621.568420 -375.089172 -30.989174 0.7353 0.7353 0.7353
v 619.329224 -382.401733 -29.181990 0.7353 0.7353 0.7353
v 617.090027 -389.714294 -27.374800 0.7353 0.7353 0.7353
v 614.850952 -397.026855 -25.567600 0.7353 0.7353 0.7353
v 612.611877 -404.339447 -23.760393 0.7353 0.7353 0.7353
v 610.372864 -411.652008 -21.953180 0.7353 0.7353 0.7353
v 608.127625 -418.842804 -19.661051 0.7353 0.7353 0.7353
v 645.038635 -373.940918 -30.961042 0.7353 0.7353 0.7353
v 642.482178 -381.208252 -29.616472 0.7353 0.7353 0.7353
v 639.932129 -388.353638 -27.787022 0.7353 0.7353 0.7353
v 637.382019 -395.499084 -25.957567 0.7353 0.7353 0.7353
v 634.832031 -402.644531 -24.128103 0.7353 0.7353 0.7353
v 632.282043 -409.789978 -22.298628 0.7353 0.7353 0.7353
v 629.732117 -416.935455 -20.469145 0.7353 0.7353 0.7353
v 627.178528 -423.955658 -18.155617 0.7353 0.7353 0.7353
v 665.850403 -381.107025 -29.472260 0.7353 0.7353 0.7353
v 662.972351 -388.186340 -28.107693 0.7353 0.7353 0.7353
v 660.103882 -395.140930 -26.259026 0.7353 0.7353 0.7353
v 657.235474 -402.095551 -24.410347 0.7353 0.7353 0.7353
v 654.367126 -409.050140 -22.561659 0.7353 0.7353 0.7353
v 651.498840 -416.004791 -20.712963 0.7353 0.7353 0.7353
v 648.630615 -422.959473 -18.864254 0.7353 0.7353 0.7353
v 645.761719 -429.785370 -16.532394 0.7353 0.7353 0.7353
v 686.194641 -389.187988 -27.841599 0.7353 0.7353 0.7353
v 682.989746 -396.053833 -26.460503 0.7353 0.7353 0.7353
v 679.798279 -402.792267 -24.596088 0.7353 0.7353 0.7353
v 676.606812 -409.530731 -22.731661 0.7353 0.7353 0.7353
v 673.415466 -416.269196 -20.867226 0.7353 0.7353 0.7353
v 670.224060 -423.007690 -19.002777 0.7353 0.7353 0.7353
v 667.032776 -429.746216 -17.138319 0.7353 0.7353 0.7353
v 663.844482 -436.352661 -14.791614 0.7353 0.7353 0.7353
v 706.018311 -398.211914 -26.067348 0.7353 0.7353 0.7353
v 702.484802 -404.837524 -24.673588 0.7353 0.7353 0.7353
v 698.968994 -411.333344 -22.797289 0.7353 0.7353 0.7353
v 695.453247 -417.829163 -20.920977 0.7353 0.7353 0.7353
v 691.937622 -424.325012 -19.044655 0.7353 0.7353 0.7353
v 688.421997 -430.820892 -17.168320 0.7353 0.7353 0.7353
v 684.906433 -437.316803 -15.291969 0.7353 0.7353 0.7353
v 681.398071 -443.677521 -12.934281 0.7353 0.7353 0.7353
v 725.266846 -408.202637 -24.148739 0.7353 0.7353 0.7353
v 721.407166 -414.560730 -22.746504 0.7353 0.7353 0.7353
v 717.570007 -420.786926 -20.862495 0.7353 0.7353 0.7353
v 713.732910 -427.013123 -18.978476 0.7353 0.7353 0.7353
v 709.895874 -433.239410 -17.094444 0.7353 0.7353 0.7353
v 706.058838 -439.465668 -15.210398 0.7353 0.7353 0.7353
v 702.221985 -445.691986 -13.326335 0.7353 0.7353 0.7353
v 698.397095 -451.780334 -10.961825 0.7353 0.7353 0.7353
v 743.884583 -419.179108 -22.086178 0.7353 0.7353 0.7353
v 739.705750 -425.242676 -20.679878 0.7353 0.7353 0.7353
v 735.554871 -431.172607 -18.792547 0.7353 0.7353 0.7353
v 731.404114 -437.102600 -16.905205 0.7353 0.7353 0.7353
v 727.253357 -443.032654 -15.017848 0.7353 0.7353 0.7353
v 723.102600 -448.962738 -13.130476 0.7353 0.7353 0.7353
v 718.951965 -454.892853 -11.243088 0.7353 0.7353 0.7353
v 714.818909 -460.682617 -8.876108 0.7353 0.7353 0.7353
v 761.816284 -431.153229 -19.881414 0.7353 0.7353 0.7353
v 757.330627 -436.896545 -18.475544 0.7353 0.7353 0.7353
v 752.878784 -442.505035 -16.589348 0.7353 0.7353 0.7353
v 748.426880 -448.113617 -14.703137 0.7353 0.7353 0.7353
v 743.975037 -453.722229 -12.816912 0.7353 0.7353 0.7353
v 739.523315 -459.330872 -10.930671 0.7353 0.7353 0.7353
v 735.071655 -464.939575 -9.044413 0.7353 0.7353 0.7353
v 730.643677 -470.406067 -6.679368 0.7353 0.7353 0.7353
v 779.008057 -444.129456 -17.537668 0.7353 0.7353 0.7353
v 774.232971 -449.529266 -16.136646 0.7353 0.7353 0.7353
v 769.497864 -454.793640 -14.255954 0.7353 0.7353 0.7353
v 764.762756 -460.058044 -12.375247 0.7353 0.7353 0.7353
v 760.027771 -465.322510 -10.494526 0.7353 0.7353 0.7353
v 755.292786 -470.587036 -8.613787 0.7353 0.7353 0.7353
v 750.557922 -475.851593 -6.733030 0.7353 0.7353 0.7353
v 745.853455 -480.972748 -4.374226 0.7353 0.7353 0.7353
v 795.407166 -458.103088 -15.059822 0.7353 0.7353 0.7353
v 790.364929 -463.139648 -13.667843 0.7353 0.7353 0.7353
v 785.369263 -468.040741 -11.796788 0.7353 0.7353 0.7353
v 780.373657 -472.941895 -9.925718 0.7353 0.7353 0.7353
v 775.378052 -477.843079 -8.054635 0.7353 0.7353 0.7353
v 770.382568 -482.744354 -6.183534 0.7353 0.7353 0.7353
v 765.387146 -487.645660 -4.312414 0.7353 0.7353 0.7353
v 760.429321 -492.403107 -1.963901 0.7353 0.7353 0.7353
v 810.964478 -473.059418 -12.454383 0.7353 0.7353 0.7353
v 805.681702 -477.717407 -11.075261 0.7353 0.7353 0.7353
v 800.452271 -482.240662 -9.217593 0.7353 0.7353 0.7353
v 795.222961 -486.763977 -7.359912 0.7353 0.7353 0.7353
v 789.993591 -491.287354 -5.502214 0.7353 0.7353 0.7353
v 784.764343 -495.810760 -3.644500 0.7353 0.7353 0.7353
v 779.535156 -500.334229 -1.786768 0.7353 0.7353 0.7353
v 774.351135 -504.714111 0.547799 0.7353 0.7353 0.7353
v 825.634216 -488.972626 -9.729623 0.7353 0.7353 0.7353
v 820.140625 -493.242004 -8.366696 0.7353 0.7353 0.7353
v 814.707458 -497.377991 -6.525677 0.7353 0.7353 0.7353
v 809.274353 -501.514038 -4.684644 0.7353 0.7353 0.7353
v 803.841309 -505.650116 -2.843596 0.7353 0.7353 0.7353
v 798.408325 -509.786285 -1.002533 0.7353 0.7353 0.7353
v 792.975342 -513.922485 0.838549 0.7353 0.7353 0.7353
v 787.595276 -517.916260 3.156006 0.7353 0.7353 0.7353
v 839.375427 -505.805939 -6.895495 0.7353 0.7353 0.7353
v 833.703003 -509.682068 -5.551551 0.7353 0.7353 0.7353
v 828.098145 -513.426819 -3.729895 0.7353 0.7353 0.7353
v 822.493225 -517.171570 -1.908226 0.7353 0.7353 0.7353
v 816.888367 -520.916443 -0.086543 0.7353 0.7353 0.7353
v 811.283508 -524.661316 1.735155 0.7353 0.7353 0.7353
v 805.678772 -528.406250 3.556869 0.7353 0.7353 0.7353
v 800.134766 -532.010742 5.854602 0.7353 0.7353 0.7353
v 852.153748 -523.511658 -3.963449 0.7353 0.7353 0.7353
v 846.335327 -526.995178 -2.640721 0.7353 0.7353 0.7353
v 840.591248 -530.350037 -0.840586 0.7353 0.7353 0.7353
v 834.847229 -533.704895 0.959561 0.7353 0.7353 0.7353
v 829.103271 -537.059753 2.759721 0.7353 0.7353 0.7353
v 823.359314 -540.414734 4.559894 0.7353 0.7353 0.7353
v 817.615417 -543.769775 6.360083 0.7353 0.7353 0.7353
v 811.940063 -546.987061 8.636032 0.7353 0.7353 0.7353
v 863.940552 -542.033142 -0.946180 0.7353 0.7353 0.7353
v 858.008423 -545.129578 0.353617 0.7353 0.7353 0.7353
v 852.157471 -548.100708 2.130589 0.7353 0.7353 0.7353
v 846.306519 -551.071838 3.907572 0.7353 0.7353 0.7353
v 840.455627 -554.042969 5.684566 0.7353 0.7353 0.7353
v 834.604736 -557.014221 7.461574 0.7353 0.7353 0.7353
v 828.753845 -559.985413 9.238595 0.7353 0.7353 0.7353
v 822.979187 -562.822388 11.491209 0.7353 0.7353 0.7353
v 874.716125 -561.305237 2.142493 0.7353 0.7353 0.7353
v 868.701233 -564.024414 3.418088 0.7353 0.7353 0.7353
v 862.774109 -566.622009 5.170694 0.7353 0.7353 0.7353
v 856.846924 -569.219604 6.923310 0.7353 0.7353 0.7353
v 850.919861 -571.817261 8.675936 0.7353 0.7353 0.7353
v 844.992737 -574.414978 10.428574 0.7353 0.7353 0.7353
v 839.065674 -577.012695 12.181223 0.7353 0.7353 0.7353
v 833.222046 -579.480286 14.409383 0.7353 0.7353 0.7353
v 884.467346 -581.256653 5.287990 0.7353 0.7353 0.7353
v 878.398560 -583.611511 6.538456 0.7353 0.7353 0.7353
v 872.423706 -585.849060 8.265836 0.7353 0.7353 0.7353
v 866.448853 -588.086609 9.993223 0.7353 0.7353 0.7353
v 860.473999 -590.324219 11.720620 0.7353 0.7353 0.7353
v 854.499084 -592.561890 13.448028 0.7353 0.7353 0.7353
v 848.524292 -594.799561 15.175444 0.7353 0.7353 0.7353
v 842.639893 -596.911804 17.378366 0.7353 0.7353 0.7353
v 893.188721 -601.813293 8.475373 0.7353 0.7353 0.7353
v 887.092102 -603.819031 9.700026 0.7353 0.7353 0.7353
v 881.095276 -605.712219 11.401555 0.7353 0.7353 0.7353
v 875.098450 -607.605530 13.103091 0.7353 0.7353 0.7353
v 869.101624 -609.498779 14.804636 0.7353 0.7353 0.7353
v 863.104797 -611.392029 16.506189 0.7353 0.7353 0.7353
v 857.107971 -613.285400 18.207750 0.7353 0.7353 0.7353
v 851.208069 -615.058411 20.384880 0.7353 0.7353 0.7353
v 900.880249 -622.899658 11.689549 0.7353 0.7353 0.7353
v 894.779114 -624.572876 12.887843 0.7353 0.7353 0.7353
v 888.783142 -626.138733 14.563034 0.7353 0.7353 0.7353
v 882.787109 -627.704590 16.238234 0.7353 0.7353 0.7353
v 876.791077 -629.270508 17.913439 0.7353 0.7353 0.7353
v 870.795044 -630.836426 19.588650 0.7353 0.7353 0.7353
v 864.799072 -632.402405 21.263870 0.7353 0.7353 0.7353
v 858.905945 -633.853699 23.414785 0.7353 0.7353 0.7353
v 907.547913 -644.438721 14.915074 0.7353 0.7353 0.7353
v 901.462463 -645.796631 16.086512 0.7353 0.7353 0.7353
v 895.487061 -647.052612 17.734928 0.7353 0.7353 0.7353
v 889.511719 -648.308533 19.383350 0.7353 0.7353 0.7353
v 883.536316 -649.564575 21.031776 0.7353 0.7353 0.7353
v 877.560974 -650.820557 22.680210 0.7353 0.7353 0.7353
v 871.585571 -652.076660 24.328650 0.7353 0.7353 0.7353
v 865.718628 -653.224060 26.452972 0.7353 0.7353 0.7353
v 913.200134 -666.355896 18.136705 0.7353 0.7353 0.7353
v 907.147705 -667.415344 19.280773 0.7353 0.7353 0.7353
v 901.209900 -668.378601 20.901957 0.7353 0.7353 0.7353
v 895.272156 -669.341919 22.523144 0.7353 0.7353 0.7353
v 889.334351 -670.305237 24.144339 0.7353 0.7353 0.7353
v 883.396545 -671.268616 25.765537 0.7353 0.7353 0.7353
v 877.458801 -672.231995 27.386742 0.7353 0.7353 0.7353
v 871.634338 -673.092957 29.484072 0.7353 0.7353 0.7353
v 917.847290 -688.576965 21.338835 0.7353 0.7353 0.7353
v 911.842712 -689.353943 22.454943 0.7353 0.7353 0.7353
v 905.956787 -690.040894 24.048368 0.7353 0.7353 0.7353
v 900.070862 -690.727783 25.641796 0.7353 0.7353 0.7353
v 894.185059 -691.414734 27.235229 0.7353 0.7353 0.7353
v 888.299133 -692.101746 28.828669 0.7353 0.7353 0.7353
v 882.413208 -692.788757 30.422112 0.7353 0.7353 0.7353
v 876.645020 -693.380005 32.491985 0.7353 0.7353 0.7353
v 921.499512 -711.028137 24.505379 0.7353 0.7353 0.7353
v 915.555237 -711.537170 25.592840 0.7353 0.7353 0.7353
v 909.733215 -711.962646 27.157885 0.7353 0.7353 0.7353
v 903.911133 -712.388062 28.722933 0.7353 0.7353 0.7353
v 898.089050 -712.813477 30.287983 0.7353 0.7353 0.7353
v 892.267029 -713.238953 31.853039 0.7353 0.7353 0.7353
v 886.444946 -713.664429 33.418095 0.7353 0.7353 0.7353
v 880.744507 -714.001038 35.459953 0.7353 0.7353 0.7353
v 924.164185 -733.635010 27.619421 0.7353 0.7353 0.7353
v 918.290833 -733.888245 28.677343 0.7353 0.7353 0.7353
v 912.542480 -734.064880 30.213284 0.7353 0.7353 0.7353
v 906.794250 -734.241516 31.749228 0.7353 0.7353 0.7353
v 901.046021 -734.418213 33.285175 0.7353 0.7353 0.7353
v 895.297729 -734.594910 34.821121 0.7353 0.7353 0.7353
v 889.549438 -734.771545 36.357075 0.7353 0.7353 0.7353
v 883.926025 -734.867493 38.370430 0.7353 0.7353 0.7353
v 925.816528 -753.652954 30.227079 0.7353 0.7353 0.7353
v 920.032532 -753.612488 31.236355 0.7353 0.7353 0.7353
v 914.375183 -753.506653 32.724937 0.7353 0.7353 0.7353
v 908.717896 -753.400818 34.213520 0.7353 0.7353 0.7353
v 903.060547 -753.294983 35.702103 0.7353 0.7353 0.7353
v 897.403259 -753.189148 37.190685 0.7353 0.7353 0.7353
v 891.745911 -753.083313 38.679264 0.7353 0.7353 0.7353
v 886.215210 -752.911560 40.647137 0.7353 0.7353 0.7353
v 926.368530 -772.164368 32.311798 0.7353 0.7353 0.7353
v 920.733643 -771.723022 33.222805 0.7353 0.7353 0.7353
v 915.225098 -771.228394 34.614693 0.7353 0.7353 0.7353
v 909.716553 -770.733887 36.006584 0.7353 0.7353 0.7353
v 904.208008 -770.239319 37.398472 0.7353 0.7353 0.7353
v 898.699402 -769.744690 38.790356 0.7353 0.7353 0.7353
v 893.190796 -769.250122 40.182240 0.7353 0.7353 0.7353
v 887.808472 -768.704224 42.055233 0.7353 0.7353 0.7353
v 925.048340 -796.758789 35.133469 0.7353 0.7353 0.7353
v 919.587097 -795.958984 35.952675 0.7353 0.7353 0.7353
v 914.250488 -795.114685 37.254055 0.7353 0.7353 0.7353
v 908.913940 -794.270447 38.555439 0.7353 0.7353 0.7353
v 903.577332 -793.426086 39.856823 0.7353 0.7353 0.7353
v 898.240723 -792.581787 41.158199 0.7353 0.7353 0.7353
v 892.904114 -791.737427 42.459579 0.7353 0.7353 0.7353
v 887.692017 -790.850037 44.243313 0.7353 0.7353 0.7353
v 922.066101 -820.771118 37.911236 0.7353 0.7353 0.7353
v 916.764221 -819.685425 38.656933 0.7353 0.7353 0.7353
v 911.585144 -818.562622 39.885925 0.7353 0.7353 0.7353
v 906.406067 -817.439819 41.114918 0.7353 0.7353 0.7353
v 901.226868 -816.316956 42.343910 0.7353 0.7353 0.7353
v 896.047791 -815.194153 43.572899 0.7353 0.7353 0.7353
v 890.868652 -814.071350 44.801891 0.7353 0.7353 0.7353
v 885.812073 -812.912720 46.514324 0.7353 0.7353 0.7353
v 917.701416 -844.329407 40.648548 0.7353 0.7353 0.7353
v 912.555115 -842.990356 41.329685 0.7353 0.7353 0.7353
v 907.529480 -841.620667 42.495094 0.7353 0.7353 0.7353
v 902.503784 -840.251038 43.660507 0.7353 0.7353 0.7353
v 897.478149 -838.881348 44.825916 0.7353 0.7353 0.7353
v 892.452515 -837.511719 45.991329 0.7353 0.7353 0.7353
v 887.426819 -836.142090 47.156738 0.7353 0.7353 0.7353
v 882.521545 -834.742981 48.806561 0.7353 0.7353 0.7353
v 912.074463 -867.451050 43.343624 0.7353 0.7353 0.7353
v 907.087769 -865.872742 43.964741 0.7353 0.7353 0.7353
v 902.217163 -864.273071 45.071758 0.7353 0.7353 0.7353
v 897.346558 -862.673340 46.178772 0.7353 0.7353 0.7353
v 892.476013 -861.073608 47.285789 0.7353 0.7353 0.7353
v 887.605469 -859.473816 48.392799 0.7353 0.7353 0.7353
v 882.734802 -857.874084 49.499813 0.7353 0.7353 0.7353
v 877.978821 -856.257812 51.093372 0.7353 0.7353 0.7353
v 905.166931 -890.130859 45.661369 0.7353 0.7353 0.7353
v 900.336243 -888.325745 46.178383 0.7353 0.7353 0.7353
v 895.614746 -886.508545 47.183224 0.7353 0.7353 0.7353
v 890.893250 -884.691284 48.188068 0.7353 0.7353 0.7353
v 886.171692 -882.874023 49.192913 0.7353 0.7353 0.7353
v 881.450256 -881.056763 50.197762 0.7353 0.7353 0.7353
v 876.728760 -879.239380 51.202610 0.7353 0.7353 0.7353
v 872.112305 -877.421204 52.696365 0.7353 0.7353 0.7353
v 902.182068 -898.723145 46.459400 0.7353 0.7353 0.7353
v 897.516724 -896.826599 47.414482 0.7353 0.7353 0.7353
v 892.851440 -894.930115 48.369568 0.7353 0.7353 0.7353
v 888.186096 -893.033569 49.324650 0.7353 0.7353 0.7353
v 883.520752 -891.137024 50.279732 0.7353 0.7353 0.7353
v 878.855408 -889.240540 51.234814 0.7353 0.7353 0.7353
v 874.190063 -887.343994 52.189896 0.7353 0.7353 0.7353
v 869.524780 -885.447449 53.144978 0.7353 0.7353 0.7353
v 35.062622 -193.713593 -55.511333 0.7353 0.7353 0.7353
v 35.060944 -202.285004 -55.525650 0.7353 0.7353 0.7353
v 985.772339 -931.719604 28.758442 0.7353 0.7353 0.7353
v 980.902832 -929.738098 29.758118 0.7353 0.7353 0.7353
v 35.059261 -210.856430 -55.539967 0.7353 0.7353 0.7353
v 976.033325 -927.756531 30.757849 0.7353 0.7353 0.7353
v 35.057583 -219.427841 -55.554283 0.7353 0.7353 0.7353
v 971.163818 -925.774902 31.757637 0.7353 0.7353 0.7353
v 35.056026 -227.001801 -55.568226 0.7353 0.7353 0.7353
v 967.214722 -924.169006 32.564487 0.7353 0.7353 0.7353
v 60.470798 -227.075607 -54.423702 0.7353 0.7353 0.7353
v 86.462791 -227.253616 -53.743164 0.7353 0.7353 0.7353
v 112.184494 -227.501022 -53.426025 0.7353 0.7353 0.7353
v 137.710342 -227.798965 -53.385460 0.7353 0.7353 0.7353
v 163.082245 -228.134933 -53.563293 0.7353 0.7353 0.7353
v 188.325195 -228.499435 -53.917530 0.7353 0.7353 0.7353
v 213.453903 -228.884628 -54.415775 0.7353 0.7353 0.7353
v 238.475906 -229.282974 -55.031731 0.7353 0.7353 0.7353
v 263.393066 -229.686630 -55.742874 0.7353 0.7353 0.7353
v 288.202026 -230.086777 -56.529030 0.7353 0.7353 0.7353
v 312.893707 -230.472931 -57.371117 0.7353 0.7353 0.7353
v 337.451416 -230.831772 -58.249989 0.7353 0.7353 0.7353
v 361.847626 -231.145798 -59.145226 0.7353 0.7353 0.7353
v 386.036743 -231.391235 -60.033218 0.7353 0.7353 0.7353
v 408.997223 -231.527435 -60.870815 0.7353 0.7353 0.7353
v 443.264221 -231.895966 -61.159248 0.7353 0.7353 0.7353
v 472.598145 -233.125061 -61.241516 0.7353 0.7353 0.7353
v 498.787323 -235.001648 -61.201469 0.7353 0.7353 0.7353
v 524.999634 -237.668640 -61.046082 0.7353 0.7353 0.7353
v 551.211426 -241.180984 -60.766911 0.7353 0.7353 0.7353
v 577.392517 -245.597183 -60.354816 0.7353 0.7353 0.7353
v 603.504944 -250.979248 -59.800076 0.7353 0.7353 0.7353
v 629.503113 -257.389740 -59.092796 0.7353 0.7353 0.7353
v 655.331482 -264.893799 -58.222698 0.7353 0.7353 0.7353
v 680.923645 -273.554230 -57.179783 0.7353 0.7353 0.7353
v 706.201965 -283.431213 -55.954460 0.7353 0.7353 0.7353
v 731.075806 -294.579102 -54.537937 0.7353 0.7353 0.7353
v 755.442810 -307.041748 -52.923073 0.7353 0.7353 0.7353
v 779.189880 -320.849518 -51.104710 0.7353 0.7353 0.7353
v 802.194824 -336.015656 -49.080395 0.7353 0.7353 0.7353
v 824.331421 -352.531952 -46.850933 0.7353 0.7353 0.7353
v 845.473572 -370.367004 -44.420830 0.7353 0.7353 0.7353
v 865.501038 -389.464935 -41.798370 0.7353 0.7353 0.7353
v 884.306702 -409.747009 -38.995560 0.7353 0.7353 0.7353
v 901.800415 -431.114441 -36.027546 0.7353 0.7353 0.7353
v 917.914429 -453.453857 -32.912060 0.7353 0.7353 0.7353
v 932.604797 -476.642670 -29.668398 0.7353 0.7353 0.7353
v 945.850281 -500.556519 -26.316544 0.7353 0.7353 0.7353
v 957.652405 -525.072815 -22.876486 0.7353 0.7353 0.7353
v 968.030090 -550.075623 -19.367638 0.7353 0.7353 0.7353
v 977.016296 -575.459839 -15.808268 0.7353 0.7353 0.7353
v 984.652893 -601.131592 -12.215388 0.7353 0.7353 0.7353
v 990.988037 -627.007690 -8.605116 0.7353 0.7353 0.7353
v 996.070496 -653.017273 -4.992441 0.7353 0.7353 0.7353
v 999.947754 -679.098816 -1.391977 0.7353 0.7353 0.7353
v 1002.662842 -705.199280 2.181557 0.7353 0.7353 0.7353
v 1004.251526 -731.275879 5.713274 0.7353 0.7353 0.7353
v 1004.587280 -755.236084 8.994239 0.7353 0.7353 0.7353
v 1003.004089 -779.149353 12.439358 0.7353 0.7353 0.7353
v 999.227295 -808.589661 16.534286 0.7353 0.7353 0.7353
v 994.002747 -836.458130 20.330454 0.7353 0.7353 0.7353
v 987.459839 -863.430176 23.961401 0.7353 0.7353 0.7353
v 979.641479 -889.725708 27.477945 0.7353 0.7353 0.7353
v 970.635254 -915.394592 31.217672 0.7353 0.7353 0.7353
v 35.067547 -169.002869 -55.468758 0.7353 0.7353 0.7353
v 35.065987 -176.570770 -55.482693 0.7353 0.7353 0.7353
v 60.632996 -169.101639 -54.433720 0.7353 0.7353 0.7353
v 86.717056 -169.347382 -54.060860 0.7353 0.7353 0.7353
v 112.494331 -169.695816 -54.192928 0.7353 0.7353 0.7353
v 138.048721 -170.124008 -54.710915 0.7353 0.7353 0.7353
v 163.427246 -170.617310 -55.534172 0.7353 0.7353 0.7353
v 188.657852 -171.165024 -56.603748 0.7353 0.7353 0.7353
v 213.756805 -171.758362 -57.873425 0.7353 0.7353 0.7353
v 238.732086 -172.388824 -59.305058 0.7353 0.7353 0.7353
v 263.585175 -173.047455 -60.865322 0.7353 0.7353 0.7353
v 288.311279 -173.723862 -62.523804 0.7353 0.7353 0.7353
v 312.898773 -174.405136 -64.251099 0.7353 0.7353 0.7353
v 337.326385 -175.074707 -66.017181 0.7353 0.7353 0.7353
v 361.559326 -175.710342 -67.789467 0.7353 0.7353 0.7353
v 385.539185 -176.281662 -69.529892 0.7353 0.7353 0.7353
v 408.170563 -176.730789 -71.168495 0.7353 0.7353 0.7353
v 444.180725 -177.393890 -71.780464 0.7353 0.7353 0.7353
v 475.158112 -178.943451 -72.112663 0.7353 0.7353 0.7353
v 502.896729 -181.174179 -72.294273 0.7353 0.7353 0.7353
v 530.744385 -184.269592 -72.358078 0.7353 0.7353 0.7353
v 558.677734 -188.294525 -72.293526 0.7353 0.7353 0.7353
v 586.667297 -193.318710 -72.089409 0.7353 0.7353 0.7353
v 614.673828 -199.416489 -71.733681 0.7353 0.7353 0.7353
v 642.648438 -206.663528 -71.213829 0.7353 0.7353 0.7353
v 670.529419 -215.138657 -70.516754 0.7353 0.7353 0.7353
v 698.240723 -224.918396 -69.629471 0.7353 0.7353 0.7353
v 725.690430 -236.075821 -68.539391 0.7353 0.7353 0.7353
v 752.769775 -248.676498 -67.234772 0.7353 0.7353 0.7353
v 779.352905 -262.772461 -65.705803 0.7353 0.7353 0.7353
v 805.298401 -278.397675 -63.945171 0.7353 0.7353 0.7353
v 830.452148 -295.563202 -61.948978 0.7353 0.7353 0.7353
v 854.653320 -314.251648 -59.717506 0.7353 0.7353 0.7353
v 877.740967 -334.414978 -57.255787 0.7353 0.7353 0.7353
v 899.561768 -355.973022 -54.573677 0.7353 0.7353 0.7353
v 919.980042 -378.816589 -51.685757 0.7353 0.7353 0.7353
v 938.883972 -402.811798 -48.610451 0.7353 0.7353 0.7353
v 956.191650 -427.808472 -45.369160 0.7353 0.7353 0.7353
v 971.854187 -453.647827 -41.984955 0.7353 0.7353 0.7353
v 985.853271 -480.172668 -38.481300 0.7353 0.7353 0.7353
v 998.200256 -507.232391 -34.881161 0.7353 0.7353 0.7353
v 1008.928894 -534.689270 -31.206261 0.7353 0.7353 0.7353
v 1018.090576 -562.422791 -27.476490 0.7353 0.7353 0.7353
v 1025.747192 -590.330078 -23.709799 0.7353 0.7353 0.7353
v 1031.967407 -618.324585 -19.922646 0.7353 0.7353 0.7353
v 1036.819214 -646.337097 -16.129908 0.7353 0.7353 0.7353
v 1040.368164 -674.312195 -12.345751 0.7353 0.7353 0.7353
v 1042.673828 -702.206848 -8.584269 0.7353 0.7353 0.7353
v 1043.784912 -729.985352 -4.861483 0.7353 0.7353 0.7353
v 1043.527100 -755.853699 -1.268116 0.7353 0.7353 0.7353
v 1040.962280 -782.445679 2.835645 0.7353 0.7353 0.7353
v 1036.040283 -814.325745 7.549055 0.7353 0.7353 0.7353
v 1029.762939 -844.131226 11.838600 0.7353 0.7353 0.7353
v 1022.189697 -872.821411 15.903219 0.7353 0.7353 0.7353
v 1013.325134 -900.717834 19.813171 0.7353 0.7353 0.7353
v 1003.308777 -927.914062 24.262560 0.7353 0.7353 0.7353
v 999.499023 -937.304016 25.944376 0.7353 0.7353 0.7353
v 995.511536 -935.682556 26.759245 0.7353 0.7353 0.7353
v 35.064308 -185.142181 -55.497013 0.7353 0.7353 0.7353
v 990.641907 -933.701050 27.758820 0.7353 0.7353 0.7353
v 35.027325 -373.713348 -55.811733 0.7353 0.7353 0.7353
v 35.025646 -382.284760 -55.826027 0.7353 0.7353 0.7353
v 888.443542 -892.107666 48.753269 0.7353 0.7353 0.7353
v 883.779785 -890.209167 49.712292 0.7353 0.7353 0.7353
v 35.023964 -390.856201 -55.840317 0.7353 0.7353 0.7353
v 879.116089 -888.310669 50.671421 0.7353 0.7353 0.7353
v 35.022285 -399.427612 -55.854599 0.7353 0.7353 0.7353
v 874.452332 -886.412109 51.630646 0.7353 0.7353 0.7353
v 35.020744 -406.998322 -55.868542 0.7353 0.7353 0.7353
v 870.641846 -884.861938 52.409454 0.7353 0.7353 0.7353
v 59.946201 -406.990021 -54.387959 0.7353 0.7353 0.7353
v 85.634552 -406.945221 -52.753571 0.7353 0.7353 0.7353
v 111.169922 -406.860016 -51.042660 0.7353 0.7353 0.7353
v 136.596146 -406.729065 -49.269085 0.7353 0.7353 0.7353
v 161.938309 -406.546783 -47.444893 0.7353 0.7353 0.7353
v 187.211853 -406.307709 -45.581161 0.7353 0.7353 0.7353
v 212.426483 -406.006866 -43.688725 0.7353 0.7353 0.7353
v 237.587982 -405.639313 -41.778435 0.7353 0.7353 0.7353
v 262.699493 -405.200592 -39.861679 0.7353 0.7353 0.7353
v 287.761597 -404.686371 -37.950504 0.7353 0.7353 0.7353
v 312.773560 -404.092682 -36.058266 0.7353 0.7353 0.7353
v 337.732452 -403.415466 -34.200146 0.7353 0.7353 0.7353
v 362.633636 -402.650238 -32.394119 0.7353 0.7353 0.7353
v 387.471222 -401.791931 -30.662407 0.7353 0.7353 0.7353
v 411.399719 -400.854645 -29.059244 0.7353 0.7353 0.7353
v 440.345612 -400.235657 -28.354507 0.7353 0.7353 0.7353
v 464.596863 -400.408569 -27.676538 0.7353 0.7353 0.7353
v 485.993469 -401.128998 -26.963852 0.7353 0.7353 0.7353
v 507.156555 -402.408386 -26.145424 0.7353 0.7353 0.7353
v 528.057434 -404.270599 -25.218622 0.7353 0.7353 0.7353
v 548.664795 -406.739655 -24.180717 0.7353 0.7353 0.7353
v 568.944580 -409.839844 -23.029257 0.7353 0.7353 0.7353
v 588.862671 -413.593658 -21.762514 0.7353 0.7353 0.7353
v 608.383179 -418.024353 -20.378874 0.7353 0.7353 0.7353
v 627.471008 -423.153290 -18.877541 0.7353 0.7353 0.7353
v 646.092407 -429.001556 -17.258232 0.7353 0.7353 0.7353
v 664.214478 -435.590088 -15.521136 0.7353 0.7353 0.7353
v 681.808044 -442.938995 -13.667210 0.7353 0.7353 0.7353
v 698.847412 -451.068787 -11.697841 0.7353 0.7353 0.7353
v 715.309509 -460.001099 -9.614852 0.7353 0.7353 0.7353
v 731.173889 -469.757538 -7.420458 0.7353 0.7353 0.7353
v 746.422180 -480.360016 -5.117263 0.7353 0.7353 0.7353
v 761.034912 -491.828735 -2.708491 0.7353 0.7353 0.7353
v 774.991394 -504.180298 -0.197969 0.7353 0.7353 0.7353
v 788.267578 -517.424744 2.409402 0.7353 0.7353 0.7353
v 800.836243 -531.562683 5.107456 0.7353 0.7353 0.7353
v 812.667480 -546.583069 7.888589 0.7353 0.7353 0.7353
v 823.729370 -562.462585 10.743662 0.7353 0.7353 0.7353
v 833.991699 -579.164307 13.661873 0.7353 0.7353 0.7353
v 843.425964 -596.638916 16.631004 0.7353 0.7353 0.7353
v 852.007629 -614.827515 19.637751 0.7353 0.7353 0.7353
v 859.716431 -633.663452 22.667963 0.7353 0.7353 0.7353
v 866.537659 -653.073120 25.706528 0.7353 0.7353 0.7353
v 872.459839 -672.979858 28.738098 0.7353 0.7353 0.7353
v 877.475159 -693.303406 31.746590 0.7353 0.7353 0.7353
v 881.577820 -713.959839 34.715271 0.7353 0.7353 0.7353
v 884.759827 -734.849609 37.625641 0.7353 0.7353 0.7353
v 887.049438 -752.896667 39.902706 0.7353 0.7353 0.7353
v 888.649902 -768.733643 41.317486 0.7353 0.7353 0.7353
v 888.535645 -790.961548 43.516880 0.7353 0.7353 0.7353
v 886.652405 -813.086487 45.796844 0.7353 0.7353 0.7353
v 883.355835 -834.968933 48.096668 0.7353 0.7353 0.7353
v 878.808716 -856.524719 50.392323 0.7353 0.7353 0.7353
v 872.941833 -877.716309 52.006798 0.7353 0.7353 0.7353
v 35.032230 -348.999481 -55.769211 0.7353 0.7353 0.7353
v 35.030685 -356.570526 -55.783154 0.7353 0.7353 0.7353
v 60.119835 -349.017914 -54.397575 0.7353 0.7353 0.7353
v 85.909286 -349.045746 -53.070827 0.7353 0.7353 0.7353
v 111.507225 -349.068878 -51.809166 0.7353 0.7353 0.7353
v 136.967606 -349.077454 -50.594063 0.7353 0.7353 0.7353
v 162.321045 -349.063568 -49.414959 0.7353 0.7353 0.7353
v 187.586151 -349.020416 -48.265842 0.7353 0.7353 0.7353
v 212.774307 -348.942017 -47.143627 0.7353 0.7353 0.7353
v 237.891830 -348.822479 -46.047207 0.7353 0.7353 0.7353
v 262.941498 -348.656219 -44.977047 0.7353 0.7353 0.7353
v 287.922668 -348.437317 -43.934864 0.7353 0.7353 0.7353
v 312.831818 -348.159546 -42.923573 0.7353 0.7353 0.7353
v 337.661652 -347.815796 -41.947365 0.7353 0.7353 0.7353
v 362.400055 -347.397186 -41.011909 0.7353 0.7353 0.7353
v 387.028534 -346.892303 -40.124901 0.7353 0.7353 0.7353
v 410.625702 -346.298157 -39.312363 0.7353 0.7353 0.7353
v 441.305756 -345.997772 -38.924171 0.7353 0.7353 0.7353
v 467.196075 -346.512634 -38.490356 0.7353 0.7353 0.7353
v 490.136871 -347.607361 -37.993668 0.7353 0.7353 0.7353
v 512.928467 -349.336212 -37.388313 0.7353 0.7353 0.7353
v 535.542053 -351.732910 -36.669506 0.7353 0.7353 0.7353
v 557.946655 -354.832642 -35.832424 0.7353 0.7353 0.7353
v 580.106934 -358.671875 -34.872276 0.7353 0.7353 0.7353
v 601.985046 -363.286041 -33.784683 0.7353 0.7353 0.7353
v 623.538635 -368.711884 -32.565235 0.7353 0.7353 0.7353
v 644.722290 -374.984161 -31.210140 0.7353 0.7353 0.7353
v 665.488159 -382.136505 -29.716129 0.7353 0.7353 0.7353
v 685.784424 -390.200500 -28.080484 0.7353 0.7353 0.7353
v 705.558411 -399.203979 -26.301559 0.7353 0.7353 0.7353
v 724.755859 -409.170471 -24.378639 0.7353 0.7353 0.7353
v 743.321838 -420.118744 -22.312191 0.7353 0.7353 0.7353
v 761.201477 -432.060547 -20.104002 0.7353 0.7353 0.7353
v 778.341797 -445.000427 -17.757318 0.7353 0.7353 0.7353
v 794.690674 -458.933868 -15.277025 0.7353 0.7353 0.7353
v 810.199707 -473.846527 -12.669616 0.7353 0.7353 0.7353
v 824.823792 -489.713074 -9.943331 0.7353 0.7353 0.7353
v 838.522522 -506.497314 -7.108077 0.7353 0.7353 0.7353
v 851.261841 -524.152161 -4.175250 0.7353 0.7353 0.7353
v 863.013428 -542.621643 -1.157493 0.7353 0.7353 0.7353
v 873.757568 -561.841187 1.931430 0.7353 0.7353 0.7353
v 883.481323 -581.740051 5.076972 0.7353 0.7353 0.7353
v 892.178772 -602.244507 8.264223 0.7353 0.7353 0.7353
v 899.849915 -623.279297 11.478101 0.7353 0.7353 0.7353
v 906.500366 -644.767700 14.703159 0.7353 0.7353 0.7353
v 912.138428 -666.635010 17.924133 0.7353 0.7353 0.7353
v 916.774048 -688.807190 21.125397 0.7353 0.7353 0.7353
v 920.417358 -711.210144 24.290823 0.7353 0.7353 0.7353
v 923.075867 -733.773254 27.403545 0.7353 0.7353 0.7353
v 924.723877 -753.741089 30.006577 0.7353 0.7353 0.7353
v 925.274048 -772.177429 32.081127 0.7353 0.7353 0.7353
v 923.958801 -796.689880 34.890575 0.7353 0.7353 0.7353
v 920.985596 -820.633362 37.657986 0.7353 0.7353 0.7353
v 916.632629 -844.130981 40.386211 0.7353 0.7353 0.7353
v 911.021667 -867.192505 43.069588 0.7353 0.7353 0.7353
v 904.132141 -889.820984 45.372719 0.7353 0.7353 0.7353
v 901.494446 -897.419067 46.074936 0.7353 0.7353 0.7353
v 897.771118 -895.904602 46.835510 0.7353 0.7353 0.7353
v 35.029007 -365.141937 -55.797447 0.7353 0.7353 0.7353
v 893.107300 -894.006226 47.794346 0.7353 0.7353 0.7353
vn 0.0536 0.0017 -0.9986
vn 0.0256 -0.0003 -0.9997
vn 0.0345 -0.0003 -0.9994
vn 0.0545 0.0017 -0.9985
vn 0.0436 -0.0004 -0.9990
vn 0.0554 0.0017 -0.9985
vn 0.0526 -0.0004 -0.9986
vn 0.0563 0.0017 -0.9984
vn 0.0617 -0.0004 -0.9981
vn 0.0572 0.0017 -0.9984
vn 0.0033 -0.0055 -1.0000
vn 0.0188 -0.0056 -0.9998
vn 0.0343 -0.0056 -0.9994
vn 0.0499 -0.0057 -0.9987
vn 0.0656 -0.0058 -0.9978
vn -0.0140 -0.0132 -0.9998
vn 0.0067 -0.0133 -0.9999
vn 0.0273 -0.0134 -0.9995
vn 0.0481 -0.0140 -0.9987
vn 0.0687 -0.0136 -0.9975
vn -0.0277 -0.0228 -0.9994
vn -0.0028 -0.0231 -0.9997
vn 0.0218 -0.0231 -0.9995
vn 0.0467 -0.0236 -0.9986
vn 0.0713 -0.0234 -0.9972
vn -0.0390 -0.0340 -0.9987
vn -0.0109 -0.0341 -0.9994
vn 0.0175 -0.0347 -0.9992
vn 0.0455 -0.0348 -0.9984
vn 0.0735 -0.0347 -0.9967
vn -0.0483 -0.0465 -0.9978
vn -0.0171 -0.0470 -0.9987
vn 0.0137 -0.0472 -0.9988
vn 0.0445 -0.0468 -0.9979
vn 0.0752 -0.0472 -0.9961
vn -0.0561 -0.0600 -0.9966
vn -0.0228 -0.0603 -0.9979
vn 0.0106 -0.0607 -0.9981
vn 0.0437 -0.0609 -0.9972
vn 0.0765 -0.0607 -0.9952
vn -0.0625 -0.0745 -0.9953
vn -0.0274 -0.0747 -0.9968
vn 0.0077 -0.0747 -0.9972
vn 0.0429 -0.0753 -0.9962
vn 0.0775 -0.0751 -0.9942
vn -0.0678 -0.0896 -0.9937
vn -0.0311 -0.0898 -0.9955
vn 0.0057 -0.0903 -0.9959
vn 0.0421 -0.0903 -0.9950
vn 0.0781 -0.0902 -0.9929
vn -0.0719 -0.1053 -0.9918
vn -0.0338 -0.1057 -0.9938
vn 0.0039 -0.1059 -0.9944
vn 0.0413 -0.1059 -0.9935
vn 0.0784 -0.1057 -0.9913
vn -0.0748 -0.1214 -0.9898
vn -0.0360 -0.1218 -0.9919
vn 0.0024 -0.1219 -0.9925
vn 0.0405 -0.1218 -0.9917
vn 0.0781 -0.1215 -0.9895
vn -0.0764 -0.1377 -0.9875
vn -0.0372 -0.1380 -0.9897
vn 0.0014 -0.1380 -0.9904
vn 0.0396 -0.1378 -0.9897
vn 0.0773 -0.1375 -0.9875
vn -0.0766 -0.1540 -0.9851
vn -0.0378 -0.1542 -0.9873
vn 0.0009 -0.1540 -0.9881
vn 0.0386 -0.1537 -0.9874
vn 0.0759 -0.1533 -0.9853
vn -0.0749 -0.1700 -0.9826
vn -0.0367 -0.1700 -0.9848
vn 0.0008 -0.1699 -0.9855
vn 0.0379 -0.1692 -0.9849
vn 0.0735 -0.1688 -0.9829
vn -0.0697 -0.1851 -0.9802
vn -0.0336 -0.1850 -0.9822
vn 0.0016 -0.1846 -0.9828
vn 0.0360 -0.1840 -0.9823
vn 0.0695 -0.1832 -0.9806
vn -0.0194 -0.1909 -0.9814
vn -0.0099 -0.1911 -0.9815
vn 0.0007 -0.1914 -0.9815
vn 0.0127 -0.1915 -0.9814
vn 0.0263 -0.1916 -0.9811
vn -0.0215 -0.1957 -0.9804
vn -0.0116 -0.1961 -0.9805
vn -0.0008 -0.1968 -0.9804
vn 0.0118 -0.1973 -0.9803
vn 0.0263 -0.1979 -0.9799
vn -0.0236 -0.2001 -0.9795
vn -0.0135 -0.2009 -0.9795
vn -0.0021 -0.2017 -0.9794
vn 0.0107 -0.2025 -0.9792
vn 0.0259 -0.2037 -0.9787
vn -0.0263 -0.2045 -0.9785
vn -0.0159 -0.2056 -0.9785
vn -0.0041 -0.2069 -0.9784
vn 0.0092 -0.2081 -0.9781
vn 0.0252 -0.2098 -0.9774
vn -0.0292 -0.2089 -0.9775
vn -0.0187 -0.2104 -0.9774
vn -0.0066 -0.2121 -0.9772
vn 0.0075 -0.2140 -0.9768
vn 0.0240 -0.2162 -0.9761
vn -0.0328 -0.2134 -0.9764
vn -0.0220 -0.2153 -0.9763
vn -0.0100 -0.2172 -0.9761
vn 0.0050 -0.2199 -0.9755
vn 0.0222 -0.2227 -0.9746
vn -0.0368 -0.2177 -0.9753
vn -0.0259 -0.2201 -0.9751
vn -0.0132 -0.2228 -0.9748
vn 0.0014 -0.2257 -0.9742
vn 0.0198 -0.2295 -0.9731
vn -0.0415 -0.2220 -0.9742
vn -0.0305 -0.2249 -0.9739
vn -0.0176 -0.2281 -0.9735
vn -0.0023 -0.2319 -0.9727
vn 0.0166 -0.2365 -0.9715
vn -0.0467 -0.2261 -0.9730
vn -0.0357 -0.2295 -0.9727
vn -0.0226 -0.2334 -0.9721
vn -0.0067 -0.2380 -0.9712
vn 0.0126 -0.2435 -0.9698
vn -0.0527 -0.2300 -0.9718
vn -0.0416 -0.2339 -0.9714
vn -0.0289 -0.2382 -0.9708
vn -0.0125 -0.2438 -0.9697
vn 0.0076 -0.2506 -0.9681
vn -0.0593 -0.2335 -0.9705
vn -0.0484 -0.2379 -0.9701
vn -0.0351 -0.2432 -0.9693
vn -0.0188 -0.2497 -0.9681
vn 0.0016 -0.2575 -0.9663
vn -0.0667 -0.2366 -0.9693
vn -0.0559 -0.2416 -0.9688
vn -0.0430 -0.2474 -0.9680
vn -0.0263 -0.2550 -0.9666
vn -0.0056 -0.2642 -0.9645
vn -0.0749 -0.2391 -0.9681
vn -0.0643 -0.2447 -0.9675
vn -0.0513 -0.2515 -0.9665
vn -0.0352 -0.2597 -0.9651
vn -0.0140 -0.2705 -0.9626
vn -0.0838 -0.2409 -0.9669
vn -0.0734 -0.2471 -0.9662
vn -0.0607 -0.2547 -0.9651
vn -0.0445 -0.2642 -0.9635
vn -0.0238 -0.2761 -0.9608
vn -0.0933 -0.2420 -0.9658
vn -0.0836 -0.2486 -0.9650
vn -0.0710 -0.2570 -0.9638
vn -0.0555 -0.2674 -0.9620
vn -0.0348 -0.2809 -0.9591
vn -0.1035 -0.2422 -0.9647
vn -0.0940 -0.2495 -0.9638
vn -0.0821 -0.2585 -0.9625
vn -0.0671 -0.2698 -0.9606
vn -0.0471 -0.2846 -0.9575
vn -0.1143 -0.2415 -0.9637
vn -0.1052 -0.2493 -0.9627
vn -0.0939 -0.2589 -0.9613
vn -0.0796 -0.2711 -0.9593
vn -0.0606 -0.2870 -0.9560
vn -0.1254 -0.2397 -0.9627
vn -0.1168 -0.2480 -0.9617
vn -0.1065 -0.2580 -0.9603
vn -0.0929 -0.2711 -0.9581
vn -0.0751 -0.2880 -0.9547
vn -0.1368 -0.2369 -0.9619
vn -0.1288 -0.2456 -0.9608
vn -0.1193 -0.2560 -0.9593
vn -0.1064 -0.2700 -0.9570
vn -0.0902 -0.2874 -0.9536
vn -0.1482 -0.2331 -0.9611
vn -0.1411 -0.2419 -0.9600
vn -0.1319 -0.2532 -0.9584
vn -0.1208 -0.2670 -0.9561
vn -0.1058 -0.2851 -0.9526
vn -0.1596 -0.2283 -0.9604
vn -0.1529 -0.2376 -0.9592
vn -0.1452 -0.2486 -0.9577
vn -0.1348 -0.2630 -0.9553
vn -0.1215 -0.2812 -0.9519
vn -0.1708 -0.2226 -0.9598
vn -0.1648 -0.2321 -0.9586
vn -0.1578 -0.2433 -0.9570
vn -0.1487 -0.2576 -0.9547
vn -0.1372 -0.2757 -0.9514
vn -0.1816 -0.2161 -0.9593
vn -0.1763 -0.2257 -0.9581
vn -0.1700 -0.2371 -0.9565
vn -0.1621 -0.2513 -0.9542
vn -0.1523 -0.2689 -0.9511
vn -0.1920 -0.2089 -0.9589
vn -0.1874 -0.2184 -0.9577
vn -0.1819 -0.2297 -0.9561
vn -0.1754 -0.2434 -0.9539
vn -0.1670 -0.2605 -0.9509
vn -0.2018 -0.2010 -0.9586
vn -0.1979 -0.2104 -0.9574
vn -0.1933 -0.2215 -0.9558
vn -0.1876 -0.2349 -0.9537
vn -0.1809 -0.2511 -0.9509
vn -0.2111 -0.1925 -0.9583
vn -0.2078 -0.2018 -0.9571
vn -0.2042 -0.2121 -0.9557
vn -0.1993 -0.2254 -0.9537
vn -0.1939 -0.2406 -0.9511
vn -0.2197 -0.1837 -0.9581
vn -0.2170 -0.1926 -0.9570
vn -0.2139 -0.2029 -0.9556
vn -0.2102 -0.2150 -0.9537
vn -0.2059 -0.2295 -0.9513
vn -0.2276 -0.1743 -0.9580
vn -0.2254 -0.1828 -0.9569
vn -0.2230 -0.1926 -0.9556
vn -0.2201 -0.2041 -0.9539
vn -0.2168 -0.2174 -0.9517
vn -0.2349 -0.1646 -0.9580
vn -0.2332 -0.1726 -0.9570
vn -0.2313 -0.1818 -0.9557
vn -0.2292 -0.1924 -0.9542
vn -0.2268 -0.2048 -0.9522
vn -0.2413 -0.1545 -0.9581
vn -0.2401 -0.1619 -0.9571
vn -0.2391 -0.1702 -0.9560
vn -0.2372 -0.1803 -0.9546
vn -0.2356 -0.1916 -0.9528
vn -0.2471 -0.1437 -0.9583
vn -0.2465 -0.1505 -0.9574
vn -0.2454 -0.1585 -0.9564
vn -0.2444 -0.1675 -0.9551
vn -0.2433 -0.1777 -0.9535
vn -0.2521 -0.1325 -0.9586
vn -0.2517 -0.1388 -0.9578
vn -0.2512 -0.1458 -0.9569
vn -0.2506 -0.1539 -0.9558
vn -0.2500 -0.1633 -0.9544
vn -0.2545 -0.1365 -0.9574
vn -0.2545 -0.1336 -0.9578
vn -0.2546 -0.1298 -0.9583
vn -0.2547 -0.1242 -0.9590
vn -0.2548 -0.1154 -0.9601
vn -0.2530 -0.1133 -0.9608
vn -0.2528 -0.1115 -0.9611
vn -0.2527 -0.1092 -0.9614
vn -0.2526 -0.1066 -0.9617
vn -0.2524 -0.1031 -0.9621
vn -0.2499 -0.0942 -0.9637
vn -0.2497 -0.0925 -0.9639
vn -0.2494 -0.0906 -0.9641
vn -0.2492 -0.0883 -0.9644
vn -0.2488 -0.0855 -0.9648
vn -0.2464 -0.0790 -0.9659
vn -0.2461 -0.0775 -0.9662
vn -0.2458 -0.0759 -0.9664
vn -0.2454 -0.0738 -0.9666
vn -0.2449 -0.0713 -0.9669
vn -0.2424 -0.0660 -0.9679
vn -0.2421 -0.0646 -0.9681
vn -0.2417 -0.0629 -0.9683
vn -0.2413 -0.0610 -0.9685
vn -0.2407 -0.0587 -0.9688
vn -0.2371 -0.0506 -0.9702
vn -0.2371 -0.0505 -0.9702
vn -0.2370 -0.0505 -0.9702
vn -0.2370 -0.0504 -0.9702
vn -0.2370 -0.0503 -0.9702
vn -0.2373 -0.0815 -0.9680
vn -0.2309 -0.0631 -0.9709
vn -0.2234 -0.0421 -0.9738
vn -0.2146 -0.0177 -0.9765
vn -0.2042 0.0107 -0.9789
vn -0.2190 -0.0727 -0.9730
vn -0.2124 -0.0561 -0.9756
vn -0.2044 -0.0369 -0.9782
vn -0.1951 -0.0148 -0.9807
vn -0.1839 0.0108 -0.9829
vn -0.2014 -0.0665 -0.9772
vn -0.1941 -0.0510 -0.9797
vn -0.1855 -0.0333 -0.9821
vn -0.1755 -0.0128 -0.9844
vn -0.1637 0.0113 -0.9864
vn -0.1820 -0.0550 -0.9818
vn -0.1757 -0.0436 -0.9835
vn -0.1685 -0.0304 -0.9852
vn -0.1600 -0.0152 -0.9870
vn -0.1500 0.0027 -0.9887
vn -0.1676 -0.0503 -0.9846
vn -0.1611 -0.0398 -0.9861
vn -0.1532 -0.0278 -0.9878
vn -0.1446 -0.0136 -0.9894
vn -0.1340 0.0029 -0.9910
vn -0.1535 -0.0469 -0.9870
vn -0.1467 -0.0373 -0.9885
vn -0.1387 -0.0260 -0.9900
vn -0.1294 -0.0130 -0.9915
vn -0.1183 0.0023 -0.9930
vn -0.1397 -0.0447 -0.9892
vn -0.1322 -0.0358 -0.9906
vn -0.1243 -0.0255 -0.9919
vn -0.1146 -0.0134 -0.9933
vn -0.1031 0.0006 -0.9947
vn -0.1263 -0.0436 -0.9910
vn -0.1190 -0.0354 -0.9923
vn -0.1105 -0.0260 -0.9935
vn -0.1002 -0.0150 -0.9949
vn -0.0885 -0.0021 -0.9961
vn -0.1077 -0.0379 -0.9935
vn -0.1028 -0.0331 -0.9941
vn -0.0972 -0.0276 -0.9949
vn -0.0906 -0.0212 -0.9957
vn -0.0828 -0.0137 -0.9965
vn -0.0944 -0.0300 -0.9951
vn -0.0922 -0.0279 -0.9954
vn -0.0891 -0.0252 -0.9957
vn -0.0855 -0.0224 -0.9961
vn -0.0815 -0.0188 -0.9965
vn -0.0868 -0.0275 -0.9958
vn -0.0842 -0.0255 -0.9961
vn -0.0812 -0.0232 -0.9964
vn -0.0777 -0.0206 -0.9968
vn -0.0736 -0.0174 -0.9971
vn -0.0791 -0.0256 -0.9965
vn -0.0766 -0.0238 -0.9968
vn -0.0735 -0.0218 -0.9971
vn -0.0701 -0.0194 -0.9974
vn -0.0659 -0.0167 -0.9977
vn -0.0717 -0.0243 -0.9971
vn -0.0689 -0.0226 -0.9974
vn -0.0661 -0.0209 -0.9976
vn -0.0627 -0.0188 -0.9979
vn -0.0586 -0.0165 -0.9981
vn -0.0648 -0.0237 -0.9976
vn -0.0620 -0.0222 -0.9978
vn -0.0590 -0.0206 -0.9980
vn -0.0555 -0.0188 -0.9983
vn -0.0515 -0.0167 -0.9985
vn -0.0505 -0.0181 -0.9986
vn -0.0517 -0.0186 -0.9985
vn -0.0531 -0.0191 -0.9984
vn -0.0545 -0.0199 -0.9983
vn -0.0562 -0.0207 -0.9982
vn -0.0461 -0.0148 -0.9988
vn -0.0471 -0.0152 -0.9988
vn -0.0484 -0.0158 -0.9987
vn -0.0498 -0.0164 -0.9986
vn -0.0512 -0.0169 -0.9985
vn -0.0414 -0.0119 -0.9991
vn -0.0425 -0.0123 -0.9990
vn -0.0436 -0.0127 -0.9990
vn -0.0450 -0.0131 -0.9989
vn -0.0463 -0.0136 -0.9988
vn -0.0366 -0.0092 -0.9993
vn -0.0378 -0.0096 -0.9992
vn -0.0390 -0.0099 -0.9992
vn -0.0403 -0.0103 -0.9991
vn -0.0413 -0.0106 -0.9991
vn -0.0323 -0.0070 -0.9995
vn -0.0334 -0.0073 -0.9994
vn -0.0344 -0.0075 -0.9994
vn -0.0356 -0.0078 -0.9993
vn -0.0370 -0.0081 -0.9993
vn -0.0289 -0.0053 -0.9996
vn -0.0292 -0.0054 -0.9996
vn -0.0300 -0.0056 -0.9995
vn -0.0308 -0.0058 -0.9995
vn -0.0315 -0.0056 -0.9995
vn -0.0249 -0.0040 -0.9997
vn -0.0251 -0.0040 -0.9997
vn -0.0257 -0.0041 -0.9997
vn -0.0263 -0.0042 -0.9996
vn -0.0271 -0.0043 -0.9996
vn -0.0204 -0.0028 -0.9998
vn -0.0210 -0.0028 -0.9998
vn -0.0215 -0.0029 -0.9998
vn -0.0221 -0.0030 -0.9998
vn -0.0225 -0.0030 -0.9997
vn -0.0167 -0.0018 -0.9999
vn -0.0169 -0.0018 -0.9999
vn -0.0175 -0.0019 -0.9998
vn -0.0181 -0.0019 -0.9998
vn -0.0184 -0.0020 -0.9998
vn -0.0131 -0.0009 -0.9999
vn -0.0133 -0.0009 -0.9999
vn -0.0136 -0.0009 -0.9999
vn -0.0139 -0.0010 -0.9999
vn -0.0143 -0.0009 -0.9999
vn -0.0237 -0.0035 -0.9997
vn -0.0175 -0.0031 -0.9998
vn -0.0120 -0.0027 -0.9999
vn -0.0069 -0.0024 -1.0000
vn -0.0023 -0.0020 -1.0000
vn -0.0366 -0.0134 -0.9992
vn -0.0232 -0.0120 -0.9997
vn -0.0108 -0.0107 -0.9999
vn 0.0006 -0.0094 -1.0000
vn 0.0112 -0.0083 -0.9999
vn -0.0481 -0.0328 -0.9983
vn -0.0269 -0.0297 -0.9992
vn -0.0074 -0.0268 -0.9996
vn 0.0106 -0.0241 -0.9997
vn 0.0272 -0.0216 -0.9994
vn -0.0542 -0.0598 -0.9967
vn -0.0265 -0.0545 -0.9982
vn -0.0011 -0.0496 -0.9988
vn 0.0221 -0.0450 -0.9987
vn 0.0436 -0.0409 -0.9982
vn -0.0533 -0.0928 -0.9943
vn -0.0207 -0.0850 -0.9962
vn 0.0090 -0.0778 -0.9969
vn 0.0361 -0.0712 -0.9968
vn 0.0609 -0.0649 -0.9960
vn -0.0444 -0.1295 -0.9906
vn -0.0087 -0.1190 -0.9929
vn 0.0236 -0.1093 -0.9937
vn 0.0530 -0.1004 -0.9935
vn 0.0798 -0.0924 -0.9925
vn -0.0261 -0.1663 -0.9857
vn 0.0102 -0.1535 -0.9881
vn 0.0430 -0.1417 -0.9890
vn 0.0726 -0.1308 -0.9887
vn 0.0993 -0.1210 -0.9877
vn 0.0023 -0.1996 -0.9799
vn 0.0363 -0.1853 -0.9820
vn 0.0668 -0.1722 -0.9828
vn 0.0943 -0.1602 -0.9826
vn 0.1191 -0.1493 -0.9816
vn 0.0384 -0.2252 -0.9736
vn 0.0678 -0.2106 -0.9752
vn 0.0941 -0.1973 -0.9758
vn 0.1177 -0.1853 -0.9756
vn 0.1388 -0.1742 -0.9749
vn 0.0773 -0.2426 -0.9670
vn 0.1016 -0.2284 -0.9682
vn 0.1232 -0.2156 -0.9687
vn 0.1425 -0.2040 -0.9685
vn 0.1599 -0.1935 -0.9680
vn 0.1175 -0.2510 -0.9608
vn 0.1365 -0.2381 -0.9616
vn 0.1533 -0.2265 -0.9619
vn 0.1683 -0.2160 -0.9618
vn 0.1817 -0.2065 -0.9614
vn 0.1570 -0.2502 -0.9554
vn 0.1706 -0.2395 -0.9558
vn 0.1826 -0.2298 -0.9560
vn 0.1933 -0.2210 -0.9559
vn 0.2030 -0.2132 -0.9557
vn 0.1936 -0.2405 -0.9511
vn 0.2021 -0.2328 -0.9513
vn 0.2096 -0.2258 -0.9514
vn 0.2162 -0.2195 -0.9514
vn 0.2223 -0.2138 -0.9512
vn 0.2254 -0.2228 -0.9485
vn 0.2291 -0.2188 -0.9485
vn 0.2324 -0.2152 -0.9485
vn 0.2354 -0.2120 -0.9485
vn 0.2380 -0.2091 -0.9485
vn 0.2506 -0.1977 -0.9477
vn 0.2502 -0.1983 -0.9477
vn 0.2499 -0.1989 -0.9476
vn 0.2494 -0.1993 -0.9477
vn 0.2492 -0.1997 -0.9477
vn 0.2678 -0.1672 -0.9489
vn 0.2639 -0.1729 -0.9489
vn 0.2604 -0.1779 -0.9490
vn 0.2572 -0.1825 -0.9490
vn 0.2542 -0.1867 -0.9490
vn 0.2754 -0.1329 -0.9521
vn 0.2688 -0.1439 -0.9524
vn 0.2629 -0.1539 -0.9525
vn 0.2574 -0.1630 -0.9525
vn 0.2524 -0.1713 -0.9523
vn 0.2726 -0.0979 -0.9571
vn 0.2644 -0.1138 -0.9577
vn 0.2570 -0.1283 -0.9579
vn 0.2501 -0.1417 -0.9578
vn 0.2437 -0.1539 -0.9576
vn 0.2601 -0.0643 -0.9634
vn 0.2515 -0.0843 -0.9642
vn 0.2433 -0.1027 -0.9645
vn 0.2358 -0.1197 -0.9644
vn 0.2287 -0.1354 -0.9640
vn 0.2392 -0.0339 -0.9704
vn 0.2307 -0.0571 -0.9714
vn 0.2226 -0.0786 -0.9717
vn 0.2150 -0.0985 -0.9716
vn 0.2080 -0.1170 -0.9711
vn 0.2117 -0.0077 -0.9773
vn 0.2038 -0.0331 -0.9785
vn 0.1963 -0.0568 -0.9789
vn 0.1892 -0.0788 -0.9788
vn 0.1824 -0.0994 -0.9782
vn 0.1792 0.0136 -0.9837
vn 0.1723 -0.0130 -0.9850
vn 0.1656 -0.0381 -0.9855
vn 0.1594 -0.0613 -0.9853
vn 0.1533 -0.0834 -0.9847
vn 0.1435 0.0287 -0.9892
vn 0.1379 0.0019 -0.9904
vn 0.1324 -0.0229 -0.9909
vn 0.1271 -0.0465 -0.9908
vn 0.1222 -0.0688 -0.9901
vn 0.1071 0.0381 -0.9935
vn 0.1027 0.0126 -0.9946
vn 0.0985 -0.0115 -0.9951
vn 0.0944 -0.0342 -0.9949
vn 0.0906 -0.0558 -0.9943
vn 0.0722 0.0407 -0.9966
vn 0.0692 0.0180 -0.9974
vn 0.0663 -0.0035 -0.9978
vn 0.0634 -0.0240 -0.9977
vn 0.0607 -0.0435 -0.9972
vn 0.0419 0.0359 -0.9985
vn 0.0402 0.0180 -0.9990
vn 0.0384 0.0010 -0.9993
vn 0.0367 -0.0154 -0.9992
vn 0.0351 -0.0310 -0.9989
vn 0.0200 0.0224 -0.9995
vn 0.0193 0.0121 -0.9997
vn 0.0186 0.0022 -0.9998
vn 0.0179 -0.0073 -0.9998
vn 0.0173 -0.0165 -0.9997
vn 0.0096 0.0076 -0.9999
vn 0.0094 0.0041 -0.9999
vn 0.0093 0.0008 -1.0000
vn 0.0092 -0.0025 -1.0000
vn 0.0090 -0.0056 -0.9999
vn 0.0070 -0.0018 -1.0000
vn 0.0070 -0.0026 -1.0000
vn 0.0070 -0.0034 -1.0000
vn 0.0070 -0.0042 -1.0000
vn 0.0069 -0.0049 -1.0000
vn 0.0008 0.0112 -0.9999
vn 0.0004 -0.0009 -1.0000
vn 0.0001 -0.0137 -0.9999
vn -0.0003 -0.0272 -0.9996
vn -0.0008 -0.0415 -0.9991
vn 0.0005 0.0050 -1.0000
vn 0.0003 -0.0011 -1.0000
vn -0.0001 -0.0137 -0.9999
vn -0.0005 -0.0270 -0.9996
vn -0.0007 -0.0338 -0.9994
vn -0.0004 1.0000 -0.0004
vn -0.0009 1.0000 -0.0030
vn -0.0020 1.0000 -0.0096
vn -0.0032 0.9998 -0.0184
vn -0.0043 0.9996 -0.0288
vn -0.0056 0.9992 -0.0407
vn -0.0069 0.9985 -0.0538
vn -0.0084 0.9977 -0.0678
vn -0.0100 0.9965 -0.0826
vn -0.0117 0.9951 -0.0980
vn -0.0136 0.9934 -0.1138
vn -0.0136 0.9934 -0.1139
vn -0.0158 0.9914 -0.1299
vn -0.0182 0.9891 -0.1461
vn -0.0182 0.9891 -0.1460
vn -0.0210 0.9866 -0.1620
vn -0.0210 0.9866 -0.1619
vn -0.0244 0.9839 -0.1772
vn -0.0245 0.9839 -0.1772
vn -0.0214 0.9819 -0.1879
vn -0.0021 0.9810 -0.1940
vn 0.0259 0.9796 -0.1992
vn 0.0532 0.9775 -0.2041
vn 0.0814 0.9745 -0.2092
vn 0.1113 0.9704 -0.2143
vn 0.1431 0.9651 -0.2194
vn 0.1768 0.9583 -0.2245
vn 0.2125 0.9498 -0.2296
vn 0.2125 0.9498 -0.2297
vn 0.2500 0.9394 -0.2347
vn 0.2895 0.9267 -0.2396
vn 0.3308 0.9116 -0.2443
vn 0.3307 0.9116 -0.2443
vn 0.3736 0.8936 -0.2487
vn 0.4178 0.8726 -0.2529
vn 0.4630 0.8484 -0.2567
vn 0.4629 0.8484 -0.2567
vn 0.5087 0.8207 -0.2602
vn 0.5544 0.7895 -0.2632
vn 0.5996 0.7549 -0.2658
vn 0.5995 0.7549 -0.2658
vn 0.6435 0.7170 -0.2679
vn 0.6857 0.6762 -0.2696
vn 0.7254 0.6328 -0.2708
vn 0.7254 0.6328 -0.2709
vn 0.7623 0.5874 -0.2717
vn 0.7960 0.5406 -0.2723
vn 0.8262 0.4930 -0.2726
vn 0.8530 0.4451 -0.2727
vn 0.8762 0.3974 -0.2726
vn 0.8962 0.3503 -0.2724
vn 0.8962 0.3503 -0.2723
vn 0.9130 0.3041 -0.2719
vn 0.9270 0.2589 -0.2713
vn 0.9270 0.2589 -0.2714
vn 0.9384 0.2148 -0.2706
vn 0.9475 0.1717 -0.2697
vn 0.9545 0.1295 -0.2685
vn 0.9545 0.1295 -0.2686
vn 0.9586 0.0983 -0.2674
vn 0.9585 0.0983 -0.2674
vn 0.9611 0.0809 -0.2642
vn 0.9611 0.0810 -0.2642
vn 0.9667 0.0221 -0.2549
vn 0.9677 -0.0682 -0.2428
vn 0.9677 -0.0682 -0.2426
vn 0.9627 -0.1377 -0.2329
vn 0.9627 -0.1377 -0.2328
vn 0.9545 -0.1963 -0.2245
vn 0.9545 -0.1963 -0.2246
vn 0.9447 -0.2499 -0.2121
vn 0.9339 -0.3011 -0.1926
vn 0.9207 -0.3510 -0.1706
vn 0.9040 -0.4003 -0.1498
vn 0.8837 -0.4494 -0.1311
vn 0.8837 -0.4494 -0.1310
vn 0.8596 -0.4982 -0.1135
vn 0.8319 -0.5466 -0.0962
vn 0.8319 -0.5465 -0.0962
vn 0.8006 -0.5939 -0.0793
vn 0.7658 -0.6400 -0.0628
vn 0.7658 -0.6400 -0.0627
vn 0.7276 -0.6842 -0.0500
vn 0.6862 -0.7262 -0.0411
vn 0.6425 -0.7656 -0.0327
vn 0.5972 -0.8017 -0.0247
vn 0.5507 -0.8345 -0.0172
vn 0.5507 -0.8345 -0.0173
vn 0.5038 -0.8638 -0.0111
vn 0.5037 -0.8638 -0.0110
vn 0.4568 -0.8895 -0.0078
vn 0.4104 -0.9119 -0.0059
vn 0.4105 -0.9119 -0.0060
vn 0.3653 -0.9309 -0.0048
vn 0.3653 -0.9309 -0.0046
vn 0.3216 -0.9469 -0.0036
vn 0.3216 -0.9469 -0.0035
vn 0.2796 -0.9601 -0.0028
vn 0.2796 -0.9601 -0.0029
vn 0.2396 -0.9709 -0.0021
vn 0.2396 -0.9709 -0.0022
vn 0.2015 -0.9795 -0.0012
vn 0.1654 -0.9862 -0.0007
vn 0.1655 -0.9862 -0.0007
vn 0.1302 -0.9915 -0.0004
vn 0.1303 -0.9915 -0.0004
vn 0.1042 -0.9946 0.0001
vn 0.1041 -0.9946 0.0004
vn 0.1082 -0.9941 0.0054
vn 0.1388 -0.9902 0.0172
vn 0.1388 -0.9902 0.0173
vn 0.1771 -0.9835 0.0369
vn 0.2194 -0.9736 0.0630
vn 0.2646 -0.9597 0.0945
vn 0.2646 -0.9597 0.0946
vn 0.3122 -0.9411 0.1297
vn 0.3617 -0.9173 0.1663
vn 0.3617 -0.9173 0.1664
vn 0.4127 -0.8883 0.2017
vn 0.4644 -0.8542 0.2336
vn 0.5162 -0.8157 0.2611
vn 0.5673 -0.7731 0.2837
vn 0.5673 -0.7731 0.2836
vn 0.6169 -0.7272 0.3009
vn 0.6646 -0.6787 0.3125
vn 0.7098 -0.6285 0.3181
vn 0.7098 -0.6285 0.3182
vn 0.7523 -0.5774 0.3173
vn 0.7521 -0.5774 0.3176
vn 0.7917 -0.5263 0.3101
vn 0.8282 -0.4759 0.2960
vn 0.8615 -0.4264 0.2757
vn 0.8913 -0.3781 0.2501
vn 0.9175 -0.3313 0.2202
vn 0.9398 -0.2861 0.1871
vn 0.9581 -0.2426 0.1520
vn 0.9726 -0.2011 0.1166
vn 0.9834 -0.1618 0.0825
vn 0.9908 -0.1250 0.0521
vn 0.9955 -0.0909 0.0282
vn 0.9981 -0.0604 0.0138
vn 0.9993 -0.0352 0.0082
vn 0.9998 -0.0211 0.0037
vn 0.9998 -0.0219 0.0002
vn 0.9997 -0.0258 0.0001
vn -0.0044 -1.0000 0.0001
vn -0.0076 -1.0000 0.0027
vn -0.0131 -0.9999 0.0092
vn -0.0170 -0.9997 0.0179
vn -0.0199 -0.9994 0.0284
vn -0.0220 -0.9989 0.0403
vn -0.0234 -0.9983 0.0534
vn -0.0242 -0.9974 0.0675
vn -0.0245 -0.9963 0.0824
vn -0.0245 -0.9963 0.0823
vn -0.0243 -0.9949 0.0978
vn -0.0236 -0.9932 0.1137
vn -0.0222 -0.9913 0.1299
vn -0.0201 -0.9891 0.1460
vn -0.0171 -0.9866 0.1620
vn -0.0171 -0.9867 0.1619
vn -0.0128 -0.9841 0.1772
vn -0.0132 -0.9821 0.1879
vn -0.0320 -0.9805 0.1939
vn -0.0632 -0.9780 0.1989
vn -0.0936 -0.9746 0.2036
vn -0.0936 -0.9746 0.2037
vn -0.1250 -0.9700 0.2085
vn -0.1583 -0.9641 0.2133
vn -0.1934 -0.9566 0.2181
vn -0.2306 -0.9472 0.2228
vn -0.2697 -0.9357 0.2275
vn -0.3107 -0.9218 0.2320
vn -0.3107 -0.9217 0.2320
vn -0.3535 -0.9051 0.2363
vn -0.3979 -0.8854 0.2403
vn -0.3979 -0.8854 0.2404
vn -0.4436 -0.8624 0.2441
vn -0.4901 -0.8358 0.2474
vn -0.4901 -0.8358 0.2475
vn -0.5371 -0.8055 0.2504
vn -0.5840 -0.7713 0.2530
vn -0.6300 -0.7335 0.2551
vn -0.6301 -0.7335 0.2551
vn -0.6747 -0.6921 0.2567
vn -0.7171 -0.6475 0.2579
vn -0.7569 -0.6002 0.2587
vn -0.7934 -0.5508 0.2592
vn -0.8263 -0.5000 0.2593
vn -0.8263 -0.4999 0.2594
vn -0.8554 -0.4484 0.2593
vn -0.8554 -0.4483 0.2593
vn -0.8806 -0.3966 0.2591
vn -0.8807 -0.3966 0.2591
vn -0.9021 -0.3454 0.2588
vn -0.9199 -0.2950 0.2584
vn -0.9343 -0.2459 0.2580
vn -0.9457 -0.1983 0.2575
vn -0.9544 -0.1523 0.2569
vn -0.9605 -0.1079 0.2564
vn -0.9646 -0.0652 0.2556
vn -0.9646 -0.0651 0.2557
vn -0.9667 -0.0237 0.2549
vn -0.9667 -0.0238 0.2549
vn -0.9673 0.0210 0.2526
vn -0.9656 0.0876 0.2447
vn -0.9596 0.1556 0.2344
vn -0.9596 0.1557 0.2344
vn -0.9519 0.2065 0.2265
vn -0.9518 0.2067 0.2268
vn -0.9418 0.2546 0.2195
vn -0.9419 0.2545 0.2192
vn -0.9299 0.3002 0.2126
vn -0.9299 0.3003 0.2126
vn -0.9173 0.3437 0.2011
vn -0.9041 0.3863 0.1826
vn -0.8881 0.4304 0.1613
vn -0.8681 0.4759 0.1409
vn -0.8442 0.5219 0.1225
vn -0.8165 0.5677 0.1053
vn -0.7853 0.6128 0.0883
vn -0.7505 0.6570 0.0717
vn -0.7122 0.6998 0.0555
vn -0.7122 0.6998 0.0556
vn -0.6699 0.7412 0.0431
vn -0.6246 0.7802 0.0345
vn -0.5779 0.8157 0.0265
vn -0.5298 0.8479 0.0190
vn -0.4810 0.8767 0.0119
vn -0.4809 0.8767 0.0120
vn -0.4317 0.9020 0.0063
vn -0.3825 0.9240 0.0035
vn -0.3826 0.9239 0.0032
vn -0.3345 0.9424 0.0021
vn -0.3345 0.9424 0.0020
vn -0.2882 0.9576 0.0011
vn -0.2436 0.9699 0.0006
vn -0.2436 0.9699 0.0005
vn -0.2010 0.9796 -0.0000
vn -0.2010 0.9796 0.0002
vn -0.1605 0.9870 -0.0002
vn -0.1606 0.9870 -0.0004
vn -0.1223 0.9925 -0.0009
vn -0.1222 0.9925 -0.0005
vn -0.0860 0.9963 -0.0007
vn -0.0505 0.9987 -0.0007
vn -0.0269 0.9996 -0.0015
vn -0.0370 0.9993 -0.0062
vn -0.0371 0.9993 -0.0063
vn -0.0736 0.9971 -0.0180
vn -0.1175 0.9924 -0.0375
vn -0.1650 0.9842 -0.0635
vn -0.2148 0.9720 -0.0949
vn -0.2663 0.9551 -0.1300
vn -0.2662 0.9551 -0.1300
vn -0.3187 0.9331 -0.1665
vn -0.3188 0.9331 -0.1665
vn -0.3716 0.9062 -0.2017
vn -0.4245 0.8748 -0.2335
vn -0.4775 0.8390 -0.2609
vn -0.4774 0.8390 -0.2608
vn -0.5299 0.7993 -0.2834
vn -0.5299 0.7994 -0.2833
vn -0.5812 0.7563 -0.3005
vn -0.5812 0.7563 -0.3006
vn -0.6307 0.7105 -0.3121
vn -0.6781 0.6628 -0.3176
vn -0.7230 0.6139 -0.3169
vn -0.7229 0.6139 -0.3170
vn -0.7650 0.5648 -0.3094
vn -0.8042 0.5157 -0.2954
vn -0.8403 0.4672 -0.2751
vn -0.8729 0.4193 -0.2495
vn -0.8729 0.4193 -0.2496
vn -0.9017 0.3723 -0.2197
vn -0.9017 0.3723 -0.2196
vn -0.9266 0.3265 -0.1866
vn -0.9473 0.2821 -0.1516
vn -0.9640 0.2392 -0.1162
vn -0.9640 0.2392 -0.1163
vn -0.9767 0.1980 -0.0822
vn -0.9768 0.1980 -0.0822
vn -0.9860 0.1586 -0.0519
vn -0.9922 0.1211 -0.0281
vn -0.9962 0.0859 -0.0137
vn -0.9962 0.0859 -0.0138
vn -0.9985 0.0549 -0.0082
vn -0.9985 0.0549 -0.0081
vn -0.9994 0.0346 -0.0038
vn -0.9995 0.0308 -0.0003
vn -0.9994 0.0333 -0.0002
vn -0.1337 0.1762 -0.9752
vn 0.0297 0.2308 -0.9726
vn 0.0278 -0.0029 -0.9996
vn -0.1894 0.0024 -0.9819
vn 0.0290 -0.0030 -0.9996
vn -0.1890 0.0023 -0.9820
vn 0.0302 -0.0030 -0.9995
vn -0.1883 0.0024 -0.9821
vn 0.0314 -0.0030 -0.9995
vn -0.1876 0.0024 -0.9822
vn 0.0327 -0.0030 -0.9995
vn -0.1870 0.0024 -0.9824
vn 0.0339 -0.0029 -0.9994
vn -0.1865 0.0025 -0.9825
vn 0.0312 -0.2313 -0.9724
vn -0.1323 -0.1733 -0.9759
vn 0.0098 0.2270 -0.9739
vn 0.0054 -0.0094 -0.9999
vn 0.0075 -0.0094 -0.9999
vn 0.0096 -0.0095 -0.9999
vn 0.0118 -0.0094 -0.9999
vn 0.0140 -0.0094 -0.9999
vn 0.0161 -0.0095 -0.9998
vn 0.0126 -0.2361 -0.9717
vn -0.0055 0.2205 -0.9754
vn -0.0118 -0.0181 -0.9998
vn -0.0090 -0.0181 -0.9998
vn -0.0060 -0.0181 -0.9998
vn -0.0031 -0.0181 -0.9998
vn -0.0002 -0.0181 -0.9998
vn 0.0026 -0.0181 -0.9998
vn -0.0013 -0.2434 -0.9699
vn -0.0176 0.2119 -0.9771
vn -0.0254 -0.0284 -0.9993
vn -0.0220 -0.0285 -0.9994
vn -0.0185 -0.0285 -0.9994
vn -0.0150 -0.0285 -0.9995
vn -0.0115 -0.0286 -0.9995
vn -0.0080 -0.0286 -0.9996
vn -0.0124 -0.2526 -0.9675
vn -0.0276 0.2017 -0.9791
vn -0.0365 -0.0403 -0.9985
vn -0.0327 -0.0403 -0.9987
vn -0.0287 -0.0404 -0.9988
vn -0.0246 -0.0404 -0.9989
vn -0.0206 -0.0404 -0.9990
vn -0.0167 -0.0404 -0.9990
vn -0.0213 -0.2633 -0.9645
vn -0.0360 0.1900 -0.9811
vn -0.0458 -0.0533 -0.9975
vn -0.0415 -0.0533 -0.9977
vn -0.0371 -0.0534 -0.9979
vn -0.0326 -0.0534 -0.9980
vn -0.0282 -0.0534 -0.9982
vn -0.0239 -0.0535 -0.9983
vn -0.0286 -0.2752 -0.9609
vn -0.0430 0.1771 -0.9833
vn -0.0534 -0.0673 -0.9963
vn -0.0488 -0.0673 -0.9965
vn -0.0441 -0.0674 -0.9968
vn -0.0393 -0.0674 -0.9969
vn -0.0346 -0.0675 -0.9971
vn -0.0299 -0.0675 -0.9973
vn -0.0347 -0.2882 -0.9569
vn -0.0489 0.1632 -0.9854
vn -0.0598 -0.0821 -0.9948
vn -0.0549 -0.0821 -0.9951
vn -0.0499 -0.0822 -0.9954
vn -0.0448 -0.0822 -0.9956
vn -0.0398 -0.0823 -0.9958
vn -0.0349 -0.0823 -0.9960
vn -0.0396 -0.3020 -0.9525
vn -0.0538 0.1485 -0.9874
vn -0.0649 -0.0975 -0.9931
vn -0.0598 -0.0976 -0.9934
vn -0.0546 -0.0976 -0.9937
vn -0.0493 -0.0977 -0.9940
vn -0.0441 -0.0977 -0.9942
vn -0.0390 -0.0977 -0.9944
vn -0.0435 -0.3164 -0.9476
vn -0.0578 0.1331 -0.9894
vn -0.0689 -0.1134 -0.9911
vn -0.0637 -0.1135 -0.9915
vn -0.0582 -0.1136 -0.9918
vn -0.0528 -0.1136 -0.9921
vn -0.0474 -0.1136 -0.9924
vn -0.0421 -0.1136 -0.9926
vn -0.0464 -0.3313 -0.9424
vn -0.0608 0.1172 -0.9912
vn -0.0718 -0.1296 -0.9890
vn -0.0664 -0.1297 -0.9893
vn -0.0608 -0.1297 -0.9897
vn -0.0553 -0.1298 -0.9900
vn -0.0498 -0.1298 -0.9903
vn -0.0444 -0.1298 -0.9905
vn -0.0483 -0.3465 -0.9368
vn -0.0628 0.1009 -0.9929
vn -0.0733 -0.1459 -0.9866
vn -0.0679 -0.1459 -0.9870
vn -0.0623 -0.1460 -0.9873
vn -0.0567 -0.1460 -0.9877
vn -0.0511 -0.1460 -0.9880
vn -0.0457 -0.1460 -0.9882
vn -0.0490 -0.3618 -0.9310
vn -0.0637 0.0845 -0.9944
vn -0.0734 -0.1620 -0.9841
vn -0.0680 -0.1620 -0.9844
vn -0.0624 -0.1620 -0.9848
vn -0.0568 -0.1621 -0.9851
vn -0.0513 -0.1621 -0.9854
vn -0.0459 -0.1621 -0.9857
vn -0.0486 -0.3770 -0.9249
vn -0.0641 0.0684 -0.9956
vn -0.0727 -0.1776 -0.9814
vn -0.0672 -0.1776 -0.9818
vn -0.0617 -0.1776 -0.9822
vn -0.0561 -0.1776 -0.9825
vn -0.0506 -0.1776 -0.9828
vn -0.0452 -0.1776 -0.9831
vn -0.0468 -0.3916 -0.9190
vn -0.0404 0.0538 -0.9977
vn -0.0459 -0.1882 -0.9811
vn -0.0425 -0.1881 -0.9812
vn -0.0390 -0.1881 -0.9814
vn -0.0355 -0.1881 -0.9815
vn -0.0320 -0.1881 -0.9816
vn -0.0286 -0.1881 -0.9817
vn -0.0306 -0.4022 -0.9150
vn -0.0107 0.0451 -0.9989
vn -0.0197 -0.1934 -0.9809
vn -0.0184 -0.1934 -0.9810
vn -0.0170 -0.1934 -0.9810
vn -0.0156 -0.1935 -0.9810
vn -0.0141 -0.1935 -0.9810
vn -0.0127 -0.1936 -0.9810
vn -0.0194 -0.4088 -0.9124
vn -0.0045 0.0389 -0.9992
vn -0.0209 -0.1980 -0.9800
vn -0.0196 -0.1981 -0.9800
vn -0.0182 -0.1982 -0.9800
vn -0.0168 -0.1982 -0.9800
vn -0.0154 -0.1983 -0.9800
vn -0.0140 -0.1985 -0.9800
vn -0.0272 -0.4137 -0.9100
vn 0.0004 0.0336 -0.9994
vn -0.0232 -0.2024 -0.9790
vn -0.0218 -0.2025 -0.9790
vn -0.0204 -0.2027 -0.9790
vn -0.0190 -0.2028 -0.9790
vn -0.0175 -0.2029 -0.9790
vn -0.0161 -0.2031 -0.9790
vn -0.0359 -0.4175 -0.9080
vn 0.0053 0.0284 -0.9996
vn -0.0259 -0.2069 -0.9780
vn -0.0245 -0.2071 -0.9780
vn -0.0230 -0.2072 -0.9780
vn -0.0216 -0.2074 -0.9780
vn -0.0201 -0.2076 -0.9780
vn -0.0186 -0.2078 -0.9780
vn -0.0453 -0.4210 -0.9059
vn 0.0102 0.0229 -0.9997
vn -0.0290 -0.2115 -0.9770
vn -0.0276 -0.2117 -0.9770
vn -0.0261 -0.2119 -0.9769
vn -0.0246 -0.2122 -0.9769
vn -0.0231 -0.2124 -0.9769
vn -0.0216 -0.2126 -0.9769
vn -0.0556 -0.4242 -0.9039
vn 0.0151 0.0170 -0.9997
vn -0.0326 -0.2160 -0.9759
vn -0.0312 -0.2163 -0.9758
vn -0.0297 -0.2166 -0.9758
vn -0.0282 -0.2168 -0.9758
vn -0.0266 -0.2172 -0.9758
vn -0.0251 -0.2175 -0.9757
vn -0.0668 -0.4270 -0.9018
vn 0.0200 0.0107 -0.9997
vn -0.0368 -0.2205 -0.9747
vn -0.0353 -0.2208 -0.9747
vn -0.0338 -0.2212 -0.9746
vn -0.0323 -0.2215 -0.9746
vn -0.0307 -0.2218 -0.9746
vn -0.0292 -0.2222 -0.9746
vn -0.0790 -0.4294 -0.8997
vn 0.0247 0.0040 -0.9997
vn -0.0415 -0.2248 -0.9735
vn -0.0401 -0.2252 -0.9735
vn -0.0385 -0.2256 -0.9735
vn -0.0370 -0.2260 -0.9734
vn -0.0354 -0.2265 -0.9734
vn -0.0339 -0.2269 -0.9733
vn -0.0923 -0.4312 -0.8975
vn 0.0294 -0.0031 -0.9996
vn -0.0469 -0.2290 -0.9723
vn -0.0455 -0.2294 -0.9723
vn -0.0440 -0.2299 -0.9722
vn -0.0424 -0.2304 -0.9722
vn -0.0408 -0.2309 -0.9721
vn -0.0393 -0.2315 -0.9720
vn -0.1065 -0.4324 -0.8954
vn 0.0338 -0.0105 -0.9994
vn -0.0530 -0.2329 -0.9711
vn -0.0515 -0.2334 -0.9710
vn -0.0500 -0.2340 -0.9710
vn -0.0485 -0.2346 -0.9709
vn -0.0469 -0.2351 -0.9708
vn -0.0454 -0.2358 -0.9707
vn -0.1219 -0.4327 -0.8933
vn 0.0379 -0.0184 -0.9991
vn -0.0598 -0.2364 -0.9698
vn -0.0584 -0.2370 -0.9697
vn -0.0569 -0.2377 -0.9697
vn -0.0554 -0.2383 -0.9696
vn -0.0538 -0.2390 -0.9695
vn -0.0523 -0.2397 -0.9694
vn -0.1385 -0.4320 -0.8912
vn 0.0416 -0.0267 -0.9988
vn -0.0674 -0.2395 -0.9685
vn -0.0660 -0.2402 -0.9685
vn -0.0645 -0.2409 -0.9684
vn -0.0630 -0.2417 -0.9683
vn -0.0615 -0.2424 -0.9682
vn -0.0599 -0.2432 -0.9681
vn -0.1560 -0.4302 -0.8892
vn 0.0447 -0.0353 -0.9984
vn -0.0757 -0.2420 -0.9673
vn -0.0744 -0.2428 -0.9672
vn -0.0730 -0.2436 -0.9671
vn -0.0715 -0.2444 -0.9670
vn -0.0700 -0.2453 -0.9669
vn -0.0684 -0.2461 -0.9668
vn -0.1745 -0.4271 -0.8872
vn 0.0473 -0.0441 -0.9979
vn -0.0848 -0.2439 -0.9661
vn -0.0835 -0.2447 -0.9660
vn -0.0821 -0.2456 -0.9659
vn -0.0807 -0.2465 -0.9658
vn -0.0792 -0.2474 -0.9657
vn -0.0778 -0.2484 -0.9655
vn -0.1940 -0.4224 -0.8854
vn 0.0492 -0.0532 -0.9974
vn -0.0945 -0.2449 -0.9649
vn -0.0933 -0.2458 -0.9648
vn -0.0920 -0.2468 -0.9647
vn -0.0906 -0.2478 -0.9646
vn -0.0892 -0.2488 -0.9644
vn -0.0878 -0.2498 -0.9643
vn -0.2141 -0.4163 -0.8837
vn 0.0502 -0.0623 -0.9968
vn -0.1050 -0.2450 -0.9638
vn -0.1038 -0.2460 -0.9637
vn -0.1025 -0.2470 -0.9636
vn -0.1012 -0.2481 -0.9634
vn -0.0999 -0.2492 -0.9633
vn -0.0985 -0.2503 -0.9631
vn -0.2347 -0.4084 -0.8821
vn 0.0504 -0.0714 -0.9962
vn -0.1159 -0.2442 -0.9628
vn -0.1147 -0.2452 -0.9626
vn -0.1136 -0.2464 -0.9625
vn -0.1123 -0.2475 -0.9624
vn -0.1110 -0.2487 -0.9622
vn -0.1097 -0.2498 -0.9621
vn -0.2556 -0.3988 -0.8807
vn 0.0497 -0.0803 -0.9955
vn -0.1272 -0.2423 -0.9618
vn -0.1261 -0.2435 -0.9617
vn -0.1250 -0.2446 -0.9615
vn -0.1238 -0.2458 -0.9614
vn -0.1226 -0.2471 -0.9612
vn -0.1214 -0.2483 -0.9611
vn -0.2764 -0.3875 -0.8795
vn 0.0481 -0.0889 -0.9949
vn -0.1387 -0.2394 -0.9610
vn -0.1377 -0.2406 -0.9608
vn -0.1367 -0.2418 -0.9606
vn -0.1356 -0.2431 -0.9605
vn -0.1345 -0.2444 -0.9603
vn -0.1334 -0.2457 -0.9601
vn -0.2969 -0.3746 -0.8784
vn 0.0455 -0.0970 -0.9942
vn -0.1503 -0.2355 -0.9602
vn -0.1494 -0.2367 -0.9600
vn -0.1484 -0.2380 -0.9599
vn -0.1474 -0.2393 -0.9597
vn -0.1464 -0.2406 -0.9595
vn -0.1454 -0.2420 -0.9593
vn -0.3168 -0.3602 -0.8774
vn 0.0421 -0.1045 -0.9936
vn -0.1618 -0.2305 -0.9595
vn -0.1610 -0.2318 -0.9594
vn -0.1601 -0.2331 -0.9592
vn -0.1592 -0.2345 -0.9590
vn -0.1583 -0.2358 -0.9588
vn -0.1574 -0.2372 -0.9586
vn -0.3360 -0.3445 -0.8766
vn 0.0380 -0.1114 -0.9931
vn -0.1731 -0.2247 -0.9589
vn -0.1723 -0.2260 -0.9588
vn -0.1715 -0.2273 -0.9586
vn -0.1707 -0.2287 -0.9584
vn -0.1699 -0.2301 -0.9582
vn -0.1691 -0.2315 -0.9580
vn -0.3540 -0.3277 -0.8759
vn 0.0332 -0.1174 -0.9925
vn -0.1840 -0.2180 -0.9584
vn -0.1833 -0.2193 -0.9583
vn -0.1826 -0.2206 -0.9581
vn -0.1819 -0.2220 -0.9579
vn -0.1812 -0.2234 -0.9577
vn -0.1805 -0.2248 -0.9575
vn -0.3710 -0.3099 -0.8754
vn 0.0279 -0.1226 -0.9921
vn -0.1944 -0.2106 -0.9580
vn -0.1938 -0.2119 -0.9579
vn -0.1933 -0.2132 -0.9577
vn -0.1927 -0.2146 -0.9575
vn -0.1920 -0.2160 -0.9573
vn -0.1914 -0.2174 -0.9571
vn -0.3867 -0.2915 -0.8749
vn 0.0222 -0.1270 -0.9917
vn -0.2043 -0.2026 -0.9577
vn -0.2038 -0.2038 -0.9576
vn -0.2033 -0.2051 -0.9574
vn -0.2027 -0.2065 -0.9572
vn -0.2022 -0.2079 -0.9570
vn -0.2017 -0.2093 -0.9568
vn -0.4010 -0.2726 -0.8746
vn 0.0163 -0.1305 -0.9913
vn -0.2135 -0.1940 -0.9575
vn -0.2131 -0.1952 -0.9573
vn -0.2127 -0.1965 -0.9572
vn -0.2123 -0.1978 -0.9570
vn -0.2118 -0.1992 -0.9568
vn -0.2114 -0.2005 -0.9566
vn -0.4140 -0.2533 -0.8743
vn 0.0103 -0.1331 -0.9910
vn -0.2221 -0.1849 -0.9573
vn -0.2218 -0.1861 -0.9572
vn -0.2214 -0.1873 -0.9570
vn -0.2210 -0.1886 -0.9569
vn -0.2207 -0.1899 -0.9567
vn -0.2203 -0.1912 -0.9565
vn -0.4257 -0.2337 -0.8742
vn 0.0043 -0.1350 -0.9908
vn -0.2300 -0.1754 -0.9573
vn -0.2297 -0.1765 -0.9571
vn -0.2294 -0.1777 -0.9570
vn -0.2291 -0.1790 -0.9568
vn -0.2289 -0.1802 -0.9566
vn -0.2286 -0.1814 -0.9565
vn -0.4360 -0.2141 -0.8741
vn -0.0017 -0.1359 -0.9907
vn -0.2370 -0.1655 -0.9573
vn -0.2369 -0.1665 -0.9572
vn -0.2367 -0.1677 -0.9570
vn -0.2365 -0.1688 -0.9569
vn -0.2362 -0.1700 -0.9567
vn -0.2360 -0.1712 -0.9565
vn -0.4450 -0.1943 -0.8742
vn -0.0073 -0.1361 -0.9907
vn -0.2434 -0.1551 -0.9574
vn -0.2433 -0.1561 -0.9573
vn -0.2432 -0.1572 -0.9572
vn -0.2431 -0.1583 -0.9570
vn -0.2429 -0.1594 -0.9569
vn -0.2427 -0.1605 -0.9567
vn -0.4528 -0.1743 -0.8744
vn -0.0127 -0.1354 -0.9907
vn -0.2490 -0.1443 -0.9577
vn -0.2489 -0.1453 -0.9576
vn -0.2488 -0.1462 -0.9574
vn -0.2488 -0.1472 -0.9573
vn -0.2487 -0.1483 -0.9572
vn -0.2486 -0.1493 -0.9570
vn -0.4594 -0.1542 -0.8747
vn -0.0169 -0.1365 -0.9905
vn -0.2532 -0.1348 -0.9580
vn -0.2531 -0.1355 -0.9579
vn -0.2531 -0.1363 -0.9578
vn -0.2530 -0.1371 -0.9577
vn -0.2529 -0.1379 -0.9576
vn -0.2530 -0.1387 -0.9575
vn -0.4639 -0.1345 -0.8756
vn -0.0185 -0.1446 -0.9893
vn -0.2541 -0.1271 -0.9588
vn -0.2537 -0.1273 -0.9589
vn -0.2541 -0.1274 -0.9587
vn -0.2540 -0.1276 -0.9588
vn -0.2540 -0.1277 -0.9587
vn -0.2537 -0.1280 -0.9588
vn -0.4640 -0.1109 -0.8789
vn -0.0224 -0.1469 -0.9889
vn -0.2522 -0.1134 -0.9610
vn -0.2523 -0.1132 -0.9610
vn -0.2522 -0.1129 -0.9611
vn -0.2523 -0.1126 -0.9611
vn -0.2522 -0.1123 -0.9611
vn -0.2522 -0.1121 -0.9612
vn -0.4646 -0.0801 -0.8819
vn -0.0214 -0.1407 -0.9898
vn -0.2494 -0.0950 -0.9637
vn -0.2494 -0.0947 -0.9637
vn -0.2494 -0.0945 -0.9638
vn -0.2494 -0.0943 -0.9638
vn -0.2493 -0.0940 -0.9638
vn -0.2492 -0.0938 -0.9639
vn -0.4601 -0.0499 -0.8865
vn -0.0208 -0.1367 -0.9904
vn -0.2460 -0.0795 -0.9660
vn -0.2460 -0.0793 -0.9660
vn -0.2459 -0.0791 -0.9661
vn -0.2458 -0.0789 -0.9661
vn -0.2457 -0.0787 -0.9661
vn -0.2458 -0.0784 -0.9662
vn -0.4545 -0.0233 -0.8904
vn -0.0192 -0.1342 -0.9908
vn -0.2420 -0.0660 -0.9680
vn -0.2418 -0.0659 -0.9681
vn -0.2418 -0.0657 -0.9681
vn -0.2418 -0.0654 -0.9681
vn -0.2417 -0.0652 -0.9682
vn -0.2416 -0.0651 -0.9682
vn -0.4480 0.0004 -0.8940
vn -0.0219 -0.1427 -0.9895
vn -0.2370 -0.0656 -0.9693
vn -0.2366 -0.0648 -0.9695
vn -0.2362 -0.0639 -0.9696
vn -0.2359 -0.0629 -0.9697
vn -0.2356 -0.0619 -0.9699
vn -0.2353 -0.0610 -0.9700
vn -0.4414 0.0145 -0.8972
vn -0.0242 -0.1595 -0.9869
vn -0.2323 -0.0753 -0.9697
vn -0.2316 -0.0732 -0.9700
vn -0.2309 -0.0711 -0.9704
vn -0.2301 -0.0690 -0.9707
vn -0.2293 -0.0667 -0.9711
vn -0.2284 -0.0646 -0.9714
vn -0.4355 0.0221 -0.8999
vn -0.1323 -0.3042 -0.9434
vn -0.3033 -0.2843 -0.9095
vn -0.3029 -0.2821 -0.9103
vn -0.3021 -0.2796 -0.9114
vn -0.3013 -0.2771 -0.9124
vn -0.3005 -0.2744 -0.9135
vn -0.2996 -0.2723 -0.9144
vn -0.4396 -0.1528 -0.8851
vn -0.1205 0.1760 -0.9770
vn 0.0533 0.2299 -0.9717
vn 0.0535 -0.0030 -0.9986
vn -0.1755 0.0024 -0.9845
vn 0.0547 -0.0030 -0.9985
vn -0.1750 0.0024 -0.9846
vn 0.0559 -0.0031 -0.9984
vn -0.1743 0.0024 -0.9847
vn 0.0572 -0.0031 -0.9984
vn -0.1736 0.0024 -0.9848
vn 0.0584 -0.0031 -0.9983
vn -0.1729 0.0024 -0.9849
vn 0.0596 -0.0031 -0.9982
vn -0.1724 0.0025 -0.9850
vn 0.0576 -0.2313 -0.9712
vn -0.1179 -0.1735 -0.9777
vn 0.0519 0.2262 -0.9727
vn 0.0512 -0.0096 -0.9986
vn 0.0533 -0.0096 -0.9985
vn 0.0555 -0.0097 -0.9984
vn 0.0577 -0.0097 -0.9983
vn 0.0599 -0.0097 -0.9982
vn 0.0621 -0.0096 -0.9980
vn 0.0597 -0.2363 -0.9698
vn 0.0510 0.2197 -0.9742
vn 0.0497 -0.0184 -0.9986
vn 0.0525 -0.0185 -0.9985
vn 0.0554 -0.0184 -0.9983
vn 0.0584 -0.0185 -0.9981
vn 0.0613 -0.0185 -0.9979
vn 0.0641 -0.0185 -0.9978
vn 0.0616 -0.2437 -0.9679
vn 0.0503 0.2110 -0.9762
vn 0.0485 -0.0289 -0.9984
vn 0.0519 -0.0289 -0.9982
vn 0.0554 -0.0289 -0.9980
vn 0.0590 -0.0289 -0.9978
vn 0.0625 -0.0290 -0.9976
vn 0.0659 -0.0290 -0.9974
vn 0.0633 -0.2531 -0.9654
vn 0.0497 0.2007 -0.9784
vn 0.0476 -0.0408 -0.9980
vn 0.0515 -0.0408 -0.9978
vn 0.0555 -0.0409 -0.9976
vn 0.0595 -0.0409 -0.9974
vn 0.0635 -0.0409 -0.9971
vn 0.0673 -0.0409 -0.9969
vn 0.0647 -0.2639 -0.9624
vn 0.0491 0.1889 -0.9808
vn 0.0469 -0.0538 -0.9975
vn 0.0511 -0.0539 -0.9972
vn 0.0555 -0.0539 -0.9970
vn 0.0599 -0.0539 -0.9967
vn 0.0643 -0.0539 -0.9965
vn 0.0685 -0.0539 -0.9962
vn 0.0660 -0.2759 -0.9589
vn 0.0484 0.1761 -0.9832
vn 0.0462 -0.0678 -0.9966
vn 0.0507 -0.0679 -0.9964
vn 0.0555 -0.0679 -0.9962
vn 0.0602 -0.0679 -0.9959
vn 0.0648 -0.0679 -0.9956
vn 0.0694 -0.0679 -0.9953
vn 0.0670 -0.2889 -0.9550
vn 0.0477 0.1622 -0.9856
vn 0.0455 -0.0826 -0.9955
vn 0.0504 -0.0826 -0.9953
vn 0.0553 -0.0826 -0.9950
vn 0.0603 -0.0826 -0.9948
vn 0.0652 -0.0826 -0.9944
vn 0.0700 -0.0826 -0.9941
vn 0.0678 -0.3026 -0.9507
vn 0.0469 0.1475 -0.9879
vn 0.0449 -0.0980 -0.9942
vn 0.0499 -0.0980 -0.9939
vn 0.0551 -0.0980 -0.9937
vn 0.0602 -0.0980 -0.9934
vn 0.0653 -0.0980 -0.9930
vn 0.0703 -0.0980 -0.9927
vn 0.0684 -0.3170 -0.9460
vn 0.0459 0.1322 -0.9902
vn 0.0442 -0.1138 -0.9925
vn 0.0493 -0.1138 -0.9923
vn 0.0546 -0.1138 -0.9920
vn 0.0599 -0.1137 -0.9917
vn 0.0652 -0.1137 -0.9914
vn 0.0703 -0.1137 -0.9910
vn 0.0688 -0.3317 -0.9409
vn 0.0448 0.1164 -0.9922
vn 0.0434 -0.1298 -0.9906
vn 0.0487 -0.1298 -0.9903
vn 0.0541 -0.1297 -0.9901
vn 0.0594 -0.1297 -0.9898
vn 0.0648 -0.1296 -0.9894
vn 0.0700 -0.1296 -0.9891
vn 0.0689 -0.3467 -0.9354
vn 0.0434 0.1004 -0.9940
vn 0.0426 -0.1458 -0.9884
vn 0.0479 -0.1457 -0.9882
vn 0.0532 -0.1457 -0.9879
vn 0.0586 -0.1457 -0.9876
vn 0.0640 -0.1456 -0.9873
vn 0.0692 -0.1455 -0.9869
vn 0.0686 -0.3617 -0.9298
vn 0.0417 0.0843 -0.9956
vn 0.0416 -0.1616 -0.9860
vn 0.0468 -0.1615 -0.9858
vn 0.0521 -0.1615 -0.9855
vn 0.0575 -0.1614 -0.9852
vn 0.0627 -0.1613 -0.9849
vn 0.0678 -0.1612 -0.9846
vn 0.0680 -0.3765 -0.9239
vn 0.0400 0.0685 -0.9968
vn 0.0409 -0.1767 -0.9834
vn 0.0459 -0.1766 -0.9832
vn 0.0511 -0.1765 -0.9830
vn 0.0563 -0.1764 -0.9827
vn 0.0614 -0.1763 -0.9824
vn 0.0664 -0.1762 -0.9821
vn 0.0675 -0.3907 -0.9180
vn 0.0268 0.0551 -0.9981
vn 0.0278 -0.1878 -0.9818
vn 0.0313 -0.1877 -0.9817
vn 0.0348 -0.1876 -0.9816
vn 0.0384 -0.1876 -0.9815
vn 0.0419 -0.1875 -0.9814
vn 0.0454 -0.1876 -0.9812
vn 0.0469 -0.4028 -0.9141
vn 0.0172 0.0449 -0.9988
vn 0.0142 -0.1944 -0.9808
vn 0.0160 -0.1945 -0.9808
vn 0.0180 -0.1945 -0.9807
vn 0.0200 -0.1946 -0.9807
vn 0.0220 -0.1946 -0.9806
vn 0.0240 -0.1947 -0.9806
vn 0.0224 -0.4097 -0.9119
vn 0.0228 0.0377 -0.9990
vn 0.0128 -0.2000 -0.9797
vn 0.0147 -0.2001 -0.9797
vn 0.0167 -0.2003 -0.9796
vn 0.0187 -0.2004 -0.9795
vn 0.0208 -0.2005 -0.9795
vn 0.0228 -0.2006 -0.9794
vn 0.0154 -0.4157 -0.9093
vn 0.0284 0.0315 -0.9991
vn 0.0117 -0.2056 -0.9786
vn 0.0137 -0.2057 -0.9785
vn 0.0158 -0.2059 -0.9784
vn 0.0179 -0.2061 -0.9784
vn 0.0201 -0.2063 -0.9783
vn 0.0222 -0.2064 -0.9782
vn 0.0088 -0.4210 -0.9070
vn 0.0340 0.0254 -0.9991
vn 0.0101 -0.2113 -0.9774
vn 0.0122 -0.2116 -0.9773
vn 0.0144 -0.2118 -0.9772
vn 0.0166 -0.2120 -0.9771
vn 0.0189 -0.2123 -0.9770
vn 0.0212 -0.2126 -0.9769
vn 0.0015 -0.4261 -0.9047
vn 0.0395 0.0189 -0.9990
vn 0.0081 -0.2172 -0.9761
vn 0.0102 -0.2175 -0.9760
vn 0.0125 -0.2179 -0.9759
vn 0.0149 -0.2182 -0.9758
vn 0.0173 -0.2186 -0.9757
vn 0.0196 -0.2190 -0.9755
vn -0.0067 -0.4310 -0.9023
vn 0.0450 0.0120 -0.9989
vn 0.0055 -0.2232 -0.9747
vn 0.0077 -0.2237 -0.9746
vn 0.0101 -0.2241 -0.9745
vn 0.0125 -0.2246 -0.9744
vn 0.0150 -0.2250 -0.9742
vn 0.0175 -0.2255 -0.9741
vn -0.0160 -0.4359 -0.8998
vn 0.0502 0.0045 -0.9987
vn 0.0022 -0.2294 -0.9733
vn 0.0045 -0.2300 -0.9732
vn 0.0070 -0.2305 -0.9730
vn 0.0095 -0.2311 -0.9729
vn 0.0121 -0.2317 -0.9727
vn 0.0148 -0.2322 -0.9725
vn -0.0261 -0.4407 -0.8973
vn 0.0553 -0.0035 -0.9985
vn -0.0019 -0.2356 -0.9718
vn 0.0006 -0.2363 -0.9717
vn 0.0031 -0.2370 -0.9715
vn 0.0058 -0.2377 -0.9713
vn 0.0085 -0.2384 -0.9711
vn 0.0112 -0.2391 -0.9709
vn -0.0376 -0.4451 -0.8947
vn 0.0601 -0.0119 -0.9981
vn -0.0067 -0.2418 -0.9703
vn -0.0042 -0.2426 -0.9701
vn -0.0016 -0.2434 -0.9699
vn 0.0012 -0.2443 -0.9697
vn 0.0040 -0.2452 -0.9695
vn 0.0068 -0.2460 -0.9692
vn -0.0502 -0.4492 -0.8920
vn 0.0645 -0.0209 -0.9977
vn -0.0124 -0.2479 -0.9687
vn -0.0099 -0.2488 -0.9685
vn -0.0072 -0.2498 -0.9683
vn -0.0044 -0.2508 -0.9680
vn -0.0015 -0.2518 -0.9678
vn 0.0014 -0.2529 -0.9675
vn -0.0641 -0.4527 -0.8893
vn 0.0684 -0.0302 -0.9972
vn -0.0191 -0.2537 -0.9671
vn -0.0166 -0.2548 -0.9669
vn -0.0138 -0.2560 -0.9666
vn -0.0109 -0.2571 -0.9663
vn -0.0080 -0.2584 -0.9660
vn -0.0050 -0.2596 -0.9657
vn -0.0795 -0.4555 -0.8867
vn 0.0716 -0.0400 -0.9966
vn -0.0269 -0.2591 -0.9655
vn -0.0243 -0.2604 -0.9652
vn -0.0215 -0.2618 -0.9649
vn -0.0186 -0.2632 -0.9646
vn -0.0156 -0.2646 -0.9642
vn -0.0126 -0.2660 -0.9639
vn -0.0963 -0.4575 -0.8840
vn 0.0741 -0.0501 -0.9960
vn -0.0357 -0.2641 -0.9638
vn -0.0331 -0.2656 -0.9635
vn -0.0303 -0.2671 -0.9632
vn -0.0274 -0.2687 -0.9628
vn -0.0244 -0.2703 -0.9625
vn -0.0214 -0.2720 -0.9621
vn -0.1146 -0.4583 -0.8814
vn 0.0758 -0.0604 -0.9953
vn -0.0457 -0.2684 -0.9622
vn -0.0431 -0.2700 -0.9619
vn -0.0403 -0.2717 -0.9615
vn -0.0374 -0.2735 -0.9611
vn -0.0344 -0.2754 -0.9607
vn -0.0314 -0.2772 -0.9603
vn -0.1343 -0.4577 -0.8789
vn 0.0764 -0.0708 -0.9946
vn -0.0567 -0.2718 -0.9607
vn -0.0541 -0.2736 -0.9603
vn -0.0514 -0.2755 -0.9599
vn -0.0486 -0.2775 -0.9595
vn -0.0456 -0.2795 -0.9591
vn -0.0427 -0.2816 -0.9586
vn -0.1553 -0.4556 -0.8766
vn 0.0761 -0.0811 -0.9938
vn -0.0686 -0.2742 -0.9592
vn -0.0662 -0.2761 -0.9588
vn -0.0636 -0.2782 -0.9584
vn -0.0608 -0.2804 -0.9580
vn -0.0580 -0.2826 -0.9575
vn -0.0551 -0.2849 -0.9570
vn -0.1775 -0.4516 -0.8744
vn 0.0746 -0.0912 -0.9930
vn -0.0814 -0.2754 -0.9579
vn -0.0791 -0.2775 -0.9575
vn -0.0766 -0.2797 -0.9570
vn -0.0740 -0.2820 -0.9566
vn -0.0713 -0.2845 -0.9560
vn -0.0686 -0.2869 -0.9555
vn -0.2005 -0.4457 -0.8724
vn 0.0720 -0.1008 -0.9923
vn -0.0949 -0.2753 -0.9567
vn -0.0928 -0.2775 -0.9562
vn -0.0904 -0.2798 -0.9558
vn -0.0880 -0.2823 -0.9553
vn -0.0854 -0.2849 -0.9548
vn -0.0829 -0.2874 -0.9542
vn -0.2241 -0.4377 -0.8707
vn 0.0683 -0.1099 -0.9916
vn -0.1089 -0.2738 -0.9556
vn -0.1070 -0.2761 -0.9552
vn -0.1048 -0.2785 -0.9547
vn -0.1025 -0.2811 -0.9542
vn -0.1002 -0.2837 -0.9537
vn -0.0979 -0.2864 -0.9531
vn -0.2480 -0.4276 -0.8693
vn 0.0636 -0.1181 -0.9910
vn -0.1231 -0.2709 -0.9547
vn -0.1214 -0.2732 -0.9543
vn -0.1194 -0.2757 -0.9538
vn -0.1174 -0.2784 -0.9533
vn -0.1153 -0.2810 -0.9527
vn -0.1132 -0.2838 -0.9522
vn -0.2718 -0.4154 -0.8681
vn 0.0580 -0.1254 -0.9904
vn -0.1374 -0.2666 -0.9540
vn -0.1358 -0.2690 -0.9535
vn -0.1341 -0.2715 -0.9531
vn -0.1324 -0.2741 -0.9525
vn -0.1304 -0.2768 -0.9520
vn -0.1286 -0.2796 -0.9515
vn -0.2950 -0.4012 -0.8672
vn 0.0517 -0.1317 -0.9899
vn -0.1515 -0.2610 -0.9534
vn -0.1501 -0.2634 -0.9529
vn -0.1486 -0.2659 -0.9525
vn -0.1471 -0.2684 -0.9520
vn -0.1455 -0.2711 -0.9515
vn -0.1438 -0.2738 -0.9510
vn -0.3174 -0.3853 -0.8665
vn 0.0448 -0.1370 -0.9896
vn -0.1652 -0.2542 -0.9529
vn -0.1640 -0.2565 -0.9525
vn -0.1627 -0.2589 -0.9521
vn -0.1614 -0.2614 -0.9516
vn -0.1600 -0.2641 -0.9511
vn -0.1586 -0.2667 -0.9506
vn -0.3387 -0.3678 -0.8660
vn 0.0376 -0.1411 -0.9893
vn -0.1784 -0.2462 -0.9527
vn -0.1773 -0.2484 -0.9523
vn -0.1763 -0.2508 -0.9519
vn -0.1752 -0.2532 -0.9514
vn -0.1740 -0.2558 -0.9510
vn -0.1728 -0.2583 -0.9505
vn -0.3586 -0.3491 -0.8658
vn 0.0301 -0.1441 -0.9891
vn -0.1908 -0.2373 -0.9525
vn -0.1900 -0.2394 -0.9522
vn -0.1891 -0.2416 -0.9518
vn -0.1881 -0.2440 -0.9514
vn -0.1872 -0.2464 -0.9509
vn -0.1862 -0.2488 -0.9505
vn -0.3770 -0.3293 -0.8657
vn 0.0226 -0.1460 -0.9890
vn -0.2024 -0.2274 -0.9525
vn -0.2018 -0.2295 -0.9522
vn -0.2010 -0.2316 -0.9518
vn -0.2003 -0.2338 -0.9514
vn -0.1995 -0.2361 -0.9510
vn -0.1988 -0.2384 -0.9506
vn -0.3938 -0.3088 -0.8658
vn 0.0152 -0.1470 -0.9890
vn -0.2132 -0.2169 -0.9526
vn -0.2127 -0.2188 -0.9523
vn -0.2121 -0.2208 -0.9520
vn -0.2115 -0.2229 -0.9516
vn -0.2109 -0.2250 -0.9513
vn -0.2103 -0.2271 -0.9509
vn -0.4091 -0.2877 -0.8660
vn 0.0080 -0.1469 -0.9891
vn -0.2231 -0.2056 -0.9529
vn -0.2227 -0.2074 -0.9526
vn -0.2223 -0.2093 -0.9523
vn -0.2218 -0.2112 -0.9519
vn -0.2213 -0.2132 -0.9516
vn -0.2209 -0.2152 -0.9513
vn -0.4227 -0.2660 -0.8664
vn 0.0010 -0.1459 -0.9893
vn -0.2320 -0.1938 -0.9532
vn -0.2317 -0.1954 -0.9530
vn -0.2314 -0.1972 -0.9527
vn -0.2311 -0.1989 -0.9524
vn -0.2307 -0.2008 -0.9521
vn -0.2304 -0.2026 -0.9518
vn -0.4347 -0.2440 -0.8669
vn -0.0055 -0.1440 -0.9896
vn -0.2399 -0.1814 -0.9537
vn -0.2397 -0.1829 -0.9535
vn -0.2395 -0.1845 -0.9532
vn -0.2393 -0.1861 -0.9530
vn -0.2390 -0.1878 -0.9527
vn -0.2388 -0.1894 -0.9524
vn -0.4452 -0.2217 -0.8676
vn -0.0114 -0.1413 -0.9899
vn -0.2469 -0.1684 -0.9543
vn -0.2467 -0.1697 -0.9541
vn -0.2466 -0.1712 -0.9539
vn -0.2465 -0.1727 -0.9536
vn -0.2463 -0.1742 -0.9534
vn -0.2462 -0.1757 -0.9532
vn -0.4541 -0.1989 -0.8684
vn -0.0175 -0.1357 -0.9906
vn -0.2522 -0.1539 -0.9553
vn -0.2521 -0.1550 -0.9552
vn -0.2521 -0.1562 -0.9550
vn -0.2520 -0.1574 -0.9548
vn -0.2519 -0.1586 -0.9547
vn -0.2520 -0.1599 -0.9544
vn -0.4622 -0.1770 -0.8689
vn -0.0207 -0.1210 -0.9924
vn -0.2534 -0.1308 -0.9585
vn -0.2537 -0.1309 -0.9584
vn -0.2533 -0.1312 -0.9585
vn -0.2537 -0.1313 -0.9583
vn -0.2533 -0.1316 -0.9584
vn -0.2537 -0.1316 -0.9583
vn -0.4668 -0.1463 -0.8722
vn -0.0186 -0.1124 -0.9935
vn -0.2517 -0.1062 -0.9620
vn -0.2517 -0.1056 -0.9620
vn -0.2516 -0.1051 -0.9621
vn -0.2516 -0.1046 -0.9622
vn -0.2514 -0.1041 -0.9623
vn -0.2514 -0.1035 -0.9623
vn -0.4606 -0.1067 -0.8812
vn -0.0172 -0.1126 -0.9935
vn -0.2484 -0.0889 -0.9646
vn -0.2484 -0.0885 -0.9646
vn -0.2484 -0.0881 -0.9646
vn -0.2482 -0.0877 -0.9647
vn -0.2483 -0.0873 -0.9648
vn -0.2481 -0.0868 -0.9648
vn -0.4597 -0.0700 -0.8853
vn -0.0156 -0.1125 -0.9935
vn -0.2450 -0.0740 -0.9667
vn -0.2447 -0.0738 -0.9668
vn -0.2447 -0.0734 -0.9668
vn -0.2446 -0.0730 -0.9669
vn -0.2446 -0.0727 -0.9669
vn -0.2443 -0.0724 -0.9670
vn -0.4558 -0.0400 -0.8892
vn -0.0136 -0.1125 -0.9936
vn -0.2407 -0.0610 -0.9687
vn -0.2405 -0.0608 -0.9687
vn -0.2403 -0.0605 -0.9688
vn -0.2404 -0.0601 -0.9688
vn -0.2403 -0.0598 -0.9689
vn -0.2401 -0.0596 -0.9689
vn -0.4500 -0.0142 -0.8929
vn -0.0098 -0.1054 -0.9944
vn -0.2291 -0.0431 -0.9724
vn -0.2286 -0.0418 -0.9726
vn -0.2281 -0.0404 -0.9728
vn -0.2276 -0.0390 -0.9730
vn -0.2271 -0.0376 -0.9732
vn -0.2266 -0.0361 -0.9733
vn -0.4383 0.0199 -0.8986
vn -0.0019 -0.0951 -0.9955
vn -0.2134 -0.0240 -0.9767
vn -0.2124 -0.0210 -0.9770
vn -0.2112 -0.0179 -0.9773
vn -0.2100 -0.0147 -0.9776
vn -0.2088 -0.0114 -0.9779
vn -0.2073 -0.0082 -0.9782
vn -0.4223 0.0601 -0.9045
vn -0.1082 -0.2374 -0.9654
vn -0.2838 -0.2230 -0.9326
vn -0.2832 -0.2198 -0.9335
vn -0.2819 -0.2160 -0.9348
vn -0.2807 -0.2122 -0.9361
vn -0.2794 -0.2082 -0.9373
vn -0.2780 -0.2050 -0.9385
vn -0.4173 -0.0951 -0.9038
vn -0.4086 0.0006 -0.9127
vn -0.4092 0.0006 -0.9124
vn -0.3567 -0.4812 -0.8008
vn -0.3561 -0.4789 -0.8024
vn -0.4080 0.0006 -0.9130
vn -0.3555 -0.4766 -0.8040
vn -0.4077 0.0006 -0.9131
vn -0.3548 -0.4752 -0.8052
vn -0.1946 -0.2361 -0.9521
vn -0.5080 -0.1905 -0.8400
vn 0.0291 -0.4507 -0.8922
vn 0.0124 -0.4562 -0.8898
vn -0.0000 -0.4638 -0.8859
vn -0.0098 -0.4729 -0.8811
vn -0.0176 -0.4833 -0.8753
vn -0.0240 -0.4946 -0.8688
vn -0.0291 -0.5067 -0.8616
vn -0.0332 -0.5194 -0.8539
vn -0.0363 -0.5326 -0.8456
vn -0.0385 -0.5460 -0.8369
vn -0.0398 -0.5595 -0.8279
vn -0.0400 -0.5730 -0.8186
vn -0.0389 -0.5862 -0.8093
vn -0.0365 -0.5983 -0.8005
vn -0.0246 -0.6064 -0.7948
vn -0.0212 -0.6112 -0.7912
vn -0.0361 -0.6150 -0.7877
vn -0.0513 -0.6179 -0.7846
vn -0.0673 -0.6203 -0.7815
vn -0.0846 -0.6221 -0.7783
vn -0.1032 -0.6234 -0.7751
vn -0.1232 -0.6237 -0.7719
vn -0.1447 -0.6231 -0.7686
vn -0.1676 -0.6212 -0.7655
vn -0.1921 -0.6180 -0.7623
vn -0.2179 -0.6132 -0.7593
vn -0.2451 -0.6064 -0.7564
vn -0.2735 -0.5977 -0.7537
vn -0.3028 -0.5866 -0.7511
vn -0.3327 -0.5732 -0.7488
vn -0.3630 -0.5573 -0.7467
vn -0.3932 -0.5390 -0.7449
vn -0.4228 -0.5182 -0.7434
vn -0.4515 -0.4953 -0.7422
vn -0.4789 -0.4704 -0.7412
vn -0.5047 -0.4440 -0.7404
vn -0.5286 -0.4162 -0.7398
vn -0.5505 -0.3876 -0.7394
vn -0.5703 -0.3584 -0.7391
vn -0.5880 -0.3289 -0.7390
vn -0.6036 -0.2994 -0.7389
vn -0.6173 -0.2699 -0.7390
vn -0.6290 -0.2407 -0.7392
vn -0.6389 -0.2118 -0.7396
vn -0.6472 -0.1830 -0.7400
vn -0.6538 -0.1544 -0.7407
vn -0.6582 -0.1255 -0.7423
vn -0.6590 -0.0879 -0.7470
vn -0.6560 -0.0434 -0.7535
vn -0.6506 -0.0022 -0.7594
vn -0.6432 0.0345 -0.7649
vn -0.6340 0.0674 -0.7704
vn -0.6221 0.0923 -0.7774
vn -0.6117 0.1081 -0.7837
vn -0.4101 0.0007 -0.9120
vn -0.1964 0.2352 -0.9519
vn 0.0267 0.4437 -0.8958
vn 0.0079 0.4382 -0.8989
vn -0.0066 0.4305 -0.9026
vn -0.0183 0.4212 -0.9068
vn -0.0280 0.4104 -0.9115
vn -0.0361 0.3986 -0.9164
vn -0.0430 0.3857 -0.9216
vn -0.0489 0.3720 -0.9270
vn -0.0539 0.3576 -0.9323
vn -0.0581 0.3426 -0.9377
vn -0.0614 0.3273 -0.9429
vn -0.0638 0.3118 -0.9480
vn -0.0652 0.2963 -0.9529
vn -0.0663 0.2820 -0.9571
vn -0.0393 0.2723 -0.9614
vn -0.0051 0.2661 -0.9639
vn 0.0078 0.2604 -0.9655
vn 0.0193 0.2549 -0.9668
vn 0.0309 0.2488 -0.9681
vn 0.0429 0.2422 -0.9693
vn 0.0554 0.2348 -0.9705
vn 0.0683 0.2267 -0.9716
vn 0.0815 0.2177 -0.9726
vn 0.0949 0.2078 -0.9735
vn 0.1086 0.1970 -0.9744
vn 0.1223 0.1851 -0.9751
vn 0.1360 0.1721 -0.9756
vn 0.1493 0.1581 -0.9761
vn 0.1622 0.1430 -0.9763
vn 0.1745 0.1269 -0.9764
vn 0.1858 0.1100 -0.9764
vn 0.1961 0.0924 -0.9762
vn 0.2051 0.0742 -0.9759
vn 0.2126 0.0557 -0.9755
vn 0.2187 0.0373 -0.9751
vn 0.2232 0.0191 -0.9746
vn 0.2263 0.0013 -0.9741
vn 0.2279 -0.0158 -0.9735
vn 0.2283 -0.0321 -0.9731
vn 0.2276 -0.0474 -0.9726
vn 0.2260 -0.0616 -0.9722
vn 0.2236 -0.0748 -0.9718
vn 0.2205 -0.0869 -0.9715
vn 0.2171 -0.0980 -0.9712
vn 0.2132 -0.1080 -0.9710
vn 0.2094 -0.1169 -0.9708
vn 0.2063 -0.1287 -0.9700
vn 0.2045 -0.1522 -0.9670
vn 0.2034 -0.1708 -0.9641
vn 0.2023 -0.1773 -0.9632
vn 0.2012 -0.1849 -0.9619
vn 0.1999 -0.1934 -0.9605
vn 0.1987 -0.2141 -0.9564
vn 0.1955 -0.2400 -0.9509
vn -0.0862 -0.3865 -0.9182
vn -0.3575 -0.4848 -0.7982
vn -0.4098 0.0006 -0.9122
vn -0.3573 -0.4833 -0.7992
vn -0.3956 0.0006 -0.9184
vn -0.3962 0.0006 -0.9182
vn -0.3410 -0.4249 -0.8386
vn -0.3400 -0.4215 -0.8407
vn -0.3949 0.0006 -0.9187
vn -0.3389 -0.4179 -0.8429
vn -0.3946 0.0006 -0.9189
vn -0.3379 -0.4155 -0.8445
vn -0.1802 -0.2361 -0.9549
vn -0.4910 -0.1422 -0.8595
vn 0.0547 -0.4508 -0.8910
vn 0.0582 -0.4565 -0.8878
vn 0.0611 -0.4641 -0.8837
vn 0.0637 -0.4733 -0.8786
vn 0.0659 -0.4837 -0.8727
vn 0.0678 -0.4950 -0.8662
vn 0.0695 -0.5071 -0.8591
vn 0.0710 -0.5198 -0.8514
vn 0.0722 -0.5327 -0.8432
vn 0.0732 -0.5460 -0.8346
vn 0.0739 -0.5592 -0.8257
vn 0.0742 -0.5724 -0.8166
vn 0.0743 -0.5852 -0.8075
vn 0.0744 -0.5969 -0.7988
vn 0.0529 -0.6061 -0.7936
vn 0.0241 -0.6124 -0.7902
vn 0.0105 -0.6174 -0.7866
vn -0.0021 -0.6219 -0.7831
vn -0.0155 -0.6261 -0.7796
vn -0.0302 -0.6300 -0.7760
vn -0.0463 -0.6336 -0.7723
vn -0.0637 -0.6366 -0.7685
vn -0.0827 -0.6391 -0.7647
vn -0.1034 -0.6407 -0.7608
vn -0.1257 -0.6413 -0.7569
vn -0.1499 -0.6406 -0.7531
vn -0.1757 -0.6385 -0.7493
vn -0.2033 -0.6345 -0.7457
vn -0.2325 -0.6285 -0.7422
vn -0.2631 -0.6202 -0.7390
vn -0.2947 -0.6093 -0.7361
vn -0.3271 -0.5957 -0.7336
vn -0.3597 -0.5793 -0.7315
vn -0.3921 -0.5601 -0.7297
vn -0.4238 -0.5384 -0.7284
vn -0.4542 -0.5144 -0.7274
vn -0.4831 -0.4883 -0.7268
vn -0.5101 -0.4605 -0.7265
vn -0.5349 -0.4316 -0.7264
vn -0.5575 -0.4017 -0.7266
vn -0.5777 -0.3712 -0.7269
vn -0.5957 -0.3404 -0.7275
vn -0.6115 -0.3094 -0.7282
vn -0.6252 -0.2783 -0.7291
vn -0.6369 -0.2471 -0.7302
vn -0.6466 -0.2159 -0.7316
vn -0.6531 -0.1875 -0.7337
vn -0.6560 -0.1529 -0.7391
vn -0.6569 -0.1015 -0.7471
vn -0.6548 -0.0465 -0.7544
vn -0.6491 -0.0026 -0.7607
vn -0.6409 0.0348 -0.7668
vn -0.6240 0.0810 -0.7772
vn -0.6039 0.1275 -0.7868
vn -0.3972 0.0006 -0.9177
vn -0.1836 0.2353 -0.9544
vn 0.0472 0.4437 -0.8949
vn 0.0444 0.4380 -0.8979
vn 0.0424 0.4302 -0.9017
vn 0.0407 0.4208 -0.9062
vn 0.0392 0.4101 -0.9112
vn 0.0378 0.3982 -0.9165
vn 0.0365 0.3853 -0.9221
vn 0.0351 0.3716 -0.9277
vn 0.0337 0.3573 -0.9334
vn 0.0322 0.3425 -0.9390
vn 0.0306 0.3273 -0.9444
vn 0.0288 0.3120 -0.9497
vn 0.0267 0.2968 -0.9546
vn 0.0244 0.2826 -0.9589
vn 0.0158 0.2723 -0.9621
vn 0.0144 0.2654 -0.9640
vn 0.0262 0.2591 -0.9655
vn 0.0377 0.2530 -0.9667
vn 0.0494 0.2464 -0.9679
vn 0.0614 0.2391 -0.9691
vn 0.0737 0.2310 -0.9702
vn 0.0864 0.2222 -0.9712
vn 0.0993 0.2125 -0.9721
vn 0.1123 0.2019 -0.9730
vn 0.1254 0.1904 -0.9737
vn 0.1384 0.1778 -0.9743
vn 0.1512 0.1642 -0.9748
vn 0.1635 0.1496 -0.9751
vn 0.1753 0.1342 -0.9753
vn 0.1862 0.1178 -0.9754
vn 0.1962 0.1008 -0.9754
vn 0.2050 0.0833 -0.9752
vn 0.2125 0.0655 -0.9750
vn 0.2187 0.0477 -0.9746
vn 0.2233 0.0301 -0.9743
vn 0.2266 0.0130 -0.9739
vn 0.2284 -0.0035 -0.9736
vn 0.2291 -0.0192 -0.9732
vn 0.2285 -0.0338 -0.9729
vn 0.2271 -0.0474 -0.9727
vn 0.2249 -0.0599 -0.9725
vn 0.2221 -0.0712 -0.9724
vn 0.2189 -0.0814 -0.9724
vn 0.2154 -0.0906 -0.9723
vn 0.2117 -0.0987 -0.9723
vn 0.2081 -0.1058 -0.9724
vn 0.2054 -0.1094 -0.9725
vn 0.2054 -0.1069 -0.9728
vn 0.2072 -0.1134 -0.9717
vn 0.2086 -0.1306 -0.9693
vn 0.2089 -0.1447 -0.9672
vn 0.2089 -0.1573 -0.9652
vn 0.2145 -0.1651 -0.9627
vn 0.2213 -0.1675 -0.9607
vn -0.0626 -0.3164 -0.9466
vn -0.3424 -0.4306 -0.8351
vn -0.3968 0.0006 -0.9179
vn -0.3419 -0.4283 -0.8365
vt 0.000000 0.000000
vt 0.000000 0.522956
vt 0.250000 0.522956
vt 0.250000 0.000000
vt 0.500000 0.522956
vt 0.500000 0.000000
vt 0.750000 0.522956
vt 0.750000 0.000000
vt 1.000000 0.522956
vt 1.000000 0.000000
vt 0.000000 1.038553
vt 0.250000 1.038553
vt 0.500000 1.038553
vt 0.750000 1.038553
vt 1.000000 1.038553
vt 0.000000 1.549399
vt 0.250000 1.549399
vt 0.500000 1.549399
vt 0.750000 1.549399
vt 1.000000 1.549399
vt 0.000000 2.056829
vt 0.250000 2.056829
vt 0.500000 2.056829
vt 0.750000 2.056829
vt 1.000000 2.056829
vt 0.000000 2.561602
vt 0.250000 2.561602
vt 0.500000 2.561602
vt 0.750000 2.561602
vt 1.000000 2.561602
vt 0.000000 3.064173
vt 0.250000 3.064173
vt 0.500000 3.064173
vt 0.750000 3.064173
vt 1.000000 3.064173
vt 0.000000 3.564813
vt 0.250000 3.564813
vt 0.500000 3.564813
vt 0.750000 3.564813
vt 1.000000 3.564813
vt 0.000000 4.063668
vt 0.250000 4.063668
vt 0.500000 4.063668
vt 0.750000 4.063668
vt 1.000000 4.063668
vt 0.000000 4.560791
vt 0.250000 4.560791
vt 0.500000 4.560791
vt 0.750000 4.560791
vt 1.000000 4.560791
vt 0.000000 5.056145
vt 0.250000 5.056145
vt 0.500000 5.056145
vt 0.750000 5.056145
vt 1.000000 5.056145
vt 0.000000 5.549605
vt 0.250000 5.549605
vt 0.500000 5.549605
vt 0.750000 5.549605
vt 1.000000 5.549605
vt 0.000000 6.040938
vt 0.250000 6.040938
vt 0.500000 6.040938
vt 0.750000 6.040938
vt 1.000000 6.040938
vt 0.000000 6.529752
vt 0.250000 6.529752
vt 0.500000 6.529752
vt 0.750000 6.529752
vt 1.000000 6.529752
vt 0.000000 7.015416
vt 0.250000 7.015416
vt 0.500000 7.015416
vt 0.750000 7.015416
vt 1.000000 7.015416
vt 0.000000 7.486247
vt 0.250000 7.486247
vt 0.500000 7.486247
vt 0.750000 7.486247
vt 1.000000 7.486247
vt 0.000000 8.124803
vt 0.250000 8.124803
vt 0.500000 8.124803
vt 0.750000 8.124803
vt 1.000000 8.124803
vt 0.000000 8.674560
vt 0.250000 8.674560
vt 0.500000 8.674560
vt 0.750000 8.674560
vt 1.000000 8.674560
vt 0.000000 9.164327
vt 0.250000 9.164327
vt 0.500000 9.164327
vt 0.750000 9.164327
vt 1.000000 9.164327
vt 0.000000 9.653946
vt 0.250000 9.653946
vt 0.500000 9.653946
vt 0.750000 9.653946
vt 1.000000 9.653946
vt 0.000000 10.143439
vt 0.250000 10.143439
vt 0.500000 10.143439
vt 0.750000 10.143439
vt 1.000000 10.143439
vt 0.000000 10.632822
vt 0.250000 10.632822
vt 0.500000 10.632822
vt 0.750000 10.632822
vt 1.000000 10.632822
vt 0.000000 11.122124
vt 0.250000 11.122124
vt 0.500000 11.122124
vt 0.750000 11.122124
vt 1.000000 11.122124
vt 0.000000 11.611375
vt 0.250000 11.611375
vt 0.500000 11.611375
vt 0.750000 11.611375
vt 1.000000 11.611375
vt 0.000000 12.100621
vt 0.250000 12.100621
vt 0.500000 12.100621
vt 0.750000 12.100621
vt 1.000000 12.100621
vt 0.000000 12.589911
vt 0.250000 12.589911
vt 0.500000 12.589911
vt 0.750000 12.589911
vt 1.000000 12.589911
vt 0.000000 13.079299
vt 0.250000 13.079299
vt 0.500000 13.079299
vt 0.750000 13.079299
vt 1.000000 13.079299
vt 0.000000 13.568856
vt 0.250000 13.568856
vt 0.500000 13.568856
vt 0.750000 13.568856
vt 1.000000 13.568856
vt 0.000000 14.058647
vt 0.250000 14.058647
vt 0.500000 14.058647
vt 0.750000 14.058647
vt 1.000000 14.058647
vt 0.000000 14.548748
vt 0.250000 14.548748
vt 0.500000 14.548748
vt 0.750000 14.548748
vt 1.000000 14.548748
vt 0.000000 15.039232
vt 0.250000 15.039232
vt 0.500000 15.039232
vt 0.750000 15.039232
vt 1.000000 15.039232
vt 0.000000 15.530160
vt 0.250000 15.530160
vt 0.500000 15.530160
vt 0.750000 15.530160
vt 1.000000 15.530160
vt 0.000000 16.021587
vt 0.250000 16.021587
vt 0.500000 16.021587
vt 0.750000 16.021587
vt 1.000000 16.021587
vt 0.000000 16.513546
vt 0.250000 16.513546
vt 0.500000 16.513546
vt 0.750000 16.513546
vt 1.000000 16.513546
vt 0.000000 17.006044
vt 0.250000 17.006044
vt 0.500000 17.006044
vt 0.750000 17.006044
vt 1.000000 17.006044
vt 0.000000 17.499063
vt 0.250000 17.499063
vt 0.500000 17.499063
vt 0.750000 17.499063
vt 1.000000 17.499063
vt 0.000000 17.992565
vt 0.250000 17.992565
vt 0.500000 17.992565
vt 0.750000 17.992565
vt 1.000000 17.992565
vt 0.000000 18.486469
vt 0.250000 18.486469
vt 0.500000 18.486469
vt 0.750000 18.486469
vt 1.000000 18.486469
vt 0.000000 18.980692
vt 0.250000 18.980692
vt 0.500000 18.980692
vt 0.750000 18.980692
vt 1.000000 18.980692
vt 0.000000 19.475117
vt 0.250000 19.475117
vt 0.500000 19.475117
vt 0.750000 19.475117
vt 1.000000 19.475117
vt 0.000000 19.969627
vt 0.250000 19.969627
vt 0.500000 19.969627
vt 0.750000 19.969627
vt 1.000000 19.969627
vt 0.000000 20.464087
vt 0.250000 20.464087
vt 0.500000 20.464087
vt 0.750000 20.464087
vt 1.000000 20.464087
vt 0.000000 20.958355
vt 0.250000 20.958355
vt 0.500000 20.958355
vt 0.750000 20.958355
vt 1.000000 20.958355
vt 0.000000 21.452286
vt 0.250000 21.452286
vt 0.500000 21.452286
vt 0.750000 21.452286
vt 1.000000 21.452286
vt 0.000000 21.945717
vt 0.250000 21.945717
vt 0.500000 21.945717
vt 0.750000 21.945717
vt 1.000000 21.945717
vt 0.000000 22.438480
vt 0.250000 22.438480
vt 0.500000 22.438480
vt 0.750000 22.438480
vt 1.000000 22.438480
vt 0.000000 22.930374
vt 0.250000 22.930374
vt 0.500000 22.930374
vt 0.750000 22.930374
vt 1.000000 22.930374
vt 0.000000 23.421152
vt 0.250000 23.421152
vt 0.500000 23.421152
vt 0.750000 23.421152
vt 1.000000 23.421152
vt 0.000000 23.862711
vt 0.250000 23.862711
vt 0.500000 23.862711
vt 0.750000 23.862711
vt 1.000000 23.862711
vt 0.000000 24.289145
vt 0.250000 24.289145
vt 0.500000 24.289145
vt 0.750000 24.289145
vt 1.000000 24.289145
vt 0.000000 24.833908
vt 0.250000 24.833908
vt 0.500000 24.833908
vt 0.750000 24.833908
vt 1.000000 24.833908
vt 0.000000 25.360901
vt 0.250000 25.360901
vt 0.500000 25.360901
vt 0.750000 25.360901
vt 1.000000 25.360901
vt 0.000000 25.879408
vt 0.250000 25.879408
vt 0.500000 25.879408
vt 0.750000 25.879408
vt 1.000000 25.879408
vt 0.000000 26.392944
vt 0.250000 26.392944
vt 0.500000 26.392944
vt 0.750000 26.392944
vt 1.000000 26.392944
vt 0.000000 26.903257
vt 0.250000 26.903257
vt 0.500000 26.903257
vt 0.750000 26.903257
vt 1.000000 26.903257
vt 0.000000 27.411358
vt 0.250000 27.411358
vt 0.500000 27.411358
vt 0.750000 27.411358
vt 1.000000 27.411358
vt 0.000000 27.917912
vt 0.250000 27.917912
vt 0.500000 27.917912
vt 0.750000 27.917912
vt 1.000000 27.917912
vt 0.000000 28.423378
vt 0.250000 28.423378
vt 0.500000 28.423378
vt 0.750000 28.423378
vt 1.000000 28.423378
vt 0.000000 28.928108
vt 0.250000 28.928108
vt 0.500000 28.928108
vt 0.750000 28.928108
vt 1.000000 28.928108
vt 0.000000 29.432371
vt 0.250000 29.432371
vt 0.500000 29.432371
vt 0.750000 29.432371
vt 1.000000 29.432371
vt 0.000000 29.936386
vt 0.250000 29.936386
vt 0.500000 29.936386
vt 0.750000 29.936386
vt 1.000000 29.936386
vt 0.000000 30.440329
vt 0.250000 30.440329
vt 0.500000 30.440329
vt 0.750000 30.440329
vt 1.000000 30.440329
vt 0.000000 30.944332
vt 0.250000 30.944332
vt 0.500000 30.944332
vt 0.750000 30.944332
vt 1.000000 30.944332
vt 0.000000 31.448502
vt 0.250000 31.448502
vt 0.500000 31.448502
vt 0.750000 31.448502
vt 1.000000 31.448502
vt 0.000000 31.952904
vt 0.250000 31.952904
vt 0.500000 31.952904
vt 0.750000 31.952904
vt 1.000000 31.952904
vt 0.000000 32.457577
vt 0.250000 32.457577
vt 0.500000 32.457577
vt 0.750000 32.457577
vt 1.000000 32.457577
vt 0.000000 32.962528
vt 0.250000 32.962528
vt 0.500000 32.962528
vt 0.750000 32.962528
vt 1.000000 32.962528
vt 0.000000 33.467743
vt 0.250000 33.467743
vt 0.500000 33.467743
vt 0.750000 33.467743
vt 1.000000 33.467743
vt 0.000000 33.973194
vt 0.250000 33.973194
vt 0.500000 33.973194
vt 0.750000 33.973194
vt 1.000000 33.973194
vt 0.000000 34.478828
vt 0.250000 34.478828
vt 0.500000 34.478828
vt 0.750000 34.478828
vt 1.000000 34.478828
vt 0.000000 34.984596
vt 0.250000 34.984596
vt 0.500000 34.984596
vt 0.750000 34.984596
vt 1.000000 34.984596
vt 0.000000 35.490448
vt 0.250000 35.490448
vt 0.500000 35.490448
vt 0.750000 35.490448
vt 1.000000 35.490448
vt 0.000000 35.996326
vt 0.250000 35.996326
vt 0.500000 35.996326
vt 0.750000 35.996326
vt 1.000000 35.996326
vt 0.000000 36.502190
vt 0.250000 36.502190
vt 0.500000 36.502190
vt 0.750000 36.502190
vt 1.000000 36.502190
vt 0.000000 37.007988
vt 0.250000 37.007988
vt 0.500000 37.007988
vt 0.750000 37.007988
vt 1.000000 37.007988
vt 0.000000 37.513699
vt 0.250000 37.513699
vt 0.500000 37.513699
vt 0.750000 37.513699
vt 1.000000 37.513699
vt 0.000000 38.019283
vt 0.250000 38.019283
vt 0.500000 38.019283
vt 0.750000 38.019283
vt 1.000000 38.019283
vt 0.000000 38.561901
vt 0.250000 38.561901
vt 0.500000 38.561901
vt 0.750000 38.561901
vt 1.000000 38.561901
vt 0.000000 38.992271
vt 0.250000 38.992271
vt 0.500000 38.992271
vt 0.750000 38.992271
vt 1.000000 38.992271
vt 0.000000 39.423851
vt 0.250000 39.423851
vt 0.500000 39.423851
vt 0.750000 39.423851
vt 1.000000 39.423851
vt 0.000000 39.911358
vt 0.250000 39.911358
vt 0.500000 39.911358
vt 0.750000 39.911358
vt 1.000000 39.911358
vt 0.000000 40.398731
vt 0.250000 40.398731
vt 0.500000 40.398731
vt 0.750000 40.398731
vt 1.000000 40.398731
vt 0.000000 40.886032
vt 0.250000 40.886032
vt 0.500000 40.886032
vt 0.750000 40.886032
vt 1.000000 40.886032
vt 0.000000 41.373337
vt 0.250000 41.373337
vt 0.500000 41.373337
vt 0.750000 41.373337
vt 1.000000 41.373337
vt 0.000000 41.860748
vt 0.250000 41.860748
vt 0.500000 41.860748
vt 0.750000 41.860748
vt 1.000000 41.860748
vt 0.000000 42.348381
vt 0.250000 42.348381
vt 0.500000 42.348381
vt 0.750000 42.348381
vt 1.000000 42.348381
vt 0.000000 42.836369
vt 0.250000 42.836369
vt 0.500000 42.836369
vt 0.750000 42.836369
vt 1.000000 42.836369
vt 0.000000 43.324841
vt 0.250000 43.324841
vt 0.500000 43.324841
vt 0.750000 43.324841
vt 1.000000 43.324841
vt 0.000000 43.813934
vt 0.250000 43.813934
vt 0.500000 43.813934
vt 0.750000 43.813934
vt 1.000000 43.813934
vt 0.000000 44.303734
vt 0.250000 44.303734
vt 0.500000 44.303734
vt 0.750000 44.303734
vt 1.000000 44.303734
vt 0.000000 44.794315
vt 0.250000 44.794315
vt 0.500000 44.794315
vt 0.750000 44.794315
vt 1.000000 44.794315
vt 0.000000 45.285679
vt 0.250000 45.285679
vt 0.500000 45.285679
vt 0.750000 45.285679
vt 1.000000 45.285679
vt 0.000000 45.777763
vt 0.250000 45.777763
vt 0.500000 45.777763
vt 0.750000 45.777763
vt 1.000000 45.777763
vt 0.000000 46.270451
vt 0.250000 46.270451
vt 0.500000 46.270451
vt 0.750000 46.270451
vt 1.000000 46.270451
vt 0.000000 46.763554
vt 0.250000 46.763554
vt 0.500000 46.763554
vt 0.750000 46.763554
vt 1.000000 46.763554
vt 0.000000 47.256863
vt 0.250000 47.256863
vt 0.500000 47.256863
vt 0.750000 47.256863
vt 1.000000 47.256863
vt 0.000000 47.750118
vt 0.250000 47.750118
vt 0.500000 47.750118
vt 0.750000 47.750118
vt 1.000000 47.750118
vt 0.000000 48.243046
vt 0.250000 48.243046
vt 0.500000 48.243046
vt 0.750000 48.243046
vt 1.000000 48.243046
vt 0.000000 48.735348
vt 0.250000 48.735348
vt 0.500000 48.735348
vt 0.750000 48.735348
vt 1.000000 48.735348
vt 0.000000 49.226681
vt 0.250000 49.226681
vt 0.500000 49.226681
vt 0.750000 49.226681
vt 1.000000 49.226681
vt 0.000000 49.716652
vt 0.250000 49.716652
vt 0.500000 49.716652
vt 0.750000 49.716652
vt 1.000000 49.716652
vt 0.000000 50.204762
vt 0.250000 50.204762
vt 0.500000 50.204762
vt 0.750000 50.204762
vt 1.000000 50.204762
vt 0.000000 50.690323
vt 0.250000 50.690323
vt 0.500000 50.690323
vt 0.750000 50.690323
vt 1.000000 50.690323
vt 0.000000 51.172329
vt 0.250000 51.172329
vt 0.500000 51.172329
vt 0.750000 51.172329
vt 1.000000 51.172329
vt 0.000000 51.649132
vt 0.250000 51.649132
vt 0.500000 51.649132
vt 0.750000 51.649132
vt 1.000000 51.649132
vt 0.000000 52.117706
vt 0.250000 52.117706
vt 0.500000 52.117706
vt 0.750000 52.117706
vt 1.000000 52.117706
vt 0.000000 52.571548
vt 0.250000 52.571548
vt 0.500000 52.571548
vt 0.750000 52.571548
vt 1.000000 52.571548
vt 0.000000 52.992489
vt 0.250000 52.992489
vt 0.500000 52.992489
vt 0.750000 52.992489
vt 1.000000 52.992489
vt 0.000000 53.000000
vt 0.250000 53.000000
vt 0.500000 53.000000
vt 0.750000 53.000000
vt 1.000000 53.000000
vt 0.142857 0.522956
vt 0.142857 0.000000
vt 0.285714 0.522956
vt 0.285714 0.000000
vt 0.428571 0.522956
vt 0.428571 0.000000
vt 0.571429 0.522956
vt 0.571429 0.000000
vt 0.714286 0.522956
vt 0.714286 0.000000
vt 0.857143 0.522956
vt 0.857143 0.000000
vt 0.142857 1.038553
vt 0.285714 1.038553
vt 0.428571 1.038553
vt 0.571429 1.038553
vt 0.714286 1.038553
vt 0.857143 1.038553
vt 0.142857 1.549399
vt 0.285714 1.549399
vt 0.428571 1.549399
vt 0.571429 1.549399
vt 0.714286 1.549399
vt 0.857143 1.549399
vt 0.142857 2.056829
vt 0.285714 2.056829
vt 0.428571 2.056829
vt 0.571429 2.056829
vt 0.714286 2.056829
vt 0.857143 2.056829
vt 0.142857 2.561602
vt 0.285714 2.561602
vt 0.428571 2.561602
vt 0.571429 2.561602
vt 0.714286 2.561602
vt 0.857143 2.561602
vt 0.142857 3.064173
vt 0.285714 3.064173
vt 0.428571 3.064173
vt 0.571429 3.064173
vt 0.714286 3.064173
vt 0.857143 3.064173
vt 0.142857 3.564813
vt 0.285714 3.564813
vt 0.428571 3.564813
vt 0.571429 3.564813
vt 0.714286 3.564813
vt 0.857143 3.564813
vt 0.142857 4.063668
vt 0.285714 4.063668
vt 0.428571 4.063668
vt 0.571429 4.063668
vt 0.714286 4.063668
vt 0.857143 4.063668
vt 0.142857 4.560791
vt 0.285714 4.560791
vt 0.428571 4.560791
vt 0.571429 4.560791
vt 0.714286 4.560791
vt 0.857143 4.560791
vt 0.142857 5.056145
vt 0.285714 5.056145
vt 0.428571 5.056145
vt 0.571429 5.056145
vt 0.714286 5.056145
vt 0.857143 5.056145
vt 0.142857 5.549605
vt 0.285714 5.549605
vt 0.428571 5.549605
vt 0.571429 5.549605
vt 0.714286 5.549605
vt 0.857143 5.549605
vt 0.142857 6.040938
vt 0.285714 6.040938
vt 0.428571 6.040938
vt 0.571429 6.040938
vt 0.714286 6.040938
vt 0.857143 6.040938
vt 0.142857 6.529752
vt 0.285714 6.529752
vt 0.428571 6.529752
vt 0.571429 6.529752
vt 0.714286 6.529752
vt 0.857143 6.529752
vt 0.142857 7.015416
vt 0.285714 7.015416
vt 0.428571 7.015416
vt 0.571429 7.015416
vt 0.714286 7.015416
vt 0.857143 7.015416
vt 0.142857 7.486247
vt 0.285714 7.486247
vt 0.428571 7.486247
vt 0.571429 7.486247
vt 0.714286 7.486247
vt 0.857143 7.486247
vt 0.142857 8.124803
vt 0.285714 8.124803
vt 0.428571 8.124803
vt 0.571429 8.124803
vt 0.714286 8.124803
vt 0.857143 8.124803
vt 0.142857 8.674560
vt 0.285714 8.674560
vt 0.428571 8.674560
vt 0.571429 8.674560
vt 0.714286 8.674560
vt 0.857143 8.674560
vt 0.142857 9.164327
vt 0.285714 9.164327
vt 0.428571 9.164327
vt 0.571429 9.164327
vt 0.714286 9.164327
vt 0.857143 9.164327
vt 0.142857 9.653946
vt 0.285714 9.653946
vt 0.428571 9.653946
vt 0.571429 9.653946
vt 0.714286 9.653946
vt 0.857143 9.653946
vt 0.142857 10.143439
vt 0.285714 10.143439
vt 0.428571 10.143439
vt 0.571429 10.143439
vt 0.714286 10.143439
vt 0.857143 10.143439
vt 0.142857 10.632822
vt 0.285714 10.632822
vt 0.428571 10.632822
vt 0.571429 10.632822
vt 0.714286 10.632822
vt 0.857143 10.632822
vt 0.142857 11.122124
vt 0.285714 11.122124
vt 0.428571 11.122124
vt 0.571429 11.122124
vt 0.714286 11.122124
vt 0.857143 11.122124
vt 0.142857 11.611375
vt 0.285714 11.611375
vt 0.428571 11.611375
vt 0.571429 11.611375
vt 0.714286 11.611375
vt 0.857143 11.611375
vt 0.142857 12.100621
vt 0.285714 12.100621
vt 0.428571 12.100621
vt 0.571429 12.100621
vt 0.714286 12.100621
vt 0.857143 12.100621
vt 0.142857 12.589911
vt 0.285714 12.589911
vt 0.428571 12.589911
vt 0.571429 12.589911
vt 0.714286 12.589911
vt 0.857143 12.589911
vt 0.142857 13.079299
vt 0.285714 13.079299
vt 0.428571 13.079299
vt 0.571429 13.079299
vt 0.714286 13.079299
vt 0.857143 13.079299
vt 0.142857 13.568856
vt 0.285714 13.568856
vt 0.428571 13.568856
vt 0.571429 13.568856
vt 0.714286 13.568856
vt 0.857143 13.568856
vt 0.142857 14.058647
vt 0.285714 14.058647
vt 0.428571 14.058647
vt 0.571429 14.058647
vt 0.714286 14.058647
vt 0.857143 14.058647
vt 0.142857 14.548748
vt 0.285714 14.548748
vt 0.428571 14.548748
vt 0.571429 14.548748
vt 0.714286 14.548748
vt 0.857143 14.548748
vt 0.142857 15.039232
vt 0.285714 15.039232
vt 0.428571 15.039232
vt 0.571429 15.039232
vt 0.714286 15.039232
vt 0.857143 15.039232
vt 0.142857 15.530160
vt 0.285714 15.530160
vt 0.428571 15.530160
vt 0.571429 15.530160
vt 0.714286 15.530160
vt 0.857143 15.530160
vt 0.142857 16.021587
vt 0.285714 16.021587
vt 0.428571 16.021587
vt 0.571429 16.021587
vt 0.714286 16.021587
vt 0.857143 16.021587
vt 0.142857 16.513546
vt 0.285714 16.513546
vt 0.428571 16.513546
vt 0.571429 16.513546
vt 0.714286 16.513546
vt 0.857143 16.513546
vt 0.142857 17.006044
vt 0.285714 17.006044
vt 0.428571 17.006044
vt 0.571429 17.006044
vt 0.714286 17.006044
vt 0.857143 17.006044
vt 0.142857 17.499063
vt 0.285714 17.499063
vt 0.428571 17.499063
vt 0.571429 17.499063
vt 0.714286 17.499063
vt 0.857143 17.499063
vt 0.142857 17.992565
vt 0.285714 17.992565
vt 0.428571 17.992565
vt 0.571429 17.992565
vt 0.714286 17.992565
vt 0.857143 17.992565
vt 0.142857 18.486469
vt 0.285714 18.486469
vt 0.428571 18.486469
vt 0.571429 18.486469
vt 0.714286 18.486469
vt 0.857143 18.486469
vt 0.142857 18.980692
vt 0.285714 18.980692
vt 0.428571 18.980692
vt 0.571429 18.980692
vt 0.714286 18.980692
vt 0.857143 18.980692
vt 0.142857 19.475117
vt 0.285714 19.475117
vt 0.428571 19.475117
vt 0.571429 19.475117
vt 0.714286 19.475117
vt 0.857143 19.475117
vt 0.142857 19.969627
vt 0.285714 19.969627
vt 0.428571 19.969627
vt 0.571429 19.969627
vt 0.714286 19.969627
vt 0.857143 19.969627
vt 0.142857 20.464087
vt 0.285714 20.464087
vt 0.428571 20.464087
vt 0.571429 20.464087
vt 0.714286 20.464087
vt 0.857143 20.464087
vt 0.142857 20.958355
vt 0.285714 20.958355
vt 0.428571 20.958355
vt 0.571429 20.958355
vt 0.714286 20.958355
vt 0.857143 20.958355
vt 0.142857 21.452286
vt 0.285714 21.452286
vt 0.428571 21.452286
vt 0.571429 21.452286
vt 0.714286 21.452286
vt 0.857143 21.452286
vt 0.142857 21.945717
vt 0.285714 21.945717
vt 0.428571 21.945717
vt 0.571429 21.945717
vt 0.714286 21.945717
vt 0.857143 21.945717
vt 0.142857 22.438480
vt 0.285714 22.438480
vt 0.428571 22.438480
vt 0.571429 22.438480
vt 0.714286 22.438480
vt 0.857143 22.438480
vt 0.142857 22.930374
vt 0.285714 22.930374
vt 0.428571 22.930374
vt 0.571429 22.930374
vt 0.714286 22.930374
vt 0.857143 22.930374
vt 0.142857 23.421152
vt 0.285714 23.421152
vt 0.428571 23.421152
vt 0.571429 23.421152
vt 0.714286 23.421152
vt 0.857143 23.421152
vt 0.142857 23.862711
vt 0.285714 23.862711
vt 0.428571 23.862711
vt 0.571429 23.862711
vt 0.714286 23.862711
vt 0.857143 23.862711
vt 0.142857 24.289145
vt 0.285714 24.289145
vt 0.428571 24.289145
vt 0.571429 24.289145
vt 0.714286 24.289145
vt 0.857143 24.289145
vt 0.142857 24.833908
vt 0.285714 24.833908
vt 0.428571 24.833908
vt 0.571429 24.833908
vt 0.714286 24.833908
vt 0.857143 24.833908
vt 0.142857 25.360901
vt 0.285714 25.360901
vt 0.428571 25.360901
vt 0.571429 25.360901
vt 0.714286 25.360901
vt 0.857143 25.360901
vt 0.142857 25.879408
vt 0.285714 25.879408
vt 0.428571 25.879408
vt 0.571429 25.879408
vt 0.714286 25.879408
vt 0.857143 25.879408
vt 0.142857 26.392944
vt 0.285714 26.392944
vt 0.428571 26.392944
vt 0.571429 26.392944
vt 0.714286 26.392944
vt 0.857143 26.392944
vt 0.142857 26.903257
vt 0.285714 26.903257
vt 0.428571 26.903257
vt 0.571429 26.903257
vt 0.714286 26.903257
vt 0.857143 26.903257
vt 0.000000 27.101225
vt 0.142857 27.101225
vt 0.285714 27.101225
vt 0.428571 27.101225
vt 0.571429 27.101225
vt 0.714286 27.101225
vt 0.857143 27.101225
vt 1.000000 27.101225
s 1
usemtl track_surface
f 676/376/485 681/377/486 682/378/487 677/379/488
f 677/379/488 682/378/487 683/380/489 678/381/490
f 678/381/490 683/380/489 684/382/491 679/383/492
f 679/383/492 684/382/491 685/384/493 680/385/494
f 681/377/486 686/386/495 687/387/496 682/378/487
f 682/378/487 687/387/496 688/388/497 683/380/489
f 683/380/489 688/388/497 689/389/498 684/382/491
f 684/382/491 689/389/498 690/390/499 685/384/493
f 686/386/495 691/391/500 692/392/501 687/387/496
f 687/387/496 692/392/501 693/393/502 688/388/497
f 688/388/497 693/393/502 694/394/503 689/389/498
f 689/389/498 694/394/503 695/395/504 690/390/499
f 691/391/500 696/396/505 697/397/506 692/392/501
f 692/392/501 697/397/506 698/398/507 693/393/502
f 693/393/502 698/398/507 699/399/508 694/394/503
f 694/394/503 699/399/508 700/400/509 695/395/504
f 696/396/505 701/401/510 702/402/511 697/397/506
f 697/397/506 702/402/511 703/403/512 698/398/507
f 698/398/507 703/403/512 704/404/513 699/399/508
f 699/399/508 704/404/513 705/405/514 700/400/509
f 701/401/510 706/406/515 707/407/516 702/402/511
f 702/402/511 707/407/516 708/408/517 703/403/512
f 703/403/512 708/408/517 709/409/518 704/404/513
f 704/404/513 709/409/518 710/410/519 705/405/514
f 706/406/515 711/411/520 712/412/521 707/407/516
f 707/407/516 712/412/521 713/413/522 708/408/517
f 708/408/517 713/413/522 714/414/523 709/409/518
f 709/409/518 714/414/523 715/415/524 710/410/519
f 711/411/520 716/416/525 717/417/526 712/412/521
f 712/412/521 717/417/526 718/418/527 713/413/522
f 713/413/522 718/418/527 719/419/528 714/414/523
f 714/414/523 719/419/528 720/420/529 715/415/524
f 716/416/525 721/421/530 722/422/531 717/417/526
f 717/417/526 722/422/531 723/423/532 718/418/527
f 718/418/527 723/423/532 724/424/533 719/419/528
f 719/419/528 724/424/533 725/425/534 720/420/529
f 721/421/530 726/426/535 727/427/536 722/422/531
f 722/422/531 727/427/536 728/428/537 723/423/532
f 723/423/532 728/428/537 729/429/538 724/424/533
f 724/424/533 729/429/538 730/430/539 725/425/534
f 726/426/535 731/431/540 732/432/541 727/427/536
f 727/427/536 732/432/541 733/433/542 728/428/537
f 728/428/537 733/433/542 734/434/543 729/429/538
f 729/429/538 734/434/543 735/435/544 730/430/539
f 731/431/540 736/436/545 737/437/546 732/432/541
f 732/432/541 737/437/546 738/438/547 733/433/542
f 733/433/542 738/438/547 739/439/548 734/434/543
f 734/434/543 739/439/548 740/440/549 735/435/544
f 736/436/545 741/441/550 742/442/551 737/437/546
f 737/437/546 742/442/551 743/443/552 738/438/547
f 738/438/547 743/443/552 744/444/553 739/439/548
f 739/439/548 744/444/553 745/445/554 740/440/549
f 741/441/550 746/446/555 747/447/556 742/442/551
f 742/442/551 747/447/556 748/448/557 743/443/552
f 743/443/552 748/448/557 749/449/558 744/444/553
f 744/444/553 749/449/558 750/450/559 745/445/554
f 746/446/555 751/451/560 752/452/561 747/447/556
f 747/447/556 752/452/561 753/453/562 748/448/557
f 748/448/557 753/453/562 754/454/563 749/449/558
f 749/449/558 754/454/563 755/455/564 750/450/559
f 751/451/560 756/456/565 757/457/566 752/452/561
f 752/452/561 757/457/566 758/458/567 753/453/562
f 753/453/562 758/458/567 759/459/568 754/454/563
f 754/454/563 759/459/568 760/460/569 755/455/564
f 756/456/565 761/461/570 762/462/571 757/457/566
f 757/457/566 762/462/571 763/463/572 758/458/567
f 758/458/567 763/463/572 764/464/573 759/459/568
f 759/459/568 764/464/573 765/465/574 760/460/569
f 761/461/570 766/466/575 767/467/576 762/462/571
f 762/462/571 767/467/576 768/468/577 763/463/572
f 763/463/572 768/468/577 769/469/578 764/464/573
f 764/464/573 769/469/578 770/470/579 765/465/574
f 766/466/575 771/471/580 772/472/581 767/467/576
f 767/467/576 772/472/581 773/473/582 768/468/577
f 768/468/577 773/473/582 774/474/583 769/469/578
f 769/469/578 774/474/583 775/475/584 770/470/579
f 771/471/580 776/476/585 777/477/586 772/472/581
f 772/472/581 777/477/586 778/478/587 773/473/582
f 773/473/582 778/478/587 779/479/588 774/474/583
f 774/474/583 779/479/588 780/480/589 775/475/584
f 776/476/585 781/481/590 782/482/591 777/477/586
f 777/477/586 782/482/591 783/483/592 778/478/587
f 778/478/587 783/483/592 784/484/593 779/479/588
f 779/479/588 784/484/593 785/485/594 780/480/589
f 781/481/590 786/486/595 787/487/596 782/482/591
f 782/482/591 787/487/596 788/488/597 783/483/592
f 783/483/592 788/488/597 789/489/598 784/484/593
f 784/484/593 789/489/598 790/490/599 785/485/594
f 786/486/595 791/491/600 792/492/601 787/487/596
f 787/487/596 792/492/601 793/493/602 788/488/597
f 788/488/597 793/493/602 794/494/603 789/489/598
f 789/489/598 794/494/603 795/495/604 790/490/599
f 791/491/600 796/496/605 797/497/606 792/492/601
f 792/492/601 797/497/606 798/498/607 793/493/602
f 793/493/602 798/498/607 799/499/608 794/494/603
f 794/494/603 799/499/608 800/500/609 795/495/604
f 796/496/605 801/501/610 802/502/611 797/497/606
f 797/497/606 802/502/611 803/503/612 798/498/607
f 798/498/607 803/503/612 804/504/613 799/499/608
f 799/499/608 804/504/613 805/505/614 800/500/609
f 801/501/610 806/506/615 807/507/616 802/502/611
f 802/502/611 807/507/616 808/508/617 803/503/612
f 803/503/612 808/508/617 809/509/618 804/504/613
f 804/504/613 809/509/618 810/510/619 805/505/614
f 806/506/615 811/511/620 812/512/621 807/507/616
f 807/507/616 812/512/621 813/513/622 808/508/617
f 808/508/617 813/513/622 814/514/623 809/509/618
f 809/509/618 814/514/623 815/515/624 810/510/619
f 811/511/620 816/516/625 817/517/626 812/512/621
f 812/512/621 817/517/626 818/518/627 813/513/622
f 813/513/622 818/518/627 819/519/628 814/514/623
f 814/514/623 819/519/628 820/520/629 815/515/624
f 816/516/625 821/521/630 822/522/631 817/517/626
f 817/517/626 822/522/631 823/523/632 818/518/627
f 818/518/627 823/523/632 824/524/633 819/519/628
f 819/519/628 824/524/633 825/525/634 820/520/629
f 821/521/630 826/526/635 827/527/636 822/522/631
f 822/522/631 827/527/636 828/528/637 823/523/632
f 823/523/632 828/528/637 829/529/638 824/524/633
f 824/524/633 829/529/638 830/530/639 825/525/634
f 826/526/635 831/531/640 832/532/641 827/527/636
f 827/527/636 832/532/641 833/533/642 828/528/637
f 828/528/637 833/533/642 834/534/643 829/529/638
f 829/529/638 834/534/643 835/535/644 830/530/639
f 831/531/640 836/536/645 837/537/646 832/532/641
f 832/532/641 837/537/646 838/538/647 833/533/642
f 833/533/642 838/538/647 839/539/648 834/534/643
f 834/534/643 839/539/648 840/540/649 835/535/644
f 836/536/645 841/541/650 842/542/651 837/537/646
f 837/537/646 842/542/651 843/543/652 838/538/647
f 838/538/647 843/543/652 844/544/653 839/539/648
f 839/539/648 844/544/653 845/545/654 840/540/649
f 841/541/650 846/546/655 847/547/656 842/542/651
f 842/542/651 847/547/656 848/548/657 843/543/652
f 843/543/652 848/548/657 849/549/658 844/544/653
f 844/544/653 849/549/658 850/550/659 845/545/654
f 846/546/655 851/551/660 852/552/661 847/547/656
f 847/547/656 852/552/661 853/553/662 848/548/657
f 848/548/657 853/553/662 854/554/663 849/549/658
f 849/549/658 854/554/663 855/555/664 850/550/659
f 851/551/660 856/556/665 857/557/666 852/552/661
f 852/552/661 857/557/666 858/558/667 853/553/662
f 853/553/662 858/558/667 859/559/668 854/554/663
f 854/554/663 859/559/668 860/560/669 855/555/664
f 856/556/665 861/561/670 862/562/671 857/557/666
f 857/557/666 862/562/671 863/563/672 858/558/667
f 858/558/667 863/563/672 864/564/673 859/559/668
f 859/559/668 864/564/673 865/565/674 860/560/669
f 861/561/670 866/566/675 867/567/676 862/562/671
f 862/562/671 867/567/676 868/568/677 863/563/672
f 863/563/672 868/568/677 869/569/678 864/564/673
f 864/564/673 869/569/678 870/570/679 865/565/674
f 866/566/675 871/571/680 872/572/681 867/567/676
f 867/567/676 872/572/681 873/573/682 868/568/677
f 868/568/677 873/573/682 874/574/683 869/569/678
f 869/569/678 874/574/683 875/575/684 870/570/679
f 871/571/680 876/576/685 877/577/686 872/572/681
f 872/572/681 877/577/686 878/578/687 873/573/682
f 873/573/682 878/578/687 879/579/688 874/574/683
f 874/574/683 879/579/688 880/580/689 875/575/684
f 876/576/685 881/581/690 882/582/691 877/577/686
f 877/577/686 882/582/691 883/583/692 878/578/687
f 878/578/687 883/583/692 884/584/693 879/579/688
f 879/579/688 884/584/693 885/585/694 880/580/689
f 881/581/690 886/586/695 887/587/696 882/582/691
f 882/582/691 887/587/696 888/588/697 883/583/692
f 883/583/692 888/588/697 889/589/698 884/584/693
f 884/584/693 889/589/698 890/590/699 885/585/694
f 886/586/695 891/591/700 892/592/701 887/587/696
f 887/587/696 892/592/701 893/593/702 888/588/697
f 888/588/697 893/593/702 894/594/703 889/589/698
f 889/589/698 894/594/703 895/595/704 890/590/699
f 891/591/700 896/596/705 897/597/706 892/592/701
f 892/592/701 897/597/706 898/598/707 893/593/702
f 893/593/702 898/598/707 899/599/708 894/594/703
f 894/594/703 899/599/708 900/600/709 895/595/704
f 896/596/705 901/601/710 902/602/711 897/597/706
f 897/597/706 902/602/711 903/603/712 898/598/707
f 898/598/707 903/603/712 904/604/713 899/599/708
f 899/599/708 904/604/713 905/605/714 900/600/709
f 901/601/710 906/606/715 907/607/716 902/602/711
f 902/602/711 907/607/716 908/608/717 903/603/712
f 903/603/712 908/608/717 909/609/718 904/604/713
f 904/604/713 909/609/718 910/610/719 905/605/714
f 906/606/715 911/611/720 912/612/721 907/607/716
f 907/607/716 912/612/721 913/613/722 908/608/717
f 908/608/717 913/613/722 914/614/723 909/609/718
f 909/609/718 914/614/723 915/615/724 910/610/719
f 911/611/720 916/616/725 917/617/726 912/612/721
f 912/612/721 917/617/726 918/618/727 913/613/722
f 913/613/722 918/618/727 919/619/728 914/614/723
f 914/614/723 919/619/728 920/620/729 915/615/724
f 916/616/725 921/621/730 922/622/731 917/617/726
f 917/617/726 922/622/731 923/623/732 918/618/727
f 918/618/727 923/623/732 924/624/733 919/619/728
f 919/619/728 924/624/733 925/625/734 920/620/729
f 921/621/730 926/626/735 927/627/736 922/622/731
f 922/622/731 927/627/736 928/628/737 923/623/732
f 923/623/732 928/628/737 929/629/738 924/624/733
f 924/624/733 929/629/738 930/630/739 925/625/734
f 926/626/735 931/631/740 932/632/741 927/627/736
f 927/627/736 932/632/741 933/633/742 928/628/737
f 928/628/737 933/633/742 934/634/743 929/629/738
f 929/629/738 934/634/743 935/635/744 930/630/739
f 931/631/740 936/636/745 937/637/746 932/632/741
f 932/632/741 937/637/746 938/638/747 933/633/742
f 933/633/742 938/638/747 939/639/748 934/634/743
f 934/634/743 939/639/748 940/640/749 935/635/744
f 936/636/745 941/641/750 942/642/751 937/637/746
f 937/637/746 942/642/751 943/643/752 938/638/747
f 938/638/747 943/643/752 944/644/753 939/639/748
f 939/639/748 944/644/753 945/645/754 940/640/749
f 941/641/750 946/646/755 947/647/756 942/642/751
f 942/642/751 947/647/756 948/648/757 943/643/752
f 943/643/752 948/648/757 949/649/758 944/644/753
f 944/644/753 949/649/758 950/650/759 945/645/754
f 946/646/755 951/651/760 952/652/761 947/647/756
f 947/647/756 952/652/761 953/653/762 948/648/757
f 948/648/757 953/653/762 954/654/763 949/649/758
f 949/649/758 954/654/763 955/655/764 950/650/759
f 951/651/760 956/656/765 957/657/766 952/652/761
f 952/652/761 957/657/766 958/658/767 953/653/762
f 953/653/762 958/658/767 959/659/768 954/654/763
f 954/654/763 959/659/768 960/660/769 955/655/764
f 956/656/765 961/661/770 962/662/771 957/657/766
f 957/657/766 962/662/771 963/663/772 958/658/767
f 958/658/767 963/663/772 964/664/773 959/659/768
f 959/659/768 964/664/773 965/665/774 960/660/769
f 961/661/770 966/666/775 967/667/776 962/662/771
f 962/662/771 967/667/776 968/668/777 963/663/772
f 963/663/772 968/668/777 969/669/778 964/664/773
f 964/664/773 969/669/778 970/670/779 965/665/774
f 966/666/775 971/671/780 972/672/781 967/667/776
f 967/667/776 972/672/781 973/673/782 968/668/777
f 968/668/777 973/673/782 974/674/783 969/669/778
f 969/669/778 974/674/783 975/675/784 970/670/779
f 971/671/780 976/676/785 977/677/786 972/672/781
f 972/672/781 977/677/786 978/678/787 973/673/782
f 973/673/782 978/678/787 979/679/788 974/674/783
f 974/674/783 979/679/788 980/680/789 975/675/784
f 976/676/785 981/681/790 982/682/791 977/677/786
f 977/677/786 982/682/791 983/683/792 978/678/787
f 978/678/787 983/683/792 984/684/793 979/679/788
f 979/679/788 984/684/793 985/685/794 980/680/789
f 981/681/790 986/686/795 987/687/796 982/682/791
f 982/682/791 987/687/796 988/688/797 983/683/792
f 983/683/792 988/688/797 989/689/798 984/684/793
f 984/684/793 989/689/798 990/690/799 985/685/794
f 986/686/795 991/691/800 992/692/801 987/687/796
f 987/687/796 992/692/801 993/693/802 988/688/797
f 988/688/797 993/693/802 994/694/803 989/689/798
f 989/689/798 994/694/803 995/695/804 990/690/799
f 991/691/800 996/696/805 997/697/806 992/692/801
f 992/692/801 997/697/806 998/698/807 993/693/802
f 993/693/802 998/698/807 999/699/808 994/694/803
f 994/694/803 999/699/808 1000/700/809 995/695/804
f 996/696/805 1001/701/810 1002/702/811 997/697/806
f 997/697/806 1002/702/811 1003/703/812 998/698/807
f 998/698/807 1003/703/812 1004/704/813 999/699/808
f 999/699/808 1004/704/813 1005/705/814 1000/700/809
f 1001/701/810 1006/706/815 1007/707/816 1002/702/811
f 1002/702/811 1007/707/816 1008/708/817 1003/703/812
f 1003/703/812 1008/708/817 1009/709/818 1004/704/813
f 1004/704/813 1009/709/818 1010/710/819 1005/705/814
f 1006/706/815 1011/711/820 1012/712/821 1007/707/816
f 1007/707/816 1012/712/821 1013/713/822 1008/708/817
f 1008/708/817 1013/713/822 1014/714/823 1009/709/818
f 1009/709/818 1014/714/823 1015/715/824 1010/710/819
f 1011/711/820 1016/716/825 1017/717/826 1012/712/821
f 1012/712/821 1017/717/826 1018/718/827 1013/713/822
f 1013/713/822 1018/718/827 1019/719/828 1014/714/823
f 1014/714/823 1019/719/828 1020/720/829 1015/715/824
f 1016/716/825 1021/721/830 1022/722/831 1017/717/826
f 1017/717/826 1022/722/831 1023/723/832 1018/718/827
f 1018/718/827 1023/723/832 1024/724/833 1019/719/828
f 1019/719/828 1024/724/833 1025/725/834 1020/720/829
f 1021/721/830 1026/726/835 1027/727/836 1022/722/831
f 1022/722/831 1027/727/836 1028/728/837 1023/723/832
f 1023/723/832 1028/728/837 1029/729/838 1024/724/833
f 1024/724/833 1029/729/838 1030/730/839 1025/725/834
f 1026/726/835 1031/731/840 1032/732/841 1027/727/836
f 1027/727/836 1032/732/841 1033/733/842 1028/728/837
f 1028/728/837 1033/733/842 1034/734/843 1029/729/838
f 1029/729/838 1034/734/843 1035/735/844 1030/730/839
f 1031/731/840 1036/736/845 1037/737/846 1032/732/841
f 1032/732/841 1037/737/846 1038/738/847 1033/733/842
f 1033/733/842 1038/738/847 1039/739/848 1034/734/843
f 1034/734/843 1039/739/848 1040/740/849 1035/735/844
f 1036/736/845 1041/741/850 1042/742/851 1037/737/846
f 1037/737/846 1042/742/851 1043/743/852 1038/738/847
f 1038/738/847 1043/743/852 1044/744/853 1039/739/848
f 1039/739/848 1044/744/853 1045/745/854 1040/740/849
f 1041/741/850 1046/746/855 1047/747/856 1042/742/851
f 1042/742/851 1047/747/856 1048/748/857 1043/743/852
f 1043/743/852 1048/748/857 1049/749/858 1044/744/853
f 1044/744/853 1049/749/858 1050/750/859 1045/745/854
f 1046/746/855 1051/751/860 1052/752/861 1047/747/856
f 1047/747/856 1052/752/861 1053/753/862 1048/748/857
f 1048/748/857 1053/753/862 1054/754/863 1049/749/858
f 1049/749/858 1054/754/863 1055/755/864 1050/750/859
f 1051/751/860 1056/756/865 1057/757/866 1052/752/861
f 1052/752/861 1057/757/866 1058/758/867 1053/753/862
f 1053/753/862 1058/758/867 1059/759/868 1054/754/863
f 1054/754/863 1059/759/868 1060/760/869 1055/755/864
f 1056/756/865 1061/761/870 1062/762/871 1057/757/866
f 1057/757/866 1062/762/871 1063/763/872 1058/758/867
f 1058/758/867 1063/763/872 1064/764/873 1059/759/868
f 1059/759/868 1064/764/873 1065/765/874 1060/760/869
f 1061/761/870 1066/766/875 1067/767/876 1062/762/871
f 1062/762/871 1067/767/876 1068/768/877 1063/763/872
f 1063/763/872 1068/768/877 1069/769/878 1064/764/873
f 1064/764/873 1069/769/878 1070/770/879 1065/765/874
f 1066/766/875 1071/771/880 1072/772/881 1067/767/876
f 1067/767/876 1072/772/881 1073/773/882 1068/768/877
f 1068/768/877 1073/773/882 1074/774/883 1069/769/878
f 1069/769/878 1074/774/883 1075/775/884 1070/770/879
f 1071/771/880 1076/776/885 1077/777/886 1072/772/881
f 1072/772/881 1077/777/886 1078/778/887 1073/773/882
f 1073/773/882 1078/778/887 1079/779/888 1074/774/883
f 1074/774/883 1079/779/888 1080/780/889 1075/775/884
f 1076/776/885 1081/781/890 1082/782/891 1077/777/886
f 1077/777/886 1082/782/891 1083/783/892 1078/778/887
f 1078/778/887 1083/783/892 1084/784/893 1079/779/888
f 1079/779/888 1084/784/893 1085/785/894 1080/780/889
f 1081/781/890 1086/786/895 1087/787/896 1082/782/891
f 1082/782/891 1087/787/896 1088/788/897 1083/783/892
f 1083/783/892 1088/788/897 1089/789/898 1084/784/893
f 1084/784/893 1089/789/898 1090/790/899 1085/785/894
f 1086/786/895 1091/791/900 1092/792/901 1087/787/896
f 1087/787/896 1092/792/901 1093/793/902 1088/788/897
f 1088/788/897 1093/793/902 1094/794/903 1089/789/898
f 1089/789/898 1094/794/903 1095/795/904 1090/790/899
f 1091/791/900 1096/796/905 1097/797/906 1092/792/901
f 1092/792/901 1097/797/906 1098/798/907 1093/793/902
f 1093/793/902 1098/798/907 1099/799/908 1094/794/903
f 1094/794/903 1099/799/908 1100/800/909 1095/795/904
f 1096/796/905 1101/801/910 1102/802/911 1097/797/906
f 1097/797/906 1102/802/911 1103/803/912 1098/798/907
f 1098/798/907 1103/803/912 1104/804/913 1099/799/908
f 1099/799/908 1104/804/913 1105/805/914 1100/800/909
f 1101/801/910 1106/806/915 1107/807/916 1102/802/911
f 1102/802/911 1107/807/916 1108/808/917 1103/803/912
f 1103/803/912 1108/808/917 1109/809/918 1104/804/913
f 1104/804/913 1109/809/918 1110/810/919 1105/805/914
f 1106/806/915 1111/811/920 1112/812/921 1107/807/916
f 1107/807/916 1112/812/921 1113/813/922 1108/808/917
f 1108/808/917 1113/813/922 1114/814/923 1109/809/918
f 1109/809/918 1114/814/923 1115/815/924 1110/810/919
f 1111/811/920 1116/816/925 1117/817/926 1112/812/921
f 1112/812/921 1117/817/926 1118/818/927 1113/813/922
f 1113/813/922 1118/818/927 1119/819/928 1114/814/923
f 1114/814/923 1119/819/928 1120/820/929 1115/815/924
f 1116/816/925 1121/821/930 1122/822/931 1117/817/926
f 1117/817/926 1122/822/931 1123/823/932 1118/818/927
f 1118/818/927 1123/823/932 1124/824/933 1119/819/928
f 1119/819/928 1124/824/933 1125/825/934 1120/820/929
f 1121/821/930 1126/826/935 1127/827/936 1122/822/931
f 1122/822/931 1127/827/936 1128/828/937 1123/823/932
f 1123/823/932 1128/828/937 1129/829/938 1124/824/933
f 1124/824/933 1129/829/938 1130/830/939 1125/825/934
f 1126/826/935 1131/831/940 1132/832/941 1127/827/936
f 1127/827/936 1132/832/941 1133/833/942 1128/828/937
f 1128/828/937 1133/833/942 1134/834/943 1129/829/938
f 1129/829/938 1134/834/943 1135/835/944 1130/830/939
f 1131/831/940 1136/836/945 1137/837/946 1132/832/941
f 1132/832/941 1137/837/946 1138/838/947 1133/833/942
f 1133/833/942 1138/838/947 1139/839/948 1134/834/943
f 1134/834/943 1139/839/948 1140/840/949 1135/835/944
f 1136/836/945 1141/841/950 1142/842/951 1137/837/946
f 1137/837/946 1142/842/951 1143/843/952 1138/838/947
f 1138/838/947 1143/843/952 1144/844/953 1139/839/948
f 1139/839/948 1144/844/953 1145/845/954 1140/840/949
f 1141/841/950 1146/846/955 1147/847/956 1142/842/951
f 1142/842/951 1147/847/956 1148/848/957 1143/843/952
f 1143/843/952 1148/848/957 1149/849/958 1144/844/953
f 1144/844/953 1149/849/958 1150/850/959 1145/845/954
f 1146/846/955 1151/851/960 1152/852/961 1147/847/956
f 1147/847/956 1152/852/961 1153/853/962 1148/848/957
f 1148/848/957 1153/853/962 1154/854/963 1149/849/958
f 1149/849/958 1154/854/963 1155/855/964 1150/850/959
f 1151/851/960 1156/856/965 1157/857/966 1152/852/961
f 1152/852/961 1157/857/966 1158/858/967 1153/853/962
f 1153/853/962 1158/858/967 1159/859/968 1154/854/963
f 1154/854/963 1159/859/968 1160/860/969 1155/855/964
f 1156/856/965 1161/861/970 1162/862/971 1157/857/966
f 1157/857/966 1162/862/971 1163/863/972 1158/858/967
f 1158/858/967 1163/863/972 1164/864/973 1159/859/968
f 1159/859/968 1164/864/973 1165/865/974 1160/860/969
f 1161/861/970 1166/866/975 1167/867/976 1162/862/971
f 1162/862/971 1167/867/976 1168/868/977 1163/863/972
f 1163/863/972 1168/868/977 1169/869/978 1164/864/973
f 1164/864/973 1169/869/978 1170/870/979 1165/865/974
f 1166/866/975 1171/871/980 1172/872/981 1167/867/976
f 1167/867/976 1172/872/981 1173/873/982 1168/868/977
f 1168/868/977 1173/873/982 1174/874/983 1169/869/978
f 1169/869/978 1174/874/983 1175/875/984 1170/870/979
f 1171/871/980 1176/876/985 1177/877/986 1172/872/981
f 1172/872/981 1177/877/986 1178/878/987 1173/873/982
f 1173/873/982 1178/878/987 1179/879/988 1174/874/983
f 1174/874/983 1179/879/988 1180/880/989 1175/875/984
f 1176/876/985 1181/881/990 1182/882/991 1177/877/986
f 1177/877/986 1182/882/991 1183/883/992 1178/878/987
f 1178/878/987 1183/883/992 1184/884/993 1179/879/988
f 1179/879/988 1184/884/993 1185/885/994 1180/880/989
f 1181/881/990 1186/886/995 1187/887/996 1182/882/991
f 1182/882/991 1187/887/996 1188/888/997 1183/883/992
f 1183/883/992 1188/888/997 1189/889/998 1184/884/993
f 1184/884/993 1189/889/998 1190/890/999 1185/885/994
f 1186/886/995 1191/891/1000 1192/892/1001 1187/887/996
f 1187/887/996 1192/892/1001 1193/893/1002 1188/888/997
f 1188/888/997 1193/893/1002 1194/894/1003 1189/889/998
f 1189/889/998 1194/894/1003 1195/895/1004 1190/890/999
f 1191/891/1000 1196/896/1005 1197/897/1006 1192/892/1001
f 1192/892/1001 1197/897/1006 1198/898/1007 1193/893/1002
f 1193/893/1002 1198/898/1007 1199/899/1008 1194/894/1003
f 1194/894/1003 1199/899/1008 1200/900/1009 1195/895/1004
f 1196/896/1005 1201/901/1010 1202/902/1011 1197/897/1006
f 1197/897/1006 1202/902/1011 1203/903/1012 1198/898/1007
f 1198/898/1007 1203/903/1012 1204/904/1013 1199/899/1008
f 1199/899/1008 1204/904/1013 1205/905/1014 1200/900/1009
f 1201/901/1010 1206/906/1015 1207/907/1016 1202/902/1011
f 1202/902/1011 1207/907/1016 1208/908/1017 1203/903/1012
f 1203/903/1012 1208/908/1017 1209/909/1018 1204/904/1013
f 1204/904/1013 1209/909/1018 1210/910/1019 1205/905/1014
f 1206/906/1015 1211/911/1020 1212/912/1021 1207/907/1016
f 1207/907/1016 1212/912/1021 1213/913/1022 1208/908/1017
f 1208/908/1017 1213/913/1022 1214/914/1023 1209/909/1018
f 1209/909/1018 1214/914/1023 1215/915/1024 1210/910/1019
f 1211/911/1020 1216/916/1025 1217/917/1026 1212/912/1021
f 1212/912/1021 1217/917/1026 1218/918/1027 1213/913/1022
f 1213/913/1022 1218/918/1027 1219/919/1028 1214/914/1023
f 1214/914/1023 1219/919/1028 1220/920/1029 1215/915/1024
usemtl track_rail
f 1221/376/1030 1223/377/1031 1224/384/1031 1222/385/1030
f 1223/377/1031 1225/386/1032 1226/390/1032 1224/384/1031
f 1225/386/1032 1227/391/1033 1228/395/1033 1226/390/1032
f 1227/391/1033 1229/396/1034 1230/400/1034 1228/395/1033
f 1229/396/1034 1231/401/1035 1232/405/1035 1230/400/1034
f 1231/401/1035 1233/406/1036 1234/410/1036 1232/405/1035
f 1233/406/1036 1235/411/1037 1236/415/1037 1234/410/1036
f 1235/411/1037 1237/416/1038 1238/420/1038 1236/415/1037
f 1237/416/1038 1239/421/1039 1240/425/1039 1238/420/1038
f 1239/421/1039 1241/426/1040 1242/430/1041 1240/425/1039
f 1241/426/1040 1243/431/1042 1244/435/1042 1242/430/1041
f 1243/431/1042 1245/436/1043 1246/440/1044 1244/435/1042
f 1245/436/1043 1247/441/1045 1248/445/1046 1246/440/1044
f 1247/441/1045 1249/446/1047 1250/450/1048 1248/445/1046
f 1249/446/1047 1251/451/1049 1252/455/1049 1250/450/1048
f 1251/451/1049 1253/456/1050 1254/460/1050 1252/455/1049
f 1253/456/1050 1255/461/1051 1256/465/1051 1254/460/1050
f 1255/461/1051 1257/466/1052 1258/470/1052 1256/465/1051
f 1257/466/1052 1259/471/1053 1260/475/1053 1258/470/1052
f 1259/471/1053 1261/476/1054 1262/480/1054 1260/475/1053
f 1261/476/1054 1263/481/1055 1264/485/1055 1262/480/1054
f 1263/481/1055 1265/486/1056 1266/490/1056 1264/485/1055
f 1265/486/1056 1267/491/1057 1268/495/1058 1266/490/1056
f 1267/491/1057 1269/496/1059 1270/500/1059 1268/495/1058
f 1269/496/1059 1271/501/1060 1272/505/1060 1270/500/1059
f 1271/501/1060 1273/506/1061 1274/510/1062 1272/505/1060
f 1273/506/1061 1275/511/1063 1276/515/1063 1274/510/1062
f 1275/511/1063 1277/516/1064 1278/520/1064 1276/515/1063
f 1277/516/1064 1279/521/1065 1280/525/1066 1278/520/1064
f 1279/521/1065 1281/526/1067 1282/530/1067 1280/525/1066
f 1281/526/1067 1283/531/1068 1284/535/1068 1282/530/1067
f 1283/531/1068 1285/536/1069 1286/540/1070 1284/535/1068
f 1285/536/1069 1287/541/1071 1288/545/1071 1286/540/1070
f 1287/541/1071 1289/546/1072 1290/550/1072 1288/545/1071
f 1289/546/1072 1291/551/1073 1292/555/1074 1290/550/1072
f 1291/551/1073 1293/556/1075 1294/560/1075 1292/555/1074
f 1293/556/1075 1295/561/1076 1296/565/1076 1294/560/1075
f 1295/561/1076 1297/566/1077 1298/570/1077 1296/565/1076
f 1297/566/1077 1299/571/1078 1300/575/1078 1298/570/1077
f 1299/571/1078 1301/576/1079 1302/580/1079 1300/575/1078
f 1301/576/1079 1303/581/1080 1304/585/1081 1302/580/1079
f 1303/581/1080 1305/586/1082 1306/590/1082 1304/585/1081
f 1305/586/1082 1307/591/1083 1308/595/1084 1306/590/1082
f 1307/591/1083 1309/596/1085 1310/600/1085 1308/595/1084
f 1309/596/1085 1311/601/1086 1312/605/1086 1310/600/1085
f 1311/601/1086 1313/606/1087 1314/610/1088 1312/605/1086
f 1313/606/1087 1315/611/1089 1316/615/1090 1314/610/1088
f 1315/611/1089 1317/616/1091 1318/620/1092 1316/615/1090
f 1317/616/1091 1319/621/1093 1320/625/1093 1318/620/1092
f 1319/621/1093 1321/626/1094 1322/630/1095 1320/625/1093
f 1321/626/1094 1323/631/1096 1324/635/1097 1322/630/1095
f 1323/631/1096 1325/636/1098 1326/640/1099 1324/635/1097
f 1325/636/1098 1327/641/1100 1328/645/1100 1326/640/1099
f 1327/641/1100 1329/646/1101 1330/650/1101 1328/645/1100
f 1329/646/1101 1331/651/1102 1332/655/1102 1330/650/1101
f 1331/651/1102 1333/656/1103 1334/660/1103 1332/655/1102
f 1333/656/1103 1335/661/1104 1336/665/1105 1334/660/1103
f 1335/661/1104 1337/666/1106 1338/670/1106 1336/665/1105
f 1337/666/1106 1339/671/1107 1340/675/1108 1338/670/1106
f 1339/671/1107 1341/676/1109 1342/680/1109 1340/675/1108
f 1341/676/1109 1343/681/1110 1344/685/1111 1342/680/1109
f 1343/681/1110 1345/686/1112 1346/690/1112 1344/685/1111
f 1345/686/1112 1347/691/1113 1348/695/1113 1346/690/1112
f 1347/691/1113 1349/696/1114 1350/700/1114 1348/695/1113
f 1349/696/1114 1351/701/1115 1352/705/1115 1350/700/1114
f 1351/701/1115 1353/706/1116 1354/710/1117 1352/705/1115
f 1353/706/1116 1355/711/1118 1356/715/1119 1354/710/1117
f 1355/711/1118 1357/716/1120 1358/720/1120 1356/715/1119
f 1357/716/1120 1359/721/1121 1360/725/1122 1358/720/1120
f 1359/721/1121 1361/726/1123 1362/730/1124 1360/725/1122
f 1361/726/1123 1363/731/1125 1364/735/1126 1362/730/1124
f 1363/731/1125 1365/736/1127 1366/740/1128 1364/735/1126
f 1365/736/1127 1367/741/1129 1368/745/1130 1366/740/1128
f 1367/741/1129 1369/746/1131 1370/750/1131 1368/745/1130
f 1369/746/1131 1371/751/1132 1372/755/1133 1370/750/1131
f 1371/751/1132 1373/756/1134 1374/760/1135 1372/755/1133
f 1373/756/1134 1375/761/1136 1376/765/1137 1374/760/1135
f 1375/761/1136 1377/766/1138 1378/770/1138 1376/765/1137
f 1377/766/1138 1379/771/1139 1380/775/1140 1378/770/1138
f 1379/771/1139 1381/776/1141 1382/780/1141 1380/775/1140
f 1381/776/1141 1383/781/1142 1384/785/1142 1382/780/1141
f 1383/781/1142 1385/786/1143 1386/790/1144 1384/785/1142
f 1385/786/1143 1387/791/1145 1388/795/1145 1386/790/1144
f 1387/791/1145 1389/796/1146 1390/800/1147 1388/795/1145
f 1389/796/1146 1391/801/1148 1392/805/1148 1390/800/1147
f 1391/801/1148 1393/806/1149 1394/810/1149 1392/805/1148
f 1393/806/1149 1395/811/1150 1396/815/1150 1394/810/1149
f 1395/811/1150 1397/816/1151 1398/820/1152 1396/815/1150
f 1397/816/1151 1399/821/1153 1400/825/1153 1398/820/1152
f 1399/821/1153 1401/826/1154 1402/830/1154 1400/825/1153
f 1401/826/1154 1403/831/1155 1404/835/1156 1402/830/1154
f 1403/831/1155 1405/836/1157 1406/840/1158 1404/835/1156
f 1405/836/1157 1407/841/1159 1408/845/1159 1406/840/1158
f 1407/841/1159 1409/846/1160 1410/850/1160 1408/845/1159
f 1409/846/1160 1411/851/1161 1412/855/1161 1410/850/1160
f 1411/851/1161 1413/856/1162 1414/860/1162 1412/855/1161
f 1413/856/1162 1415/861/1163 1416/865/1163 1414/860/1162
f 1415/861/1163 1417/866/1164 1418/870/1164 1416/865/1163
f 1417/866/1164 1419/871/1165 1420/875/1165 1418/870/1164
f 1419/871/1165 1421/876/1166 1422/880/1166 1420/875/1165
f 1421/876/1166 1423/881/1167 1424/885/1167 1422/880/1166
f 1423/881/1167 1425/886/1168 1426/890/1168 1424/885/1167
f 1425/886/1168 1427/891/1169 1428/895/1169 1426/890/1168
f 1427/891/1169 1429/896/1170 1430/900/1170 1428/895/1169
f 1429/896/1170 1431/901/1171 1432/905/1171 1430/900/1170
f 1431/901/1171 1433/906/1172 1434/910/1172 1432/905/1171
f 1433/906/1172 1435/911/1173 1436/915/1173 1434/910/1172
f 1435/911/1173 1437/916/1174 1438/920/1174 1436/915/1173
f 1440/385/1175 1442/384/1176 1441/377/1176 1439/376/1175
f 1442/384/1176 1444/390/1177 1443/386/1177 1441/377/1176
f 1444/390/1177 1446/395/1178 1445/391/1178 1443/386/1177
f 1446/395/1178 1448/400/1179 1447/396/1179 1445/391/1178
f 1448/400/1179 1450/405/1180 1449/401/1180 1447/396/1179
f 1450/405/1180 1452/410/1181 1451/406/1181 1449/401/1180
f 1452/410/1181 1454/415/1182 1453/411/1182 1451/406/1181
f 1454/415/1182 1456/420/1183 1455/416/1184 1453/411/1182
f 1456/420/1183 1458/425/1185 1457/421/1185 1455/416/1184
f 1458/425/1185 1460/430/1186 1459/426/1186 1457/421/1185
f 1460/430/1186 1462/435/1187 1461/431/1187 1459/426/1186
f 1462/435/1187 1464/440/1188 1463/436/1188 1461/431/1187
f 1464/440/1188 1466/445/1189 1465/441/1190 1463/436/1188
f 1466/445/1189 1468/450/1191 1467/446/1191 1465/441/1190
f 1468/450/1191 1470/455/1192 1469/451/1192 1467/446/1191
f 1470/455/1192 1472/460/1193 1471/456/1193 1469/451/1192
f 1472/460/1193 1474/465/1194 1473/461/1194 1471/456/1193
f 1474/465/1194 1476/470/1195 1475/466/1196 1473/461/1194
f 1476/470/1195 1478/475/1197 1477/471/1197 1475/466/1196
f 1478/475/1197 1480/480/1198 1479/476/1198 1477/471/1197
f 1480/480/1198 1482/485/1199 1481/481/1199 1479/476/1198
f 1482/485/1199 1484/490/1200 1483/486/1200 1481/481/1199
f 1484/490/1200 1486/495/1201 1485/491/1201 1483/486/1200
f 1486/495/1201 1488/500/1202 1487/496/1203 1485/491/1201
f 1488/500/1202 1490/505/1204 1489/501/1204 1487/496/1203
f 1490/505/1204 1492/510/1205 1491/506/1206 1489/501/1204
f 1492/510/1205 1494/515/1207 1493/511/1207 1491/506/1206
f 1494/515/1207 1496/520/1208 1495/516/1209 1493/511/1207
f 1496/520/1208 1498/525/1210 1497/521/1210 1495/516/1209
f 1498/525/1210 1500/530/1211 1499/526/1211 1497/521/1210
f 1500/530/1211 1502/535/1212 1501/531/1213 1499/526/1211
f 1502/535/1212 1504/540/1214 1503/536/1214 1501/531/1213
f 1504/540/1214 1506/545/1215 1505/541/1215 1503/536/1214
f 1506/545/1215 1508/550/1216 1507/546/1216 1505/541/1215
f 1508/550/1216 1510/555/1217 1509/551/1217 1507/546/1216
f 1510/555/1217 1512/560/1218 1511/556/1219 1509/551/1217
f 1512/560/1218 1514/565/1220 1513/561/1221 1511/556/1219
f 1514/565/1220 1516/570/1222 1515/566/1223 1513/561/1221
f 1516/570/1222 1518/575/1224 1517/571/1224 1515/566/1223
f 1518/575/1224 1520/580/1225 1519/576/1225 1517/571/1224
f 1520/580/1225 1522/585/1226 1521/581/1226 1519/576/1225
f 1522/585/1226 1524/590/1227 1523/586/1227 1521/581/1226
f 1524/590/1227 1526/595/1228 1525/591/1228 1523/586/1227
f 1526/595/1228 1528/600/1229 1527/596/1229 1525/591/1228
f 1528/600/1229 1530/605/1230 1529/601/1231 1527/596/1229
f 1530/605/1230 1532/610/1232 1531/606/1233 1529/601/1231
f 1532/610/1232 1534/615/1234 1533/611/1234 1531/606/1233
f 1534/615/1234 1536/620/1235 1535/616/1235 1533/611/1234
f 1536/620/1235 1538/625/1236 1537/621/1237 1535/616/1235
f 1538/625/1236 1540/630/1238 1539/626/1239 1537/621/1237
f 1540/630/1238 1542/635/1240 1541/631/1241 1539/626/1239
f 1542/635/1240 1544/640/1242 1543/636/1243 1541/631/1241
f 1544/640/1242 1546/645/1244 1545/641/1244 1543/636/1243
f 1546/645/1244 1548/650/1245 1547/646/1245 1545/641/1244
f 1548/650/1245 1550/655/1246 1549/651/1246 1547/646/1245
f 1550/655/1246 1552/660/1247 1551/656/1247 1549/651/1246
f 1552/660/1247 1554/665/1248 1553/661/1248 1551/656/1247
f 1554/665/1248 1556/670/1249 1555/666/1249 1553/661/1248
f 1556/670/1249 1558/675/1250 1557/671/1250 1555/666/1249
f 1558/675/1250 1560/680/1251 1559/676/1251 1557/671/1250
f 1560/680/1251 1562/685/1252 1561/681/1253 1559/676/1251
f 1562/685/1252 1564/690/1254 1563/686/1254 1561/681/1253
f 1564/690/1254 1566/695/1255 1565/691/1255 1563/686/1254
f 1566/695/1255 1568/700/1256 1567/696/1256 1565/691/1255
f 1568/700/1256 1570/705/1257 1569/701/1257 1567/696/1256
f 1570/705/1257 1572/710/1258 1571/706/1259 1569/701/1257
f 1572/710/1258 1574/715/1260 1573/711/1260 1571/706/1259
f 1574/715/1260 1576/720/1261 1575/716/1262 1573/711/1260
f 1576/720/1261 1578/725/1263 1577/721/1264 1575/716/1262
f 1578/725/1263 1580/730/1265 1579/726/1265 1577/721/1264
f 1580/730/1265 1582/735/1266 1581/731/1267 1579/726/1265
f 1582/735/1266 1584/740/1268 1583/736/1269 1581/731/1267
f 1584/740/1268 1586/745/1270 1585/741/1271 1583/736/1269
f 1586/745/1270 1588/750/1272 1587/746/1273 1585/741/1271
f 1588/750/1272 1590/755/1274 1589/751/1274 1587/746/1273
f 1590/755/1274 1592/760/1275 1591/756/1275 1589/751/1274
f 1592/760/1275 1594/765/1276 1593/761/1276 1591/756/1275
f 1594/765/1276 1596/770/1277 1595/766/1278 1593/761/1276
f 1596/770/1277 1598/775/1279 1597/771/1279 1595/766/1278
f 1598/775/1279 1600/780/1280 1599/776/1280 1597/771/1279
f 1600/780/1280 1602/785/1281 1601/781/1281 1599/776/1280
f 1602/785/1281 1604/790/1282 1603/786/1282 1601/781/1281
f 1604/790/1282 1606/795/1283 1605/791/1284 1603/786/1282
f 1606/795/1283 1608/800/1285 1607/796/1286 1605/791/1284
f 1608/800/1285 1610/805/1287 1609/801/1287 1607/796/1286
f 1610/805/1287 1612/810/1288 1611/806/1288 1609/801/1287
f 1612/810/1288 1614/815/1289 1613/811/1290 1611/806/1288
f 1614/815/1289 1616/820/1291 1615/816/1292 1613/811/1290
f 1616/820/1291 1618/825/1293 1617/821/1294 1615/816/1292
f 1618/825/1293 1620/830/1295 1619/826/1295 1617/821/1294
f 1620/830/1295 1622/835/1296 1621/831/1296 1619/826/1295
f 1622/835/1296 1624/840/1297 1623/836/1298 1621/831/1296
f 1624/840/1297 1626/845/1299 1625/841/1299 1623/836/1298
f 1626/845/1299 1628/850/1300 1627/846/1300 1625/841/1299
f 1628/850/1300 1630/855/1301 1629/851/1301 1627/846/1300
f 1630/855/1301 1632/860/1302 1631/856/1303 1629/851/1301
f 1632/860/1302 1634/865/1304 1633/861/1305 1631/856/1303
f 1634/865/1304 1636/870/1306 1635/866/1306 1633/861/1305
f 1636/870/1306 1638/875/1307 1637/871/1307 1635/866/1306
f 1638/875/1307 1640/880/1308 1639/876/1309 1637/871/1307
f 1640/880/1308 1642/885/1310 1641/881/1311 1639/876/1309
f 1642/885/1310 1644/890/1312 1643/886/1312 1641/881/1311
f 1644/890/1312 1646/895/1313 1645/891/1313 1643/886/1312
f 1646/895/1313 1648/900/1314 1647/896/1315 1645/891/1313
f 1648/900/1314 1650/905/1316 1649/901/1317 1647/896/1315
f 1650/905/1316 1652/910/1318 1651/906/1318 1649/901/1317
f 1652/910/1318 1654/915/1319 1653/911/1319 1651/906/1318
f 1654/915/1319 1656/920/1320 1655/916/1320 1653/911/1319
usemtl embed_border
f 2553/926/1328 2554/928/1330 1661/928/2217 1660/926/2218
f 2556/1255/1765 2555/1254/1764 2100/1254/2219 2101/1255/2220
f 2554/928/1330 2557/930/1332 1662/930/2221 1661/928/2217
f 2558/1256/1766 2556/1255/1765 2101/1255/2220 2102/1256/2222
f 2557/930/1332 2559/932/1334 1663/932/2223 1662/930/2221
f 2560/1257/1767 2558/1256/1766 2102/1256/2222 2103/1257/2224
f 2559/932/1334 2561/385/1336 1664/385/2225 1663/932/2223
f 2562/1258/1768 2560/1257/1767 2103/1257/2224 2104/1258/2226
f 2561/385/1336 2563/384/1335 1672/384/2227 1664/385/2225
f 2563/384/1335 2564/390/1344 1680/390/2228 1672/384/2227
f 2564/390/1344 2565/395/1352 1688/395/2229 1680/390/2228
f 2565/395/1352 2566/400/1360 1696/400/2230 1688/395/2229
f 2566/400/1360 2567/405/1368 1704/405/2231 1696/400/2230
f 2567/405/1368 2568/410/1376 1712/410/2232 1704/405/2231
f 2568/410/1376 2569/415/1384 1720/415/2233 1712/410/2232
f 2569/415/1384 2570/420/1392 1728/420/2234 1720/415/2233
f 2570/420/1392 2571/425/1400 1736/425/2235 1728/420/2234
f 2571/425/1400 2572/430/1408 1744/430/2236 1736/425/2235
f 2572/430/1408 2573/435/1416 1752/435/2237 1744/430/2236
f 2573/435/1416 2574/440/1424 1760/440/2238 1752/435/2237
f 2574/440/1424 2575/445/1432 1768/445/2239 1760/440/2238
f 2575/445/1432 2576/450/1440 1776/450/2240 1768/445/2239
f 2576/450/1440 2577/455/1448 1784/455/2241 1776/450/2240
f 2577/455/1448 2578/460/1456 1792/460/2242 1784/455/2241
f 2578/460/1456 2579/465/1464 1800/465/2243 1792/460/2242
f 2579/465/1464 2580/470/1472 1808/470/2244 1800/465/2243
f 2580/470/1472 2581/475/1480 1816/475/2245 1808/470/2244
f 2581/475/1480 2582/480/1488 1824/480/2246 1816/475/2245
f 2582/480/1488 2583/485/1496 1832/485/2247 1824/480/2246
f 2583/485/1496 2584/490/1504 1840/490/2248 1832/485/2247
f 2584/490/1504 2585/495/1512 1848/495/2249 1840/490/2248
f 2585/495/1512 2586/500/1520 1856/500/2250 1848/495/2249
f 2586/500/1520 2587/505/1528 1864/505/2251 1856/500/2250
f 2587/505/1528 2588/510/1536 1872/510/2252 1864/505/2251
f 2588/510/1536 2589/515/1544 1880/515/2253 1872/510/2252
f 2589/515/1544 2590/520/1552 1888/520/2254 1880/515/2253
f 2590/520/1552 2591/525/1560 1896/525/2255 1888/520/2254
f 2591/525/1560 2592/530/1568 1904/530/2256 1896/525/2255
f 2592/530/1568 2593/535/1576 1912/535/2257 1904/530/2256
f 2593/535/1576 2594/540/1584 1920/540/2258 1912/535/2257
f 2594/540/1584 2595/545/1592 1928/545/2259 1920/540/2258
f 2595/545/1592 2596/550/1600 1936/550/2260 1928/545/2259
f 2596/550/1600 2597/555/1608 1944/555/2261 1936/550/2260
f 2597/555/1608 2598/560/1616 1952/560/2262 1944/555/2261
f 2598/560/1616 2599/565/1624 1960/565/2263 1952/560/2262
f 2599/565/1624 2600/570/1632 1968/570/2264 1960/565/2263
f 2600/570/1632 2601/575/1640 1976/575/2265 1968/570/2264
f 2601/575/1640 2602/580/1648 1984/580/2266 1976/575/2265
f 2602/580/1648 2603/585/1656 1992/585/2267 1984/580/2266
f 2603/585/1656 2604/590/1664 2000/590/2268 1992/585/2267
f 2604/590/1664 2605/595/1672 2008/595/2269 2000/590/2268
f 2605/595/1672 2606/600/1680 2016/600/2270 2008/595/2269
f 2606/600/1680 2607/605/1688 2024/605/2271 2016/600/2270
f 2607/605/1688 2608/610/1696 2032/610/2272 2024/605/2271
f 2608/610/1696 2609/615/1704 2040/615/2273 2032/610/2272
f 2609/615/1704 2610/620/1712 2048/620/2274 2040/615/2273
f 2610/620/1712 2611/625/1720 2056/625/2275 2048/620/2274
f 2611/625/1720 2612/630/1728 2064/630/2276 2056/625/2275
f 2612/630/1728 2613/635/1736 2072/635/2277 2064/630/2276
f 2613/635/1736 2614/640/1744 2080/640/2278 2072/635/2277
f 2614/640/1744 2615/645/1752 2088/645/2279 2080/640/2278
f 2615/645/1752 2616/650/1760 2096/650/2280 2088/645/2279
f 2616/650/1760 2562/1258/1768 2104/1258/2226 2096/650/2280
f 2617/376/1321 2618/922/1324 1658/922/2281 1657/376/2282
f 2619/377/1322 2617/376/1321 1657/376/2282 1665/377/2283
f 2620/386/1337 2619/377/1322 1665/377/2283 1673/386/2284
f 2621/391/1345 2620/386/1337 1673/386/2284 1681/391/2285
f 2622/396/1353 2621/391/1345 1681/391/2285 1689/396/2286
f 2623/401/1361 2622/396/1353 1689/396/2286 1697/401/2287
f 2624/406/1369 2623/401/1361 1697/401/2287 1705/406/2288
f 2625/411/1377 2624/406/1369 1705/406/2288 1713/411/2289
f 2626/416/1385 2625/411/1377 1713/411/2289 1721/416/2290
f 2627/421/1393 2626/416/1385 1721/416/2290 1729/421/2291
f 2628/426/1401 2627/421/1393 1729/421/2291 1737/426/2292
f 2629/431/1409 2628/426/1401 1737/426/2292 1745/431/2293
f 2630/436/1417 2629/431/1409 1745/431/2293 1753/436/2294
f 2631/441/1425 2630/436/1417 1753/436/2294 1761/441/2295
f 2632/446/1433 2631/441/1425 1761/441/2295 1769/446/2296
f 2633/451/1441 2632/446/1433 1769/446/2296 1777/451/2297
f 2634/456/1449 2633/451/1441 1777/451/2297 1785/456/2298
f 2635/461/1457 2634/456/1449 1785/456/2298 1793/461/2299
f 2636/466/1465 2635/461/1457 1793/461/2299 1801/466/2300
f 2637/471/1473 2636/466/1465 1801/466/2300 1809/471/2301
f 2638/476/1481 2637/471/1473 1809/471/2301 1817/476/2302
f 2639/481/1489 2638/476/1481 1817/476/2302 1825/481/2303
f 2640/486/1497 2639/481/1489 1825/481/2303 1833/486/2304
f 2641/491/1505 2640/486/1497 1833/486/2304 1841/491/2305
f 2642/496/1513 2641/491/1505 1841/491/2305 1849/496/2306
f 2643/501/1521 2642/496/1513 1849/496/2306 1857/501/2307
f 2644/506/1529 2643/501/1521 1857/501/2307 1865/506/2308
f 2645/511/1537 2644/506/1529 1865/506/2308 1873/511/2309
f 2646/516/1545 2645/511/1537 1873/511/2309 1881/516/2310
f 2647/521/1553 2646/516/1545 1881/516/2310 1889/521/2311
f 2648/526/1561 2647/521/1553 1889/521/2311 1897/526/2312
f 2649/531/1569 2648/526/1561 1897/526/2312 1905/531/2313
f 2650/536/1577 2649/531/1569 1905/531/2313 1913/536/2314
f 2651/541/1585 2650/536/1577 1913/536/2314 1921/541/2315
f 2652/546/1593 2651/541/1585 1921/541/2315 1929/546/2316
f 2653/551/1601 2652/546/1593 1929/546/2316 1937/551/2317
f 2654/556/1609 2653/551/1601 1937/551/2317 1945/556/2318
f 2655/561/1617 2654/556/1609 1945/556/2318 1953/561/2319
f 2656/566/1625 2655/561/1617 1953/561/2319 1961/566/2320
f 2657/571/1633 2656/566/1625 1961/566/2320 1969/571/2321
f 2658/576/1641 2657/571/1633 1969/571/2321 1977/576/2322
f 2659/581/1649 2658/576/1641 1977/576/2322 1985/581/2323
f 2660/586/1657 2659/581/1649 1985/581/2323 1993/586/2324
f 2661/591/1665 2660/586/1657 1993/586/2324 2001/591/2325
f 2662/596/1673 2661/591/1665 2001/591/2325 2009/596/2326
f 2663/601/1681 2662/596/1673 2009/596/2326 2017/601/2327
f 2664/606/1689 2663/601/1681 2017/601/2327 2025/606/2328
f 2665/611/1697 2664/606/1689 2025/606/2328 2033/611/2329
f 2666/616/1705 2665/611/1697 2033/611/2329 2041/616/2330
f 2667/621/1713 2666/616/1705 2041/616/2330 2049/621/2331
f 2668/626/1721 2667/621/1713 2049/621/2331 2057/626/2332
f 2669/631/1729 2668/626/1721 2057/626/2332 2065/631/2333
f 2670/636/1737 2669/631/1729 2065/631/2333 2073/636/2334
f 2671/641/1745 2670/636/1737 2073/636/2334 2081/641/2335
f 2672/646/1753 2671/641/1745 2081/641/2335 2089/646/2336
f 2673/1251/1761 2672/646/1753 2089/646/2336 2097/1251/2337
f 2674/1252/1762 2673/1251/1761 2097/1251/2337 2098/1252/2338
f 2618/922/1324 2675/924/1326 1659/924/2339 1658/922/2281
f 2676/1253/1763 2674/1252/1762 2098/1252/2338 2099/1253/2340
f 2675/924/1326 2553/926/1328 1660/926/2218 1659/924/2339
f 2555/1254/1764 2676/1253/1763 2099/1253/2340 2100/1254/2219
f 2677/926/1776 2678/928/1778 2109/928/2341 2108/926/2342
f 2680/1255/2213 2679/1254/2212 2548/1254/2343 2549/1255/2344
f 2678/928/1778 2681/930/1780 2110/930/2345 2109/928/2341
f 2682/1256/2214 2680/1255/2213 2549/1255/2344 2550/1256/2346
f 2681/930/1780 2683/932/1782 2111/932/2347 2110/930/2345
f 2684/1257/2215 2682/1256/2214 2550/1256/2346 2551/1257/2348
f 2683/932/1782 2685/385/1784 2112/385/2349 2111/932/2347
f 2686/1258/2216 2684/1257/2215 2551/1257/2348 2552/1258/2350
f 2685/385/1784 2687/384/1783 2120/384/2351 2112/385/2349
f 2687/384/1783 2688/390/1792 2128/390/2352 2120/384/2351
f 2688/390/1792 2689/395/1800 2136/395/2353 2128/390/2352
f 2689/395/1800 2690/400/1808 2144/400/2354 2136/395/2353
f 2690/400/1808 2691/405/1816 2152/405/2355 2144/400/2354
f 2691/405/1816 2692/410/1824 2160/410/2356 2152/405/2355
f 2692/410/1824 2693/415/1832 2168/415/2357 2160/410/2356
f 2693/415/1832 2694/420/1840 2176/420/2358 2168/415/2357
f 2694/420/1840 2695/425/1848 2184/425/2359 2176/420/2358
f 2695/425/1848 2696/430/1856 2192/430/2360 2184/425/2359
f 2696/430/1856 2697/435/1864 2200/435/2361 2192/430/2360
f 2697/435/1864 2698/440/1872 2208/440/2362 2200/435/2361
f 2698/440/1872 2699/445/1880 2216/445/2363 2208/440/2362
f 2699/445/1880 2700/450/1888 2224/450/2364 2216/445/2363
f 2700/450/1888 2701/455/1896 2232/455/2365 2224/450/2364
f 2701/455/1896 2702/460/1904 2240/460/2366 2232/455/2365
f 2702/460/1904 2703/465/1912 2248/465/2367 2240/460/2366
f 2703/465/1912 2704/470/1920 2256/470/2368 2248/465/2367
f 2704/470/1920 2705/475/1928 2264/475/2369 2256/470/2368
f 2705/475/1928 2706/480/1936 2272/480/2370 2264/475/2369
f 2706/480/1936 2707/485/1944 2280/485/2371 2272/480/2370
f 2707/485/1944 2708/490/1952 2288/490/2372 2280/485/2371
f 2708/490/1952 2709/495/1960 2296/495/2373 2288/490/2372
f 2709/495/1960 2710/500/1968 2304/500/2374 2296/495/2373
f 2710/500/1968 2711/505/1976 2312/505/2375 2304/500/2374
f 2711/505/1976 2712/510/1984 2320/510/2376 2312/505/2375
f 2712/510/1984 2713/515/1992 2328/515/2377 2320/510/2376
f 2713/515/1992 2714/520/2000 2336/520/2378 2328/515/2377
f 2714/520/2000 2715/525/2008 2344/525/2379 2336/520/2378
f 2715/525/2008 2716/530/2016 2352/530/2380 2344/525/2379
f 2716/530/2016 2717/535/2024 2360/535/2381 2352/530/2380
f 2717/535/2024 2718/540/2032 2368/540/2382 2360/535/2381
f 2718/540/2032 2719/545/2040 2376/545/2383 2368/540/2382
f 2719/545/2040 2720/550/2048 2384/550/2384 2376/545/2383
f 2720/550/2048 2721/555/2056 2392/555/2385 2384/550/2384
f 2721/555/2056 2722/560/2064 2400/560/2386 2392/555/2385
f 2722/560/2064 2723/565/2072 2408/565/2387 2400/560/2386
f 2723/565/2072 2724/570/2080 2416/570/2388 2408/565/2387
f 2724/570/2080 2725/575/2088 2424/575/2389 2416/570/2388
f 2725/575/2088 2726/580/2096 2432/580/2390 2424/575/2389
f 2726/580/2096 2727/585/2104 2440/585/2391 2432/580/2390
f 2727/585/2104 2728/590/2112 2448/590/2392 2440/585/2391
f 2728/590/2112 2729/595/2120 2456/595/2393 2448/590/2392
f 2729/595/2120 2730/600/2128 2464/600/2394 2456/595/2393
f 2730/600/2128 2731/605/2136 2472/605/2395 2464/600/2394
f 2731/605/2136 2732/610/2144 2480/610/2396 2472/605/2395
f 2732/610/2144 2733/615/2152 2488/615/2397 2480/610/2396
f 2733/615/2152 2734/620/2160 2496/620/2398 2488/615/2397
f 2734/620/2160 2735/625/2168 2504/625/2399 2496/620/2398
f 2735/625/2168 2736/630/2176 2512/630/2400 2504/625/2399
f 2736/630/2176 2737/635/2184 2520/635/2401 2512/630/2400
f 2737/635/2184 2738/640/2192 2528/640/2402 2520/635/2401
f 2738/640/2192 2739/645/2200 2536/645/2403 2528/640/2402
f 2739/645/2200 2740/650/2208 2544/650/2404 2536/645/2403
f 2740/650/2208 2686/1258/2216 2552/1258/2350 2544/650/2404
f 2741/376/1769 2742/922/1772 2106/922/2405 2105/376/2406
f 2743/377/1770 2741/376/1769 2105/376/2406 2113/377/2407
f 2744/386/1785 2743/377/1770 2113/377/2407 2121/386/2408
f 2745/391/1793 2744/386/1785 2121/386/2408 2129/391/2409
f 2746/396/1801 2745/391/1793 2129/391/2409 2137/396/2410
f 2747/401/1809 2746/396/1801 2137/396/2410 2145/401/2411
f 2748/406/1817 2747/401/1809 2145/401/2411 2153/406/2412
f 2749/411/1825 2748/406/1817 2153/406/2412 2161/411/2413
f 2750/416/1833 2749/411/1825 2161/411/2413 2169/416/2414
f 2751/421/1841 2750/416/1833 2169/416/2414 2177/421/2415
f 2752/426/1849 2751/421/1841 2177/421/2415 2185/426/2416
f 2753/431/1857 2752/426/1849 2185/426/2416 2193/431/2417
f 2754/436/1865 2753/431/1857 2193/431/2417 2201/436/2418
f 2755/441/1873 2754/436/1865 2201/436/2418 2209/441/2419
f 2756/446/1881 2755/441/1873 2209/441/2419 2217/446/2420
f 2757/451/1889 2756/446/1881 2217/446/2420 2225/451/2421
f 2758/456/1897 2757/451/1889 2225/451/2421 2233/456/2422
f 2759/461/1905 2758/456/1897 2233/456/2422 2241/461/2423
f 2760/466/1913 2759/461/1905 2241/461/2423 2249/466/2424
f 2761/471/1921 2760/466/1913 2249/466/2424 2257/471/2425
f 2762/476/1929 2761/471/1921 2257/471/2425 2265/476/2426
f 2763/481/1937 2762/476/1929 2265/476/2426 2273/481/2427
f 2764/486/1945 2763/481/1937 2273/481/2427 2281/486/2428
f 2765/491/1953 2764/486/1945 2281/486/2428 2289/491/2429
f 2766/496/1961 2765/491/1953 2289/491/2429 2297/496/2430
f 2767/501/1969 2766/496/1961 2297/496/2430 2305/501/2431
f 2768/506/1977 2767/501/1969 2305/501/2431 2313/506/2432
f 2769/511/1985 2768/506/1977 2313/506/2432 2321/511/2433
f 2770/516/1993 2769/511/1985 2321/511/2433 2329/516/2434
f 2771/521/2001 2770/516/1993 2329/516/2434 2337/521/2435
f 2772/526/2009 2771/521/2001 2337/521/2435 2345/526/2436
f 2773/531/2017 2772/526/2009 2345/526/2436 2353/531/2437
f 2774/536/2025 2773/531/2017 2353/531/2437 2361/536/2438
f 2775/541/2033 2774/536/2025 2361/536/2438 2369/541/2439
f 2776/546/2041 2775/541/2033 2369/541/2439 2377/546/2440
f 2777/551/2049 2776/546/2041 2377/546/2440 2385/551/2441
f 2778/556/2057 2777/551/2049 2385/551/2441 2393/556/2442
f 2779/561/2065 2778/556/2057 2393/556/2442 2401/561/2443
f 2780/566/2073 2779/561/2065 2401/561/2443 2409/566/2444
f 2781/571/2081 2780/566/2073 2409/566/2444 2417/571/2445
f 2782/576/2089 2781/571/2081 2417/571/2445 2425/576/2446
f 2783/581/2097 2782/576/2089 2425/576/2446 2433/581/2447
f 2784/586/2105 2783/581/2097 2433/581/2447 2441/586/2448
f 2785/591/2113 2784/586/2105 2441/586/2448 2449/591/2449
f 2786/596/2121 2785/591/2113 2449/591/2449 2457/596/2450
f 2787/601/2129 2786/596/2121 2457/596/2450 2465/601/2451
f 2788/606/2137 2787/601/2129 2465/601/2451 2473/606/2452
f 2789/611/2145 2788/606/2137 2473/606/2452 2481/611/2453
f 2790/616/2153 2789/611/2145 2481/611/2453 2489/616/2454
f 2791/621/2161 2790/616/2153 2489/616/2454 2497/621/2455
f 2792/626/2169 2791/621/2161 2497/621/2455 2505/626/2456
f 2793/631/2177 2792/626/2169 2505/626/2456 2513/631/2457
f 2794/636/2185 2793/631/2177 2513/631/2457 2521/636/2458
f 2795/641/2193 2794/636/2185 2521/636/2458 2529/641/2459
f 2796/646/2201 2795/641/2193 2529/641/2459 2537/646/2460
f 2797/1251/2209 2796/646/2201 2537/646/2460 2545/1251/2461
f 2798/1252/2210 2797/1251/2209 2545/1251/2461 2546/1252/2462
f 2742/922/1772 2799/924/1774 2107/924/2463 2106/922/2405
f 2800/1253/2211 2798/1252/2210 2546/1252/2462 2547/1253/2464
f 2799/924/1774 2677/926/1776 2108/926/2342 2107/924/2463
f 2679/1254/2212 2800/1253/2211 2547/1253/2464 2548/1254/2343
usemtl embed_recharge
f 2617/376/1321 2619/377/1322 1666/921/1323 2618/922/1324
f 2618/922/1324 1666/921/1323 1667/923/1325 2675/924/1326
f 2675/924/1326 1667/923/1325 1668/925/1327 2553/926/1328
f 2553/926/1328 1668/925/1327 1669/927/1329 2554/928/1330
f 2554/928/1330 1669/927/1329 1670/929/1331 2557/930/1332
f 2557/930/1332 1670/929/1331 1671/931/1333 2559/932/1334
f 2559/932/1334 1671/931/1333 2563/384/1335 2561/385/1336
f 2619/377/1322 2620/386/1337 1674/933/1338 1666/921/1323
f 1666/921/1323 1674/933/1338 1675/934/1339 1667/923/1325
f 1667/923/1325 1675/934/1339 1676/935/1340 1668/925/1327
f 1668/925/1327 1676/935/1340 1677/936/1341 1669/927/1329
f 1669/927/1329 1677/936/1341 1678/937/1342 1670/929/1331
f 1670/929/1331 1678/937/1342 1679/938/1343 1671/931/1333
f 1671/931/1333 1679/938/1343 2564/390/1344 2563/384/1335
f 2620/386/1337 2621/391/1345 1682/939/1346 1674/933/1338
f 1674/933/1338 1682/939/1346 1683/940/1347 1675/934/1339
f 1675/934/1339 1683/940/1347 1684/941/1348 1676/935/1340
f 1676/935/1340 1684/941/1348 1685/942/1349 1677/936/1341
f 1677/936/1341 1685/942/1349 1686/943/1350 1678/937/1342
f 1678/937/1342 1686/943/1350 1687/944/1351 1679/938/1343
f 1679/938/1343 1687/944/1351 2565/395/1352 2564/390/1344
f 2621/391/1345 2622/396/1353 1690/945/1354 1682/939/1346
f 1682/939/1346 1690/945/1354 1691/946/1355 1683/940/1347
f 1683/940/1347 1691/946/1355 1692/947/1356 1684/941/1348
f 1684/941/1348 1692/947/1356 1693/948/1357 1685/942/1349
f 1685/942/1349 1693/948/1357 1694/949/1358 1686/943/1350
f 1686/943/1350 1694/949/1358 1695/950/1359 1687/944/1351
f 1687/944/1351 1695/950/1359 2566/400/1360 2565/395/1352
f 2622/396/1353 2623/401/1361 1698/951/1362 1690/945/1354
f 1690/945/1354 1698/951/1362 1699/952/1363 1691/946/1355
f 1691/946/1355 1699/952/1363 1700/953/1364 1692/947/1356
f 1692/947/1356 1700/953/1364 1701/954/1365 1693/948/1357
f 1693/948/1357 1701/954/1365 1702/955/1366 1694/949/1358
f 1694/949/1358 1702/955/1366 1703/956/1367 1695/950/1359
f 1695/950/1359 1703/956/1367 2567/405/1368 2566/400/1360
f 2623/401/1361 2624/406/1369 1706/957/1370 1698/951/1362
f 1698/951/1362 1706/957/1370 1707/958/1371 1699/952/1363
f 1699/952/1363 1707/958/1371 1708/959/1372 1700/953/1364
f 1700/953/1364 1708/959/1372 1709/960/1373 1701/954/1365
f 1701/954/1365 1709/960/1373 1710/961/1374 1702/955/1366
f 1702/955/1366 1710/961/1374 1711/962/1375 1703/956/1367
f 1703/956/1367 1711/962/1375 2568/410/1376 2567/405/1368
f 2624/406/1369 2625/411/1377 1714/963/1378 1706/957/1370
f 1706/957/1370 1714/963/1378 1715/964/1379 1707/958/1371
f 1707/958/1371 1715/964/1379 1716/965/1380 1708/959/1372
f 1708/959/1372 1716/965/1380 1717/966/1381 1709/960/1373
f 1709/960/1373 1717/966/1381 1718/967/1382 1710/961/1374
f 1710/961/1374 1718/967/1382 1719/968/1383 1711/962/1375
f 1711/962/1375 1719/968/1383 2569/415/1384 2568/410/1376
f 2625/411/1377 2626/416/1385 1722/969/1386 1714/963/1378
f 1714/963/1378 1722/969/1386 1723/970/1387 1715/964/1379
f 1715/964/1379 1723/970/1387 1724/971/1388 1716/965/1380
f 1716/965/1380 1724/971/1388 1725/972/1389 1717/966/1381
f 1717/966/1381 1725/972/1389 1726/973/1390 1718/967/1382
f 1718/967/1382 1726/973/1390 1727/974/1391 1719/968/1383
f 1719/968/1383 1727/974/1391 2570/420/1392 2569/415/1384
f 2626/416/1385 2627/421/1393 1730/975/1394 1722/969/1386
f 1722/969/1386 1730/975/1394 1731/976/1395 1723/970/1387
f 1723/970/1387 1731/976/1395 1732/977/1396 1724/971/1388
f 1724/971/1388 1732/977/1396 1733/978/1397 1725/972/1389
f 1725/972/1389 1733/978/1397 1734/979/1398 1726/973/1390
f 1726/973/1390 1734/979/1398 1735/980/1399 1727/974/1391
f 1727/974/1391 1735/980/1399 2571/425/1400 2570/420/1392
f 2627/421/1393 2628/426/1401 1738/981/1402 1730/975/1394
f 1730/975/1394 1738/981/1402 1739/982/1403 1731/976/1395
f 1731/976/1395 1739/982/1403 1740/983/1404 1732/977/1396
f 1732/977/1396 1740/983/1404 1741/984/1405 1733/978/1397
f 1733/978/1397 1741/984/1405 1742/985/1406 1734/979/1398
f 1734/979/1398 1742/985/1406 1743/986/1407 1735/980/1399
f 1735/980/1399 1743/986/1407 2572/430/1408 2571/425/1400
f 2628/426/1401 2629/431/1409 1746/987/1410 1738/981/1402
f 1738/981/1402 1746/987/1410 1747/988/1411 1739/982/1403
f 1739/982/1403 1747/988/1411 1748/989/1412 1740/983/1404
f 1740/983/1404 1748/989/1412 1749/990/1413 1741/984/1405
f 1741/984/1405 1749/990/1413 1750/991/1414 1742/985/1406
f 1742/985/1406 1750/991/1414 1751/992/1415 1743/986/1407
f 1743/986/1407 1751/992/1415 2573/435/1416 2572/430/1408
f 2629/431/1409 2630/436/1417 1754/993/1418 1746/987/1410
f 1746/987/1410 1754/993/1418 1755/994/1419 1747/988/1411
f 1747/988/1411 1755/994/1419 1756/995/1420 1748/989/1412
f 1748/989/1412 1756/995/1420 1757/996/1421 1749/990/1413
f 1749/990/1413 1757/996/1421 1758/997/1422 1750/991/1414
f 1750/991/1414 1758/997/1422 1759/998/1423 1751/992/1415
f 1751/992/1415 1759/998/1423 2574/440/1424 2573/435/1416
f 2630/436/1417 2631/441/1425 1762/999/1426 1754/993/1418
f 1754/993/1418 1762/999/1426 1763/1000/1427 1755/994/1419
f 1755/994/1419 1763/1000/1427 1764/1001/1428 1756/995/1420
f 1756/995/1420 1764/1001/1428 1765/1002/1429 1757/996/1421
f 1757/996/1421 1765/1002/1429 1766/1003/1430 1758/997/1422
f 1758/997/1422 1766/1003/1430 1767/1004/1431 1759/998/1423
f 1759/998/1423 1767/1004/1431 2575/445/1432 2574/440/1424
f 2631/441/1425 2632/446/1433 1770/1005/1434 1762/999/1426
f 1762/999/1426 1770/1005/1434 1771/1006/1435 1763/1000/1427
f 1763/1000/1427 1771/1006/1435 1772/1007/1436 1764/1001/1428
f 1764/1001/1428 1772/1007/1436 1773/1008/1437 1765/1002/1429
f 1765/1002/1429 1773/1008/1437 1774/1009/1438 1766/1003/1430
f 1766/1003/1430 1774/1009/1438 1775/1010/1439 1767/1004/1431
f 1767/1004/1431 1775/1010/1439 2576/450/1440 2575/445/1432
f 2632/446/1433 2633/451/1441 1778/1011/1442 1770/1005/1434
f 1770/1005/1434 1778/1011/1442 1779/1012/1443 1771/1006/1435
f 1771/1006/1435 1779/1012/1443 1780/1013/1444 1772/1007/1436
f 1772/1007/1436 1780/1013/1444 1781/1014/1445 1773/1008/1437
f 1773/1008/1437 1781/1014/1445 1782/1015/1446 1774/1009/1438
f 1774/1009/1438 1782/1015/1446 1783/1016/1447 1775/1010/1439
f 1775/1010/1439 1783/1016/1447 2577/455/1448 2576/450/1440
f 2633/451/1441 2634/456/1449 1786/1017/1450 1778/1011/1442
f 1778/1011/1442 1786/1017/1450 1787/1018/1451 1779/1012/1443
f 1779/1012/1443 1787/1018/1451 1788/1019/1452 1780/1013/1444
f 1780/1013/1444 1788/1019/1452 1789/1020/1453 1781/1014/1445
f 1781/1014/1445 1789/1020/1453 1790/1021/1454 1782/1015/1446
f 1782/1015/1446 1790/1021/1454 1791/1022/1455 1783/1016/1447
f 1783/1016/1447 1791/1022/1455 2578/460/1456 2577/455/1448
f 2634/456/1449 2635/461/1457 1794/1023/1458 1786/1017/1450
f 1786/1017/1450 1794/1023/1458 1795/1024/1459 1787/1018/1451
f 1787/1018/1451 1795/1024/1459 1796/1025/1460 1788/1019/1452
f 1788/1019/1452 1796/1025/1460 1797/1026/1461 1789/1020/1453
f 1789/1020/1453 1797/1026/1461 1798/1027/1462 1790/1021/1454
f 1790/1021/1454 1798/1027/1462 1799/1028/1463 1791/1022/1455
f 1791/1022/1455 1799/1028/1463 2579/465/1464 2578/460/1456
f 2635/461/1457 2636/466/1465 1802/1029/1466 1794/1023/1458
f 1794/1023/1458 1802/1029/1466 1803/1030/1467 1795/1024/1459
f 1795/1024/1459 1803/1030/1467 1804/1031/1468 1796/1025/1460
f 1796/1025/1460 1804/1031/1468 1805/1032/1469 1797/1026/1461
f 1797/1026/1461 1805/1032/1469 1806/1033/1470 1798/1027/1462
f 1798/1027/1462 1806/1033/1470 1807/1034/1471 1799/1028/1463
f 1799/1028/1463 1807/1034/1471 2580/470/1472 2579/465/1464
f 2636/466/1465 2637/471/1473 1810/1035/1474 1802/1029/1466
f 1802/1029/1466 1810/1035/1474 1811/1036/1475 1803/1030/1467
f 1803/1030/1467 1811/1036/1475 1812/1037/1476 1804/1031/1468
f 1804/1031/1468 1812/1037/1476 1813/1038/1477 1805/1032/1469
f 1805/1032/1469 1813/1038/1477 1814/1039/1478 1806/1033/1470
f 1806/1033/1470 1814/1039/1478 1815/1040/1479 1807/1034/1471
f 1807/1034/1471 1815/1040/1479 2581/475/1480 2580/470/1472
f 2637/471/1473 2638/476/1481 1818/1041/1482 1810/1035/1474
f 1810/1035/1474 1818/1041/1482 1819/1042/1483 1811/1036/1475
f 1811/1036/1475 1819/1042/1483 1820/1043/1484 1812/1037/1476
f 1812/1037/1476 1820/1043/1484 1821/1044/1485 1813/1038/1477
f 1813/1038/1477 1821/1044/1485 1822/1045/1486 1814/1039/1478
f 1814/1039/1478 1822/1045/1486 1823/1046/1487 1815/1040/1479
f 1815/1040/1479 1823/1046/1487 2582/480/1488 2581/475/1480
f 2638/476/1481 2639/481/1489 1826/1047/1490 1818/1041/1482
f 1818/1041/1482 1826/1047/1490 1827/1048/1491 1819/1042/1483
f 1819/1042/1483 1827/1048/1491 1828/1049/1492 1820/1043/1484
f 1820/1043/1484 1828/1049/1492 1829/1050/1493 1821/1044/1485
f 1821/1044/1485 1829/1050/1493 1830/1051/1494 1822/1045/1486
f 1822/1045/1486 1830/1051/1494 1831/1052/1495 1823/1046/1487
f 1823/1046/1487 1831/1052/1495 2583/485/1496 2582/480/1488
f 2639/481/1489 2640/486/1497 1834/1053/1498 1826/1047/1490
f 1826/1047/1490 1834/1053/1498 1835/1054/1499 1827/1048/1491
f 1827/1048/1491 1835/1054/1499 1836/1055/1500 1828/1049/1492
f 1828/1049/1492 1836/1055/1500 1837/1056/1501 1829/1050/1493
f 1829/1050/1493 1837/1056/1501 1838/1057/1502 1830/1051/1494
f 1830/1051/1494 1838/1057/1502 1839/1058/1503 1831/1052/1495
f 1831/1052/1495 1839/1058/1503 2584/490/1504 2583/485/1496
f 2640/486/1497 2641/491/1505 1842/1059/1506 1834/1053/1498
f 1834/1053/1498 1842/1059/1506 1843/1060/1507 1835/1054/1499
f 1835/1054/1499 1843/1060/1507 1844/1061/1508 1836/1055/1500
f 1836/1055/1500 1844/1061/1508 1845/1062/1509 1837/1056/1501
f 1837/1056/1501 1845/1062/1509 1846/1063/1510 1838/1057/1502
f 1838/1057/1502 1846/1063/1510 1847/1064/1511 1839/1058/1503
f 1839/1058/1503 1847/1064/1511 2585/495/1512 2584/490/1504
f 2641/491/1505 2642/496/1513 1850/1065/1514 1842/1059/1506
f 1842/1059/1506 1850/1065/1514 1851/1066/1515 1843/1060/1507
f 1843/1060/1507 1851/1066/1515 1852/1067/1516 1844/1061/1508
f 1844/1061/1508 1852/1067/1516 1853/1068/1517 1845/1062/1509
f 1845/1062/1509 1853/1068/1517 1854/1069/1518 1846/1063/1510
f 1846/1063/1510 1854/1069/1518 1855/1070/1519 1847/1064/1511
f 1847/1064/1511 1855/1070/1519 2586/500/1520 2585/495/1512
f 2642/496/1513 2643/501/1521 1858/1071/1522 1850/1065/1514
f 1850/1065/1514 1858/1071/1522 1859/1072/1523 1851/1066/1515
f 1851/1066/1515 1859/1072/1523 1860/1073/1524 1852/1067/1516
f 1852/1067/1516 1860/1073/1524 1861/1074/1525 1853/1068/1517
f 1853/1068/1517 1861/1074/1525 1862/1075/1526 1854/1069/1518
f 1854/1069/1518 1862/1075/1526 1863/1076/1527 1855/1070/1519
f 1855/1070/1519 1863/1076/1527 2587/505/1528 2586/500/1520
f 2643/501/1521 2644/506/1529 1866/1077/1530 1858/1071/1522
f 1858/1071/1522 1866/1077/1530 1867/1078/1531 1859/1072/1523
f 1859/1072/1523 1867/1078/1531 1868/1079/1532 1860/1073/1524
f 1860/1073/1524 1868/1079/1532 1869/1080/1533 1861/1074/1525
f 1861/1074/1525 1869/1080/1533 1870/1081/1534 1862/1075/1526
f 1862/1075/1526 1870/1081/1534 1871/1082/1535 1863/1076/1527
f 1863/1076/1527 1871/1082/1535 2588/510/1536 2587/505/1528
f 2644/506/1529 2645/511/1537 1874/1083/1538 1866/1077/1530
f 1866/1077/1530 1874/1083/1538 1875/1084/1539 1867/1078/1531
f 1867/1078/1531 1875/1084/1539 1876/1085/1540 1868/1079/1532
f 1868/1079/1532 1876/1085/1540 1877/1086/1541 1869/1080/1533
f 1869/1080/1533 1877/1086/1541 1878/1087/1542 1870/1081/1534
f 1870/1081/1534 1878/1087/1542 1879/1088/1543 1871/1082/1535
f 1871/1082/1535 1879/1088/1543 2589/515/1544 2588/510/1536
f 2645/511/1537 2646/516/1545 1882/1089/1546 1874/1083/1538
f 1874/1083/1538 1882/1089/1546 1883/1090/1547 1875/1084/1539
f 1875/1084/1539 1883/1090/1547 1884/1091/1548 1876/1085/1540
f 1876/1085/1540 1884/1091/1548 1885/1092/1549 1877/1086/1541
f 1877/1086/1541 1885/1092/1549 1886/1093/1550 1878/1087/1542
f 1878/1087/1542 1886/1093/1550 1887/1094/1551 1879/1088/1543
f 1879/1088/1543 1887/1094/1551 2590/520/1552 2589/515/1544
f 2646/516/1545 2647/521/1553 1890/1095/1554 1882/1089/1546
f 1882/1089/1546 1890/1095/1554 1891/1096/1555 1883/1090/1547
f 1883/1090/1547 1891/1096/1555 1892/1097/1556 1884/1091/1548
f 1884/1091/1548 1892/1097/1556 1893/1098/1557 1885/1092/1549
f 1885/1092/1549 1893/1098/1557 1894/1099/1558 1886/1093/1550
f 1886/1093/1550 1894/1099/1558 1895/1100/1559 1887/1094/1551
f 1887/1094/1551 1895/1100/1559 2591/525/1560 2590/520/1552
f 2647/521/1553 2648/526/1561 1898/1101/1562 1890/1095/1554
f 1890/1095/1554 1898/1101/1562 1899/1102/1563 1891/1096/1555
f 1891/1096/1555 1899/1102/1563 1900/1103/1564 1892/1097/1556
f 1892/1097/1556 1900/1103/1564 1901/1104/1565 1893/1098/1557
f 1893/1098/1557 1901/1104/1565 1902/1105/1566 1894/1099/1558
f 1894/1099/1558 1902/1105/1566 1903/1106/1567 1895/1100/1559
f 1895/1100/1559 1903/1106/1567 2592/530/1568 2591/525/1560
f 2648/526/1561 2649/531/1569 1906/1107/1570 1898/1101/1562
f 1898/1101/1562 1906/1107/1570 1907/1108/1571 1899/1102/1563
f 1899/1102/1563 1907/1108/1571 1908/1109/1572 1900/1103/1564
f 1900/1103/1564 1908/1109/1572 1909/1110/1573 1901/1104/1565
f 1901/1104/1565 1909/1110/1573 1910/1111/1574 1902/1105/1566
f 1902/1105/1566 1910/1111/1574 1911/1112/1575 1903/1106/1567
f 1903/1106/1567 1911/1112/1575 2593/535/1576 2592/530/1568
f 2649/531/1569 2650/536/1577 1914/1113/1578 1906/1107/1570
f 1906/1107/1570 1914/1113/1578 1915/1114/1579 1907/1108/1571
f 1907/1108/1571 1915/1114/1579 1916/1115/1580 1908/1109/1572
f 1908/1109/1572 1916/1115/1580 1917/1116/1581 1909/1110/1573
f 1909/1110/1573 1917/1116/1581 1918/1117/1582 1910/1111/1574
f 1910/1111/1574 1918/1117/1582 1919/1118/1583 1911/1112/1575
f 1911/1112/1575 1919/1118/1583 2594/540/1584 2593/535/1576
f 2650/536/1577 2651/541/1585 1922/1119/1586 1914/1113/1578
f 1914/1113/1578 1922/1119/1586 1923/1120/1587 1915/1114/1579
f 1915/1114/1579 1923/1120/1587 1924/1121/1588 1916/1115/1580
f 1916/1115/1580 1924/1121/1588 1925/1122/1589 1917/1116/1581
f 1917/1116/1581 1925/1122/1589 1926/1123/1590 1918/1117/1582
f 1918/1117/1582 1926/1123/1590 1927/1124/1591 1919/1118/1583
f 1919/1118/1583 1927/1124/1591 2595/545/1592 2594/540/1584
f 2651/541/1585 2652/546/1593 1930/1125/1594 1922/1119/1586
f 1922/1119/1586 1930/1125/1594 1931/1126/1595 1923/1120/1587
f 1923/1120/1587 1931/1126/1595 1932/1127/1596 1924/1121/1588
f 1924/1121/1588 1932/1127/1596 1933/1128/1597 1925/1122/1589
f 1925/1122/1589 1933/1128/1597 1934/1129/1598 1926/1123/1590
f 1926/1123/1590 1934/1129/1598 1935/1130/1599 1927/1124/1591
f 1927/1124/1591 1935/1130/1599 2596/550/1600 2595/545/1592
f 2652/546/1593 2653/551/1601 1938/1131/1602 1930/1125/1594
f 1930/1125/1594 1938/1131/1602 1939/1132/1603 1931/1126/1595
f 1931/1126/1595 1939/1132/1603 1940/1133/1604 1932/1127/1596
f 1932/1127/1596 1940/1133/1604 1941/1134/1605 1933/1128/1597
f 1933/1128/1597 1941/1134/1605 1942/1135/1606 1934/1129/1598
f 1934/1129/1598 1942/1135/1606 1943/1136/1607 1935/1130/1599
f 1935/1130/1599 1943/1136/1607 2597/555/1608 2596/550/1600
f 2653/551/1601 2654/556/1609 1946/1137/1610 1938/1131/1602
f 1938/1131/1602 1946/1137/1610 1947/1138/1611 1939/1132/1603
f 1939/1132/1603 1947/1138/1611 1948/1139/1612 1940/1133/1604
f 1940/1133/1604 1948/1139/1612 1949/1140/1613 1941/1134/1605
f 1941/1134/1605 1949/1140/1613 1950/1141/1614 1942/1135/1606
f 1942/1135/1606 1950/1141/1614 1951/1142/1615 1943/1136/1607
f 1943/1136/1607 1951/1142/1615 2598/560/1616 2597/555/1608
f 2654/556/1609 2655/561/1617 1954/1143/1618 1946/1137/1610
f 1946/1137/1610 1954/1143/1618 1955/1144/1619 1947/1138/1611
f 1947/1138/1611 1955/1144/1619 1956/1145/1620 1948/1139/1612
f 1948/1139/1612 1956/1145/1620 1957/1146/1621 1949/1140/1613
f 1949/1140/1613 1957/1146/1621 1958/1147/1622 1950/1141/1614
f 1950/1141/1614 1958/1147/1622 1959/1148/1623 1951/1142/1615
f 1951/1142/1615 1959/1148/1623 2599/565/1624 2598/560/1616
f 2655/561/1617 2656/566/1625 1962/1149/1626 1954/1143/1618
f 1954/1143/1618 1962/1149/1626 1963/1150/1627 1955/1144/1619
f 1955/1144/1619 1963/1150/1627 1964/1151/1628 1956/1145/1620
f 1956/1145/1620 1964/1151/1628 1965/1152/1629 1957/1146/1621
f 1957/1146/1621 1965/1152/1629 1966/1153/1630 1958/1147/1622
f 1958/1147/1622 1966/1153/1630 1967/1154/1631 1959/1148/1623
f 1959/1148/1623 1967/1154/1631 2600/570/1632 2599/565/1624
f 2656/566/1625 2657/571/1633 1970/1155/1634 1962/1149/1626
f 1962/1149/1626 1970/1155/1634 1971/1156/1635 1963/1150/1627
f 1963/1150/1627 1971/1156/1635 1972/1157/1636 1964/1151/1628
f 1964/1151/1628 1972/1157/1636 1973/1158/1637 1965/1152/1629
f 1965/1152/1629 1973/1158/1637 1974/1159/1638 1966/1153/1630
f 1966/1153/1630 1974/1159/1638 1975/1160/1639 1967/1154/1631
f 1967/1154/1631 1975/1160/1639 2601/575/1640 2600/570/1632
f 2657/571/1633 2658/576/1641 1978/1161/1642 1970/1155/1634
f 1970/1155/1634 1978/1161/1642 1979/1162/1643 1971/1156/1635
f 1971/1156/1635 1979/1162/1643 1980/1163/1644 1972/1157/1636
f 1972/1157/1636 1980/1163/1644 1981/1164/1645 1973/1158/1637
f 1973/1158/1637 1981/1164/1645 1982/1165/1646 1974/1159/1638
f 1974/1159/1638 1982/1165/1646 1983/1166/1647 1975/1160/1639
f 1975/1160/1639 1983/1166/1647 2602/580/1648 2601/575/1640
f 2658/576/1641 2659/581/1649 1986/1167/1650 1978/1161/1642
f 1978/1161/1642 1986/1167/1650 1987/1168/1651 1979/1162/1643
f 1979/1162/1643 1987/1168/1651 1988/1169/1652 1980/1163/1644
f 1980/1163/1644 1988/1169/1652 1989/1170/1653 1981/1164/1645
f 1981/1164/1645 1989/1170/1653 1990/1171/1654 1982/1165/1646
f 1982/1165/1646 1990/1171/1654 1991/1172/1655 1983/1166/1647
f 1983/1166/1647 1991/1172/1655 2603/585/1656 2602/580/1648
f 2659/581/1649 2660/586/1657 1994/1173/1658 1986/1167/1650
f 1986/1167/1650 1994/1173/1658 1995/1174/1659 1987/1168/1651
f 1987/1168/1651 1995/1174/1659 1996/1175/1660 1988/1169/1652
f 1988/1169/1652 1996/1175/1660 1997/1176/1661 1989/1170/1653
f 1989/1170/1653 1997/1176/1661 1998/1177/1662 1990/1171/1654
f 1990/1171/1654 1998/1177/1662 1999/1178/1663 1991/1172/1655
f 1991/1172/1655 1999/1178/1663 2604/590/1664 2603/585/1656
f 2660/586/1657 2661/591/1665 2002/1179/1666 1994/1173/1658
f 1994/1173/1658 2002/1179/1666 2003/1180/1667 1995/1174/1659
f 1995/1174/1659 2003/1180/1667 2004/1181/1668 1996/1175/1660
f 1996/1175/1660 2004/1181/1668 2005/1182/1669 1997/1176/1661
f 1997/1176/1661 2005/1182/1669 2006/1183/1670 1998/1177/1662
f 1998/1177/1662 2006/1183/1670 2007/1184/1671 1999/1178/1663
f 1999/1178/1663 2007/1184/1671 2605/595/1672 2604/590/1664
f 2661/591/1665 2662/596/1673 2010/1185/1674 2002/1179/1666
f 2002/1179/1666 2010/1185/1674 2011/1186/1675 2003/1180/1667
f 2003/1180/1667 2011/1186/1675 2012/1187/1676 2004/1181/1668
f 2004/1181/1668 2012/1187/1676 2013/1188/1677 2005/1182/1669
f 2005/1182/1669 2013/1188/1677 2014/1189/1678 2006/1183/1670
f 2006/1183/1670 2014/1189/1678 2015/1190/1679 2007/1184/1671
f 2007/1184/1671 2015/1190/1679 2606/600/1680 2605/595/1672
f 2662/596/1673 2663/601/1681 2018/1191/1682 2010/1185/1674
f 2010/1185/1674 2018/1191/1682 2019/1192/1683 2011/1186/1675
f 2011/1186/1675 2019/1192/1683 2020/1193/1684 2012/1187/1676
f 2012/1187/1676 2020/1193/1684 2021/1194/1685 2013/1188/1677
f 2013/1188/1677 2021/1194/1685 2022/1195/1686 2014/1189/1678
f 2014/1189/1678 2022/1195/1686 2023/1196/1687 2015/1190/1679
f 2015/1190/1679 2023/1196/1687 2607/605/1688 2606/600/1680
f 2663/601/1681 2664/606/1689 2026/1197/1690 2018/1191/1682
f 2018/1191/1682 2026/1197/1690 2027/1198/1691 2019/1192/1683
f 2019/1192/1683 2027/1198/1691 2028/1199/1692 2020/1193/1684
f 2020/1193/1684 2028/1199/1692 2029/1200/1693 2021/1194/1685
f 2021/1194/1685 2029/1200/1693 2030/1201/1694 2022/1195/1686
f 2022/1195/1686 2030/1201/1694 2031/1202/1695 2023/1196/1687
f 2023/1196/1687 2031/1202/1695 2608/610/1696 2607/605/1688
f 2664/606/1689 2665/611/1697 2034/1203/1698 2026/1197/1690
f 2026/1197/1690 2034/1203/1698 2035/1204/1699 2027/1198/1691
f 2027/1198/1691 2035/1204/1699 2036/1205/1700 2028/1199/1692
f 2028/1199/1692 2036/1205/1700 2037/1206/1701 2029/1200/1693
f 2029/1200/1693 2037/1206/1701 2038/1207/1702 2030/1201/1694
f 2030/1201/1694 2038/1207/1702 2039/1208/1703 2031/1202/1695
f 2031/1202/1695 2039/1208/1703 2609/615/1704 2608/610/1696
f 2665/611/1697 2666/616/1705 2042/1209/1706 2034/1203/1698
f 2034/1203/1698 2042/1209/1706 2043/1210/1707 2035/1204/1699
f 2035/1204/1699 2043/1210/1707 2044/1211/1708 2036/1205/1700
f 2036/1205/1700 2044/1211/1708 2045/1212/1709 2037/1206/1701
f 2037/1206/1701 2045/1212/1709 2046/1213/1710 2038/1207/1702
f 2038/1207/1702 2046/1213/1710 2047/1214/1711 2039/1208/1703
f 2039/1208/1703 2047/1214/1711 2610/620/1712 2609/615/1704
f 2666/616/1705 2667/621/1713 2050/1215/1714 2042/1209/1706
f 2042/1209/1706 2050/1215/1714 2051/1216/1715 2043/1210/1707
f 2043/1210/1707 2051/1216/1715 2052/1217/1716 2044/1211/1708
f 2044/1211/1708 2052/1217/1716 2053/1218/1717 2045/1212/1709
f 2045/1212/1709 2053/1218/1717 2054/1219/1718 2046/1213/1710
f 2046/1213/1710 2054/1219/1718 2055/1220/1719 2047/1214/1711
f 2047/1214/1711 2055/1220/1719 2611/625/1720 2610/620/1712
f 2667/621/1713 2668/626/1721 2058/1221/1722 2050/1215/1714
f 2050/1215/1714 2058/1221/1722 2059/1222/1723 2051/1216/1715
f 2051/1216/1715 2059/1222/1723 2060/1223/1724 2052/1217/1716
f 2052/1217/1716 2060/1223/1724 2061/1224/1725 2053/1218/1717
f 2053/1218/1717 2061/1224/1725 2062/1225/1726 2054/1219/1718
f 2054/1219/1718 2062/1225/1726 2063/1226/1727 2055/1220/1719
f 2055/1220/1719 2063/1226/1727 2612/630/1728 2611/625/1720
f 2668/626/1721 2669/631/1729 2066/1227/1730 2058/1221/1722
f 2058/1221/1722 2066/1227/1730 2067/1228/1731 2059/1222/1723
f 2059/1222/1723 2067/1228/1731 2068/1229/1732 2060/1223/1724
f 2060/1223/1724 2068/1229/1732 2069/1230/1733 2061/1224/1725
f 2061/1224/1725 2069/1230/1733 2070/1231/1734 2062/1225/1726
f 2062/1225/1726 2070/1231/1734 2071/1232/1735 2063/1226/1727
f 2063/1226/1727 2071/1232/1735 2613/635/1736 2612/630/1728
f 2669/631/1729 2670/636/1737 2074/1233/1738 2066/1227/1730
f 2066/1227/1730 2074/1233/1738 2075/1234/1739 2067/1228/1731
f 2067/1228/1731 2075/1234/1739 2076/1235/1740 2068/1229/1732
f 2068/1229/1732 2076/1235/1740 2077/1236/1741 2069/1230/1733
f 2069/1230/1733 2077/1236/1741 2078/1237/1742 2070/1231/1734
f 2070/1231/1734 2078/1237/1742 2079/1238/1743 2071/1232/1735
f 2071/1232/1735 2079/1238/1743 2614/640/1744 2613/635/1736
f 2670/636/1737 2671/641/1745 2082/1239/1746 2074/1233/1738
f 2074/1233/1738 2082/1239/1746 2083/1240/1747 2075/1234/1739
f 2075/1234/1739 2083/1240/1747 2084/1241/1748 2076/1235/1740
f 2076/1235/1740 2084/1241/1748 2085/1242/1749 2077/1236/1741
f 2077/1236/1741 2085/1242/1749 2086/1243/1750 2078/1237/1742
f 2078/1237/1742 2086/1243/1750 2087/1244/1751 2079/1238/1743
f 2079/1238/1743 2087/1244/1751 2615/645/1752 2614/640/1744
f 2671/641/1745 2672/646/1753 2090/1245/1754 2082/1239/1746
f 2082/1239/1746 2090/1245/1754 2091/1246/1755 2083/1240/1747
f 2083/1240/1747 2091/1246/1755 2092/1247/1756 2084/1241/1748
f 2084/1241/1748 2092/1247/1756 2093/1248/1757 2085/1242/1749
f 2085/1242/1749 2093/1248/1757 2094/1249/1758 2086/1243/1750
f 2086/1243/1750 2094/1249/1758 2095/1250/1759 2087/1244/1751
f 2087/1244/1751 2095/1250/1759 2616/650/1760 2615/645/1752
f 2672/646/1753 2673/1251/1761 2674/1252/1762 2090/1245/1754
f 2090/1245/1754 2674/1252/1762 2676/1253/1763 2091/1246/1755
f 2091/1246/1755 2676/1253/1763 2555/1254/1764 2092/1247/1756
f 2092/1247/1756 2555/1254/1764 2556/1255/1765 2093/1248/1757
f 2093/1248/1757 2556/1255/1765 2558/1256/1766 2094/1249/1758
f 2094/1249/1758 2558/1256/1766 2560/1257/1767 2095/1250/1759
f 2095/1250/1759 2560/1257/1767 2562/1258/1768 2616/650/1760
f 2741/376/1769 2743/377/1770 2114/921/1771 2742/922/1772
f 2742/922/1772 2114/921/1771 2115/923/1773 2799/924/1774
f 2799/924/1774 2115/923/1773 2116/925/1775 2677/926/1776
f 2677/926/1776 2116/925/1775 2117/927/1777 2678/928/1778
f 2678/928/1778 2117/927/1777 2118/929/1779 2681/930/1780
f 2681/930/1780 2118/929/1779 2119/931/1781 2683/932/1782
f 2683/932/1782 2119/931/1781 2687/384/1783 2685/385/1784
f 2743/377/1770 2744/386/1785 2122/933/1786 2114/921/1771
f 2114/921/1771 2122/933/1786 2123/934/1787 2115/923/1773
f 2115/923/1773 2123/934/1787 2124/935/1788 2116/925/1775
f 2116/925/1775 2124/935/1788 2125/936/1789 2117/927/1777
f 2117/927/1777 2125/936/1789 2126/937/1790 2118/929/1779
f 2118/929/1779 2126/937/1790 2127/938/1791 2119/931/1781
f 2119/931/1781 2127/938/1791 2688/390/1792 2687/384/1783
f 2744/386/1785 2745/391/1793 2130/939/1794 2122/933/1786
f 2122/933/1786 2130/939/1794 2131/940/1795 2123/934/1787
f 2123/934/1787 2131/940/1795 2132/941/1796 2124/935/1788
f 2124/935/1788 2132/941/1796 2133/942/1797 2125/936/1789
f 2125/936/1789 2133/942/1797 2134/943/1798 2126/937/1790
f 2126/937/1790 2134/943/1798 2135/944/1799 2127/938/1791
f 2127/938/1791 2135/944/1799 2689/395/1800 2688/390/1792
f 2745/391/1793 2746/396/1801 2138/945/1802 2130/939/1794
f 2130/939/1794 2138/945/1802 2139/946/1803 2131/940/1795
f 2131/940/1795 2139/946/1803 2140/947/1804 2132/941/1796
f 2132/941/1796 2140/947/1804 2141/948/1805 2133/942/1797
f 2133/942/1797 2141/948/1805 2142/949/1806 2134/943/1798
f 2134/943/1798 2142/949/1806 2143/950/1807 2135/944/1799
f 2135/944/1799 2143/950/1807 2690/400/1808 2689/395/1800
f 2746/396/1801 2747/401/1809 2146/951/1810 2138/945/1802
f 2138/945/1802 2146/951/1810 2147/952/1811 2139/946/1803
f 2139/946/1803 2147/952/1811 2148/953/1812 2140/947/1804
f 2140/947/1804 2148/953/1812 2149/954/1813 2141/948/1805
f 2141/948/1805 2149/954/1813 2150/955/1814 2142/949/1806
f 2142/949/1806 2150/955/1814 2151/956/1815 2143/950/1807
f 2143/950/1807 2151/956/1815 2691/405/1816 2690/400/1808
f 2747/401/1809 2748/406/1817 2154/957/1818 2146/951/1810
f 2146/951/1810 2154/957/1818 2155/958/1819 2147/952/1811
f 2147/952/1811 2155/958/1819 2156/959/1820 2148/953/1812
f 2148/953/1812 2156/959/1820 2157/960/1821 2149/954/1813
f 2149/954/1813 2157/960/1821 2158/961/1822 2150/955/1814
f 2150/955/1814 2158/961/1822 2159/962/1823 2151/956/1815
f 2151/956/1815 2159/962/1823 2692/410/1824 2691/405/1816
f 2748/406/1817 2749/411/1825 2162/963/1826 2154/957/1818
f 2154/957/1818 2162/963/1826 2163/964/1827 2155/958/1819
f 2155/958/1819 2163/964/1827 2164/965/1828 2156/959/1820
f 2156/959/1820 2164/965/1828 2165/966/1829 2157/960/1821
f 2157/960/1821 2165/966/1829 2166/967/1830 2158/961/1822
f 2158/961/1822 2166/967/1830 2167/968/1831 2159/962/1823
f 2159/962/1823 2167/968/1831 2693/415/1832 2692/410/1824
f 2749/411/1825 2750/416/1833 2170/969/1834 2162/963/1826
f 2162/963/1826 2170/969/1834 2171/970/1835 2163/964/1827
f 2163/964/1827 2171/970/1835 2172/971/1836 2164/965/1828
f 2164/965/1828 2172/971/1836 2173/972/1837 2165/966/1829
f 2165/966/1829 2173/972/1837 2174/973/1838 2166/967/1830
f 2166/967/1830 2174/973/1838 2175/974/1839 2167/968/1831
f 2167/968/1831 2175/974/1839 2694/420/1840 2693/415/1832
f 2750/416/1833 2751/421/1841 2178/975/1842 2170/969/1834
f 2170/969/1834 2178/975/1842 2179/976/1843 2171/970/1835
f 2171/970/1835 2179/976/1843 2180/977/1844 2172/971/1836
f 2172/971/1836 2180/977/1844 2181/978/1845 2173/972/1837
f 2173/972/1837 2181/978/1845 2182/979/1846 2174/973/1838
f 2174/973/1838 2182/979/1846 2183/980/1847 2175/974/1839
f 2175/974/1839 2183/980/1847 2695/425/1848 2694/420/1840
f 2751/421/1841 2752/426/1849 2186/981/1850 2178/975/1842
f 2178/975/1842 2186/981/1850 2187/982/1851 2179/976/1843
f 2179/976/1843 2187/982/1851 2188/983/1852 2180/977/1844
f 2180/977/1844 2188/983/1852 2189/984/1853 2181/978/1845
f 2181/978/1845 2189/984/1853 2190/985/1854 2182/979/1846
f 2182/979/1846 2190/985/1854 2191/986/1855 2183/980/1847
f 2183/980/1847 2191/986/1855 2696/430/1856 2695/425/1848
f 2752/426/1849 2753/431/1857 2194/987/1858 2186/981/1850
f 2186/981/1850 2194/987/1858 2195/988/1859 2187/982/1851
f 2187/982/1851 2195/988/1859 2196/989/1860 2188/983/1852
f 2188/983/1852 2196/989/1860 2197/990/1861 2189/984/1853
f 2189/984/1853 2197/990/1861 2198/991/1862 2190/985/1854
f 2190/985/1854 2198/991/1862 2199/992/1863 2191/986/1855
f 2191/986/1855 2199/992/1863 2697/435/1864 2696/430/1856
f 2753/431/1857 2754/436/1865 2202/993/1866 2194/987/1858
f 2194/987/1858 2202/993/1866 2203/994/1867 2195/988/1859
f 2195/988/1859 2203/994/1867 2204/995/1868 2196/989/1860
f 2196/989/1860 2204/995/1868 2205/996/1869 2197/990/1861
f 2197/990/1861 2205/996/1869 2206/997/1870 2198/991/1862
f 2198/991/1862 2206/997/1870 2207/998/1871 2199/992/1863
f 2199/992/1863 2207/998/1871 2698/440/1872 2697/435/1864
f 2754/436/1865 2755/441/1873 2210/999/1874 2202/993/1866
f 2202/993/1866 2210/999/1874 2211/1000/1875 2203/994/1867
f 2203/994/1867 2211/1000/1875 2212/1001/1876 2204/995/1868
f 2204/995/1868 2212/1001/1876 2213/1002/1877 2205/996/1869
f 2205/996/1869 2213/1002/1877 2214/1003/1878 2206/997/1870
f 2206/997/1870 2214/1003/1878 2215/1004/1879 2207/998/1871
f 2207/998/1871 2215/1004/1879 2699/445/1880 2698/440/1872
f 2755/441/1873 2756/446/1881 2218/1005/1882 2210/999/1874
f 2210/999/1874 2218/1005/1882 2219/1006/1883 2211/1000/1875
f 2211/1000/1875 2219/1006/1883 2220/1007/1884 2212/1001/1876
f 2212/1001/1876 2220/1007/1884 2221/1008/1885 2213/1002/1877
f 2213/1002/1877 2221/1008/1885 2222/1009/1886 2214/1003/1878
f 2214/1003/1878 2222/1009/1886 2223/1010/1887 2215/1004/1879
f 2215/1004/1879 2223/1010/1887 2700/450/1888 2699/445/1880
f 2756/446/1881 2757/451/1889 2226/1011/1890 2218/1005/1882
f 2218/1005/1882 2226/1011/1890 2227/1012/1891 2219/1006/1883
f 2219/1006/1883 2227/1012/1891 2228/1013/1892 2220/1007/1884
f 2220/1007/1884 2228/1013/1892 2229/1014/1893 2221/1008/1885
f 2221/1008/1885 2229/1014/1893 2230/1015/1894 2222/1009/1886
f 2222/1009/1886 2230/1015/1894 2231/1016/1895 2223/1010/1887
f 2223/1010/1887 2231/1016/1895 2701/455/1896 2700/450/1888
f 2757/451/1889 2758/456/1897 2234/1017/1898 2226/1011/1890
f 2226/1011/1890 2234/1017/1898 2235/1018/1899 2227/1012/1891
f 2227/1012/1891 2235/1018/1899 2236/1019/1900 2228/1013/1892
f 2228/1013/1892 2236/1019/1900 2237/1020/1901 2229/1014/1893
f 2229/1014/1893 2237/1020/1901 2238/1021/1902 2230/1015/1894
f 2230/1015/1894 2238/1021/1902 2239/1022/1903 2231/1016/1895
f 2231/1016/1895 2239/1022/1903 2702/460/1904 2701/455/1896
f 2758/456/1897 2759/461/1905 2242/1023/1906 2234/1017/1898
f 2234/1017/1898 2242/1023/1906 2243/1024/1907 2235/1018/1899
f 2235/1018/1899 2243/1024/1907 2244/1025/1908 2236/1019/1900
f 2236/1019/1900 2244/1025/1908 2245/1026/1909 2237/1020/1901
f 2237/1020/1901 2245/1026/1909 2246/1027/1910 2238/1021/1902
f 2238/1021/1902 2246/1027/1910 2247/1028/1911 2239/1022/1903
f 2239/1022/1903 2247/1028/1911 2703/465/1912 2702/460/1904
f 2759/461/1905 2760/466/1913 2250/1029/1914 2242/1023/1906
f 2242/1023/1906 2250/1029/1914 2251/1030/1915 2243/1024/1907
f 2243/1024/1907 2251/1030/1915 2252/1031/1916 2244/1025/1908
f 2244/1025/1908 2252/1031/1916 2253/1032/1917 2245/1026/1909
f 2245/1026/1909 2253/1032/1917 2254/1033/1918 2246/1027/1910
f 2246/1027/1910 2254/1033/1918 2255/1034/1919 2247/1028/1911
f 2247/1028/1911 2255/1034/1919 2704/470/1920 2703/465/1912
f 2760/466/1913 2761/471/1921 2258/1035/1922 2250/1029/1914
f 2250/1029/1914 2258/1035/1922 2259/1036/1923 2251/1030/1915
f 2251/1030/1915 2259/1036/1923 2260/1037/1924 2252/1031/1916
f 2252/1031/1916 2260/1037/1924 2261/1038/1925 2253/1032/1917
f 2253/1032/1917 2261/1038/1925 2262/1039/1926 2254/1033/1918
f 2254/1033/1918 2262/1039/1926 2263/1040/1927 2255/1034/1919
f 2255/1034/1919 2263/1040/1927 2705/475/1928 2704/470/1920
f 2761/471/1921 2762/476/1929 2266/1041/1930 2258/1035/1922
f 2258/1035/1922 2266/1041/1930 2267/1042/1931 2259/1036/1923
f 2259/1036/1923 2267/1042/1931 2268/1043/1932 2260/1037/1924
f 2260/1037/1924 2268/1043/1932 2269/1044/1933 2261/1038/1925
f 2261/1038/1925 2269/1044/1933 2270/1045/1934 2262/1039/1926
f 2262/1039/1926 2270/1045/1934 2271/1046/1935 2263/1040/1927
f 2263/1040/1927 2271/1046/1935 2706/480/1936 2705/475/1928
f 2762/476/1929 2763/481/1937 2274/1047/1938 2266/1041/1930
f 2266/1041/1930 2274/1047/1938 2275/1048/1939 2267/1042/1931
f 2267/1042/1931 2275/1048/1939 2276/1049/1940 2268/1043/1932
f 2268/1043/1932 2276/1049/1940 2277/1050/1941 2269/1044/1933
f 2269/1044/1933 2277/1050/1941 2278/1051/1942 2270/1045/1934
f 2270/1045/1934 2278/1051/1942 2279/1052/1943 2271/1046/1935
f 2271/1046/1935 2279/1052/1943 2707/485/1944 2706/480/1936
f 2763/481/1937 2764/486/1945 2282/1053/1946 2274/1047/1938
f 2274/1047/1938 2282/1053/1946 2283/1054/1947 2275/1048/1939
f 2275/1048/1939 2283/1054/1947 2284/1055/1948 2276/1049/1940
f 2276/1049/1940 2284/1055/1948 2285/1056/1949 2277/1050/1941
f 2277/1050/1941 2285/1056/1949 2286/1057/1950 2278/1051/1942
f 2278/1051/1942 2286/1057/1950 2287/1058/1951 2279/1052/1943
f 2279/1052/1943 2287/1058/1951 2708/490/1952 2707/485/1944
f 2764/486/1945 2765/491/1953 2290/1059/1954 2282/1053/1946
f 2282/1053/1946 2290/1059/1954 2291/1060/1955 2283/1054/1947
f 2283/1054/1947 2291/1060/1955 2292/1061/1956 2284/1055/1948
f 2284/1055/1948 2292/1061/1956 2293/1062/1957 2285/1056/1949
f 2285/1056/1949 2293/1062/1957 2294/1063/1958 2286/1057/1950
f 2286/1057/1950 2294/1063/1958 2295/1064/1959 2287/1058/1951
f 2287/1058/1951 2295/1064/1959 2709/495/1960 2708/490/1952
f 2765/491/1953 2766/496/1961 2298/1065/1962 2290/1059/1954
f 2290/1059/1954 2298/1065/1962 2299/1066/1963 2291/1060/1955
f 2291/1060/1955 2299/1066/1963 2300/1067/1964 2292/1061/1956
f 2292/1061/1956 2300/1067/1964 2301/1068/1965 2293/1062/1957
f 2293/1062/1957 2301/1068/1965 2302/1069/1966 2294/1063/1958
f 2294/1063/1958 2302/1069/1966 2303/1070/1967 2295/1064/1959
f 2295/1064/1959 2303/1070/1967 2710/500/1968 2709/495/1960
f 2766/496/1961 2767/501/1969 2306/1071/1970 2298/1065/1962
f 2298/1065/1962 2306/1071/1970 2307/1072/1971 2299/1066/1963
f 2299/1066/1963 2307/1072/1971 2308/1073/1972 2300/1067/1964
f 2300/1067/1964 2308/1073/1972 2309/1074/1973 2301/1068/1965
f 2301/1068/1965 2309/1074/1973 2310/1075/1974 2302/1069/1966
f 2302/1069/1966 2310/1075/1974 2311/1076/1975 2303/1070/1967
f 2303/1070/1967 2311/1076/1975 2711/505/1976 2710/500/1968
f 2767/501/1969 2768/506/1977 2314/1077/1978 2306/1071/1970
f 2306/1071/1970 2314/1077/1978 2315/1078/1979 2307/1072/1971
f 2307/1072/1971 2315/1078/1979 2316/1079/1980 2308/1073/1972
f 2308/1073/1972 2316/1079/1980 2317/1080/1981 2309/1074/1973
f 2309/1074/1973 2317/1080/1981 2318/1081/1982 2310/1075/1974
f 2310/1075/1974 2318/1081/1982 2319/1082/1983 2311/1076/1975
f 2311/1076/1975 2319/1082/1983 2712/510/1984 2711/505/1976
f 2768/506/1977 2769/511/1985 2322/1083/1986 2314/1077/1978
f 2314/1077/1978 2322/1083/1986 2323/1084/1987 2315/1078/1979
f 2315/1078/1979 2323/1084/1987 2324/1085/1988 2316/1079/1980
f 2316/1079/1980 2324/1085/1988 2325/1086/1989 2317/1080/1981
f 2317/1080/1981 2325/1086/1989 2326/1087/1990 2318/1081/1982
f 2318/1081/1982 2326/1087/1990 2327/1088/1991 2319/1082/1983
f 2319/1082/1983 2327/1088/1991 2713/515/1992 2712/510/1984
f 2769/511/1985 2770/516/1993 2330/1089/1994 2322/1083/1986
f 2322/1083/1986 2330/1089/1994 2331/1090/1995 2323/1084/1987
f 2323/1084/1987 2331/1090/1995 2332/1091/1996 2324/1085/1988
f 2324/1085/1988 2332/1091/1996 2333/1092/1997 2325/1086/1989
f 2325/1086/1989 2333/1092/1997 2334/1093/1998 2326/1087/1990
f 2326/1087/1990 2334/1093/1998 2335/1094/1999 2327/1088/1991
f 2327/1088/1991 2335/1094/1999 2714/520/2000 2713/515/1992
f 2770/516/1993 2771/521/2001 2338/1095/2002 2330/1089/1994
f 2330/1089/1994 2338/1095/2002 2339/1096/2003 2331/1090/1995
f 2331/1090/1995 2339/1096/2003 2340/1097/2004 2332/1091/1996
f 2332/1091/1996 2340/1097/2004 2341/1098/2005 2333/1092/1997
f 2333/1092/1997 2341/1098/2005 2342/1099/2006 2334/1093/1998
f 2334/1093/1998 2342/1099/2006 2343/1100/2007 2335/1094/1999
f 2335/1094/1999 2343/1100/2007 2715/525/2008 2714/520/2000
f 2771/521/2001 2772/526/2009 2346/1101/2010 2338/1095/2002
f 2338/1095/2002 2346/1101/2010 2347/1102/2011 2339/1096/2003
f 2339/1096/2003 2347/1102/2011 2348/1103/2012 2340/1097/2004
f 2340/1097/2004 2348/1103/2012 2349/1104/2013 2341/1098/2005
f 2341/1098/2005 2349/1104/2013 2350/1105/2014 2342/1099/2006
f 2342/1099/2006 2350/1105/2014 2351/1106/2015 2343/1100/2007
f 2343/1100/2007 2351/1106/2015 2716/530/2016 2715/525/2008
f 2772/526/2009 2773/531/2017 2354/1107/2018 2346/1101/2010
f 2346/1101/2010 2354/1107/2018 2355/1108/2019 2347/1102/2011
f 2347/1102/2011 2355/1108/2019 2356/1109/2020 2348/1103/2012
f 2348/1103/2012 2356/1109/2020 2357/1110/2021 2349/1104/2013
f 2349/1104/2013 2357/1110/2021 2358/1111/2022 2350/1105/2014
f 2350/1105/2014 2358/1111/2022 2359/1112/2023 2351/1106/2015
f 2351/1106/2015 2359/1112/2023 2717/535/2024 2716/530/2016
f 2773/531/2017 2774/536/2025 2362/1113/2026 2354/1107/2018
f 2354/1107/2018 2362/1113/2026 2363/1114/2027 2355/1108/2019
f 2355/1108/2019 2363/1114/2027 2364/1115/2028 2356/1109/2020
f 2356/1109/2020 2364/1115/2028 2365/1116/2029 2357/1110/2021
f 2357/1110/2021 2365/1116/2029 2366/1117/2030 2358/1111/2022
f 2358/1111/2022 2366/1117/2030 2367/1118/2031 2359/1112/2023
f 2359/1112/2023 2367/1118/2031 2718/540/2032 2717/535/2024
f 2774/536/2025 2775/541/2033 2370/1119/2034 2362/1113/2026
f 2362/1113/2026 2370/1119/2034 2371/1120/2035 2363/1114/2027
f 2363/1114/2027 2371/1120/2035 2372/1121/2036 2364/1115/2028
f 2364/1115/2028 2372/1121/2036 2373/1122/2037 2365/1116/2029
f 2365/1116/2029 2373/1122/2037 2374/1123/2038 2366/1117/2030
f 2366/1117/2030 2374/1123/2038 2375/1124/2039 2367/1118/2031
f 2367/1118/2031 2375/1124/2039 2719/545/2040 2718/540/2032
f 2775/541/2033 2776/546/2041 2378/1125/2042 2370/1119/2034
f 2370/1119/2034 2378/1125/2042 2379/1126/2043 2371/1120/2035
f 2371/1120/2035 2379/1126/2043 2380/1127/2044 2372/1121/2036
f 2372/1121/2036 2380/1127/2044 2381/1128/2045 2373/1122/2037
f 2373/1122/2037 2381/1128/2045 2382/1129/2046 2374/1123/2038
f 2374/1123/2038 2382/1129/2046 2383/1130/2047 2375/1124/2039
f 2375/1124/2039 2383/1130/2047 2720/550/2048 2719/545/2040
f 2776/546/2041 2777/551/2049 2386/1131/2050 2378/1125/2042
f 2378/1125/2042 2386/1131/2050 2387/1132/2051 2379/1126/2043
f 2379/1126/2043 2387/1132/2051 2388/1133/2052 2380/1127/2044
f 2380/1127/2044 2388/1133/2052 2389/1134/2053 2381/1128/2045
f 2381/1128/2045 2389/1134/2053 2390/1135/2054 2382/1129/2046
f 2382/1129/2046 2390/1135/2054 2391/1136/2055 2383/1130/2047
f 2383/1130/2047 2391/1136/2055 2721/555/2056 2720/550/2048
f 2777/551/2049 2778/556/2057 2394/1137/2058 2386/1131/2050
f 2386/1131/2050 2394/1137/2058 2395/1138/2059 2387/1132/2051
f 2387/1132/2051 2395/1138/2059 2396/1139/2060 2388/1133/2052
f 2388/1133/2052 2396/1139/2060 2397/1140/2061 2389/1134/2053
f 2389/1134/2053 2397/1140/2061 2398/1141/2062 2390/1135/2054
f 2390/1135/2054 2398/1141/2062 2399/1142/2063 2391/1136/2055
f 2391/1136/2055 2399/1142/2063 2722/560/2064 2721/555/2056
f 2778/556/2057 2779/561/2065 2402/1143/2066 2394/1137/2058
f 2394/1137/2058 2402/1143/2066 2403/1144/2067 2395/1138/2059
f 2395/1138/2059 2403/1144/2067 2404/1145/2068 2396/1139/2060
f 2396/1139/2060 2404/1145/2068 2405/1146/2069 2397/1140/2061
f 2397/1140/2061 2405/1146/2069 2406/1147/2070 2398/1141/2062
f 2398/1141/2062 2406/1147/2070 2407/1148/2071 2399/1142/2063
f 2399/1142/2063 2407/1148/2071 2723/565/2072 2722/560/2064
f 2779/561/2065 2780/566/2073 2410/1149/2074 2402/1143/2066
f 2402/1143/2066 2410/1149/2074 2411/1150/2075 2403/1144/2067
f 2403/1144/2067 2411/1150/2075 2412/1151/2076 2404/1145/2068
f 2404/1145/2068 2412/1151/2076 2413/1152/2077 2405/1146/2069
f 2405/1146/2069 2413/1152/2077 2414/1153/2078 2406/1147/2070
f 2406/1147/2070 2414/1153/2078 2415/1154/2079 2407/1148/2071
f 2407/1148/2071 2415/1154/2079 2724/570/2080 2723/565/2072
f 2780/566/2073 2781/571/2081 2418/1155/2082 2410/1149/2074
f 2410/1149/2074 2418/1155/2082 2419/1156/2083 2411/1150/2075
f 2411/1150/2075 2419/1156/2083 2420/1157/2084 2412/1151/2076
f 2412/1151/2076 2420/1157/2084 2421/1158/2085 2413/1152/2077
f 2413/1152/2077 2421/1158/2085 2422/1159/2086 2414/1153/2078
f 2414/1153/2078 2422/1159/2086 2423/1160/2087 2415/1154/2079
f 2415/1154/2079 2423/1160/2087 2725/575/2088 2724/570/2080
f 2781/571/2081 2782/576/2089 2426/1161/2090 2418/1155/2082
f 2418/1155/2082 2426/1161/2090 2427/1162/2091 2419/1156/2083
f 2419/1156/2083 2427/1162/2091 2428/1163/2092 2420/1157/2084
f 2420/1157/2084 2428/1163/2092 2429/1164/2093 2421/1158/2085
f 2421/1158/2085 2429/1164/2093 2430/1165/2094 2422/1159/2086
f 2422/1159/2086 2430/1165/2094 2431/1166/2095 2423/1160/2087
f 2423/1160/2087 2431/1166/2095 2726/580/2096 2725/575/2088
f 2782/576/2089 2783/581/2097 2434/1167/2098 2426/1161/2090
f 2426/1161/2090 2434/1167/2098 2435/1168/2099 2427/1162/2091
f 2427/1162/2091 2435/1168/2099 2436/1169/2100 2428/1163/2092
f 2428/1163/2092 2436/1169/2100 2437/1170/2101 2429/1164/2093
f 2429/1164/2093 2437/1170/2101 2438/1171/2102 2430/1165/2094
f 2430/1165/2094 2438/1171/2102 2439/1172/2103 2431/1166/2095
f 2431/1166/2095 2439/1172/2103 2727/585/2104 2726/580/2096
f 2783/581/2097 2784/586/2105 2442/1173/2106 2434/1167/2098
f 2434/1167/2098 2442/1173/2106 2443/1174/2107 2435/1168/2099
f 2435/1168/2099 2443/1174/2107 2444/1175/2108 2436/1169/2100
f 2436/1169/2100 2444/1175/2108 2445/1176/2109 2437/1170/2101
f 2437/1170/2101 2445/1176/2109 2446/1177/2110 2438/1171/2102
f 2438/1171/2102 2446/1177/2110 2447/1178/2111 2439/1172/2103
f 2439/1172/2103 2447/1178/2111 2728/590/2112 2727/585/2104
f 2784/586/2105 2785/591/2113 2450/1179/2114 2442/1173/2106
f 2442/1173/2106 2450/1179/2114 2451/1180/2115 2443/1174/2107
f 2443/1174/2107 2451/1180/2115 2452/1181/2116 2444/1175/2108
f 2444/1175/2108 2452/1181/2116 2453/1182/2117 2445/1176/2109
f 2445/1176/2109 2453/1182/2117 2454/1183/2118 2446/1177/2110
f 2446/1177/2110 2454/1183/2118 2455/1184/2119 2447/1178/2111
f 2447/1178/2111 2455/1184/2119 2729/595/2120 2728/590/2112
f 2785/591/2113 2786/596/2121 2458/1185/2122 2450/1179/2114
f 2450/1179/2114 2458/1185/2122 2459/1186/2123 2451/1180/2115
f 2451/1180/2115 2459/1186/2123 2460/1187/2124 2452/1181/2116
f 2452/1181/2116 2460/1187/2124 2461/1188/2125 2453/1182/2117
f 2453/1182/2117 2461/1188/2125 2462/1189/2126 2454/1183/2118
f 2454/1183/2118 2462/1189/2126 2463/1190/2127 2455/1184/2119
f 2455/1184/2119 2463/1190/2127 2730/600/2128 2729/595/2120
f 2786/596/2121 2787/601/2129 2466/1191/2130 2458/1185/2122
f 2458/1185/2122 2466/1191/2130 2467/1192/2131 2459/1186/2123
f 2459/1186/2123 2467/1192/2131 2468/1193/2132 2460/1187/2124
f 2460/1187/2124 2468/1193/2132 2469/1194/2133 2461/1188/2125
f 2461/1188/2125 2469/1194/2133 2470/1195/2134 2462/1189/2126
f 2462/1189/2126 2470/1195/2134 2471/1196/2135 2463/1190/2127
f 2463/1190/2127 2471/1196/2135 2731/605/2136 2730/600/2128
f 2787/601/2129 2788/606/2137 2474/1197/2138 2466/1191/2130
f 2466/1191/2130 2474/1197/2138 2475/1198/2139 2467/1192/2131
f 2467/1192/2131 2475/1198/2139 2476/1199/2140 2468/1193/2132
f 2468/1193/2132 2476/1199/2140 2477/1200/2141 2469/1194/2133
f 2469/1194/2133 2477/1200/2141 2478/1201/2142 2470/1195/2134
f 2470/1195/2134 2478/1201/2142 2479/1202/2143 2471/1196/2135
f 2471/1196/2135 2479/1202/2143 2732/610/2144 2731/605/2136
f 2788/606/2137 2789/611/2145 2482/1203/2146 2474/1197/2138
f 2474/1197/2138 2482/1203/2146 2483/1204/2147 2475/1198/2139
f 2475/1198/2139 2483/1204/2147 2484/1205/2148 2476/1199/2140
f 2476/1199/2140 2484/1205/2148 2485/1206/2149 2477/1200/2141
f 2477/1200/2141 2485/1206/2149 2486/1207/2150 2478/1201/2142
f 2478/1201/2142 2486/1207/2150 2487/1208/2151 2479/1202/2143
f 2479/1202/2143 2487/1208/2151 2733/615/2152 2732/610/2144
f 2789/611/2145 2790/616/2153 2490/1209/2154 2482/1203/2146
f 2482/1203/2146 2490/1209/2154 2491/1210/2155 2483/1204/2147
f 2483/1204/2147 2491/1210/2155 2492/1211/2156 2484/1205/2148
f 2484/1205/2148 2492/1211/2156 2493/1212/2157 2485/1206/2149
f 2485/1206/2149 2493/1212/2157 2494/1213/2158 2486/1207/2150
f 2486/1207/2150 2494/1213/2158 2495/1214/2159 2487/1208/2151
f 2487/1208/2151 2495/1214/2159 2734/620/2160 2733/615/2152
f 2790/616/2153 2791/621/2161 2498/1215/2162 2490/1209/2154
f 2490/1209/2154 2498/1215/2162 2499/1216/2163 2491/1210/2155
f 2491/1210/2155 2499/1216/2163 2500/1217/2164 2492/1211/2156
f 2492/1211/2156 2500/1217/2164 2501/1218/2165 2493/1212/2157
f 2493/1212/2157 2501/1218/2165 2502/1219/2166 2494/1213/2158
f 2494/1213/2158 2502/1219/2166 2503/1220/2167 2495/1214/2159
f 2495/1214/2159 2503/1220/2167 2735/625/2168 2734/620/2160
f 2791/621/2161 2792/626/2169 2506/1221/2170 2498/1215/2162
f 2498/1215/2162 2506/1221/2170 2507/1222/2171 2499/1216/2163
f 2499/1216/2163 2507/1222/2171 2508/1223/2172 2500/1217/2164
f 2500/1217/2164 2508/1223/2172 2509/1224/2173 2501/1218/2165
f 2501/1218/2165 2509/1224/2173 2510/1225/2174 2502/1219/2166
f 2502/1219/2166 2510/1225/2174 2511/1226/2175 2503/1220/2167
f 2503/1220/2167 2511/1226/2175 2736/630/2176 2735/625/2168
f 2792/626/2169 2793/631/2177 2514/1227/2178 2506/1221/2170
f 2506/1221/2170 2514/1227/2178 2515/1228/2179 2507/1222/2171
f 2507/1222/2171 2515/1228/2179 2516/1229/2180 2508/1223/2172
f 2508/1223/2172 2516/1229/2180 2517/1230/2181 2509/1224/2173
f 2509/1224/2173 2517/1230/2181 2518/1231/2182 2510/1225/2174
f 2510/1225/2174 2518/1231/2182 2519/1232/2183 2511/1226/2175
f 2511/1226/2175 2519/1232/2183 2737/635/2184 2736/630/2176
f 2793/631/2177 2794/636/2185 2522/1233/2186 2514/1227/2178
f 2514/1227/2178 2522/1233/2186 2523/1234/2187 2515/1228/2179
f 2515/1228/2179 2523/1234/2187 2524/1235/2188 2516/1229/2180
f 2516/1229/2180 2524/1235/2188 2525/1236/2189 2517/1230/2181
f 2517/1230/2181 2525/1236/2189 2526/1237/2190 2518/1231/2182
f 2518/1231/2182 2526/1237/2190 2527/1238/2191 2519/1232/2183
f 2519/1232/2183 2527/1238/2191 2738/640/2192 2737/635/2184
f 2794/636/2185 2795/641/2193 2530/1239/2194 2522/1233/2186
f 2522/1233/2186 2530/1239/2194 2531/1240/2195 2523/1234/2187
f 2523/1234/2187 2531/1240/2195 2532/1241/2196 2524/1235/2188
f 2524/1235/2188 2532/1241/2196 2533/1242/2197 2525/1236/2189
f 2525/1236/2189 2533/1242/2197 2534/1243/2198 2526/1237/2190
f 2526/1237/2190 2534/1243/2198 2535/1244/2199 2527/1238/2191
f 2527/1238/2191 2535/1244/2199 2739/645/2200 2738/640/2192
f 2795/641/2193 2796/646/2201 2538/1245/2202 2530/1239/2194
f 2530/1239/2194 2538/1245/2202 2539/1246/2203 2531/1240/2195
f 2531/1240/2195 2539/1246/2203 2540/1247/2204 2532/1241/2196
f 2532/1241/2196 2540/1247/2204 2541/1248/2205 2533/1242/2197
f 2533/1242/2197 2541/1248/2205 2542/1249/2206 2534/1243/2198
f 2534/1243/2198 2542/1249/2206 2543/1250/2207 2535/1244/2199
f 2535/1244/2199 2543/1250/2207 2740/650/2208 2739/645/2200
f 2796/646/2201 2797/1251/2209 2798/1252/2210 2538/1245/2202
f 2538/1245/2202 2798/1252/2210 2800/1253/2211 2539/1246/2203
f 2539/1246/2203 2800/1253/2211 2679/1254/2212 2540/1247/2204
f 2540/1247/2204 2679/1254/2212 2680/1255/2213 2541/1248/2205
f 2541/1248/2205 2680/1255/2213 2682/1256/2214 2542/1249/2206
f 2542/1249/2206 2682/1256/2214 2684/1257/2215 2543/1250/2207
f 2543/1250/2207 2684/1257/2215 2686/1258/2216 2740/650/2208
o MXTRoadSegment.012_PreviewMesh
v 95.836853 -1692.967529 79.985962 0.7353 0.7353 0.7353
v 79.844292 -1692.479736 79.985962 0.7353 0.7353 0.7353
v 63.851730 -1691.991943 79.985962 0.7353 0.7353 0.7353
v 47.859169 -1691.504150 79.985962 0.7353 0.7353 0.7353
v 31.866604 -1691.016357 79.985962 0.7353 0.7353 0.7353
v 94.799126 -1734.248291 79.986992 0.7353 0.7353 0.7353
v 78.801674 -1733.962769 79.986992 0.7353 0.7353 0.7353
v 62.804222 -1733.677246 79.987000 0.7353 0.7353 0.7353
v 46.806770 -1733.391724 79.987007 0.7353 0.7353 0.7353
v 30.809317 -1733.106201 79.987007 0.7353 0.7353 0.7353
v 94.596954 -1773.400879 79.990974 0.7353 0.7353 0.7353
v 78.597824 -1773.567749 79.991028 0.7353 0.7353 0.7353
v 62.598694 -1773.734619 79.991074 0.7353 0.7353 0.7353
v 46.599564 -1773.901489 79.991119 0.7353 0.7353 0.7353
v 30.600435 -1774.068359 79.991173 0.7353 0.7353 0.7353
v 95.608490 -1825.845215 79.998077 0.7353 0.7353 0.7353
v 79.610527 -1826.100830 79.998108 0.7353 0.7353 0.7353
v 63.612572 -1826.356445 79.998138 0.7353 0.7353 0.7353
v 47.614613 -1826.612061 79.998169 0.7353 0.7353 0.7353
v 31.616655 -1826.867676 79.998199 0.7353 0.7353 0.7353
v 96.000000 -1880.000000 80.000000 0.7353 0.7353 0.7353
v 80.000000 -1880.000000 80.000000 0.7353 0.7353 0.7353
v 64.000000 -1880.000000 80.000000 0.7353 0.7353 0.7353
v 48.000000 -1880.000000 80.000000 0.7353 0.7353 0.7353
v 32.000000 -1880.000000 80.000000 0.7353 0.7353 0.7353
v 31.866604 -1691.016357 79.985962 0.9063 0.9063 0.9063
v 31.866604 -1691.016357 73.235962 0.9063 0.9063 0.9063
v 30.809317 -1733.106201 79.987007 0.9063 0.9063 0.9063
v 30.809309 -1733.106567 73.237007 0.9063 0.9063 0.9063
v 30.600435 -1774.068359 79.991173 0.9063 0.9063 0.9063
v 30.600424 -1774.069336 73.241173 0.9063 0.9063 0.9063
v 31.616655 -1826.867676 79.998199 0.9063 0.9063 0.9063
v 31.616652 -1826.868164 73.248199 0.9063 0.9063 0.9063
v 32.000000 -1880.000000 80.000000 0.9063 0.9063 0.9063
v 32.000000 -1880.000000 73.250000 0.9063 0.9063 0.9063
v 95.836853 -1692.967529 79.985962 0.9063 0.9063 0.9063
v 95.836853 -1692.967529 73.235962 0.9063 0.9063 0.9063
v 94.799126 -1734.248291 79.986992 0.9063 0.9063 0.9063
v 94.799118 -1734.248657 73.236992 0.9063 0.9063 0.9063
v 94.596954 -1773.400879 79.990974 0.9063 0.9063 0.9063
v 94.596947 -1773.401855 73.240982 0.9063 0.9063 0.9063
v 95.608490 -1825.845215 79.998077 0.9063 0.9063 0.9063
v 95.608482 -1825.845825 73.248077 0.9063 0.9063 0.9063
v 96.000000 -1880.000000 80.000000 0.9063 0.9063 0.9063
v 96.000000 -1880.000000 73.250000 0.9063 0.9063 0.9063
vn -0.0000 -0.0000 -1.0000
vn -0.0000 -0.0001 -1.0000
vn 0.9997 -0.0251 -0.0000
vn 0.9999 -0.0151 -0.0000
vn 1.0000 0.0071 -0.0000
vn 0.9999 0.0132 -0.0000
vn 1.0000 0.0072 -0.0000
vn -0.9997 0.0251 -0.0000
vn -0.9999 0.0151 -0.0000
vn -1.0000 -0.0071 -0.0000
vn -0.9999 -0.0133 -0.0000
vn -1.0000 -0.0072 -0.0000
vt 0.000000 0.000000
vt 0.000000 0.887051
vt 0.250000 0.887051
vt 0.250000 0.000000
vt 0.500000 0.887051
vt 0.500000 0.000000
vt 0.750000 0.887051
vt 0.750000 0.000000
vt 1.000000 0.887051
vt 1.000000 0.000000
vt 0.000000 1.739195
vt 0.250000 1.739195
vt 0.500000 1.739195
vt 0.750000 1.739195
vt 1.000000 1.739195
vt 0.000000 2.858813
vt 0.250000 2.858813
vt 0.500000 2.858813
vt 0.750000 2.858813
vt 1.000000 2.858813
vt 0.000000 4.000000
vt 0.250000 4.000000
vt 0.500000 4.000000
vt 0.750000 4.000000
vt 1.000000 4.000000
s 1
usemtl track_surface
f 2801/1259/2465 2806/1260/2466 2807/1261/2466 2802/1262/2465
f 2802/1262/2465 2807/1261/2466 2808/1263/2466 2803/1264/2465
f 2803/1264/2465 2808/1263/2466 2809/1265/2466 2804/1266/2465
f 2804/1266/2465 2809/1265/2466 2810/1267/2466 2805/1268/2465
f 2806/1260/2466 2811/1269/2466 2812/1270/2466 2807/1261/2466
f 2807/1261/2466 2812/1270/2466 2813/1271/2466 2808/1263/2466
f 2808/1263/2466 2813/1271/2466 2814/1272/2466 2809/1265/2466
f 2809/1265/2466 2814/1272/2466 2815/1273/2466 2810/1267/2466
f 2811/1269/2466 2816/1274/2466 2817/1275/2466 2812/1270/2466
f 2812/1270/2466 2817/1275/2466 2818/1276/2466 2813/1271/2466
f 2813/1271/2466 2818/1276/2466 2819/1277/2466 2814/1272/2466
f 2814/1272/2466 2819/1277/2466 2820/1278/2466 2815/1273/2466
f 2816/1274/2466 2821/1279/2465 2822/1280/2465 2817/1275/2466
f 2817/1275/2466 2822/1280/2465 2823/1281/2465 2818/1276/2466
f 2818/1276/2466 2823/1281/2465 2824/1282/2465 2819/1277/2466
f 2819/1277/2466 2824/1282/2465 2825/1283/2465 2820/1278/2466
usemtl track_rail
f 2826/1259/2467 2828/1260/2468 2829/1267/2468 2827/1268/2467
f 2828/1260/2468 2830/1269/2469 2831/1273/2469 2829/1267/2468
f 2830/1269/2469 2832/1274/2470 2833/1278/2470 2831/1273/2469
f 2832/1274/2470 2834/1279/2471 2835/1283/2471 2833/1278/2470
f 2837/1268/2472 2839/1267/2473 2838/1260/2473 2836/1259/2472
f 2839/1267/2473 2841/1273/2474 2840/1269/2474 2838/1260/2473
f 2841/1273/2474 2843/1278/2475 2842/1274/2475 2840/1269/2474
f 2843/1278/2475 2845/1283/2476 2844/1279/2476 2842/1274/2475
o MXTRoadSegment.015_PreviewMesh
v 96.000000 -1880.000000 80.000000 0.7353 0.7353 0.7353
v 80.000000 -1880.000000 80.000000 0.7353 0.7353 0.7353
v 64.000000 -1880.000000 80.000000 0.7353 0.7353 0.7353
v 48.000000 -1880.000000 80.000000 0.7353 0.7353 0.7353
v 32.000000 -1880.000000 80.000000 0.7353 0.7353 0.7353
v 95.741440 -1900.569946 79.395523 0.7353 0.7353 0.7353
v 79.741440 -1900.569946 79.395523 0.7353 0.7353 0.7353
v 63.741444 -1900.569946 79.395523 0.7353 0.7353 0.7353
v 47.741444 -1900.569946 79.395523 0.7353 0.7353 0.7353
v 31.741444 -1900.569946 79.395523 0.7353 0.7353 0.7353
v 95.022438 -1920.506348 77.137405 0.7353 0.7353 0.7353
v 79.022438 -1920.506348 77.137405 0.7353 0.7353 0.7353
v 63.022442 -1920.506348 77.137405 0.7353 0.7353 0.7353
v 47.022442 -1920.506348 77.137405 0.7353 0.7353 0.7353
v 31.022442 -1920.506348 77.137405 0.7353 0.7353 0.7353
v 93.890427 -1940.092163 72.853004 0.7353 0.7353 0.7353
v 77.890427 -1940.092163 72.853004 0.7353 0.7353 0.7353
v 61.890430 -1940.092163 72.853004 0.7353 0.7353 0.7353
v 45.890430 -1940.092163 72.853004 0.7353 0.7353 0.7353
v 29.890430 -1940.092163 72.853004 0.7353 0.7353 0.7353
v 92.390862 -1959.063721 66.429901 0.7353 0.7353 0.7353
v 76.390862 -1959.063721 66.429901 0.7353 0.7353 0.7353
v 60.390865 -1959.063721 66.429901 0.7353 0.7353 0.7353
v 44.390865 -1959.063721 66.429901 0.7353 0.7353 0.7353
v 28.390865 -1959.063721 66.429901 0.7353 0.7353 0.7353
v 90.567863 -1977.142212 57.896408 0.7353 0.7353 0.7353
v 74.567863 -1977.142212 57.896408 0.7353 0.7353 0.7353
v 58.567863 -1977.142212 57.896408 0.7353 0.7353 0.7353
v 42.567863 -1977.142212 57.896408 0.7353 0.7353 0.7353
v 26.567863 -1977.142212 57.896408 0.7353 0.7353 0.7353
v 88.462059 -1994.078247 47.355106 0.7353 0.7353 0.7353
v 72.462059 -1994.078247 47.355106 0.7353 0.7353 0.7353
v 56.462059 -1994.078247 47.355106 0.7353 0.7353 0.7353
v 40.462059 -1994.078247 47.355106 0.7353 0.7353 0.7353
v 24.462059 -1994.078247 47.355106 0.7353 0.7353 0.7353
v 86.109497 -2009.659546 34.947582 0.7353 0.7353 0.7353
v 70.109497 -2009.659546 34.947582 0.7353 0.7353 0.7353
v 54.109497 -2009.659546 34.947582 0.7353 0.7353 0.7353
v 38.109497 -2009.659546 34.947582 0.7353 0.7353 0.7353
v 22.109497 -2009.659546 34.947582 0.7353 0.7353 0.7353
v 83.544518 -2023.689209 20.849878 0.7353 0.7353 0.7353
v 67.544518 -2023.689209 20.849878 0.7353 0.7353 0.7353
v 51.544518 -2023.689209 20.849878 0.7353 0.7353 0.7353
v 35.544518 -2023.689209 20.849878 0.7353 0.7353 0.7353
v 19.544518 -2023.689209 20.849878 0.7353 0.7353 0.7353
v 80.800385 -2035.994263 5.265015 0.7353 0.7353 0.7353
v 64.800385 -2035.994263 5.265015 0.7353 0.7353 0.7353
v 48.800388 -2035.994263 5.265015 0.7353 0.7353 0.7353
v 32.800388 -2035.994263 5.265015 0.7353 0.7353 0.7353
v 16.800388 -2035.994263 5.265015 0.7353 0.7353 0.7353
v 77.908966 -2046.429199 -11.586068 0.7353 0.7353 0.7353
v 61.908970 -2046.429199 -11.586068 0.7353 0.7353 0.7353
v 45.908970 -2046.429199 -11.586068 0.7353 0.7353 0.7353
v 29.908970 -2046.429199 -11.586068 0.7353 0.7353 0.7353
v 13.908970 -2046.429199 -11.586068 0.7353 0.7353 0.7353
v 74.899094 -2054.882812 -29.480856 0.7353 0.7353 0.7353
v 58.899097 -2054.882812 -29.480856 0.7353 0.7353 0.7353
v 42.899097 -2054.882812 -29.480856 0.7353 0.7353 0.7353
v 26.899097 -2054.882812 -29.480856 0.7353 0.7353 0.7353
v 10.899097 -2054.882812 -29.480856 0.7353 0.7353 0.7353
v 71.798203 -2061.268311 -48.191685 0.7353 0.7353 0.7353
v 55.798203 -2061.268311 -48.191685 0.7353 0.7353 0.7353
v 39.798203 -2061.268311 -48.191685 0.7353 0.7353 0.7353
v 23.798203 -2061.268311 -48.191685 0.7353 0.7353 0.7353
v 7.798203 -2061.268311 -48.191685 0.7353 0.7353 0.7353
v 68.650253 -2065.503662 -67.379791 0.7353 0.7353 0.7353
v 52.650257 -2065.503662 -67.379791 0.7353 0.7353 0.7353
v 36.650257 -2065.503662 -67.379791 0.7353 0.7353 0.7353
v 20.650257 -2065.503662 -67.379791 0.7353 0.7353 0.7353
v 4.650257 -2065.503662 -67.379791 0.7353 0.7353 0.7353
v 65.448151 -2067.594971 -87.012802 0.7353 0.7353 0.7353
v 49.448151 -2067.594971 -87.012802 0.7353 0.7353 0.7353
v 33.448151 -2067.594971 -87.012802 0.7353 0.7353 0.7353
v 17.448151 -2067.594971 -87.012802 0.7353 0.7353 0.7353
v 1.448151 -2067.594971 -87.012802 0.7353 0.7353 0.7353
v 62.234894 -2067.496094 -106.750618 0.7353 0.7353 0.7353
v 46.234894 -2067.496094 -106.750618 0.7353 0.7353 0.7353
v 30.234894 -2067.496094 -106.750618 0.7353 0.7353 0.7353
v 14.234894 -2067.496094 -106.750618 0.7353 0.7353 0.7353
v -1.765106 -2067.496094 -106.750618 0.7353 0.7353 0.7353
v 59.038193 -2065.211670 -126.345116 0.7353 0.7353 0.7353
v 43.038193 -2065.211670 -126.345116 0.7353 0.7353 0.7353
v 27.038195 -2065.211670 -126.345116 0.7353 0.7353 0.7353
v 11.038195 -2065.211670 -126.345116 0.7353 0.7353 0.7353
v -4.961805 -2065.211670 -126.345116 0.7353 0.7353 0.7353
v 55.884205 -2060.765625 -145.558868 0.7353 0.7353 0.7353
v 39.884205 -2060.765625 -145.558868 0.7353 0.7353 0.7353
v 23.884207 -2060.765625 -145.558868 0.7353 0.7353 0.7353
v 7.884207 -2060.765625 -145.558868 0.7353 0.7353 0.7353
v -8.115793 -2060.765625 -145.558868 0.7353 0.7353 0.7353
v 52.826050 -2054.272217 -163.995895 0.7353 0.7353 0.7353
v 36.826050 -2054.272217 -163.995895 0.7353 0.7353 0.7353
v 20.826052 -2054.272217 -163.995895 0.7353 0.7353 0.7353
v 4.826052 -2054.272217 -163.995895 0.7353 0.7353 0.7353
v -11.173948 -2054.272217 -163.995895 0.7353 0.7353 0.7353
v 49.835110 -2045.684570 -181.759033 0.7353 0.7353 0.7353
v 33.835110 -2045.684570 -181.759033 0.7353 0.7353 0.7353
v 17.835112 -2045.684570 -181.759033 0.7353 0.7353 0.7353
v 1.835112 -2045.684570 -181.759033 0.7353 0.7353 0.7353
v -14.164888 -2045.684570 -181.759033 0.7353 0.7353 0.7353
v 46.967022 -2035.147339 -198.451782 0.7353 0.7353 0.7353
v 30.967022 -2035.147339 -198.451782 0.7353 0.7353 0.7353
v 14.967023 -2035.147339 -198.451782 0.7353 0.7353 0.7353
v -1.032977 -2035.147339 -198.451782 0.7353 0.7353 0.7353
v -17.032976 -2035.147339 -198.451782 0.7353 0.7353 0.7353
v 44.249962 -2022.776978 -213.858795 0.7353 0.7353 0.7353
v 28.249962 -2022.776978 -213.858795 0.7353 0.7353 0.7353
v 12.249962 -2022.776978 -213.858795 0.7353 0.7353 0.7353
v -3.750038 -2022.776978 -213.858795 0.7353 0.7353 0.7353
v -19.750038 -2022.776978 -213.858795 0.7353 0.7353 0.7353
v 41.714592 -2008.721436 -227.769119 0.7353 0.7353 0.7353
v 25.714592 -2008.721436 -227.769119 0.7353 0.7353 0.7353
v 9.714593 -2008.721436 -227.769119 0.7353 0.7353 0.7353
v -6.285407 -2008.721436 -227.769119 0.7353 0.7353 0.7353
v -22.285406 -2008.721436 -227.769119 0.7353 0.7353 0.7353
v 39.393471 -1993.158813 -239.987091 0.7353 0.7353 0.7353
v 23.393471 -1993.158813 -239.987091 0.7353 0.7353 0.7353
v 7.393471 -1993.158813 -239.987091 0.7353 0.7353 0.7353
v -8.606528 -1993.158813 -239.987091 0.7353 0.7353 0.7353
v -24.606529 -1993.158813 -239.987091 0.7353 0.7353 0.7353
v 37.319538 -1976.283936 -250.347702 0.7353 0.7353 0.7353
v 21.319536 -1976.283936 -250.347702 0.7353 0.7353 0.7353
v 5.319537 -1976.283936 -250.347702 0.7353 0.7353 0.7353
v -10.680463 -1976.283936 -250.347702 0.7353 0.7353 0.7353
v -26.680462 -1976.283936 -250.347702 0.7353 0.7353 0.7353
v 35.528191 -1958.315918 -258.716492 0.7353 0.7353 0.7353
v 19.528191 -1958.315918 -258.716492 0.7353 0.7353 0.7353
v 3.528190 -1958.315918 -258.716492 0.7353 0.7353 0.7353
v -12.471809 -1958.315918 -258.716492 0.7353 0.7353 0.7353
v -28.471809 -1958.315918 -258.716492 0.7353 0.7353 0.7353
v 34.057335 -1939.489014 -265.005890 0.7353 0.7353 0.7353
v 18.057337 -1939.489014 -265.005890 0.7353 0.7353 0.7353
v 2.057337 -1939.489014 -265.005890 0.7353 0.7353 0.7353
v -13.942663 -1939.489014 -265.005890 0.7353 0.7353 0.7353
v -29.942663 -1939.489014 -265.005890 0.7353 0.7353 0.7353
v 32.948887 -1920.062622 -269.197449 0.7353 0.7353 0.7353
v 16.948887 -1920.062622 -269.197449 0.7353 0.7353 0.7353
v 0.948888 -1920.062622 -269.197449 0.7353 0.7353 0.7353
v -15.051112 -1920.062622 -269.197449 0.7353 0.7353 0.7353
v -31.051113 -1920.062622 -269.197449 0.7353 0.7353 0.7353
v 32.247551 -1900.292480 -271.405304 0.7353 0.7353 0.7353
v 16.247553 -1900.292480 -271.405304 0.7353 0.7353 0.7353
v 0.247552 -1900.292480 -271.405304 0.7353 0.7353 0.7353
v -15.752447 -1900.292480 -271.405304 0.7353 0.7353 0.7353
v -31.752447 -1900.292480 -271.405304 0.7353 0.7353 0.7353
v 32.001022 -1880.366943 -271.997894 0.7353 0.7353 0.7353
v 16.001024 -1880.366943 -271.997894 0.7353 0.7353 0.7353
v 0.001024 -1880.366943 -271.997894 0.7353 0.7353 0.7353
v -15.998976 -1880.366943 -271.997894 0.7353 0.7353 0.7353
v -31.998976 -1880.366943 -271.997894 0.7353 0.7353 0.7353
v 32.000000 -1880.171875 -271.999969 0.7353 0.7353 0.7353
v 16.000000 -1880.171875 -271.999969 0.7353 0.7353 0.7353
v 0.000000 -1880.171875 -271.999969 0.7353 0.7353 0.7353
v -16.000000 -1880.171875 -271.999969 0.7353 0.7353 0.7353
v -32.000000 -1880.171875 -271.999969 0.7353 0.7353 0.7353
v 32.000000 -1880.000000 80.000000 0.9063 0.9063 0.9063
v 32.000000 -1880.000000 73.250000 0.9063 0.9063 0.9063
v 31.741444 -1900.569946 79.395523 0.9063 0.9063 0.9063
v 31.741444 -1900.111938 72.661079 0.9063 0.9063 0.9063
v 31.022442 -1920.506348 77.137405 0.9063 0.9063 0.9063
v 31.022442 -1919.407715 70.477425 0.9063 0.9063 0.9063
v 29.890430 -1940.092163 72.853004 0.9063 0.9063 0.9063
v 29.890430 -1938.281250 66.350471 0.9063 0.9063 0.9063
v 28.390865 -1959.063721 66.429901 0.9063 0.9063 0.9063
v 28.390865 -1956.528320 60.174179 0.9063 0.9063 0.9063
v 26.567863 -1977.142212 57.896408 0.9063 0.9063 0.9063
v 26.567863 -1973.903076 51.974346 0.9063 0.9063 0.9063
v 24.462059 -1994.078247 47.355106 0.9063 0.9063 0.9063
v 24.462059 -1990.176514 41.847019 0.9063 0.9063 0.9063
v 22.109497 -2009.659546 34.947582 0.9063 0.9063 0.9063
v 22.109497 -2005.148682 29.926220 0.9063 0.9063 0.9063
v 19.544518 -2023.689209 20.849878 0.9063 0.9063 0.9063
v 19.544518 -2018.631592 16.379681 0.9063 0.9063 0.9063
v 16.800388 -2035.994263 5.265015 0.9063 0.9063 0.9063
v 16.800388 -2030.459961 1.400579 0.9063 0.9063 0.9063
v 13.908970 -2046.429199 -11.586068 0.9063 0.9063 0.9063
v 13.908969 -2040.493042 -14.799337 0.9063 0.9063 0.9063
v 10.899097 -2054.882812 -29.480856 0.9063 0.9063 0.9063
v 10.899096 -2048.622803 -32.005451 0.9063 0.9063 0.9063
v 7.798203 -2061.268311 -48.191685 0.9063 0.9063 0.9063
v 7.798202 -2054.764893 -49.999645 0.9063 0.9063 0.9063
v 4.650257 -2065.503662 -67.379791 0.9063 0.9063 0.9063
v 4.650256 -2058.840088 -68.455803 0.9063 0.9063 0.9063
v 1.448151 -2067.594971 -87.012802 0.9063 0.9063 0.9063
v 1.448150 -2060.853027 -87.342300 0.9063 0.9063 0.9063
v -1.765106 -2067.496094 -106.750618 0.9063 0.9063 0.9063
v -1.765107 -2060.759033 -106.331696 0.9063 0.9063 0.9063
v -4.961805 -2065.211670 -126.345116 0.9063 0.9063 0.9063
v -4.961806 -2058.562744 -125.180801 0.9063 0.9063 0.9063
v -8.115793 -2060.765625 -145.558868 0.9063 0.9063 0.9063
v -8.115794 -2054.287598 -143.661942 0.9063 0.9063 0.9063
v -11.173948 -2054.272217 -163.995895 0.9063 0.9063 0.9063
v -11.173949 -2048.043945 -161.393555 0.9063 0.9063 0.9063
v -14.164888 -2045.684570 -181.759033 0.9063 0.9063 0.9063
v -14.164889 -2039.787842 -178.474106 0.9063 0.9063 0.9063
v -17.032976 -2035.147339 -198.451782 0.9063 0.9063 0.9063
v -17.032978 -2029.658936 -194.522415 0.9063 0.9063 0.9063
v -19.750038 -2022.776978 -213.858795 0.9063 0.9063 0.9063
v -19.750038 -2017.770142 -209.331711 0.9063 0.9063 0.9063
v -22.285406 -2008.721436 -227.769119 0.9063 0.9063 0.9063
v -22.285408 -2004.263794 -222.700424 0.9063 0.9063 0.9063
v -24.606529 -1993.158813 -239.987091 0.9063 0.9063 0.9063
v -24.606529 -1989.311523 -234.440842 0.9063 0.9063 0.9063
v -26.680462 -1976.283936 -250.347702 0.9063 0.9063 0.9063
v -26.680464 -1973.098022 -244.396851 0.9063 0.9063 0.9063
v -28.471809 -1958.315918 -258.716492 0.9063 0.9063 0.9063
v -28.471809 -1955.830078 -252.440887 0.9063 0.9063 0.9063
v -29.942663 -1939.489014 -265.005890 0.9063 0.9063 0.9063
v -29.942663 -1937.721069 -258.491547 0.9063 0.9063 0.9063
v -31.051113 -1920.062622 -269.197449 0.9063 0.9063 0.9063
v -31.051113 -1918.997925 -262.531952 0.9063 0.9063 0.9063
v -31.752447 -1900.292480 -271.405304 0.9063 0.9063 0.9063
v -31.752447 -1899.856689 -264.669403 0.9063 0.9063 0.9063
v -31.998976 -1880.366943 -271.997894 0.9063 0.9063 0.9063
v -31.998976 -1880.370605 -265.247894 0.9063 0.9063 0.9063
v -32.000000 -1880.171875 -271.999969 0.9063 0.9063 0.9063
v -32.000000 -1880.178955 -265.249969 0.9063 0.9063 0.9063
v 96.000000 -1880.000000 80.000000 0.9063 0.9063 0.9063
v 96.000000 -1880.000000 73.250000 0.9063 0.9063 0.9063
v 95.741440 -1900.569946 79.395523 0.9063 0.9063 0.9063
v 95.741440 -1900.111938 72.661079 0.9063 0.9063 0.9063
v 95.022438 -1920.506348 77.137405 0.9063 0.9063 0.9063
v 95.022438 -1919.407593 70.477425 0.9063 0.9063 0.9063
v 93.890427 -1940.092163 72.853004 0.9063 0.9063 0.9063
v 93.890427 -1938.281250 66.350471 0.9063 0.9063 0.9063
v 92.390862 -1959.063721 66.429901 0.9063 0.9063 0.9063
v 92.390862 -1956.528320 60.174179 0.9063 0.9063 0.9063
v 90.567863 -1977.142212 57.896408 0.9063 0.9063 0.9063
v 90.567863 -1973.903076 51.974346 0.9063 0.9063 0.9063
v 88.462059 -1994.078247 47.355106 0.9063 0.9063 0.9063
v 88.462059 -1990.176514 41.847019 0.9063 0.9063 0.9063
v 86.109497 -2009.659546 34.947582 0.9063 0.9063 0.9063
v 86.109497 -2005.148560 29.926220 0.9063 0.9063 0.9063
v 83.544518 -2023.689209 20.849878 0.9063 0.9063 0.9063
v 83.544518 -2018.631592 16.379681 0.9063 0.9063 0.9063
v 80.800385 -2035.994263 5.265015 0.9063 0.9063 0.9063
v 80.800385 -2030.459961 1.400579 0.9063 0.9063 0.9063
v 77.908966 -2046.429199 -11.586068 0.9063 0.9063 0.9063
v 77.908966 -2040.493042 -14.799337 0.9063 0.9063 0.9063
v 74.899094 -2054.882812 -29.480856 0.9063 0.9063 0.9063
v 74.899094 -2048.622803 -32.005451 0.9063 0.9063 0.9063
v 71.798203 -2061.268311 -48.191685 0.9063 0.9063 0.9063
v 71.798203 -2054.764893 -49.999645 0.9063 0.9063 0.9063
v 68.650253 -2065.503662 -67.379791 0.9063 0.9063 0.9063
v 68.650253 -2058.840088 -68.455803 0.9063 0.9063 0.9063
v 65.448151 -2067.594971 -87.012802 0.9063 0.9063 0.9063
v 65.448151 -2060.853027 -87.342300 0.9063 0.9063 0.9063
v 62.234894 -2067.496094 -106.750618 0.9063 0.9063 0.9063
v 62.234894 -2060.759033 -106.331696 0.9063 0.9063 0.9063
v 59.038193 -2065.211670 -126.345116 0.9063 0.9063 0.9063
v 59.038193 -2058.562744 -125.180801 0.9063 0.9063 0.9063
v 55.884205 -2060.765625 -145.558868 0.9063 0.9063 0.9063
v 55.884205 -2054.287598 -143.661942 0.9063 0.9063 0.9063
v 52.826050 -2054.272217 -163.995895 0.9063 0.9063 0.9063
v 52.826050 -2048.043945 -161.393555 0.9063 0.9063 0.9063
v 49.835110 -2045.684570 -181.759033 0.9063 0.9063 0.9063
v 49.835110 -2039.787842 -178.474106 0.9063 0.9063 0.9063
v 46.967022 -2035.147339 -198.451782 0.9063 0.9063 0.9063
v 46.967022 -2029.658936 -194.522415 0.9063 0.9063 0.9063
v 44.249962 -2022.776978 -213.858795 0.9063 0.9063 0.9063
v 44.249962 -2017.770142 -209.331711 0.9063 0.9063 0.9063
v 41.714592 -2008.721436 -227.769119 0.9063 0.9063 0.9063
v 41.714592 -2004.263794 -222.700424 0.9063 0.9063 0.9063
v 39.393471 -1993.158813 -239.987091 0.9063 0.9063 0.9063
v 39.393471 -1989.311523 -234.440842 0.9063 0.9063 0.9063
v 37.319538 -1976.283936 -250.347702 0.9063 0.9063 0.9063
v 37.319538 -1973.098022 -244.396851 0.9063 0.9063 0.9063
v 35.528191 -1958.315918 -258.716492 0.9063 0.9063 0.9063
v 35.528191 -1955.830078 -252.440887 0.9063 0.9063 0.9063
v 34.057335 -1939.489014 -265.005890 0.9063 0.9063 0.9063
v 34.057335 -1937.721069 -258.491547 0.9063 0.9063 0.9063
v 32.948887 -1920.062622 -269.197449 0.9063 0.9063 0.9063
v 32.948887 -1918.997803 -262.531952 0.9063 0.9063 0.9063
v 32.247551 -1900.292480 -271.405304 0.9063 0.9063 0.9063
v 32.247551 -1899.856689 -264.669403 0.9063 0.9063 0.9063
v 32.001022 -1880.366943 -271.997894 0.9063 0.9063 0.9063
v 32.001022 -1880.370483 -265.247894 0.9063 0.9063 0.9063
v 32.000000 -1880.171875 -271.999969 0.9063 0.9063 0.9063
v 32.000000 -1880.178955 -265.249969 0.9063 0.9063 0.9063
vn -0.0002 0.0098 -1.0000
vn -0.0000 0.0668 -0.9978
vn -0.0000 0.0098 -1.0000
vn -0.0000 0.1608 -0.9870
vn -0.0000 0.1607 -0.9870
vn -0.0000 0.2673 -0.9636
vn -0.0000 0.2671 -0.9637
vn -0.0000 0.3735 -0.9276
vn -0.0000 0.3736 -0.9276
vn -0.0000 0.4786 -0.8780
vn -0.0000 0.4784 -0.8781
vn -0.0000 0.5774 -0.8164
vn -0.0000 0.5775 -0.8164
vn -0.0000 0.6688 -0.7434
vn -0.0000 0.6688 -0.7435
vn -0.0000 0.7486 -0.6630
vn -0.0000 0.8188 -0.5741
vn -0.0000 0.8188 -0.5740
vn -0.0000 0.8187 -0.5742
vn -0.0000 0.8789 -0.4769
vn -0.0000 0.8789 -0.4770
vn -0.0000 0.9274 -0.3741
vn -0.0000 0.9641 -0.2656
vn -0.0000 0.9869 -0.1615
vn -0.0000 0.9869 -0.1614
vn -0.0000 0.9990 -0.0456
vn -0.0000 0.9990 -0.0455
vn -0.0000 0.9981 0.0621
vn -0.0000 0.9848 0.1739
vn -0.0000 0.9848 0.1738
vn -0.0000 0.9595 0.2817
vn -0.0000 0.9595 0.2818
vn -0.0000 0.9240 0.3824
vn -0.0000 0.8743 0.4854
vn -0.0000 0.8744 0.4853
vn -0.0000 0.8743 0.4855
vn -0.0000 0.8130 0.5823
vn -0.0000 0.8129 0.5823
vn -0.0000 0.7418 0.6706
vn -0.0000 0.7419 0.6706
vn -0.0000 0.6621 0.7494
vn -0.0000 0.6619 0.7496
vn -0.0000 0.6620 0.7495
vn -0.0000 0.6621 0.7495
vn -0.0000 0.5717 0.8205
vn -0.0000 0.4735 0.8808
vn -0.0000 0.4734 0.8808
vn -0.0000 0.3692 0.9294
vn -0.0000 0.3692 0.9293
vn -0.0000 0.3691 0.9294
vn -0.0000 0.2633 0.9647
vn -0.0000 0.2634 0.9647
vn -0.0000 0.2635 0.9647
vn -0.0000 0.1591 0.9873
vn -0.0000 0.1590 0.9873
vn -0.0000 0.0652 0.9979
vn -0.0000 0.0653 0.9979
vn -0.0000 0.0110 0.9999
vn 0.0001 0.0110 0.9999
vn -0.0000 0.0106 0.9999
vn -0.0000 0.0107 0.9999
vn 0.9999 -0.0125 -0.0009
vn 0.9997 -0.0240 -0.0033
vn 0.9997 -0.0240 -0.0034
vn 0.9989 -0.0449 -0.0105
vn 0.9979 -0.0619 -0.0216
vn 0.9966 -0.0746 -0.0359
vn 0.9952 -0.0828 -0.0522
vn 0.9938 -0.0866 -0.0697
vn 0.9938 -0.0866 -0.0696
vn 0.9925 -0.0861 -0.0873
vn 0.9925 -0.0862 -0.0873
vn 0.9912 -0.0817 -0.1042
vn 0.9901 -0.0737 -0.1198
vn 0.9891 -0.0626 -0.1334
vn 0.9883 -0.0489 -0.1446
vn 0.9883 -0.0490 -0.1446
vn 0.9877 -0.0334 -0.1530
vn 0.9873 -0.0165 -0.1583
vn 0.9871 0.0011 -0.1604
vn 0.9871 0.0188 -0.1592
vn 0.9873 0.0360 -0.1548
vn 0.9877 0.0521 -0.1473
vn 0.9883 0.0664 -0.1370
vn 0.9892 0.0784 -0.1241
vn 0.9892 0.0785 -0.1241
vn 0.9901 0.0877 -0.1092
vn 0.9913 0.0936 -0.0927
vn 0.9925 0.0958 -0.0753
vn 0.9939 0.0940 -0.0579
vn 0.9939 0.0939 -0.0579
vn 0.9953 0.0879 -0.0412
vn 0.9966 0.0776 -0.0263
vn 0.9979 0.0633 -0.0141
vn 0.9990 0.0451 -0.0056
vn 0.9997 0.0238 -0.0011
vn 1.0000 0.0088 -0.0002
vn 1.0000 0.0089 -0.0002
vn 1.0000 0.0053 -0.0000
vn -0.9999 0.0128 0.0009
vn -0.9997 0.0247 0.0035
vn -0.9997 0.0247 0.0034
vn -0.9989 0.0465 0.0108
vn -0.9977 0.0642 0.0225
vn -0.9977 0.0642 0.0224
vn -0.9963 0.0775 0.0373
vn -0.9948 0.0862 0.0543
vn -0.9933 0.0901 0.0725
vn -0.9918 0.0896 0.0908
vn -0.9918 0.0896 0.0907
vn -0.9905 0.0849 0.1083
vn -0.9905 0.0849 0.1084
vn -0.9893 0.0766 0.1245
vn -0.9882 0.0650 0.1386
vn -0.9873 0.0509 0.1502
vn -0.9873 0.0508 0.1502
vn -0.9867 0.0347 0.1589
vn -0.9862 0.0172 0.1644
vn -0.9860 -0.0011 0.1666
vn -0.9860 -0.0195 0.1653
vn -0.9863 -0.0374 0.1608
vn -0.9863 -0.0375 0.1608
vn -0.9867 -0.0541 0.1530
vn -0.9874 -0.0690 0.1423
vn -0.9874 -0.0689 0.1423
vn -0.9883 -0.0815 0.1290
vn -0.9883 -0.0816 0.1290
vn -0.9894 -0.0911 0.1135
vn -0.9906 -0.0973 0.0964
vn -0.9919 -0.0996 0.0783
vn -0.9934 -0.0977 0.0602
vn -0.9949 -0.0914 0.0429
vn -0.9964 -0.0807 0.0274
vn -0.9977 -0.0657 0.0146
vn -0.9989 -0.0467 0.0058
vn -0.9997 -0.0245 0.0011
vn -1.0000 -0.0089 0.0002
vn -1.0000 -0.0090 -0.0001
vn -1.0000 -0.0053 -0.0000
vt 0.000000 0.000000
vt 0.000000 0.425671
vt 0.250000 0.425671
vt 0.250000 0.000000
vt 0.500000 0.425671
vt 0.500000 0.000000
vt 0.750000 0.425671
vt 0.750000 0.000000
vt 1.000000 0.425671
vt 1.000000 0.000000
vt 0.000000 0.840924
vt 0.250000 0.840924
vt 0.500000 0.840924
vt 0.750000 0.840924
vt 1.000000 0.840924
vt 0.000000 1.256262
vt 0.250000 1.256262
vt 0.500000 1.256262
vt 0.750000 1.256262
vt 1.000000 1.256262
vt 0.000000 1.671695
vt 0.250000 1.671695
vt 0.500000 1.671695
vt 0.750000 1.671695
vt 1.000000 1.671695
vt 0.000000 2.086896
vt 0.250000 2.086896
vt 0.500000 2.086896
vt 0.750000 2.086896
vt 1.000000 2.086896
vt 0.000000 2.501792
vt 0.250000 2.501792
vt 0.500000 2.501792
vt 0.750000 2.501792
vt 1.000000 2.501792
vt 0.000000 2.916624
vt 0.250000 2.916624
vt 0.500000 2.916624
vt 0.750000 2.916624
vt 1.000000 2.916624
vt 0.000000 3.331402
vt 0.250000 3.331402
vt 0.500000 3.331402
vt 0.750000 3.331402
vt 1.000000 3.331402
vt 0.000000 3.746014
vt 0.250000 3.746014
vt 0.500000 3.746014
vt 0.750000 3.746014
vt 1.000000 3.746014
vt 0.000000 4.160304
vt 0.250000 4.160304
vt 0.500000 4.160304
vt 0.750000 4.160304
vt 1.000000 4.160304
vt 0.000000 4.574355
vt 0.250000 4.574355
vt 0.500000 4.574355
vt 0.750000 4.574355
vt 1.000000 4.574355
vt 0.000000 4.988271
vt 0.250000 4.988271
vt 0.500000 4.988271
vt 0.750000 4.988271
vt 1.000000 4.988271
vt 0.000000 5.399879
vt 0.250000 5.399879
vt 0.500000 5.399879
vt 0.750000 5.399879
vt 1.000000 5.399879
vt 0.000000 5.813587
vt 0.250000 5.813587
vt 0.500000 5.813587
vt 0.750000 5.813587
vt 1.000000 5.813587
vt 0.000000 6.227209
vt 0.250000 6.227209
vt 0.500000 6.227209
vt 0.750000 6.227209
vt 1.000000 6.227209
vt 0.000000 6.640555
vt 0.250000 6.640555
vt 0.500000 6.640555
vt 0.750000 6.640555
vt 1.000000 6.640555
vt 0.000000 7.053642
vt 0.250000 7.053642
vt 0.500000 7.053642
vt 0.750000 7.053642
vt 1.000000 7.053642
vt 0.000000 7.462858
vt 0.250000 7.462858
vt 0.500000 7.462858
vt 0.750000 7.462858
vt 1.000000 7.462858
vt 0.000000 7.875603
vt 0.250000 7.875603
vt 0.500000 7.875603
vt 0.750000 7.875603
vt 1.000000 7.875603
vt 0.000000 8.288185
vt 0.250000 8.288185
vt 0.500000 8.288185
vt 0.750000 8.288185
vt 1.000000 8.288185
vt 0.000000 8.700704
vt 0.250000 8.700704
vt 0.500000 8.700704
vt 0.750000 8.700704
vt 1.000000 8.700704
vt 0.000000 9.113066
vt 0.250000 9.113066
vt 0.500000 9.113066
vt 0.750000 9.113066
vt 1.000000 9.113066
vt 0.000000 9.525105
vt 0.250000 9.525105
vt 0.500000 9.525105
vt 0.750000 9.525105
vt 1.000000 9.525105
vt 0.000000 9.936908
vt 0.250000 9.936908
vt 0.500000 9.936908
vt 0.750000 9.936908
vt 1.000000 9.936908
vt 0.000000 10.348549
vt 0.250000 10.348549
vt 0.500000 10.348549
vt 0.750000 10.348549
vt 1.000000 10.348549
vt 0.000000 10.760230
vt 0.250000 10.760230
vt 0.500000 10.760230
vt 0.750000 10.760230
vt 1.000000 10.760230
vt 0.000000 11.171917
vt 0.250000 11.171917
vt 0.500000 11.171917
vt 0.750000 11.171917
vt 1.000000 11.171917
vt 0.000000 11.583626
vt 0.250000 11.583626
vt 0.500000 11.583626
vt 0.750000 11.583626
vt 1.000000 11.583626
vt 0.000000 11.995965
vt 0.250000 11.995965
vt 0.500000 11.995965
vt 0.750000 11.995965
vt 1.000000 11.995965
vt 0.000000 12.000000
vt 0.250000 12.000000
vt 0.500000 12.000000
vt 0.750000 12.000000
vt 1.000000 12.000000
s 1
usemtl track_surface
f 2846/1284/2477 2851/1285/2478 2852/1286/2478 2847/1287/2479
f 2847/1287/2479 2852/1286/2478 2853/1288/2478 2848/1289/2479
f 2848/1289/2479 2853/1288/2478 2854/1290/2478 2849/1291/2479
f 2849/1291/2479 2854/1290/2478 2855/1292/2478 2850/1293/2479
f 2851/1285/2478 2856/1294/2480 2857/1295/2481 2852/1286/2478
f 2852/1286/2478 2857/1295/2481 2858/1296/2481 2853/1288/2478
f 2853/1288/2478 2858/1296/2481 2859/1297/2481 2854/1290/2478
f 2854/1290/2478 2859/1297/2481 2860/1298/2481 2855/1292/2478
f 2856/1294/2480 2861/1299/2482 2862/1300/2483 2857/1295/2481
f 2857/1295/2481 2862/1300/2483 2863/1301/2483 2858/1296/2481
f 2858/1296/2481 2863/1301/2483 2864/1302/2483 2859/1297/2481
f 2859/1297/2481 2864/1302/2483 2865/1303/2482 2860/1298/2481
f 2861/1299/2482 2866/1304/2484 2867/1305/2485 2862/1300/2483
f 2862/1300/2483 2867/1305/2485 2868/1306/2485 2863/1301/2483
f 2863/1301/2483 2868/1306/2485 2869/1307/2485 2864/1302/2483
f 2864/1302/2483 2869/1307/2485 2870/1308/2485 2865/1303/2482
f 2866/1304/2484 2871/1309/2486 2872/1310/2487 2867/1305/2485
f 2867/1305/2485 2872/1310/2487 2873/1311/2487 2868/1306/2485
f 2868/1306/2485 2873/1311/2487 2874/1312/2487 2869/1307/2485
f 2869/1307/2485 2874/1312/2487 2875/1313/2486 2870/1308/2485
f 2871/1309/2486 2876/1314/2488 2877/1315/2488 2872/1310/2487
f 2872/1310/2487 2877/1315/2488 2878/1316/2488 2873/1311/2487
f 2873/1311/2487 2878/1316/2488 2879/1317/2488 2874/1312/2487
f 2874/1312/2487 2879/1317/2488 2880/1318/2489 2875/1313/2486
f 2876/1314/2488 2881/1319/2490 2882/1320/2490 2877/1315/2488
f 2877/1315/2488 2882/1320/2490 2883/1321/2490 2878/1316/2488
f 2878/1316/2488 2883/1321/2490 2884/1322/2491 2879/1317/2488
f 2879/1317/2488 2884/1322/2491 2885/1323/2490 2880/1318/2489
f 2881/1319/2490 2886/1324/2492 2887/1325/2492 2882/1320/2490
f 2882/1320/2490 2887/1325/2492 2888/1326/2492 2883/1321/2490
f 2883/1321/2490 2888/1326/2492 2889/1327/2492 2884/1322/2491
f 2884/1322/2491 2889/1327/2492 2890/1328/2492 2885/1323/2490
f 2886/1324/2492 2891/1329/2493 2892/1330/2494 2887/1325/2492
f 2887/1325/2492 2892/1330/2494 2893/1331/2494 2888/1326/2492
f 2888/1326/2492 2893/1331/2494 2894/1332/2494 2889/1327/2492
f 2889/1327/2492 2894/1332/2494 2895/1333/2495 2890/1328/2492
f 2891/1329/2493 2896/1334/2496 2897/1335/2497 2892/1330/2494
f 2892/1330/2494 2897/1335/2497 2898/1336/2497 2893/1331/2494
f 2893/1331/2494 2898/1336/2497 2899/1337/2497 2894/1332/2494
f 2894/1332/2494 2899/1337/2497 2900/1338/2496 2895/1333/2495
f 2896/1334/2496 2901/1339/2498 2902/1340/2498 2897/1335/2497
f 2897/1335/2497 2902/1340/2498 2903/1341/2498 2898/1336/2497
f 2898/1336/2497 2903/1341/2498 2904/1342/2498 2899/1337/2497
f 2899/1337/2497 2904/1342/2498 2905/1343/2498 2900/1338/2496
f 2901/1339/2498 2906/1344/2499 2907/1345/2499 2902/1340/2498
f 2902/1340/2498 2907/1345/2499 2908/1346/2499 2903/1341/2498
f 2903/1341/2498 2908/1346/2499 2909/1347/2499 2904/1342/2498
f 2904/1342/2498 2909/1347/2499 2910/1348/2499 2905/1343/2498
f 2906/1344/2499 2911/1349/2500 2912/1350/2501 2907/1345/2499
f 2907/1345/2499 2912/1350/2501 2913/1351/2501 2908/1346/2499
f 2908/1346/2499 2913/1351/2501 2914/1352/2501 2909/1347/2499
f 2909/1347/2499 2914/1352/2501 2915/1353/2500 2910/1348/2499
f 2911/1349/2500 2916/1354/2502 2917/1355/2503 2912/1350/2501
f 2912/1350/2501 2917/1355/2503 2918/1356/2503 2913/1351/2501
f 2913/1351/2501 2918/1356/2503 2919/1357/2503 2914/1352/2501
f 2914/1352/2501 2919/1357/2503 2920/1358/2503 2915/1353/2500
f 2916/1354/2502 2921/1359/2504 2922/1360/2504 2917/1355/2503
f 2917/1355/2503 2922/1360/2504 2923/1361/2504 2918/1356/2503
f 2918/1356/2503 2923/1361/2504 2924/1362/2504 2919/1357/2503
f 2919/1357/2503 2924/1362/2504 2925/1363/2504 2920/1358/2503
f 2921/1359/2504 2926/1364/2505 2927/1365/2505 2922/1360/2504
f 2922/1360/2504 2927/1365/2505 2928/1366/2505 2923/1361/2504
f 2923/1361/2504 2928/1366/2505 2929/1367/2505 2924/1362/2504
f 2924/1362/2504 2929/1367/2505 2930/1368/2506 2925/1363/2504
f 2926/1364/2505 2931/1369/2507 2932/1370/2507 2927/1365/2505
f 2927/1365/2505 2932/1370/2507 2933/1371/2507 2928/1366/2505
f 2928/1366/2505 2933/1371/2507 2934/1372/2507 2929/1367/2505
f 2929/1367/2505 2934/1372/2507 2935/1373/2508 2930/1368/2506
f 2931/1369/2507 2936/1374/2509 2937/1375/2509 2932/1370/2507
f 2932/1370/2507 2937/1375/2509 2938/1376/2509 2933/1371/2507
f 2933/1371/2507 2938/1376/2509 2939/1377/2509 2934/1372/2507
f 2934/1372/2507 2939/1377/2509 2940/1378/2509 2935/1373/2508
f 2936/1374/2509 2941/1379/2510 2942/1380/2511 2937/1375/2509
f 2937/1375/2509 2942/1380/2511 2943/1381/2511 2938/1376/2509
f 2938/1376/2509 2943/1381/2511 2944/1382/2511 2939/1377/2509
f 2939/1377/2509 2944/1382/2511 2945/1383/2512 2940/1378/2509
f 2941/1379/2510 2946/1384/2513 2947/1385/2513 2942/1380/2511
f 2942/1380/2511 2947/1385/2513 2948/1386/2513 2943/1381/2511
f 2943/1381/2511 2948/1386/2513 2949/1387/2513 2944/1382/2511
f 2944/1382/2511 2949/1387/2513 2950/1388/2514 2945/1383/2512
f 2946/1384/2513 2951/1389/2515 2952/1390/2515 2947/1385/2513
f 2947/1385/2513 2952/1390/2515 2953/1391/2515 2948/1386/2513
f 2948/1386/2513 2953/1391/2515 2954/1392/2516 2949/1387/2513
f 2949/1387/2513 2954/1392/2516 2955/1393/2515 2950/1388/2514
f 2951/1389/2515 2956/1394/2517 2957/1395/2518 2952/1390/2515
f 2952/1390/2515 2957/1395/2518 2958/1396/2519 2953/1391/2515
f 2953/1391/2515 2958/1396/2519 2959/1397/2517 2954/1392/2516
f 2954/1392/2516 2959/1397/2517 2960/1398/2520 2955/1393/2515
f 2956/1394/2517 2961/1399/2521 2962/1400/2521 2957/1395/2518
f 2957/1395/2518 2962/1400/2521 2963/1401/2521 2958/1396/2519
f 2958/1396/2519 2963/1401/2521 2964/1402/2521 2959/1397/2517
f 2959/1397/2517 2964/1402/2521 2965/1403/2521 2960/1398/2520
f 2961/1399/2521 2966/1404/2522 2967/1405/2522 2962/1400/2521
f 2962/1400/2521 2967/1405/2522 2968/1406/2522 2963/1401/2521
f 2963/1401/2521 2968/1406/2522 2969/1407/2522 2964/1402/2521
f 2964/1402/2521 2969/1407/2522 2970/1408/2523 2965/1403/2521
f 2966/1404/2522 2971/1409/2524 2972/1410/2525 2967/1405/2522
f 2967/1405/2522 2972/1410/2525 2973/1411/2526 2968/1406/2522
f 2968/1406/2522 2973/1411/2526 2974/1412/2524 2969/1407/2522
f 2969/1407/2522 2974/1412/2524 2975/1413/2524 2970/1408/2523
f 2971/1409/2524 2976/1414/2527 2977/1415/2528 2972/1410/2525
f 2972/1410/2525 2977/1415/2528 2978/1416/2529 2973/1411/2526
f 2973/1411/2526 2978/1416/2529 2979/1417/2529 2974/1412/2524
f 2974/1412/2524 2979/1417/2529 2980/1418/2527 2975/1413/2524
f 2976/1414/2527 2981/1419/2530 2982/1420/2530 2977/1415/2528
f 2977/1415/2528 2982/1420/2530 2983/1421/2530 2978/1416/2529
f 2978/1416/2529 2983/1421/2530 2984/1422/2530 2979/1417/2529
f 2979/1417/2529 2984/1422/2530 2985/1423/2531 2980/1418/2527
f 2981/1419/2530 2986/1424/2532 2987/1425/2533 2982/1420/2530
f 2982/1420/2530 2987/1425/2533 2988/1426/2533 2983/1421/2530
f 2983/1421/2530 2988/1426/2533 2989/1427/2533 2984/1422/2530
f 2984/1422/2530 2989/1427/2533 2990/1428/2533 2985/1423/2531
f 2986/1424/2532 2991/1429/2534 2992/1430/2535 2987/1425/2533
f 2987/1425/2533 2992/1430/2535 2993/1431/2535 2988/1426/2533
f 2988/1426/2533 2993/1431/2535 2994/1432/2535 2989/1427/2533
f 2989/1427/2533 2994/1432/2535 2995/1433/2535 2990/1428/2533
f 2991/1429/2534 2996/1434/2536 2997/1435/2536 2992/1430/2535
f 2992/1430/2535 2997/1435/2536 2998/1436/2536 2993/1431/2535
f 2993/1431/2535 2998/1436/2536 2999/1437/2536 2994/1432/2535
f 2994/1432/2535 2999/1437/2536 3000/1438/2537 2995/1433/2535
usemtl track_rail
f 3001/1284/2538 3003/1285/2539 3004/1292/2540 3002/1293/2538
f 3003/1285/2539 3005/1294/2541 3006/1298/2541 3004/1292/2540
f 3005/1294/2541 3007/1299/2542 3008/1303/2542 3006/1298/2541
f 3007/1299/2542 3009/1304/2543 3010/1308/2543 3008/1303/2542
f 3009/1304/2543 3011/1309/2544 3012/1313/2544 3010/1308/2543
f 3011/1309/2544 3013/1314/2545 3014/1318/2546 3012/1313/2544
f 3013/1314/2545 3015/1319/2547 3016/1323/2548 3014/1318/2546
f 3015/1319/2547 3017/1324/2549 3018/1328/2549 3016/1323/2548
f 3017/1324/2549 3019/1329/2550 3020/1333/2550 3018/1328/2549
f 3019/1329/2550 3021/1334/2551 3022/1338/2551 3020/1333/2550
f 3021/1334/2551 3023/1339/2552 3024/1343/2553 3022/1338/2551
f 3023/1339/2552 3025/1344/2554 3026/1348/2554 3024/1343/2553
f 3025/1344/2554 3027/1349/2555 3028/1353/2555 3026/1348/2554
f 3027/1349/2555 3029/1354/2556 3030/1358/2556 3028/1353/2555
f 3029/1354/2556 3031/1359/2557 3032/1363/2557 3030/1358/2556
f 3031/1359/2557 3033/1364/2558 3034/1368/2558 3032/1363/2557
f 3033/1364/2558 3035/1369/2559 3036/1373/2559 3034/1368/2558
f 3035/1369/2559 3037/1374/2560 3038/1378/2560 3036/1373/2559
f 3037/1374/2560 3039/1379/2561 3040/1383/2562 3038/1378/2560
f 3039/1379/2561 3041/1384/2563 3042/1388/2563 3040/1383/2562
f 3041/1384/2563 3043/1389/2564 3044/1393/2564 3042/1388/2563
f 3043/1389/2564 3045/1394/2565 3046/1398/2565 3044/1393/2564
f 3045/1394/2565 3047/1399/2566 3048/1403/2567 3046/1398/2565
f 3047/1399/2566 3049/1404/2568 3050/1408/2568 3048/1403/2567
f 3049/1404/2568 3051/1409/2569 3052/1413/2569 3050/1408/2568
f 3051/1409/2569 3053/1414/2570 3054/1418/2570 3052/1413/2569
f 3053/1414/2570 3055/1419/2571 3056/1423/2571 3054/1418/2570
f 3055/1419/2571 3057/1424/2572 3058/1428/2572 3056/1423/2571
f 3057/1424/2572 3059/1429/2573 3060/1433/2574 3058/1428/2572
f 3059/1429/2573 3061/1434/2575 3062/1438/2575 3060/1433/2574
f 3064/1293/2576 3066/1292/2577 3065/1285/2578 3063/1284/2576
f 3066/1292/2577 3068/1298/2579 3067/1294/2579 3065/1285/2578
f 3068/1298/2579 3070/1303/2580 3069/1299/2581 3067/1294/2579
f 3070/1303/2580 3072/1308/2582 3071/1304/2582 3069/1299/2581
f 3072/1308/2582 3074/1313/2583 3073/1309/2583 3071/1304/2582
f 3074/1313/2583 3076/1318/2584 3075/1314/2584 3073/1309/2583
f 3076/1318/2584 3078/1323/2585 3077/1319/2586 3075/1314/2584
f 3078/1323/2585 3080/1328/2587 3079/1324/2588 3077/1319/2586
f 3080/1328/2587 3082/1333/2589 3081/1329/2589 3079/1324/2588
f 3082/1333/2589 3084/1338/2590 3083/1334/2590 3081/1329/2589
f 3084/1338/2590 3086/1343/2591 3085/1339/2592 3083/1334/2590
f 3086/1343/2591 3088/1348/2593 3087/1344/2593 3085/1339/2592
f 3088/1348/2593 3090/1353/2594 3089/1349/2594 3087/1344/2593
f 3090/1353/2594 3092/1358/2595 3091/1354/2595 3089/1349/2594
f 3092/1358/2595 3094/1363/2596 3093/1359/2596 3091/1354/2595
f 3094/1363/2596 3096/1368/2597 3095/1364/2598 3093/1359/2596
f 3096/1368/2597 3098/1373/2599 3097/1369/2599 3095/1364/2598
f 3098/1373/2599 3100/1378/2600 3099/1374/2601 3097/1369/2599
f 3100/1378/2600 3102/1383/2602 3101/1379/2603 3099/1374/2601
f 3102/1383/2602 3104/1388/2604 3103/1384/2604 3101/1379/2603
f 3104/1388/2604 3106/1393/2605 3105/1389/2605 3103/1384/2604
f 3106/1393/2605 3108/1398/2606 3107/1394/2606 3105/1389/2605
f 3108/1398/2606 3110/1403/2607 3109/1399/2607 3107/1394/2606
f 3110/1403/2607 3112/1408/2608 3111/1404/2608 3109/1399/2607
f 3112/1408/2608 3114/1413/2609 3113/1409/2609 3111/1404/2608
f 3114/1413/2609 3116/1418/2610 3115/1414/2610 3113/1409/2609
f 3116/1418/2610 3118/1423/2611 3117/1419/2611 3115/1414/2610
f 3118/1423/2611 3120/1428/2612 3119/1424/2612 3117/1419/2611
f 3120/1428/2612 3122/1433/2613 3121/1429/2614 3119/1424/2612
f 3122/1433/2613 3124/1438/2615 3123/1434/2615 3121/1429/2614
o MXTRoadSegment.020_PreviewMesh
v 32.000000 -1880.171875 -271.999969 0.7353 0.7353 0.7353
v 16.000000 -1880.171875 -271.999969 0.7353 0.7353 0.7353
v 0.000000 -1880.171875 -271.999969 0.7353 0.7353 0.7353
v -16.000000 -1880.171875 -271.999969 0.7353 0.7353 0.7353
v -32.000000 -1880.171875 -271.999969 0.7353 0.7353 0.7353
v 32.000000 -1838.753906 -272.007019 0.7353 0.7353 0.7353
v 16.000000 -1838.753906 -272.007019 0.7353 0.7353 0.7353
v 0.000000 -1838.753906 -272.007019 0.7353 0.7353 0.7353
v -16.000000 -1838.753906 -272.007019 0.7353 0.7353 0.7353
v -32.000000 -1838.753906 -272.007019 0.7353 0.7353 0.7353
v 32.000000 -1799.308105 -272.035217 0.7353 0.7353 0.7353
v 16.000000 -1799.308105 -272.035217 0.7353 0.7353 0.7353
v 0.000000 -1799.308105 -272.035217 0.7353 0.7353 0.7353
v -16.000000 -1799.308105 -272.035217 0.7353 0.7353 0.7353
v -32.000000 -1799.308105 -272.035217 0.7353 0.7353 0.7353
v 32.000000 -1745.408936 -272.084656 0.7353 0.7353 0.7353
v 16.000000 -1745.408936 -272.084656 0.7353 0.7353 0.7353
v -0.000000 -1745.408936 -272.084656 0.7353 0.7353 0.7353
v -16.000000 -1745.408936 -272.084656 0.7353 0.7353 0.7353
v -32.000000 -1745.408936 -272.084656 0.7353 0.7353 0.7353
v 32.000000 -1695.999878 -272.095276 0.7353 0.7353 0.7353
v 16.000000 -1695.999878 -272.095276 0.7353 0.7353 0.7353
v -0.000000 -1695.999878 -272.095276 0.7353 0.7353 0.7353
v -16.000000 -1695.999878 -272.095276 0.7353 0.7353 0.7353
v -32.000000 -1695.999878 -272.095276 0.7353 0.7353 0.7353
v -32.000000 -1880.171875 -271.999969 0.9063 0.9063 0.9063
v -32.000000 -1880.171875 -265.249969 0.9063 0.9063 0.9063
v -32.000000 -1838.753906 -272.007019 0.9063 0.9063 0.9063
v -32.000000 -1838.751221 -265.257019 0.9063 0.9063 0.9063
v -32.000000 -1799.308105 -272.035217 0.9063 0.9063 0.9063
v -32.000000 -1799.301025 -265.285217 0.9063 0.9063 0.9063
v -32.000000 -1745.408936 -272.084656 0.9063 0.9063 0.9063
v -32.000000 -1745.405518 -265.334656 0.9063 0.9063 0.9063
v -32.000000 -1695.999878 -272.095276 0.9063 0.9063 0.9063
v -32.000000 -1695.999878 -265.345276 0.9063 0.9063 0.9063
v 32.000000 -1880.171875 -271.999969 0.9063 0.9063 0.9063
v 32.000000 -1880.171875 -265.249969 0.9063 0.9063 0.9063
v 32.000000 -1838.753906 -272.007019 0.9063 0.9063 0.9063
v 32.000000 -1838.751221 -265.257019 0.9063 0.9063 0.9063
v 32.000000 -1799.308105 -272.035217 0.9063 0.9063 0.9063
v 32.000000 -1799.301025 -265.285217 0.9063 0.9063 0.9063
v 32.000000 -1745.408936 -272.084656 0.9063 0.9063 0.9063
v 32.000000 -1745.405518 -265.334656 0.9063 0.9063 0.9063
v 32.000000 -1695.999878 -272.095276 0.9063 0.9063 0.9063
v 32.000000 -1695.999878 -265.345276 0.9063 0.9063 0.9063
vn -0.0000 -0.0002 1.0000
vn -0.0000 0.0001 1.0000
vn -0.0000 0.0002 1.0000
vn -0.0000 0.0023 1.0000
vn -0.0000 -0.0016 1.0000
vn 1.0000 -0.0000 -0.0000
vn -1.0000 -0.0000 -0.0000
vt 0.000000 0.000000
vt 0.000000 0.899552
vt 0.250000 0.899552
vt 0.250000 0.000000
vt 0.500000 0.899552
vt 0.500000 0.000000
vt 0.750000 0.899552
vt 0.750000 0.000000
vt 1.000000 0.899552
vt 1.000000 0.000000
vt 0.000000 1.756269
vt 0.250000 1.756269
vt 0.500000 1.756269
vt 0.750000 1.756269
vt 1.000000 1.756269
vt 0.000000 2.926893
vt 0.250000 2.926893
vt 0.500000 2.926893
vt 0.750000 2.926893
vt 1.000000 2.926893
vt 0.000000 4.000000
vt 0.250000 4.000000
vt 0.500000 4.000000
vt 0.750000 4.000000
vt 1.000000 4.000000
s 1
usemtl track_surface
f 3125/1439/2616 3130/1440/2617 3131/1441/2617 3126/1442/2618
f 3126/1442/2618 3131/1441/2617 3132/1443/2617 3127/1444/2618
f 3127/1444/2618 3132/1443/2617 3133/1445/2617 3128/1446/2618
f 3128/1446/2618 3133/1445/2617 3134/1447/2617 3129/1448/2616
f 3130/1440/2617 3135/1449/2619 3136/1450/2619 3131/1441/2617
f 3131/1441/2617 3136/1450/2619 3137/1451/2619 3132/1443/2617
f 3132/1443/2617 3137/1451/2619 3138/1452/2619 3133/1445/2617
f 3133/1445/2617 3138/1452/2619 3139/1453/2619 3134/1447/2617
f 3135/1449/2619 3140/1454/2620 3141/1455/2620 3136/1450/2619
f 3136/1450/2619 3141/1455/2620 3142/1456/2620 3137/1451/2619
f 3137/1451/2619 3142/1456/2620 3143/1457/2620 3138/1452/2619
f 3138/1452/2619 3143/1457/2620 3144/1458/2620 3139/1453/2619
f 3140/1454/2620 3145/1459/2618 3146/1460/2618 3141/1455/2620
f 3141/1455/2620 3146/1460/2618 3147/1461/2618 3142/1456/2620
f 3142/1456/2620 3147/1461/2618 3148/1462/2618 3143/1457/2620
f 3143/1457/2620 3148/1462/2618 3149/1463/2618 3144/1458/2620
usemtl track_rail
f 3150/1439/2621 3152/1440/2621 3153/1447/2621 3151/1448/2621
f 3152/1440/2621 3154/1449/2621 3155/1453/2621 3153/1447/2621
f 3154/1449/2621 3156/1454/2621 3157/1458/2621 3155/1453/2621
f 3156/1454/2621 3158/1459/2621 3159/1463/2621 3157/1458/2621
f 3161/1448/2622 3163/1447/2622 3162/1440/2622 3160/1439/2622
f 3163/1447/2622 3165/1453/2622 3164/1449/2622 3162/1440/2622
f 3165/1453/2622 3167/1458/2622 3166/1454/2622 3164/1449/2622
f 3167/1458/2622 3169/1463/2622 3168/1459/2622 3166/1454/2622
o MXTRoadSegment.023_PreviewMesh
v 32.000000 -1695.999878 -272.095276 0.7353 0.7353 0.7353
v 16.000000 -1695.999878 -272.095276 0.7353 0.7353 0.7353
v -0.000000 -1695.999878 -272.095276 0.7353 0.7353 0.7353
v -16.000000 -1695.999878 -272.095276 0.7353 0.7353 0.7353
v -32.000000 -1695.999878 -272.095276 0.7353 0.7353 0.7353
v 31.999723 -1675.920532 -272.074524 0.7353 0.7353 0.7353
v 15.999777 -1675.920410 -272.115692 0.7353 0.7353 0.7353
v -0.000170 -1675.920410 -272.156860 0.7353 0.7353 0.7353
v -16.000116 -1675.920410 -272.198029 0.7353 0.7353 0.7353
v -32.000065 -1675.920288 -272.239197 0.7353 0.7353 0.7353
v 31.997694 -1655.845459 -271.487213 0.7353 0.7353 0.7353
v 15.998519 -1655.841675 -271.649658 0.7353 0.7353 0.7353
v -0.000656 -1655.837769 -271.812134 0.7353 0.7353 0.7353
v -15.999831 -1655.833862 -271.974609 0.7353 0.7353 0.7353
v -31.999006 -1655.830078 -272.137054 0.7353 0.7353 0.7353
v 31.990448 -1635.791748 -270.362518 0.7353 0.7353 0.7353
v 15.994512 -1635.776123 -270.722809 0.7353 0.7353 0.7353
v -0.001424 -1635.760376 -271.083069 0.7353 0.7353 0.7353
v -15.997359 -1635.744629 -271.443329 0.7353 0.7353 0.7353
v -31.993296 -1635.729004 -271.803619 0.7353 0.7353 0.7353
v 31.972582 -1615.773438 -268.728790 0.7353 0.7353 0.7353
v 15.985071 -1615.734497 -269.359650 0.7353 0.7353 0.7353
v -0.002440 -1615.695557 -269.990509 0.7353 0.7353 0.7353
v -15.989950 -1615.656616 -270.621368 0.7353 0.7353 0.7353
v -31.977461 -1615.617676 -271.252228 0.7353 0.7353 0.7353
v 31.937075 -1595.801270 -266.615509 0.7353 0.7353 0.7353
v 15.966702 -1595.724854 -267.585724 0.7353 0.7353 0.7353
v -0.003672 -1595.648560 -268.555969 0.7353 0.7353 0.7353
v -15.974045 -1595.572266 -269.526215 0.7353 0.7353 0.7353
v -31.944418 -1595.495850 -270.496429 0.7353 0.7353 0.7353
v 31.875597 -1575.883911 -264.051666 0.7353 0.7353 0.7353
v 15.935255 -1575.754028 -265.425903 0.7353 0.7353 0.7353
v -0.005088 -1575.624023 -266.800171 0.7353 0.7353 0.7353
v -15.945431 -1575.494019 -268.174438 0.7353 0.7353 0.7353
v -31.885773 -1575.364136 -269.548676 0.7353 0.7353 0.7353
v 31.778797 -1556.028442 -261.065857 0.7353 0.7353 0.7353
v 15.886069 -1555.827271 -262.904541 0.7353 0.7353 0.7353
v -0.006660 -1555.626099 -264.743195 0.7353 0.7353 0.7353
v -15.899388 -1555.424927 -266.581848 0.7353 0.7353 0.7353
v -31.792116 -1555.223755 -268.420532 0.7353 0.7353 0.7353
v 31.636606 -1536.239136 -257.687042 0.7353 0.7353 0.7353
v 15.814124 -1535.948120 -260.045959 0.7353 0.7353 0.7353
v -0.008358 -1535.657227 -262.404846 0.7353 0.7353 0.7353
v -15.830840 -1535.366333 -264.763733 0.7353 0.7353 0.7353
v -31.653322 -1535.075317 -267.122650 0.7353 0.7353 0.7353
v 31.438480 -1516.518311 -253.943542 0.7353 0.7353 0.7353
v 15.714162 -1516.118774 -256.873749 0.7353 0.7353 0.7353
v -0.010157 -1515.719238 -259.803986 0.7353 0.7353 0.7353
v -15.734474 -1515.319702 -262.734222 0.7353 0.7353 0.7353
v -31.458792 -1514.920166 -265.664429 0.7353 0.7353 0.7353
v 31.173649 -1496.867310 -249.863312 0.7353 0.7353 0.7353
v 15.580809 -1496.340454 -253.410965 0.7353 0.7353 0.7353
v -0.012031 -1495.813721 -256.958618 0.7353 0.7353 0.7353
v -15.604870 -1495.286987 -260.506287 0.7353 0.7353 0.7353
v -31.197710 -1494.760132 -264.053925 0.7353 0.7353 0.7353
v 30.831388 -1477.285889 -245.474426 0.7353 0.7353 0.7353
v 15.408716 -1476.613647 -249.680313 0.7353 0.7353 0.7353
v -0.013956 -1475.941528 -253.886185 0.7353 0.7353 0.7353
v -15.436628 -1475.269409 -258.092072 0.7353 0.7353 0.7353
v -30.859301 -1474.597168 -262.297943 0.7353 0.7353 0.7353
v 30.401241 -1457.771851 -240.804916 0.7353 0.7353 0.7353
v 15.192665 -1456.937256 -245.704178 0.7353 0.7353 0.7353
v -0.015910 -1456.102661 -250.603424 0.7353 0.7353 0.7353
v -15.224486 -1455.268066 -255.502670 0.7353 0.7353 0.7353
v -30.433062 -1454.433472 -260.401917 0.7353 0.7353 0.7353
v 29.873178 -1438.322510 -235.882019 0.7353 0.7353 0.7353
v 14.927652 -1437.309814 -241.503922 0.7353 0.7353 0.7353
v -0.017873 -1436.297119 -247.125809 0.7353 0.7353 0.7353
v -14.963400 -1435.284424 -252.747696 0.7353 0.7353 0.7353
v -29.908926 -1434.271729 -258.369598 0.7353 0.7353 0.7353
v 29.237865 -1418.933716 -230.733215 0.7353 0.7353 0.7353
v 14.609019 -1417.729004 -237.100754 0.7353 0.7353 0.7353
v -0.019826 -1416.524170 -243.468277 0.7353 0.7353 0.7353
v -14.648671 -1415.319336 -249.835800 0.7353 0.7353 0.7353
v -29.277515 -1414.114624 -256.203339 0.7353 0.7353 0.7353
v 28.486853 -1399.600220 -225.385971 0.7353 0.7353 0.7353
v 14.232553 -1398.191406 -232.515503 0.7353 0.7353 0.7353
v -0.021748 -1396.782715 -239.645050 0.7353 0.7353 0.7353
v -14.276050 -1395.374023 -246.774597 0.7353 0.7353 0.7353
v -28.530350 -1393.965210 -253.904129 0.7353 0.7353 0.7353
v 27.612764 -1380.316284 -219.867752 0.7353 0.7353 0.7353
v 13.794570 -1378.694092 -227.768753 0.7353 0.7353 0.7353
v -0.023625 -1377.071777 -235.669754 0.7353 0.7353 0.7353
v -13.841820 -1375.449463 -243.570755 0.7353 0.7353 0.7353
v -27.660015 -1373.827271 -251.471756 0.7353 0.7353 0.7353
v 26.609390 -1361.076050 -214.205414 0.7353 0.7353 0.7353
v 13.291976 -1359.233276 -222.880127 0.7353 0.7353 0.7353
v -0.025439 -1357.390503 -231.554840 0.7353 0.7353 0.7353
v -13.342854 -1355.547729 -240.229553 0.7353 0.7353 0.7353
v -26.660269 -1353.704956 -248.904266 0.7353 0.7353 0.7353
v 25.471880 -1341.872314 -208.425827 0.7353 0.7353 0.7353
v 12.722352 -1339.804688 -217.869064 0.7353 0.7353 0.7353
v -0.027176 -1337.737061 -227.312286 0.7353 0.7353 0.7353
v -12.776705 -1335.669434 -236.755508 0.7353 0.7353 0.7353
v -25.526232 -1333.601807 -246.198746 0.7353 0.7353 0.7353
v 24.196924 -1322.697632 -202.555740 0.7353 0.7353 0.7353
v 12.084051 -1320.403931 -212.754608 0.7353 0.7353 0.7353
v -0.028823 -1318.110107 -222.953476 0.7353 0.7353 0.7353
v -12.141697 -1315.816284 -233.152344 0.7353 0.7353 0.7353
v -24.254570 -1313.522583 -243.351212 0.7353 0.7353 0.7353
v 22.782820 -1303.544312 -196.621490 0.7353 0.7353 0.7353
v 11.376226 -1301.026001 -207.555267 0.7353 0.7353 0.7353
v -0.030366 -1298.507690 -218.489059 0.7353 0.7353 0.7353
v -11.436959 -1295.989380 -229.422852 0.7353 0.7353 0.7353
v -22.843552 -1293.471069 -240.356628 0.7353 0.7353 0.7353
v 21.229597 -1284.404663 -190.649139 0.7353 0.7353 0.7353
v 10.598902 -1281.666626 -202.289200 0.7353 0.7353 0.7353
v -0.031794 -1278.928467 -213.929260 0.7353 0.7353 0.7353
v -10.662490 -1276.190308 -225.569321 0.7353 0.7353 0.7353
v -21.293184 -1273.452271 -237.209381 0.7353 0.7353 0.7353
v 19.539045 -1265.270752 -184.664032 0.7353 0.7353 0.7353
v 9.752975 -1262.320679 -196.973785 0.7353 0.7353 0.7353
v -0.033094 -1259.370605 -209.283539 0.7353 0.7353 0.7353
v -9.819164 -1256.420532 -221.593292 0.7353 0.7353 0.7353
v -19.605234 -1253.470459 -233.903046 0.7353 0.7353 0.7353
v 17.714743 -1246.134277 -178.690918 0.7353 0.7353 0.7353
v 8.840241 -1242.983154 -191.625900 0.7353 0.7353 0.7353
v -0.034258 -1239.832031 -204.560883 0.7353 0.7353 0.7353
v -8.908758 -1236.680908 -217.495865 0.7353 0.7353 0.7353
v -17.783258 -1233.529785 -230.430847 0.7353 0.7353 0.7353
v 15.762114 -1226.988037 -172.753693 0.7353 0.7353 0.7353
v 7.863420 -1223.649780 -186.261719 0.7353 0.7353 0.7353
v -0.035275 -1220.311523 -199.769730 0.7353 0.7353 0.7353
v -7.933969 -1216.973267 -213.277740 0.7353 0.7353 0.7353
v -15.832664 -1213.635010 -226.785767 0.7353 0.7353 0.7353
v 13.688491 -1207.824219 -166.875397 0.7353 0.7353 0.7353
v 6.826177 -1204.315552 -180.896744 0.7353 0.7353 0.7353
v -0.036136 -1200.806885 -194.918076 0.7353 0.7353 0.7353
v -6.898450 -1197.298218 -208.939407 0.7353 0.7353 0.7353
v -13.760763 -1193.789551 -222.960754 0.7353 0.7353 0.7353
v 11.502916 -1188.635864 -161.078049 0.7353 0.7353 0.7353
v 5.733041 -1184.976318 -175.545822 0.7353 0.7353 0.7353
v -0.036833 -1181.316772 -190.013580 0.7353 0.7353 0.7353
v -5.806708 -1177.657227 -204.481339 0.7353 0.7353 0.7353
v -11.576583 -1173.997681 -218.949112 0.7353 0.7353 0.7353
v 9.216934 -1169.416382 -155.382584 0.7353 0.7353 0.7353
v 4.589788 -1165.628052 -170.222977 0.7353 0.7353 0.7353
v -0.037359 -1161.839600 -185.063385 0.7353 0.7353 0.7353
v -4.664505 -1158.051147 -199.903793 0.7353 0.7353 0.7353
v -9.291652 -1154.262817 -214.744186 0.7353 0.7353 0.7353
v 6.848551 -1150.158936 -149.809326 0.7353 0.7353 0.7353
v 3.405423 -1146.266113 -164.941772 0.7353 0.7353 0.7353
v -0.037705 -1142.373291 -180.074219 0.7353 0.7353 0.7353
v -3.480833 -1138.480469 -195.206665 0.7353 0.7353 0.7353
v -6.923960 -1134.587646 -210.339111 0.7353 0.7353 0.7353
v 4.420603 -1130.858276 -144.375946 0.7353 0.7353 0.7353
v 2.191369 -1126.887451 -159.714233 0.7353 0.7353 0.7353
v -0.037865 -1122.916626 -175.052521 0.7353 0.7353 0.7353
v -2.267099 -1118.945801 -190.390808 0.7353 0.7353 0.7353
v -4.496333 -1114.974976 -205.729095 0.7353 0.7353 0.7353
v 1.956003 -1111.510376 -139.095703 0.7353 0.7353 0.7353
v 0.959085 -1107.489258 -154.550049 0.7353 0.7353 0.7353
v -0.037833 -1103.468140 -170.004395 0.7353 0.7353 0.7353
v -1.034751 -1099.447021 -185.458740 0.7353 0.7353 0.7353
v -2.031668 -1095.425903 -200.913086 0.7353 0.7353 0.7353
v -0.522827 -1092.112305 -133.977722 0.7353 0.7353 0.7353
v -0.280215 -1088.069336 -149.456589 0.7353 0.7353 0.7353
v -0.037603 -1084.026245 -164.935440 0.7353 0.7353 0.7353
v 0.205009 -1079.983154 -180.414291 0.7353 0.7353 0.7353
v 0.447622 -1075.940186 -195.893158 0.7353 0.7353 0.7353
v -2.994101 -1072.662354 -129.027756 0.7353 0.7353 0.7353
v -1.515635 -1068.625854 -144.439468 0.7353 0.7353 0.7353
v -0.037169 -1064.589355 -159.851181 0.7353 0.7353 0.7353
v 1.441297 -1060.552856 -175.262894 0.7353 0.7353 0.7353
v 2.919762 -1056.516357 -190.674606 0.7353 0.7353 0.7353
v -5.437117 -1053.160034 -124.248093 0.7353 0.7353 0.7353
v -2.736822 -1049.158203 -139.502365 0.7353 0.7353 0.7353
v -0.036527 -1045.156250 -154.756653 0.7353 0.7353 0.7353
v 2.663768 -1041.154297 -170.010941 0.7353 0.7353 0.7353
v 5.364062 -1037.152466 -185.265213 0.7353 0.7353 0.7353
v -7.832357 -1033.606201 -119.638359 0.7353 0.7353 0.7353
v -3.934014 -1029.665894 -134.647598 0.7353 0.7353 0.7353
v -0.035672 -1025.725708 -149.656845 0.7353 0.7353 0.7353
v 3.862670 -1021.785461 -164.666092 0.7353 0.7353 0.7353
v 7.761013 -1017.845215 -179.675339 0.7353 0.7353 0.7353
v -10.161885 -1014.001953 -115.195335 0.7353 0.7353 0.7353
v -5.098242 -1010.149170 -129.875778 0.7353 0.7353 0.7353
v -0.034599 -1006.296326 -144.556213 0.7353 0.7353 0.7353
v 5.029044 -1002.443481 -159.236649 0.7353 0.7353 0.7353
v 10.092687 -998.590698 -173.917099 0.7353 0.7353 0.7353
v -12.409359 -994.349854 -110.913834 0.7353 0.7353 0.7353
v -6.221332 -990.608459 -125.186554 0.7353 0.7353 0.7353
v -0.033305 -986.867126 -139.459274 0.7353 0.7353 0.7353
v 6.154722 -983.125793 -153.731995 0.7353 0.7353 0.7353
v 12.342749 -979.384399 -168.004715 0.7353 0.7353 0.7353
v -14.560358 -974.652649 -106.786476 0.7353 0.7353 0.7353
v -7.296072 -971.044800 -120.578255 0.7353 0.7353 0.7353
v -0.031786 -967.436890 -134.370041 0.7353 0.7353 0.7353
v 7.232501 -963.828979 -148.161819 0.7353 0.7353 0.7353
v 14.496787 -960.221130 -161.953613 0.7353 0.7353 0.7353
v -16.602348 -954.913940 -102.804466 0.7353 0.7353 0.7353
v -8.316193 -951.459229 -116.048523 0.7353 0.7353 0.7353
v -0.030038 -948.004578 -129.292572 0.7353 0.7353 0.7353
v 8.256118 -944.549927 -142.536621 0.7353 0.7353 0.7353
v 16.542273 -941.095215 -155.780670 0.7353 0.7353 0.7353
v -18.524828 -935.137573 -98.957466 0.7353 0.7353 0.7353
v -9.276443 -931.853394 -111.593987 0.7353 0.7353 0.7353
v -0.028058 -928.569275 -124.230515 0.7353 0.7353 0.7353
v 9.220327 -925.285156 -136.867035 0.7353 0.7353 0.7353
v 18.468712 -922.000977 -149.503571 0.7353 0.7353 0.7353
v -20.319336 -915.327698 -95.234154 0.7353 0.7353 0.7353
v -10.172589 -912.228821 -107.210808 0.7353 0.7353 0.7353
v -0.025843 -909.129883 -119.187462 0.7353 0.7353 0.7353
v 10.120903 -906.030945 -131.164124 0.7353 0.7353 0.7353
v 20.267649 -902.932068 -143.140778 0.7353 0.7353 0.7353
v -21.979498 -895.489014 -91.622345 0.7353 0.7353 0.7353
v -11.001445 -892.587402 -102.894562 0.7353 0.7353 0.7353
v -0.023391 -889.685730 -114.166771 0.7353 0.7353 0.7353
v 10.954663 -886.784058 -125.438980 0.7353 0.7353 0.7353
v 21.932716 -883.882446 -136.711197 0.7353 0.7353 0.7353
v -23.500965 -875.625916 -88.109245 0.7353 0.7353 0.7353
v -11.760832 -872.930908 -98.640434 0.7353 0.7353 0.7353
v -0.020699 -870.235840 -109.171631 0.7353 0.7353 0.7353
v 11.719435 -867.540771 -119.702827 0.7353 0.7353 0.7353
v 23.459568 -864.845764 -130.234024 0.7353 0.7353 0.7353
v -24.881359 -855.743103 -84.681648 0.7353 0.7353 0.7353
v -12.449561 -853.261353 -94.443367 0.7353 0.7353 0.7353
v -0.017764 -850.779541 -104.205086 0.7353 0.7353 0.7353
v 12.414033 -848.297729 -113.966805 0.7353 0.7353 0.7353
v 24.845829 -845.815979 -123.728523 0.7353 0.7353 0.7353
v -26.120220 -835.845215 -81.326149 0.7353 0.7353 0.7353
v -13.067403 -833.580627 -90.298088 0.7353 0.7353 0.7353
v -0.014586 -831.316101 -99.270035 0.7353 0.7353 0.7353
v 13.038231 -829.051575 -108.241982 0.7353 0.7353 0.7353
v 26.091047 -826.786987 -117.213921 0.7353 0.7353 0.7353
v -27.218946 -815.936646 -78.029274 0.7353 0.7353 0.7353
v -13.615053 -813.890747 -86.199249 0.7353 0.7353 0.7353
v -0.011161 -811.844849 -94.369217 0.7353 0.7353 0.7353
v 13.592731 -809.798950 -102.539185 0.7353 0.7353 0.7353
v 27.196623 -807.753052 -110.709160 0.7353 0.7353 0.7353
v -28.180639 -796.021606 -74.777565 0.7353 0.7353 0.7353
v -14.094064 -794.193359 -82.141380 0.7353 0.7353 0.7353
v -0.007489 -792.365051 -89.505196 0.7353 0.7353 0.7353
v 14.079086 -790.536743 -96.869011 0.7353 0.7353 0.7353
v 28.165663 -788.708496 -104.232826 0.7353 0.7353 0.7353
v -29.010004 -776.104553 -71.557785 0.7353 0.7353 0.7353
v -14.506785 -774.490479 -78.119148 0.7353 0.7353 0.7353
v -0.003567 -772.876404 -84.680504 0.7353 0.7353 0.7353
v 14.499652 -771.262329 -91.241859 0.7353 0.7353 0.7353
v 29.002871 -769.648254 -97.803223 0.7353 0.7353 0.7353
v -29.713245 -756.189209 -68.356873 0.7353 0.7353 0.7353
v -14.856319 -754.783691 -74.127182 0.7353 0.7353 0.7353
v 0.000606 -753.378235 -79.897484 0.7353 0.7353 0.7353
v 14.857531 -751.972778 -85.667786 0.7353 0.7353 0.7353
v 29.714457 -750.567261 -91.438095 0.7353 0.7353 0.7353
v -30.297918 -736.279236 -65.161949 0.7353 0.7353 0.7353
v -15.146444 -735.074646 -70.160141 0.7353 0.7353 0.7353
v 0.005030 -733.870117 -75.158333 0.7353 0.7353 0.7353
v 15.156504 -732.665588 -80.156525 0.7353 0.7353 0.7353
v 30.307978 -731.460999 -85.154716 0.7353 0.7353 0.7353
v -30.772753 -716.378052 -61.960293 0.7353 0.7353 0.7353
v -15.381523 -715.364807 -66.212753 0.7353 0.7353 0.7353
v 0.009707 -714.351562 -70.465210 0.7353 0.7353 0.7353
v 15.400936 -713.338318 -74.717667 0.7353 0.7353 0.7353
v 30.792166 -712.325073 -78.970131 0.7353 0.7353 0.7353
v -31.147520 -696.488770 -58.739071 0.7353 0.7353 0.7353
v -15.566441 -695.655396 -62.279617 0.7353 0.7353 0.7353
v 0.014638 -694.822021 -65.820168 0.7353 0.7353 0.7353
v 15.595717 -693.988647 -69.360718 0.7353 0.7353 0.7353
v 31.176796 -693.155273 -72.901268 0.7353 0.7353 0.7353
v -31.432974 -676.614685 -55.485516 0.7353 0.7353 0.7353
v -15.706574 -675.948059 -58.355358 0.7353 0.7353 0.7353
v 0.019824 -675.281433 -61.225201 0.7353 0.7353 0.7353
v 15.746222 -674.614807 -64.095047 0.7353 0.7353 0.7353
v 31.472622 -673.948181 -66.964890 0.7353 0.7353 0.7353
v -31.640638 -656.758789 -52.186413 0.7353 0.7353 0.7353
v -15.807687 -656.244141 -54.434261 0.7353 0.7353 0.7353
v 0.025265 -655.729553 -56.682106 0.7353 0.7353 0.7353
v 15.858217 -655.214966 -58.929951 0.7353 0.7353 0.7353
v 31.691170 -654.700317 -61.177799 0.7353 0.7353 0.7353
v -31.782627 -636.923401 -48.827805 0.7353 0.7353 0.7353
v -15.875832 -636.544495 -50.510166 0.7353 0.7353 0.7353
v 0.030963 -636.165649 -52.192528 0.7353 0.7353 0.7353
v 15.937757 -635.786804 -53.874889 0.7353 0.7353 0.7353
v 31.844551 -635.407898 -55.557251 0.7353 0.7353 0.7353
v -31.871408 -617.111816 -45.394615 0.7353 0.7353 0.7353
v -15.917246 -616.850891 -46.576389 0.7353 0.7353 0.7353
v 0.036916 -616.589905 -47.758167 0.7353 0.7353 0.7353
v 15.991079 -616.328918 -48.939945 0.7353 0.7353 0.7353
v 31.945242 -616.067993 -50.121719 0.7353 0.7353 0.7353
v -31.919544 -597.326904 -41.869888 0.7353 0.7353 0.7353
v -15.938209 -597.164429 -42.625217 0.7353 0.7353 0.7353
v 0.043127 -597.001953 -43.380543 0.7353 0.7353 0.7353
v 16.024462 -596.839478 -44.135868 0.7353 0.7353 0.7353
v 32.005798 -596.677002 -44.891197 0.7353 0.7353 0.7353
v -31.939264 -577.572083 -38.234123 0.7353 0.7353 0.7353
v -15.944836 -577.486938 -38.647644 0.7353 0.7353 0.7353
v 0.049594 -577.401855 -39.061165 0.7353 0.7353 0.7353
v 16.044024 -577.316772 -39.474686 0.7353 0.7353 0.7353
v 32.038452 -577.231628 -39.888206 0.7353 0.7353 0.7353
v -31.941816 -557.851074 -34.461529 0.7353 0.7353 0.7353
v -15.942749 -557.820007 -34.631485 0.7353 0.7353 0.7353
v 0.056318 -557.788940 -34.801441 0.7353 0.7353 0.7353
v 16.055386 -557.757874 -34.971397 0.7353 0.7353 0.7353
v 32.054451 -557.726807 -35.141354 0.7353 0.7353 0.7353
v -31.936691 -538.718750 -30.620689 0.7353 0.7353 0.7353
v -15.936770 -538.714111 -30.671089 0.7353 0.7353 0.7353
v 0.063149 -538.709473 -30.721491 0.7353 0.7353 0.7353
v 16.063070 -538.704834 -30.771893 0.7353 0.7353 0.7353
v 32.062988 -538.700195 -30.822292 0.7353 0.7353 0.7353
v -31.929447 -517.256714 -26.133598 0.7353 0.7353 0.7353
v -15.929471 -517.255554 -26.161274 0.7353 0.7353 0.7353
v 0.070505 -517.254333 -26.188951 0.7353 0.7353 0.7353
v 16.070480 -517.253113 -26.216629 0.7353 0.7353 0.7353
v 32.070457 -517.251953 -26.244305 0.7353 0.7353 0.7353
v -31.925087 -497.097290 -21.898571 0.7353 0.7353 0.7353
v -15.925112 -497.093811 -21.925768 0.7353 0.7353 0.7353
v 0.074865 -497.090332 -21.952965 0.7353 0.7353 0.7353
v 16.074842 -497.086853 -21.980162 0.7353 0.7353 0.7353
v 32.074818 -497.083374 -22.007359 0.7353 0.7353 0.7353
v -31.924034 -478.595673 -18.059359 0.7353 0.7353 0.7353
v -15.924057 -478.589752 -18.086050 0.7353 0.7353 0.7353
v 0.075919 -478.583801 -18.112743 0.7353 0.7353 0.7353
v 16.075895 -478.577850 -18.139437 0.7353 0.7353 0.7353
v 32.075874 -478.571930 -18.166128 0.7353 0.7353 0.7353
v -31.926300 -460.142181 -14.331637 0.7353 0.7353 0.7353
v -15.926323 -460.133453 -14.357786 0.7353 0.7353 0.7353
v 0.073653 -460.124756 -14.383935 0.7353 0.7353 0.7353
v 16.073629 -460.116058 -14.410084 0.7353 0.7353 0.7353
v 32.073605 -460.107330 -14.436233 0.7353 0.7353 0.7353
v -31.932318 -441.679321 -10.793339 0.7353 0.7353 0.7353
v -15.932343 -441.667664 -10.818969 0.7353 0.7353 0.7353
v 0.067632 -441.656036 -10.844599 0.7353 0.7353 0.7353
v 16.067608 -441.644409 -10.870229 0.7353 0.7353 0.7353
v 32.067581 -441.632751 -10.895859 0.7353 0.7353 0.7353
v -31.942293 -423.088348 -7.561587 0.7353 0.7353 0.7353
v -15.942319 -423.074097 -7.586863 0.7353 0.7353 0.7353
v 0.057655 -423.059845 -7.612138 0.7353 0.7353 0.7353
v 16.057629 -423.045593 -7.637413 0.7353 0.7353 0.7353
v 32.057602 -423.031342 -7.662688 0.7353 0.7353 0.7353
v -31.955774 -404.160980 -4.795595 0.7353 0.7353 0.7353
v -15.955801 -404.145355 -4.820877 0.7353 0.7353 0.7353
v 0.044171 -404.129761 -4.846159 0.7353 0.7353 0.7353
v 16.044144 -404.114166 -4.871442 0.7353 0.7353 0.7353
v 32.044117 -404.098541 -4.896724 0.7353 0.7353 0.7353
v -31.971094 -384.632507 -2.666381 0.7353 0.7353 0.7353
v -15.971122 -384.617920 -2.692130 0.7353 0.7353 0.7353
v 0.028851 -384.603302 -2.717879 0.7353 0.7353 0.7353
v 16.028824 -384.588684 -2.743628 0.7353 0.7353 0.7353
v 32.028797 -384.574097 -2.769377 0.7353 0.7353 0.7353
v -31.985302 -364.351410 -1.268889 0.7353 0.7353 0.7353
v -15.985329 -364.340332 -1.295380 0.7353 0.7353 0.7353
v 0.014646 -364.329254 -1.321871 0.7353 0.7353 0.7353
v 16.014620 -364.318176 -1.348362 0.7353 0.7353 0.7353
v 32.014595 -364.307098 -1.374852 0.7353 0.7353 0.7353
v -31.995441 -343.459595 -0.535520 0.7353 0.7353 0.7353
v -15.995466 -343.453339 -0.562725 0.7353 0.7353 0.7353
v 0.004510 -343.447052 -0.589930 0.7353 0.7353 0.7353
v 16.004486 -343.440765 -0.617135 0.7353 0.7353 0.7353
v 32.004459 -343.434509 -0.644341 0.7353 0.7353 0.7353
v -32.000134 -322.275665 -0.274965 0.7353 0.7353 0.7353
v -16.000156 -322.274078 -0.302724 0.7353 0.7353 0.7353
v -0.000181 -322.272491 -0.330483 0.7353 0.7353 0.7353
v 15.999795 -322.270905 -0.358241 0.7353 0.7353 0.7353
v 31.999771 -322.269318 -0.386001 0.7353 0.7353 0.7353
v -32.000504 -300.007355 -0.258424 0.7353 0.7353 0.7353
v -16.000525 -300.007355 -0.285040 0.7353 0.7353 0.7353
v -0.000548 -300.007355 -0.311655 0.7353 0.7353 0.7353
v 15.999431 -300.007355 -0.338270 0.7353 0.7353 0.7353
v 31.999409 -300.007355 -0.364886 0.7353 0.7353 0.7353
v -32.000511 -278.951538 -0.252643 0.7353 0.7353 0.7353
v -16.000528 -278.951508 -0.277338 0.7353 0.7353 0.7353
v -0.000548 -278.951508 -0.302033 0.7353 0.7353 0.7353
v 15.999434 -278.951508 -0.326727 0.7353 0.7353 0.7353
v 31.999414 -278.951477 -0.351422 0.7353 0.7353 0.7353
v -32.000515 -258.809906 -0.240907 0.7353 0.7353 0.7353
v -16.000530 -258.809906 -0.263792 0.7353 0.7353 0.7353
v -0.000548 -258.809875 -0.286677 0.7353 0.7353 0.7353
v 15.999436 -258.809845 -0.309561 0.7353 0.7353 0.7353
v 31.999420 -258.809845 -0.332446 0.7353 0.7353 0.7353
v -32.000519 -238.694153 -0.224354 0.7353 0.7353 0.7353
v -16.000534 -238.694138 -0.245452 0.7353 0.7353 0.7353
v -0.000548 -238.694107 -0.266550 0.7353 0.7353 0.7353
v 15.999438 -238.694077 -0.287648 0.7353 0.7353 0.7353
v 31.999424 -238.694061 -0.308746 0.7353 0.7353 0.7353
v -32.000523 -218.602493 -0.204086 0.7353 0.7353 0.7353
v -16.000536 -218.602478 -0.223413 0.7353 0.7353 0.7353
v -0.000548 -218.602448 -0.242740 0.7353 0.7353 0.7353
v 15.999441 -218.602417 -0.262067 0.7353 0.7353 0.7353
v 31.999430 -218.602402 -0.281394 0.7353 0.7353 0.7353
v -32.000526 -198.533371 -0.181094 0.7353 0.7353 0.7353
v -16.000538 -198.533356 -0.198666 0.7353 0.7353 0.7353
v -0.000548 -198.533325 -0.216238 0.7353 0.7353 0.7353
v 15.999443 -198.533295 -0.233810 0.7353 0.7353 0.7353
v 31.999434 -198.533279 -0.251382 0.7353 0.7353 0.7353
v -32.000530 -178.485840 -0.156325 0.7353 0.7353 0.7353
v -16.000540 -178.485825 -0.172147 0.7353 0.7353 0.7353
v -0.000548 -178.485794 -0.187970 0.7353 0.7353 0.7353
v 15.999445 -178.485764 -0.203793 0.7353 0.7353 0.7353
v 31.999437 -178.485748 -0.219616 0.7353 0.7353 0.7353
v -32.000534 -158.459412 -0.130656 0.7353 0.7353 0.7353
v -16.000542 -158.459381 -0.144737 0.7353 0.7353 0.7353
v -0.000548 -158.459366 -0.158818 0.7353 0.7353 0.7353
v 15.999446 -158.459351 -0.172899 0.7353 0.7353 0.7353
v 31.999439 -158.459320 -0.186980 0.7353 0.7353 0.7353
v -32.000538 -138.453445 -0.104952 0.7353 0.7353 0.7353
v -16.000544 -138.453430 -0.117295 0.7353 0.7353 0.7353
v -0.000548 -138.453415 -0.129638 0.7353 0.7353 0.7353
v 15.999448 -138.453400 -0.141981 0.7353 0.7353 0.7353
v 31.999443 -138.453384 -0.154324 0.7353 0.7353 0.7353
v -32.000542 -118.468376 -0.080079 0.7353 0.7353 0.7353
v -16.000544 -118.468361 -0.090680 0.7353 0.7353 0.7353
v -0.000548 -118.468346 -0.101281 0.7353 0.7353 0.7353
v 15.999449 -118.468330 -0.111883 0.7353 0.7353 0.7353
v 31.999445 -118.468315 -0.122484 0.7353 0.7353 0.7353
v -32.000542 -98.503952 -0.056896 0.7353 0.7353 0.7353
v -16.000546 -98.503944 -0.065753 0.7353 0.7353 0.7353
v -0.000548 -98.503929 -0.074610 0.7353 0.7353 0.7353
v 15.999450 -98.503914 -0.083466 0.7353 0.7353 0.7353
v 31.999447 -98.503906 -0.092323 0.7353 0.7353 0.7353
v -32.000546 -78.561310 -0.036317 0.7353 0.7353 0.7353
v -16.000546 -78.561302 -0.043417 0.7353 0.7353 0.7353
v -0.000548 -78.561295 -0.050516 0.7353 0.7353 0.7353
v 15.999451 -78.561287 -0.057616 0.7353 0.7353 0.7353
v 31.999449 -78.561279 -0.064716 0.7353 0.7353 0.7353
v -32.000546 -58.640991 -0.019280 0.7353 0.7353 0.7353
v -16.000547 -58.640984 -0.024611 0.7353 0.7353 0.7353
v -0.000548 -58.640980 -0.029943 0.7353 0.7353 0.7353
v 15.999452 -58.640976 -0.035274 0.7353 0.7353 0.7353
v 31.999451 -58.640968 -0.040605 0.7353 0.7353 0.7353
v -32.000546 -38.744221 -0.006805 0.7353 0.7353 0.7353
v -16.000547 -38.744221 -0.010354 0.7353 0.7353 0.7353
v -0.000548 -38.744217 -0.013902 0.7353 0.7353 0.7353
v 15.999452 -38.744213 -0.017451 0.7353 0.7353 0.7353
v 31.999453 -38.744213 -0.021000 0.7353 0.7353 0.7353
v -32.000546 -18.873110 -0.000028 0.7353 0.7353 0.7353
v -16.000547 -18.873108 -0.001769 0.7353 0.7353 0.7353
v -0.000548 -18.873108 -0.003510 0.7353 0.7353 0.7353
v 15.999453 -18.873108 -0.005251 0.7353 0.7353 0.7353
v 31.999453 -18.873106 -0.006991 0.7353 0.7353 0.7353
v -32.000549 0.000000 0.000002 0.7353 0.7353 0.7353
v -16.000547 0.000000 0.000001 0.7353 0.7353 0.7353
v -0.000548 0.000000 0.000000 0.7353 0.7353 0.7353
v 15.999453 0.000000 -0.000001 0.7353 0.7353 0.7353
v 31.999453 0.000000 -0.000002 0.7353 0.7353 0.7353
v -32.000000 -1695.999878 -272.095276 0.9063 0.9063 0.9063
v -31.999998 -1695.908569 -265.345886 0.9063 0.9063 0.9063
v -32.000065 -1675.920288 -272.239197 0.9063 0.9063 0.9063
v -32.017433 -1675.969116 -265.489410 0.9063 0.9063 0.9063
v -31.999006 -1655.830078 -272.137054 0.9063 0.9063 0.9063
v -32.067566 -1656.011597 -265.389862 0.9063 0.9063 0.9063
v -31.993296 -1635.729004 -271.803619 0.9063 0.9063 0.9063
v -32.145428 -1636.036011 -265.062317 0.9063 0.9063 0.9063
v -31.977461 -1615.617676 -271.252228 0.9063 0.9063 0.9063
v -32.244110 -1616.042847 -264.520905 0.9063 0.9063 0.9063
v -31.944418 -1595.495850 -270.496429 0.9063 0.9063 0.9063
v -32.355000 -1596.031738 -263.780273 0.9063 0.9063 0.9063
v -31.885773 -1575.364136 -269.548676 0.9063 0.9063 0.9063
v -32.468124 -1576.003052 -262.854279 0.9063 0.9063 0.9063
v -31.792116 -1555.223755 -268.420532 0.9063 0.9063 0.9063
v -32.572433 -1555.957764 -261.756104 0.9063 0.9063 0.9063
v -31.653322 -1535.075317 -267.122650 0.9063 0.9063 0.9063
v -32.656025 -1535.896362 -260.498230 0.9063 0.9063 0.9063
v -31.458792 -1514.920166 -265.664429 0.9063 0.9063 0.9063
v -32.706417 -1515.819702 -259.092010 0.9063 0.9063 0.9063
v -31.197710 -1494.760132 -264.053925 0.9063 0.9063 0.9063
v -32.710785 -1495.729126 -257.547455 0.9063 0.9063 0.9063
v -30.859301 -1474.597168 -262.297943 0.9063 0.9063 0.9063
v -32.656170 -1475.626465 -255.873413 0.9063 0.9063 0.9063
v -30.433062 -1454.433472 -260.401917 0.9063 0.9063 0.9063
v -32.529709 -1455.513062 -254.077286 0.9063 0.9063 0.9063
v -29.908926 -1434.271729 -258.369598 0.9063 0.9063 0.9063
v -32.318832 -1435.391357 -252.164658 0.9063 0.9063 0.9063
v -29.277515 -1414.114624 -256.203339 0.9063 0.9063 0.9063
v -32.011475 -1415.263550 -250.139679 0.9063 0.9063 0.9063
v -28.530350 -1393.965210 -253.904129 0.9063 0.9063 0.9063
v -31.596277 -1395.132324 -248.004944 0.9063 0.9063 0.9063
v -27.660015 -1373.827271 -251.471756 0.9063 0.9063 0.9063
v -31.062782 -1375.000977 -245.761581 0.9063 0.9063 0.9063
v -26.660269 -1353.704956 -248.904266 0.9063 0.9063 0.9063
v -30.401575 -1354.873413 -243.408829 0.9063 0.9063 0.9063
v -25.526232 -1333.601807 -246.198746 0.9063 0.9063 0.9063
v -29.604467 -1334.753174 -240.944702 0.9063 0.9063 0.9063
v -24.254570 -1313.522583 -243.351212 0.9063 0.9063 0.9063
v -28.664694 -1314.644653 -238.365799 0.9063 0.9063 0.9063
v -22.843552 -1293.471069 -240.356628 0.9063 0.9063 0.9063
v -27.577011 -1294.551880 -235.667419 0.9063 0.9063 0.9063
v -21.293184 -1273.452271 -237.209381 0.9063 0.9063 0.9063
v -26.337870 -1274.479736 -232.843857 0.9063 0.9063 0.9063
v -19.605234 -1253.470459 -233.903046 0.9063 0.9063 0.9063
v -24.945457 -1254.433105 -229.888351 0.9063 0.9063 0.9063
v -17.783258 -1233.529785 -230.430847 0.9063 0.9063 0.9063
v -23.399794 -1234.416382 -226.793396 0.9063 0.9063 0.9063
v -15.832664 -1213.635010 -226.785767 0.9063 0.9063 0.9063
v -21.702801 -1214.434814 -223.550903 0.9063 0.9063 0.9063
v -13.760763 -1193.789551 -222.960754 0.9063 0.9063 0.9063
v -19.858406 -1194.492554 -220.152374 0.9063 0.9063 0.9063
v -11.576583 -1173.997681 -218.949112 0.9063 0.9063 0.9063
v -17.872400 -1174.594849 -216.589325 0.9063 0.9063 0.9063
v -9.291652 -1154.262817 -214.744186 0.9063 0.9063 0.9063
v -15.753221 -1154.745728 -212.852798 0.9063 0.9063 0.9063
v -6.923960 -1134.587646 -210.339111 0.9063 0.9063 0.9063
v -13.515813 -1134.949585 -208.932358 0.9063 0.9063 0.9063
v -4.496333 -1114.974976 -205.729095 0.9063 0.9063 0.9063
v -11.180494 -1115.210693 -204.818665 0.9063 0.9063 0.9063
v -2.031668 -1095.425903 -200.913086 0.9063 0.9063 0.9063
v -8.768552 -1095.531738 -200.506042 0.9063 0.9063 0.9063
v 0.447622 -1075.940186 -195.893158 0.9063 0.9063 0.9063
v -6.301601 -1075.914185 -195.992157 0.9063 0.9063 0.9063
v 2.919762 -1056.516357 -190.674606 0.9063 0.9063 0.9063
v -3.801357 -1056.358154 -191.277939 0.9063 0.9063 0.9063
v 5.364062 -1037.152466 -185.265213 0.9063 0.9063 0.9063
v -1.289112 -1036.863037 -186.367050 0.9063 0.9063 0.9063
v 7.761013 -1017.845215 -179.675339 0.9063 0.9063 0.9063
v 1.214431 -1017.427307 -181.265961 0.9063 0.9063 0.9063
v 10.092687 -998.590698 -173.917099 0.9063 0.9063 0.9063
v 3.689639 -998.047974 -175.983231 0.9063 0.9063 0.9063
v 12.342749 -979.384399 -168.004715 0.9063 0.9063 0.9063
v 6.118009 -978.721924 -170.529831 0.9063 0.9063 0.9063
v 14.496787 -960.221130 -161.953613 0.9063 0.9063 0.9063
v 8.482588 -959.444885 -164.918304 0.9063 0.9063 0.9063
v 16.542273 -941.095215 -155.780670 0.9063 0.9063 0.9063
v 10.767983 -940.212219 -159.163025 0.9063 0.9063 0.9063
v 18.468712 -922.000977 -149.503571 0.9063 0.9063 0.9063
v 12.960581 -921.018738 -153.279556 0.9063 0.9063 0.9063
v 20.267649 -902.932068 -143.140778 0.9063 0.9063 0.9063
v 15.048603 -901.858765 -147.284698 0.9063 0.9063 0.9063
v 21.932716 -883.882446 -136.711197 0.9063 0.9063 0.9063
v 17.022224 -882.726746 -141.196045 0.9063 0.9063 0.9063
v 23.459568 -864.845764 -130.234024 0.9063 0.9063 0.9063
v 18.873549 -863.616516 -135.031906 0.9063 0.9063 0.9063
v 24.845829 -845.815979 -123.728523 0.9063 0.9063 0.9063
v 20.596596 -844.522095 -128.811081 0.9063 0.9063 0.9063
v 26.091047 -826.786987 -117.213921 0.9063 0.9063 0.9063
v 22.187304 -825.437500 -122.552658 0.9063 0.9063 0.9063
v 27.196623 -807.753052 -110.709160 0.9063 0.9063 0.9063
v 23.643492 -806.356750 -116.275848 0.9063 0.9063 0.9063
v 28.165663 -788.708496 -104.232826 0.9063 0.9063 0.9063
v 24.964735 -787.273865 -109.999840 0.9063 0.9063 0.9063
v 29.002871 -769.648254 -97.803223 0.9063 0.9063 0.9063
v 26.152273 -768.183533 -103.743866 0.9063 0.9063 0.9063
v 29.714457 -750.567261 -91.438095 0.9063 0.9063 0.9063
v 27.208939 -749.080261 -97.526894 0.9063 0.9063 0.9063
v 30.307978 -731.460999 -85.154716 0.9063 0.9063 0.9063
v 28.138996 -729.958801 -91.367714 0.9063 0.9063 0.9063
v 30.792166 -712.325073 -78.970131 0.9063 0.9063 0.9063
v 28.947939 -710.814331 -85.285110 0.9063 0.9063 0.9063
v 31.176796 -693.155273 -72.901268 0.9063 0.9063 0.9063
v 29.642311 -691.641968 -79.297958 0.9063 0.9063 0.9063
v 31.472622 -673.948181 -66.964890 0.9063 0.9063 0.9063
v 30.229675 -672.437622 -73.425201 0.9063 0.9063 0.9063
v 31.691170 -654.700317 -61.177799 0.9063 0.9063 0.9063
v 30.718328 -653.197083 -67.685966 0.9063 0.9063 0.9063
v 31.844551 -635.407898 -55.557251 0.9063 0.9063 0.9063
v 31.117033 -633.915833 -62.099949 0.9063 0.9063 0.9063
v 31.945242 -616.067993 -50.121719 0.9063 0.9063 0.9063
v 31.434673 -614.590271 -56.688160 0.9063 0.9063 0.9063
v 32.005798 -596.677002 -44.891197 0.9063 0.9063 0.9063
v 31.679865 -595.216125 -51.473141 0.9063 0.9063 0.9063
v 32.038452 -577.231628 -39.888206 0.9063 0.9063 0.9063
v 31.860355 -575.789368 -46.479916 0.9063 0.9063 0.9063
v 32.054451 -557.726807 -35.141354 0.9063 0.9063 0.9063
v 31.981600 -556.304443 -41.739384 0.9063 0.9063 0.9063
v 32.062988 -538.700195 -30.822292 0.9063 0.9063 0.9063
v 32.041782 -537.300354 -37.425507 0.9063 0.9063 0.9063
v 32.070457 -517.251953 -26.244305 0.9063 0.9063 0.9063
v 32.058929 -515.860474 -32.849312 0.9063 0.9063 0.9063
v 32.074818 -497.083374 -22.007359 0.9063 0.9063 0.9063
v 32.063286 -495.701538 -28.614393 0.9063 0.9063 0.9063
v 32.075874 -478.571930 -18.166128 0.9063 0.9063 0.9063
v 32.064339 -477.213959 -24.778105 0.9063 0.9063 0.9063
v 32.073605 -460.107330 -14.436233 0.9063 0.9063 0.9063
v 32.062069 -458.797394 -21.057892 0.9063 0.9063 0.9063
v 32.067581 -441.632751 -10.895859 0.9063 0.9063 0.9063
v 32.056061 -440.409851 -17.534145 0.9063 0.9063 0.9063
v 32.057602 -423.031342 -7.662688 0.9063 0.9063 0.9063
v 32.046116 -421.953339 -14.326041 0.9063 0.9063 0.9063
v 32.044117 -404.098541 -4.896724 0.9063 0.9063 0.9063
v 32.032696 -403.235596 -11.591324 0.9063 0.9063 0.9063
v 32.028797 -384.574097 -2.769377 0.9063 0.9063 0.9063
v 32.017433 -383.977386 -9.492940 0.9063 0.9063 0.9063
v 32.014595 -364.307098 -1.374852 0.9063 0.9063 0.9063
v 32.003197 -363.967712 -8.116303 0.9063 0.9063 0.9063
v 32.004459 -343.434509 -0.644341 0.9063 0.9063 0.9063
v 31.992929 -343.287292 -7.392723 0.9063 0.9063 0.9063
v 31.999771 -322.269318 -0.386001 0.9063 0.9063 0.9063
v 31.988056 -322.239990 -7.135925 0.9063 0.9063 0.9063
v 31.999409 -300.007355 -0.364886 0.9063 0.9063 0.9063
v 31.988180 -300.005463 -7.114875 0.9063 0.9063 0.9063
v 31.999414 -278.951477 -0.351422 0.9063 0.9063 0.9063
v 31.988997 -278.947266 -7.101411 0.9063 0.9063 0.9063
v 31.999420 -258.809845 -0.332446 0.9063 0.9063 0.9063
v 31.989765 -258.803833 -7.082435 0.9063 0.9063 0.9063
v 31.999424 -238.694061 -0.308746 0.9063 0.9063 0.9063
v 31.990524 -238.686630 -7.058734 0.9063 0.9063 0.9063
v 31.999430 -218.602402 -0.281394 0.9063 0.9063 0.9063
v 31.991276 -218.593887 -7.031382 0.9063 0.9063 0.9063
v 31.999434 -198.533279 -0.251382 0.9063 0.9063 0.9063
v 31.992020 -198.524017 -7.001370 0.9063 0.9063 0.9063
v 31.999437 -178.485748 -0.219616 0.9063 0.9063 0.9063
v 31.992762 -178.476028 -6.969604 0.9063 0.9063 0.9063
v 31.999439 -158.459320 -0.186980 0.9063 0.9063 0.9063
v 31.993500 -158.449448 -6.936969 0.9063 0.9063 0.9063
v 31.999443 -138.453384 -0.154324 0.9063 0.9063 0.9063
v 31.994236 -138.443619 -6.904314 0.9063 0.9063 0.9063
v 31.999445 -118.468315 -0.122484 0.9063 0.9063 0.9063
v 31.994972 -118.458969 -6.872474 0.9063 0.9063 0.9063
v 31.999447 -98.503906 -0.092323 0.9063 0.9063 0.9063
v 31.995710 -98.495270 -6.842315 0.9063 0.9063 0.9063
v 31.999449 -78.561279 -0.064716 0.9063 0.9063 0.9063
v 31.996454 -78.553658 -6.814710 0.9063 0.9063 0.9063
v 31.999451 -58.640968 -0.040605 0.9063 0.9063 0.9063
v 31.997202 -58.634701 -6.790601 0.9063 0.9063 0.9063
v 31.999453 -38.744213 -0.021000 0.9063 0.9063 0.9063
v 31.997955 -38.739658 -6.770996 0.9063 0.9063 0.9063
v 31.999453 -18.873106 -0.006991 0.9063 0.9063 0.9063
v 31.998718 -18.870670 -6.756989 0.9063 0.9063 0.9063
v 31.999453 0.000000 -0.000002 0.9063 0.9063 0.9063
v 31.999453 0.000000 -6.750000 0.9063 0.9063 0.9063
v 32.000000 -1695.999878 -272.095276 0.9063 0.9063 0.9063
v 32.000000 -1695.908569 -265.345886 0.9063 0.9063 0.9063
v 31.999723 -1675.920532 -272.074524 0.9063 0.9063 0.9063
v 31.982357 -1675.969238 -265.324707 0.9063 0.9063 0.9063
v 31.997694 -1655.845459 -271.487213 0.9063 0.9063 0.9063
v 31.929134 -1656.027100 -264.739990 0.9063 0.9063 0.9063
v 31.990448 -1635.791748 -270.362518 0.9063 0.9063 0.9063
v 31.838314 -1636.098877 -263.621246 0.9063 0.9063 0.9063
v 31.972582 -1615.773438 -268.728790 0.9063 0.9063 0.9063
v 31.705933 -1616.198730 -261.997498 0.9063 0.9063 0.9063
v 31.937075 -1595.801270 -266.615509 0.9063 0.9063 0.9063
v 31.526493 -1596.337158 -259.899353 0.9063 0.9063 0.9063
v 31.875597 -1575.883911 -264.051666 0.9063 0.9063 0.9063
v 31.293245 -1576.522827 -257.357239 0.9063 0.9063 0.9063
v 31.778797 -1556.028442 -261.065857 0.9063 0.9063 0.9063
v 30.998480 -1556.762451 -254.401413 0.9063 0.9063 0.9063
v 31.636606 -1536.239136 -257.687042 0.9063 0.9063 0.9063
v 30.633905 -1537.060059 -251.062622 0.9063 0.9063 0.9063
v 31.438480 -1516.518311 -253.943542 0.9063 0.9063 0.9063
v 30.190855 -1517.417725 -247.371109 0.9063 0.9063 0.9063
v 31.173649 -1496.867310 -249.863312 0.9063 0.9063 0.9063
v 29.660572 -1497.836304 -243.356842 0.9063 0.9063 0.9063
v 30.831388 -1477.285889 -245.474426 0.9063 0.9063 0.9063
v 29.034519 -1478.315063 -239.049911 0.9063 0.9063 0.9063
v 30.401241 -1457.771851 -240.804916 0.9063 0.9063 0.9063
v 28.304594 -1458.851440 -234.480270 0.9063 0.9063 0.9063
v 29.873178 -1438.322510 -235.882019 0.9063 0.9063 0.9063
v 27.463270 -1439.442139 -229.677078 0.9063 0.9063 0.9063
v 29.237865 -1418.933716 -230.733215 0.9063 0.9063 0.9063
v 26.503904 -1420.082642 -224.669571 0.9063 0.9063 0.9063
v 28.486853 -1399.600220 -225.385971 0.9063 0.9063 0.9063
v 25.420925 -1400.767212 -219.486771 0.9063 0.9063 0.9063
v 27.612764 -1380.316284 -219.867752 0.9063 0.9063 0.9063
v 24.209997 -1381.489990 -214.157578 0.9063 0.9063 0.9063
v 26.609390 -1361.076050 -214.205414 0.9063 0.9063 0.9063
v 22.868084 -1362.244629 -208.709991 0.9063 0.9063 0.9063
v 25.471880 -1341.872314 -208.425827 0.9063 0.9063 0.9063
v 21.393644 -1343.023560 -203.171799 0.9063 0.9063 0.9063
v 24.196924 -1322.697632 -202.555740 0.9063 0.9063 0.9063
v 19.786802 -1323.819824 -197.570343 0.9063 0.9063 0.9063
v 22.782820 -1303.544312 -196.621490 0.9063 0.9063 0.9063
v 18.049360 -1304.625122 -191.932266 0.9063 0.9063 0.9063
v 21.229597 -1284.404663 -190.649139 0.9063 0.9063 0.9063
v 16.184914 -1285.432251 -186.283615 0.9063 0.9063 0.9063
v 19.539045 -1265.270752 -184.664032 0.9063 0.9063 0.9063
v 14.198820 -1266.233398 -180.649353 0.9063 0.9063 0.9063
v 17.714743 -1246.134277 -178.690918 0.9063 0.9063 0.9063
v 12.098206 -1247.020874 -175.053482 0.9063 0.9063 0.9063
v 15.762114 -1226.988037 -172.753693 0.9063 0.9063 0.9063
v 9.891976 -1227.787964 -169.518845 0.9063 0.9063 0.9063
v 13.688491 -1207.824219 -166.875397 0.9063 0.9063 0.9063
v 7.590849 -1208.527222 -164.067032 0.9063 0.9063 0.9063
v 11.502916 -1188.635864 -161.078049 0.9063 0.9063 0.9063
v 5.207098 -1189.233032 -158.718262 0.9063 0.9063 0.9063
v 9.216934 -1169.416382 -155.382584 0.9063 0.9063 0.9063
v 2.755365 -1169.899414 -153.491196 0.9063 0.9063 0.9063
v 6.848551 -1150.158936 -149.809326 0.9063 0.9063 0.9063
v 0.256698 -1150.520874 -148.402588 0.9063 0.9063 0.9063
v 4.420603 -1130.858276 -144.375946 0.9063 0.9063 0.9063
v -2.263559 -1131.093994 -143.465500 0.9063 0.9063 0.9063
v 1.956003 -1111.510376 -139.095703 0.9063 0.9063 0.9063
v -4.780881 -1111.616211 -138.688675 0.9063 0.9063 0.9063
v -0.522827 -1092.112305 -133.977722 0.9063 0.9063 0.9063
v -7.272049 -1092.086304 -134.076736 0.9063 0.9063 0.9063
v -2.994101 -1072.662354 -129.027756 0.9063 0.9063 0.9063
v -9.715220 -1072.504150 -129.631088 0.9063 0.9063 0.9063
v -5.437117 -1053.160034 -124.248093 0.9063 0.9063 0.9063
v -12.090292 -1052.870728 -125.349922 0.9063 0.9063 0.9063
v -7.832357 -1033.606201 -119.638359 0.9063 0.9063 0.9063
v -14.378939 -1033.188232 -121.228981 0.9063 0.9063 0.9063
v -10.161885 -1014.001953 -115.195335 0.9063 0.9063 0.9063
v -16.564934 -1013.459290 -117.261475 0.9063 0.9063 0.9063
v -12.409359 -994.349854 -110.913834 0.9063 0.9063 0.9063
v -18.634098 -993.687378 -113.438957 0.9063 0.9063 0.9063
v -14.560358 -974.652649 -106.786476 0.9063 0.9063 0.9063
v -20.574556 -973.876465 -109.751167 0.9063 0.9063 0.9063
v -16.602348 -954.913940 -102.804466 0.9063 0.9063 0.9063
v -22.376637 -954.030884 -106.186821 0.9063 0.9063 0.9063
v -18.524828 -935.137573 -98.957466 0.9063 0.9063 0.9063
v -24.032959 -934.155334 -102.733459 0.9063 0.9063 0.9063
v -20.319336 -915.327698 -95.234154 0.9063 0.9063 0.9063
v -25.538382 -914.254456 -99.378075 0.9063 0.9063 0.9063
v -21.979498 -895.489014 -91.622345 0.9063 0.9063 0.9063
v -26.889990 -894.333313 -96.107201 0.9063 0.9063 0.9063
v -23.500965 -875.625916 -88.109245 0.9063 0.9063 0.9063
v -28.086985 -874.396667 -92.907143 0.9063 0.9063 0.9063
v -24.881359 -855.743103 -84.681648 0.9063 0.9063 0.9063
v -29.130592 -854.449280 -89.764214 0.9063 0.9063 0.9063
v -26.120220 -835.845215 -81.326149 0.9063 0.9063 0.9063
v -30.023964 -834.495728 -86.664886 0.9063 0.9063 0.9063
v -27.218946 -815.936646 -78.029274 0.9063 0.9063 0.9063
v -30.772078 -814.540344 -83.595963 0.9063 0.9063 0.9063
v -28.180639 -796.021606 -74.777565 0.9063 0.9063 0.9063
v -31.381567 -794.587036 -80.544579 0.9063 0.9063 0.9063
v -29.010004 -776.104553 -71.557785 0.9063 0.9063 0.9063
v -31.860600 -774.639832 -77.498428 0.9063 0.9063 0.9063
v -29.713245 -756.189209 -68.356873 0.9063 0.9063 0.9063
v -32.218761 -754.702148 -74.445679 0.9063 0.9063 0.9063
v -30.297918 -736.279236 -65.161949 0.9063 0.9063 0.9063
v -32.466896 -734.776978 -71.374954 0.9063 0.9063 0.9063
v -30.772753 -716.378052 -61.960293 0.9063 0.9063 0.9063
v -32.616982 -714.867310 -68.275269 0.9063 0.9063 0.9063
v -31.147520 -696.488770 -58.739071 0.9063 0.9063 0.9063
v -32.682007 -694.975403 -65.135765 0.9063 0.9063 0.9063
v -31.432974 -676.614685 -55.485516 0.9063 0.9063 0.9063
v -32.675922 -675.104065 -61.945831 0.9063 0.9063 0.9063
v -31.640638 -656.758789 -52.186413 0.9063 0.9063 0.9063
v -32.613480 -655.255493 -58.694584 0.9063 0.9063 0.9063
v -31.782627 -636.923401 -48.827805 0.9063 0.9063 0.9063
v -32.510147 -635.431335 -55.370502 0.9063 0.9063 0.9063
v -31.871408 -617.111816 -45.394615 0.9063 0.9063 0.9063
v -32.381977 -615.634094 -51.961056 0.9063 0.9063 0.9063
v -31.919544 -597.326904 -41.869888 0.9063 0.9063 0.9063
v -32.245480 -595.865967 -48.451836 0.9063 0.9063 0.9063
v -31.939264 -577.572083 -38.234123 0.9063 0.9063 0.9063
v -32.117359 -576.129761 -44.825832 0.9063 0.9063 0.9063
v -31.941816 -557.851074 -34.461529 0.9063 0.9063 0.9063
v -32.014668 -556.428711 -41.059559 0.9063 0.9063 0.9063
v -31.936691 -538.718750 -30.620689 0.9063 0.9063 0.9063
v -31.957897 -537.318909 -37.223904 0.9063 0.9063 0.9063
v -31.929447 -517.256714 -26.133598 0.9063 0.9063 0.9063
v -31.940977 -515.865234 -32.738605 0.9063 0.9063 0.9063
v -31.925087 -497.097290 -21.898571 0.9063 0.9063 0.9063
v -31.936619 -495.715454 -28.505604 0.9063 0.9063 0.9063
v -31.924034 -478.595673 -18.059359 0.9063 0.9063 0.9063
v -31.935568 -477.237701 -24.671335 0.9063 0.9063 0.9063
v -31.926300 -460.142181 -14.331637 0.9063 0.9063 0.9063
v -31.937834 -458.832214 -20.953297 0.9063 0.9063 0.9063
v -31.932318 -441.679321 -10.793339 0.9063 0.9063 0.9063
v -31.943842 -440.456421 -17.431625 0.9063 0.9063 0.9063
v -31.942293 -423.088348 -7.561587 0.9063 0.9063 0.9063
v -31.953779 -422.010345 -14.224940 0.9063 0.9063 0.9063
v -31.955774 -404.160980 -4.795595 0.9063 0.9063 0.9063
v -31.967194 -403.298035 -11.490195 0.9063 0.9063 0.9063
v -31.971094 -384.632507 -2.666381 0.9063 0.9063 0.9063
v -31.982458 -384.035828 -9.389945 0.9063 0.9063 0.9063
v -31.985302 -364.351410 -1.268889 0.9063 0.9063 0.9063
v -31.996698 -364.012024 -8.010341 0.9063 0.9063 0.9063
v -31.995441 -343.459595 -0.535520 0.9063 0.9063 0.9063
v -32.006973 -343.312378 -7.283902 0.9063 0.9063 0.9063
v -32.000134 -322.275665 -0.274965 0.9063 0.9063 0.9063
v -32.011845 -322.246338 -7.024889 0.9063 0.9063 0.9063
v -32.000504 -300.007355 -0.258424 0.9063 0.9063 0.9063
v -32.011730 -300.005493 -7.008413 0.9063 0.9063 0.9063
v -32.000511 -278.951538 -0.252643 0.9063 0.9063 0.9063
v -32.010929 -278.947327 -7.002633 0.9063 0.9063 0.9063
v -32.000515 -258.809906 -0.240907 0.9063 0.9063 0.9063
v -32.010170 -258.803894 -6.990896 0.9063 0.9063 0.9063
v -32.000519 -238.694153 -0.224354 0.9063 0.9063 0.9063
v -32.009418 -238.686722 -6.974343 0.9063 0.9063 0.9063
v -32.000523 -218.602493 -0.204086 0.9063 0.9063 0.9063
v -32.008678 -218.593994 -6.954074 0.9063 0.9063 0.9063
v -32.000526 -198.533371 -0.181094 0.9063 0.9063 0.9063
v -32.007942 -198.524109 -6.931082 0.9063 0.9063 0.9063
v -32.000530 -178.485840 -0.156325 0.9063 0.9063 0.9063
v -32.007206 -178.476120 -6.906313 0.9063 0.9063 0.9063
v -32.000534 -158.459412 -0.130656 0.9063 0.9063 0.9063
v -32.006477 -158.449524 -6.880645 0.9063 0.9063 0.9063
v -32.000538 -138.453445 -0.104952 0.9063 0.9063 0.9063
v -32.005745 -138.443695 -6.854941 0.9063 0.9063 0.9063
v -32.000542 -118.468376 -0.080079 0.9063 0.9063 0.9063
v -32.005013 -118.459030 -6.830069 0.9063 0.9063 0.9063
v -32.000542 -98.503952 -0.056896 0.9063 0.9063 0.9063
v -32.004280 -98.495316 -6.806888 0.9063 0.9063 0.9063
v -32.000546 -78.561310 -0.036317 0.9063 0.9063 0.9063
v -32.003540 -78.553696 -6.786310 0.9063 0.9063 0.9063
v -32.000546 -58.640991 -0.019280 0.9063 0.9063 0.9063
v -32.002796 -58.634724 -6.769275 0.9063 0.9063 0.9063
v -32.000546 -38.744221 -0.006805 0.9063 0.9063 0.9063
v -32.002045 -38.739670 -6.756802 0.9063 0.9063 0.9063
v -32.000546 -18.873110 -0.000028 0.9063 0.9063 0.9063
v -32.001282 -18.870672 -6.750026 0.9063 0.9063 0.9063
v -32.000549 0.000000 0.000002 0.9063 0.9063 0.9063
v -32.000549 0.000000 -6.749997 0.9063 0.9063 0.9063
vn -0.0000 0.0031 1.0000
vn -0.0026 -0.0157 0.9999
vn -0.0026 -0.0116 0.9999
vn -0.0000 0.0046 1.0000
vn -0.0026 -0.0075 1.0000
vn -0.0000 0.0060 1.0000
vn -0.0026 -0.0034 1.0000
vn -0.0000 0.0075 1.0000
vn -0.0026 0.0007 1.0000
vn -0.0000 0.0089 1.0000
vn -0.0102 -0.0428 0.9990
vn -0.0102 -0.0348 0.9993
vn -0.0101 -0.0268 0.9996
vn -0.0102 -0.0188 0.9998
vn -0.0102 -0.0108 0.9999
vn -0.0225 -0.0689 0.9974
vn -0.0225 -0.0572 0.9981
vn -0.0225 -0.0455 0.9987
vn -0.0225 -0.0337 0.9992
vn -0.0225 -0.0220 0.9995
vn -0.0395 -0.0936 0.9948
vn -0.0395 -0.0783 0.9961
vn -0.0395 -0.0631 0.9972
vn -0.0396 -0.0478 0.9981
vn -0.0395 -0.0325 0.9987
vn -0.0608 -0.1166 0.9913
vn -0.0608 -0.0980 0.9933
vn -0.0608 -0.0794 0.9950
vn -0.0608 -0.0608 0.9963
vn -0.0608 -0.0422 0.9973
vn -0.0862 -0.1379 0.9867
vn -0.0863 -0.1161 0.9895
vn -0.0864 -0.0943 0.9918
vn -0.0862 -0.0725 0.9936
vn -0.0862 -0.0507 0.9950
vn -0.1155 -0.1585 0.9806
vn -0.1155 -0.1337 0.9843
vn -0.1156 -0.1089 0.9873
vn -0.1156 -0.0840 0.9897
vn -0.1155 -0.0592 0.9915
vn -0.1483 -0.1770 0.9730
vn -0.1485 -0.1493 0.9776
vn -0.1485 -0.1216 0.9814
vn -0.1485 -0.0939 0.9844
vn -0.1483 -0.0663 0.9867
vn -0.1845 -0.1937 0.9636
vn -0.1847 -0.1635 0.9691
vn -0.1848 -0.1332 0.9737
vn -0.1847 -0.1028 0.9774
vn -0.1845 -0.0726 0.9801
vn -0.2237 -0.2091 0.9520
vn -0.2242 -0.1763 0.9585
vn -0.2243 -0.1434 0.9639
vn -0.2241 -0.1106 0.9683
vn -0.2237 -0.0777 0.9716
vn -0.2655 -0.2229 0.9380
vn -0.2661 -0.1878 0.9455
vn -0.2662 -0.1526 0.9518
vn -0.2660 -0.1173 0.9568
vn -0.2655 -0.0821 0.9606
vn -0.3097 -0.2346 0.9214
vn -0.3103 -0.1974 0.9299
vn -0.3106 -0.1599 0.9370
vn -0.3105 -0.1223 0.9427
vn -0.3097 -0.0849 0.9470
vn -0.3558 -0.2450 0.9019
vn -0.3567 -0.2056 0.9113
vn -0.3570 -0.1660 0.9192
vn -0.3569 -0.1263 0.9256
vn -0.3559 -0.0868 0.9305
vn -0.4036 -0.2529 0.8793
vn -0.4046 -0.2117 0.8896
vn -0.4051 -0.1701 0.8983
vn -0.4048 -0.1285 0.9053
vn -0.4036 -0.0871 0.9108
vn -0.4524 -0.2593 0.8533
vn -0.4537 -0.2163 0.8645
vn -0.4543 -0.1729 0.8739
vn -0.4536 -0.1295 0.8817
vn -0.4525 -0.0861 0.8876
vn -0.5019 -0.2640 0.8236
vn -0.5036 -0.2192 0.8357
vn -0.5041 -0.1741 0.8459
vn -0.5036 -0.1288 0.8543
vn -0.5020 -0.0837 0.8608
vn -0.5517 -0.2663 0.7904
vn -0.5536 -0.2200 0.8032
vn -0.5543 -0.1732 0.8141
vn -0.5536 -0.1263 0.8231
vn -0.5518 -0.0796 0.8302
vn -0.6012 -0.2665 0.7533
vn -0.6034 -0.2187 0.7669
vn -0.6043 -0.1704 0.7783
vn -0.6035 -0.1220 0.7880
vn -0.6013 -0.0738 0.7956
vn -0.6499 -0.2650 0.7123
vn -0.6525 -0.2159 0.7264
vn -0.6537 -0.1661 0.7383
vn -0.6526 -0.1163 0.7487
vn -0.6500 -0.0667 0.7570
vn -0.6974 -0.2618 0.6672
vn -0.7003 -0.2113 0.6819
vn -0.7013 -0.1601 0.6946
vn -0.7004 -0.1089 0.7054
vn -0.6975 -0.0579 0.7143
vn -0.7430 -0.2564 0.6182
vn -0.7462 -0.2047 0.6334
vn -0.7474 -0.1522 0.6467
vn -0.7466 -0.0995 0.6578
vn -0.7431 -0.0475 0.6675
vn -0.7863 -0.2489 0.5655
vn -0.7902 -0.1960 0.5807
vn -0.7914 -0.1425 0.5945
vn -0.7902 -0.0887 0.6064
vn -0.7864 -0.0355 0.6167
vn -0.8268 -0.2401 0.5087
vn -0.8307 -0.1861 0.5247
vn -0.8320 -0.1314 0.5389
vn -0.8307 -0.0766 0.5515
vn -0.8269 -0.0220 0.5619
vn -0.8639 -0.2291 0.4485
vn -0.8682 -0.1741 0.4646
vn -0.8697 -0.1184 0.4793
vn -0.8682 -0.0625 0.4922
vn -0.8640 -0.0071 0.5035
vn -0.8971 -0.2171 0.3848
vn -0.9019 -0.1608 0.4008
vn -0.9033 -0.1043 0.4161
vn -0.9018 -0.0473 0.4296
vn -0.8972 0.0092 0.4414
vn -0.9261 -0.2032 0.3179
vn -0.9310 -0.1462 0.3343
vn -0.9327 -0.0885 0.3496
vn -0.9312 -0.0305 0.3633
vn -0.9262 0.0267 0.3761
vn -0.9503 -0.1879 0.2483
vn -0.9555 -0.1301 0.2648
vn -0.9572 -0.0716 0.2803
vn -0.9555 -0.0129 0.2947
vn -0.9504 0.0452 0.3078
vn -0.9693 -0.1713 0.1765
vn -0.9748 -0.1127 0.1927
vn -0.9766 -0.0536 0.2083
vn -0.9748 0.0056 0.2231
vn -0.9694 0.0641 0.2371
vn -0.9828 -0.1532 0.1032
vn -0.9884 -0.0943 0.1191
vn -0.9903 -0.0349 0.1348
vn -0.9884 0.0246 0.1499
vn -0.9829 0.0834 0.1644
vn -0.9905 -0.1343 0.0289
vn -0.9962 -0.0753 0.0447
vn -0.9981 -0.0157 0.0603
vn -0.9962 0.0439 0.0757
vn -0.9906 0.1028 0.0906
vn -0.9924 -0.1146 -0.0455
vn -0.9980 -0.0558 -0.0302
vn -0.9999 0.0039 -0.0146
vn -0.9980 0.0634 0.0009
vn -0.9924 0.1220 0.0163
vn -0.9883 -0.0949 -0.1197
vn -0.9939 -0.0360 -0.1047
vn -0.9957 0.0234 -0.0893
vn -0.9939 0.0827 -0.0736
vn -0.9883 0.1412 -0.0578
vn -0.9784 -0.0749 -0.1928
vn -0.9838 -0.0163 -0.1783
vn -0.9857 0.0428 -0.1631
vn -0.9838 0.1018 -0.1473
vn -0.9784 0.1599 -0.1312
vn -0.9628 -0.0551 -0.2645
vn -0.9680 0.0033 -0.2508
vn -0.9699 0.0619 -0.2355
vn -0.9681 0.1204 -0.2197
vn -0.9628 0.1780 -0.2033
vn -0.9418 -0.0357 -0.3342
vn -0.9469 0.0222 -0.3209
vn -0.9486 0.0804 -0.3062
vn -0.9469 0.1383 -0.2901
vn -0.9418 0.1953 -0.2736
vn -0.9157 -0.0167 -0.4014
vn -0.9207 0.0405 -0.3883
vn -0.9223 0.0981 -0.3739
vn -0.9205 0.1555 -0.3585
vn -0.9157 0.2118 -0.3415
vn -0.8849 0.0016 -0.4657
vn -0.8896 0.0581 -0.4531
vn -0.8911 0.1149 -0.4390
vn -0.8894 0.1714 -0.4237
vn -0.8849 0.2270 -0.4067
vn -0.8498 0.0190 -0.5267
vn -0.8540 0.0748 -0.5148
vn -0.8554 0.1308 -0.5011
vn -0.8540 0.1865 -0.4857
vn -0.8498 0.2412 -0.4687
vn -0.8108 0.0354 -0.5842
vn -0.8147 0.0904 -0.5728
vn -0.8162 0.1454 -0.5592
vn -0.8149 0.2001 -0.5440
vn -0.8108 0.2539 -0.5274
vn -0.7685 0.0510 -0.6379
vn -0.7722 0.1048 -0.6266
vn -0.7731 0.1590 -0.6140
vn -0.7722 0.2126 -0.5988
vn -0.7684 0.2654 -0.5823
vn -0.7232 0.0653 -0.6875
vn -0.7263 0.1182 -0.6771
vn -0.7277 0.1711 -0.6642
vn -0.7263 0.2238 -0.6499
vn -0.7232 0.2754 -0.6334
vn -0.6756 0.0786 -0.7331
vn -0.6785 0.1303 -0.7229
vn -0.6795 0.1821 -0.7107
vn -0.6785 0.2334 -0.6965
vn -0.6756 0.2839 -0.6805
vn -0.6262 0.0908 -0.7744
vn -0.6286 0.1413 -0.7648
vn -0.6296 0.1917 -0.7529
vn -0.6287 0.2417 -0.7391
vn -0.6261 0.2909 -0.7234
vn -0.5754 0.1017 -0.8115
vn -0.5776 0.1508 -0.8023
vn -0.5784 0.1999 -0.7909
vn -0.5777 0.2485 -0.7775
vn -0.5754 0.2964 -0.7623
vn -0.5239 0.1117 -0.8444
vn -0.5258 0.1593 -0.8356
vn -0.5264 0.2069 -0.8247
vn -0.5258 0.2541 -0.8118
vn -0.5239 0.3005 -0.7970
vn -0.4721 0.1205 -0.8732
vn -0.4739 0.1665 -0.8647
vn -0.4741 0.2125 -0.8544
vn -0.4737 0.2580 -0.8421
vn -0.4721 0.3028 -0.8279
vn -0.4206 0.1285 -0.8981
vn -0.4219 0.1728 -0.8900
vn -0.4223 0.2170 -0.8801
vn -0.4220 0.2608 -0.8683
vn -0.4206 0.3039 -0.8549
vn -0.3698 0.1356 -0.9192
vn -0.3709 0.1780 -0.9115
vn -0.3713 0.2203 -0.9020
vn -0.3710 0.2622 -0.8909
vn -0.3698 0.3036 -0.8781
vn -0.3203 0.1420 -0.9366
vn -0.3213 0.1823 -0.9293
vn -0.3213 0.2225 -0.9204
vn -0.3211 0.2624 -0.9100
vn -0.3202 0.3017 -0.8980
vn -0.2724 0.1476 -0.9508
vn -0.2732 0.1858 -0.9439
vn -0.2732 0.2238 -0.9356
vn -0.2732 0.2615 -0.9257
vn -0.2724 0.2987 -0.9146
vn -0.2267 0.1528 -0.9619
vn -0.2271 0.1885 -0.9554
vn -0.2273 0.2242 -0.9477
vn -0.2272 0.2595 -0.9386
vn -0.2267 0.2944 -0.9284
vn -0.1837 0.1576 -0.9703
vn -0.1841 0.1908 -0.9642
vn -0.1841 0.2238 -0.9571
vn -0.1840 0.2566 -0.9488
vn -0.1837 0.2891 -0.9395
vn -0.1439 0.1624 -0.9762
vn -0.1441 0.1926 -0.9706
vn -0.1442 0.2228 -0.9641
vn -0.1441 0.2527 -0.9567
vn -0.1438 0.2824 -0.9485
vn -0.1076 0.1671 -0.9800
vn -0.1077 0.1942 -0.9750
vn -0.1077 0.2211 -0.9693
vn -0.1077 0.2479 -0.9628
vn -0.1076 0.2745 -0.9555
vn -0.0756 0.1721 -0.9822
vn -0.0756 0.1955 -0.9778
vn -0.0757 0.2189 -0.9728
vn -0.0755 0.2421 -0.9673
vn -0.0755 0.2651 -0.9612
vn -0.0483 0.1779 -0.9829
vn -0.0484 0.1972 -0.9792
vn -0.0483 0.2164 -0.9751
vn -0.0483 0.2356 -0.9707
vn -0.0482 0.2546 -0.9658
vn -0.0264 0.1846 -0.9825
vn -0.0264 0.1991 -0.9796
vn -0.0264 0.2137 -0.9765
vn -0.0264 0.2282 -0.9733
vn -0.0264 0.2426 -0.9698
vn -0.0108 0.1920 -0.9813
vn -0.0108 0.2014 -0.9794
vn -0.0108 0.2108 -0.9775
vn -0.0107 0.2201 -0.9754
vn -0.0108 0.2294 -0.9733
vn -0.0031 0.2014 -0.9795
vn -0.0032 0.2045 -0.9789
vn -0.0031 0.2076 -0.9782
vn -0.0032 0.2108 -0.9775
vn -0.0031 0.2139 -0.9769
vn -0.0017 0.2062 -0.9785
vn -0.0018 0.2060 -0.9785
vn -0.0016 0.2062 -0.9785
vn -0.0017 0.2061 -0.9785
vn -0.0017 0.2044 -0.9789
vn -0.0017 0.2047 -0.9788
vn -0.0017 0.2012 -0.9796
vn -0.0017 0.2011 -0.9796
vn -0.0017 0.1940 -0.9810
vn -0.0017 0.1941 -0.9810
vn -0.0017 0.1810 -0.9835
vn -0.0017 0.1811 -0.9835
vn -0.0017 0.1596 -0.9872
vn -0.0017 0.1595 -0.9872
vn -0.0017 0.1278 -0.9918
vn -0.0017 0.1277 -0.9918
vn -0.0017 0.0886 -0.9961
vn -0.0017 0.0885 -0.9961
vn -0.0017 0.0882 -0.9961
vn -0.0017 0.0502 -0.9987
vn -0.0017 0.0501 -0.9987
vn -0.0017 0.0500 -0.9987
vn -0.0017 0.0218 -0.9998
vn -0.0017 0.0217 -0.9998
vn -0.0017 0.0216 -0.9998
vn -0.0017 0.0043 -1.0000
vn -0.0017 0.0042 -1.0000
vn -0.0017 0.0002 -1.0000
vn -0.0017 0.0006 -1.0000
vn -0.0017 0.0007 -1.0000
vn -0.0017 0.0008 -1.0000
vn -0.0015 0.0005 -1.0000
vn -0.0015 0.0006 -1.0000
vn -0.0015 0.0007 -1.0000
vn -0.0014 0.0007 -1.0000
vn -0.0014 0.0008 -1.0000
vn -0.0014 0.0009 -1.0000
vn -0.0014 0.0010 -1.0000
vn -0.0013 0.0010 -1.0000
vn -0.0013 0.0011 -1.0000
vn -0.0013 0.0012 -1.0000
vn -0.0012 0.0011 -1.0000
vn -0.0012 0.0012 -1.0000
vn -0.0012 0.0013 -1.0000
vn -0.0012 0.0014 -1.0000
vn -0.0011 0.0012 -1.0000
vn -0.0011 0.0013 -1.0000
vn -0.0011 0.0014 -1.0000
vn -0.0011 0.0015 -1.0000
vn -0.0010 0.0013 -1.0000
vn -0.0010 0.0014 -1.0000
vn -0.0010 0.0015 -1.0000
vn -0.0010 0.0016 -1.0000
vn -0.0009 0.0013 -1.0000
vn -0.0009 0.0014 -1.0000
vn -0.0009 0.0015 -1.0000
vn -0.0009 0.0016 -1.0000
vn -0.0008 0.0013 -1.0000
vn -0.0008 0.0014 -1.0000
vn -0.0008 0.0015 -1.0000
vn -0.0008 0.0016 -1.0000
vn -0.0007 0.0012 -1.0000
vn -0.0007 0.0013 -1.0000
vn -0.0007 0.0014 -1.0000
vn -0.0007 0.0015 -1.0000
vn -0.0006 0.0011 -1.0000
vn -0.0006 0.0012 -1.0000
vn -0.0006 0.0013 -1.0000
vn -0.0006 0.0014 -1.0000
vn -0.0004 0.0010 -1.0000
vn -0.0004 0.0011 -1.0000
vn -0.0004 0.0012 -1.0000
vn -0.0004 0.0013 -1.0000
vn -0.0003 0.0008 -1.0000
vn -0.0003 0.0009 -1.0000
vn -0.0003 0.0010 -1.0000
vn -0.0003 0.0011 -1.0000
vn -0.0002 0.0005 -1.0000
vn -0.0002 0.0006 -1.0000
vn -0.0002 0.0007 -1.0000
vn -0.0002 0.0008 -1.0000
vn -0.0001 0.0002 -1.0000
vn -0.0001 0.0003 -1.0000
vn -0.0001 0.0004 -1.0000
vn -0.0001 0.0005 -1.0000
vn -0.0001 -0.0000 -1.0000
vn -0.0001 0.0001 -1.0000
vn 1.0000 -0.0000 0.0026
vn 1.0000 -0.0000 0.0063
vn 1.0000 -0.0000 0.0064
vn 0.9999 -0.0004 0.0163
vn 0.9995 -0.0013 0.0310
vn 0.9987 -0.0029 0.0501
vn 0.9973 -0.0054 0.0734
vn 0.9949 -0.0090 0.1005
vn 0.9949 -0.0090 0.1006
vn 0.9912 -0.0137 0.1314
vn 0.9860 -0.0195 0.1656
vn 0.9789 -0.0266 0.2028
vn 0.9695 -0.0347 0.2428
vn 0.9695 -0.0348 0.2428
vn 0.9575 -0.0440 0.2851
vn 0.9426 -0.0544 0.3295
vn 0.9245 -0.0656 0.3755
vn 0.9245 -0.0657 0.3755
vn 0.9029 -0.0778 0.4227
vn 0.8776 -0.0906 0.4707
vn 0.8484 -0.1039 0.5191
vn 0.8483 -0.1039 0.5191
vn 0.8150 -0.1176 0.5675
vn 0.8150 -0.1176 0.5674
vn 0.7773 -0.1316 0.6152
vn 0.7354 -0.1455 0.6619
vn 0.6891 -0.1593 0.7070
vn 0.6384 -0.1727 0.7501
vn 0.5835 -0.1855 0.7906
vn 0.5245 -0.1976 0.8282
vn 0.4616 -0.2088 0.8622
vn 0.3950 -0.2188 0.8922
vn 0.3251 -0.2275 0.9179
vn 0.2524 -0.2348 0.9387
vn 0.1774 -0.2406 0.9543
vn 0.1009 -0.2447 0.9643
vn 0.0236 -0.2471 0.9687
vn -0.0538 -0.2477 0.9673
vn -0.1307 -0.2466 0.9603
vn -0.2063 -0.2437 0.9476
vn -0.2064 -0.2437 0.9476
vn -0.2802 -0.2392 0.9296
vn -0.2803 -0.2392 0.9296
vn -0.3519 -0.2332 0.9065
vn -0.3518 -0.2332 0.9065
vn -0.4207 -0.2257 0.8787
vn -0.4863 -0.2169 0.8465
vn -0.5483 -0.2070 0.8103
vn -0.6065 -0.1961 0.7706
vn -0.6064 -0.1961 0.7706
vn -0.6605 -0.1843 0.7278
vn -0.7103 -0.1718 0.6826
vn -0.7558 -0.1589 0.6353
vn -0.7968 -0.1456 0.5864
vn -0.7968 -0.1456 0.5865
vn -0.8334 -0.1321 0.5366
vn -0.8657 -0.1187 0.4863
vn -0.8938 -0.1054 0.4359
vn -0.9178 -0.0923 0.3861
vn -0.9179 -0.0923 0.3860
vn -0.9381 -0.0797 0.3371
vn -0.9548 -0.0676 0.2896
vn -0.9682 -0.0562 0.2440
vn -0.9786 -0.0455 0.2007
vn -0.9864 -0.0357 0.1603
vn -0.9920 -0.0269 0.1231
vn -0.9958 -0.0192 0.0897
vn -0.9981 -0.0126 0.0607
vn -0.9993 -0.0073 0.0366
vn -0.9998 -0.0034 0.0183
vn -1.0000 -0.0010 0.0069
vn -1.0000 -0.0001 0.0025
vn -1.0000 -0.0001 0.0018
vn -1.0000 -0.0002 0.0017
vn -1.0000 -0.0004 0.0017
vn -1.0000 -0.0005 0.0016
vn -1.0000 -0.0007 0.0016
vn -1.0000 -0.0009 0.0016
vn -1.0000 -0.0010 0.0016
vn -1.0000 -0.0007 0.0017
vn -1.0000 -0.0001 0.0017
vn -1.0000 -0.0000 0.0017
vn -1.0000 -0.0000 0.0015
vn -1.0000 -0.0000 0.0014
vn -1.0000 -0.0000 0.0013
vn -1.0000 -0.0000 0.0012
vn -1.0000 -0.0000 0.0011
vn -1.0000 -0.0000 0.0010
vn -1.0000 -0.0000 0.0009
vn -1.0000 -0.0000 0.0008
vn -1.0000 -0.0000 0.0007
vn -1.0000 -0.0000 0.0006
vn -1.0000 -0.0000 0.0004
vn -1.0000 -0.0000 0.0003
vn -1.0000 -0.0000 0.0002
vn -1.0000 -0.0000 0.0001
vn -1.0000 -0.0009 -0.0025
vn -1.0000 -0.0016 -0.0064
vn -0.9999 -0.0028 -0.0165
vn -0.9995 -0.0033 -0.0312
vn -0.9995 -0.0033 -0.0313
vn -0.9987 -0.0030 -0.0505
vn -0.9973 -0.0016 -0.0740
vn -0.9948 0.0010 -0.1014
vn -0.9912 0.0047 -0.1324
vn -0.9859 0.0097 -0.1669
vn -0.9859 0.0097 -0.1668
vn -0.9788 0.0160 -0.2043
vn -0.9694 0.0235 -0.2445
vn -0.9574 0.0322 -0.2870
vn -0.9425 0.0420 -0.3316
vn -0.9244 0.0528 -0.3778
vn -0.9028 0.0645 -0.4252
vn -0.8775 0.0769 -0.4734
vn -0.8482 0.0899 -0.5219
vn -0.8148 0.1034 -0.5704
vn -0.7772 0.1170 -0.6183
vn -0.7352 0.1307 -0.6651
vn -0.6889 0.1443 -0.7103
vn -0.6383 0.1575 -0.7535
vn -0.5834 0.1702 -0.7942
vn -0.5244 0.1821 -0.8318
vn -0.4615 0.1931 -0.8659
vn -0.3949 0.2030 -0.8960
vn -0.3251 0.2117 -0.9217
vn -0.2524 0.2189 -0.9425
vn -0.2523 0.2189 -0.9426
vn -0.1774 0.2246 -0.9582
vn -0.1773 0.2246 -0.9582
vn -0.1009 0.2287 -0.9683
vn -0.0236 0.2311 -0.9727
vn -0.0236 0.2310 -0.9727
vn 0.0538 0.2317 -0.9713
vn 0.1307 0.2306 -0.9642
vn 0.2063 0.2278 -0.9516
vn 0.2802 0.2234 -0.9336
vn 0.3518 0.2174 -0.9105
vn 0.4206 0.2100 -0.8826
vn 0.4862 0.2013 -0.8504
vn 0.5482 0.1915 -0.8141
vn 0.6064 0.1807 -0.7744
vn 0.6604 0.1691 -0.7316
vn 0.7102 0.1568 -0.6863
vn 0.7557 0.1440 -0.6389
vn 0.7556 0.1440 -0.6389
vn 0.7967 0.1309 -0.5901
vn 0.7967 0.1309 -0.5900
vn 0.8333 0.1177 -0.5402
vn 0.8333 0.1177 -0.5401
vn 0.8656 0.1045 -0.4897
vn 0.8937 0.0915 -0.4393
vn 0.9177 0.0787 -0.3893
vn 0.9177 0.0788 -0.3893
vn 0.9380 0.0665 -0.3403
vn 0.9380 0.0665 -0.3402
vn 0.9546 0.0548 -0.2926
vn 0.9547 0.0548 -0.2926
vn 0.9681 0.0439 -0.2469
vn 0.9785 0.0338 -0.2034
vn 0.9863 0.0247 -0.1628
vn 0.9920 0.0166 -0.1254
vn 0.9957 0.0097 -0.0918
vn 0.9957 0.0098 -0.0918
vn 0.9980 0.0042 -0.0626
vn 0.9993 0.0002 -0.0382
vn 0.9998 -0.0022 -0.0195
vn 1.0000 -0.0026 -0.0077
vn 1.0000 -0.0013 -0.0027
vn 1.0000 -0.0013 -0.0028
vn 1.0000 0.0001 -0.0021
vn 1.0000 0.0002 -0.0017
vn 1.0000 0.0004 -0.0017
vn 1.0000 0.0005 -0.0016
vn 1.0000 0.0007 -0.0016
vn 1.0000 0.0009 -0.0016
vn 1.0000 0.0010 -0.0016
vn 1.0000 0.0007 -0.0017
vn 1.0000 0.0001 -0.0017
vn 1.0000 -0.0000 -0.0017
vn 1.0000 -0.0000 -0.0015
vn 1.0000 -0.0000 -0.0014
vn 1.0000 -0.0000 -0.0013
vn 1.0000 -0.0000 -0.0012
vn 1.0000 -0.0000 -0.0011
vn 1.0000 -0.0000 -0.0010
vn 1.0000 -0.0000 -0.0009
vn 1.0000 -0.0000 -0.0008
vn 1.0000 -0.0000 -0.0007
vn 1.0000 -0.0000 -0.0006
vn 1.0000 -0.0000 -0.0004
vn 1.0000 -0.0000 -0.0003
vn 1.0000 -0.0000 -0.0002
vn 1.0000 -0.0000 -0.0001
vt 0.000000 0.000000
vt 0.000000 0.407141
vt 0.250000 0.407141
vt 0.250000 0.000000
vt 0.500000 0.407141
vt 0.500000 0.000000
vt 0.750000 0.407141
vt 0.750000 0.000000
vt 1.000000 0.407141
vt 1.000000 0.000000
vt 0.000000 0.814400
vt 0.250000 0.814400
vt 0.500000 0.814400
vt 0.750000 0.814400
vt 1.000000 0.814400
vt 0.000000 1.221758
vt 0.250000 1.221758
vt 0.500000 1.221758
vt 0.750000 1.221758
vt 1.000000 1.221758
vt 0.000000 1.629206
vt 0.250000 1.629206
vt 0.500000 1.629206
vt 0.750000 1.629206
vt 1.000000 1.629206
vt 0.000000 2.036724
vt 0.250000 2.036724
vt 0.500000 2.036724
vt 0.750000 2.036724
vt 1.000000 2.036724
vt 0.000000 2.444302
vt 0.250000 2.444302
vt 0.500000 2.444302
vt 0.750000 2.444302
vt 1.000000 2.444302
vt 0.000000 2.851928
vt 0.250000 2.851928
vt 0.500000 2.851928
vt 0.750000 2.851928
vt 1.000000 2.851928
vt 0.000000 3.259588
vt 0.250000 3.259588
vt 0.500000 3.259588
vt 0.750000 3.259588
vt 1.000000 3.259588
vt 0.000000 3.667284
vt 0.250000 3.667284
vt 0.500000 3.667284
vt 0.750000 3.667284
vt 1.000000 3.667284
vt 0.000000 4.074995
vt 0.250000 4.074995
vt 0.500000 4.074995
vt 0.750000 4.074995
vt 1.000000 4.074995
vt 0.000000 4.482718
vt 0.250000 4.482718
vt 0.500000 4.482718
vt 0.750000 4.482718
vt 1.000000 4.482718
vt 0.000000 4.890442
vt 0.250000 4.890442
vt 0.500000 4.890442
vt 0.750000 4.890442
vt 1.000000 4.890442
vt 0.000000 5.298171
vt 0.250000 5.298171
vt 0.500000 5.298171
vt 0.750000 5.298171
vt 1.000000 5.298171
vt 0.000000 5.705896
vt 0.250000 5.705896
vt 0.500000 5.705896
vt 0.750000 5.705896
vt 1.000000 5.705896
vt 0.000000 6.113617
vt 0.250000 6.113617
vt 0.500000 6.113617
vt 0.750000 6.113617
vt 1.000000 6.113617
vt 0.000000 6.521324
vt 0.250000 6.521324
vt 0.500000 6.521324
vt 0.750000 6.521324
vt 1.000000 6.521324
vt 0.000000 6.929016
vt 0.250000 6.929016
vt 0.500000 6.929016
vt 0.750000 6.929016
vt 1.000000 6.929016
vt 0.000000 7.336691
vt 0.250000 7.336691
vt 0.500000 7.336691
vt 0.750000 7.336691
vt 1.000000 7.336691
vt 0.000000 7.744351
vt 0.250000 7.744351
vt 0.500000 7.744351
vt 0.750000 7.744351
vt 1.000000 7.744351
vt 0.000000 8.151993
vt 0.250000 8.151993
vt 0.500000 8.151993
vt 0.750000 8.151993
vt 1.000000 8.151993
vt 0.000000 8.559612
vt 0.250000 8.559612
vt 0.500000 8.559612
vt 0.750000 8.559612
vt 1.000000 8.559612
vt 0.000000 8.967210
vt 0.250000 8.967210
vt 0.500000 8.967210
vt 0.750000 8.967210
vt 1.000000 8.967210
vt 0.000000 9.374784
vt 0.250000 9.374784
vt 0.500000 9.374784
vt 0.750000 9.374784
vt 1.000000 9.374784
vt 0.000000 9.782337
vt 0.250000 9.782337
vt 0.500000 9.782337
vt 0.750000 9.782337
vt 1.000000 9.782337
vt 0.000000 10.189867
vt 0.250000 10.189867
vt 0.500000 10.189867
vt 0.750000 10.189867
vt 1.000000 10.189867
vt 0.000000 10.597374
vt 0.250000 10.597374
vt 0.500000 10.597374
vt 0.750000 10.597374
vt 1.000000 10.597374
vt 0.000000 11.004856
vt 0.250000 11.004856
vt 0.500000 11.004856
vt 0.750000 11.004856
vt 1.000000 11.004856
vt 0.000000 11.412316
vt 0.250000 11.412316
vt 0.500000 11.412316
vt 0.750000 11.412316
vt 1.000000 11.412316
vt 0.000000 11.819753
vt 0.250000 11.819753
vt 0.500000 11.819753
vt 0.750000 11.819753
vt 1.000000 11.819753
vt 0.000000 12.227168
vt 0.250000 12.227168
vt 0.500000 12.227168
vt 0.750000 12.227168
vt 1.000000 12.227168
vt 0.000000 12.634556
vt 0.250000 12.634556
vt 0.500000 12.634556
vt 0.750000 12.634556
vt 1.000000 12.634556
vt 0.000000 13.041924
vt 0.250000 13.041924
vt 0.500000 13.041924
vt 0.750000 13.041924
vt 1.000000 13.041924
vt 0.000000 13.449267
vt 0.250000 13.449267
vt 0.500000 13.449267
vt 0.750000 13.449267
vt 1.000000 13.449267
vt 0.000000 13.856593
vt 0.250000 13.856593
vt 0.500000 13.856593
vt 0.750000 13.856593
vt 1.000000 13.856593
vt 0.000000 14.263896
vt 0.250000 14.263896
vt 0.500000 14.263896
vt 0.750000 14.263896
vt 1.000000 14.263896
vt 0.000000 14.671180
vt 0.250000 14.671180
vt 0.500000 14.671180
vt 0.750000 14.671180
vt 1.000000 14.671180
vt 0.000000 15.078443
vt 0.250000 15.078443
vt 0.500000 15.078443
vt 0.750000 15.078443
vt 1.000000 15.078443
vt 0.000000 15.485684
vt 0.250000 15.485684
vt 0.500000 15.485684
vt 0.750000 15.485684
vt 1.000000 15.485684
vt 0.000000 15.892908
vt 0.250000 15.892908
vt 0.500000 15.892908
vt 0.750000 15.892908
vt 1.000000 15.892908
vt 0.000000 16.300112
vt 0.250000 16.300112
vt 0.500000 16.300112
vt 0.750000 16.300112
vt 1.000000 16.300112
vt 0.000000 16.707300
vt 0.250000 16.707300
vt 0.500000 16.707300
vt 0.750000 16.707300
vt 1.000000 16.707300
vt 0.000000 17.114470
vt 0.250000 17.114470
vt 0.500000 17.114470
vt 0.750000 17.114470
vt 1.000000 17.114470
vt 0.000000 17.521620
vt 0.250000 17.521620
vt 0.500000 17.521620
vt 0.750000 17.521620
vt 1.000000 17.521620
vt 0.000000 17.928753
vt 0.250000 17.928753
vt 0.500000 17.928753
vt 0.750000 17.928753
vt 1.000000 17.928753
vt 0.000000 18.335873
vt 0.250000 18.335873
vt 0.500000 18.335873
vt 0.750000 18.335873
vt 1.000000 18.335873
vt 0.000000 18.742975
vt 0.250000 18.742975
vt 0.500000 18.742975
vt 0.750000 18.742975
vt 1.000000 18.742975
vt 0.000000 19.150063
vt 0.250000 19.150063
vt 0.500000 19.150063
vt 0.750000 19.150063
vt 1.000000 19.150063
vt 0.000000 19.557135
vt 0.250000 19.557135
vt 0.500000 19.557135
vt 0.750000 19.557135
vt 1.000000 19.557135
vt 0.000000 19.964193
vt 0.250000 19.964193
vt 0.500000 19.964193
vt 0.750000 19.964193
vt 1.000000 19.964193
vt 0.000000 20.371237
vt 0.250000 20.371237
vt 0.500000 20.371237
vt 0.750000 20.371237
vt 1.000000 20.371237
vt 0.000000 20.778267
vt 0.250000 20.778267
vt 0.500000 20.778267
vt 0.750000 20.778267
vt 1.000000 20.778267
vt 0.000000 21.185284
vt 0.250000 21.185284
vt 0.500000 21.185284
vt 0.750000 21.185284
vt 1.000000 21.185284
vt 0.000000 21.592287
vt 0.250000 21.592287
vt 0.500000 21.592287
vt 0.750000 21.592287
vt 1.000000 21.592287
vt 0.000000 21.999279
vt 0.250000 21.999279
vt 0.500000 21.999279
vt 0.750000 21.999279
vt 1.000000 21.999279
vt 0.000000 22.406260
vt 0.250000 22.406260
vt 0.500000 22.406260
vt 0.750000 22.406260
vt 1.000000 22.406260
vt 0.000000 22.813229
vt 0.250000 22.813229
vt 0.500000 22.813229
vt 0.750000 22.813229
vt 1.000000 22.813229
vt 0.000000 23.220182
vt 0.250000 23.220182
vt 0.500000 23.220182
vt 0.750000 23.220182
vt 1.000000 23.220182
vt 0.000000 23.627131
vt 0.250000 23.627131
vt 0.500000 23.627131
vt 0.750000 23.627131
vt 1.000000 23.627131
vt 0.000000 24.034063
vt 0.250000 24.034063
vt 0.500000 24.034063
vt 0.750000 24.034063
vt 1.000000 24.034063
vt 0.000000 24.467367
vt 0.250000 24.467367
vt 0.500000 24.467367
vt 0.750000 24.467367
vt 1.000000 24.467367
vt 0.000000 24.885145
vt 0.250000 24.885145
vt 0.500000 24.885145
vt 0.750000 24.885145
vt 1.000000 24.885145
vt 0.000000 25.268383
vt 0.250000 25.268383
vt 0.500000 25.268383
vt 0.750000 25.268383
vt 1.000000 25.268383
vt 0.000000 25.650225
vt 0.250000 25.650225
vt 0.500000 25.650225
vt 0.750000 25.650225
vt 1.000000 25.650225
vt 0.000000 26.031511
vt 0.250000 26.031511
vt 0.500000 26.031511
vt 0.750000 26.031511
vt 1.000000 26.031511
vt 0.000000 26.414228
vt 0.250000 26.414228
vt 0.500000 26.414228
vt 0.750000 26.414228
vt 1.000000 26.414228
vt 0.000000 26.802135
vt 0.250000 26.802135
vt 0.500000 26.802135
vt 0.750000 26.802135
vt 1.000000 26.802135
vt 0.000000 27.200403
vt 0.250000 27.200403
vt 0.500000 27.200403
vt 0.750000 27.200403
vt 1.000000 27.200403
vt 0.000000 27.612461
vt 0.250000 27.612461
vt 0.500000 27.612461
vt 0.750000 27.612461
vt 1.000000 27.612461
vt 0.000000 28.036137
vt 0.250000 28.036137
vt 0.500000 28.036137
vt 0.750000 28.036137
vt 1.000000 28.036137
vt 0.000000 28.465511
vt 0.250000 28.465511
vt 0.500000 28.465511
vt 0.750000 28.465511
vt 1.000000 28.465511
vt 0.000000 28.916964
vt 0.250000 28.916964
vt 0.500000 28.916964
vt 0.750000 28.916964
vt 1.000000 28.916964
vt 0.000000 29.343895
vt 0.250000 29.343895
vt 0.500000 29.343895
vt 0.750000 29.343895
vt 1.000000 29.343895
vt 0.000000 29.752295
vt 0.250000 29.752295
vt 0.500000 29.752295
vt 0.750000 29.752295
vt 1.000000 29.752295
vt 0.000000 30.160168
vt 0.250000 30.160168
vt 0.500000 30.160168
vt 0.750000 30.160168
vt 1.000000 30.160168
vt 0.000000 30.567553
vt 0.250000 30.567553
vt 0.500000 30.567553
vt 0.750000 30.567553
vt 1.000000 30.567553
vt 0.000000 30.974482
vt 0.250000 30.974482
vt 0.500000 30.974482
vt 0.750000 30.974482
vt 1.000000 30.974482
vt 0.000000 31.380970
vt 0.250000 31.380970
vt 0.500000 31.380970
vt 0.750000 31.380970
vt 1.000000 31.380970
vt 0.000000 31.787033
vt 0.250000 31.787033
vt 0.500000 31.787033
vt 0.750000 31.787033
vt 1.000000 31.787033
vt 0.000000 32.192677
vt 0.250000 32.192677
vt 0.500000 32.192677
vt 0.750000 32.192677
vt 1.000000 32.192677
vt 0.000000 32.597904
vt 0.250000 32.597904
vt 0.500000 32.597904
vt 0.750000 32.597904
vt 1.000000 32.597904
vt 0.000000 33.002705
vt 0.250000 33.002705
vt 0.500000 33.002705
vt 0.750000 33.002705
vt 1.000000 33.002705
vt 0.000000 33.407070
vt 0.250000 33.407070
vt 0.500000 33.407070
vt 0.750000 33.407070
vt 1.000000 33.407070
vt 0.000000 33.810982
vt 0.250000 33.810982
vt 0.500000 33.810982
vt 0.750000 33.810982
vt 1.000000 33.810982
vt 0.000000 34.214409
vt 0.250000 34.214409
vt 0.500000 34.214409
vt 0.750000 34.214409
vt 1.000000 34.214409
vt 0.000000 34.617321
vt 0.250000 34.617321
vt 0.500000 34.617321
vt 0.750000 34.617321
vt 1.000000 34.617321
vt 0.000000 35.000000
vt 0.250000 35.000000
vt 0.500000 35.000000
vt 0.750000 35.000000
vt 1.000000 35.000000
s 1
usemtl track_surface
f 3170/1464/2623 3175/1465/2624 3176/1466/2625 3171/1467/2626
f 3171/1467/2626 3176/1466/2625 3177/1468/2627 3172/1469/2628
f 3172/1469/2628 3177/1468/2627 3178/1470/2629 3173/1471/2630
f 3173/1471/2630 3178/1470/2629 3179/1472/2631 3174/1473/2632
f 3175/1465/2624 3180/1474/2633 3181/1475/2634 3176/1466/2625
f 3176/1466/2625 3181/1475/2634 3182/1476/2635 3177/1468/2627
f 3177/1468/2627 3182/1476/2635 3183/1477/2636 3178/1470/2629
f 3178/1470/2629 3183/1477/2636 3184/1478/2637 3179/1472/2631
f 3180/1474/2633 3185/1479/2638 3186/1480/2639 3181/1475/2634
f 3181/1475/2634 3186/1480/2639 3187/1481/2640 3182/1476/2635
f 3182/1476/2635 3187/1481/2640 3188/1482/2641 3183/1477/2636
f 3183/1477/2636 3188/1482/2641 3189/1483/2642 3184/1478/2637
f 3185/1479/2638 3190/1484/2643 3191/1485/2644 3186/1480/2639
f 3186/1480/2639 3191/1485/2644 3192/1486/2645 3187/1481/2640
f 3187/1481/2640 3192/1486/2645 3193/1487/2646 3188/1482/2641
f 3188/1482/2641 3193/1487/2646 3194/1488/2647 3189/1483/2642
f 3190/1484/2643 3195/1489/2648 3196/1490/2649 3191/1485/2644
f 3191/1485/2644 3196/1490/2649 3197/1491/2650 3192/1486/2645
f 3192/1486/2645 3197/1491/2650 3198/1492/2651 3193/1487/2646
f 3193/1487/2646 3198/1492/2651 3199/1493/2652 3194/1488/2647
f 3195/1489/2648 3200/1494/2653 3201/1495/2654 3196/1490/2649
f 3196/1490/2649 3201/1495/2654 3202/1496/2655 3197/1491/2650
f 3197/1491/2650 3202/1496/2655 3203/1497/2656 3198/1492/2651
f 3198/1492/2651 3203/1497/2656 3204/1498/2657 3199/1493/2652
f 3200/1494/2653 3205/1499/2658 3206/1500/2659 3201/1495/2654
f 3201/1495/2654 3206/1500/2659 3207/1501/2660 3202/1496/2655
f 3202/1496/2655 3207/1501/2660 3208/1502/2661 3203/1497/2656
f 3203/1497/2656 3208/1502/2661 3209/1503/2662 3204/1498/2657
f 3205/1499/2658 3210/1504/2663 3211/1505/2664 3206/1500/2659
f 3206/1500/2659 3211/1505/2664 3212/1506/2665 3207/1501/2660
f 3207/1501/2660 3212/1506/2665 3213/1507/2666 3208/1502/2661
f 3208/1502/2661 3213/1507/2666 3214/1508/2667 3209/1503/2662
f 3210/1504/2663 3215/1509/2668 3216/1510/2669 3211/1505/2664
f 3211/1505/2664 3216/1510/2669 3217/1511/2670 3212/1506/2665
f 3212/1506/2665 3217/1511/2670 3218/1512/2671 3213/1507/2666
f 3213/1507/2666 3218/1512/2671 3219/1513/2672 3214/1508/2667
f 3215/1509/2668 3220/1514/2673 3221/1515/2674 3216/1510/2669
f 3216/1510/2669 3221/1515/2674 3222/1516/2675 3217/1511/2670
f 3217/1511/2670 3222/1516/2675 3223/1517/2676 3218/1512/2671
f 3218/1512/2671 3223/1517/2676 3224/1518/2677 3219/1513/2672
f 3220/1514/2673 3225/1519/2678 3226/1520/2679 3221/1515/2674
f 3221/1515/2674 3226/1520/2679 3227/1521/2680 3222/1516/2675
f 3222/1516/2675 3227/1521/2680 3228/1522/2681 3223/1517/2676
f 3223/1517/2676 3228/1522/2681 3229/1523/2682 3224/1518/2677
f 3225/1519/2678 3230/1524/2683 3231/1525/2684 3226/1520/2679
f 3226/1520/2679 3231/1525/2684 3232/1526/2685 3227/1521/2680
f 3227/1521/2680 3232/1526/2685 3233/1527/2686 3228/1522/2681
f 3228/1522/2681 3233/1527/2686 3234/1528/2687 3229/1523/2682
f 3230/1524/2683 3235/1529/2688 3236/1530/2689 3231/1525/2684
f 3231/1525/2684 3236/1530/2689 3237/1531/2690 3232/1526/2685
f 3232/1526/2685 3237/1531/2690 3238/1532/2691 3233/1527/2686
f 3233/1527/2686 3238/1532/2691 3239/1533/2692 3234/1528/2687
f 3235/1529/2688 3240/1534/2693 3241/1535/2694 3236/1530/2689
f 3236/1530/2689 3241/1535/2694 3242/1536/2695 3237/1531/2690
f 3237/1531/2690 3242/1536/2695 3243/1537/2696 3238/1532/2691
f 3238/1532/2691 3243/1537/2696 3244/1538/2697 3239/1533/2692
f 3240/1534/2693 3245/1539/2698 3246/1540/2699 3241/1535/2694
f 3241/1535/2694 3246/1540/2699 3247/1541/2700 3242/1536/2695
f 3242/1536/2695 3247/1541/2700 3248/1542/2701 3243/1537/2696
f 3243/1537/2696 3248/1542/2701 3249/1543/2702 3244/1538/2697
f 3245/1539/2698 3250/1544/2703 3251/1545/2704 3246/1540/2699
f 3246/1540/2699 3251/1545/2704 3252/1546/2705 3247/1541/2700
f 3247/1541/2700 3252/1546/2705 3253/1547/2706 3248/1542/2701
f 3248/1542/2701 3253/1547/2706 3254/1548/2707 3249/1543/2702
f 3250/1544/2703 3255/1549/2708 3256/1550/2709 3251/1545/2704
f 3251/1545/2704 3256/1550/2709 3257/1551/2710 3252/1546/2705
f 3252/1546/2705 3257/1551/2710 3258/1552/2711 3253/1547/2706
f 3253/1547/2706 3258/1552/2711 3259/1553/2712 3254/1548/2707
f 3255/1549/2708 3260/1554/2713 3261/1555/2714 3256/1550/2709
f 3256/1550/2709 3261/1555/2714 3262/1556/2715 3257/1551/2710
f 3257/1551/2710 3262/1556/2715 3263/1557/2716 3258/1552/2711
f 3258/1552/2711 3263/1557/2716 3264/1558/2717 3259/1553/2712
f 3260/1554/2713 3265/1559/2718 3266/1560/2719 3261/1555/2714
f 3261/1555/2714 3266/1560/2719 3267/1561/2720 3262/1556/2715
f 3262/1556/2715 3267/1561/2720 3268/1562/2721 3263/1557/2716
f 3263/1557/2716 3268/1562/2721 3269/1563/2722 3264/1558/2717
f 3265/1559/2718 3270/1564/2723 3271/1565/2724 3266/1560/2719
f 3266/1560/2719 3271/1565/2724 3272/1566/2725 3267/1561/2720
f 3267/1561/2720 3272/1566/2725 3273/1567/2726 3268/1562/2721
f 3268/1562/2721 3273/1567/2726 3274/1568/2727 3269/1563/2722
f 3270/1564/2723 3275/1569/2728 3276/1570/2729 3271/1565/2724
f 3271/1565/2724 3276/1570/2729 3277/1571/2730 3272/1566/2725
f 3272/1566/2725 3277/1571/2730 3278/1572/2731 3273/1567/2726
f 3273/1567/2726 3278/1572/2731 3279/1573/2732 3274/1568/2727
f 3275/1569/2728 3280/1574/2733 3281/1575/2734 3276/1570/2729
f 3276/1570/2729 3281/1575/2734 3282/1576/2735 3277/1571/2730
f 3277/1571/2730 3282/1576/2735 3283/1577/2736 3278/1572/2731
f 3278/1572/2731 3283/1577/2736 3284/1578/2737 3279/1573/2732
f 3280/1574/2733 3285/1579/2738 3286/1580/2739 3281/1575/2734
f 3281/1575/2734 3286/1580/2739 3287/1581/2740 3282/1576/2735
f 3282/1576/2735 3287/1581/2740 3288/1582/2741 3283/1577/2736
f 3283/1577/2736 3288/1582/2741 3289/1583/2742 3284/1578/2737
f 3285/1579/2738 3290/1584/2743 3291/1585/2744 3286/1580/2739
f 3286/1580/2739 3291/1585/2744 3292/1586/2745 3287/1581/2740
f 3287/1581/2740 3292/1586/2745 3293/1587/2746 3288/1582/2741
f 3288/1582/2741 3293/1587/2746 3294/1588/2747 3289/1583/2742
f 3290/1584/2743 3295/1589/2748 3296/1590/2749 3291/1585/2744
f 3291/1585/2744 3296/1590/2749 3297/1591/2750 3292/1586/2745
f 3292/1586/2745 3297/1591/2750 3298/1592/2751 3293/1587/2746
f 3293/1587/2746 3298/1592/2751 3299/1593/2752 3294/1588/2747
f 3295/1589/2748 3300/1594/2753 3301/1595/2754 3296/1590/2749
f 3296/1590/2749 3301/1595/2754 3302/1596/2755 3297/1591/2750
f 3297/1591/2750 3302/1596/2755 3303/1597/2756 3298/1592/2751
f 3298/1592/2751 3303/1597/2756 3304/1598/2757 3299/1593/2752
f 3300/1594/2753 3305/1599/2758 3306/1600/2759 3301/1595/2754
f 3301/1595/2754 3306/1600/2759 3307/1601/2760 3302/1596/2755
f 3302/1596/2755 3307/1601/2760 3308/1602/2761 3303/1597/2756
f 3303/1597/2756 3308/1602/2761 3309/1603/2762 3304/1598/2757
f 3305/1599/2758 3310/1604/2763 3311/1605/2764 3306/1600/2759
f 3306/1600/2759 3311/1605/2764 3312/1606/2765 3307/1601/2760
f 3307/1601/2760 3312/1606/2765 3313/1607/2766 3308/1602/2761
f 3308/1602/2761 3313/1607/2766 3314/1608/2767 3309/1603/2762
f 3310/1604/2763 3315/1609/2768 3316/1610/2769 3311/1605/2764
f 3311/1605/2764 3316/1610/2769 3317/1611/2770 3312/1606/2765
f 3312/1606/2765 3317/1611/2770 3318/1612/2771 3313/1607/2766
f 3313/1607/2766 3318/1612/2771 3319/1613/2772 3314/1608/2767
f 3315/1609/2768 3320/1614/2773 3321/1615/2774 3316/1610/2769
f 3316/1610/2769 3321/1615/2774 3322/1616/2775 3317/1611/2770
f 3317/1611/2770 3322/1616/2775 3323/1617/2776 3318/1612/2771
f 3318/1612/2771 3323/1617/2776 3324/1618/2777 3319/1613/2772
f 3320/1614/2773 3325/1619/2778 3326/1620/2779 3321/1615/2774
f 3321/1615/2774 3326/1620/2779 3327/1621/2780 3322/1616/2775
f 3322/1616/2775 3327/1621/2780 3328/1622/2781 3323/1617/2776
f 3323/1617/2776 3328/1622/2781 3329/1623/2782 3324/1618/2777
f 3325/1619/2778 3330/1624/2783 3331/1625/2784 3326/1620/2779
f 3326/1620/2779 3331/1625/2784 3332/1626/2785 3327/1621/2780
f 3327/1621/2780 3332/1626/2785 3333/1627/2786 3328/1622/2781
f 3328/1622/2781 3333/1627/2786 3334/1628/2787 3329/1623/2782
f 3330/1624/2783 3335/1629/2788 3336/1630/2789 3331/1625/2784
f 3331/1625/2784 3336/1630/2789 3337/1631/2790 3332/1626/2785
f 3332/1626/2785 3337/1631/2790 3338/1632/2791 3333/1627/2786
f 3333/1627/2786 3338/1632/2791 3339/1633/2792 3334/1628/2787
f 3335/1629/2788 3340/1634/2793 3341/1635/2794 3336/1630/2789
f 3336/1630/2789 3341/1635/2794 3342/1636/2795 3337/1631/2790
f 3337/1631/2790 3342/1636/2795 3343/1637/2796 3338/1632/2791
f 3338/1632/2791 3343/1637/2796 3344/1638/2797 3339/1633/2792
f 3340/1634/2793 3345/1639/2798 3346/1640/2799 3341/1635/2794
f 3341/1635/2794 3346/1640/2799 3347/1641/2800 3342/1636/2795
f 3342/1636/2795 3347/1641/2800 3348/1642/2801 3343/1637/2796
f 3343/1637/2796 3348/1642/2801 3349/1643/2802 3344/1638/2797
f 3345/1639/2798 3350/1644/2803 3351/1645/2804 3346/1640/2799
f 3346/1640/2799 3351/1645/2804 3352/1646/2805 3347/1641/2800
f 3347/1641/2800 3352/1646/2805 3353/1647/2806 3348/1642/2801
f 3348/1642/2801 3353/1647/2806 3354/1648/2807 3349/1643/2802
f 3350/1644/2803 3355/1649/2808 3356/1650/2809 3351/1645/2804
f 3351/1645/2804 3356/1650/2809 3357/1651/2810 3352/1646/2805
f 3352/1646/2805 3357/1651/2810 3358/1652/2811 3353/1647/2806
f 3353/1647/2806 3358/1652/2811 3359/1653/2812 3354/1648/2807
f 3355/1649/2808 3360/1654/2813 3361/1655/2814 3356/1650/2809
f 3356/1650/2809 3361/1655/2814 3362/1656/2815 3357/1651/2810
f 3357/1651/2810 3362/1656/2815 3363/1657/2816 3358/1652/2811
f 3358/1652/2811 3363/1657/2816 3364/1658/2817 3359/1653/2812
f 3360/1654/2813 3365/1659/2818 3366/1660/2819 3361/1655/2814
f 3361/1655/2814 3366/1660/2819 3367/1661/2820 3362/1656/2815
f 3362/1656/2815 3367/1661/2820 3368/1662/2821 3363/1657/2816
f 3363/1657/2816 3368/1662/2821 3369/1663/2822 3364/1658/2817
f 3365/1659/2818 3370/1664/2823 3371/1665/2824 3366/1660/2819
f 3366/1660/2819 3371/1665/2824 3372/1666/2825 3367/1661/2820
f 3367/1661/2820 3372/1666/2825 3373/1667/2826 3368/1662/2821
f 3368/1662/2821 3373/1667/2826 3374/1668/2827 3369/1663/2822
f 3370/1664/2823 3375/1669/2828 3376/1670/2829 3371/1665/2824
f 3371/1665/2824 3376/1670/2829 3377/1671/2830 3372/1666/2825
f 3372/1666/2825 3377/1671/2830 3378/1672/2831 3373/1667/2826
f 3373/1667/2826 3378/1672/2831 3379/1673/2832 3374/1668/2827
f 3375/1669/2828 3380/1674/2833 3381/1675/2834 3376/1670/2829
f 3376/1670/2829 3381/1675/2834 3382/1676/2835 3377/1671/2830
f 3377/1671/2830 3382/1676/2835 3383/1677/2836 3378/1672/2831
f 3378/1672/2831 3383/1677/2836 3384/1678/2837 3379/1673/2832
f 3380/1674/2833 3385/1679/2838 3386/1680/2839 3381/1675/2834
f 3381/1675/2834 3386/1680/2839 3387/1681/2840 3382/1676/2835
f 3382/1676/2835 3387/1681/2840 3388/1682/2841 3383/1677/2836
f 3383/1677/2836 3388/1682/2841 3389/1683/2842 3384/1678/2837
f 3385/1679/2838 3390/1684/2843 3391/1685/2844 3386/1680/2839
f 3386/1680/2839 3391/1685/2844 3392/1686/2845 3387/1681/2840
f 3387/1681/2840 3392/1686/2845 3393/1687/2846 3388/1682/2841
f 3388/1682/2841 3393/1687/2846 3394/1688/2847 3389/1683/2842
f 3390/1684/2843 3395/1689/2848 3396/1690/2849 3391/1685/2844
f 3391/1685/2844 3396/1690/2849 3397/1691/2850 3392/1686/2845
f 3392/1686/2845 3397/1691/2850 3398/1692/2851 3393/1687/2846
f 3393/1687/2846 3398/1692/2851 3399/1693/2852 3394/1688/2847
f 3395/1689/2848 3400/1694/2853 3401/1695/2854 3396/1690/2849
f 3396/1690/2849 3401/1695/2854 3402/1696/2855 3397/1691/2850
f 3397/1691/2850 3402/1696/2855 3403/1697/2856 3398/1692/2851
f 3398/1692/2851 3403/1697/2856 3404/1698/2857 3399/1693/2852
f 3400/1694/2853 3405/1699/2858 3406/1700/2859 3401/1695/2854
f 3401/1695/2854 3406/1700/2859 3407/1701/2860 3402/1696/2855
f 3402/1696/2855 3407/1701/2860 3408/1702/2861 3403/1697/2856
f 3403/1697/2856 3408/1702/2861 3409/1703/2862 3404/1698/2857
f 3405/1699/2858 3410/1704/2863 3411/1705/2864 3406/1700/2859
f 3406/1700/2859 3411/1705/2864 3412/1706/2865 3407/1701/2860
f 3407/1701/2860 3412/1706/2865 3413/1707/2866 3408/1702/2861
f 3408/1702/2861 3413/1707/2866 3414/1708/2867 3409/1703/2862
f 3410/1704/2863 3415/1709/2868 3416/1710/2869 3411/1705/2864
f 3411/1705/2864 3416/1710/2869 3417/1711/2870 3412/1706/2865
f 3412/1706/2865 3417/1711/2870 3418/1712/2871 3413/1707/2866
f 3413/1707/2866 3418/1712/2871 3419/1713/2872 3414/1708/2867
f 3415/1709/2868 3420/1714/2873 3421/1715/2874 3416/1710/2869
f 3416/1710/2869 3421/1715/2874 3422/1716/2875 3417/1711/2870
f 3417/1711/2870 3422/1716/2875 3423/1717/2876 3418/1712/2871
f 3418/1712/2871 3423/1717/2876 3424/1718/2877 3419/1713/2872
f 3420/1714/2873 3425/1719/2878 3426/1720/2879 3421/1715/2874
f 3421/1715/2874 3426/1720/2879 3427/1721/2880 3422/1716/2875
f 3422/1716/2875 3427/1721/2880 3428/1722/2881 3423/1717/2876
f 3423/1717/2876 3428/1722/2881 3429/1723/2882 3424/1718/2877
f 3425/1719/2878 3430/1724/2883 3431/1725/2884 3426/1720/2879
f 3426/1720/2879 3431/1725/2884 3432/1726/2885 3427/1721/2880
f 3427/1721/2880 3432/1726/2885 3433/1727/2886 3428/1722/2881
f 3428/1722/2881 3433/1727/2886 3434/1728/2887 3429/1723/2882
f 3430/1724/2883 3435/1729/2888 3436/1730/2889 3431/1725/2884
f 3431/1725/2884 3436/1730/2889 3437/1731/2890 3432/1726/2885
f 3432/1726/2885 3437/1731/2890 3438/1732/2891 3433/1727/2886
f 3433/1727/2886 3438/1732/2891 3439/1733/2892 3434/1728/2887
f 3435/1729/2888 3440/1734/2893 3441/1735/2894 3436/1730/2889
f 3436/1730/2889 3441/1735/2894 3442/1736/2895 3437/1731/2890
f 3437/1731/2890 3442/1736/2895 3443/1737/2896 3438/1732/2891
f 3438/1732/2891 3443/1737/2896 3444/1738/2897 3439/1733/2892
f 3440/1734/2893 3445/1739/2898 3446/1740/2899 3441/1735/2894
f 3441/1735/2894 3446/1740/2899 3447/1741/2900 3442/1736/2895
f 3442/1736/2895 3447/1741/2900 3448/1742/2901 3443/1737/2896
f 3443/1737/2896 3448/1742/2901 3449/1743/2902 3444/1738/2897
f 3445/1739/2898 3450/1744/2903 3451/1745/2904 3446/1740/2899
f 3446/1740/2899 3451/1745/2904 3452/1746/2905 3447/1741/2900
f 3447/1741/2900 3452/1746/2905 3453/1747/2906 3448/1742/2901
f 3448/1742/2901 3453/1747/2906 3454/1748/2907 3449/1743/2902
f 3450/1744/2903 3455/1749/2908 3456/1750/2909 3451/1745/2904
f 3451/1745/2904 3456/1750/2909 3457/1751/2910 3452/1746/2905
f 3452/1746/2905 3457/1751/2910 3458/1752/2911 3453/1747/2906
f 3453/1747/2906 3458/1752/2911 3459/1753/2912 3454/1748/2907
f 3455/1749/2908 3460/1754/2913 3461/1755/2914 3456/1750/2909
f 3456/1750/2909 3461/1755/2914 3462/1756/2915 3457/1751/2910
f 3457/1751/2910 3462/1756/2915 3463/1757/2916 3458/1752/2911
f 3458/1752/2911 3463/1757/2916 3464/1758/2917 3459/1753/2912
f 3460/1754/2913 3465/1759/2918 3466/1760/2919 3461/1755/2914
f 3461/1755/2914 3466/1760/2919 3467/1761/2920 3462/1756/2915
f 3462/1756/2915 3467/1761/2920 3468/1762/2921 3463/1757/2916
f 3463/1757/2916 3468/1762/2921 3469/1763/2922 3464/1758/2917
f 3465/1759/2918 3470/1764/2923 3471/1765/2924 3466/1760/2919
f 3466/1760/2919 3471/1765/2924 3472/1766/2925 3467/1761/2920
f 3467/1761/2920 3472/1766/2925 3473/1767/2926 3468/1762/2921
f 3468/1762/2921 3473/1767/2926 3474/1768/2926 3469/1763/2922
f 3470/1764/2923 3475/1769/2927 3476/1770/2928 3471/1765/2924
f 3471/1765/2924 3476/1770/2928 3477/1771/2927 3472/1766/2925
f 3472/1766/2925 3477/1771/2927 3478/1772/2927 3473/1767/2926
f 3473/1767/2926 3478/1772/2927 3479/1773/2928 3474/1768/2926
f 3475/1769/2927 3480/1774/2929 3481/1775/2929 3476/1770/2928
f 3476/1770/2928 3481/1775/2929 3482/1776/2930 3477/1771/2927
f 3477/1771/2927 3482/1776/2930 3483/1777/2929 3478/1772/2927
f 3478/1772/2927 3483/1777/2929 3484/1778/2930 3479/1773/2928
f 3480/1774/2929 3485/1779/2931 3486/1780/2932 3481/1775/2929
f 3481/1775/2929 3486/1780/2932 3487/1781/2932 3482/1776/2930
f 3482/1776/2930 3487/1781/2932 3488/1782/2931 3483/1777/2929
f 3483/1777/2929 3488/1782/2931 3489/1783/2931 3484/1778/2930
f 3485/1779/2931 3490/1784/2933 3491/1785/2934 3486/1780/2932
f 3486/1780/2932 3491/1785/2934 3492/1786/2934 3487/1781/2932
f 3487/1781/2932 3492/1786/2934 3493/1787/2933 3488/1782/2931
f 3488/1782/2931 3493/1787/2933 3494/1788/2934 3489/1783/2931
f 3490/1784/2933 3495/1789/2935 3496/1790/2935 3491/1785/2934
f 3491/1785/2934 3496/1790/2935 3497/1791/2936 3492/1786/2934
f 3492/1786/2934 3497/1791/2936 3498/1792/2935 3493/1787/2933
f 3493/1787/2933 3498/1792/2935 3499/1793/2935 3494/1788/2934
f 3495/1789/2935 3500/1794/2937 3501/1795/2937 3496/1790/2935
f 3496/1790/2935 3501/1795/2937 3502/1796/2938 3497/1791/2936
f 3497/1791/2936 3502/1796/2938 3503/1797/2938 3498/1792/2935
f 3498/1792/2935 3503/1797/2938 3504/1798/2938 3499/1793/2935
f 3500/1794/2937 3505/1799/2939 3506/1800/2939 3501/1795/2937
f 3501/1795/2937 3506/1800/2939 3507/1801/2940 3502/1796/2938
f 3502/1796/2938 3507/1801/2940 3508/1802/2940 3503/1797/2938
f 3503/1797/2938 3508/1802/2940 3509/1803/2941 3504/1798/2938
f 3505/1799/2939 3510/1804/2942 3511/1805/2942 3506/1800/2939
f 3506/1800/2939 3511/1805/2942 3512/1806/2942 3507/1801/2940
f 3507/1801/2940 3512/1806/2942 3513/1807/2943 3508/1802/2940
f 3508/1802/2940 3513/1807/2943 3514/1808/2944 3509/1803/2941
f 3510/1804/2942 3515/1809/2945 3516/1810/2945 3511/1805/2942
f 3511/1805/2942 3516/1810/2945 3517/1811/2946 3512/1806/2942
f 3512/1806/2942 3517/1811/2946 3518/1812/2946 3513/1807/2943
f 3513/1807/2943 3518/1812/2946 3519/1813/2947 3514/1808/2944
f 3515/1809/2945 3520/1814/2948 3521/1815/2948 3516/1810/2945
f 3516/1810/2945 3521/1815/2948 3522/1816/2948 3517/1811/2946
f 3517/1811/2946 3522/1816/2948 3523/1817/2948 3518/1812/2946
f 3518/1812/2946 3523/1817/2948 3524/1818/2949 3519/1813/2947
f 3520/1814/2948 3525/1819/2950 3526/1820/2951 3521/1815/2948
f 3521/1815/2948 3526/1820/2951 3527/1821/2952 3522/1816/2948
f 3522/1816/2948 3527/1821/2952 3528/1822/2952 3523/1817/2948
f 3523/1817/2948 3528/1822/2952 3529/1823/2953 3524/1818/2949
f 3525/1819/2950 3530/1824/2954 3531/1825/2954 3526/1820/2951
f 3526/1820/2951 3531/1825/2954 3532/1826/2955 3527/1821/2952
f 3527/1821/2952 3532/1826/2955 3533/1827/2956 3528/1822/2952
f 3528/1822/2952 3533/1827/2956 3534/1828/2956 3529/1823/2953
f 3530/1824/2954 3535/1829/2957 3536/1830/2958 3531/1825/2954
f 3531/1825/2954 3536/1830/2958 3537/1831/2959 3532/1826/2955
f 3532/1826/2955 3537/1831/2959 3538/1832/2960 3533/1827/2956
f 3533/1827/2956 3538/1832/2960 3539/1833/2960 3534/1828/2956
f 3535/1829/2957 3540/1834/2961 3541/1835/2961 3536/1830/2958
f 3536/1830/2958 3541/1835/2961 3542/1836/2962 3537/1831/2959
f 3537/1831/2959 3542/1836/2962 3543/1837/2963 3538/1832/2960
f 3538/1832/2960 3543/1837/2963 3544/1838/2963 3539/1833/2960
f 3540/1834/2961 3545/1839/2964 3546/1840/2965 3541/1835/2961
f 3541/1835/2961 3546/1840/2965 3547/1841/2966 3542/1836/2962
f 3542/1836/2962 3547/1841/2966 3548/1842/2966 3543/1837/2963
f 3543/1837/2963 3548/1842/2966 3549/1843/2967 3544/1838/2963
f 3545/1839/2964 3550/1844/2968 3551/1845/2969 3546/1840/2965
f 3546/1840/2965 3551/1845/2969 3552/1846/2970 3547/1841/2966
f 3547/1841/2966 3552/1846/2970 3553/1847/2971 3548/1842/2966
f 3548/1842/2966 3553/1847/2971 3554/1848/2971 3549/1843/2967
f 3550/1844/2968 3555/1849/2972 3556/1850/2972 3551/1845/2969
f 3551/1845/2969 3556/1850/2972 3557/1851/2973 3552/1846/2970
f 3552/1846/2970 3557/1851/2973 3558/1852/2974 3553/1847/2971
f 3553/1847/2971 3558/1852/2974 3559/1853/2975 3554/1848/2971
f 3555/1849/2972 3560/1854/2976 3561/1855/2977 3556/1850/2972
f 3556/1850/2972 3561/1855/2977 3562/1856/2978 3557/1851/2973
f 3557/1851/2973 3562/1856/2978 3563/1857/2978 3558/1852/2974
f 3558/1852/2974 3563/1857/2978 3564/1858/2979 3559/1853/2975
f 3560/1854/2976 3565/1859/2980 3566/1860/2981 3561/1855/2977
f 3561/1855/2977 3566/1860/2981 3567/1861/2981 3562/1856/2978
f 3562/1856/2978 3567/1861/2981 3568/1862/2982 3563/1857/2978
f 3563/1857/2978 3568/1862/2982 3569/1863/2983 3564/1858/2979
f 3565/1859/2980 3570/1864/2984 3571/1865/2985 3566/1860/2981
f 3566/1860/2981 3571/1865/2985 3572/1866/2986 3567/1861/2981
f 3567/1861/2981 3572/1866/2986 3573/1867/2987 3568/1862/2982
f 3568/1862/2982 3573/1867/2987 3574/1868/2987 3569/1863/2983
f 3570/1864/2984 3575/1869/2988 3576/1870/2989 3571/1865/2985
f 3571/1865/2985 3576/1870/2989 3577/1871/2990 3572/1866/2986
f 3572/1866/2986 3577/1871/2990 3578/1872/2991 3573/1867/2987
f 3573/1867/2987 3578/1872/2991 3579/1873/2991 3574/1868/2987
f 3575/1869/2988 3580/1874/2992 3581/1875/2992 3576/1870/2989
f 3576/1870/2989 3581/1875/2992 3582/1876/2993 3577/1871/2990
f 3577/1871/2990 3582/1876/2993 3583/1877/2994 3578/1872/2991
f 3578/1872/2991 3583/1877/2994 3584/1878/2995 3579/1873/2991
f 3580/1874/2992 3585/1879/2996 3586/1880/2996 3581/1875/2992
f 3581/1875/2992 3586/1880/2996 3587/1881/2997 3582/1876/2993
f 3582/1876/2993 3587/1881/2997 3588/1882/2998 3583/1877/2994
f 3583/1877/2994 3588/1882/2998 3589/1883/2999 3584/1878/2995
f 3585/1879/2996 3590/1884/3000 3591/1885/3001 3586/1880/2996
f 3586/1880/2996 3591/1885/3001 3592/1886/3002 3587/1881/2997
f 3587/1881/2997 3592/1886/3002 3593/1887/3003 3588/1882/2998
f 3588/1882/2998 3593/1887/3003 3594/1888/3003 3589/1883/2999
f 3590/1884/3000 3595/1889/3004 3596/1890/3005 3591/1885/3001
f 3591/1885/3001 3596/1890/3005 3597/1891/3006 3592/1886/3002
f 3592/1886/3002 3597/1891/3006 3598/1892/3006 3593/1887/3003
f 3593/1887/3003 3598/1892/3006 3599/1893/3007 3594/1888/3003
f 3595/1889/3004 3600/1894/3008 3601/1895/3009 3596/1890/3005
f 3596/1890/3005 3601/1895/3009 3602/1896/3004 3597/1891/3006
f 3597/1891/3006 3602/1896/3004 3603/1897/3005 3598/1892/3006
f 3598/1892/3006 3603/1897/3005 3604/1898/3005 3599/1893/3007
usemtl track_rail
f 3605/1464/3010 3607/1465/3011 3608/1472/3012 3606/1473/3010
f 3607/1465/3011 3609/1474/3013 3610/1478/3013 3608/1472/3012
f 3609/1474/3013 3611/1479/3014 3612/1483/3014 3610/1478/3013
f 3611/1479/3014 3613/1484/3015 3614/1488/3015 3612/1483/3014
f 3613/1484/3015 3615/1489/3016 3616/1493/3016 3614/1488/3015
f 3615/1489/3016 3617/1494/3017 3618/1498/3018 3616/1493/3016
f 3617/1494/3017 3619/1499/3019 3620/1503/3019 3618/1498/3018
f 3619/1499/3019 3621/1504/3020 3622/1508/3020 3620/1503/3019
f 3621/1504/3020 3623/1509/3021 3624/1513/3021 3622/1508/3020
f 3623/1509/3021 3625/1514/3022 3626/1518/3023 3624/1513/3021
f 3625/1514/3022 3627/1519/3024 3628/1523/3024 3626/1518/3023
f 3627/1519/3024 3629/1524/3025 3630/1528/3025 3628/1523/3024
f 3629/1524/3025 3631/1529/3026 3632/1533/3027 3630/1528/3025
f 3631/1529/3026 3633/1534/3028 3634/1538/3028 3632/1533/3027
f 3633/1534/3028 3635/1539/3029 3636/1543/3029 3634/1538/3028
f 3635/1539/3029 3637/1544/3030 3638/1548/3031 3636/1543/3029
f 3637/1544/3030 3639/1549/3032 3640/1553/3033 3638/1548/3031
f 3639/1549/3032 3641/1554/3034 3642/1558/3034 3640/1553/3033
f 3641/1554/3034 3643/1559/3035 3644/1563/3035 3642/1558/3034
f 3643/1559/3035 3645/1564/3036 3646/1568/3036 3644/1563/3035
f 3645/1564/3036 3647/1569/3037 3648/1573/3037 3646/1568/3036
f 3647/1569/3037 3649/1574/3038 3650/1578/3038 3648/1573/3037
f 3649/1574/3038 3651/1579/3039 3652/1583/3039 3650/1578/3038
f 3651/1579/3039 3653/1584/3040 3654/1588/3040 3652/1583/3039
f 3653/1584/3040 3655/1589/3041 3656/1593/3041 3654/1588/3040
f 3655/1589/3041 3657/1594/3042 3658/1598/3042 3656/1593/3041
f 3657/1594/3042 3659/1599/3043 3660/1603/3043 3658/1598/3042
f 3659/1599/3043 3661/1604/3044 3662/1608/3044 3660/1603/3043
f 3661/1604/3044 3663/1609/3045 3664/1613/3045 3662/1608/3044
f 3663/1609/3045 3665/1614/3046 3666/1618/3046 3664/1613/3045
f 3665/1614/3046 3667/1619/3047 3668/1623/3047 3666/1618/3046
f 3667/1619/3047 3669/1624/3048 3670/1628/3048 3668/1623/3047
f 3669/1624/3048 3671/1629/3049 3672/1633/3050 3670/1628/3048
f 3671/1629/3049 3673/1634/3051 3674/1638/3052 3672/1633/3050
f 3673/1634/3051 3675/1639/3053 3676/1643/3054 3674/1638/3052
f 3675/1639/3053 3677/1644/3055 3678/1648/3055 3676/1643/3054
f 3677/1644/3055 3679/1649/3056 3680/1653/3056 3678/1648/3055
f 3679/1649/3056 3681/1654/3057 3682/1658/3057 3680/1653/3056
f 3681/1654/3057 3683/1659/3058 3684/1663/3059 3682/1658/3057
f 3683/1659/3058 3685/1664/3060 3686/1668/3060 3684/1663/3059
f 3685/1664/3060 3687/1669/3061 3688/1673/3061 3686/1668/3060
f 3687/1669/3061 3689/1674/3062 3690/1678/3062 3688/1673/3061
f 3689/1674/3062 3691/1679/3063 3692/1683/3064 3690/1678/3062
f 3691/1679/3063 3693/1684/3065 3694/1688/3065 3692/1683/3064
f 3693/1684/3065 3695/1689/3066 3696/1693/3066 3694/1688/3065
f 3695/1689/3066 3697/1694/3067 3698/1698/3067 3696/1693/3066
f 3697/1694/3067 3699/1699/3068 3700/1703/3069 3698/1698/3067
f 3699/1699/3068 3701/1704/3070 3702/1708/3070 3700/1703/3069
f 3701/1704/3070 3703/1709/3071 3704/1713/3071 3702/1708/3070
f 3703/1709/3071 3705/1714/3072 3706/1718/3072 3704/1713/3071
f 3705/1714/3072 3707/1719/3073 3708/1723/3073 3706/1718/3072
f 3707/1719/3073 3709/1724/3074 3710/1728/3074 3708/1723/3073
f 3709/1724/3074 3711/1729/3075 3712/1733/3075 3710/1728/3074
f 3711/1729/3075 3713/1734/3076 3714/1738/3076 3712/1733/3075
f 3713/1734/3076 3715/1739/3077 3716/1743/3077 3714/1738/3076
f 3715/1739/3077 3717/1744/3078 3718/1748/3078 3716/1743/3077
f 3717/1744/3078 3719/1749/3079 3720/1753/3079 3718/1748/3078
f 3719/1749/3079 3721/1754/3080 3722/1758/3080 3720/1753/3079
f 3721/1754/3080 3723/1759/3081 3724/1763/3081 3722/1758/3080
f 3723/1759/3081 3725/1764/3082 3726/1768/3082 3724/1763/3081
f 3725/1764/3082 3727/1769/3083 3728/1773/3083 3726/1768/3082
f 3727/1769/3083 3729/1774/3084 3730/1778/3084 3728/1773/3083
f 3729/1774/3084 3731/1779/3085 3732/1783/3085 3730/1778/3084
f 3731/1779/3085 3733/1784/3086 3734/1788/3086 3732/1783/3085
f 3733/1784/3086 3735/1789/3087 3736/1793/3087 3734/1788/3086
f 3735/1789/3087 3737/1794/3088 3738/1798/3088 3736/1793/3087
f 3737/1794/3088 3739/1799/3087 3740/1803/3087 3738/1798/3088
f 3739/1799/3087 3741/1804/3089 3742/1808/3089 3740/1803/3087
f 3741/1804/3089 3743/1809/3084 3744/1813/3084 3742/1808/3089
f 3743/1809/3084 3745/1814/3090 3746/1818/3090 3744/1813/3084
f 3745/1814/3090 3747/1819/3091 3748/1823/3091 3746/1818/3090
f 3747/1819/3091 3749/1824/3092 3750/1828/3092 3748/1823/3091
f 3749/1824/3092 3751/1829/3093 3752/1833/3093 3750/1828/3092
f 3751/1829/3093 3753/1834/3094 3754/1838/3094 3752/1833/3093
f 3753/1834/3094 3755/1839/3095 3756/1843/3095 3754/1838/3094
f 3755/1839/3095 3757/1844/3096 3758/1848/3096 3756/1843/3095
f 3757/1844/3096 3759/1849/3097 3760/1853/3097 3758/1848/3096
f 3759/1849/3097 3761/1854/3098 3762/1858/3098 3760/1853/3097
f 3761/1854/3098 3763/1859/3099 3764/1863/3099 3762/1858/3098
f 3763/1859/3099 3765/1864/3100 3766/1868/3100 3764/1863/3099
f 3765/1864/3100 3767/1869/3101 3768/1873/3101 3766/1868/3100
f 3767/1869/3101 3769/1874/3102 3770/1878/3102 3768/1873/3101
f 3769/1874/3102 3771/1879/3103 3772/1883/3103 3770/1878/3102
f 3771/1879/3103 3773/1884/3104 3774/1888/3104 3772/1883/3103
f 3773/1884/3104 3775/1889/3105 3776/1893/3105 3774/1888/3104
f 3775/1889/3105 3777/1894/3105 3778/1898/3105 3776/1893/3105
f 3780/1473/3106 3782/1472/3107 3781/1465/3107 3779/1464/3106
f 3782/1472/3107 3784/1478/3108 3783/1474/3108 3781/1465/3107
f 3784/1478/3108 3786/1483/3109 3785/1479/3110 3783/1474/3108
f 3786/1483/3109 3788/1488/3111 3787/1484/3111 3785/1479/3110
f 3788/1488/3111 3790/1493/3112 3789/1489/3112 3787/1484/3111
f 3790/1493/3112 3792/1498/3113 3791/1494/3113 3789/1489/3112
f 3792/1498/3113 3794/1503/3114 3793/1499/3114 3791/1494/3113
f 3794/1503/3114 3796/1508/3115 3795/1504/3116 3793/1499/3114
f 3796/1508/3115 3798/1513/3117 3797/1509/3117 3795/1504/3116
f 3798/1513/3117 3800/1518/3118 3799/1514/3118 3797/1509/3117
f 3800/1518/3118 3802/1523/3119 3801/1519/3119 3799/1514/3118
f 3802/1523/3119 3804/1528/3120 3803/1524/3120 3801/1519/3119
f 3804/1528/3120 3806/1533/3121 3805/1529/3121 3803/1524/3120
f 3806/1533/3121 3808/1538/3122 3807/1534/3122 3805/1529/3121
f 3808/1538/3122 3810/1543/3123 3809/1539/3123 3807/1534/3122
f 3810/1543/3123 3812/1548/3124 3811/1544/3124 3809/1539/3123
f 3812/1548/3124 3814/1553/3125 3813/1549/3125 3811/1544/3124
f 3814/1553/3125 3816/1558/3126 3815/1554/3126 3813/1549/3125
f 3816/1558/3126 3818/1563/3127 3817/1559/3127 3815/1554/3126
f 3818/1563/3127 3820/1568/3128 3819/1564/3128 3817/1559/3127
f 3820/1568/3128 3822/1573/3129 3821/1569/3129 3819/1564/3128
f 3822/1573/3129 3824/1578/3130 3823/1574/3130 3821/1569/3129
f 3824/1578/3130 3826/1583/3131 3825/1579/3131 3823/1574/3130
f 3826/1583/3131 3828/1588/3132 3827/1584/3132 3825/1579/3131
f 3828/1588/3132 3830/1593/3133 3829/1589/3133 3827/1584/3132
f 3830/1593/3133 3832/1598/3134 3831/1594/3134 3829/1589/3133
f 3832/1598/3134 3834/1603/3135 3833/1599/3136 3831/1594/3134
f 3834/1603/3135 3836/1608/3137 3835/1604/3138 3833/1599/3136
f 3836/1608/3137 3838/1613/3139 3837/1609/3139 3835/1604/3138
f 3838/1613/3139 3840/1618/3140 3839/1614/3141 3837/1609/3139
f 3840/1618/3140 3842/1623/3142 3841/1619/3142 3839/1614/3141
f 3842/1623/3142 3844/1628/3143 3843/1624/3143 3841/1619/3142
f 3844/1628/3143 3846/1633/3144 3845/1629/3144 3843/1624/3143
f 3846/1633/3144 3848/1638/3145 3847/1634/3145 3845/1629/3144
f 3848/1638/3145 3850/1643/3146 3849/1639/3146 3847/1634/3145
f 3850/1643/3146 3852/1648/3147 3851/1644/3147 3849/1639/3146
f 3852/1648/3147 3854/1653/3148 3853/1649/3148 3851/1644/3147
f 3854/1653/3148 3856/1658/3149 3855/1654/3149 3853/1649/3148
f 3856/1658/3149 3858/1663/3150 3857/1659/3150 3855/1654/3149
f 3858/1663/3150 3860/1668/3151 3859/1664/3151 3857/1659/3150
f 3860/1668/3151 3862/1673/3152 3861/1669/3152 3859/1664/3151
f 3862/1673/3152 3864/1678/3153 3863/1674/3154 3861/1669/3152
f 3864/1678/3153 3866/1683/3155 3865/1679/3156 3863/1674/3154
f 3866/1683/3155 3868/1688/3157 3867/1684/3158 3865/1679/3156
f 3868/1688/3157 3870/1693/3159 3869/1689/3159 3867/1684/3158
f 3870/1693/3159 3872/1698/3160 3871/1694/3160 3869/1689/3159
f 3872/1698/3160 3874/1703/3161 3873/1699/3162 3871/1694/3160
f 3874/1703/3161 3876/1708/3163 3875/1704/3164 3873/1699/3162
f 3876/1708/3163 3878/1713/3165 3877/1709/3166 3875/1704/3164
f 3878/1713/3165 3880/1718/3167 3879/1714/3167 3877/1709/3166
f 3880/1718/3167 3882/1723/3168 3881/1719/3168 3879/1714/3167
f 3882/1723/3168 3884/1728/3169 3883/1724/3169 3881/1719/3168
f 3884/1728/3169 3886/1733/3170 3885/1729/3170 3883/1724/3169
f 3886/1733/3170 3888/1738/3171 3887/1734/3172 3885/1729/3170
f 3888/1738/3171 3890/1743/3173 3889/1739/3173 3887/1734/3172
f 3890/1743/3173 3892/1748/3174 3891/1744/3174 3889/1739/3173
f 3892/1748/3174 3894/1753/3175 3893/1749/3175 3891/1744/3174
f 3894/1753/3175 3896/1758/3176 3895/1754/3176 3893/1749/3175
f 3896/1758/3176 3898/1763/3177 3897/1759/3178 3895/1754/3176
f 3898/1763/3177 3900/1768/3179 3899/1764/3179 3897/1759/3178
f 3900/1768/3179 3902/1773/3180 3901/1769/3180 3899/1764/3179
f 3902/1773/3180 3904/1778/3181 3903/1774/3181 3901/1769/3180
f 3904/1778/3181 3906/1783/3182 3905/1779/3182 3903/1774/3181
f 3906/1783/3182 3908/1788/3183 3907/1784/3183 3905/1779/3182
f 3908/1788/3183 3910/1793/3184 3909/1789/3184 3907/1784/3183
f 3910/1793/3184 3912/1798/3185 3911/1794/3185 3909/1789/3184
f 3912/1798/3185 3914/1803/3184 3913/1799/3184 3911/1794/3185
f 3914/1803/3184 3916/1808/3186 3915/1804/3186 3913/1799/3184
f 3916/1808/3186 3918/1813/3181 3917/1809/3181 3915/1804/3186
f 3918/1813/3181 3920/1818/3187 3919/1814/3187 3917/1809/3181
f 3920/1818/3187 3922/1823/3188 3921/1819/3188 3919/1814/3187
f 3922/1823/3188 3924/1828/3189 3923/1824/3189 3921/1819/3188
f 3924/1828/3189 3926/1833/3190 3925/1829/3190 3923/1824/3189
f 3926/1833/3190 3928/1838/3191 3927/1834/3191 3925/1829/3190
f 3928/1838/3191 3930/1843/3192 3929/1839/3192 3927/1834/3191
f 3930/1843/3192 3932/1848/3193 3931/1844/3193 3929/1839/3192
f 3932/1848/3193 3934/1853/3194 3933/1849/3194 3931/1844/3193
f 3934/1853/3194 3936/1858/3195 3935/1854/3195 3933/1849/3194
f 3936/1858/3195 3938/1863/3196 3937/1859/3196 3935/1854/3195
f 3938/1863/3196 3940/1868/3197 3939/1864/3197 3937/1859/3196
f 3940/1868/3197 3942/1873/3198 3941/1869/3198 3939/1864/3197
f 3942/1873/3198 3944/1878/3199 3943/1874/3199 3941/1869/3198
f 3944/1878/3199 3946/1883/3200 3945/1879/3200 3943/1874/3199
f 3946/1883/3200 3948/1888/3201 3947/1884/3201 3945/1879/3200
f 3948/1888/3201 3950/1893/3202 3949/1889/3202 3947/1884/3201
f 3950/1893/3202 3952/1898/3202 3951/1894/3202 3949/1889/3202
o MXTRoadSegment.025_PreviewMesh
v -32.000549 0.000000 0.000002 0.7353 0.7353 0.7353
v -16.000547 0.000000 0.000001 0.7353 0.7353 0.7353
v -0.000548 0.000000 0.000000 0.7353 0.7353 0.7353
v 15.999453 0.000000 -0.000001 0.7353 0.7353 0.7353
v 31.999453 0.000000 -0.000002 0.7353 0.7353 0.7353
v -31.895960 12.854125 0.022258 0.7353 0.7353 0.7353
v -15.898413 13.134271 0.028046 0.7353 0.7353 0.7353
v 0.099133 13.414416 0.033834 0.7353 0.7353 0.7353
v 16.096680 13.694562 0.039622 0.7353 0.7353 0.7353
v 32.094227 13.974708 0.045410 0.7353 0.7353 0.7353
v -31.710365 25.123749 0.076332 0.7353 0.7353 0.7353
v -15.718472 25.632906 0.085921 0.7353 0.7353 0.7353
v 0.273421 26.142061 0.095510 0.7353 0.7353 0.7353
v 16.265316 26.651217 0.105099 0.7353 0.7353 0.7353
v 32.257210 27.160374 0.114688 0.7353 0.7353 0.7353
v -31.526590 37.151131 0.134879 0.7353 0.7353 0.7353
v -15.542566 37.865849 0.147165 0.7353 0.7353 0.7353
v 0.441458 38.580563 0.159451 0.7353 0.7353 0.7353
v 16.425482 39.295277 0.171738 0.7353 0.7353 0.7353
v 32.409508 40.009995 0.184024 0.7353 0.7353 0.7353
v -31.384590 49.033020 0.185120 0.7353 0.7353 0.7353
v -15.410338 49.940254 0.199319 0.7353 0.7353 0.7353
v 0.563914 50.847485 0.213518 0.7353 0.7353 0.7353
v 16.538166 51.754715 0.227717 0.7353 0.7353 0.7353
v 32.512417 52.661949 0.241916 0.7353 0.7353 0.7353
v -31.313702 60.806828 0.218030 0.7353 0.7353 0.7353
v -15.351040 61.899166 0.233508 0.7353 0.7353 0.7353
v 0.611621 62.991508 0.248985 0.7353 0.7353 0.7353
v 16.574284 64.083847 0.264462 0.7353 0.7353 0.7353
v 32.536945 65.176193 0.279940 0.7353 0.7353 0.7353
v -31.341709 72.486023 0.225356 0.7353 0.7353 0.7353
v -15.392506 73.759842 0.241552 0.7353 0.7353 0.7353
v 0.556698 75.033669 0.257748 0.7353 0.7353 0.7353
v 16.505901 76.307495 0.273944 0.7353 0.7353 0.7353
v 32.455105 77.581314 0.290139 0.7353 0.7353 0.7353
v -31.499693 84.070343 0.198106 0.7353 0.7353 0.7353
v -15.565969 85.525047 0.214490 0.7353 0.7353 0.7353
v 0.367755 86.979752 0.230874 0.7353 0.7353 0.7353
v 16.301479 88.434456 0.247257 0.7353 0.7353 0.7353
v 32.235203 89.889160 0.263641 0.7353 0.7353 0.7353
v -31.826624 95.547752 0.125194 0.7353 0.7353 0.7353
v -15.910681 97.185585 0.141229 0.7353 0.7353 0.7353
v 0.005262 98.823418 0.157264 0.7353 0.7353 0.7353
v 15.921206 100.461250 0.173300 0.7353 0.7353 0.7353
v 31.837149 102.099083 0.189335 0.7353 0.7353 0.7353
v -32.375935 106.891563 -0.008433 0.7353 0.7353 0.7353
v -16.480520 108.717911 0.006675 0.7353 0.7353 0.7353
v -0.585104 110.544250 0.021784 0.7353 0.7353 0.7353
v 15.310311 112.370590 0.036892 0.7353 0.7353 0.7353
v 31.205727 114.196938 0.052000 0.7353 0.7353 0.7353
v -33.227299 118.050606 -0.225099 0.7353 0.7353 0.7353
v -17.355869 120.074852 -0.211586 0.7353 0.7353 0.7353
v -1.484440 122.099098 -0.198073 0.7353 0.7353 0.7353
v 14.386989 124.123344 -0.184560 0.7353 0.7353 0.7353
v 30.258417 126.147591 -0.171048 0.7353 0.7353 0.7353
v -34.596802 129.187286 -0.572104 0.7353 0.7353 0.7353
v -18.731981 131.434189 -0.560381 0.7353 0.7353 0.7353
v -2.867159 133.681091 -0.548658 0.7353 0.7353 0.7353
v 12.997662 135.927994 -0.536935 0.7353 0.7353 0.7353
v 28.862482 138.174896 -0.525211 0.7353 0.7353 0.7353
v -37.388847 141.236511 -1.089621 0.7353 0.7353 0.7353
v -21.220791 143.859024 -1.072494 0.7353 0.7353 0.7353
v -5.052731 146.481537 -1.055367 0.7353 0.7353 0.7353
v 11.115328 149.104050 -1.038240 0.7353 0.7353 0.7353
v 27.283386 151.726562 -1.021113 0.7353 0.7353 0.7353
v -40.744732 151.832886 -1.626979 0.7353 0.7353 0.7353
v -24.172783 154.938416 -1.603446 0.7353 0.7353 0.7353
v -7.600832 158.043961 -1.579914 0.7353 0.7353 0.7353
v 8.971118 161.149506 -1.556382 0.7353 0.7353 0.7353
v 25.543068 164.255035 -1.532850 0.7353 0.7353 0.7353
v -44.786766 162.016953 -2.224880 0.7353 0.7353 0.7353
v -27.728720 165.745956 -2.193557 0.7353 0.7353 0.7353
v -10.670675 169.474945 -2.162234 0.7353 0.7353 0.7353
v 6.387370 173.203934 -2.130911 0.7353 0.7353 0.7353
v 23.445414 176.932938 -2.099588 0.7353 0.7353 0.7353
v -49.439045 171.749619 -2.880657 0.7353 0.7353 0.7353
v -31.846039 176.249649 -2.840390 0.7353 0.7353 0.7353
v -14.253034 180.749664 -2.800122 0.7353 0.7353 0.7353
v 3.339971 185.249680 -2.759855 0.7353 0.7353 0.7353
v 20.932976 189.749710 -2.719587 0.7353 0.7353 0.7353
v -54.629181 180.994522 -3.590979 0.7353 0.7353 0.7353
v -36.482353 186.419434 -3.540954 0.7353 0.7353 0.7353
v -18.335526 191.844345 -3.490930 0.7353 0.7353 0.7353
v -0.188697 197.269257 -3.440905 0.7353 0.7353 0.7353
v 17.958132 202.694168 -3.390881 0.7353 0.7353 0.7353
v -60.285286 189.720673 -4.351848 0.7353 0.7353 0.7353
v -41.594086 196.228561 -4.291713 0.7353 0.7353 0.7353
v -22.902885 202.736450 -4.231579 0.7353 0.7353 0.7353
v -4.211686 209.244339 -4.171445 0.7353 0.7353 0.7353
v 14.479514 215.752228 -4.111311 0.7353 0.7353 0.7353
v -66.335129 197.904327 -5.158622 0.7353 0.7353 0.7353
v -47.136246 205.654419 -5.088603 0.7353 0.7353 0.7353
v -27.937363 213.404510 -5.018583 0.7353 0.7353 0.7353
v -8.738478 221.154602 -4.948564 0.7353 0.7353 0.7353
v 10.460406 228.904694 -4.878544 0.7353 0.7353 0.7353
v -72.706848 205.530777 -6.006058 0.7353 0.7353 0.7353
v -53.063004 214.679611 -5.927058 0.7353 0.7353 0.7353
v -33.419155 223.828430 -5.848059 0.7353 0.7353 0.7353
v -13.775308 232.977249 -5.769060 0.7353 0.7353 0.7353
v 5.868540 242.126083 -5.690061 0.7353 0.7353 0.7353
v -79.330544 212.595245 -6.888329 0.7353 0.7353 0.7353
v -59.328651 223.292053 -6.802015 0.7353 0.7353 0.7353
v -39.326756 233.988876 -6.715701 0.7353 0.7353 0.7353
v -19.324862 244.685699 -6.629387 0.7353 0.7353 0.7353
v 0.677033 255.382507 -6.543074 0.7353 0.7353 0.7353
v -86.140923 219.103531 -7.799060 0.7353 0.7353 0.7353
v -65.889145 231.485184 -7.707896 0.7353 0.7353 0.7353
v -45.637367 243.866821 -7.616732 0.7353 0.7353 0.7353
v -25.385590 256.248474 -7.525568 0.7353 0.7353 0.7353
v -5.133813 268.630096 -7.434403 0.7353 0.7353 0.7353
v -93.080177 225.072815 -8.731201 0.7353 0.7353 0.7353
v -72.703247 239.257706 -8.638429 0.7353 0.7353 0.7353
v -52.326317 253.442596 -8.545656 0.7353 0.7353 0.7353
v -31.949387 267.627502 -8.452884 0.7353 0.7353 0.7353
v -11.572456 281.812378 -8.360111 0.7353 0.7353 0.7353
v -100.103210 230.531250 -9.676970 0.7353 0.7353 0.7353
v -79.735260 246.612717 -9.586506 0.7353 0.7353 0.7353
v -59.367306 262.694183 -9.496040 0.7353 0.7353 0.7353
v -38.999352 278.775635 -9.405575 0.7353 0.7353 0.7353
v -18.631401 294.857117 -9.315110 0.7353 0.7353 0.7353
v -107.183517 235.519424 -10.627398 0.7353 0.7353 0.7353
v -86.956963 253.557068 -10.543591 0.7353 0.7353 0.7353
v -66.730408 271.594696 -10.459784 0.7353 0.7353 0.7353
v -46.503853 289.632324 -10.375977 0.7353 0.7353 0.7353
v -26.277302 307.669952 -10.292169 0.7353 0.7353 0.7353
v -114.323219 240.092606 -11.571499 0.7353 0.7353 0.7353
v -94.351082 260.099945 -11.498689 0.7353 0.7353 0.7353
v -74.378944 280.107269 -11.425879 0.7353 0.7353 0.7353
v -54.406807 300.114594 -11.353070 0.7353 0.7353 0.7353
v -34.434669 320.121948 -11.280260 0.7353 0.7353 0.7353
v -121.569939 244.329361 -12.494202 0.7353 0.7353 0.7353
v -101.915550 266.251831 -12.435884 0.7353 0.7353 0.7353
v -82.261154 288.174286 -12.377566 0.7353 0.7353 0.7353
v -62.606762 310.096741 -12.319249 0.7353 0.7353 0.7353
v -42.952370 332.019226 -12.260931 0.7353 0.7353 0.7353
v -129.048416 248.362900 -13.370594 0.7353 0.7353 0.7353
v -109.666908 272.027069 -13.327759 0.7353 0.7353 0.7353
v -90.285400 295.691254 -13.284923 0.7353 0.7353 0.7353
v -70.903893 319.355438 -13.242086 0.7353 0.7353 0.7353
v -51.522377 343.019623 -13.199251 0.7353 0.7353 0.7353
v -137.024551 252.504135 -14.146141 0.7353 0.7353 0.7353
v -117.628288 277.462219 -14.113461 0.7353 0.7353 0.7353
v -98.232033 302.420319 -14.080781 0.7353 0.7353 0.7353
v -78.835777 327.378418 -14.048100 0.7353 0.7353 0.7353
v -59.439518 352.336517 -14.015421 0.7353 0.7353 0.7353
v -151.147232 258.792419 -15.280341 0.7353 0.7353 0.7353
v -132.416428 286.374878 -15.312607 0.7353 0.7353 0.7353
v -113.685623 313.957336 -15.344872 0.7353 0.7353 0.7353
v -94.954819 341.539795 -15.377138 0.7353 0.7353 0.7353
v -76.224014 369.122253 -15.409404 0.7353 0.7353 0.7353
v -159.239655 261.935303 -15.928180 0.7353 0.7353 0.7353
v -141.335114 291.212585 -16.003981 0.7353 0.7353 0.7353
v -123.430573 320.489899 -16.079782 0.7353 0.7353 0.7353
v -105.526031 349.767212 -16.155584 0.7353 0.7353 0.7353
v -87.621490 379.044495 -16.231384 0.7353 0.7353 0.7353
v -167.241501 264.610870 -16.544479 0.7353 0.7353 0.7353
v -150.420181 295.574890 -16.660439 0.7353 0.7353 0.7353
v -133.598846 326.538910 -16.776398 0.7353 0.7353 0.7353
v -116.777519 357.502930 -16.892357 0.7353 0.7353 0.7353
v -99.956192 388.466949 -17.008316 0.7353 0.7353 0.7353
v -175.274796 266.788086 -17.118443 0.7353 0.7353 0.7353
v -159.767090 299.378357 -17.267874 0.7353 0.7353 0.7353
v -144.259384 331.968628 -17.417305 0.7353 0.7353 0.7353
v -128.751678 364.558899 -17.566736 0.7353 0.7353 0.7353
v -113.243973 397.149170 -17.716167 0.7353 0.7353 0.7353
v -183.450439 268.472870 -17.639406 0.7353 0.7353 0.7353
v -169.436890 302.570557 -17.812887 0.7353 0.7353 0.7353
v -155.423340 336.668243 -17.986366 0.7353 0.7353 0.7353
v -141.409790 370.765930 -18.159845 0.7353 0.7353 0.7353
v -127.396240 404.863617 -18.333326 0.7353 0.7353 0.7353
v -191.847565 269.710846 -18.099640 0.7353 0.7353 0.7353
v -179.440186 305.147339 -18.286266 0.7353 0.7353 0.7353
v -167.032791 340.583862 -18.472893 0.7353 0.7353 0.7353
v -154.625397 376.020386 -18.659519 0.7353 0.7353 0.7353
v -142.218018 411.456879 -18.846146 0.7353 0.7353 0.7353
v -200.505188 270.577179 -18.496477 0.7353 0.7353 0.7353
v -189.743668 307.155304 -18.685415 0.7353 0.7353 0.7353
v -178.982147 343.733459 -18.874353 0.7353 0.7353 0.7353
v -168.220627 380.311615 -19.063292 0.7353 0.7353 0.7353
v -157.459106 416.889740 -19.252230 0.7353 0.7353 0.7353
v -209.430313 271.157440 -18.832331 0.7353 0.7353 0.7353
v -200.293671 308.675293 -19.014030 0.7353 0.7353 0.7353
v -191.157013 346.193176 -19.195728 0.7353 0.7353 0.7353
v -182.020355 383.711060 -19.377426 0.7353 0.7353 0.7353
v -172.883713 421.228912 -19.559126 0.7353 0.7353 0.7353
v -218.612305 271.530121 -19.112896 0.7353 0.7353 0.7353
v -211.037598 309.798676 -19.279680 0.7353 0.7353 0.7353
v -203.462891 348.067230 -19.446465 0.7353 0.7353 0.7353
v -195.888184 386.335785 -19.613249 0.7353 0.7353 0.7353
v -188.313477 424.604340 -19.780033 0.7353 0.7353 0.7353
v -228.034424 271.758698 -19.345066 0.7353 0.7353 0.7353
v -221.934311 310.610413 -19.491203 0.7353 0.7353 0.7353
v -215.834213 349.462128 -19.637341 0.7353 0.7353 0.7353
v -209.734116 388.313843 -19.783478 0.7353 0.7353 0.7353
v -203.634003 427.165558 -19.929615 0.7353 0.7353 0.7353
v -237.679611 271.890533 -19.535564 0.7353 0.7353 0.7353
v -232.954971 311.181366 -19.657049 0.7353 0.7353 0.7353
v -228.230316 350.472168 -19.778536 0.7353 0.7353 0.7353
v -223.505661 389.762970 -19.900023 0.7353 0.7353 0.7353
v -218.781021 429.053802 -20.021507 0.7353 0.7353 0.7353
v -247.532303 271.959656 -19.690275 0.7353 0.7353 0.7353
v -244.079987 311.567352 -19.784540 0.7353 0.7353 0.7353
v -240.627686 351.175049 -19.878803 0.7353 0.7353 0.7353
v -237.175385 390.782745 -19.973066 0.7353 0.7353 0.7353
v -233.723068 430.390442 -20.067331 0.7353 0.7353 0.7353
v -257.579376 271.990295 -19.814104 0.7353 0.7353 0.7353
v -255.296555 311.811523 -19.879725 0.7353 0.7353 0.7353
v -253.013748 351.632721 -19.945345 0.7353 0.7353 0.7353
v -250.730942 391.453918 -20.010965 0.7353 0.7353 0.7353
v -248.448120 431.275146 -20.076586 0.7353 0.7353 0.7353
v -267.809662 271.999542 -19.911026 0.7353 0.7353 0.7353
v -266.595978 311.946564 -19.947498 0.7353 0.7353 0.7353
v -265.382263 351.893555 -19.983971 0.7353 0.7353 0.7353
v -264.168549 391.840546 -20.020443 0.7353 0.7353 0.7353
v -262.954865 431.787567 -20.056915 0.7353 0.7353 0.7353
v -278.218140 271.999878 -19.984123 0.7353 0.7353 0.7353
v -277.976135 311.997437 -19.991680 0.7353 0.7353 0.7353
v -277.734161 351.994995 -19.999237 0.7353 0.7353 0.7353
v -277.492188 391.992554 -20.006794 0.7353 0.7353 0.7353
v -277.250183 431.990112 -20.014351 0.7353 0.7353 0.7353
v -281.000031 272.000000 -20.000000 0.7353 0.7353 0.7353
v -281.000000 312.000000 -20.000000 0.7353 0.7353 0.7353
v -281.000000 352.000000 -20.000000 0.7353 0.7353 0.7353
v -281.000000 392.000000 -20.000000 0.7353 0.7353 0.7353
v -280.999969 432.000000 -20.000000 0.7353 0.7353 0.7353
v 31.999453 0.000000 -0.000002 0.9063 0.9063 0.9063
v 31.999453 0.000000 -6.750000 0.9063 0.9063 0.9063
v 32.094227 13.974708 0.045410 0.9063 0.9063 0.9063
v 32.097195 13.944540 -6.704520 0.9063 0.9063 0.9063
v 32.257210 27.160374 0.114688 0.9063 0.9063 0.9063
v 32.263000 27.105581 -6.635086 0.9063 0.9063 0.9063
v 32.409508 40.009995 0.184024 0.9063 0.9063 0.9063
v 32.418133 39.933128 -6.565531 0.9063 0.9063 0.9063
v 32.512417 52.661949 0.241916 0.9063 0.9063 0.9063
v 32.523956 52.564434 -6.507368 0.9063 0.9063 0.9063
v 32.536945 65.176193 0.279940 0.9063 0.9063 0.9063
v 32.551517 65.058846 -6.469023 0.9063 0.9063 0.9063
v 32.455105 77.581314 0.290139 0.9063 0.9063 0.9063
v 32.472881 77.444550 -6.458450 0.9063 0.9063 0.9063
v 32.235203 89.889160 0.263641 0.9063 0.9063 0.9063
v 32.256393 89.733055 -6.484519 0.9063 0.9063 0.9063
v 31.837149 102.099083 0.189335 0.9063 0.9063 0.9063
v 31.862022 101.923424 -6.558332 0.9063 0.9063 0.9063
v 31.205727 114.196938 0.052000 0.9063 0.9063 0.9063
v 31.234632 114.001175 -6.695097 0.9063 0.9063 0.9063
v 30.258417 126.147591 -0.171048 0.9063 0.9063 0.9063
v 30.291817 125.930740 -6.917480 0.9063 0.9063 0.9063
v 28.862482 138.174896 -0.525211 0.9063 0.9063 0.9063
v 28.901155 137.937027 -7.270906 0.9063 0.9063 0.9063
v 27.283386 151.726562 -1.021113 0.9063 0.9063 0.9063
v 27.329664 151.485306 -7.766640 0.9063 0.9063 0.9063
v 25.543068 164.255035 -1.532850 0.9063 0.9063 0.9063
v 25.598698 164.009308 -8.278144 0.9063 0.9063 0.9063
v 23.445414 176.932938 -2.099588 0.9063 0.9063 0.9063
v 23.512655 176.682007 -8.844584 0.9063 0.9063 0.9063
v 20.932976 189.749710 -2.719587 0.9063 0.9063 0.9063
v 21.014042 189.493134 -9.464220 0.9063 0.9063 0.9063
v 17.958132 202.694168 -3.390881 0.9063 0.9063 0.9063
v 18.055170 202.431763 -10.135078 0.9063 0.9063 0.9063
v 14.479514 215.752228 -4.111311 0.9063 0.9063 0.9063
v 14.594571 215.484085 -10.855000 0.9063 0.9063 0.9063
v 10.460406 228.904694 -4.878544 0.9063 0.9063 0.9063
v 10.595389 228.631226 -11.621651 0.9063 0.9063 0.9063
v 5.868540 242.126083 -5.690061 0.9063 0.9063 0.9063
v 6.025173 241.847992 -12.432508 0.9063 0.9063 0.9063
v 0.677033 255.382507 -6.543074 0.9063 0.9063 0.9063
v 0.856806 255.100754 -13.284792 0.9063 0.9063 0.9063
v -5.133813 268.630096 -7.434403 0.9063 0.9063 0.9063
v -4.929708 268.345886 -14.175325 0.9063 0.9063 0.9063
v -11.572456 281.812378 -8.360111 0.9063 0.9063 0.9063
v -11.343190 281.527130 -15.100181 0.9063 0.9063 0.9063
v -18.631401 294.857117 -9.315110 0.9063 0.9063 0.9063
v -18.376602 294.572296 -16.054281 0.9063 0.9063 0.9063
v -26.277302 307.669952 -10.292169 0.9063 0.9063 0.9063
v -25.997168 307.387146 -17.030418 0.9063 0.9063 0.9063
v -34.434669 320.121948 -11.280260 0.9063 0.9063 0.9063
v -34.130157 319.842468 -18.017593 0.9063 0.9063 0.9063
v -42.952370 332.019226 -12.260931 0.9063 0.9063 0.9063
v -42.625542 331.744110 -18.997398 0.9063 0.9063 0.9063
v -51.522377 343.019623 -13.199251 0.9063 0.9063 0.9063
v -51.177158 342.749054 -19.934984 0.9063 0.9063 0.9063
v -59.439518 352.336517 -14.015421 0.9063 0.9063 0.9063
v -59.083862 352.068909 -20.750731 0.9063 0.9063 0.9063
v -76.224014 369.122253 -15.409404 0.9063 0.9063 0.9063
v -75.893501 368.889923 -22.147301 0.9063 0.9063 0.9063
v -87.621490 379.044495 -16.231384 0.9063 0.9063 0.9063
v -87.311646 378.837585 -22.971092 0.9063 0.9063 0.9063
v -99.956192 388.466949 -17.008316 0.9063 0.9063 0.9063
v -99.669884 388.286163 -23.749817 0.9063 0.9063 0.9063
v -113.243973 397.149170 -17.716167 0.9063 0.9063 0.9063
v -112.983658 396.994385 -24.459370 0.9063 0.9063 0.9063
v -127.396240 404.863617 -18.333326 0.9063 0.9063 0.9063
v -127.163635 404.733704 -25.078066 0.9063 0.9063 0.9063
v -142.218018 411.456879 -18.846146 0.9063 0.9063 0.9063
v -142.013855 411.349884 -25.592209 0.9063 0.9063 0.9063
v -157.459106 416.889740 -19.252230 0.9063 0.9063 0.9063
v -157.283157 416.803131 -25.999380 0.9063 0.9063 0.9063
v -172.883713 421.228912 -19.559126 0.9063 0.9063 0.9063
v -172.734985 421.160004 -26.307135 0.9063 0.9063 0.9063
v -188.313477 424.604340 -19.780033 0.9063 0.9063 0.9063
v -188.190521 424.550568 -26.528700 0.9063 0.9063 0.9063
v -203.634003 427.165558 -19.929615 0.9063 0.9063 0.9063
v -203.535110 427.124634 -26.678766 0.9063 0.9063 0.9063
v -218.781021 429.053802 -20.021507 0.9063 0.9063 0.9063
v -218.704437 429.023712 -26.771006 0.9063 0.9063 0.9063
v -233.723068 430.390442 -20.067331 0.9063 0.9063 0.9063
v -233.667068 430.369507 -26.817066 0.9063 0.9063 0.9063
v -248.448120 431.275146 -20.076586 0.9063 0.9063 0.9063
v -248.411026 431.261871 -26.826471 0.9063 0.9063 0.9063
v -262.954865 431.787567 -20.056915 0.9063 0.9063 0.9063
v -262.935089 431.780792 -26.806883 0.9063 0.9063 0.9063
v -277.250183 431.990112 -20.014351 0.9063 0.9063 0.9063
v -277.246246 431.988800 -26.764349 0.9063 0.9063 0.9063
v -280.999969 432.000000 -20.000000 0.9063 0.9063 0.9063
v -280.999969 432.000000 -26.750000 0.9063 0.9063 0.9063
v -32.000549 0.000000 0.000002 0.9063 0.9063 0.9063
v -32.000549 0.000000 -6.749997 0.9063 0.9063 0.9063
v -31.895960 12.854125 0.022258 0.9063 0.9063 0.9063
v -31.892988 12.823956 -6.727673 0.9063 0.9063 0.9063
v -31.710365 25.123749 0.076332 0.9063 0.9063 0.9063
v -31.704575 25.068956 -6.673442 0.9063 0.9063 0.9063
v -31.526590 37.151131 0.134879 0.9063 0.9063 0.9063
v -31.517965 37.074265 -6.614676 0.9063 0.9063 0.9063
v -31.384590 49.033020 0.185120 0.9063 0.9063 0.9063
v -31.373053 48.935509 -6.564164 0.9063 0.9063 0.9063
v -31.313702 60.806828 0.218030 0.9063 0.9063 0.9063
v -31.299128 60.689480 -6.530932 0.9063 0.9063 0.9063
v -31.341709 72.486023 0.225356 0.9063 0.9063 0.9063
v -31.323935 72.349251 -6.523233 0.9063 0.9063 0.9063
v -31.499693 84.070343 0.198106 0.9063 0.9063 0.9063
v -31.478502 83.914238 -6.550054 0.9063 0.9063 0.9063
v -31.826624 95.547752 0.125194 0.9063 0.9063 0.9063
v -31.801750 95.372101 -6.622473 0.9063 0.9063 0.9063
v -32.375935 106.891563 -0.008433 0.9063 0.9063 0.9063
v -32.347031 106.695801 -6.755530 0.9063 0.9063 0.9063
v -33.227299 118.050606 -0.225099 0.9063 0.9063 0.9063
v -33.193897 117.833763 -6.971530 0.9063 0.9063 0.9063
v -34.596802 129.187286 -0.572104 0.9063 0.9063 0.9063
v -34.558128 128.949417 -7.317799 0.9063 0.9063 0.9063
v -37.388847 141.236511 -1.089621 0.9063 0.9063 0.9063
v -37.342571 140.995255 -7.835148 0.9063 0.9063 0.9063
v -40.744732 151.832886 -1.626979 0.9063 0.9063 0.9063
v -40.689102 151.587143 -8.372272 0.9063 0.9063 0.9063
v -44.786766 162.016953 -2.224880 0.9063 0.9063 0.9063
v -44.719524 161.766022 -8.969876 0.9063 0.9063 0.9063
v -49.439045 171.749619 -2.880657 0.9063 0.9063 0.9063
v -49.357979 171.493042 -9.625291 0.9063 0.9063 0.9063
v -54.629181 180.994522 -3.590979 0.9063 0.9063 0.9063
v -54.532143 180.732101 -10.335176 0.9063 0.9063 0.9063
v -60.285286 189.720673 -4.351848 0.9063 0.9063 0.9063
v -60.170231 189.452545 -11.095536 0.9063 0.9063 0.9063
v -66.335129 197.904327 -5.158622 0.9063 0.9063 0.9063
v -66.200150 197.630859 -11.901728 0.9063 0.9063 0.9063
v -72.706848 205.530777 -6.006058 0.9063 0.9063 0.9063
v -72.550217 205.252686 -12.748506 0.9063 0.9063 0.9063
v -79.330544 212.595245 -6.888329 0.9063 0.9063 0.9063
v -79.150772 212.313492 -13.630047 0.9063 0.9063 0.9063
v -86.140923 219.103531 -7.799060 0.9063 0.9063 0.9063
v -85.936813 218.819321 -14.539983 0.9063 0.9063 0.9063
v -93.080177 225.072815 -8.731201 0.9063 0.9063 0.9063
v -92.850914 224.787552 -15.471270 0.9063 0.9063 0.9063
v -100.103210 230.531250 -9.676970 0.9063 0.9063 0.9063
v -99.848412 230.246445 -16.416143 0.9063 0.9063 0.9063
v -107.183517 235.519424 -10.627398 0.9063 0.9063 0.9063
v -106.903381 235.236603 -17.365648 0.9063 0.9063 0.9063
v -114.323219 240.092606 -11.571499 0.9063 0.9063 0.9063
v -114.018707 239.813141 -18.308832 0.9063 0.9063 0.9063
v -121.569939 244.329361 -12.494202 0.9063 0.9063 0.9063
v -121.243111 244.054260 -19.230667 0.9063 0.9063 0.9063
v -129.048416 248.362900 -13.370594 0.9063 0.9063 0.9063
v -128.703201 248.092346 -20.106327 0.9063 0.9063 0.9063
v -137.024551 252.504135 -14.146141 0.9063 0.9063 0.9063
v -136.668900 252.236557 -20.881451 0.9063 0.9063 0.9063
v -151.147232 258.792419 -15.280341 0.9063 0.9063 0.9063
v -150.816711 258.560089 -22.018238 0.9063 0.9063 0.9063
v -159.239655 261.935303 -15.928180 0.9063 0.9063 0.9063
v -158.929810 261.728363 -22.667887 0.9063 0.9063 0.9063
v -167.241501 264.610870 -16.544479 0.9063 0.9063 0.9063
v -166.955200 264.430084 -23.285980 0.9063 0.9063 0.9063
v -175.274796 266.788086 -17.118443 0.9063 0.9063 0.9063
v -175.014481 266.633301 -23.861643 0.9063 0.9063 0.9063
v -183.450439 268.472870 -17.639406 0.9063 0.9063 0.9063
v -183.217834 268.342957 -24.384146 0.9063 0.9063 0.9063
v -191.847565 269.710846 -18.099640 0.9063 0.9063 0.9063
v -191.643417 269.603821 -24.845703 0.9063 0.9063 0.9063
v -200.505188 270.577179 -18.496477 0.9063 0.9063 0.9063
v -200.329254 270.490570 -25.243629 0.9063 0.9063 0.9063
v -209.430313 271.157440 -18.832331 0.9063 0.9063 0.9063
v -209.281601 271.088531 -25.580341 0.9063 0.9063 0.9063
v -218.612305 271.530121 -19.112896 0.9063 0.9063 0.9063
v -218.489349 271.476379 -25.861563 0.9063 0.9063 0.9063
v -228.034424 271.758698 -19.345066 0.9063 0.9063 0.9063
v -227.935532 271.717804 -26.094217 0.9063 0.9063 0.9063
v -237.679611 271.890533 -19.535564 0.9063 0.9063 0.9063
v -237.603043 271.860474 -26.285063 0.9063 0.9063 0.9063
v -247.532303 271.959656 -19.690275 0.9063 0.9063 0.9063
v -247.476288 271.938721 -26.440010 0.9063 0.9063 0.9063
v -257.579376 271.990295 -19.814104 0.9063 0.9063 0.9063
v -257.542267 271.977051 -26.563990 0.9063 0.9063 0.9063
v -267.809662 271.999542 -19.911026 0.9063 0.9063 0.9063
v -267.789917 271.992798 -26.660994 0.9063 0.9063 0.9063
v -278.218140 271.999878 -19.984123 0.9063 0.9063 0.9063
v -278.214172 271.998566 -26.734121 0.9063 0.9063 0.9063
v -281.000031 272.000000 -20.000000 0.9063 0.9063 0.9063
v -281.000031 272.000000 -26.750000 0.9063 0.9063 0.9063
vn -0.0000 -0.0006 -1.0000
vn 0.0003 0.0037 -1.0000
vn 0.0003 0.0040 -1.0000
vn -0.0000 -0.0001 -1.0000
vn 0.0003 0.0043 -1.0000
vn -0.0000 0.0004 -1.0000
vn 0.0003 0.0045 -1.0000
vn -0.0000 0.0009 -1.0000
vn 0.0003 0.0047 -1.0000
vn -0.0000 0.0014 -1.0000
vn 0.0004 0.0047 -1.0000
vn 0.0004 0.0048 -1.0000
vn 0.0004 0.0050 -1.0000
vn 0.0004 0.0052 -1.0000
vn 0.0004 0.0056 -1.0000
vn 0.0006 0.0046 -1.0000
vn 0.0006 0.0047 -1.0000
vn 0.0006 0.0051 -1.0000
vn 0.0005 0.0049 -1.0000
vn 0.0007 0.0036 -1.0000
vn 0.0007 0.0040 -1.0000
vn 0.0007 0.0037 -1.0000
vn 0.0008 0.0018 -1.0000
vn 0.0008 0.0019 -1.0000
vn 0.0008 0.0022 -1.0000
vn 0.0011 -0.0008 -1.0000
vn 0.0011 -0.0007 -1.0000
vn 0.0010 -0.0004 -1.0000
vn 0.0014 -0.0042 -1.0000
vn 0.0014 -0.0039 -1.0000
vn 0.0014 -0.0041 -1.0000
vn 0.0019 -0.0088 -1.0000
vn 0.0019 -0.0089 -1.0000
vn 0.0019 -0.0087 -1.0000
vn 0.0019 -0.0083 -1.0000
vn 0.0027 -0.0152 -0.9999
vn 0.0027 -0.0149 -0.9999
vn 0.0027 -0.0148 -0.9999
vn 0.0026 -0.0145 -0.9999
vn 0.0026 -0.0144 -0.9999
vn 0.0039 -0.0239 -0.9997
vn 0.0039 -0.0237 -0.9997
vn 0.0039 -0.0236 -0.9997
vn 0.0038 -0.0231 -0.9997
vn 0.0038 -0.0229 -0.9997
vn 0.0061 -0.0380 -0.9993
vn 0.0060 -0.0369 -0.9993
vn 0.0058 -0.0357 -0.9993
vn 0.0057 -0.0347 -0.9994
vn 0.0055 -0.0338 -0.9994
vn 0.0083 -0.0446 -0.9990
vn 0.0081 -0.0426 -0.9991
vn 0.0078 -0.0409 -0.9991
vn 0.0075 -0.0393 -0.9992
vn 0.0072 -0.0380 -0.9993
vn 0.0109 -0.0507 -0.9987
vn 0.0103 -0.0482 -0.9988
vn 0.0101 -0.0456 -0.9989
vn 0.0097 -0.0434 -0.9990
vn 0.0092 -0.0414 -0.9991
vn 0.0142 -0.0566 -0.9983
vn 0.0136 -0.0531 -0.9985
vn 0.0129 -0.0499 -0.9987
vn 0.0122 -0.0470 -0.9988
vn 0.0116 -0.0445 -0.9989
vn 0.0182 -0.0624 -0.9979
vn 0.0172 -0.0578 -0.9982
vn 0.0162 -0.0538 -0.9984
vn 0.0153 -0.0502 -0.9986
vn 0.0143 -0.0471 -0.9988
vn 0.0230 -0.0678 -0.9974
vn 0.0215 -0.0620 -0.9978
vn 0.0197 -0.0573 -0.9982
vn 0.0187 -0.0529 -0.9984
vn 0.0175 -0.0492 -0.9986
vn 0.0285 -0.0727 -0.9969
vn 0.0263 -0.0658 -0.9975
vn 0.0242 -0.0599 -0.9979
vn 0.0225 -0.0550 -0.9982
vn 0.0209 -0.0508 -0.9985
vn 0.0347 -0.0770 -0.9964
vn 0.0316 -0.0688 -0.9971
vn 0.0285 -0.0623 -0.9977
vn 0.0266 -0.0565 -0.9980
vn 0.0246 -0.0518 -0.9984
vn 0.0415 -0.0806 -0.9959
vn 0.0373 -0.0712 -0.9968
vn 0.0338 -0.0636 -0.9974
vn 0.0309 -0.0575 -0.9979
vn 0.0284 -0.0523 -0.9982
vn 0.0488 -0.0833 -0.9953
vn 0.0430 -0.0727 -0.9964
vn 0.0384 -0.0644 -0.9972
vn 0.0353 -0.0578 -0.9977
vn 0.0323 -0.0523 -0.9981
vn 0.0564 -0.0850 -0.9948
vn 0.0495 -0.0734 -0.9961
vn 0.0437 -0.0645 -0.9970
vn 0.0398 -0.0575 -0.9976
vn 0.0362 -0.0518 -0.9980
vn 0.0640 -0.0855 -0.9943
vn 0.0556 -0.0732 -0.9958
vn 0.0488 -0.0638 -0.9968
vn 0.0441 -0.0567 -0.9974
vn 0.0401 -0.0510 -0.9979
vn 0.0712 -0.0846 -0.9939
vn 0.0613 -0.0720 -0.9955
vn 0.0536 -0.0624 -0.9966
vn 0.0482 -0.0554 -0.9973
vn 0.0437 -0.0497 -0.9978
vn 0.0774 -0.0822 -0.9936
vn 0.0661 -0.0694 -0.9954
vn 0.0582 -0.0606 -0.9965
vn 0.0520 -0.0537 -0.9972
vn 0.0471 -0.0482 -0.9977
vn 0.0819 -0.0781 -0.9936
vn 0.0701 -0.0665 -0.9953
vn 0.0616 -0.0579 -0.9964
vn 0.0551 -0.0515 -0.9972
vn 0.0501 -0.0464 -0.9977
vn 0.0826 -0.0714 -0.9940
vn 0.0717 -0.0616 -0.9955
vn 0.0634 -0.0544 -0.9965
vn 0.0576 -0.0488 -0.9971
vn 0.0525 -0.0444 -0.9976
vn 0.0769 -0.0612 -0.9952
vn 0.0692 -0.0549 -0.9961
vn 0.0630 -0.0498 -0.9968
vn 0.0581 -0.0458 -0.9973
vn 0.0540 -0.0424 -0.9976
vn 0.0585 -0.0442 -0.9973
vn 0.0571 -0.0431 -0.9974
vn 0.0557 -0.0420 -0.9976
vn 0.0546 -0.0411 -0.9977
vn 0.0534 -0.0402 -0.9978
vn 0.0626 -0.0437 -0.9971
vn 0.0565 -0.0397 -0.9976
vn 0.0524 -0.0369 -0.9979
vn 0.0492 -0.0347 -0.9982
vn 0.0463 -0.0326 -0.9984
vn 0.0636 -0.0415 -0.9971
vn 0.0561 -0.0368 -0.9977
vn 0.0507 -0.0335 -0.9981
vn 0.0467 -0.0311 -0.9984
vn 0.0437 -0.0293 -0.9986
vn 0.0629 -0.0379 -0.9973
vn 0.0541 -0.0331 -0.9980
vn 0.0479 -0.0297 -0.9984
vn 0.0434 -0.0273 -0.9987
vn 0.0400 -0.0255 -0.9989
vn 0.0598 -0.0330 -0.9977
vn 0.0500 -0.0284 -0.9983
vn 0.0438 -0.0254 -0.9987
vn 0.0390 -0.0232 -0.9990
vn 0.0355 -0.0215 -0.9991
vn 0.0544 -0.0274 -0.9981
vn 0.0448 -0.0235 -0.9987
vn 0.0385 -0.0209 -0.9990
vn 0.0339 -0.0190 -0.9992
vn 0.0303 -0.0175 -0.9994
vn 0.0474 -0.0219 -0.9986
vn 0.0386 -0.0188 -0.9991
vn 0.0325 -0.0166 -0.9993
vn 0.0283 -0.0152 -0.9995
vn 0.0249 -0.0140 -0.9996
vn 0.0401 -0.0170 -0.9991
vn 0.0326 -0.0148 -0.9994
vn 0.0270 -0.0132 -0.9995
vn 0.0229 -0.0119 -0.9997
vn 0.0196 -0.0109 -0.9997
vn 0.0333 -0.0129 -0.9994
vn 0.0263 -0.0112 -0.9996
vn 0.0214 -0.0100 -0.9997
vn 0.0179 -0.0092 -0.9998
vn 0.0149 -0.0085 -0.9999
vn 0.0270 -0.0097 -0.9996
vn 0.0215 -0.0087 -0.9997
vn 0.0166 -0.0076 -0.9998
vn 0.0135 -0.0071 -0.9999
vn 0.0106 -0.0065 -0.9999
vn 0.0219 -0.0072 -0.9997
vn 0.0166 -0.0064 -0.9998
vn 0.0129 -0.0058 -0.9999
vn 0.0093 -0.0052 -0.9999
vn 0.0071 -0.0049 -1.0000
vn 0.0176 -0.0052 -0.9998
vn 0.0132 -0.0047 -0.9999
vn 0.0091 -0.0041 -1.0000
vn 0.0063 -0.0038 -1.0000
vn 0.0041 -0.0036 -1.0000
vn 0.0138 -0.0036 -0.9999
vn 0.0100 -0.0033 -0.9999
vn 0.0063 -0.0029 -1.0000
vn 0.0039 -0.0027 -1.0000
vn 0.0015 -0.0025 -1.0000
vn 0.0109 -0.0023 -0.9999
vn 0.0073 -0.0021 -1.0000
vn 0.0039 -0.0018 -1.0000
vn 0.0017 -0.0018 -1.0000
vn -0.0005 -0.0016 -1.0000
vn 0.0082 -0.0012 -1.0000
vn 0.0050 -0.0011 -1.0000
vn 0.0022 -0.0010 -1.0000
vn -0.0001 -0.0009 -1.0000
vn -0.0022 -0.0008 -1.0000
vn 0.0058 -0.0002 -1.0000
vn 0.0028 -0.0002 -1.0000
vn 0.0005 -0.0002 -1.0000
vn -0.0019 -0.0002 -1.0000
vn -0.0037 -0.0002 -1.0000
vn 0.0042 -0.0001 -1.0000
vn 0.0028 -0.0001 -1.0000
vn 0.0003 -0.0001 -1.0000
vn -0.0019 -0.0001 -1.0000
vn -0.0029 -0.0001 -1.0000
vn -1.0000 0.0069 -0.0002
vn -1.0000 0.0097 -0.0005
vn -0.9999 0.0122 -0.0010
vn -0.9999 0.0101 -0.0014
vn -0.9999 0.0099 -0.0018
vn -1.0000 0.0051 -0.0018
vn -1.0000 0.0050 -0.0021
vn -1.0000 -0.0022 -0.0021
vn -1.0000 -0.0023 -0.0024
vn -0.9999 -0.0122 -0.0024
vn -0.9999 -0.0120 -0.0024
vn -0.9997 -0.0253 -0.0030
vn -0.9997 -0.0253 -0.0028
vn -0.9991 -0.0424 -0.0026
vn -0.9991 -0.0421 -0.0026
vn -0.9978 -0.0656 -0.0024
vn -0.9979 -0.0654 -0.0024
vn -0.9953 -0.0972 -0.0018
vn -0.9953 -0.0970 -0.0018
vn -0.9933 -0.1155 -0.0021
vn -0.9919 -0.1268 -0.0029
vn -0.9886 -0.1505 -0.0034
vn -0.9886 -0.1506 -0.0034
vn -0.9840 -0.1780 -0.0041
vn -0.9840 -0.1780 -0.0040
vn -0.9780 -0.2084 -0.0048
vn -0.9780 -0.2084 -0.0049
vn -0.9705 -0.2410 -0.0057
vn -0.9705 -0.2410 -0.0058
vn -0.9614 -0.2752 -0.0067
vn -0.9614 -0.2752 -0.0068
vn -0.9505 -0.3106 -0.0078
vn -0.9378 -0.3469 -0.0090
vn -0.9379 -0.3469 -0.0090
vn -0.9234 -0.3838 -0.0101
vn -0.9070 -0.4210 -0.0114
vn -0.8888 -0.4582 -0.0125
vn -0.8688 -0.4950 -0.0136
vn -0.8472 -0.5311 -0.0145
vn -0.8472 -0.5311 -0.0146
vn -0.8243 -0.5659 -0.0153
vn -0.8243 -0.5660 -0.0153
vn -0.8004 -0.5992 -0.0156
vn -0.7749 -0.6319 -0.0151
vn -0.7346 -0.6784 -0.0123
vn -0.7347 -0.6783 -0.0122
vn -0.6819 -0.7314 -0.0086
vn -0.6819 -0.7314 -0.0087
vn -0.6319 -0.7750 -0.0057
vn -0.5773 -0.8165 -0.0031
vn -0.5132 -0.8583 -0.0008
vn -0.4429 -0.8966 0.0013
vn -0.4430 -0.8965 0.0014
vn -0.3714 -0.9285 0.0027
vn -0.3715 -0.9284 0.0028
vn -0.3036 -0.9528 0.0037
vn -0.2424 -0.9702 0.0040
vn -0.2425 -0.9702 0.0039
vn -0.1894 -0.9819 0.0037
vn -0.1444 -0.9895 0.0033
vn -0.1064 -0.9943 0.0027
vn -0.1064 -0.9943 0.0026
vn -0.0745 -0.9972 0.0019
vn -0.0746 -0.9972 0.0021
vn -0.0476 -0.9989 0.0013
vn -0.0477 -0.9989 0.0014
vn -0.0248 -0.9997 0.0006
vn -0.0247 -0.9997 0.0005
vn -0.0084 -1.0000 0.0001
vn -0.0086 -1.0000 0.0003
vn -0.0028 -1.0000 0.0001
vn 1.0000 -0.0083 0.0002
vn 0.9999 -0.0117 0.0005
vn 0.9999 -0.0118 0.0005
vn 0.9999 -0.0153 0.0010
vn 0.9999 -0.0139 0.0017
vn 1.0000 -0.0092 0.0018
vn 1.0000 -0.0093 0.0021
vn 1.0000 -0.0021 0.0025
vn 1.0000 0.0077 0.0028
vn 1.0000 0.0080 0.0025
vn 0.9998 0.0208 0.0030
vn 0.9998 0.0210 0.0027
vn 0.9993 0.0382 0.0030
vn 0.9993 0.0382 0.0029
vn 0.9981 0.0620 0.0028
vn 0.9981 0.0620 0.0027
vn 0.9951 0.0989 0.0021
vn 0.9951 0.0991 0.0017
vn 0.9848 0.1739 -0.0003
vn 0.9647 0.2634 -0.0023
vn 0.9647 0.2634 -0.0024
vn 0.9423 0.3347 -0.0038
vn 0.9423 0.3347 -0.0039
vn 0.9169 0.3992 -0.0049
vn 0.9168 0.3992 -0.0052
vn 0.8882 0.4594 -0.0060
vn 0.8882 0.4594 -0.0059
vn 0.8568 0.5156 -0.0069
vn 0.8568 0.5156 -0.0068
vn 0.8230 0.5680 -0.0076
vn 0.7873 0.6165 -0.0083
vn 0.7502 0.6612 -0.0088
vn 0.7121 0.7020 -0.0093
vn 0.7121 0.7020 -0.0094
vn 0.6737 0.7390 -0.0096
vn 0.6736 0.7390 -0.0096
vn 0.6352 0.7723 -0.0099
vn 0.5973 0.8020 -0.0101
vn 0.5603 0.8283 -0.0103
vn 0.5247 0.8512 -0.0105
vn 0.4922 0.8704 -0.0107
vn 0.4696 0.8828 -0.0109
vn 0.4697 0.8828 -0.0108
vn 0.4358 0.9000 -0.0111
vn 0.4357 0.9000 -0.0112
vn 0.3868 0.9221 -0.0117
vn 0.3868 0.9221 -0.0116
vn 0.3423 0.9395 -0.0118
vn 0.2923 0.9563 -0.0119
vn 0.2923 0.9563 -0.0118
vn 0.2347 0.9720 -0.0119
vn 0.1767 0.9842 -0.0115
vn 0.1768 0.9842 -0.0115
vn 0.1253 0.9921 -0.0106
vn 0.0845 0.9964 -0.0094
vn 0.0845 0.9964 -0.0095
vn 0.0546 0.9985 -0.0080
vn 0.0547 0.9985 -0.0079
vn 0.0340 0.9994 -0.0064
vn 0.0340 0.9994 -0.0065
vn 0.0203 0.9998 -0.0049
vn 0.0114 0.9999 -0.0037
vn 0.0059 1.0000 -0.0025
vn 0.0027 1.0000 -0.0014
vn 0.0027 1.0000 -0.0015
vn 0.0010 1.0000 -0.0006
vn 0.0003 1.0000 -0.0003
vn 0.0003 1.0000 -0.0001
vt 0.000000 0.000000
vt 0.000000 0.280161
vt 0.250000 0.280161
vt 0.250000 0.000000
vt 0.500000 0.280161
vt 0.500000 0.000000
vt 0.750000 0.280161
vt 0.750000 0.000000
vt 1.000000 0.280161
vt 1.000000 0.000000
vt 0.000000 0.545997
vt 0.250000 0.545997
vt 0.500000 0.545997
vt 0.750000 0.545997
vt 1.000000 0.545997
vt 0.000000 0.805794
vt 0.250000 0.805794
vt 0.500000 0.805794
vt 0.750000 0.805794
vt 1.000000 0.805794
vt 0.000000 1.061997
vt 0.250000 1.061997
vt 0.500000 1.061997
vt 0.750000 1.061997
vt 1.000000 1.061997
vt 0.000000 1.315620
vt 0.250000 1.315620
vt 0.500000 1.315620
vt 0.750000 1.315620
vt 1.000000 1.315620
vt 0.000000 1.567115
vt 0.250000 1.567115
vt 0.500000 1.567115
vt 0.750000 1.567115
vt 1.000000 1.567115
vt 0.000000 1.816633
vt 0.250000 1.816633
vt 0.500000 1.816633
vt 0.750000 1.816633
vt 1.000000 1.816633
vt 0.000000 2.064102
vt 0.250000 2.064102
vt 0.500000 2.064102
vt 0.750000 2.064102
vt 1.000000 2.064102
vt 0.000000 2.309210
vt 0.250000 2.309210
vt 0.500000 2.309210
vt 0.750000 2.309210
vt 1.000000 2.309210
vt 0.000000 2.551300
vt 0.250000 2.551300
vt 0.500000 2.551300
vt 0.750000 2.551300
vt 1.000000 2.551300
vt 0.000000 2.796576
vt 0.250000 2.796576
vt 0.500000 2.796576
vt 0.750000 2.796576
vt 1.000000 2.796576
vt 0.000000 3.066417
vt 0.250000 3.066417
vt 0.500000 3.066417
vt 0.750000 3.066417
vt 1.000000 3.066417
vt 0.000000 3.313928
vt 0.250000 3.313928
vt 0.500000 3.313928
vt 0.750000 3.313928
vt 1.000000 3.313928
vt 0.000000 3.561414
vt 0.250000 3.561414
vt 0.500000 3.561414
vt 0.750000 3.561414
vt 1.000000 3.561414
vt 0.000000 3.808838
vt 0.250000 3.808838
vt 0.500000 3.808838
vt 0.750000 3.808838
vt 1.000000 3.808838
vt 0.000000 4.056154
vt 0.250000 4.056154
vt 0.500000 4.056154
vt 0.750000 4.056154
vt 1.000000 4.056154
vt 0.000000 4.303302
vt 0.250000 4.303302
vt 0.500000 4.303302
vt 0.750000 4.303302
vt 1.000000 4.303302
vt 0.000000 4.550209
vt 0.250000 4.550209
vt 0.500000 4.550209
vt 0.750000 4.550209
vt 1.000000 4.550209
vt 0.000000 4.796782
vt 0.250000 4.796782
vt 0.500000 4.796782
vt 0.750000 4.796782
vt 1.000000 4.796782
vt 0.000000 5.042906
vt 0.250000 5.042906
vt 0.500000 5.042906
vt 0.750000 5.042906
vt 1.000000 5.042906
vt 0.000000 5.288428
vt 0.250000 5.288428
vt 0.500000 5.288428
vt 0.750000 5.288428
vt 1.000000 5.288428
vt 0.000000 5.533141
vt 0.250000 5.533141
vt 0.500000 5.533141
vt 0.750000 5.533141
vt 1.000000 5.533141
vt 0.000000 5.776756
vt 0.250000 5.776756
vt 0.500000 5.776756
vt 0.750000 5.776756
vt 1.000000 5.776756
vt 0.000000 6.018838
vt 0.250000 6.018838
vt 0.500000 6.018838
vt 0.750000 6.018838
vt 1.000000 6.018838
vt 0.000000 6.258687
vt 0.250000 6.258687
vt 0.500000 6.258687
vt 0.750000 6.258687
vt 1.000000 6.258687
vt 0.000000 6.495070
vt 0.250000 6.495070
vt 0.500000 6.495070
vt 0.750000 6.495070
vt 1.000000 6.495070
vt 0.000000 6.725478
vt 0.250000 6.725478
vt 0.500000 6.725478
vt 0.750000 6.725478
vt 1.000000 6.725478
vt 0.000000 6.943579
vt 0.250000 6.943579
vt 0.500000 6.943579
vt 0.750000 6.943579
vt 1.000000 6.943579
vt 0.000000 7.347201
vt 0.250000 7.347201
vt 0.500000 7.347201
vt 0.750000 7.347201
vt 1.000000 7.347201
vt 0.000000 7.592695
vt 0.250000 7.592695
vt 0.500000 7.592695
vt 0.750000 7.592695
vt 1.000000 7.592695
vt 0.000000 7.840217
vt 0.250000 7.840217
vt 0.500000 7.840217
vt 0.750000 7.840217
vt 1.000000 7.840217
vt 0.000000 8.090428
vt 0.250000 8.090428
vt 0.500000 8.090428
vt 0.750000 8.090428
vt 1.000000 8.090428
vt 0.000000 8.343676
vt 0.250000 8.343676
vt 0.500000 8.343676
vt 0.750000 8.343676
vt 1.000000 8.343676
vt 0.000000 8.599752
vt 0.250000 8.599752
vt 0.500000 8.599752
vt 0.750000 8.599752
vt 1.000000 8.599752
vt 0.000000 8.857967
vt 0.250000 8.857967
vt 0.500000 8.857967
vt 0.750000 8.857967
vt 1.000000 8.857967
vt 0.000000 9.117455
vt 0.250000 9.117455
vt 0.500000 9.117455
vt 0.750000 9.117455
vt 1.000000 9.117455
vt 0.000000 9.377471
vt 0.250000 9.377471
vt 0.500000 9.377471
vt 0.750000 9.377471
vt 1.000000 9.377471
vt 0.000000 9.637506
vt 0.250000 9.637506
vt 0.500000 9.637506
vt 0.750000 9.637506
vt 1.000000 9.637506
vt 0.000000 9.897265
vt 0.250000 9.897265
vt 0.500000 9.897265
vt 0.750000 9.897265
vt 1.000000 9.897265
vt 0.000000 10.156602
vt 0.250000 10.156602
vt 0.500000 10.156602
vt 0.750000 10.156602
vt 1.000000 10.156602
vt 0.000000 10.415457
vt 0.250000 10.415457
vt 0.500000 10.415457
vt 0.750000 10.415457
vt 1.000000 10.415457
vt 0.000000 10.673824
vt 0.250000 10.673824
vt 0.500000 10.673824
vt 0.750000 10.673824
vt 1.000000 10.673824
vt 0.000000 10.931722
vt 0.250000 10.931722
vt 0.500000 10.931722
vt 0.750000 10.931722
vt 1.000000 10.931722
vt 0.000000 11.000000
vt 0.250000 11.000000
vt 0.500000 11.000000
vt 0.750000 11.000000
vt 1.000000 11.000000
s 1
usemtl track_surface
f 3953/1899/3203 3958/1900/3204 3959/1901/3205 3954/1902/3206
f 3954/1902/3206 3959/1901/3205 3960/1903/3207 3955/1904/3208
f 3955/1904/3208 3960/1903/3207 3961/1905/3209 3956/1906/3210
f 3956/1906/3210 3961/1905/3209 3962/1907/3211 3957/1908/3212
f 3958/1900/3204 3963/1909/3213 3964/1910/3214 3959/1901/3205
f 3959/1901/3205 3964/1910/3214 3965/1911/3215 3960/1903/3207
f 3960/1903/3207 3965/1911/3215 3966/1912/3216 3961/1905/3209
f 3961/1905/3209 3966/1912/3216 3967/1913/3217 3962/1907/3211
f 3963/1909/3213 3968/1914/3218 3969/1915/3219 3964/1910/3214
f 3964/1910/3214 3969/1915/3219 3970/1916/3220 3965/1911/3215
f 3965/1911/3215 3970/1916/3220 3971/1917/3221 3966/1912/3216
f 3966/1912/3216 3971/1917/3221 3972/1918/3221 3967/1913/3217
f 3968/1914/3218 3973/1919/3222 3974/1920/3222 3969/1915/3219
f 3969/1915/3219 3974/1920/3222 3975/1921/3223 3970/1916/3220
f 3970/1916/3220 3975/1921/3223 3976/1922/3224 3971/1917/3221
f 3971/1917/3221 3976/1922/3224 3977/1923/3224 3972/1918/3221
f 3973/1919/3222 3978/1924/3225 3979/1925/3225 3974/1920/3222
f 3974/1920/3222 3979/1925/3225 3980/1926/3225 3975/1921/3223
f 3975/1921/3223 3980/1926/3225 3981/1927/3226 3976/1922/3224
f 3976/1922/3224 3981/1927/3226 3982/1928/3227 3977/1923/3224
f 3978/1924/3225 3983/1929/3228 3984/1930/3228 3979/1925/3225
f 3979/1925/3225 3984/1930/3228 3985/1931/3229 3980/1926/3225
f 3980/1926/3225 3985/1931/3229 3986/1932/3229 3981/1927/3226
f 3981/1927/3226 3986/1932/3229 3987/1933/3230 3982/1928/3227
f 3983/1929/3228 3988/1934/3231 3989/1935/3232 3984/1930/3228
f 3984/1930/3228 3989/1935/3232 3990/1936/3231 3985/1931/3229
f 3985/1931/3229 3990/1936/3231 3991/1937/3233 3986/1932/3229
f 3986/1932/3229 3991/1937/3233 3992/1938/3232 3987/1933/3230
f 3988/1934/3231 3993/1939/3234 3994/1940/3235 3989/1935/3232
f 3989/1935/3232 3994/1940/3235 3995/1941/3234 3990/1936/3231
f 3990/1936/3231 3995/1941/3234 3996/1942/3236 3991/1937/3233
f 3991/1937/3233 3996/1942/3236 3997/1943/3237 3992/1938/3232
f 3993/1939/3234 3998/1944/3238 3999/1945/3239 3994/1940/3235
f 3994/1940/3235 3999/1945/3239 4000/1946/3240 3995/1941/3234
f 3995/1941/3234 4000/1946/3240 4001/1947/3241 3996/1942/3236
f 3996/1942/3236 4001/1947/3241 4002/1948/3242 3997/1943/3237
f 3998/1944/3238 4003/1949/3243 4004/1950/3244 3999/1945/3239
f 3999/1945/3239 4004/1950/3244 4005/1951/3245 4000/1946/3240
f 4000/1946/3240 4005/1951/3245 4006/1952/3246 4001/1947/3241
f 4001/1947/3241 4006/1952/3246 4007/1953/3247 4002/1948/3242
f 4003/1949/3243 4008/1954/3248 4009/1955/3249 4004/1950/3244
f 4004/1950/3244 4009/1955/3249 4010/1956/3250 4005/1951/3245
f 4005/1951/3245 4010/1956/3250 4011/1957/3251 4006/1952/3246
f 4006/1952/3246 4011/1957/3251 4012/1958/3252 4007/1953/3247
f 4008/1954/3248 4013/1959/3253 4014/1960/3254 4009/1955/3249
f 4009/1955/3249 4014/1960/3254 4015/1961/3255 4010/1956/3250
f 4010/1956/3250 4015/1961/3255 4016/1962/3256 4011/1957/3251
f 4011/1957/3251 4016/1962/3256 4017/1963/3257 4012/1958/3252
f 4013/1959/3253 4018/1964/3258 4019/1965/3259 4014/1960/3254
f 4014/1960/3254 4019/1965/3259 4020/1966/3260 4015/1961/3255
f 4015/1961/3255 4020/1966/3260 4021/1967/3261 4016/1962/3256
f 4016/1962/3256 4021/1967/3261 4022/1968/3262 4017/1963/3257
f 4018/1964/3258 4023/1969/3263 4024/1970/3264 4019/1965/3259
f 4019/1965/3259 4024/1970/3264 4025/1971/3265 4020/1966/3260
f 4020/1966/3260 4025/1971/3265 4026/1972/3266 4021/1967/3261
f 4021/1967/3261 4026/1972/3266 4027/1973/3267 4022/1968/3262
f 4023/1969/3263 4028/1974/3268 4029/1975/3269 4024/1970/3264
f 4024/1970/3264 4029/1975/3269 4030/1976/3270 4025/1971/3265
f 4025/1971/3265 4030/1976/3270 4031/1977/3271 4026/1972/3266
f 4026/1972/3266 4031/1977/3271 4032/1978/3272 4027/1973/3267
f 4028/1974/3268 4033/1979/3273 4034/1980/3274 4029/1975/3269
f 4029/1975/3269 4034/1980/3274 4035/1981/3275 4030/1976/3270
f 4030/1976/3270 4035/1981/3275 4036/1982/3276 4031/1977/3271
f 4031/1977/3271 4036/1982/3276 4037/1983/3277 4032/1978/3272
f 4033/1979/3273 4038/1984/3278 4039/1985/3279 4034/1980/3274
f 4034/1980/3274 4039/1985/3279 4040/1986/3280 4035/1981/3275
f 4035/1981/3275 4040/1986/3280 4041/1987/3281 4036/1982/3276
f 4036/1982/3276 4041/1987/3281 4042/1988/3282 4037/1983/3277
f 4038/1984/3278 4043/1989/3283 4044/1990/3284 4039/1985/3279
f 4039/1985/3279 4044/1990/3284 4045/1991/3285 4040/1986/3280
f 4040/1986/3280 4045/1991/3285 4046/1992/3286 4041/1987/3281
f 4041/1987/3281 4046/1992/3286 4047/1993/3287 4042/1988/3282
f 4043/1989/3283 4048/1994/3288 4049/1995/3289 4044/1990/3284
f 4044/1990/3284 4049/1995/3289 4050/1996/3290 4045/1991/3285
f 4045/1991/3285 4050/1996/3290 4051/1997/3291 4046/1992/3286
f 4046/1992/3286 4051/1997/3291 4052/1998/3292 4047/1993/3287
f 4048/1994/3288 4053/1999/3293 4054/2000/3294 4049/1995/3289
f 4049/1995/3289 4054/2000/3294 4055/2001/3295 4050/1996/3290
f 4050/1996/3290 4055/2001/3295 4056/2002/3296 4051/1997/3291
f 4051/1997/3291 4056/2002/3296 4057/2003/3297 4052/1998/3292
f 4053/1999/3293 4058/2004/3298 4059/2005/3299 4054/2000/3294
f 4054/2000/3294 4059/2005/3299 4060/2006/3300 4055/2001/3295
f 4055/2001/3295 4060/2006/3300 4061/2007/3301 4056/2002/3296
f 4056/2002/3296 4061/2007/3301 4062/2008/3302 4057/2003/3297
f 4058/2004/3298 4063/2009/3303 4064/2010/3304 4059/2005/3299
f 4059/2005/3299 4064/2010/3304 4065/2011/3305 4060/2006/3300
f 4060/2006/3300 4065/2011/3305 4066/2012/3306 4061/2007/3301
f 4061/2007/3301 4066/2012/3306 4067/2013/3307 4062/2008/3302
f 4063/2009/3303 4068/2014/3308 4069/2015/3309 4064/2010/3304
f 4064/2010/3304 4069/2015/3309 4070/2016/3310 4065/2011/3305
f 4065/2011/3305 4070/2016/3310 4071/2017/3311 4066/2012/3306
f 4066/2012/3306 4071/2017/3311 4072/2018/3312 4067/2013/3307
f 4068/2014/3308 4073/2019/3313 4074/2020/3314 4069/2015/3309
f 4069/2015/3309 4074/2020/3314 4075/2021/3315 4070/2016/3310
f 4070/2016/3310 4075/2021/3315 4076/2022/3316 4071/2017/3311
f 4071/2017/3311 4076/2022/3316 4077/2023/3317 4072/2018/3312
f 4073/2019/3313 4078/2024/3318 4079/2025/3319 4074/2020/3314
f 4074/2020/3314 4079/2025/3319 4080/2026/3320 4075/2021/3315
f 4075/2021/3315 4080/2026/3320 4081/2027/3321 4076/2022/3316
f 4076/2022/3316 4081/2027/3321 4082/2028/3322 4077/2023/3317
f 4078/2024/3318 4083/2029/3323 4084/2030/3324 4079/2025/3319
f 4079/2025/3319 4084/2030/3324 4085/2031/3325 4080/2026/3320
f 4080/2026/3320 4085/2031/3325 4086/2032/3326 4081/2027/3321
f 4081/2027/3321 4086/2032/3326 4087/2033/3327 4082/2028/3322
f 4083/2029/3323 4088/2034/3328 4089/2035/3329 4084/2030/3324
f 4084/2030/3324 4089/2035/3329 4090/2036/3330 4085/2031/3325
f 4085/2031/3325 4090/2036/3330 4091/2037/3331 4086/2032/3326
f 4086/2032/3326 4091/2037/3331 4092/2038/3332 4087/2033/3327
f 4088/2034/3328 4093/2039/3333 4094/2040/3334 4089/2035/3329
f 4089/2035/3329 4094/2040/3334 4095/2041/3335 4090/2036/3330
f 4090/2036/3330 4095/2041/3335 4096/2042/3336 4091/2037/3331
f 4091/2037/3331 4096/2042/3336 4097/2043/3337 4092/2038/3332
f 4093/2039/3333 4098/2044/3338 4099/2045/3339 4094/2040/3334
f 4094/2040/3334 4099/2045/3339 4100/2046/3340 4095/2041/3335
f 4095/2041/3335 4100/2046/3340 4101/2047/3341 4096/2042/3336
f 4096/2042/3336 4101/2047/3341 4102/2048/3342 4097/2043/3337
f 4098/2044/3338 4103/2049/3343 4104/2050/3344 4099/2045/3339
f 4099/2045/3339 4104/2050/3344 4105/2051/3345 4100/2046/3340
f 4100/2046/3340 4105/2051/3345 4106/2052/3346 4101/2047/3341
f 4101/2047/3341 4106/2052/3346 4107/2053/3347 4102/2048/3342
f 4103/2049/3343 4108/2054/3348 4109/2055/3349 4104/2050/3344
f 4104/2050/3344 4109/2055/3349 4110/2056/3350 4105/2051/3345
f 4105/2051/3345 4110/2056/3350 4111/2057/3351 4106/2052/3346
f 4106/2052/3346 4111/2057/3351 4112/2058/3352 4107/2053/3347
f 4108/2054/3348 4113/2059/3353 4114/2060/3354 4109/2055/3349
f 4109/2055/3349 4114/2060/3354 4115/2061/3355 4110/2056/3350
f 4110/2056/3350 4115/2061/3355 4116/2062/3356 4111/2057/3351
f 4111/2057/3351 4116/2062/3356 4117/2063/3357 4112/2058/3352
f 4113/2059/3353 4118/2064/3358 4119/2065/3359 4114/2060/3354
f 4114/2060/3354 4119/2065/3359 4120/2066/3360 4115/2061/3355
f 4115/2061/3355 4120/2066/3360 4121/2067/3361 4116/2062/3356
f 4116/2062/3356 4121/2067/3361 4122/2068/3362 4117/2063/3357
f 4118/2064/3358 4123/2069/3363 4124/2070/3364 4119/2065/3359
f 4119/2065/3359 4124/2070/3364 4125/2071/3365 4120/2066/3360
f 4120/2066/3360 4125/2071/3365 4126/2072/3366 4121/2067/3361
f 4121/2067/3361 4126/2072/3366 4127/2073/3367 4122/2068/3362
f 4123/2069/3363 4128/2074/3368 4129/2075/3369 4124/2070/3364
f 4124/2070/3364 4129/2075/3369 4130/2076/3370 4125/2071/3365
f 4125/2071/3365 4130/2076/3370 4131/2077/3371 4126/2072/3366
f 4126/2072/3366 4131/2077/3371 4132/2078/3372 4127/2073/3367
f 4128/2074/3368 4133/2079/3373 4134/2080/3374 4129/2075/3369
f 4129/2075/3369 4134/2080/3374 4135/2081/3375 4130/2076/3370
f 4130/2076/3370 4135/2081/3375 4136/2082/3376 4131/2077/3371
f 4131/2077/3371 4136/2082/3376 4137/2083/3377 4132/2078/3372
f 4133/2079/3373 4138/2084/3378 4139/2085/3379 4134/2080/3374
f 4134/2080/3374 4139/2085/3379 4140/2086/3380 4135/2081/3375
f 4135/2081/3375 4140/2086/3380 4141/2087/3381 4136/2082/3376
f 4136/2082/3376 4141/2087/3381 4142/2088/3382 4137/2083/3377
f 4138/2084/3378 4143/2089/3383 4144/2090/3384 4139/2085/3379
f 4139/2085/3379 4144/2090/3384 4145/2091/3385 4140/2086/3380
f 4140/2086/3380 4145/2091/3385 4146/2092/3386 4141/2087/3381
f 4141/2087/3381 4146/2092/3386 4147/2093/3387 4142/2088/3382
f 4143/2089/3383 4148/2094/3388 4149/2095/3389 4144/2090/3384
f 4144/2090/3384 4149/2095/3389 4150/2096/3390 4145/2091/3385
f 4145/2091/3385 4150/2096/3390 4151/2097/3391 4146/2092/3386
f 4146/2092/3386 4151/2097/3391 4152/2098/3392 4147/2093/3387
f 4148/2094/3388 4153/2099/3393 4154/2100/3394 4149/2095/3389
f 4149/2095/3389 4154/2100/3394 4155/2101/3395 4150/2096/3390
f 4150/2096/3390 4155/2101/3395 4156/2102/3396 4151/2097/3391
f 4151/2097/3391 4156/2102/3396 4157/2103/3397 4152/2098/3392
f 4153/2099/3393 4158/2104/3398 4159/2105/3399 4154/2100/3394
f 4154/2100/3394 4159/2105/3399 4160/2106/3400 4155/2101/3395
f 4155/2101/3395 4160/2106/3400 4161/2107/3401 4156/2102/3396
f 4156/2102/3396 4161/2107/3401 4162/2108/3402 4157/2103/3397
f 4158/2104/3398 4163/2109/3403 4164/2110/3404 4159/2105/3399
f 4159/2105/3399 4164/2110/3404 4165/2111/3405 4160/2106/3400
f 4160/2106/3400 4165/2111/3405 4166/2112/3406 4161/2107/3401
f 4161/2107/3401 4166/2112/3406 4167/2113/3407 4162/2108/3402
f 4163/2109/3403 4168/2114/3408 4169/2115/3409 4164/2110/3404
f 4164/2110/3404 4169/2115/3409 4170/2116/3410 4165/2111/3405
f 4165/2111/3405 4170/2116/3410 4171/2117/3411 4166/2112/3406
f 4166/2112/3406 4171/2117/3411 4172/2118/3412 4167/2113/3407
f 4168/2114/3408 4173/2119/3413 4174/2120/3414 4169/2115/3409
f 4169/2115/3409 4174/2120/3414 4175/2121/3415 4170/2116/3410
f 4170/2116/3410 4175/2121/3415 4176/2122/3416 4171/2117/3411
f 4171/2117/3411 4176/2122/3416 4177/2123/3417 4172/2118/3412
usemtl track_rail
f 4178/1899/3418 4180/1900/3419 4181/1907/3419 4179/1908/3418
f 4180/1900/3419 4182/1909/3420 4183/1913/3420 4181/1907/3419
f 4182/1909/3420 4184/1914/3421 4185/1918/3422 4183/1913/3420
f 4184/1914/3421 4186/1919/3423 4187/1923/3424 4185/1918/3422
f 4186/1919/3423 4188/1924/3425 4189/1928/3426 4187/1923/3424
f 4188/1924/3425 4190/1929/3427 4191/1933/3428 4189/1928/3426
f 4190/1929/3427 4192/1934/3429 4193/1938/3430 4191/1933/3428
f 4192/1934/3429 4194/1939/3431 4195/1943/3432 4193/1938/3430
f 4194/1939/3431 4196/1944/3433 4197/1948/3434 4195/1943/3432
f 4196/1944/3433 4198/1949/3435 4199/1953/3436 4197/1948/3434
f 4198/1949/3435 4200/1954/3437 4201/1958/3437 4199/1953/3436
f 4200/1954/3437 4202/1959/3438 4203/1963/3438 4201/1958/3437
f 4202/1959/3438 4204/1964/3439 4205/1968/3440 4203/1963/3438
f 4204/1964/3439 4206/1969/3441 4207/1973/3442 4205/1968/3440
f 4206/1969/3441 4208/1974/3443 4209/1978/3444 4207/1973/3442
f 4208/1974/3443 4210/1979/3445 4211/1983/3446 4209/1978/3444
f 4210/1979/3445 4212/1984/3447 4213/1988/3448 4211/1983/3446
f 4212/1984/3447 4214/1989/3449 4215/1993/3449 4213/1988/3448
f 4214/1989/3449 4216/1994/3450 4217/1998/3451 4215/1993/3449
f 4216/1994/3450 4218/1999/3452 4219/2003/3452 4217/1998/3451
f 4218/1999/3452 4220/2004/3453 4221/2008/3453 4219/2003/3452
f 4220/2004/3453 4222/2009/3454 4223/2013/3454 4221/2008/3453
f 4222/2009/3454 4224/2014/3455 4225/2018/3455 4223/2013/3454
f 4224/2014/3455 4226/2019/3456 4227/2023/3457 4225/2018/3455
f 4226/2019/3456 4228/2024/3458 4229/2028/3459 4227/2023/3457
f 4228/2024/3458 4230/2029/3460 4231/2033/3460 4229/2028/3459
f 4230/2029/3460 4232/2034/3461 4233/2038/3461 4231/2033/3460
f 4232/2034/3461 4234/2039/3462 4235/2043/3463 4233/2038/3461
f 4234/2039/3462 4236/2044/3464 4237/2048/3465 4235/2043/3463
f 4236/2044/3464 4238/2049/3466 4239/2053/3466 4237/2048/3465
f 4238/2049/3466 4240/2054/3467 4241/2058/3467 4239/2053/3466
f 4240/2054/3467 4242/2059/3468 4243/2063/3468 4241/2058/3467
f 4242/2059/3468 4244/2064/3469 4245/2068/3470 4243/2063/3468
f 4244/2064/3469 4246/2069/3471 4247/2073/3472 4245/2068/3470
f 4246/2069/3471 4248/2074/3473 4249/2078/3473 4247/2073/3472
f 4248/2074/3473 4250/2079/3474 4251/2083/3475 4249/2078/3473
f 4250/2079/3474 4252/2084/3476 4253/2088/3476 4251/2083/3475
f 4252/2084/3476 4254/2089/3477 4255/2093/3477 4253/2088/3476
f 4254/2089/3477 4256/2094/3478 4257/2098/3479 4255/2093/3477
f 4256/2094/3478 4258/2099/3480 4259/2103/3481 4257/2098/3479
f 4258/2099/3480 4260/2104/3482 4261/2108/3483 4259/2103/3481
f 4260/2104/3482 4262/2109/3484 4263/2113/3485 4261/2108/3483
f 4262/2109/3484 4264/2114/3486 4265/2118/3487 4263/2113/3485
f 4264/2114/3486 4266/2119/3488 4267/2123/3488 4265/2118/3487
f 4269/1908/3489 4271/1907/3490 4270/1900/3491 4268/1899/3489
f 4271/1907/3490 4273/1913/3492 4272/1909/3492 4270/1900/3491
f 4273/1913/3492 4275/1918/3493 4274/1914/3493 4272/1909/3492
f 4275/1918/3493 4277/1923/3494 4276/1919/3495 4274/1914/3493
f 4277/1923/3494 4279/1928/3496 4278/1924/3496 4276/1919/3495
f 4279/1928/3496 4281/1933/3497 4280/1929/3498 4278/1924/3496
f 4281/1933/3497 4283/1938/3499 4282/1934/3500 4280/1929/3498
f 4283/1938/3499 4285/1943/3501 4284/1939/3502 4282/1934/3500
f 4285/1943/3501 4287/1948/3503 4286/1944/3504 4284/1939/3502
f 4287/1948/3503 4289/1953/3505 4288/1949/3506 4286/1944/3504
f 4289/1953/3505 4291/1958/3507 4290/1954/3507 4288/1949/3506
f 4291/1958/3507 4293/1963/3508 4292/1959/3509 4290/1954/3507
f 4293/1963/3508 4295/1968/3510 4294/1964/3511 4292/1959/3509
f 4295/1968/3510 4297/1973/3512 4296/1969/3513 4294/1964/3511
f 4297/1973/3512 4299/1978/3514 4298/1974/3515 4296/1969/3513
f 4299/1978/3514 4301/1983/3516 4300/1979/3517 4298/1974/3515
f 4301/1983/3516 4303/1988/3518 4302/1984/3518 4300/1979/3517
f 4303/1988/3518 4305/1993/3519 4304/1989/3519 4302/1984/3518
f 4305/1993/3519 4307/1998/3520 4306/1994/3520 4304/1989/3519
f 4307/1998/3520 4309/2003/3521 4308/1999/3522 4306/1994/3520
f 4309/2003/3521 4311/2008/3523 4310/2004/3524 4308/1999/3522
f 4311/2008/3523 4313/2013/3525 4312/2009/3525 4310/2004/3524
f 4313/2013/3525 4315/2018/3526 4314/2014/3526 4312/2009/3525
f 4315/2018/3526 4317/2023/3527 4316/2019/3527 4314/2014/3526
f 4317/2023/3527 4319/2028/3528 4318/2024/3528 4316/2019/3527
f 4319/2028/3528 4321/2033/3529 4320/2029/3529 4318/2024/3528
f 4321/2033/3529 4323/2038/3530 4322/2034/3531 4320/2029/3529
f 4323/2038/3530 4325/2043/3532 4324/2039/3533 4322/2034/3531
f 4325/2043/3532 4327/2048/3534 4326/2044/3535 4324/2039/3533
f 4327/2048/3534 4329/2053/3536 4328/2049/3536 4326/2044/3535
f 4329/2053/3536 4331/2058/3537 4330/2054/3538 4328/2049/3536
f 4331/2058/3537 4333/2063/3539 4332/2059/3539 4330/2054/3538
f 4333/2063/3539 4335/2068/3540 4334/2064/3541 4332/2059/3539
f 4335/2068/3540 4337/2073/3542 4336/2069/3542 4334/2064/3541
f 4337/2073/3542 4339/2078/3543 4338/2074/3544 4336/2069/3542
f 4339/2078/3543 4341/2083/3545 4340/2079/3546 4338/2074/3544
f 4341/2083/3545 4343/2088/3547 4342/2084/3548 4340/2079/3546
f 4343/2088/3547 4345/2093/3549 4344/2089/3549 4342/2084/3548
f 4345/2093/3549 4347/2098/3550 4346/2094/3550 4344/2089/3549
f 4347/2098/3550 4349/2103/3551 4348/2099/3551 4346/2094/3550
f 4349/2103/3551 4351/2108/3552 4350/2104/3553 4348/2099/3551
f 4351/2108/3552 4353/2113/3554 4352/2109/3554 4350/2104/3553
f 4353/2113/3554 4355/2118/3555 4354/2114/3555 4352/2109/3554
f 4355/2118/3555 4357/2123/3556 4356/2119/3556 4354/2114/3555
