# Blender 4.4.3
# www.blender.org
mtllib fzgx_course14.mtl
o FZGXStream0.000_PreviewMesh
v 30.000000 0.000000 0.000000 0.7353 0.7353 0.7353
v 22.500000 0.000000 0.000000 0.7353 0.7353 0.7353
v 15.000000 0.000000 0.000000 0.7353 0.7353 0.7353
v 7.500000 0.000000 0.000000 0.7353 0.7353 0.7353
v 0.000000 0.000000 0.000000 0.7353 0.7353 0.7353
v -7.500000 0.000000 0.000000 0.7353 0.7353 0.7353
v -15.000000 0.000000 0.000000 0.7353 0.7353 0.7353
v -22.500000 0.000000 0.000000 0.7353 0.7353 0.7353
v -30.000000 0.000000 0.000000 0.7353 0.7353 0.7353
v 30.000000 -100.000000 0.000000 0.7353 0.7353 0.7353
v 22.500000 -100.000000 0.000000 0.7353 0.7353 0.7353
v 15.000000 -100.000000 0.000000 0.7353 0.7353 0.7353
v 7.500000 -100.000000 0.000000 0.7353 0.7353 0.7353
v 0.000000 -100.000000 0.000000 0.7353 0.7353 0.7353
v -7.500000 -100.000000 0.000000 0.7353 0.7353 0.7353
v -15.000000 -100.000000 0.000000 0.7353 0.7353 0.7353
v -22.500000 -100.000000 0.000000 0.7353 0.7353 0.7353
v -30.000000 -100.000000 0.000000 0.7353 0.7353 0.7353
v -30.000000 0.000000 0.000000 0.9063 0.9063 0.9063
v -30.000000 0.000000 -20.000000 0.9063 0.9063 0.9063
v -30.000000 -100.000000 0.000000 0.9063 0.9063 0.9063
v -30.000000 -100.000000 -20.000000 0.9063 0.9063 0.9063
v 30.000000 0.000000 0.000000 0.9063 0.9063 0.9063
v 30.000000 0.000000 -20.000000 0.9063 0.9063 0.9063
v 30.000000 -100.000000 0.000000 0.9063 0.9063 0.9063
v 30.000000 -100.000000 -20.000000 0.9063 0.9063 0.9063
vn -0.0000 -0.0000 -1.0000
vn 1.0000 -0.0000 -0.0000
vn -1.0000 -0.0000 -0.0000
vt 0.000000 0.000000
vt 0.000000 2.000000
vt 0.125000 2.000000
vt 0.125000 0.000000
vt 0.250000 2.000000
vt 0.250000 0.000000
vt 0.375000 2.000000
vt 0.375000 0.000000
vt 0.500000 2.000000
vt 0.500000 0.000000
vt 0.625000 2.000000
vt 0.625000 0.000000
vt 0.750000 2.000000
vt 0.750000 0.000000
vt 0.875000 2.000000
vt 0.875000 0.000000
vt 1.000000 2.000000
vt 1.000000 0.000000
s 1
usemtl track_surface
f 1/1/1 10/2/1 11/3/1 2/4/1
f 2/4/1 11/3/1 12/5/1 3/6/1
f 3/6/1 12/5/1 13/7/1 4/8/1
f 4/8/1 13/7/1 14/9/1 5/10/1
f 5/10/1 14/9/1 15/11/1 6/12/1
f 6/12/1 15/11/1 16/13/1 7/14/1
f 7/14/1 16/13/1 17/15/1 8/16/1
f 8/16/1 17/15/1 18/17/1 9/18/1
usemtl track_rail
f 21/2/2 22/17/2 20/18/2 19/1/2
f 23/18/3 24/1/3 26/2/3 25/17/3
o FZGXStream1.000_PreviewMesh
v 29.999983 -100.000015 -0.000004 0.7353 0.7353 0.7353
v 22.499983 -100.000015 -0.000004 0.7353 0.7353 0.7353
v 14.999983 -100.000015 -0.000004 0.7353 0.7353 0.7353
v 7.499983 -100.000015 -0.000004 0.7353 0.7353 0.7353
v -0.000017 -100.000015 -0.000004 0.7353 0.7353 0.7353
v -7.500017 -100.000015 -0.000004 0.7353 0.7353 0.7353
v -15.000017 -100.000015 -0.000004 0.7353 0.7353 0.7353
v -22.500017 -100.000015 -0.000004 0.7353 0.7353 0.7353
v -30.000017 -100.000015 -0.000004 0.7353 0.7353 0.7353
v 46.436672 -220.599091 -0.000023 0.7353 0.7353 0.7353
v 35.287758 -222.101334 -0.101511 0.7353 0.7353 0.7353
v 24.138844 -223.603592 -0.203000 0.7353 0.7353 0.7353
v 12.989931 -225.105850 -0.304488 0.7353 0.7353 0.7353
v 1.841017 -226.608093 -0.405976 0.7353 0.7353 0.7353
v -9.307897 -228.110352 -0.507464 0.7353 0.7353 0.7353
v -20.456810 -229.612610 -0.608952 0.7353 0.7353 0.7353
v -31.605724 -231.114853 -0.710440 0.7353 0.7353 0.7353
v -42.754639 -232.617111 -0.811928 0.7353 0.7353 0.7353
v 48.513176 -232.582169 -0.000018 0.7353 0.7353 0.7353
v 37.519821 -234.958557 -0.248168 0.7353 0.7353 0.7353
v 26.526464 -237.334946 -0.496317 0.7353 0.7353 0.7353
v 15.533110 -239.711334 -0.744467 0.7353 0.7353 0.7353
v 4.539753 -242.087723 -0.992616 0.7353 0.7353 0.7353
v -6.453602 -244.464111 -1.240766 0.7353 0.7353 0.7353
v -17.446959 -246.840500 -1.488915 0.7353 0.7353 0.7353
v -28.440313 -249.216904 -1.737065 0.7353 0.7353 0.7353
v -39.433670 -251.593292 -1.985214 0.7353 0.7353 0.7353
v 50.859665 -242.111389 -0.000010 0.7353 0.7353 0.7353
v 40.044594 -245.182037 -0.409787 0.7353 0.7353 0.7353
v 29.229521 -248.252670 -0.819564 0.7353 0.7353 0.7353
v 18.414450 -251.323318 -1.229341 0.7353 0.7353 0.7353
v 7.599379 -254.393951 -1.639118 0.7353 0.7353 0.7353
v -3.215692 -257.464600 -2.048894 0.7353 0.7353 0.7353
v -14.030764 -260.535217 -2.458671 0.7353 0.7353 0.7353
v -24.845835 -263.605865 -2.868448 0.7353 0.7353 0.7353
v -35.660908 -266.676514 -3.278225 0.7353 0.7353 0.7353
v 54.963093 -254.648254 -0.000012 0.7353 0.7353 0.7353
v 44.461590 -258.625458 -0.680313 0.7353 0.7353 0.7353
v 33.960083 -262.602661 -1.360613 0.7353 0.7353 0.7353
v 23.458578 -266.579834 -2.040914 0.7353 0.7353 0.7353
v 12.957073 -270.557037 -2.721215 0.7353 0.7353 0.7353
v 2.455568 -274.534241 -3.401516 0.7353 0.7353 0.7353
v -8.045938 -278.511414 -4.081817 0.7353 0.7353 0.7353
v -18.547443 -282.488617 -4.762118 0.7353 0.7353 0.7353
v -29.048948 -286.465820 -5.442419 0.7353 0.7353 0.7353
v 58.312840 -262.813416 -0.000008 0.7353 0.7353 0.7353
v 48.067612 -267.375183 -0.887737 0.7353 0.7353 0.7353
v 37.822384 -271.936951 -1.775466 0.7353 0.7353 0.7353
v 27.577156 -276.498718 -2.663196 0.7353 0.7353 0.7353
v 17.331928 -281.060486 -3.550925 0.7353 0.7353 0.7353
v 7.086700 -285.622253 -4.438653 0.7353 0.7353 0.7353
v -3.158527 -290.184052 -5.326383 0.7353 0.7353 0.7353
v -13.403755 -294.745819 -6.214112 0.7353 0.7353 0.7353
v -23.648983 -299.307587 -7.101841 0.7353 0.7353 0.7353
v 64.718277 -275.583008 0.000005 0.7353 0.7353 0.7353
v 54.964870 -281.045227 -1.264057 0.7353 0.7353 0.7353
v 45.211464 -286.507416 -2.528119 0.7353 0.7353 0.7353
v 35.458057 -291.969635 -3.792181 0.7353 0.7353 0.7353
v 25.704653 -297.431824 -5.056243 0.7353 0.7353 0.7353
v 15.951246 -302.894043 -6.320305 0.7353 0.7353 0.7353
v 6.197841 -308.356262 -7.584367 0.7353 0.7353 0.7353
v -3.555565 -313.818451 -8.848429 0.7353 0.7353 0.7353
v -13.308970 -319.280670 -10.112491 0.7353 0.7353 0.7353
v 69.993874 -284.307159 -0.000003 0.7353 0.7353 0.7353
v 60.648136 -290.372345 -1.559895 0.7353 0.7353 0.7353
v 51.302399 -296.437531 -3.119787 0.7353 0.7353 0.7353
v 41.956661 -302.502716 -4.679679 0.7353 0.7353 0.7353
v 32.610928 -308.567902 -6.239571 0.7353 0.7353 0.7353
v 23.265190 -314.633087 -7.799463 0.7353 0.7353 0.7353
v 13.919454 -320.698273 -9.359354 0.7353 0.7353 0.7353
v 4.573718 -326.763458 -10.919247 0.7353 0.7353 0.7353
v -4.772018 -332.828644 -12.479138 0.7353 0.7353 0.7353
v 77.591385 -294.984467 0.000003 0.7353 0.7353 0.7353
v 68.838379 -301.772644 -1.966670 0.7353 0.7353 0.7353
v 60.085369 -308.560852 -3.933343 0.7353 0.7353 0.7353
v 51.332363 -315.349030 -5.900016 0.7353 0.7353 0.7353
v 42.579357 -322.137238 -7.866689 0.7353 0.7353 0.7353
v 33.826347 -328.925415 -9.833362 0.7353 0.7353 0.7353
v 25.073343 -335.713623 -11.800035 0.7353 0.7353 0.7353
v 16.320335 -342.501801 -13.766708 0.7353 0.7353 0.7353
v 7.567329 -349.290009 -15.733381 0.7353 0.7353 0.7353
v 84.816185 -303.621124 0.000002 0.7353 0.7353 0.7353
v 76.631210 -310.978119 -2.333081 0.7353 0.7353 0.7353
v 68.446236 -318.335114 -4.666165 0.7353 0.7353 0.7353
v 60.261265 -325.692139 -6.999248 0.7353 0.7353 0.7353
v 52.076290 -333.049133 -9.332332 0.7353 0.7353 0.7353
v 43.891315 -340.406128 -11.665415 0.7353 0.7353 0.7353
v 35.706337 -347.763123 -13.998499 0.7353 0.7353 0.7353
v 27.521364 -355.120117 -16.331583 0.7353 0.7353 0.7353
v 19.336390 -362.477112 -18.664665 0.7353 0.7353 0.7353
v 93.539818 -312.564178 0.000000 0.7353 0.7353 0.7353
v 86.040268 -320.487061 -2.747216 0.7353 0.7353 0.7353
v 78.540710 -328.409912 -5.494432 0.7353 0.7353 0.7353
v 71.041153 -336.332794 -8.241650 0.7353 0.7353 0.7353
v 63.541603 -344.255676 -10.988866 0.7353 0.7353 0.7353
v 56.042046 -352.178558 -13.736082 0.7353 0.7353 0.7353
v 48.542492 -360.101440 -16.483299 0.7353 0.7353 0.7353
v 41.042938 -368.024323 -19.230516 0.7353 0.7353 0.7353
v 33.543385 -375.947174 -21.977732 0.7353 0.7353 0.7353
v 104.721924 -322.185303 -0.000006 0.7353 0.7353 0.7353
v 98.092529 -330.679657 -3.234178 0.7353 0.7353 0.7353
v 91.463127 -339.173981 -6.468349 0.7353 0.7353 0.7353
v 84.833733 -347.668304 -9.702521 0.7353 0.7353 0.7353
v 78.204338 -356.162659 -12.936694 0.7353 0.7353 0.7353
v 71.574936 -364.656982 -16.170866 0.7353 0.7353 0.7353
v 64.945541 -373.151337 -19.405037 0.7353 0.7353 0.7353
v 58.316147 -381.645660 -22.639210 0.7353 0.7353 0.7353
v 51.686749 -390.139984 -25.873383 0.7353 0.7353 0.7353
v 114.097595 -328.965820 -0.000017 0.7353 0.7353 0.7353
v 108.186127 -337.833252 -3.603544 0.7353 0.7353 0.7353
v 102.274651 -346.700714 -7.207071 0.7353 0.7353 0.7353
v 96.363182 -355.568146 -10.810597 0.7353 0.7353 0.7353
v 90.451714 -364.435608 -14.414124 0.7353 0.7353 0.7353
v 84.540245 -373.303040 -18.017651 0.7353 0.7353 0.7353
v 78.628769 -382.170502 -21.621178 0.7353 0.7353 0.7353
v 72.717300 -391.037933 -25.224705 0.7353 0.7353 0.7353
v 66.805832 -399.905396 -28.828232 0.7353 0.7353 0.7353
v 119.484688 -332.406525 -0.000008 0.7353 0.7353 0.7353
v 113.981071 -341.452179 -3.801170 0.7353 0.7353 0.7353
v 108.477455 -350.497864 -7.602331 0.7353 0.7353 0.7353
v 102.973839 -359.543518 -11.403492 0.7353 0.7353 0.7353
v 97.470222 -368.589172 -15.204653 0.7353 0.7353 0.7353
v 91.966606 -377.634827 -19.005814 0.7353 0.7353 0.7353
v 86.462990 -386.680481 -22.806976 0.7353 0.7353 0.7353
v 80.959373 -395.726135 -26.608137 0.7353 0.7353 0.7353
v 75.455757 -404.771790 -30.409298 0.7353 0.7353 0.7353
v 131.284103 -338.916565 -0.000014 0.7353 0.7353 0.7353
v 126.655815 -348.271881 -4.197581 0.7353 0.7353 0.7353
v 122.027519 -357.627197 -8.395148 0.7353 0.7353 0.7353
v 117.399231 -366.982513 -12.592716 0.7353 0.7353 0.7353
v 112.770935 -376.337830 -16.790283 0.7353 0.7353 0.7353
v 108.142647 -385.693115 -20.987850 0.7353 0.7353 0.7353
v 103.514351 -395.048431 -25.185417 0.7353 0.7353 0.7353
v 98.886055 -404.403748 -29.382984 0.7353 0.7353 0.7353
v 94.257767 -413.759064 -33.580551 0.7353 0.7353 0.7353
v 137.163284 -341.678955 -0.000013 0.7353 0.7353 0.7353
v 132.961365 -351.153198 -4.375516 0.7353 0.7353 0.7353
v 128.759430 -360.627441 -8.751019 0.7353 0.7353 0.7353
v 124.557503 -370.101685 -13.126521 0.7353 0.7353 0.7353
v 120.355576 -379.575928 -17.502024 0.7353 0.7353 0.7353
v 116.153641 -389.050171 -21.877527 0.7353 0.7353 0.7353
v 111.951714 -398.524414 -26.253029 0.7353 0.7353 0.7353
v 107.749786 -407.998657 -30.628532 0.7353 0.7353 0.7353
v 103.547859 -417.472900 -35.004036 0.7353 0.7353 0.7353
v 150.881119 -347.008179 -0.000014 0.7353 0.7353 0.7353
v 147.649567 -356.681549 -4.748204 0.7353 0.7353 0.7353
v 144.418015 -366.354950 -9.496394 0.7353 0.7353 0.7353
v 141.186478 -376.028320 -14.244584 0.7353 0.7353 0.7353
v 137.954926 -385.701691 -18.992773 0.7353 0.7353 0.7353
v 134.723373 -395.375092 -23.740963 0.7353 0.7353 0.7353
v 131.491821 -405.048462 -28.489153 0.7353 0.7353 0.7353
v 128.260269 -414.721832 -33.237343 0.7353 0.7353 0.7353
v 125.028717 -424.395233 -37.985535 0.7353 0.7353 0.7353
v 156.607422 -348.797943 -0.000016 0.7353 0.7353 0.7353
v 153.769394 -358.526215 -4.885589 0.7353 0.7353 0.7353
v 150.931366 -368.254486 -9.771162 0.7353 0.7353 0.7353
v 148.093338 -377.982758 -14.656735 0.7353 0.7353 0.7353
v 145.255310 -387.711029 -19.542309 0.7353 0.7353 0.7353
v 142.417267 -397.439301 -24.427881 0.7353 0.7353 0.7353
v 139.579239 -407.167572 -29.313454 0.7353 0.7353 0.7353
v 136.741211 -416.895844 -34.199028 0.7353 0.7353 0.7353
v 133.903183 -426.624115 -39.084602 0.7353 0.7353 0.7353
v 172.471344 -352.518646 -0.000032 0.7353 0.7353 0.7353
v 170.697769 -362.330963 -5.209200 0.7353 0.7353 0.7353
v 168.924194 -372.143280 -10.418368 0.7353 0.7353 0.7353
v 167.150620 -381.955566 -15.627536 0.7353 0.7353 0.7353
v 165.377045 -391.767883 -20.836704 0.7353 0.7353 0.7353
v 163.603470 -401.580200 -26.045872 0.7353 0.7353 0.7353
v 161.829895 -411.392517 -31.255041 0.7353 0.7353 0.7353
v 160.056305 -421.204834 -36.464207 0.7353 0.7353 0.7353
v 158.282730 -431.017151 -41.673378 0.7353 0.7353 0.7353
v 184.148285 -354.166382 -0.000022 0.7353 0.7353 0.7353
v 183.139313 -363.988281 -5.392089 0.7353 0.7353 0.7353
v 182.130341 -373.810211 -10.784155 0.7353 0.7353 0.7353
v 181.121368 -383.632141 -16.176222 0.7353 0.7353 0.7353
v 180.112396 -393.454041 -21.568287 0.7353 0.7353 0.7353
v 179.103424 -403.275970 -26.960354 0.7353 0.7353 0.7353
v 178.094452 -413.097900 -32.352421 0.7353 0.7353 0.7353
v 177.085480 -422.919800 -37.744484 0.7353 0.7353 0.7353
v 176.076508 -432.741730 -43.136551 0.7353 0.7353 0.7353
v 196.431534 -354.948334 -0.000015 0.7353 0.7353 0.7353
v 196.205597 -364.742249 -5.530878 0.7353 0.7353 0.7353
v 195.979660 -374.536194 -11.061741 0.7353 0.7353 0.7353
v 195.753708 -384.330109 -16.592604 0.7353 0.7353 0.7353
v 195.527771 -394.124023 -22.123466 0.7353 0.7353 0.7353
v 195.301834 -403.917969 -27.654329 0.7353 0.7353 0.7353
v 195.075882 -413.711884 -33.185192 0.7353 0.7353 0.7353
v 194.849945 -423.505829 -38.716053 0.7353 0.7353 0.7353
v 194.624008 -433.299744 -44.246918 0.7353 0.7353 0.7353
v 204.160736 -354.959808 -0.000008 0.7353 0.7353 0.7353
v 204.361099 -364.724152 -5.583905 0.7353 0.7353 0.7353
v 204.561462 -374.488495 -11.167803 0.7353 0.7353 0.7353
v 204.761826 -384.252838 -16.751701 0.7353 0.7353 0.7353
v 204.962189 -394.017181 -22.335598 0.7353 0.7353 0.7353
v 205.162537 -403.781525 -27.919497 0.7353 0.7353 0.7353
v 205.362900 -413.545868 -33.503395 0.7353 0.7353 0.7353
v 205.563263 -423.310211 -39.087292 0.7353 0.7353 0.7353
v 205.763626 -433.074554 -44.671188 0.7353 0.7353 0.7353
v 218.785889 -354.133301 -0.000006 0.7353 0.7353 0.7353
v 219.683426 -363.833954 -5.626213 0.7353 0.7353 0.7353
v 220.580978 -373.534607 -11.252419 0.7353 0.7353 0.7353
v 221.478516 -383.235260 -16.878626 0.7353 0.7353 0.7353
v 222.376068 -392.935913 -22.504833 0.7353 0.7353 0.7353
v 223.273605 -402.636566 -28.131041 0.7353 0.7353 0.7353
v 224.171158 -412.337219 -33.757248 0.7353 0.7353 0.7353
v 225.068710 -422.037872 -39.383453 0.7353 0.7353 0.7353
v 225.966248 -431.738525 -45.009663 0.7353 0.7353 0.7353
v 228.088791 -353.054413 -0.000005 0.7353 0.7353 0.7353
v 229.430969 -362.710724 -5.613984 0.7353 0.7353 0.7353
v 230.773163 -372.367035 -11.227962 0.7353 0.7353 0.7353
v 232.115341 -382.023315 -16.841942 0.7353 0.7353 0.7353
v 233.457535 -391.679626 -22.455921 0.7353 0.7353 0.7353
v 234.799728 -401.335938 -28.069899 0.7353 0.7353 0.7353
v 236.141907 -410.992249 -33.683880 0.7353 0.7353 0.7353
v 237.484100 -420.648560 -39.297859 0.7353 0.7353 0.7353
v 238.826279 -430.304871 -44.911835 0.7353 0.7353 0.7353
v 241.926636 -350.643646 -0.000025 0.7353 0.7353 0.7353
v 243.936569 -360.222870 -5.546280 0.7353 0.7353 0.7353
v 245.946518 -369.802094 -11.092535 0.7353 0.7353 0.7353
v 247.956451 -379.381348 -16.638790 0.7353 0.7353 0.7353
v 249.966400 -388.960571 -22.185045 0.7353 0.7353 0.7353
v 251.976334 -398.539795 -27.731300 0.7353 0.7353 0.7353
v 253.986282 -408.119049 -33.277557 0.7353 0.7353 0.7353
v 255.996216 -417.698273 -38.823811 0.7353 0.7353 0.7353
v 258.006165 -427.277496 -44.370068 0.7353 0.7353 0.7353
v 261.154175 -345.640198 -0.000017 0.7353 0.7353 0.7353
v 264.118469 -355.080963 -5.352333 0.7353 0.7353 0.7353
v 267.082764 -364.521759 -10.704648 0.7353 0.7353 0.7353
v 270.047089 -373.962524 -16.056963 0.7353 0.7353 0.7353
v 273.011383 -383.403290 -21.409279 0.7353 0.7353 0.7353
v 275.975677 -392.844055 -26.761593 0.7353 0.7353 0.7353
v 278.939972 -402.284821 -32.113911 0.7353 0.7353 0.7353
v 281.904297 -411.725586 -37.466225 0.7353 0.7353 0.7353
v 284.868591 -421.166351 -42.818539 0.7353 0.7353 0.7353
v 276.531799 -340.163666 -0.000013 0.7353 0.7353 0.7353
v 280.284729 -349.454712 -5.114170 0.7353 0.7353 0.7353
v 284.037689 -358.745728 -10.228327 0.7353 0.7353 0.7353
v 287.790619 -368.036774 -15.342484 0.7353 0.7353 0.7353
v 291.543579 -377.327789 -20.456642 0.7353 0.7353 0.7353
v 295.296509 -386.618835 -25.570799 0.7353 0.7353 0.7353
v 299.049469 -395.909882 -30.684956 0.7353 0.7353 0.7353
v 302.802399 -405.200897 -35.799114 0.7353 0.7353 0.7353
v 306.555328 -414.491943 -40.913269 0.7353 0.7353 0.7353
v 288.226990 -335.039642 -0.000014 0.7353 0.7353 0.7353
v 292.596741 -344.183319 -4.884756 0.7353 0.7353 0.7353
v 296.966522 -353.327026 -9.769497 0.7353 0.7353 0.7353
v 301.336273 -362.470703 -14.654239 0.7353 0.7353 0.7353
v 305.706055 -371.614380 -19.538980 0.7353 0.7353 0.7353
v 310.075806 -380.758057 -24.423721 0.7353 0.7353 0.7353
v 314.445587 -389.901733 -29.308464 0.7353 0.7353 0.7353
v 318.815338 -399.045441 -34.193207 0.7353 0.7353 0.7353
v 323.185120 -408.189117 -39.077946 0.7353 0.7353 0.7353
v 296.502258 -330.864136 -0.000014 0.7353 0.7353 0.7353
v 301.318634 -339.880707 -4.697481 0.7353 0.7353 0.7353
v 306.135040 -348.897278 -9.394948 0.7353 0.7353 0.7353
v 310.951416 -357.913849 -14.092415 0.7353 0.7353 0.7353
v 315.767822 -366.930450 -18.789883 0.7353 0.7353 0.7353
v 320.584198 -375.947021 -23.487350 0.7353 0.7353 0.7353
v 325.400574 -384.963593 -28.184816 0.7353 0.7353 0.7353
v 330.216980 -393.980164 -32.882282 0.7353 0.7353 0.7353
v 335.033356 -402.996765 -37.579750 0.7353 0.7353 0.7353
v 307.531677 -324.518127 -0.000015 0.7353 0.7353 0.7353
v 312.960358 -333.327087 -4.415285 0.7353 0.7353 0.7353
v 318.389038 -342.136017 -8.830554 0.7353 0.7353 0.7353
v 323.817719 -350.944946 -13.245824 0.7353 0.7353 0.7353
v 329.246399 -359.753876 -17.661093 0.7353 0.7353 0.7353
v 334.675079 -368.562836 -22.076363 0.7353 0.7353 0.7353
v 340.103760 -377.371765 -26.491632 0.7353 0.7353 0.7353
v 345.532440 -386.180695 -30.906902 0.7353 0.7353 0.7353
v 350.961121 -394.989624 -35.322170 0.7353 0.7353 0.7353
v 315.031982 -319.653412 -0.000011 0.7353 0.7353 0.7353
v 320.888733 -328.290619 -4.202381 0.7353 0.7353 0.7353
v 326.745483 -336.927795 -8.404751 0.7353 0.7353 0.7353
v 332.602234 -345.564972 -12.607121 0.7353 0.7353 0.7353
v 338.458984 -354.202179 -16.809490 0.7353 0.7353 0.7353
v 344.315735 -362.839355 -21.011860 0.7353 0.7353 0.7353
v 350.172516 -371.476532 -25.214230 0.7353 0.7353 0.7353
v 356.029266 -380.113739 -29.416599 0.7353 0.7353 0.7353
v 361.886017 -388.750916 -33.618969 0.7353 0.7353 0.7353
v 325.356598 -312.153870 -0.000010 0.7353 0.7353 0.7353
v 331.818298 -320.505341 -3.880966 0.7353 0.7353 0.7353
v 338.279999 -328.856812 -7.761922 0.7353 0.7353 0.7353
v 344.741730 -337.208282 -11.642878 0.7353 0.7353 0.7353
v 351.203430 -345.559753 -15.523833 0.7353 0.7353 0.7353
v 357.665131 -353.911194 -19.404789 0.7353 0.7353 0.7353
v 364.126831 -362.262665 -23.285746 0.7353 0.7353 0.7353
v 370.588562 -370.614136 -27.166700 0.7353 0.7353 0.7353
v 377.050262 -378.965607 -31.047657 0.7353 0.7353 0.7353
v 331.806427 -306.947021 -0.000009 0.7353 0.7353 0.7353
v 338.653198 -315.087952 -3.661917 0.7353 0.7353 0.7353
v 345.499939 -323.228912 -7.323825 0.7353 0.7353 0.7353
v 352.346680 -331.369843 -10.985733 0.7353 0.7353 0.7353
v 359.193451 -339.510773 -14.647641 0.7353 0.7353 0.7353
v 366.040192 -347.651733 -18.309549 0.7353 0.7353 0.7353
v 372.886932 -355.792664 -21.971458 0.7353 0.7353 0.7353
v 379.733704 -363.933594 -25.633366 0.7353 0.7353 0.7353
v 386.580444 -372.074554 -29.295273 0.7353 0.7353 0.7353
v 341.697723 -298.073517 0.000010 0.7353 0.7353 0.7353
v 349.140442 -305.837189 -3.300537 0.7353 0.7353 0.7353
v 356.583191 -313.600861 -6.601083 0.7353 0.7353 0.7353
v 364.025909 -321.364563 -9.901629 0.7353 0.7353 0.7353
v 371.468658 -329.128235 -13.202175 0.7353 0.7353 0.7353
v 378.911377 -336.891907 -16.502722 0.7353 0.7353 0.7353
v 386.354095 -344.655579 -19.803267 0.7353 0.7353 0.7353
v 393.796844 -352.419250 -23.103813 0.7353 0.7353 0.7353
v 401.239563 -360.182922 -26.404360 0.7353 0.7353 0.7353
v 348.198334 -291.572876 0.000004 0.7353 0.7353 0.7353
v 356.035767 -299.047211 -3.044931 0.7353 0.7353 0.7353
v 363.873199 -306.521545 -6.089867 0.7353 0.7353 0.7353
v 371.710632 -313.995850 -9.134803 0.7353 0.7353 0.7353
v 379.548065 -321.470184 -12.179739 0.7353 0.7353 0.7353
v 387.385498 -328.944489 -15.224674 0.7353 0.7353 0.7353
v 395.222931 -336.418823 -18.269611 0.7353 0.7353 0.7353
v 403.060364 -343.893127 -21.314547 0.7353 0.7353 0.7353
v 410.897797 -351.367462 -24.359482 0.7353 0.7353 0.7353
v 357.631317 -281.010437 -0.000012 0.7353 0.7353 0.7353
v 366.045837 -287.993103 -2.645909 0.7353 0.7353 0.7353
v 374.460358 -294.975769 -5.291806 0.7353 0.7353 0.7353
v 382.874878 -301.958435 -7.937704 0.7353 0.7353 0.7353
v 391.289368 -308.941101 -10.583601 0.7353 0.7353 0.7353
v 399.703888 -315.923767 -13.229498 0.7353 0.7353 0.7353
v 408.118408 -322.906433 -15.875395 0.7353 0.7353 0.7353
v 416.532928 -329.889099 -18.521292 0.7353 0.7353 0.7353
v 424.947449 -336.871765 -21.167189 0.7353 0.7353 0.7353
v 365.581940 -270.833740 -0.000003 0.7353 0.7353 0.7353
v 374.484314 -277.322021 -2.283018 0.7353 0.7353 0.7353
v 383.386719 -283.810303 -4.566032 0.7353 0.7353 0.7353
v 392.289093 -290.298553 -6.849047 0.7353 0.7353 0.7353
v 401.191498 -296.786835 -9.132061 0.7353 0.7353 0.7353
v 410.093872 -303.275116 -11.415075 0.7353 0.7353 0.7353
v 418.996277 -309.763397 -13.698090 0.7353 0.7353 0.7353
v 427.898682 -316.251678 -15.981104 0.7353 0.7353 0.7353
v 436.801056 -322.739960 -18.264118 0.7353 0.7353 0.7353
v 372.598633 -260.601868 -0.000002 0.7353 0.7353 0.7353
v 381.931610 -266.576385 -1.939877 0.7353 0.7353 0.7353
v 391.264587 -272.550903 -3.879752 0.7353 0.7353 0.7353
v 400.597565 -278.525421 -5.819627 0.7353 0.7353 0.7353
v 409.930573 -284.499939 -7.759502 0.7353 0.7353 0.7353
v 419.263550 -290.474457 -9.699378 0.7353 0.7353 0.7353
v 428.596527 -296.448975 -11.639253 0.7353 0.7353 0.7353
v 437.929504 -302.423492 -13.579128 0.7353 0.7353 0.7353
v 447.262482 -308.398041 -15.519003 0.7353 0.7353 0.7353
v 376.992828 -253.425690 -0.000010 0.7353 0.7353 0.7353
v 386.594513 -259.032043 -1.714364 0.7353 0.7353 0.7353
v 396.196198 -264.638397 -3.428718 0.7353 0.7353 0.7353
v 405.797882 -270.244720 -5.143071 0.7353 0.7353 0.7353
v 415.399567 -275.851074 -6.857425 0.7353 0.7353 0.7353
v 425.001251 -281.457428 -8.571778 0.7353 0.7353 0.7353
v 434.602936 -287.063782 -10.286133 0.7353 0.7353 0.7353
v 444.204620 -292.670135 -12.000486 0.7353 0.7353 0.7353
v 453.806305 -298.276489 -13.714840 0.7353 0.7353 0.7353
v 383.710297 -240.931870 -0.000007 0.7353 0.7353 0.7353
v 393.720581 -245.884903 -1.350737 0.7353 0.7353 0.7353
v 403.730835 -250.837921 -2.701467 0.7353 0.7353 0.7353
v 413.741119 -255.790955 -4.052197 0.7353 0.7353 0.7353
v 423.751404 -260.743988 -5.402926 0.7353 0.7353 0.7353
v 433.761658 -265.697021 -6.753656 0.7353 0.7353 0.7353
v 443.771942 -270.650055 -8.104385 0.7353 0.7353 0.7353
v 453.782196 -275.603058 -9.455115 0.7353 0.7353 0.7353
v 463.792480 -280.556091 -10.805844 0.7353 0.7353 0.7353
v 387.149139 -233.599075 -0.000007 0.7353 0.7353 0.7353
v 397.365936 -238.165100 -1.153661 0.7353 0.7353 0.7353
v 407.582764 -242.731125 -2.307316 0.7353 0.7353 0.7353
v 417.799561 -247.297150 -3.460971 0.7353 0.7353 0.7353
v 428.016357 -251.863159 -4.614625 0.7353 0.7353 0.7353
v 438.233154 -256.429199 -5.768280 0.7353 0.7353 0.7353
v 448.449951 -260.995209 -6.921934 0.7353 0.7353 0.7353
v 458.666748 -265.561218 -8.075589 0.7353 0.7353 0.7353
v 468.883575 -270.127258 -9.229243 0.7353 0.7353 0.7353
v 392.523193 -220.300293 -0.000011 0.7353 0.7353 0.7353
v 403.058716 -224.157150 -0.830472 0.7353 0.7353 0.7353
v 413.594238 -228.014008 -1.660932 0.7353 0.7353 0.7353
v 424.129791 -231.870865 -2.491393 0.7353 0.7353 0.7353
v 434.665314 -235.727737 -3.321853 0.7353 0.7353 0.7353
v 445.200836 -239.584595 -4.152314 0.7353 0.7353 0.7353
v 455.736389 -243.441452 -4.982774 0.7353 0.7353 0.7353
v 466.271912 -247.298309 -5.813235 0.7353 0.7353 0.7353
v 476.807465 -251.155167 -6.643695 0.7353 0.7353 0.7353
v 396.169037 -209.359344 -0.000009 0.7353 0.7353 0.7353
v 406.918488 -212.623169 -0.599356 0.7353 0.7353 0.7353
v 417.667938 -215.886978 -1.198702 0.7353 0.7353 0.7353
v 428.417389 -219.150803 -1.798048 0.7353 0.7353 0.7353
v 439.166840 -222.414627 -2.397394 0.7353 0.7353 0.7353
v 449.916321 -225.678436 -2.996740 0.7353 0.7353 0.7353
v 460.665771 -228.942261 -3.596087 0.7353 0.7353 0.7353
v 471.415222 -232.206085 -4.195433 0.7353 0.7353 0.7353
v 482.164673 -235.469894 -4.794779 0.7353 0.7353 0.7353
v 399.499084 -196.995529 -0.000003 0.7353 0.7353 0.7353
v 410.442261 -199.577255 -0.379999 0.7353 0.7353 0.7353
v 421.385406 -202.158981 -0.759996 0.7353 0.7353 0.7353
v 432.328583 -204.740707 -1.139992 0.7353 0.7353 0.7353
v 443.271759 -207.322433 -1.519989 0.7353 0.7353 0.7353
v 454.214905 -209.904160 -1.899986 0.7353 0.7353 0.7353
v 465.158081 -212.485870 -2.279982 0.7353 0.7353 0.7353
v 476.101227 -215.067596 -2.659979 0.7353 0.7353 0.7353
v 487.044403 -217.649323 -3.039975 0.7353 0.7353 0.7353
v 401.618103 -186.919662 0.000001 0.7353 0.7353 0.7353
v 412.683502 -188.935669 -0.235967 0.7353 0.7353 0.7353
v 423.748871 -190.951691 -0.471935 0.7353 0.7353 0.7353
v 434.814240 -192.967697 -0.707904 0.7353 0.7353 0.7353
v 445.879608 -194.983704 -0.943872 0.7353 0.7353 0.7353
v 456.944977 -196.999710 -1.179840 0.7353 0.7353 0.7353
v 468.010376 -199.015732 -1.415809 0.7353 0.7353 0.7353
v 479.075745 -201.031738 -1.651777 0.7353 0.7353 0.7353
v 490.141113 -203.047745 -1.887745 0.7353 0.7353 0.7353
v 403.595001 -173.800766 0.000010 0.7353 0.7353 0.7353
v 414.772797 -175.069534 -0.099036 0.7353 0.7353 0.7353
v 425.950592 -176.338287 -0.198082 0.7353 0.7353 0.7353
v 437.128357 -177.607056 -0.297127 0.7353 0.7353 0.7353
v 448.306152 -178.875809 -0.396173 0.7353 0.7353 0.7353
v 459.483948 -180.144577 -0.495219 0.7353 0.7353 0.7353
v 470.661743 -181.413330 -0.594264 0.7353 0.7353 0.7353
v 481.839508 -182.682098 -0.693310 0.7353 0.7353 0.7353
v 493.017303 -183.950851 -0.792356 0.7353 0.7353 0.7353
v 404.560730 -163.191956 0.000011 0.7353 0.7353 0.7353
v 415.788330 -163.901123 -0.030691 0.7353 0.7353 0.7353
v 427.015900 -164.610306 -0.061393 0.7353 0.7353 0.7353
v 438.243500 -165.319473 -0.092094 0.7353 0.7353 0.7353
v 449.471069 -166.028656 -0.122796 0.7353 0.7353 0.7353
v 460.698639 -166.737823 -0.153497 0.7353 0.7353 0.7353
v 471.926239 -167.446991 -0.184199 0.7353 0.7353 0.7353
v 483.153809 -168.156174 -0.214901 0.7353 0.7353 0.7353
v 494.381409 -168.865341 -0.245602 0.7353 0.7353 0.7353
v 405.110168 -150.180542 -0.000004 0.7353 0.7353 0.7353
v 416.360168 -150.190399 -0.000176 0.7353 0.7353 0.7353
v 427.610168 -150.200256 -0.000348 0.7353 0.7353 0.7353
v 438.860168 -150.210114 -0.000520 0.7353 0.7353 0.7353
v 450.110168 -150.219971 -0.000692 0.7353 0.7353 0.7353
v 461.360168 -150.229828 -0.000864 0.7353 0.7353 0.7353
v 472.610138 -150.239685 -0.001036 0.7353 0.7353 0.7353
v 483.860138 -150.249542 -0.001208 0.7353 0.7353 0.7353
v 495.110138 -150.259399 -0.001380 0.7353 0.7353 0.7353
v 405.114288 -149.999985 -0.000002 0.7353 0.7353 0.7353
v 416.364288 -149.999985 -0.000002 0.7353 0.7353 0.7353
v 427.614288 -149.999985 -0.000002 0.7353 0.7353 0.7353
v 438.864288 -149.999985 -0.000002 0.7353 0.7353 0.7353
v 450.114288 -149.999985 -0.000002 0.7353 0.7353 0.7353
v 461.364288 -149.999985 -0.000002 0.7353 0.7353 0.7353
v 472.614288 -149.999985 -0.000002 0.7353 0.7353 0.7353
v 483.864288 -149.999985 -0.000002 0.7353 0.7353 0.7353
v 495.114288 -149.999985 -0.000002 0.7353 0.7353 0.7353
v -30.000017 -100.000015 -0.000004 0.9063 0.9063 0.9063
v -30.000017 -100.000038 -20.000004 0.9063 0.9063 0.9063
v -42.754639 -232.617111 -0.811928 0.9063 0.9063 0.9063
v -42.683498 -231.120850 -30.774845 0.9063 0.9063 0.9063
v -39.433670 -251.593292 -1.985214 0.9063 0.9063 0.9063
v -39.259243 -249.276917 -31.895168 0.9063 0.9063 0.9063
v -35.660908 -266.676514 -3.278225 0.9063 0.9063 0.9063
v -35.361534 -263.746765 -33.133327 0.9063 0.9063 0.9063
v -29.048948 -286.465820 -5.442419 0.9063 0.9063 0.9063
v -28.568647 -282.644958 -35.194233 0.9063 0.9063 0.9063
v -23.648983 -299.307587 -7.101841 0.9063 0.9063 0.9063
v -23.015043 -294.956329 -36.777840 0.9063 0.9063 0.9063
v -13.308970 -319.280670 -10.112491 0.9063 0.9063 0.9063
v -12.485196 -313.923279 -39.618759 0.9063 0.9063 0.9063
v -4.772018 -332.828644 -12.479138 0.9063 0.9063 0.9063
v -3.819758 -326.744629 -41.840302 0.9063 0.9063 0.9063
v 7.567329 -349.290009 -15.733381 0.9063 0.9063 0.9063
v 8.649310 -342.242615 -44.873795 0.9063 0.9063 0.9063
v 19.336390 -362.477112 -18.664665 0.9063 0.9063 0.9063
v 20.494987 -354.594055 -47.587234 0.9063 0.9063 0.9063
v 33.543385 -375.947174 -21.977732 0.9063 0.9063 0.9063
v 34.737572 -367.141998 -50.631573 0.9063 0.9063 0.9063
v 51.686749 -390.139984 -25.873383 0.9063 0.9063 0.9063
v 52.849838 -380.270325 -54.179508 0.9063 0.9063 0.9063
v 66.805832 -399.905396 -28.828232 0.9063 0.9063 0.9063
v 67.875107 -389.232758 -56.845222 0.9063 0.9063 0.9063
v 75.455757 -404.771790 -30.409298 0.9063 0.9063 0.9063
v 76.405052 -393.648193 -58.254669 0.9063 0.9063 0.9063
v 94.257767 -413.759064 -33.580551 0.9063 0.9063 0.9063
v 95.000633 -401.788574 -61.078835 0.9063 0.9063 0.9063
v 103.547859 -417.472900 -35.004036 0.9063 0.9063 0.9063
v 104.110268 -405.102722 -62.329163 0.9063 0.9063 0.9063
v 125.028717 -424.395233 -37.985535 0.9063 0.9063 0.9063
v 125.134727 -411.204895 -64.930008 0.9063 0.9063 0.9063
v 133.903183 -426.624115 -39.084602 0.9063 0.9063 0.9063
v 133.830185 -413.143494 -65.885117 0.9063 0.9063 0.9063
v 158.282730 -431.017151 -41.673378 0.9063 0.9063 0.9063
v 157.701828 -416.870911 -68.122322 0.9063 0.9063 0.9063
v 176.076508 -432.741730 -43.136551 0.9063 0.9063 0.9063
v 175.089020 -418.234650 -69.377159 0.9063 0.9063 0.9063
v 194.624008 -433.299744 -44.246918 0.9063 0.9063 0.9063
v 193.380829 -418.538727 -70.334602 0.9063 0.9063 0.9063
v 205.763626 -433.074554 -44.671188 0.9063 0.9063 0.9063
v 204.383423 -418.218933 -70.698196 0.9063 0.9063 0.9063
v 225.966248 -431.738525 -45.009663 0.9063 0.9063 0.9063
v 224.563950 -416.800995 -70.988556 0.9063 0.9063 0.9063
v 238.826279 -430.304871 -44.911835 0.9063 0.9063 0.9063
v 237.303574 -415.404449 -70.905281 0.9063 0.9063 0.9063
v 258.006165 -427.277496 -44.370068 0.9063 0.9063 0.9063
v 256.286194 -412.541443 -70.444778 0.9063 0.9063 0.9063
v 284.868591 -421.166351 -42.818539 0.9063 0.9063 0.9063
v 282.967255 -406.854401 -69.115936 0.9063 0.9063 0.9063
v 306.555328 -414.491943 -40.913269 0.9063 0.9063 0.9063
v 304.468689 -400.711792 -67.479294 0.9063 0.9063 0.9063
v 323.185120 -408.189117 -39.077946 0.9063 0.9063 0.9063
v 320.918671 -394.943420 -65.899864 0.9063 0.9063 0.9063
v 335.033356 -402.996765 -37.579750 0.9063 0.9063 0.9063
v 332.682251 -390.175629 -64.599953 0.9063 0.9063 0.9063
v 350.961121 -394.989624 -35.322170 0.9063 0.9063 0.9063
v 348.474670 -382.831879 -62.635300 0.9063 0.9063 0.9063
v 361.886017 -388.750916 -33.618969 0.9063 0.9063 0.9063
v 359.316772 -377.100586 -61.144756 0.9063 0.9063 0.9063
v 377.050262 -378.965607 -31.047657 0.9063 0.9063 0.9063
v 374.466553 -368.037109 -58.866585 0.9063 0.9063 0.9063
v 386.580444 -372.074554 -29.295273 0.9063 0.9063 0.9063
v 383.982971 -361.658264 -57.308735 0.9063 0.9063 0.9063
v 401.239563 -360.182922 -26.404360 0.9063 0.9063 0.9063
v 398.721008 -350.564423 -54.708794 0.9063 0.9063 0.9063
v 410.897797 -351.367462 -24.359482 0.9063 0.9063 0.9063
v 408.456787 -342.317383 -52.857506 0.9063 0.9063 0.9063
v 424.947449 -336.871765 -21.167189 0.9063 0.9063 0.9063
v 422.671448 -328.709625 -49.945644 0.9063 0.9063 0.9063
v 436.801056 -322.739960 -18.264118 0.9063 0.9063 0.9063
v 434.739960 -315.361877 -47.269558 0.9063 0.9063 0.9063
v 447.262482 -308.398041 -15.519003 0.9063 0.9063 0.9063
v 445.423065 -301.788818 -44.724052 0.9063 0.9063 0.9063
v 453.806305 -298.276489 -13.714840 0.9063 0.9063 0.9063
v 452.136536 -292.169189 -43.039108 0.9063 0.9063 0.9063
v 463.792480 -280.556091 -10.805844 0.9063 0.9063 0.9063
v 462.428589 -275.268036 -40.304592 0.9063 0.9063 0.9063
v 468.883575 -270.127258 -9.229243 0.9063 0.9063 0.9063
v 467.714447 -265.269287 -38.810207 0.9063 0.9063 0.9063
v 476.807465 -251.155167 -6.643695 0.9063 0.9063 0.9063
v 475.960602 -247.071548 -36.352398 0.9063 0.9063 0.9063
v 482.164673 -235.469894 -4.794779 0.9063 0.9063 0.9063
v 481.546539 -232.034119 -34.590977 0.9063 0.9063 0.9063
v 487.044403 -217.649323 -3.039975 0.9063 0.9063 0.9063
v 486.647858 -214.933014 -32.914120 0.9063 0.9063 0.9063
v 490.141113 -203.047745 -1.887745 0.9063 0.9063 0.9063
v 489.887909 -200.934891 -31.812180 0.9063 0.9063 0.9063
v 493.017303 -183.950851 -0.792356 0.9063 0.9063 0.9063
v 492.907959 -182.574677 -30.760576 0.9063 0.9063 0.9063
v 494.381409 -168.865341 -0.245602 0.9063 0.9063 0.9063
v 494.348755 -168.083847 -30.235405 0.9063 0.9063 0.9063
v 495.110138 -150.259399 -0.001380 0.9063 0.9063 0.9063
v 495.109833 -150.102371 -30.000971 0.9063 0.9063 0.9063
v 495.114288 -149.999985 -0.000002 0.9063 0.9063 0.9063
v 495.114288 -149.999985 -30.000002 0.9063 0.9063 0.9063
v 29.999983 -100.000015 -0.000004 0.9063 0.9063 0.9063
v 29.999983 -100.000015 -20.000004 0.9063 0.9063 0.9063
v 46.436672 -220.599091 -0.000023 0.9063 0.9063 0.9063
v 46.704899 -220.563065 -29.999140 0.9063 0.9063 0.9063
v 48.513176 -232.582169 -0.000018 0.9063 0.9063 0.9063
v 49.160362 -232.444168 -29.992743 0.9063 0.9063 0.9063
v 50.859665 -242.111389 -0.000010 0.9063 0.9063 0.9063
v 51.911839 -241.816406 -29.980104 0.9063 0.9063 0.9063
v 54.963093 -254.648254 -0.000012 0.9063 0.9063 0.9063
v 56.660839 -254.008911 -29.945110 0.9063 0.9063 0.9063
v 58.312840 -262.813416 -0.000008 0.9063 0.9063 0.9063
v 60.475651 -261.851013 -29.906464 0.9063 0.9063 0.9063
v 64.718277 -275.583008 0.000005 0.9063 0.9063 0.9063
v 67.657898 -273.933411 -29.810019 0.9063 0.9063 0.9063
v 69.993874 -284.307159 -0.000003 0.9063 0.9063 0.9063
v 73.480774 -282.038971 -29.710217 0.9063 0.9063 0.9063
v 77.591385 -294.984467 0.000003 0.9063 0.9063 0.9063
v 81.732574 -291.766541 -29.538034 0.9063 0.9063 0.9063
v 84.816185 -303.621124 0.000002 0.9063 0.9063 0.9063
v 89.439606 -299.457977 -29.347778 0.9063 0.9063 0.9063
v 93.539818 -312.564178 0.000000 0.9063 0.9063 0.9063
v 98.573830 -307.241791 -29.091770 0.9063 0.9063 0.9063
v 104.721924 -322.185303 -0.000006 0.9063 0.9063 0.9063
v 110.030075 -315.387909 -28.733587 0.9063 0.9063 0.9063
v 114.097595 -328.965820 -0.000017 0.9063 0.9063 0.9063
v 119.433792 -320.974213 -28.419365 0.9063 0.9063 0.9063
v 119.484688 -332.406525 -0.000008 0.9063 0.9063 0.9063
v 124.762024 -323.752228 -28.235672 0.9063 0.9063 0.9063
v 131.284103 -338.916565 -0.000014 0.9063 0.9063 0.9063
v 136.255646 -328.887695 -27.833542 0.9063 0.9063 0.9063
v 137.163284 -341.678955 -0.000013 0.9063 0.9063 0.9063
v 141.899109 -331.015259 -27.637987 0.9063 0.9063 0.9063
v 150.881119 -347.008179 -0.000014 0.9063 0.9063 0.9063
v 154.892975 -334.998718 -27.197033 0.9063 0.9063 0.9063
v 156.607422 -348.797943 -0.000016 0.9063 0.9063 0.9063
v 160.246429 -336.288300 -27.023451 0.9063 0.9063 0.9063
v 172.471344 -352.518646 -0.000032 0.9063 0.9063 0.9063
v 174.926117 -338.846130 -26.590195 0.9063 0.9063 0.9063
v 184.148285 -354.166382 -0.000022 0.9063 0.9063 0.9063
v 185.618942 -339.862946 -26.329643 0.9063 0.9063 0.9063
v 196.431534 -354.948334 -0.000015 0.9063 0.9063 0.9063
v 196.789139 -340.203705 -26.124100 0.9063 0.9063 0.9063
v 204.160736 -354.959808 -0.000008 0.9063 0.9063 0.9063
v 203.860046 -340.072449 -26.043743 0.9063 0.9063 0.9063
v 218.785889 -354.133301 -0.000006 0.9063 0.9063 0.9063
v 217.395981 -339.194611 -25.978910 0.9063 0.9063 0.9063
v 228.088791 -353.054413 -0.000005 0.9063 0.9063 0.9063
v 226.022064 -338.227142 -25.997713 0.9063 0.9063 0.9063
v 241.926636 -350.643646 -0.000025 0.9063 0.9063 0.9063
v 238.891296 -336.168457 -26.100897 0.9063 0.9063 0.9063
v 261.154175 -345.640198 -0.000017 0.9063 0.9063 0.9063
v 256.898743 -332.016479 -26.387243 0.9063 0.9063 0.9063
v 276.531799 -340.163666 -0.000013 0.9063 0.9063 0.9063
v 271.448914 -327.508484 -26.721001 0.9063 0.9063 0.9063
v 288.226990 -335.039642 -0.000014 0.9063 0.9063 0.9063
v 282.626373 -323.279144 -27.024515 0.9063 0.9063 0.9063
v 296.502258 -330.864136 -0.000014 0.9063 0.9063 0.9063
v 290.600494 -319.814941 -27.259596 0.9063 0.9063 0.9063
v 307.531677 -324.518127 -0.000015 0.9063 0.9063 0.9063
v 301.340393 -314.503326 -27.592976 0.9063 0.9063 0.9063
v 315.031982 -319.653412 -0.000011 0.9063 0.9063 0.9063
v 308.728607 -310.387939 -27.828381 0.9063 0.9063 0.9063
v 325.356598 -312.153870 -0.000010 0.9063 0.9063 0.9063
v 319.016998 -303.973663 -28.158379 0.9063 0.9063 0.9063
v 331.806427 -306.947021 -0.000009 0.9063 0.9063 0.9063
v 325.520630 -299.474030 -28.366241 0.9063 0.9063 0.9063
v 341.697723 -298.073517 0.000010 0.9063 0.9063 0.9063
v 335.612396 -291.714722 -28.679850 0.9063 0.9063 0.9063
v 348.198334 -291.572876 0.000004 0.9063 0.9063 0.9063
v 342.329956 -285.960938 -28.880236 0.9063 0.9063 0.9063
v 357.631317 -281.010437 -0.000012 0.9063 0.9063 0.9063
v 352.209869 -276.494751 -29.158485 0.9063 0.9063 0.9063
v 365.581940 -270.833740 -0.000003 0.9063 0.9063 0.9063
v 360.667969 -267.239685 -29.375771 0.9063 0.9063 0.9063
v 372.598633 -260.601868 -0.000002 0.9063 0.9063 0.9063
v 368.244019 -257.809540 -29.550638 0.9063 0.9063 0.9063
v 376.992828 -253.425690 -0.000010 0.9063 0.9063 0.9063
v 373.044586 -251.121140 -29.649639 0.9063 0.9063 0.9063
v 383.710297 -240.931870 -0.000007 0.9063 0.9063 0.9063
v 380.479889 -239.338623 -29.782990 0.9063 0.9063 0.9063
v 387.149139 -233.599075 -0.000007 0.9063 0.9063 0.9063
v 384.338348 -232.348587 -29.841852 0.9063 0.9063 0.9063
v 392.523193 -220.300293 -0.000011 0.9063 0.9063 0.9063
v 390.442322 -219.542450 -29.918161 0.9063 0.9063 0.9063
v 396.169037 -209.359344 -0.000009 0.9063 0.9063 0.9063
v 394.639252 -208.896515 -29.957407 0.9063 0.9063 0.9063
v 399.499084 -196.995529 -0.000003 0.9063 0.9063 0.9063
v 398.512939 -196.762466 -29.982885 0.9063 0.9063 0.9063
v 401.618103 -186.919662 0.000001 0.9063 0.9063 0.9063
v 400.999268 -186.805679 -29.993401 0.9063 0.9063 0.9063
v 403.595001 -173.800766 0.000010 0.9063 0.9063 0.9063
v 403.332642 -173.770416 -29.998829 0.9063 0.9063 0.9063
v 404.560730 -163.191956 0.000011 0.9063 0.9063 0.9063
v 404.479065 -163.186234 -29.999878 0.9063 0.9063 0.9063
v 405.110168 -150.180542 -0.000004 0.9063 0.9063 0.9063
v 405.109711 -150.180298 -30.000004 0.9063 0.9063 0.9063
v 405.114288 -149.999985 -0.000002 0.9063 0.9063 0.9063
v 405.114288 -149.999985 -30.000002 0.9063 0.9063 0.9063
vn -0.0000 -0.0000 -1.0000
vn 0.0089 0.0012 -1.0000
vn 0.0077 0.0102 -0.9999
vn 0.0067 0.0180 -0.9998
vn 0.0057 0.0249 -0.9997
vn 0.0049 0.0310 -0.9995
vn 0.0042 0.0365 -0.9993
vn 0.0035 0.0414 -0.9991
vn 0.0029 0.0458 -0.9989
vn 0.0024 0.0499 -0.9988
vn 0.0216 0.0046 -0.9998
vn 0.0187 0.0180 -0.9997
vn 0.0161 0.0298 -0.9994
vn 0.0139 0.0400 -0.9991
vn 0.0119 0.0493 -0.9987
vn 0.0101 0.0573 -0.9983
vn 0.0085 0.0646 -0.9979
vn 0.0071 0.0713 -0.9974
vn 0.0058 0.0772 -0.9970
vn 0.0351 0.0098 -0.9993
vn 0.0304 0.0261 -0.9992
vn 0.0264 0.0403 -0.9988
vn 0.0228 0.0528 -0.9983
vn 0.0197 0.0638 -0.9978
vn 0.0169 0.0736 -0.9971
vn 0.0143 0.0825 -0.9965
vn 0.0121 0.0905 -0.9958
vn 0.0100 0.0977 -0.9952
vn 0.0566 0.0213 -0.9982
vn 0.0491 0.0410 -0.9980
vn 0.0426 0.0581 -0.9974
vn 0.0368 0.0732 -0.9966
vn 0.0317 0.0865 -0.9957
vn 0.0272 0.0984 -0.9948
vn 0.0231 0.1091 -0.9938
vn 0.0194 0.1187 -0.9927
vn 0.0160 0.1274 -0.9917
vn 0.0721 0.0321 -0.9969
vn 0.0628 0.0531 -0.9966
vn 0.0546 0.0713 -0.9960
vn 0.0473 0.0874 -0.9950
vn 0.0409 0.1016 -0.9940
vn 0.0352 0.1143 -0.9928
vn 0.0300 0.1256 -0.9916
vn 0.0254 0.1358 -0.9904
vn 0.0211 0.1450 -0.9892
vn 0.0980 0.0550 -0.9937
vn 0.0851 0.0779 -0.9933
vn 0.0738 0.0980 -0.9924
vn 0.0637 0.1156 -0.9913
vn 0.0549 0.1312 -0.9898
vn 0.0469 0.1450 -0.9883
vn 0.0398 0.1573 -0.9867
vn 0.0333 0.1685 -0.9851
vn 0.0275 0.1786 -0.9835
vn 0.1162 0.0756 -0.9903
vn 0.1008 0.0993 -0.9899
vn 0.0872 0.1199 -0.9889
vn 0.0752 0.1380 -0.9876
vn 0.0646 0.1541 -0.9859
vn 0.0550 0.1683 -0.9842
vn 0.0465 0.1810 -0.9824
vn 0.0388 0.1925 -0.9805
vn 0.0318 0.2028 -0.9787
vn 0.1380 0.1073 -0.9846
vn 0.1193 0.1311 -0.9842
vn 0.1030 0.1519 -0.9830
vn 0.0885 0.1701 -0.9814
vn 0.0756 0.1863 -0.9796
vn 0.0641 0.2005 -0.9776
vn 0.0538 0.2133 -0.9755
vn 0.0445 0.2245 -0.9734
vn 0.0361 0.2349 -0.9713
vn 0.1541 0.1388 -0.9783
vn 0.1330 0.1621 -0.9778
vn 0.1145 0.1824 -0.9765
vn 0.0980 0.2000 -0.9749
vn 0.0835 0.2157 -0.9729
vn 0.0705 0.2296 -0.9707
vn 0.0588 0.2419 -0.9685
vn 0.0482 0.2528 -0.9663
vn 0.0386 0.2628 -0.9641
vn 0.1678 0.1774 -0.9697
vn 0.1445 0.1993 -0.9692
vn 0.1240 0.2184 -0.9680
vn 0.1058 0.2349 -0.9662
vn 0.0896 0.2496 -0.9642
vn 0.0752 0.2625 -0.9620
vn 0.0622 0.2740 -0.9597
vn 0.0504 0.2842 -0.9574
vn 0.0398 0.2935 -0.9551
vn 0.1769 0.2266 -0.9578
vn 0.1519 0.2460 -0.9573
vn 0.1297 0.2628 -0.9561
vn 0.1101 0.2774 -0.9544
vn 0.0927 0.2903 -0.9524
vn 0.0770 0.3017 -0.9503
vn 0.0630 0.3118 -0.9481
vn 0.0503 0.3209 -0.9458
vn 0.0388 0.3290 -0.9435
vn 0.1779 0.2664 -0.9473
vn 0.1521 0.2834 -0.9469
vn 0.1293 0.2981 -0.9457
vn 0.1092 0.3109 -0.9441
vn 0.0912 0.3221 -0.9423
vn 0.0751 0.3320 -0.9403
vn 0.0606 0.3409 -0.9382
vn 0.0475 0.3487 -0.9360
vn 0.0356 0.3558 -0.9339
vn 0.1759 0.2885 -0.9412
vn 0.1498 0.3042 -0.9408
vn 0.1268 0.3177 -0.9397
vn 0.1063 0.3295 -0.9381
vn 0.0881 0.3399 -0.9363
vn 0.0717 0.3490 -0.9344
vn 0.0570 0.3571 -0.9323
vn 0.0437 0.3643 -0.9303
vn 0.0317 0.3708 -0.9282
vn 0.1657 0.3343 -0.9278
vn 0.1403 0.3467 -0.9274
vn 0.1178 0.3574 -0.9265
vn 0.0979 0.3667 -0.9252
vn 0.0801 0.3748 -0.9236
vn 0.0641 0.3820 -0.9219
vn 0.0497 0.3883 -0.9202
vn 0.0366 0.3940 -0.9184
vn 0.0247 0.3990 -0.9166
vn 0.1579 0.3555 -0.9213
vn 0.1328 0.3664 -0.9209
vn 0.1107 0.3758 -0.9201
vn 0.0910 0.3840 -0.9188
vn 0.0734 0.3911 -0.9174
vn 0.0576 0.3974 -0.9158
vn 0.0434 0.4030 -0.9142
vn 0.0305 0.4079 -0.9125
vn 0.0188 0.4123 -0.9108
vn 0.1337 0.4003 -0.9066
vn 0.1104 0.4080 -0.9063
vn 0.0898 0.4145 -0.9056
vn 0.0714 0.4202 -0.9046
vn 0.0549 0.4251 -0.9035
vn 0.0401 0.4294 -0.9022
vn 0.0268 0.4332 -0.9009
vn 0.0146 0.4366 -0.8995
vn 0.0035 0.4397 -0.8982
vn 0.1213 0.4170 -0.9008
vn 0.0992 0.4233 -0.9005
vn 0.0796 0.4287 -0.8999
vn 0.0621 0.4334 -0.8991
vn 0.0465 0.4375 -0.8980
vn 0.0324 0.4410 -0.8969
vn 0.0197 0.4441 -0.8957
vn 0.0081 0.4469 -0.8946
vn -0.0024 0.4494 -0.8934
vn 0.0818 0.4558 -0.8863
vn 0.0638 0.4589 -0.8862
vn 0.0478 0.4616 -0.8858
vn 0.0335 0.4639 -0.8852
vn 0.0207 0.4659 -0.8846
vn 0.0093 0.4675 -0.8839
vn -0.0012 0.4691 -0.8832
vn -0.0107 0.4704 -0.8824
vn -0.0194 0.4715 -0.8816
vn 0.0490 0.4768 -0.8777
vn 0.0344 0.4782 -0.8776
vn 0.0215 0.4794 -0.8773
vn 0.0100 0.4804 -0.8770
vn -0.0003 0.4812 -0.8766
vn -0.0097 0.4820 -0.8761
vn -0.0182 0.4826 -0.8756
vn -0.0259 0.4831 -0.8752
vn -0.0329 0.4836 -0.8747
vn 0.0119 0.4915 -0.8708
vn 0.0026 0.4917 -0.8708
vn -0.0058 0.4918 -0.8707
vn -0.0133 0.4919 -0.8705
vn -0.0200 0.4920 -0.8704
vn -0.0261 0.4920 -0.8702
vn -0.0317 0.4920 -0.8700
vn -0.0368 0.4920 -0.8698
vn -0.0414 0.4920 -0.8696
vn -0.0100 0.4962 -0.8681
vn -0.0160 0.4961 -0.8681
vn -0.0214 0.4960 -0.8681
vn -0.0264 0.4958 -0.8680
vn -0.0310 0.4957 -0.8679
vn -0.0351 0.4956 -0.8679
vn -0.0392 0.4953 -0.8678
vn -0.0423 0.4952 -0.8678
vn -0.0460 0.4952 -0.8676
vn -0.0463 0.4980 -0.8660
vn -0.0464 0.4980 -0.8660
vn -0.0465 0.4979 -0.8660
vn -0.0466 0.4980 -0.8659
vn -0.0466 0.4979 -0.8660
vn -0.0467 0.4979 -0.8660
vn -0.0467 0.4979 -0.8659
vn -0.0689 0.4942 -0.8666
vn -0.0659 0.4946 -0.8666
vn -0.0632 0.4950 -0.8666
vn -0.0607 0.4954 -0.8666
vn -0.0584 0.4957 -0.8665
vn -0.0563 0.4959 -0.8665
vn -0.0543 0.4962 -0.8665
vn -0.0525 0.4964 -0.8665
vn -0.0507 0.4967 -0.8664
vn -0.1012 0.4825 -0.8700
vn -0.0940 0.4840 -0.8700
vn -0.0874 0.4854 -0.8699
vn -0.0813 0.4866 -0.8698
vn -0.0757 0.4877 -0.8697
vn -0.0706 0.4887 -0.8696
vn -0.0659 0.4896 -0.8695
vn -0.0614 0.4904 -0.8693
vn -0.0573 0.4912 -0.8691
vn -0.1419 0.4541 -0.8796
vn -0.1289 0.4581 -0.8795
vn -0.1171 0.4617 -0.8793
vn -0.1062 0.4650 -0.8789
vn -0.0963 0.4679 -0.8785
vn -0.0871 0.4705 -0.8781
vn -0.0785 0.4729 -0.8776
vn -0.0707 0.4751 -0.8771
vn -0.0634 0.4771 -0.8766
vn -0.1694 0.4218 -0.8907
vn -0.1529 0.4284 -0.8905
vn -0.1378 0.4343 -0.8902
vn -0.1240 0.4396 -0.8896
vn -0.1113 0.4444 -0.8889
vn -0.0996 0.4486 -0.8881
vn -0.0890 0.4524 -0.8874
vn -0.0789 0.4559 -0.8865
vn -0.0695 0.4593 -0.8855
vn -0.1867 0.3920 -0.9008
vn -0.1683 0.4007 -0.9006
vn -0.1515 0.4084 -0.9001
vn -0.1361 0.4155 -0.8994
vn -0.1220 0.4217 -0.8985
vn -0.1090 0.4274 -0.8975
vn -0.0970 0.4325 -0.8964
vn -0.0858 0.4373 -0.8952
vn -0.0755 0.4415 -0.8941
vn -0.1967 0.3683 -0.9087
vn -0.1771 0.3787 -0.9084
vn -0.1592 0.3879 -0.9078
vn -0.1428 0.3962 -0.9070
vn -0.1278 0.4037 -0.9059
vn -0.1140 0.4104 -0.9047
vn -0.1012 0.4166 -0.9034
vn -0.0894 0.4222 -0.9021
vn -0.0784 0.4274 -0.9007
vn -0.2064 0.3338 -0.9198
vn -0.1859 0.3463 -0.9195
vn -0.1671 0.3575 -0.9188
vn -0.1500 0.3676 -0.9178
vn -0.1343 0.3766 -0.9166
vn -0.1199 0.3848 -0.9152
vn -0.1066 0.3923 -0.9137
vn -0.0943 0.3991 -0.9121
vn -0.0829 0.4053 -0.9104
vn -0.2101 0.3088 -0.9276
vn -0.1894 0.3228 -0.9273
vn -0.1704 0.3352 -0.9266
vn -0.1532 0.3464 -0.9255
vn -0.1373 0.3565 -0.9241
vn -0.1228 0.3656 -0.9226
vn -0.1094 0.3739 -0.9210
vn -0.0971 0.3814 -0.9193
vn -0.0857 0.3883 -0.9175
vn -0.2113 0.2727 -0.9386
vn -0.1904 0.2887 -0.9383
vn -0.1713 0.3031 -0.9374
vn -0.1539 0.3160 -0.9362
vn -0.1380 0.3276 -0.9347
vn -0.1234 0.3381 -0.9330
vn -0.1100 0.3477 -0.9311
vn -0.0976 0.3563 -0.9292
vn -0.0861 0.3643 -0.9273
vn -0.2095 0.2491 -0.9455
vn -0.1889 0.2663 -0.9452
vn -0.1702 0.2817 -0.9443
vn -0.1531 0.2954 -0.9430
vn -0.1375 0.3079 -0.9414
vn -0.1231 0.3191 -0.9397
vn -0.1100 0.3294 -0.9378
vn -0.0978 0.3387 -0.9358
vn -0.0866 0.3472 -0.9338
vn -0.2028 0.2120 -0.9560
vn -0.1829 0.2309 -0.9556
vn -0.1648 0.2479 -0.9547
vn -0.1482 0.2631 -0.9533
vn -0.1331 0.2770 -0.9516
vn -0.1193 0.2895 -0.9497
vn -0.1065 0.3007 -0.9477
vn -0.0948 0.3111 -0.9456
vn -0.0840 0.3206 -0.9435
vn -0.1956 0.1871 -0.9627
vn -0.1764 0.2070 -0.9623
vn -0.1590 0.2249 -0.9613
vn -0.1431 0.2410 -0.9599
vn -0.1286 0.2555 -0.9582
vn -0.1153 0.2687 -0.9563
vn -0.1030 0.2807 -0.9542
vn -0.0918 0.2916 -0.9521
vn -0.0814 0.3017 -0.9499
vn -0.1807 0.1505 -0.9719
vn -0.1631 0.1716 -0.9716
vn -0.1471 0.1906 -0.9706
vn -0.1325 0.2076 -0.9692
vn -0.1191 0.2230 -0.9675
vn -0.1069 0.2370 -0.9656
vn -0.0957 0.2498 -0.9636
vn -0.0854 0.2614 -0.9614
vn -0.0759 0.2721 -0.9593
vn -0.1638 0.1198 -0.9792
vn -0.1478 0.1418 -0.9788
vn -0.1333 0.1614 -0.9779
vn -0.1200 0.1790 -0.9765
vn -0.1080 0.1951 -0.9748
vn -0.0969 0.2096 -0.9730
vn -0.0865 0.2226 -0.9711
vn -0.0774 0.2349 -0.9689
vn -0.0687 0.2459 -0.9668
vn -0.1452 0.0931 -0.9850
vn -0.1310 0.1151 -0.9847
vn -0.1182 0.1349 -0.9838
vn -0.1065 0.1527 -0.9825
vn -0.0958 0.1688 -0.9810
vn -0.0861 0.1835 -0.9792
vn -0.0771 0.1969 -0.9774
vn -0.0689 0.2091 -0.9755
vn -0.0613 0.2203 -0.9735
vn -0.1316 0.0768 -0.9883
vn -0.1188 0.0987 -0.9880
vn -0.1071 0.1183 -0.9872
vn -0.0966 0.1361 -0.9860
vn -0.0869 0.1522 -0.9845
vn -0.0781 0.1668 -0.9829
vn -0.0700 0.1802 -0.9811
vn -0.0625 0.1924 -0.9793
vn -0.0557 0.2036 -0.9775
vn -0.1077 0.0531 -0.9928
vn -0.0972 0.0743 -0.9925
vn -0.0876 0.0934 -0.9918
vn -0.0790 0.1106 -0.9907
vn -0.0711 0.1262 -0.9895
vn -0.0638 0.1405 -0.9880
vn -0.0572 0.1534 -0.9865
vn -0.0511 0.1653 -0.9849
vn -0.0455 0.1763 -0.9833
vn -0.0937 0.0417 -0.9947
vn -0.0845 0.0624 -0.9945
vn -0.0760 0.0809 -0.9938
vn -0.0684 0.0977 -0.9929
vn -0.0615 0.1130 -0.9917
vn -0.0551 0.1269 -0.9904
vn -0.0493 0.1396 -0.9890
vn -0.0439 0.1512 -0.9875
vn -0.0390 0.1619 -0.9860
vn -0.0694 0.0253 -0.9973
vn -0.0624 0.0443 -0.9971
vn -0.0561 0.0614 -0.9965
vn -0.0503 0.0769 -0.9958
vn -0.0451 0.0910 -0.9948
vn -0.0404 0.1038 -0.9938
vn -0.0360 0.1155 -0.9927
vn -0.0319 0.1262 -0.9915
vn -0.0282 0.1361 -0.9903
vn -0.0510 0.0154 -0.9986
vn -0.0457 0.0324 -0.9984
vn -0.0411 0.0477 -0.9980
vn -0.0368 0.0616 -0.9974
vn -0.0331 0.0741 -0.9967
vn -0.0296 0.0855 -0.9959
vn -0.0262 0.0962 -0.9950
vn -0.0233 0.1057 -0.9941
vn -0.0206 0.1145 -0.9932
vn -0.0329 0.0078 -0.9994
vn -0.0295 0.0220 -0.9993
vn -0.0265 0.0348 -0.9990
vn -0.0238 0.0464 -0.9986
vn -0.0213 0.0569 -0.9982
vn -0.0190 0.0664 -0.9976
vn -0.0169 0.0751 -0.9970
vn -0.0150 0.0832 -0.9964
vn -0.0132 0.0905 -0.9958
vn -0.0206 0.0038 -0.9998
vn -0.0184 0.0154 -0.9997
vn -0.0168 0.0254 -0.9995
vn -0.0150 0.0348 -0.9993
vn -0.0133 0.0435 -0.9990
vn -0.0121 0.0509 -0.9986
vn -0.0107 0.0580 -0.9983
vn -0.0095 0.0646 -0.9979
vn -0.0084 0.0704 -0.9975
vn -0.0087 0.0010 -1.0000
vn -0.0079 0.0087 -0.9999
vn -0.0071 0.0156 -0.9999
vn -0.0064 0.0218 -0.9997
vn -0.0058 0.0275 -0.9996
vn -0.0051 0.0327 -0.9995
vn -0.0046 0.0375 -0.9993
vn -0.0041 0.0418 -0.9991
vn -0.0036 0.0459 -0.9989
vn -0.0027 0.0002 -1.0000
vn -0.0026 0.0045 -1.0000
vn -0.0023 0.0085 -1.0000
vn -0.0019 0.0121 -0.9999
vn -0.0018 0.0153 -0.9999
vn -0.0016 0.0183 -0.9998
vn -0.0014 0.0211 -0.9998
vn -0.0012 0.0237 -0.9997
vn -0.0011 0.0260 -0.9997
vn -0.0000 0.0009 -1.0000
vn -0.0000 0.0017 -1.0000
vn -0.0000 0.0024 -1.0000
vn -0.0000 0.0031 -1.0000
vn -0.0000 0.0037 -1.0000
vn -0.0000 0.0042 -1.0000
vn -0.0000 0.0047 -1.0000
vn -0.0000 0.0053 -1.0000
vn -0.0000 0.0005 -1.0000
vn -0.0000 0.0025 -1.0000
vn -0.0000 0.0043 -1.0000
vn -0.0000 0.0048 -1.0000
vn -0.0000 0.0051 -1.0000
vn 0.9990 0.0444 0.0088
vn 0.9990 0.0445 0.0089
vn 0.9954 -0.0961 -0.0025
vn 0.9749 0.2208 0.0275
vn 0.9544 0.2949 0.0464
vn 0.9277 0.3671 0.0682
vn 0.8950 0.4361 0.0942
vn 0.8950 0.4360 0.0941
vn 0.8545 0.5044 0.1242
vn 0.8083 0.5678 0.1560
vn 0.8083 0.5678 0.1561
vn 0.7567 0.6254 0.1904
vn 0.6998 0.6778 0.2255
vn 0.6349 0.7258 0.2648
vn 0.5631 0.7688 0.3031
vn 0.5015 0.7996 0.3303
vn 0.4478 0.8201 0.3562
vn 0.3905 0.8378 0.3815
vn 0.3312 0.8519 0.4057
vn 0.2710 0.8621 0.4281
vn 0.2710 0.8621 0.4282
vn 0.2102 0.8687 0.4485
vn 0.1410 0.8713 0.4700
vn 0.0716 0.8717 0.4847
vn 0.0157 0.8696 0.4935
vn -0.0312 0.8666 0.4981
vn -0.0757 0.8628 0.4998
vn -0.0756 0.8629 0.4997
vn -0.1196 0.8596 0.4968
vn -0.1195 0.8596 0.4968
vn -0.1737 0.8560 0.4870
vn -0.1736 0.8560 0.4869
vn -0.2411 0.8493 0.4697
vn -0.3055 0.8392 0.4499
vn -0.3574 0.8282 0.4317
vn -0.4036 0.8170 0.4117
vn -0.4499 0.8033 0.3904
vn -0.4959 0.7869 0.3674
vn -0.5406 0.7678 0.3438
vn -0.5845 0.7461 0.3187
vn -0.5846 0.7461 0.3187
vn -0.6291 0.7205 0.2919
vn -0.6290 0.7205 0.2919
vn -0.6739 0.6904 0.2632
vn -0.7213 0.6533 0.2301
vn -0.7677 0.6094 0.1981
vn -0.8060 0.5665 0.1716
vn -0.8397 0.5234 0.1450
vn -0.8712 0.4763 0.1193
vn -0.8991 0.4272 0.0953
vn -0.9255 0.3721 0.0701
vn -0.9488 0.3120 0.0486
vn -0.9670 0.2530 0.0312
vn -0.9811 0.1928 0.0175
vn -0.9914 0.1303 0.0073
vn -0.9914 0.1303 0.0074
vn -0.9975 0.0706 0.0019
vn -0.9991 0.0429 0.0001
vn -0.9991 0.0436 -0.0000
vn -0.9990 0.0436 -0.0000
vn -0.9905 -0.1373 -0.0000
vn -0.9905 -0.1372 -0.0000
vn -0.9854 -0.1699 -0.0045
vn -0.9701 -0.2422 -0.0155
vn -0.9461 -0.3225 -0.0292
vn -0.9152 -0.4002 -0.0483
vn -0.8779 -0.4738 -0.0694
vn -0.8324 -0.5459 -0.0951
vn -0.8325 -0.5459 -0.0951
vn -0.7810 -0.6120 -0.1247
vn -0.7246 -0.6714 -0.1556
vn -0.6631 -0.7241 -0.1897
vn -0.6631 -0.7241 -0.1896
vn -0.5950 -0.7719 -0.2239
vn -0.5204 -0.8122 -0.2637
vn -0.5205 -0.8121 -0.2637
vn -0.4563 -0.8371 -0.3018
vn -0.4023 -0.8552 -0.3268
vn -0.3457 -0.8693 -0.3533
vn -0.3456 -0.8693 -0.3533
vn -0.2875 -0.8797 -0.3787
vn -0.2291 -0.8859 -0.4034
vn -0.1711 -0.8883 -0.4261
vn -0.1077 -0.8881 -0.4468
vn -0.0454 -0.8815 -0.4699
vn 0.0019 -0.8747 -0.4847
vn 0.0401 -0.8687 -0.4936
vn 0.0402 -0.8687 -0.4936
vn 0.0770 -0.8637 -0.4981
vn 0.1142 -0.8587 -0.4996
vn 0.1606 -0.8533 -0.4962
vn 0.1606 -0.8532 -0.4962
vn 0.2193 -0.8468 -0.4846
vn 0.2775 -0.8406 -0.4653
vn 0.2775 -0.8405 -0.4653
vn 0.3264 -0.8343 -0.4442
vn 0.3704 -0.8256 -0.4256
vn 0.3705 -0.8256 -0.4256
vn 0.4155 -0.8146 -0.4047
vn 0.4603 -0.8011 -0.3826
vn 0.4603 -0.8010 -0.3826
vn 0.5047 -0.7852 -0.3589
vn 0.5486 -0.7661 -0.3348
vn 0.5938 -0.7429 -0.3091
vn 0.6398 -0.7150 -0.2817
vn 0.6889 -0.6793 -0.2528
vn 0.7386 -0.6375 -0.2189
vn 0.7386 -0.6376 -0.2189
vn 0.7807 -0.5961 -0.1875
vn 0.8175 -0.5527 -0.1623
vn 0.8175 -0.5526 -0.1623
vn 0.8524 -0.5049 -0.1362
vn 0.8837 -0.4547 -0.1113
vn 0.8836 -0.4547 -0.1113
vn 0.9133 -0.3975 -0.0882
vn 0.9400 -0.3351 -0.0636
vn 0.9610 -0.2731 -0.0435
vn 0.9775 -0.2093 -0.0274
vn 0.9898 -0.1420 -0.0149
vn 0.9969 -0.0781 -0.0058
vn 0.9993 -0.0369 -0.0014
vn 0.9997 -0.0253 -0.0000
vt 0.000000 0.000000
vt 0.000000 2.527788
vt 0.125000 2.527788
vt 0.125000 0.000000
vt 0.250000 2.527788
vt 0.250000 0.000000
vt 0.375000 2.527788
vt 0.375000 0.000000
vt 0.500000 2.527788
vt 0.500000 0.000000
vt 0.625000 2.527788
vt 0.625000 0.000000
vt 0.750000 2.527788
vt 0.750000 0.000000
vt 0.875000 2.527788
vt 0.875000 0.000000
vt 1.000000 2.527788
vt 1.000000 0.000000
vt 0.000000 2.841692
vt 0.125000 2.841692
vt 0.250000 2.841692
vt 0.375000 2.841692
vt 0.500000 2.841692
vt 0.625000 2.841692
vt 0.750000 2.841692
vt 0.875000 2.841692
vt 1.000000 2.841692
vt 0.000000 3.095172
vt 0.125000 3.095172
vt 0.250000 3.095172
vt 0.375000 3.095172
vt 0.500000 3.095172
vt 0.625000 3.095172
vt 0.750000 3.095172
vt 0.875000 3.095172
vt 1.000000 3.095172
vt 0.000000 3.435790
vt 0.125000 3.435790
vt 0.250000 3.435790
vt 0.375000 3.435790
vt 0.500000 3.435790
vt 0.625000 3.435790
vt 0.750000 3.435790
vt 0.875000 3.435790
vt 1.000000 3.435790
vt 0.000000 3.663538
vt 0.125000 3.663538
vt 0.250000 3.663538
vt 0.375000 3.663538
vt 0.500000 3.663538
vt 0.625000 3.663538
vt 0.750000 3.663538
vt 0.875000 3.663538
vt 1.000000 3.663538
vt 0.000000 4.031853
vt 0.125000 4.031853
vt 0.250000 4.031853
vt 0.375000 4.031853
vt 0.500000 4.031853
vt 0.625000 4.031853
vt 0.750000 4.031853
vt 0.875000 4.031853
vt 1.000000 4.031853
vt 0.000000 4.294511
vt 0.125000 4.294511
vt 0.250000 4.294511
vt 0.375000 4.294511
vt 0.500000 4.294511
vt 0.625000 4.294511
vt 0.750000 4.294511
vt 0.875000 4.294511
vt 1.000000 4.294511
vt 0.000000 4.632205
vt 0.125000 4.632205
vt 0.250000 4.632205
vt 0.375000 4.632205
vt 0.500000 4.632205
vt 0.625000 4.632205
vt 0.750000 4.632205
vt 0.875000 4.632205
vt 1.000000 4.632205
vt 0.000000 4.922469
vt 0.125000 4.922469
vt 0.250000 4.922469
vt 0.375000 4.922469
vt 0.500000 4.922469
vt 0.625000 4.922469
vt 0.750000 4.922469
vt 0.875000 4.922469
vt 1.000000 4.922469
vt 0.000000 5.244233
vt 0.125000 5.244233
vt 0.250000 5.244233
vt 0.375000 5.244233
vt 0.500000 5.244233
vt 0.625000 5.244233
vt 0.750000 5.244233
vt 0.875000 5.244233
vt 1.000000 5.244233
vt 0.000000 5.623306
vt 0.125000 5.623306
vt 0.250000 5.623306
vt 0.375000 5.623306
vt 0.500000 5.623306
vt 0.625000 5.623306
vt 0.750000 5.623306
vt 0.875000 5.623306
vt 1.000000 5.623306
vt 0.000000 5.919828
vt 0.125000 5.919828
vt 0.250000 5.919828
vt 0.375000 5.919828
vt 0.500000 5.919828
vt 0.625000 5.919828
vt 0.750000 5.919828
vt 0.875000 5.919828
vt 1.000000 5.919828
vt 0.000000 6.083400
vt 0.125000 6.083400
vt 0.250000 6.083400
vt 0.375000 6.083400
vt 0.500000 6.083400
vt 0.625000 6.083400
vt 0.750000 6.083400
vt 0.875000 6.083400
vt 1.000000 6.083400
vt 0.000000 6.427248
vt 0.125000 6.427248
vt 0.250000 6.427248
vt 0.375000 6.427248
vt 0.500000 6.427248
vt 0.625000 6.427248
vt 0.750000 6.427248
vt 0.875000 6.427248
vt 1.000000 6.427248
vt 0.000000 6.592496
vt 0.125000 6.592496
vt 0.250000 6.592496
vt 0.375000 6.592496
vt 0.500000 6.592496
vt 0.625000 6.592496
vt 0.750000 6.592496
vt 0.875000 6.592496
vt 1.000000 6.592496
vt 0.000000 6.965699
vt 0.125000 6.965699
vt 0.250000 6.965699
vt 0.375000 6.965699
vt 0.500000 6.965699
vt 0.625000 6.965699
vt 0.750000 6.965699
vt 0.875000 6.965699
vt 1.000000 6.965699
vt 0.000000 7.117255
vt 0.125000 7.117255
vt 0.250000 7.117255
vt 0.375000 7.117255
vt 0.500000 7.117255
vt 0.625000 7.117255
vt 0.750000 7.117255
vt 0.875000 7.117255
vt 1.000000 7.117255
vt 0.000000 7.527847
vt 0.125000 7.527847
vt 0.250000 7.527847
vt 0.375000 7.527847
vt 0.500000 7.527847
vt 0.625000 7.527847
vt 0.750000 7.527847
vt 0.875000 7.527847
vt 1.000000 7.527847
vt 0.000000 7.824293
vt 0.125000 7.824293
vt 0.250000 7.824293
vt 0.375000 7.824293
vt 0.500000 7.824293
vt 0.625000 7.824293
vt 0.750000 7.824293
vt 0.875000 7.824293
vt 1.000000 7.824293
vt 0.000000 8.132524
vt 0.125000 8.132524
vt 0.250000 8.132524
vt 0.375000 8.132524
vt 0.500000 8.132524
vt 0.625000 8.132524
vt 0.750000 8.132524
vt 0.875000 8.132524
vt 1.000000 8.132524
vt 0.000000 8.320925
vt 0.125000 8.320925
vt 0.250000 8.320925
vt 0.375000 8.320925
vt 0.500000 8.320925
vt 0.625000 8.320925
vt 0.750000 8.320925
vt 0.875000 8.320925
vt 1.000000 8.320925
vt 0.000000 8.669248
vt 0.125000 8.669248
vt 0.250000 8.669248
vt 0.375000 8.669248
vt 0.500000 8.669248
vt 0.625000 8.669248
vt 0.750000 8.669248
vt 0.875000 8.669248
vt 1.000000 8.669248
vt 0.000000 8.891890
vt 0.125000 8.891890
vt 0.250000 8.891890
vt 0.375000 8.891890
vt 0.500000 8.891890
vt 0.625000 8.891890
vt 0.750000 8.891890
vt 0.875000 8.891890
vt 1.000000 8.891890
vt 0.000000 9.225944
vt 0.125000 9.225944
vt 0.250000 9.225944
vt 0.375000 9.225944
vt 0.500000 9.225944
vt 0.625000 9.225944
vt 0.750000 9.225944
vt 0.875000 9.225944
vt 1.000000 9.225944
vt 0.000000 9.699437
vt 0.125000 9.699437
vt 0.250000 9.699437
vt 0.375000 9.699437
vt 0.500000 9.699437
vt 0.625000 9.699437
vt 0.750000 9.699437
vt 0.875000 9.699437
vt 1.000000 9.699437
vt 0.000000 10.089238
vt 0.125000 10.089238
vt 0.250000 10.089238
vt 0.375000 10.089238
vt 0.500000 10.089238
vt 0.625000 10.089238
vt 0.750000 10.089238
vt 0.875000 10.089238
vt 1.000000 10.089238
vt 0.000000 10.394657
vt 0.125000 10.394657
vt 0.250000 10.394657
vt 0.375000 10.394657
vt 0.500000 10.394657
vt 0.625000 10.394657
vt 0.750000 10.394657
vt 0.875000 10.394657
vt 1.000000 10.394657
vt 0.000000 10.616724
vt 0.125000 10.616724
vt 0.250000 10.616724
vt 0.375000 10.616724
vt 0.500000 10.616724
vt 0.625000 10.616724
vt 0.750000 10.616724
vt 0.875000 10.616724
vt 1.000000 10.616724
vt 0.000000 10.922397
vt 0.125000 10.922397
vt 0.250000 10.922397
vt 0.375000 10.922397
vt 0.500000 10.922397
vt 0.625000 10.922397
vt 0.750000 10.922397
vt 0.875000 10.922397
vt 1.000000 10.922397
vt 0.000000 11.137794
vt 0.125000 11.137794
vt 0.250000 11.137794
vt 0.375000 11.137794
vt 0.500000 11.137794
vt 0.625000 11.137794
vt 0.750000 11.137794
vt 0.875000 11.137794
vt 1.000000 11.137794
vt 0.000000 11.446267
vt 0.125000 11.446267
vt 0.250000 11.446267
vt 0.375000 11.446267
vt 0.500000 11.446267
vt 0.625000 11.446267
vt 0.750000 11.446267
vt 0.875000 11.446267
vt 1.000000 11.446267
vt 0.000000 11.647092
vt 0.125000 11.647092
vt 0.250000 11.647092
vt 0.375000 11.647092
vt 0.500000 11.647092
vt 0.625000 11.647092
vt 0.750000 11.647092
vt 0.875000 11.647092
vt 1.000000 11.647092
vt 0.000000 11.969341
vt 0.125000 11.969341
vt 0.250000 11.969341
vt 0.375000 11.969341
vt 0.500000 11.969341
vt 0.625000 11.969341
vt 0.750000 11.969341
vt 0.875000 11.969341
vt 1.000000 11.969341
vt 0.000000 12.192509
vt 0.125000 12.192509
vt 0.250000 12.192509
vt 0.375000 12.192509
vt 0.500000 12.192509
vt 0.625000 12.192509
vt 0.750000 12.192509
vt 0.875000 12.192509
vt 1.000000 12.192509
vt 0.000000 12.536771
vt 0.125000 12.536771
vt 0.250000 12.536771
vt 0.375000 12.536771
vt 0.500000 12.536771
vt 0.625000 12.536771
vt 0.750000 12.536771
vt 0.875000 12.536771
vt 1.000000 12.536771
vt 0.000000 12.851079
vt 0.125000 12.851079
vt 0.250000 12.851079
vt 0.375000 12.851079
vt 0.500000 12.851079
vt 0.625000 12.851079
vt 0.750000 12.851079
vt 0.875000 12.851079
vt 1.000000 12.851079
vt 0.000000 13.153325
vt 0.125000 13.153325
vt 0.250000 13.153325
vt 0.375000 13.153325
vt 0.500000 13.153325
vt 0.625000 13.153325
vt 0.750000 13.153325
vt 0.875000 13.153325
vt 1.000000 13.153325
vt 0.000000 13.358400
vt 0.125000 13.358400
vt 0.250000 13.358400
vt 0.375000 13.358400
vt 0.500000 13.358400
vt 0.625000 13.358400
vt 0.750000 13.358400
vt 0.875000 13.358400
vt 1.000000 13.358400
vt 0.000000 13.704227
vt 0.125000 13.704227
vt 0.250000 13.704227
vt 0.375000 13.704227
vt 0.500000 13.704227
vt 0.625000 13.704227
vt 0.750000 13.704227
vt 0.875000 13.704227
vt 1.000000 13.704227
vt 0.000000 13.901530
vt 0.125000 13.901530
vt 0.250000 13.901530
vt 0.375000 13.901530
vt 0.500000 13.901530
vt 0.625000 13.901530
vt 0.750000 13.901530
vt 0.875000 13.901530
vt 1.000000 13.901530
vt 0.000000 14.250877
vt 0.125000 14.250877
vt 0.250000 14.250877
vt 0.375000 14.250877
vt 0.500000 14.250877
vt 0.625000 14.250877
vt 0.750000 14.250877
vt 0.875000 14.250877
vt 1.000000 14.250877
vt 0.000000 14.532039
vt 0.125000 14.532039
vt 0.250000 14.532039
vt 0.375000 14.532039
vt 0.500000 14.532039
vt 0.625000 14.532039
vt 0.750000 14.532039
vt 0.875000 14.532039
vt 1.000000 14.532039
vt 0.000000 14.844764
vt 0.125000 14.844764
vt 0.250000 14.844764
vt 0.375000 14.844764
vt 0.500000 14.844764
vt 0.625000 14.844764
vt 0.750000 14.844764
vt 0.875000 14.844764
vt 1.000000 14.844764
vt 0.000000 15.096789
vt 0.125000 15.096789
vt 0.250000 15.096789
vt 0.375000 15.096789
vt 0.500000 15.096789
vt 0.625000 15.096789
vt 0.750000 15.096789
vt 0.875000 15.096789
vt 1.000000 15.096789
vt 0.000000 15.422167
vt 0.125000 15.422167
vt 0.250000 15.422167
vt 0.375000 15.422167
vt 0.500000 15.422167
vt 0.625000 15.422167
vt 0.750000 15.422167
vt 0.875000 15.422167
vt 1.000000 15.422167
vt 0.000000 15.679748
vt 0.125000 15.679748
vt 0.250000 15.679748
vt 0.375000 15.679748
vt 0.500000 15.679748
vt 0.625000 15.679748
vt 0.750000 15.679748
vt 0.875000 15.679748
vt 1.000000 15.679748
vt 0.000000 15.995607
vt 0.125000 15.995607
vt 0.250000 15.995607
vt 0.375000 15.995607
vt 0.500000 15.995607
vt 0.625000 15.995607
vt 0.750000 15.995607
vt 0.875000 15.995607
vt 1.000000 15.995607
vt 0.000000 16.000000
vt 0.125000 16.000000
vt 0.250000 16.000000
vt 0.375000 16.000000
vt 0.500000 16.000000
vt 0.625000 16.000000
vt 0.750000 16.000000
vt 0.875000 16.000000
vt 1.000000 16.000000
s 1
usemtl track_surface
f 27/19/4 36/20/5 37/21/6 28/22/4
f 28/22/4 37/21/6 38/23/7 29/24/4
f 29/24/4 38/23/7 39/25/8 30/26/4
f 30/26/4 39/25/8 40/27/9 31/28/4
f 31/28/4 40/27/9 41/29/10 32/30/4
f 32/30/4 41/29/10 42/31/11 33/32/4
f 33/32/4 42/31/11 43/33/12 34/34/4
f 34/34/4 43/33/12 44/35/13 35/36/4
f 36/20/5 45/37/14 46/38/15 37/21/6
f 37/21/6 46/38/15 47/39/16 38/23/7
f 38/23/7 47/39/16 48/40/17 39/25/8
f 39/25/8 48/40/17 49/41/18 40/27/9
f 40/27/9 49/41/18 50/42/19 41/29/10
f 41/29/10 50/42/19 51/43/20 42/31/11
f 42/31/11 51/43/20 52/44/21 43/33/12
f 43/33/12 52/44/21 53/45/22 44/35/13
f 45/37/14 54/46/23 55/47/24 46/38/15
f 46/38/15 55/47/24 56/48/25 47/39/16
f 47/39/16 56/48/25 57/49/26 48/40/17
f 48/40/17 57/49/26 58/50/27 49/41/18
f 49/41/18 58/50/27 59/51/28 50/42/19
f 50/42/19 59/51/28 60/52/29 51/43/20
f 51/43/20 60/52/29 61/53/30 52/44/21
f 52/44/21 61/53/30 62/54/31 53/45/22
f 54/46/23 63/55/32 64/56/33 55/47/24
f 55/47/24 64/56/33 65/57/34 56/48/25
f 56/48/25 65/57/34 66/58/35 57/49/26
f 57/49/26 66/58/35 67/59/36 58/50/27
f 58/50/27 67/59/36 68/60/37 59/51/28
f 59/51/28 68/60/37 69/61/38 60/52/29
f 60/52/29 69/61/38 70/62/39 61/53/30
f 61/53/30 70/62/39 71/63/40 62/54/31
f 63/55/32 72/64/41 73/65/42 64/56/33
f 64/56/33 73/65/42 74/66/43 65/57/34
f 65/57/34 74/66/43 75/67/44 66/58/35
f 66/58/35 75/67/44 76/68/45 67/59/36
f 67/59/36 76/68/45 77/69/46 68/60/37
f 68/60/37 77/69/46 78/70/47 69/61/38
f 69/61/38 78/70/47 79/71/48 70/62/39
f 70/62/39 79/71/48 80/72/49 71/63/40
f 72/64/41 81/73/50 82/74/51 73/65/42
f 73/65/42 82/74/51 83/75/52 74/66/43
f 74/66/43 83/75/52 84/76/53 75/67/44
f 75/67/44 84/76/53 85/77/54 76/68/45
f 76/68/45 85/77/54 86/78/55 77/69/46
f 77/69/46 86/78/55 87/79/56 78/70/47
f 78/70/47 87/79/56 88/80/57 79/71/48
f 79/71/48 88/80/57 89/81/58 80/72/49
f 81/73/50 90/82/59 91/83/60 82/74/51
f 82/74/51 91/83/60 92/84/61 83/75/52
f 83/75/52 92/84/61 93/85/62 84/76/53
f 84/76/53 93/85/62 94/86/63 85/77/54
f 85/77/54 94/86/63 95/87/64 86/78/55
f 86/78/55 95/87/64 96/88/65 87/79/56
f 87/79/56 96/88/65 97/89/66 88/80/57
f 88/80/57 97/89/66 98/90/67 89/81/58
f 90/82/59 99/91/68 100/92/69 91/83/60
f 91/83/60 100/92/69 101/93/70 92/84/61
f 92/84/61 101/93/70 102/94/71 93/85/62
f 93/85/62 102/94/71 103/95/72 94/86/63
f 94/86/63 103/95/72 104/96/73 95/87/64
f 95/87/64 104/96/73 105/97/74 96/88/65
f 96/88/65 105/97/74 106/98/75 97/89/66
f 97/89/66 106/98/75 107/99/76 98/90/67
f 99/91/68 108/100/77 109/101/78 100/92/69
f 100/92/69 109/101/78 110/102/79 101/93/70
f 101/93/70 110/102/79 111/103/80 102/94/71
f 102/94/71 111/103/80 112/104/81 103/95/72
f 103/95/72 112/104/81 113/105/82 104/96/73
f 104/96/73 113/105/82 114/106/83 105/97/74
f 105/97/74 114/106/83 115/107/84 106/98/75
f 106/98/75 115/107/84 116/108/85 107/99/76
f 108/100/77 117/109/86 118/110/87 109/101/78
f 109/101/78 118/110/87 119/111/88 110/102/79
f 110/102/79 119/111/88 120/112/89 111/103/80
f 111/103/80 120/112/89 121/113/90 112/104/81
f 112/104/81 121/113/90 122/114/91 113/105/82
f 113/105/82 122/114/91 123/115/92 114/106/83
f 114/106/83 123/115/92 124/116/93 115/107/84
f 115/107/84 124/116/93 125/117/94 116/108/85
f 117/109/86 126/118/95 127/119/96 118/110/87
f 118/110/87 127/119/96 128/120/97 119/111/88
f 119/111/88 128/120/97 129/121/98 120/112/89
f 120/112/89 129/121/98 130/122/99 121/113/90
f 121/113/90 130/122/99 131/123/100 122/114/91
f 122/114/91 131/123/100 132/124/101 123/115/92
f 123/115/92 132/124/101 133/125/102 124/116/93
f 124/116/93 133/125/102 134/126/103 125/117/94
f 126/118/95 135/127/104 136/128/105 127/119/96
f 127/119/96 136/128/105 137/129/106 128/120/97
f 128/120/97 137/129/106 138/130/107 129/121/98
f 129/121/98 138/130/107 139/131/108 130/122/99
f 130/122/99 139/131/108 140/132/109 131/123/100
f 131/123/100 140/132/109 141/133/110 132/124/101
f 132/124/101 141/133/110 142/134/111 133/125/102
f 133/125/102 142/134/111 143/135/112 134/126/103
f 135/127/104 144/136/113 145/137/114 136/128/105
f 136/128/105 145/137/114 146/138/115 137/129/106
f 137/129/106 146/138/115 147/139/116 138/130/107
f 138/130/107 147/139/116 148/140/117 139/131/108
f 139/131/108 148/140/117 149/141/118 140/132/109
f 140/132/109 149/141/118 150/142/119 141/133/110
f 141/133/110 150/142/119 151/143/120 142/134/111
f 142/134/111 151/143/120 152/144/121 143/135/112
f 144/136/113 153/145/122 154/146/123 145/137/114
f 145/137/114 154/146/123 155/147/124 146/138/115
f 146/138/115 155/147/124 156/148/125 147/139/116
f 147/139/116 156/148/125 157/149/126 148/140/117
f 148/140/117 157/149/126 158/150/127 149/141/118
f 149/141/118 158/150/127 159/151/128 150/142/119
f 150/142/119 159/151/128 160/152/129 151/143/120
f 151/143/120 160/152/129 161/153/130 152/144/121
f 153/145/122 162/154/131 163/155/132 154/146/123
f 154/146/123 163/155/132 164/156/133 155/147/124
f 155/147/124 164/156/133 165/157/134 156/148/125
f 156/148/125 165/157/134 166/158/135 157/149/126
f 157/149/126 166/158/135 167/159/136 158/150/127
f 158/150/127 167/159/136 168/160/137 159/151/128
f 159/151/128 168/160/137 169/161/138 160/152/129
f 160/152/129 169/161/138 170/162/139 161/153/130
f 162/154/131 171/163/140 172/164/141 163/155/132
f 163/155/132 172/164/141 173/165/142 164/156/133
f 164/156/133 173/165/142 174/166/143 165/157/134
f 165/157/134 174/166/143 175/167/144 166/158/135
f 166/158/135 175/167/144 176/168/145 167/159/136
f 167/159/136 176/168/145 177/169/146 168/160/137
f 168/160/137 177/169/146 178/170/147 169/161/138
f 169/161/138 178/170/147 179/171/148 170/162/139
f 171/163/140 180/172/149 181/173/150 172/164/141
f 172/164/141 181/173/150 182/174/151 173/165/142
f 173/165/142 182/174/151 183/175/152 174/166/143
f 174/166/143 183/175/152 184/176/153 175/167/144
f 175/167/144 184/176/153 185/177/154 176/168/145
f 176/168/145 185/177/154 186/178/155 177/169/146
f 177/169/146 186/178/155 187/179/156 178/170/147
f 178/170/147 187/179/156 188/180/157 179/171/148
f 180/172/149 189/181/158 190/182/159 181/173/150
f 181/173/150 190/182/159 191/183/160 182/174/151
f 182/174/151 191/183/160 192/184/161 183/175/152
f 183/175/152 192/184/161 193/185/162 184/176/153
f 184/176/153 193/185/162 194/186/163 185/177/154
f 185/177/154 194/186/163 195/187/164 186/178/155
f 186/178/155 195/187/164 196/188/165 187/179/156
f 187/179/156 196/188/165 197/189/166 188/180/157
f 189/181/158 198/190/167 199/191/168 190/182/159
f 190/182/159 199/191/168 200/192/169 191/183/160
f 191/183/160 200/192/169 201/193/170 192/184/161
f 192/184/161 201/193/170 202/194/171 193/185/162
f 193/185/162 202/194/171 203/195/172 194/186/163
f 194/186/163 203/195/172 204/196/173 195/187/164
f 195/187/164 204/196/173 205/197/174 196/188/165
f 196/188/165 205/197/174 206/198/175 197/189/166
f 198/190/167 207/199/176 208/200/177 199/191/168
f 199/191/168 208/200/177 209/201/178 200/192/169
f 200/192/169 209/201/178 210/202/179 201/193/170
f 201/193/170 210/202/179 211/203/180 202/194/171
f 202/194/171 211/203/180 212/204/181 203/195/172
f 203/195/172 212/204/181 213/205/182 204/196/173
f 204/196/173 213/205/182 214/206/183 205/197/174
f 205/197/174 214/206/183 215/207/184 206/198/175
f 207/199/176 216/208/185 217/209/186 208/200/177
f 208/200/177 217/209/186 218/210/187 209/201/178
f 209/201/178 218/210/187 219/211/188 210/202/179
f 210/202/179 219/211/188 220/212/189 211/203/180
f 211/203/180 220/212/189 221/213/190 212/204/181
f 212/204/181 221/213/190 222/214/191 213/205/182
f 213/205/182 222/214/191 223/215/192 214/206/183
f 214/206/183 223/215/192 224/216/193 215/207/184
f 216/208/185 225/217/194 226/218/195 217/209/186
f 217/209/186 226/218/195 227/219/196 218/210/187
f 218/210/187 227/219/196 228/220/196 219/211/188
f 219/211/188 228/220/196 229/221/197 220/212/189
f 220/212/189 229/221/197 230/222/198 221/213/190
f 221/213/190 230/222/198 231/223/199 222/214/191
f 222/214/191 231/223/199 232/224/200 223/215/192
f 223/215/192 232/224/200 233/225/199 224/216/193
f 225/217/194 234/226/201 235/227/202 226/218/195
f 226/218/195 235/227/202 236/228/203 227/219/196
f 227/219/196 236/228/203 237/229/204 228/220/196
f 228/220/196 237/229/204 238/230/205 229/221/197
f 229/221/197 238/230/205 239/231/206 230/222/198
f 230/222/198 239/231/206 240/232/207 231/223/199
f 231/223/199 240/232/207 241/233/208 232/224/200
f 232/224/200 241/233/208 242/234/209 233/225/199
f 234/226/201 243/235/210 244/236/211 235/227/202
f 235/227/202 244/236/211 245/237/212 236/228/203
f 236/228/203 245/237/212 246/238/213 237/229/204
f 237/229/204 246/238/213 247/239/214 238/230/205
f 238/230/205 247/239/214 248/240/215 239/231/206
f 239/231/206 248/240/215 249/241/216 240/232/207
f 240/232/207 249/241/216 250/242/217 241/233/208
f 241/233/208 250/242/217 251/243/218 242/234/209
f 243/235/210 252/244/219 253/245/220 244/236/211
f 244/236/211 253/245/220 254/246/221 245/237/212
f 245/237/212 254/246/221 255/247/222 246/238/213
f 246/238/213 255/247/222 256/248/223 247/239/214
f 247/239/214 256/248/223 257/249/224 248/240/215
f 248/240/215 257/249/224 258/250/225 249/241/216
f 249/241/216 258/250/225 259/251/226 250/242/217
f 250/242/217 259/251/226 260/252/227 251/243/218
f 252/244/219 261/253/228 262/254/229 253/245/220
f 253/245/220 262/254/229 263/255/230 254/246/221
f 254/246/221 263/255/230 264/256/231 255/247/222
f 255/247/222 264/256/231 265/257/232 256/248/223
f 256/248/223 265/257/232 266/258/233 257/249/224
f 257/249/224 266/258/233 267/259/234 258/250/225
f 258/250/225 267/259/234 268/260/235 259/251/226
f 259/251/226 268/260/235 269/261/236 260/252/227
f 261/253/228 270/262/237 271/263/238 262/254/229
f 262/254/229 271/263/238 272/264/239 263/255/230
f 263/255/230 272/264/239 273/265/240 264/256/231
f 264/256/231 273/265/240 274/266/241 265/257/232
f 265/257/232 274/266/241 275/267/242 266/258/233
f 266/258/233 275/267/242 276/268/243 267/259/234
f 267/259/234 276/268/243 277/269/244 268/260/235
f 268/260/235 277/269/244 278/270/245 269/261/236
f 270/262/237 279/271/246 280/272/247 271/263/238
f 271/263/238 280/272/247 281/273/248 272/264/239
f 272/264/239 281/273/248 282/274/249 273/265/240
f 273/265/240 282/274/249 283/275/250 274/266/241
f 274/266/241 283/275/250 284/276/251 275/267/242
f 275/267/242 284/276/251 285/277/252 276/268/243
f 276/268/243 285/277/252 286/278/253 277/269/244
f 277/269/244 286/278/253 287/279/254 278/270/245
f 279/271/246 288/280/255 289/281/256 280/272/247
f 280/272/247 289/281/256 290/282/257 281/273/248
f 281/273/248 290/282/257 291/283/258 282/274/249
f 282/274/249 291/283/258 292/284/259 283/275/250
f 283/275/250 292/284/259 293/285/260 284/276/251
f 284/276/251 293/285/260 294/286/261 285/277/252
f 285/277/252 294/286/261 295/287/262 286/278/253
f 286/278/253 295/287/262 296/288/263 287/279/254
f 288/280/255 297/289/264 298/290/265 289/281/256
f 289/281/256 298/290/265 299/291/266 290/282/257
f 290/282/257 299/291/266 300/292/267 291/283/258
f 291/283/258 300/292/267 301/293/268 292/284/259
f 292/284/259 301/293/268 302/294/269 293/285/260
f 293/285/260 302/294/269 303/295/270 294/286/261
f 294/286/261 303/295/270 304/296/271 295/287/262
f 295/287/262 304/296/271 305/297/272 296/288/263
f 297/289/264 306/298/273 307/299/274 298/290/265
f 298/290/265 307/299/274 308/300/275 299/291/266
f 299/291/266 308/300/275 309/301/276 300/292/267
f 300/292/267 309/301/276 310/302/277 301/293/268
f 301/293/268 310/302/277 311/303/278 302/294/269
f 302/294/269 311/303/278 312/304/279 303/295/270
f 303/295/270 312/304/279 313/305/280 304/296/271
f 304/296/271 313/305/280 314/306/281 305/297/272
f 306/298/273 315/307/282 316/308/283 307/299/274
f 307/299/274 316/308/283 317/309/284 308/300/275
f 308/300/275 317/309/284 318/310/285 309/301/276
f 309/301/276 318/310/285 319/311/286 310/302/277
f 310/302/277 319/311/286 320/312/287 311/303/278
f 311/303/278 320/312/287 321/313/288 312/304/279
f 312/304/279 321/313/288 322/314/289 313/305/280
f 313/305/280 322/314/289 323/315/290 314/306/281
f 315/307/282 324/316/291 325/317/292 316/308/283
f 316/308/283 325/317/292 326/318/293 317/309/284
f 317/309/284 326/318/293 327/319/294 318/310/285
f 318/310/285 327/319/294 328/320/295 319/311/286
f 319/311/286 328/320/295 329/321/296 320/312/287
f 320/312/287 329/321/296 330/322/297 321/313/288
f 321/313/288 330/322/297 331/323/298 322/314/289
f 322/314/289 331/323/298 332/324/299 323/315/290
f 324/316/291 333/325/300 334/326/301 325/317/292
f 325/317/292 334/326/301 335/327/302 326/318/293
f 326/318/293 335/327/302 336/328/303 327/319/294
f 327/319/294 336/328/303 337/329/304 328/320/295
f 328/320/295 337/329/304 338/330/305 329/321/296
f 329/321/296 338/330/305 339/331/306 330/322/297
f 330/322/297 339/331/306 340/332/307 331/323/298
f 331/323/298 340/332/307 341/333/308 332/324/299
f 333/325/300 342/334/309 343/335/310 334/326/301
f 334/326/301 343/335/310 344/336/311 335/327/302
f 335/327/302 344/336/311 345/337/312 336/328/303
f 336/328/303 345/337/312 346/338/313 337/329/304
f 337/329/304 346/338/313 347/339/314 338/330/305
f 338/330/305 347/339/314 348/340/315 339/331/306
f 339/331/306 348/340/315 349/341/316 340/332/307
f 340/332/307 349/341/316 350/342/317 341/333/308
f 342/334/309 351/343/318 352/344/319 343/335/310
f 343/335/310 352/344/319 353/345/320 344/336/311
f 344/336/311 353/345/320 354/346/321 345/337/312
f 345/337/312 354/346/321 355/347/322 346/338/313
f 346/338/313 355/347/322 356/348/323 347/339/314
f 347/339/314 356/348/323 357/349/324 348/340/315
f 348/340/315 357/349/324 358/350/325 349/341/316
f 349/341/316 358/350/325 359/351/326 350/342/317
f 351/343/318 360/352/327 361/353/328 352/344/319
f 352/344/319 361/353/328 362/354/329 353/345/320
f 353/345/320 362/354/329 363/355/330 354/346/321
f 354/346/321 363/355/330 364/356/331 355/347/322
f 355/347/322 364/356/331 365/357/332 356/348/323
f 356/348/323 365/357/332 366/358/333 357/349/324
f 357/349/324 366/358/333 367/359/334 358/350/325
f 358/350/325 367/359/334 368/360/335 359/351/326
f 360/352/327 369/361/336 370/362/337 361/353/328
f 361/353/328 370/362/337 371/363/338 362/354/329
f 362/354/329 371/363/338 372/364/339 363/355/330
f 363/355/330 372/364/339 373/365/340 364/356/331
f 364/356/331 373/365/340 374/366/341 365/357/332
f 365/357/332 374/366/341 375/367/342 366/358/333
f 366/358/333 375/367/342 376/368/343 367/359/334
f 367/359/334 376/368/343 377/369/344 368/360/335
f 369/361/336 378/370/345 379/371/346 370/362/337
f 370/362/337 379/371/346 380/372/347 371/363/338
f 371/363/338 380/372/347 381/373/348 372/364/339
f 372/364/339 381/373/348 382/374/349 373/365/340
f 373/365/340 382/374/349 383/375/350 374/366/341
f 374/366/341 383/375/350 384/376/351 375/367/342
f 375/367/342 384/376/351 385/377/352 376/368/343
f 376/368/343 385/377/352 386/378/353 377/369/344
f 378/370/345 387/379/354 388/380/355 379/371/346
f 379/371/346 388/380/355 389/381/356 380/372/347
f 380/372/347 389/381/356 390/382/357 381/373/348
f 381/373/348 390/382/357 391/383/358 382/374/349
f 382/374/349 391/383/358 392/384/359 383/375/350
f 383/375/350 392/384/359 393/385/360 384/376/351
f 384/376/351 393/385/360 394/386/361 385/377/352
f 385/377/352 394/386/361 395/387/362 386/378/353
f 387/379/354 396/388/363 397/389/364 388/380/355
f 388/380/355 397/389/364 398/390/365 389/381/356
f 389/381/356 398/390/365 399/391/366 390/382/357
f 390/382/357 399/391/366 400/392/367 391/383/358
f 391/383/358 400/392/367 401/393/368 392/384/359
f 392/384/359 401/393/368 402/394/369 393/385/360
f 393/385/360 402/394/369 403/395/370 394/386/361
f 394/386/361 403/395/370 404/396/371 395/387/362
f 396/388/363 405/397/372 406/398/373 397/389/364
f 397/389/364 406/398/373 407/399/374 398/390/365
f 398/390/365 407/399/374 408/400/375 399/391/366
f 399/391/366 408/400/375 409/401/376 400/392/367
f 400/392/367 409/401/376 410/402/377 401/393/368
f 401/393/368 410/402/377 411/403/378 402/394/369
f 402/394/369 411/403/378 412/404/379 403/395/370
f 403/395/370 412/404/379 413/405/380 404/396/371
f 405/397/372 414/406/381 415/407/382 406/398/373
f 406/398/373 415/407/382 416/408/383 407/399/374
f 407/399/374 416/408/383 417/409/384 408/400/375
f 408/400/375 417/409/384 418/410/385 409/401/376
f 409/401/376 418/410/385 419/411/386 410/402/377
f 410/402/377 419/411/386 420/412/387 411/403/378
f 411/403/378 420/412/387 421/413/388 412/404/379
f 412/404/379 421/413/388 422/414/389 413/405/380
f 414/406/381 423/415/390 424/416/391 415/407/382
f 415/407/382 424/416/391 425/417/392 416/408/383
f 416/408/383 425/417/392 426/418/393 417/409/384
f 417/409/384 426/418/393 427/419/394 418/410/385
f 418/410/385 427/419/394 428/420/395 419/411/386
f 419/411/386 428/420/395 429/421/396 420/412/387
f 420/412/387 429/421/396 430/422/397 421/413/388
f 421/413/388 430/422/397 431/423/398 422/414/389
f 423/415/390 432/424/399 433/425/400 424/416/391
f 424/416/391 433/425/400 434/426/401 425/417/392
f 425/417/392 434/426/401 435/427/402 426/418/393
f 426/418/393 435/427/402 436/428/403 427/419/394
f 427/419/394 436/428/403 437/429/404 428/420/395
f 428/420/395 437/429/404 438/430/405 429/421/396
f 429/421/396 438/430/405 439/431/406 430/422/397
f 430/422/397 439/431/406 440/432/407 431/423/398
f 432/424/399 441/433/408 442/434/409 433/425/400
f 433/425/400 442/434/409 443/435/410 434/426/401
f 434/426/401 443/435/410 444/436/411 435/427/402
f 435/427/402 444/436/411 445/437/412 436/428/403
f 436/428/403 445/437/412 446/438/413 437/429/404
f 437/429/404 446/438/413 447/439/414 438/430/405
f 438/430/405 447/439/414 448/440/415 439/431/406
f 439/431/406 448/440/415 449/441/416 440/432/407
f 441/433/408 450/442/4 451/443/417 442/434/409
f 442/434/409 451/443/417 452/444/418 443/435/410
f 443/435/410 452/444/418 453/445/419 444/436/411
f 444/436/411 453/445/419 454/446/420 445/437/412
f 445/437/412 454/446/420 455/447/421 446/438/413
f 446/438/413 455/447/421 456/448/422 447/439/414
f 447/439/414 456/448/422 457/449/423 448/440/415
f 448/440/415 457/449/423 458/450/424 449/441/416
f 450/442/4 459/451/425 460/452/417 451/443/417
f 451/443/417 460/452/417 461/453/418 452/444/418
f 452/444/418 461/453/418 462/454/426 453/445/419
f 453/445/419 462/454/426 463/455/420 454/446/420
f 454/446/420 463/455/420 464/456/421 455/447/421
f 455/447/421 464/456/421 465/457/427 456/448/422
f 456/448/422 465/457/427 466/458/428 457/449/423
f 457/449/423 466/458/428 467/459/429 458/450/424
usemtl track_rail
f 470/20/430 471/35/431 469/36/432 468/19/432
f 472/37/433 473/45/433 471/35/431 470/20/430
f 474/46/434 475/54/434 473/45/433 472/37/433
f 476/55/435 477/63/435 475/54/434 474/46/434
f 478/64/436 479/72/437 477/63/435 476/55/435
f 480/73/438 481/81/438 479/72/437 478/64/436
f 482/82/439 483/90/440 481/81/438 480/73/438
f 484/91/441 485/99/441 483/90/440 482/82/439
f 486/100/442 487/108/442 485/99/441 484/91/441
f 488/109/443 489/117/443 487/108/442 486/100/442
f 490/118/444 491/126/444 489/117/443 488/109/443
f 492/127/445 493/135/445 491/126/444 490/118/444
f 494/136/446 495/144/446 493/135/445 492/127/445
f 496/145/447 497/153/447 495/144/446 494/136/446
f 498/154/448 499/162/448 497/153/447 496/145/447
f 500/163/449 501/171/450 499/162/448 498/154/448
f 502/172/451 503/180/451 501/171/450 500/163/449
f 504/181/452 505/189/452 503/180/451 502/172/451
f 506/190/453 507/198/453 505/189/452 504/181/452
f 508/199/454 509/207/454 507/198/453 506/190/453
f 510/208/455 511/216/455 509/207/454 508/199/454
f 512/217/456 513/225/457 511/216/455 510/208/455
f 514/226/458 515/234/459 513/225/457 512/217/456
f 516/235/460 517/243/461 515/234/459 514/226/458
f 518/244/462 519/252/462 517/243/461 516/235/460
f 520/253/463 521/261/463 519/252/462 518/244/462
f 522/262/464 523/270/464 521/261/463 520/253/463
f 524/271/465 525/279/465 523/270/464 522/262/464
f 526/280/466 527/288/466 525/279/465 524/271/465
f 528/289/467 529/297/467 527/288/466 526/280/466
f 530/298/468 531/306/468 529/297/467 528/289/467
f 532/307/469 533/315/470 531/306/468 530/298/468
f 534/316/471 535/324/472 533/315/470 532/307/469
f 536/325/473 537/333/473 535/324/472 534/316/471
f 538/334/474 539/342/474 537/333/473 536/325/473
f 540/343/475 541/351/475 539/342/474 538/334/474
f 542/352/476 543/360/476 541/351/475 540/343/475
f 544/361/477 545/369/477 543/360/476 542/352/476
f 546/370/478 547/378/478 545/369/477 544/361/477
f 548/379/479 549/387/479 547/378/478 546/370/478
f 550/388/480 551/396/480 549/387/479 548/379/479
f 552/397/481 553/405/481 551/396/480 550/388/480
f 554/406/482 555/414/482 553/405/481 552/397/481
f 556/415/483 557/423/483 555/414/482 554/406/482
f 558/424/484 559/432/485 557/423/483 556/415/483
f 560/433/486 561/441/486 559/432/485 558/424/484
f 562/442/487 563/450/487 561/441/486 560/433/486
f 564/451/488 565/459/489 563/450/487 562/442/487
f 566/36/490 567/19/491 569/20/492 568/35/492
f 568/35/492 569/20/492 571/37/493 570/45/493
f 570/45/493 571/37/493 573/46/494 572/54/494
f 572/54/494 573/46/494 575/55/495 574/63/495
f 574/63/495 575/55/495 577/64/496 576/72/496
f 576/72/496 577/64/496 579/73/497 578/81/498
f 578/81/498 579/73/497 581/82/499 580/90/499
f 580/90/499 581/82/499 583/91/500 582/99/500
f 582/99/500 583/91/500 585/100/501 584/108/502
f 584/108/502 585/100/501 587/109/503 586/117/503
f 586/117/503 587/109/503 589/118/504 588/126/505
f 588/126/505 589/118/504 591/127/506 590/135/506
f 590/135/506 591/127/506 593/136/507 592/144/507
f 592/144/507 593/136/507 595/145/508 594/153/509
f 594/153/509 595/145/508 597/154/510 596/162/510
f 596/162/510 597/154/510 599/163/511 598/171/511
f 598/171/511 599/163/511 601/172/512 600/180/512
f 600/180/512 601/172/512 603/181/513 602/189/513
f 602/189/513 603/181/513 605/190/514 604/198/514
f 604/198/514 605/190/514 607/199/515 606/207/515
f 606/207/515 607/199/515 609/208/516 608/216/517
f 608/216/517 609/208/516 611/217/518 610/225/518
f 610/225/518 611/217/518 613/226/519 612/234/519
f 612/234/519 613/226/519 615/235/520 614/243/521
f 614/243/521 615/235/520 617/244/522 616/252/522
f 616/252/522 617/244/522 619/253/523 618/261/524
f 618/261/524 619/253/523 621/262/525 620/270/525
f 620/270/525 621/262/525 623/271/526 622/279/527
f 622/279/527 623/271/526 625/280/528 624/288/528
f 624/288/528 625/280/528 627/289/529 626/297/530
f 626/297/530 627/289/529 629/298/531 628/306/531
f 628/306/531 629/298/531 631/307/532 630/315/532
f 630/315/532 631/307/532 633/316/533 632/324/533
f 632/324/533 633/316/533 635/325/534 634/333/534
f 634/333/534 635/325/534 637/334/535 636/342/535
f 636/342/535 637/334/535 639/343/536 638/351/537
f 638/351/537 639/343/536 641/352/538 640/360/538
f 640/360/538 641/352/538 643/361/539 642/369/540
f 642/369/540 643/361/539 645/370/541 644/378/541
f 644/378/541 645/370/541 647/379/542 646/387/543
f 646/387/543 647/379/542 649/388/544 648/396/544
f 648/396/544 649/388/544 651/397/545 650/405/545
f 650/405/545 651/397/545 653/406/546 652/414/546
f 652/414/546 653/406/546 655/415/547 654/423/547
f 654/423/547 655/415/547 657/424/548 656/432/548
f 656/432/548 657/424/548 659/433/549 658/441/549
f 658/441/549 659/433/549 661/442/550 660/450/550
f 660/450/550 661/442/550 663/451/551 662/459/551
o FZGXStream2.000_PreviewMesh
v 405.114288 -150.000000 0.000003 0.7353 0.7353 0.7353
v 416.364288 -150.000000 0.000003 0.7353 0.7353 0.7353
v 427.614288 -150.000000 0.000003 0.7353 0.7353 0.7353
v 438.864288 -150.000000 0.000003 0.7353 0.7353 0.7353
v 450.114288 -150.000000 0.000003 0.7353 0.7353 0.7353
v 461.364288 -150.000000 0.000003 0.7353 0.7353 0.7353
v 472.614288 -150.000000 0.000003 0.7353 0.7353 0.7353
v 483.864288 -150.000000 0.000003 0.7353 0.7353 0.7353
v 495.114288 -150.000000 0.000003 0.7353 0.7353 0.7353
v 405.114288 -47.737915 -7.298995 0.7353 0.7353 0.7353
v 416.364288 -47.737915 -7.298995 0.7353 0.7353 0.7353
v 427.614288 -47.737915 -7.298995 0.7353 0.7353 0.7353
v 438.864288 -47.737915 -7.298995 0.7353 0.7353 0.7353
v 450.114288 -47.737915 -7.298995 0.7353 0.7353 0.7353
v 461.364288 -47.737915 -7.298995 0.7353 0.7353 0.7353
v 472.614288 -47.737915 -7.298995 0.7353 0.7353 0.7353
v 483.864288 -47.737915 -7.298995 0.7353 0.7353 0.7353
v 495.114288 -47.737915 -7.298995 0.7353 0.7353 0.7353
v 405.114288 -32.642929 -9.398610 0.7353 0.7353 0.7353
v 416.364288 -32.642929 -9.398610 0.7353 0.7353 0.7353
v 427.614288 -32.642929 -9.398610 0.7353 0.7353 0.7353
v 438.864288 -32.642929 -9.398610 0.7353 0.7353 0.7353
v 450.114288 -32.642929 -9.398610 0.7353 0.7353 0.7353
v 461.364288 -32.642929 -9.398610 0.7353 0.7353 0.7353
v 472.614288 -32.642929 -9.398610 0.7353 0.7353 0.7353
v 483.864288 -32.642929 -9.398610 0.7353 0.7353 0.7353
v 495.114288 -32.642929 -9.398610 0.7353 0.7353 0.7353
v 405.114288 -14.299898 -12.217442 0.7353 0.7353 0.7353
v 416.364288 -14.299898 -12.217442 0.7353 0.7353 0.7353
v 427.614288 -14.299898 -12.217442 0.7353 0.7353 0.7353
v 438.864288 -14.299898 -12.217442 0.7353 0.7353 0.7353
v 450.114288 -14.299898 -12.217442 0.7353 0.7353 0.7353
v 461.364288 -14.299898 -12.217442 0.7353 0.7353 0.7353
v 472.614288 -14.299898 -12.217442 0.7353 0.7353 0.7353
v 483.864288 -14.299898 -12.217442 0.7353 0.7353 0.7353
v 495.114288 -14.299898 -12.217442 0.7353 0.7353 0.7353
v 405.114288 19.965698 -18.139538 0.7353 0.7353 0.7353
v 416.364288 19.965698 -18.139538 0.7353 0.7353 0.7353
v 427.614288 19.965698 -18.139538 0.7353 0.7353 0.7353
v 438.864288 19.965698 -18.139538 0.7353 0.7353 0.7353
v 450.114288 19.965698 -18.139538 0.7353 0.7353 0.7353
v 461.364288 19.965698 -18.139538 0.7353 0.7353 0.7353
v 472.614288 19.965698 -18.139538 0.7353 0.7353 0.7353
v 483.864288 19.965698 -18.139538 0.7353 0.7353 0.7353
v 495.114288 19.965698 -18.139538 0.7353 0.7353 0.7353
v 405.114288 34.031139 -20.767231 0.7353 0.7353 0.7353
v 416.364288 34.031139 -20.767231 0.7353 0.7353 0.7353
v 427.614288 34.031139 -20.767231 0.7353 0.7353 0.7353
v 438.864288 34.031139 -20.767231 0.7353 0.7353 0.7353
v 450.114288 34.031139 -20.767231 0.7353 0.7353 0.7353
v 461.364288 34.031139 -20.767231 0.7353 0.7353 0.7353
v 472.614288 34.031139 -20.767231 0.7353 0.7353 0.7353
v 483.864288 34.031139 -20.767231 0.7353 0.7353 0.7353
v 495.114288 34.031139 -20.767231 0.7353 0.7353 0.7353
v 405.114288 61.660099 -26.164509 0.7353 0.7353 0.7353
v 416.364288 61.660099 -26.164509 0.7353 0.7353 0.7353
v 427.614288 61.660099 -26.164509 0.7353 0.7353 0.7353
v 438.864288 61.660099 -26.164509 0.7353 0.7353 0.7353
v 450.114288 61.660099 -26.164509 0.7353 0.7353 0.7353
v 461.364288 61.660099 -26.164509 0.7353 0.7353 0.7353
v 472.614288 61.660099 -26.164509 0.7353 0.7353 0.7353
v 483.864288 61.660099 -26.164509 0.7353 0.7353 0.7353
v 495.114288 61.660099 -26.164509 0.7353 0.7353 0.7353
v 405.114288 77.504868 -29.362482 0.7353 0.7353 0.7353
v 416.364288 77.504868 -29.362482 0.7353 0.7353 0.7353
v 427.614288 77.504868 -29.362482 0.7353 0.7353 0.7353
v 438.864288 77.504868 -29.362482 0.7353 0.7353 0.7353
v 450.114288 77.504868 -29.362482 0.7353 0.7353 0.7353
v 461.364288 77.504868 -29.362482 0.7353 0.7353 0.7353
v 472.614288 77.504868 -29.362482 0.7353 0.7353 0.7353
v 483.864288 77.504868 -29.362482 0.7353 0.7353 0.7353
v 495.114288 77.504868 -29.362482 0.7353 0.7353 0.7353
v 405.114288 112.884377 -36.624363 0.7353 0.7353 0.7353
v 416.364288 112.884377 -36.624363 0.7353 0.7353 0.7353
v 427.614288 112.884377 -36.624363 0.7353 0.7353 0.7353
v 438.864288 112.884377 -36.624363 0.7353 0.7353 0.7353
v 450.114288 112.884377 -36.624363 0.7353 0.7353 0.7353
v 461.364288 112.884377 -36.624363 0.7353 0.7353 0.7353
v 472.614288 112.884377 -36.624363 0.7353 0.7353 0.7353
v 483.864288 112.884377 -36.624363 0.7353 0.7353 0.7353
v 495.114288 112.884377 -36.624363 0.7353 0.7353 0.7353
v 405.114288 126.924370 -39.504360 0.7353 0.7353 0.7353
v 416.364288 126.924370 -39.504360 0.7353 0.7353 0.7353
v 427.614288 126.924370 -39.504360 0.7353 0.7353 0.7353
v 438.864288 126.924370 -39.504360 0.7353 0.7353 0.7353
v 450.114288 126.924370 -39.504360 0.7353 0.7353 0.7353
v 461.364288 126.924370 -39.504360 0.7353 0.7353 0.7353
v 472.614288 126.924370 -39.504360 0.7353 0.7353 0.7353
v 483.864288 126.924370 -39.504360 0.7353 0.7353 0.7353
v 495.114288 126.924370 -39.504360 0.7353 0.7353 0.7353
v 405.114288 153.662964 -44.898010 0.7353 0.7353 0.7353
v 416.364288 153.662964 -44.898010 0.7353 0.7353 0.7353
v 427.614288 153.662964 -44.898010 0.7353 0.7353 0.7353
v 438.864288 153.662964 -44.898010 0.7353 0.7353 0.7353
v 450.114288 153.662964 -44.898010 0.7353 0.7353 0.7353
v 461.364288 153.662964 -44.898010 0.7353 0.7353 0.7353
v 472.614288 153.662964 -44.898010 0.7353 0.7353 0.7353
v 483.864288 153.662964 -44.898010 0.7353 0.7353 0.7353
v 495.114288 153.662964 -44.898010 0.7353 0.7353 0.7353
v 405.114288 169.819168 -48.057270 0.7353 0.7353 0.7353
v 416.364288 169.819168 -48.057270 0.7353 0.7353 0.7353
v 427.614288 169.819168 -48.057270 0.7353 0.7353 0.7353
v 438.864288 169.819168 -48.057270 0.7353 0.7353 0.7353
v 450.114288 169.819168 -48.057270 0.7353 0.7353 0.7353
v 461.364288 169.819168 -48.057270 0.7353 0.7353 0.7353
v 472.614288 169.819168 -48.057270 0.7353 0.7353 0.7353
v 483.864288 169.819168 -48.057270 0.7353 0.7353 0.7353
v 495.114288 169.819168 -48.057270 0.7353 0.7353 0.7353
v 405.114288 203.952393 -54.346283 0.7353 0.7353 0.7353
v 416.364288 203.952393 -54.346283 0.7353 0.7353 0.7353
v 427.614288 203.952393 -54.346283 0.7353 0.7353 0.7353
v 438.864288 203.952393 -54.346283 0.7353 0.7353 0.7353
v 450.114288 203.952393 -54.346283 0.7353 0.7353 0.7353
v 461.364288 203.952393 -54.346283 0.7353 0.7353 0.7353
v 472.614288 203.952393 -54.346283 0.7353 0.7353 0.7353
v 483.864288 203.952393 -54.346283 0.7353 0.7353 0.7353
v 495.114288 203.952393 -54.346283 0.7353 0.7353 0.7353
v 405.114288 218.071594 -56.749500 0.7353 0.7353 0.7353
v 416.364288 218.071594 -56.749500 0.7353 0.7353 0.7353
v 427.614288 218.071594 -56.749500 0.7353 0.7353 0.7353
v 438.864288 218.071594 -56.749500 0.7353 0.7353 0.7353
v 450.114288 218.071594 -56.749500 0.7353 0.7353 0.7353
v 461.364288 218.071594 -56.749500 0.7353 0.7353 0.7353
v 472.614288 218.071594 -56.749500 0.7353 0.7353 0.7353
v 483.864288 218.071594 -56.749500 0.7353 0.7353 0.7353
v 495.114288 218.071594 -56.749500 0.7353 0.7353 0.7353
v 405.114288 245.787598 -61.039028 0.7353 0.7353 0.7353
v 416.364288 245.787598 -61.039028 0.7353 0.7353 0.7353
v 427.614288 245.787598 -61.039028 0.7353 0.7353 0.7353
v 438.864288 245.787598 -61.039028 0.7353 0.7353 0.7353
v 450.114288 245.787598 -61.039028 0.7353 0.7353 0.7353
v 461.364288 245.787598 -61.039028 0.7353 0.7353 0.7353
v 472.614288 245.787598 -61.039028 0.7353 0.7353 0.7353
v 483.864288 245.787598 -61.039028 0.7353 0.7353 0.7353
v 495.114288 245.787598 -61.039028 0.7353 0.7353 0.7353
v 405.114288 262.327637 -63.281281 0.7353 0.7353 0.7353
v 416.364288 262.327637 -63.281281 0.7353 0.7353 0.7353
v 427.614288 262.327637 -63.281281 0.7353 0.7353 0.7353
v 438.864288 262.327637 -63.281281 0.7353 0.7353 0.7353
v 450.114288 262.327637 -63.281281 0.7353 0.7353 0.7353
v 461.364288 262.327637 -63.281281 0.7353 0.7353 0.7353
v 472.614288 262.327637 -63.281281 0.7353 0.7353 0.7353
v 483.864288 262.327637 -63.281281 0.7353 0.7353 0.7353
v 495.114288 262.327637 -63.281281 0.7353 0.7353 0.7353
v 405.114288 294.286469 -66.812347 0.7353 0.7353 0.7353
v 416.364288 294.286469 -66.812347 0.7353 0.7353 0.7353
v 427.614288 294.286469 -66.812347 0.7353 0.7353 0.7353
v 438.864288 294.286469 -66.812347 0.7353 0.7353 0.7353
v 450.114288 294.286469 -66.812347 0.7353 0.7353 0.7353
v 461.364288 294.286469 -66.812347 0.7353 0.7353 0.7353
v 472.614288 294.286469 -66.812347 0.7353 0.7353 0.7353
v 483.864288 294.286469 -66.812347 0.7353 0.7353 0.7353
v 495.114288 294.286469 -66.812347 0.7353 0.7353 0.7353
v 405.114288 308.904114 -68.031227 0.7353 0.7353 0.7353
v 416.364288 308.904114 -68.031227 0.7353 0.7353 0.7353
v 427.614288 308.904114 -68.031227 0.7353 0.7353 0.7353
v 438.864288 308.904114 -68.031227 0.7353 0.7353 0.7353
v 450.114288 308.904114 -68.031227 0.7353 0.7353 0.7353
v 461.364288 308.904114 -68.031227 0.7353 0.7353 0.7353
v 472.614288 308.904114 -68.031227 0.7353 0.7353 0.7353
v 483.864288 308.904114 -68.031227 0.7353 0.7353 0.7353
v 495.114288 308.904114 -68.031227 0.7353 0.7353 0.7353
v 405.114288 339.969513 -69.683548 0.7353 0.7353 0.7353
v 416.364288 339.969513 -69.683548 0.7353 0.7353 0.7353
v 427.614288 339.969513 -69.683548 0.7353 0.7353 0.7353
v 438.864288 339.969513 -69.683548 0.7353 0.7353 0.7353
v 450.114288 339.969513 -69.683548 0.7353 0.7353 0.7353
v 461.364288 339.969513 -69.683548 0.7353 0.7353 0.7353
v 472.614288 339.969513 -69.683548 0.7353 0.7353 0.7353
v 483.864288 339.969513 -69.683548 0.7353 0.7353 0.7353
v 495.114288 339.969513 -69.683548 0.7353 0.7353 0.7353
v 405.114288 354.331512 -69.974815 0.7353 0.7353 0.7353
v 416.364288 354.331512 -69.974815 0.7353 0.7353 0.7353
v 427.614288 354.331512 -69.974815 0.7353 0.7353 0.7353
v 438.864288 354.331512 -69.974815 0.7353 0.7353 0.7353
v 450.114288 354.331512 -69.974815 0.7353 0.7353 0.7353
v 461.364288 354.331512 -69.974815 0.7353 0.7353 0.7353
v 472.614288 354.331512 -69.974815 0.7353 0.7353 0.7353
v 483.864288 354.331512 -69.974815 0.7353 0.7353 0.7353
v 495.114288 354.331512 -69.974815 0.7353 0.7353 0.7353
v 405.114288 360.000031 -70.000000 0.7353 0.7353 0.7353
v 416.364288 360.000031 -70.000000 0.7353 0.7353 0.7353
v 427.614288 360.000031 -70.000000 0.7353 0.7353 0.7353
v 438.864288 360.000031 -70.000000 0.7353 0.7353 0.7353
v 450.114288 360.000031 -70.000000 0.7353 0.7353 0.7353
v 461.364288 360.000031 -70.000000 0.7353 0.7353 0.7353
v 472.614288 360.000031 -70.000000 0.7353 0.7353 0.7353
v 483.864288 360.000031 -70.000000 0.7353 0.7353 0.7353
v 495.114288 360.000031 -70.000000 0.7353 0.7353 0.7353
v 495.114288 -150.000000 0.000003 0.9063 0.9063 0.9063
v 495.114288 -150.068069 -19.999882 0.9063 0.9063 0.9063
v 495.114288 -47.737915 -7.298995 0.9063 0.9063 0.9063
v 495.114288 -50.355362 -27.126980 0.9063 0.9063 0.9063
v 495.114288 -32.642929 -9.398610 0.9063 0.9063 0.9063
v 495.114288 -35.532070 -29.188831 0.9063 0.9063 0.9063
v 495.114288 -14.299898 -12.217442 0.9063 0.9063 0.9063
v 495.114288 -17.479820 -31.963026 0.9063 0.9063 0.9063
v 495.114288 19.965698 -18.139538 0.9063 0.9063 0.9063
v 495.114288 16.359428 -37.811722 0.9063 0.9063 0.9063
v 495.114288 34.031139 -20.767231 0.9063 0.9063 0.9063
v 495.114288 30.295654 -40.415287 0.9063 0.9063 0.9063
v 495.114288 61.660099 -26.164509 0.9063 0.9063 0.9063
v 495.114288 57.739292 -45.776424 0.9063 0.9063 0.9063
v 495.114288 77.504868 -29.362482 0.9063 0.9063 0.9063
v 495.114288 73.516777 -48.960827 0.9063 0.9063 0.9063
v 495.114288 112.884377 -36.624363 0.9063 0.9063 0.9063
v 495.114288 108.854881 -56.214237 0.9063 0.9063 0.9063
v 495.114288 126.924370 -39.504360 0.9063 0.9063 0.9063
v 495.114288 122.920120 -59.099411 0.9063 0.9063 0.9063
v 495.114288 153.662964 -44.898010 0.9063 0.9063 0.9063
v 495.114288 149.772385 -64.515945 0.9063 0.9063 0.9063
v 495.114288 169.819168 -48.057270 0.9063 0.9063 0.9063
v 495.114288 166.038986 -67.696777 0.9063 0.9063 0.9063
v 495.114288 203.952393 -54.346283 0.9063 0.9063 0.9063
v 495.114288 200.508759 -74.047592 0.9063 0.9063 0.9063
v 495.114288 218.071594 -56.749500 0.9063 0.9063 0.9063
v 495.114288 214.807907 -76.481415 0.9063 0.9063 0.9063
v 495.114288 245.787598 -61.039028 0.9063 0.9063 0.9063
v 495.114288 242.951965 -80.836990 0.9063 0.9063 0.9063
v 495.114288 262.327637 -63.281281 0.9063 0.9063 0.9063
v 495.114288 259.796997 -83.120537 0.9063 0.9063 0.9063
v 495.114288 294.286469 -66.812347 0.9063 0.9063 0.9063
v 495.114288 292.447723 -86.727646 0.9063 0.9063 0.9063
v 495.114288 308.904114 -68.031227 0.9063 0.9063 0.9063
v 495.114288 307.424927 -87.976456 0.9063 0.9063 0.9063
v 495.114288 339.969513 -69.683548 0.9063 0.9063 0.9063
v 495.114288 339.347290 -89.673866 0.9063 0.9063 0.9063
v 495.114288 354.331512 -69.974815 0.9063 0.9063 0.9063
v 495.114288 354.153168 -89.974022 0.9063 0.9063 0.9063
v 495.114288 360.000031 -70.000000 0.9063 0.9063 0.9063
v 495.114288 360.000031 -90.000000 0.9063 0.9063 0.9063
v 405.114288 -150.000000 0.000003 0.9063 0.9063 0.9063
v 405.114288 -150.068069 -19.999882 0.9063 0.9063 0.9063
v 405.114288 -47.737915 -7.298995 0.9063 0.9063 0.9063
v 405.114288 -50.355362 -27.126980 0.9063 0.9063 0.9063
v 405.114288 -32.642929 -9.398610 0.9063 0.9063 0.9063
v 405.114288 -35.532070 -29.188831 0.9063 0.9063 0.9063
v 405.114288 -14.299898 -12.217442 0.9063 0.9063 0.9063
v 405.114288 -17.479820 -31.963026 0.9063 0.9063 0.9063
v 405.114288 19.965698 -18.139538 0.9063 0.9063 0.9063
v 405.114288 16.359428 -37.811722 0.9063 0.9063 0.9063
v 405.114288 34.031139 -20.767231 0.9063 0.9063 0.9063
v 405.114288 30.295654 -40.415287 0.9063 0.9063 0.9063
v 405.114288 61.660099 -26.164509 0.9063 0.9063 0.9063
v 405.114288 57.739292 -45.776424 0.9063 0.9063 0.9063
v 405.114288 77.504868 -29.362482 0.9063 0.9063 0.9063
v 405.114288 73.516777 -48.960827 0.9063 0.9063 0.9063
v 405.114288 112.884377 -36.624363 0.9063 0.9063 0.9063
v 405.114288 108.854881 -56.214237 0.9063 0.9063 0.9063
v 405.114288 126.924370 -39.504360 0.9063 0.9063 0.9063
v 405.114288 122.920120 -59.099411 0.9063 0.9063 0.9063
v 405.114288 153.662964 -44.898010 0.9063 0.9063 0.9063
v 405.114288 149.772385 -64.515945 0.9063 0.9063 0.9063
v 405.114288 169.819168 -48.057270 0.9063 0.9063 0.9063
v 405.114288 166.038986 -67.696777 0.9063 0.9063 0.9063
v 405.114288 203.952393 -54.346283 0.9063 0.9063 0.9063
v 405.114288 200.508759 -74.047592 0.9063 0.9063 0.9063
v 405.114288 218.071594 -56.749500 0.9063 0.9063 0.9063
v 405.114288 214.807907 -76.481415 0.9063 0.9063 0.9063
v 405.114288 245.787598 -61.039028 0.9063 0.9063 0.9063
v 405.114288 242.951965 -80.836990 0.9063 0.9063 0.9063
v 405.114288 262.327637 -63.281281 0.9063 0.9063 0.9063
v 405.114288 259.796997 -83.120537 0.9063 0.9063 0.9063
v 405.114288 294.286469 -66.812347 0.9063 0.9063 0.9063
v 405.114288 292.447723 -86.727646 0.9063 0.9063 0.9063
v 405.114288 308.904114 -68.031227 0.9063 0.9063 0.9063
v 405.114288 307.424927 -87.976456 0.9063 0.9063 0.9063
v 405.114288 339.969513 -69.683548 0.9063 0.9063 0.9063
v 405.114288 339.347290 -89.673866 0.9063 0.9063 0.9063
v 405.114288 354.331512 -69.974815 0.9063 0.9063 0.9063
v 405.114288 354.153168 -89.974022 0.9063 0.9063 0.9063
v 405.114288 360.000031 -70.000000 0.9063 0.9063 0.9063
v 405.114288 360.000031 -90.000000 0.9063 0.9063 0.9063
vn -0.0000 -0.0034 -1.0000
vn -0.0000 -0.1309 -0.9914
vn -0.0000 -0.1444 -0.9895
vn -0.0000 -0.1448 -0.9895
vn -0.0000 -0.1591 -0.9873
vn -0.0000 -0.1590 -0.9873
vn -0.0000 -0.1803 -0.9836
vn -0.0000 -0.1868 -0.9824
vn -0.0000 -0.1867 -0.9824
vn -0.0000 -0.1960 -0.9806
vn -0.0000 -0.1961 -0.9806
vn -0.0000 -0.1995 -0.9799
vn -0.0000 -0.2010 -0.9796
vn -0.0000 -0.2013 -0.9795
vn -0.0000 -0.2002 -0.9798
vn -0.0000 -0.2001 -0.9798
vn -0.0000 -0.1945 -0.9809
vn -0.0000 -0.1944 -0.9809
vn -0.0000 -0.1890 -0.9820
vn -0.0000 -0.1722 -0.9851
vn -0.0000 -0.1632 -0.9866
vn -0.0000 -0.1418 -0.9899
vn -0.0000 -0.1265 -0.9920
vn -0.0000 -0.0920 -0.9958
vn -0.0000 -0.0919 -0.9958
vn -0.0000 -0.0739 -0.9973
vn -0.0000 -0.0311 -0.9995
vn -0.0000 -0.0089 -1.0000
vn -0.0000 -0.0044 -1.0000
vn -1.0000 -0.0000 -0.0000
vn 1.0000 -0.0000 -0.0000
vt 0.000000 0.000000
vt 0.000000 1.988255
vt 0.125000 1.988255
vt 0.125000 0.000000
vt 0.250000 1.988255
vt 0.250000 0.000000
vt 0.375000 1.988255
vt 0.375000 0.000000
vt 0.500000 1.988255
vt 0.500000 0.000000
vt 0.625000 1.988255
vt 0.625000 0.000000
vt 0.750000 1.988255
vt 0.750000 0.000000
vt 0.875000 1.988255
vt 0.875000 0.000000
vt 1.000000 1.988255
vt 1.000000 0.000000
vt 0.000000 2.283816
vt 0.125000 2.283816
vt 0.250000 2.283816
vt 0.375000 2.283816
vt 0.500000 2.283816
vt 0.625000 2.283816
vt 0.750000 2.283816
vt 0.875000 2.283816
vt 1.000000 2.283816
vt 0.000000 2.643725
vt 0.125000 2.643725
vt 0.250000 2.643725
vt 0.375000 2.643725
vt 0.500000 2.643725
vt 0.625000 2.643725
vt 0.750000 2.643725
vt 0.875000 2.643725
vt 1.000000 2.643725
vt 0.000000 3.318104
vt 0.125000 3.318104
vt 0.250000 3.318104
vt 0.375000 3.318104
vt 0.500000 3.318104
vt 0.625000 3.318104
vt 0.750000 3.318104
vt 0.875000 3.318104
vt 1.000000 3.318104
vt 0.000000 3.595599
vt 0.125000 3.595599
vt 0.250000 3.595599
vt 0.375000 3.595599
vt 0.500000 3.595599
vt 0.625000 3.595599
vt 0.750000 3.595599
vt 0.875000 3.595599
vt 1.000000 3.595599
vt 0.000000 4.141547
vt 0.125000 4.141547
vt 0.250000 4.141547
vt 0.375000 4.141547
vt 0.500000 4.141547
vt 0.625000 4.141547
vt 0.750000 4.141547
vt 0.875000 4.141547
vt 1.000000 4.141547
vt 0.000000 4.455027
vt 0.125000 4.455027
vt 0.250000 4.455027
vt 0.375000 4.455027
vt 0.500000 4.455027
vt 0.625000 4.455027
vt 0.750000 4.455027
vt 0.875000 4.455027
vt 1.000000 4.455027
vt 0.000000 5.155460
vt 0.125000 5.155460
vt 0.250000 5.155460
vt 0.375000 5.155460
vt 0.500000 5.155460
vt 0.625000 5.155460
vt 0.750000 5.155460
vt 0.875000 5.155460
vt 1.000000 5.155460
vt 0.000000 5.433413
vt 0.125000 5.433413
vt 0.250000 5.433413
vt 0.375000 5.433413
vt 0.500000 5.433413
vt 0.625000 5.433413
vt 0.750000 5.433413
vt 0.875000 5.433413
vt 1.000000 5.433413
vt 0.000000 5.962410
vt 0.125000 5.962410
vt 0.250000 5.962410
vt 0.375000 5.962410
vt 0.500000 5.962410
vt 0.625000 5.962410
vt 0.750000 5.962410
vt 0.875000 5.962410
vt 1.000000 5.962410
vt 0.000000 6.281668
vt 0.125000 6.281668
vt 0.250000 6.281668
vt 0.375000 6.281668
vt 0.500000 6.281668
vt 0.625000 6.281668
vt 0.750000 6.281668
vt 0.875000 6.281668
vt 1.000000 6.281668
vt 0.000000 6.954769
vt 0.125000 6.954769
vt 0.250000 6.954769
vt 0.375000 6.954769
vt 0.500000 6.954769
vt 0.625000 6.954769
vt 0.750000 6.954769
vt 0.875000 6.954769
vt 1.000000 6.954769
vt 0.000000 7.232527
vt 0.125000 7.232527
vt 0.250000 7.232527
vt 0.375000 7.232527
vt 0.500000 7.232527
vt 0.625000 7.232527
vt 0.750000 7.232527
vt 0.875000 7.232527
vt 1.000000 7.232527
vt 0.000000 7.776433
vt 0.125000 7.776433
vt 0.250000 7.776433
vt 0.375000 7.776433
vt 0.500000 7.776433
vt 0.625000 7.776433
vt 0.750000 7.776433
vt 0.875000 7.776433
vt 1.000000 7.776433
vt 0.000000 8.100135
vt 0.125000 8.100135
vt 0.250000 8.100135
vt 0.375000 8.100135
vt 0.500000 8.100135
vt 0.625000 8.100135
vt 0.750000 8.100135
vt 0.875000 8.100135
vt 1.000000 8.100135
vt 0.000000 8.723697
vt 0.125000 8.723697
vt 0.250000 8.723697
vt 0.375000 8.723697
vt 0.500000 8.723697
vt 0.625000 8.723697
vt 0.750000 8.723697
vt 0.875000 8.723697
vt 1.000000 8.723697
vt 0.000000 9.008166
vt 0.125000 9.008166
vt 0.250000 9.008166
vt 0.375000 9.008166
vt 0.500000 9.008166
vt 0.625000 9.008166
vt 0.750000 9.008166
vt 0.875000 9.008166
vt 1.000000 9.008166
vt 0.000000 9.611482
vt 0.125000 9.611482
vt 0.250000 9.611482
vt 0.375000 9.611482
vt 0.500000 9.611482
vt 0.625000 9.611482
vt 0.750000 9.611482
vt 0.875000 9.611482
vt 1.000000 9.611482
vt 0.000000 9.890067
vt 0.125000 9.890067
vt 0.250000 9.890067
vt 0.375000 9.890067
vt 0.500000 9.890067
vt 0.625000 9.890067
vt 0.750000 9.890067
vt 0.875000 9.890067
vt 1.000000 9.890067
vt 0.000000 10.000000
vt 0.125000 10.000000
vt 0.250000 10.000000
vt 0.375000 10.000000
vt 0.500000 10.000000
vt 0.625000 10.000000
vt 0.750000 10.000000
vt 0.875000 10.000000
vt 1.000000 10.000000
s 1
usemtl track_surface
f 664/460/552 673/461/553 674/462/553 665/463/552
f 665/463/552 674/462/553 675/464/553 666/465/552
f 666/465/552 675/464/553 676/466/553 667/467/552
f 667/467/552 676/466/553 677/468/553 668/469/552
f 668/469/552 677/468/553 678/470/553 669/471/552
f 669/471/552 678/470/553 679/472/553 670/473/552
f 670/473/552 679/472/553 680/474/553 671/475/552
f 671/475/552 680/474/553 681/476/553 672/477/552
f 673/461/553 682/478/554 683/479/555 674/462/553
f 674/462/553 683/479/555 684/480/554 675/464/553
f 675/464/553 684/480/554 685/481/554 676/466/553
f 676/466/553 685/481/554 686/482/554 677/468/553
f 677/468/553 686/482/554 687/483/555 678/470/553
f 678/470/553 687/483/555 688/484/554 679/472/553
f 679/472/553 688/484/554 689/485/554 680/474/553
f 680/474/553 689/485/554 690/486/554 681/476/553
f 682/478/554 691/487/556 692/488/557 683/479/555
f 683/479/555 692/488/557 693/489/557 684/480/554
f 684/480/554 693/489/557 694/490/557 685/481/554
f 685/481/554 694/490/557 695/491/557 686/482/554
f 686/482/554 695/491/557 696/492/557 687/483/555
f 687/483/555 696/492/557 697/493/557 688/484/554
f 688/484/554 697/493/557 698/494/557 689/485/554
f 689/485/554 698/494/557 699/495/557 690/486/554
f 691/487/556 700/496/558 701/497/558 692/488/557
f 692/488/557 701/497/558 702/498/558 693/489/557
f 693/489/557 702/498/558 703/499/558 694/490/557
f 694/490/557 703/499/558 704/500/558 695/491/557
f 695/491/557 704/500/558 705/501/558 696/492/557
f 696/492/557 705/501/558 706/502/558 697/493/557
f 697/493/557 706/502/558 707/503/558 698/494/557
f 698/494/557 707/503/558 708/504/558 699/495/557
f 700/496/558 709/505/559 710/506/559 701/497/558
f 701/497/558 710/506/559 711/507/560 702/498/558
f 702/498/558 711/507/560 712/508/560 703/499/558
f 703/499/558 712/508/560 713/509/560 704/500/558
f 704/500/558 713/509/560 714/510/559 705/501/558
f 705/501/558 714/510/559 715/511/559 706/502/558
f 706/502/558 715/511/559 716/512/560 707/503/558
f 707/503/558 716/512/560 717/513/559 708/504/558
f 709/505/559 718/514/561 719/515/561 710/506/559
f 710/506/559 719/515/561 720/516/561 711/507/560
f 711/507/560 720/516/561 721/517/561 712/508/560
f 712/508/560 721/517/561 722/518/562 713/509/560
f 713/509/560 722/518/562 723/519/561 714/510/559
f 714/510/559 723/519/561 724/520/561 715/511/559
f 715/511/559 724/520/561 725/521/562 716/512/560
f 716/512/560 725/521/562 726/522/561 717/513/559
f 718/514/561 727/523/563 728/524/563 719/515/561
f 719/515/561 728/524/563 729/525/563 720/516/561
f 720/516/561 729/525/563 730/526/563 721/517/561
f 721/517/561 730/526/563 731/527/563 722/518/562
f 722/518/562 731/527/563 732/528/563 723/519/561
f 723/519/561 732/528/563 733/529/563 724/520/561
f 724/520/561 733/529/563 734/530/563 725/521/562
f 725/521/562 734/530/563 735/531/563 726/522/561
f 727/523/563 736/532/564 737/533/565 728/524/563
f 728/524/563 737/533/565 738/534/565 729/525/563
f 729/525/563 738/534/565 739/535/565 730/526/563
f 730/526/563 739/535/565 740/536/564 731/527/563
f 731/527/563 740/536/564 741/537/565 732/528/563
f 732/528/563 741/537/565 742/538/565 733/529/563
f 733/529/563 742/538/565 743/539/565 734/530/563
f 734/530/563 743/539/565 744/540/564 735/531/563
f 736/532/564 745/541/566 746/542/566 737/533/565
f 737/533/565 746/542/566 747/543/567 738/534/565
f 738/534/565 747/543/567 748/544/566 739/535/565
f 739/535/565 748/544/566 749/545/567 740/536/564
f 740/536/564 749/545/567 750/546/566 741/537/565
f 741/537/565 750/546/566 751/547/566 742/538/565
f 742/538/565 751/547/566 752/548/567 743/539/565
f 743/539/565 752/548/567 753/549/566 744/540/564
f 745/541/566 754/550/568 755/551/568 746/542/566
f 746/542/566 755/551/568 756/552/569 747/543/567
f 747/543/567 756/552/569 757/553/569 748/544/566
f 748/544/566 757/553/569 758/554/569 749/545/567
f 749/545/567 758/554/569 759/555/568 750/546/566
f 750/546/566 759/555/568 760/556/569 751/547/566
f 751/547/566 760/556/569 761/557/569 752/548/567
f 752/548/567 761/557/569 762/558/568 753/549/566
f 754/550/568 763/559/570 764/560/570 755/551/568
f 755/551/568 764/560/570 765/561/570 756/552/569
f 756/552/569 765/561/570 766/562/570 757/553/569
f 757/553/569 766/562/570 767/563/570 758/554/569
f 758/554/569 767/563/570 768/564/570 759/555/568
f 759/555/568 768/564/570 769/565/570 760/556/569
f 760/556/569 769/565/570 770/566/570 761/557/569
f 761/557/569 770/566/570 771/567/570 762/558/568
f 763/559/570 772/568/571 773/569/571 764/560/570
f 764/560/570 773/569/571 774/570/571 765/561/570
f 765/561/570 774/570/571 775/571/571 766/562/570
f 766/562/570 775/571/571 776/572/571 767/563/570
f 767/563/570 776/572/571 777/573/571 768/564/570
f 768/564/570 777/573/571 778/574/571 769/565/570
f 769/565/570 778/574/571 779/575/571 770/566/570
f 770/566/570 779/575/571 780/576/571 771/567/570
f 772/568/571 781/577/572 782/578/572 773/569/571
f 773/569/571 782/578/572 783/579/572 774/570/571
f 774/570/571 783/579/572 784/580/572 775/571/571
f 775/571/571 784/580/572 785/581/572 776/572/571
f 776/572/571 785/581/572 786/582/572 777/573/571
f 777/573/571 786/582/572 787/583/572 778/574/571
f 778/574/571 787/583/572 788/584/572 779/575/571
f 779/575/571 788/584/572 789/585/572 780/576/571
f 781/577/572 790/586/573 791/587/573 782/578/572
f 782/578/572 791/587/573 792/588/573 783/579/572
f 783/579/572 792/588/573 793/589/573 784/580/572
f 784/580/572 793/589/573 794/590/573 785/581/572
f 785/581/572 794/590/573 795/591/573 786/582/572
f 786/582/572 795/591/573 796/592/573 787/583/572
f 787/583/572 796/592/573 797/593/573 788/584/572
f 788/584/572 797/593/573 798/594/573 789/585/572
f 790/586/573 799/595/574 800/596/574 791/587/573
f 791/587/573 800/596/574 801/597/574 792/588/573
f 792/588/573 801/597/574 802/598/574 793/589/573
f 793/589/573 802/598/574 803/599/574 794/590/573
f 794/590/573 803/599/574 804/600/574 795/591/573
f 795/591/573 804/600/574 805/601/574 796/592/573
f 796/592/573 805/601/574 806/602/574 797/593/573
f 797/593/573 806/602/574 807/603/574 798/594/573
f 799/595/574 808/604/575 809/605/576 800/596/574
f 800/596/574 809/605/576 810/606/576 801/597/574
f 801/597/574 810/606/576 811/607/576 802/598/574
f 802/598/574 811/607/576 812/608/576 803/599/574
f 803/599/574 812/608/576 813/609/576 804/600/574
f 804/600/574 813/609/576 814/610/576 805/601/574
f 805/601/574 814/610/576 815/611/576 806/602/574
f 806/602/574 815/611/576 816/612/575 807/603/574
f 808/604/575 817/613/577 818/614/577 809/605/576
f 809/605/576 818/614/577 819/615/577 810/606/576
f 810/606/576 819/615/577 820/616/577 811/607/576
f 811/607/576 820/616/577 821/617/577 812/608/576
f 812/608/576 821/617/577 822/618/577 813/609/576
f 813/609/576 822/618/577 823/619/577 814/610/576
f 814/610/576 823/619/577 824/620/577 815/611/576
f 815/611/576 824/620/577 825/621/577 816/612/575
f 817/613/577 826/622/578 827/623/578 818/614/577
f 818/614/577 827/623/578 828/624/578 819/615/577
f 819/615/577 828/624/578 829/625/578 820/616/577
f 820/616/577 829/625/578 830/626/578 821/617/577
f 821/617/577 830/626/578 831/627/578 822/618/577
f 822/618/577 831/627/578 832/628/578 823/619/577
f 823/619/577 832/628/578 833/629/578 824/620/577
f 824/620/577 833/629/578 834/630/578 825/621/577
f 826/622/578 835/631/579 836/632/579 827/623/578
f 827/623/578 836/632/579 837/633/579 828/624/578
f 828/624/578 837/633/579 838/634/579 829/625/578
f 829/625/578 838/634/579 839/635/579 830/626/578
f 830/626/578 839/635/579 840/636/579 831/627/578
f 831/627/578 840/636/579 841/637/579 832/628/578
f 832/628/578 841/637/579 842/638/579 833/629/578
f 833/629/578 842/638/579 843/639/579 834/630/578
f 835/631/579 844/640/580 845/641/580 836/632/579
f 836/632/579 845/641/580 846/642/580 837/633/579
f 837/633/579 846/642/580 847/643/580 838/634/579
f 838/634/579 847/643/580 848/644/580 839/635/579
f 839/635/579 848/644/580 849/645/580 840/636/579
f 840/636/579 849/645/580 850/646/580 841/637/579
f 841/637/579 850/646/580 851/647/580 842/638/579
f 842/638/579 851/647/580 852/648/580 843/639/579
usemtl track_rail
f 855/461/581 856/476/581 854/477/581 853/460/581
f 857/478/581 858/486/581 856/476/581 855/461/581
f 859/487/581 860/495/581 858/486/581 857/478/581
f 861/496/581 862/504/581 860/495/581 859/487/581
f 863/505/581 864/513/581 862/504/581 861/496/581
f 865/514/581 866/522/581 864/513/581 863/505/581
f 867/523/581 868/531/581 866/522/581 865/514/581
f 869/532/581 870/540/581 868/531/581 867/523/581
f 871/541/581 872/549/581 870/540/581 869/532/581
f 873/550/581 874/558/581 872/549/581 871/541/581
f 875/559/581 876/567/581 874/558/581 873/550/581
f 877/568/581 878/576/581 876/567/581 875/559/581
f 879/577/581 880/585/581 878/576/581 877/568/581
f 881/586/581 882/594/581 880/585/581 879/577/581
f 883/595/581 884/603/581 882/594/581 881/586/581
f 885/604/581 886/612/581 884/603/581 883/595/581
f 887/613/581 888/621/581 886/612/581 885/604/581
f 889/622/581 890/630/581 888/621/581 887/613/581
f 891/631/581 892/639/581 890/630/581 889/622/581
f 893/640/581 894/648/581 892/639/581 891/631/581
f 895/477/582 896/460/582 898/461/582 897/476/582
f 897/476/582 898/461/582 900/478/582 899/486/582
f 899/486/582 900/478/582 902/487/582 901/495/582
f 901/495/582 902/487/582 904/496/582 903/504/582
f 903/504/582 904/496/582 906/505/582 905/513/582
f 905/513/582 906/505/582 908/514/582 907/522/582
f 907/522/582 908/514/582 910/523/582 909/531/582
f 909/531/582 910/523/582 912/532/582 911/540/582
f 911/540/582 912/532/582 914/541/582 913/549/582
f 913/549/582 914/541/582 916/550/582 915/558/582
f 915/558/582 916/550/582 918/559/582 917/567/582
f 917/567/582 918/559/582 920/568/582 919/576/582
f 919/576/582 920/568/582 922/577/582 921/585/582
f 921/585/582 922/577/582 924/586/582 923/594/582
f 923/594/582 924/586/582 926/595/582 925/603/582
f 925/603/582 926/595/582 928/604/582 927/612/582
f 927/612/582 928/604/582 930/613/582 929/621/582
f 929/621/582 930/613/582 932/622/582 931/630/582
f 931/630/582 932/622/582 934/631/582 933/639/582
f 933/639/582 934/631/582 936/640/582 935/648/582
o FZGXStream3.000_PreviewMesh
v 405.114258 360.004333 -70.000000 0.7353 0.7353 0.7353
v 416.364258 360.003265 -70.000000 0.7353 0.7353 0.7353
v 427.614258 360.002197 -70.000000 0.7353 0.7353 0.7353
v 438.864258 360.001099 -70.000000 0.7353 0.7353 0.7353
v 450.114258 360.000031 -70.000000 0.7353 0.7353 0.7353
v 461.364258 359.998962 -70.000000 0.7353 0.7353 0.7353
v 472.614258 359.997864 -70.000000 0.7353 0.7353 0.7353
v 483.864258 359.996796 -70.000000 0.7353 0.7353 0.7353
v 495.114258 359.995728 -70.000000 0.7353 0.7353 0.7353
v 453.017181 520.100769 -77.111786 0.7353 0.7353 0.7353
v 462.337921 514.057129 -75.333839 0.7353 0.7353 0.7353
v 471.658630 508.013458 -73.555893 0.7353 0.7353 0.7353
v 480.979340 501.969788 -71.777946 0.7353 0.7353 0.7353
v 490.300049 495.926147 -70.000000 0.7353 0.7353 0.7353
v 499.620758 489.882507 -68.222054 0.7353 0.7353 0.7353
v 508.941467 483.838837 -66.444107 0.7353 0.7353 0.7353
v 518.262207 477.795197 -64.666161 0.7353 0.7353 0.7353
v 527.582886 471.751556 -62.888218 0.7353 0.7353 0.7353
v 462.683716 533.757202 -78.307281 0.7353 0.7353 0.7353
v 471.604156 527.224548 -76.230461 0.7353 0.7353 0.7353
v 480.524597 520.691956 -74.153641 0.7353 0.7353 0.7353
v 489.445068 514.159363 -72.076820 0.7353 0.7353 0.7353
v 498.365509 507.626770 -70.000000 0.7353 0.7353 0.7353
v 507.285950 501.094147 -67.923180 0.7353 0.7353 0.7353
v 516.206421 494.561554 -65.846359 0.7353 0.7353 0.7353
v 525.126831 488.028931 -63.769539 0.7353 0.7353 0.7353
v 534.047302 481.496338 -61.692719 0.7353 0.7353 0.7353
v 474.137390 547.984802 -79.647202 0.7353 0.7353 0.7353
v 482.583496 540.955627 -77.235397 0.7353 0.7353 0.7353
v 491.029633 533.926514 -74.823601 0.7353 0.7353 0.7353
v 499.475739 526.897339 -72.411797 0.7353 0.7353 0.7353
v 507.921844 519.868225 -69.999992 0.7353 0.7353 0.7353
v 516.367981 512.839050 -67.588196 0.7353 0.7353 0.7353
v 524.814087 505.809906 -65.176392 0.7353 0.7353 0.7353
v 533.260193 498.780762 -62.764591 0.7353 0.7353 0.7353
v 541.706299 491.751587 -60.352791 0.7353 0.7353 0.7353
v 488.191559 563.171448 -81.186523 0.7353 0.7353 0.7353
v 496.057190 555.630005 -78.389893 0.7353 0.7353 0.7353
v 503.922791 548.088562 -75.593262 0.7353 0.7353 0.7353
v 511.788422 540.547119 -72.796631 0.7353 0.7353 0.7353
v 519.654053 533.005676 -70.000000 0.7353 0.7353 0.7353
v 527.519653 525.464233 -67.203369 0.7353 0.7353 0.7353
v 535.385254 517.922791 -64.406738 0.7353 0.7353 0.7353
v 543.250916 510.381348 -61.610107 0.7353 0.7353 0.7353
v 551.116516 502.839905 -58.813477 0.7353 0.7353 0.7353
v 501.277649 575.499756 -82.518433 0.7353 0.7353 0.7353
v 508.606995 567.559448 -79.388824 0.7353 0.7353 0.7353
v 515.936340 559.619080 -76.259216 0.7353 0.7353 0.7353
v 523.265625 551.678772 -73.129608 0.7353 0.7353 0.7353
v 530.594971 543.738403 -70.000000 0.7353 0.7353 0.7353
v 537.924316 535.798096 -66.870392 0.7353 0.7353 0.7353
v 545.253662 527.857727 -63.740784 0.7353 0.7353 0.7353
v 552.582947 519.917419 -60.611176 0.7353 0.7353 0.7353
v 559.912292 511.977081 -57.481567 0.7353 0.7353 0.7353
v 522.032166 592.172363 -84.451172 0.7353 0.7353 0.7353
v 528.520020 583.721436 -80.838379 0.7353 0.7353 0.7353
v 535.007874 575.270569 -77.225578 0.7353 0.7353 0.7353
v 541.495728 566.819641 -73.612785 0.7353 0.7353 0.7353
v 547.983582 558.368713 -69.999992 0.7353 0.7353 0.7353
v 554.471436 549.917786 -66.387199 0.7353 0.7353 0.7353
v 560.959290 541.466858 -62.774403 0.7353 0.7353 0.7353
v 567.447144 533.015991 -59.161610 0.7353 0.7353 0.7353
v 573.934998 524.565063 -55.548813 0.7353 0.7353 0.7353
v 531.658325 598.887329 -85.280884 0.7353 0.7353 0.7353
v 537.759094 590.241577 -81.460663 0.7353 0.7353 0.7353
v 543.859863 581.595825 -77.640442 0.7353 0.7353 0.7353
v 549.960632 572.950073 -73.820213 0.7353 0.7353 0.7353
v 556.061401 564.304321 -69.999992 0.7353 0.7353 0.7353
v 562.162231 555.658569 -66.179771 0.7353 0.7353 0.7353
v 568.263000 547.012817 -62.359547 0.7353 0.7353 0.7353
v 574.363770 538.367126 -58.539322 0.7353 0.7353 0.7353
v 580.464539 529.721375 -54.719097 0.7353 0.7353 0.7353
v 547.951782 608.995728 -86.580551 0.7353 0.7353 0.7353
v 553.404297 600.071045 -82.435410 0.7353 0.7353 0.7353
v 558.856873 591.146362 -78.290268 0.7353 0.7353 0.7353
v 564.309387 582.221680 -74.145134 0.7353 0.7353 0.7353
v 569.761963 573.296997 -69.999992 0.7353 0.7353 0.7353
v 575.214478 564.372314 -65.854851 0.7353 0.7353 0.7353
v 580.667053 555.447632 -61.709713 0.7353 0.7353 0.7353
v 586.119568 546.522949 -57.564575 0.7353 0.7353 0.7353
v 591.572144 537.598267 -53.419437 0.7353 0.7353 0.7353
v 560.406128 615.768860 -87.479324 0.7353 0.7353 0.7353
v 565.372192 606.669128 -83.109497 0.7353 0.7353 0.7353
v 570.338257 597.569397 -78.739662 0.7353 0.7353 0.7353
v 575.304321 588.469666 -74.369827 0.7353 0.7353 0.7353
v 580.270386 579.369934 -69.999992 0.7353 0.7353 0.7353
v 585.236450 570.270142 -65.630157 0.7353 0.7353 0.7353
v 590.202515 561.170410 -61.260326 0.7353 0.7353 0.7353
v 595.168579 552.070679 -56.890495 0.7353 0.7353 0.7353
v 600.134644 542.970947 -52.520660 0.7353 0.7353 0.7353
v 577.906067 624.033936 -88.611305 0.7353 0.7353 0.7353
v 582.202942 614.736023 -83.958481 0.7353 0.7353 0.7353
v 586.499756 605.438171 -79.305649 0.7353 0.7353 0.7353
v 590.796631 596.140259 -74.652824 0.7353 0.7353 0.7353
v 595.093506 586.842407 -69.999992 0.7353 0.7353 0.7353
v 599.390320 577.544495 -65.347160 0.7353 0.7353 0.7353
v 603.687195 568.246582 -60.694336 0.7353 0.7353 0.7353
v 607.984070 558.948730 -56.041508 0.7353 0.7353 0.7353
v 612.280884 549.650818 -51.388680 0.7353 0.7353 0.7353
v 601.827271 633.186584 -89.936531 0.7353 0.7353 0.7353
v 605.239136 623.695496 -84.952400 0.7353 0.7353 0.7353
v 608.651001 614.204468 -79.968262 0.7353 0.7353 0.7353
v 612.062866 604.713379 -74.984131 0.7353 0.7353 0.7353
v 615.474731 595.222351 -69.999992 0.7353 0.7353 0.7353
v 618.886597 585.731262 -65.015854 0.7353 0.7353 0.7353
v 622.298401 576.240234 -60.031723 0.7353 0.7353 0.7353
v 625.710266 566.749146 -55.047588 0.7353 0.7353 0.7353
v 629.122131 557.258118 -50.063454 0.7353 0.7353 0.7353
v 618.512024 638.226624 -90.712845 0.7353 0.7353 0.7353
v 621.322327 628.642761 -85.534630 0.7353 0.7353 0.7353
v 624.132629 619.058838 -80.356415 0.7353 0.7353 0.7353
v 626.942932 609.474976 -75.178207 0.7353 0.7353 0.7353
v 629.753235 599.891113 -69.999992 0.7353 0.7353 0.7353
v 632.563538 590.307190 -64.821777 0.7353 0.7353 0.7353
v 635.373840 580.723328 -59.643566 0.7353 0.7353 0.7353
v 638.184143 571.139465 -54.465355 0.7353 0.7353 0.7353
v 640.994446 561.555542 -49.287144 0.7353 0.7353 0.7353
v 631.769348 641.498047 -91.232971 0.7353 0.7353 0.7353
v 634.108826 631.859009 -85.924721 0.7353 0.7353 0.7353
v 636.448303 622.219910 -80.616478 0.7353 0.7353 0.7353
v 638.787781 612.580811 -75.308235 0.7353 0.7353 0.7353
v 641.127258 602.941711 -69.999992 0.7353 0.7353 0.7353
v 643.466736 593.302673 -64.691750 0.7353 0.7353 0.7353
v 645.806213 583.663574 -59.383503 0.7353 0.7353 0.7353
v 648.145752 574.024475 -54.075260 0.7353 0.7353 0.7353
v 650.485229 564.385437 -48.767017 0.7353 0.7353 0.7353
v 648.587646 644.761841 -91.765846 0.7353 0.7353 0.7353
v 650.342102 635.072937 -86.324387 0.7353 0.7353 0.7353
v 652.096497 625.384033 -80.882919 0.7353 0.7353 0.7353
v 653.850891 615.695129 -75.441460 0.7353 0.7353 0.7353
v 655.605286 606.006226 -69.999992 0.7353 0.7353 0.7353
v 657.359741 596.317261 -64.558525 0.7353 0.7353 0.7353
v 659.114136 586.628357 -59.117065 0.7353 0.7353 0.7353
v 660.868530 576.939453 -53.675602 0.7353 0.7353 0.7353
v 662.622925 567.250549 -48.234138 0.7353 0.7353 0.7353
v 659.952759 646.428711 -92.044487 0.7353 0.7353 0.7353
v 661.316956 636.716370 -86.533363 0.7353 0.7353 0.7353
v 662.681091 627.004089 -81.022240 0.7353 0.7353 0.7353
v 664.045227 617.291748 -75.511116 0.7353 0.7353 0.7353
v 665.409363 607.579468 -69.999992 0.7353 0.7353 0.7353
v 666.773499 597.867126 -64.488869 0.7353 0.7353 0.7353
v 668.137634 588.154785 -58.977745 0.7353 0.7353 0.7353
v 669.501831 578.442505 -53.466621 0.7353 0.7353 0.7353
v 670.865967 568.730164 -47.955498 0.7353 0.7353 0.7353
v 680.868835 648.394043 -92.389542 0.7353 0.7353 0.7353
v 681.521912 638.657288 -86.792152 0.7353 0.7353 0.7353
v 682.175049 628.920471 -81.194763 0.7353 0.7353 0.7353
v 682.828125 619.183655 -75.597374 0.7353 0.7353 0.7353
v 683.481262 609.446899 -69.999985 0.7353 0.7353 0.7353
v 684.134399 599.710083 -64.402596 0.7353 0.7353 0.7353
v 684.787476 589.973267 -58.805206 0.7353 0.7353 0.7353
v 685.440613 580.236511 -53.207817 0.7353 0.7353 0.7353
v 686.093689 570.499695 -47.610428 0.7353 0.7353 0.7353
v 703.639709 648.950928 -92.495941 0.7353 0.7353 0.7353
v 703.521484 639.208313 -86.871948 0.7353 0.7353 0.7353
v 703.403198 629.465637 -81.247963 0.7353 0.7353 0.7353
v 703.284973 619.722961 -75.623970 0.7353 0.7353 0.7353
v 703.166748 609.980347 -69.999985 0.7353 0.7353 0.7353
v 703.048523 600.237671 -64.375999 0.7353 0.7353 0.7353
v 702.930237 590.495056 -58.752007 0.7353 0.7353 0.7353
v 702.812012 580.752380 -53.128017 0.7353 0.7353 0.7353
v 702.693787 571.009705 -47.504028 0.7353 0.7353 0.7353
v 722.356445 648.178040 -92.365044 0.7353 0.7353 0.7353
v 721.602722 638.445007 -86.773781 0.7353 0.7353 0.7353
v 720.848999 628.711914 -81.182510 0.7353 0.7353 0.7353
v 720.095215 618.978882 -75.591248 0.7353 0.7353 0.7353
v 719.341492 609.245850 -69.999985 0.7353 0.7353 0.7353
v 718.587769 599.512817 -64.408722 0.7353 0.7353 0.7353
v 717.834045 589.779785 -58.817455 0.7353 0.7353 0.7353
v 717.080322 580.046753 -53.226192 0.7353 0.7353 0.7353
v 716.326538 570.313660 -47.634926 0.7353 0.7353 0.7353
v 747.018982 645.440186 -91.913712 0.7353 0.7353 0.7353
v 745.420471 635.745117 -86.435280 0.7353 0.7353 0.7353
v 743.822021 626.050049 -80.956848 0.7353 0.7353 0.7353
v 742.223511 616.354980 -75.478416 0.7353 0.7353 0.7353
v 740.625061 606.659912 -69.999985 0.7353 0.7353 0.7353
v 739.026550 596.964905 -64.521553 0.7353 0.7353 0.7353
v 737.428101 587.269836 -59.043121 0.7353 0.7353 0.7353
v 735.829590 577.574768 -53.564690 0.7353 0.7353 0.7353
v 734.231140 567.879700 -48.086258 0.7353 0.7353 0.7353
v 758.419006 643.501160 -91.599846 0.7353 0.7353 0.7353
v 756.423157 633.835815 -86.199883 0.7353 0.7353 0.7353
v 754.427307 624.170410 -80.799919 0.7353 0.7353 0.7353
v 752.431458 614.505066 -75.399948 0.7353 0.7353 0.7353
v 750.435547 604.839661 -69.999985 0.7353 0.7353 0.7353
v 748.439697 595.174316 -64.600021 0.7353 0.7353 0.7353
v 746.443848 585.508911 -59.200054 0.7353 0.7353 0.7353
v 744.447998 575.843567 -53.800087 0.7353 0.7353 0.7353
v 742.452087 566.178162 -48.400124 0.7353 0.7353 0.7353
v 776.640015 639.488586 -90.956650 0.7353 0.7353 0.7353
v 774.000305 629.889343 -85.717484 0.7353 0.7353 0.7353
v 771.360596 620.290100 -80.478317 0.7353 0.7353 0.7353
v 768.720886 610.690796 -75.239151 0.7353 0.7353 0.7353
v 766.081177 601.091553 -69.999985 0.7353 0.7353 0.7353
v 763.441467 591.492310 -64.760818 0.7353 0.7353 0.7353
v 760.801758 581.893066 -59.521652 0.7353 0.7353 0.7353
v 758.162048 572.293823 -54.282486 0.7353 0.7353 0.7353
v 755.522339 562.694580 -49.043320 0.7353 0.7353 0.7353
v 793.431274 634.748779 -90.212234 0.7353 0.7353 0.7353
v 790.188049 625.235046 -85.159172 0.7353 0.7353 0.7353
v 786.944824 615.721313 -80.106110 0.7353 0.7353 0.7353
v 783.701660 606.207642 -75.053047 0.7353 0.7353 0.7353
v 780.458435 596.693909 -69.999985 0.7353 0.7353 0.7353
v 777.215210 587.180237 -64.946922 0.7353 0.7353 0.7353
v 773.971985 577.666504 -59.893860 0.7353 0.7353 0.7353
v 770.728760 568.152832 -54.840797 0.7353 0.7353 0.7353
v 767.485535 558.639099 -49.787735 0.7353 0.7353 0.7353
v 810.064087 628.999878 -89.335587 0.7353 0.7353 0.7353
v 806.211548 619.600220 -84.501686 0.7353 0.7353 0.7353
v 802.358948 610.200562 -79.667786 0.7353 0.7353 0.7353
v 798.506409 600.800903 -74.833885 0.7353 0.7353 0.7353
v 794.653870 591.401245 -69.999985 0.7353 0.7353 0.7353
v 790.801270 582.001587 -65.166084 0.7353 0.7353 0.7353
v 786.948730 572.601929 -60.332184 0.7353 0.7353 0.7353
v 783.096191 563.202271 -55.498283 0.7353 0.7353 0.7353
v 779.243591 553.802612 -50.664383 0.7353 0.7353 0.7353
v 821.620667 624.339111 -88.652344 0.7353 0.7353 0.7353
v 817.339478 615.039124 -83.989250 0.7353 0.7353 0.7353
v 813.058289 605.739197 -79.326164 0.7353 0.7353 0.7353
v 808.777039 596.439209 -74.663071 0.7353 0.7353 0.7353
v 804.495850 587.139221 -69.999985 0.7353 0.7353 0.7353
v 800.214600 577.839294 -65.336899 0.7353 0.7353 0.7353
v 795.933411 568.539307 -60.673805 0.7353 0.7353 0.7353
v 791.652161 559.239380 -56.010715 0.7353 0.7353 0.7353
v 787.370972 549.939392 -51.347630 0.7353 0.7353 0.7353
v 839.030884 616.194031 -87.514145 0.7353 0.7353 0.7353
v 834.090698 607.084412 -83.135605 0.7353 0.7353 0.7353
v 829.150452 597.974792 -78.757065 0.7353 0.7353 0.7353
v 824.210266 588.865173 -74.378525 0.7353 0.7353 0.7353
v 819.270081 579.755554 -69.999985 0.7353 0.7353 0.7353
v 814.329834 570.645935 -65.621445 0.7353 0.7353 0.7353
v 809.389648 561.536316 -61.242905 0.7353 0.7353 0.7353
v 804.449402 552.426697 -56.864365 0.7353 0.7353 0.7353
v 799.509216 543.317078 -52.485825 0.7353 0.7353 0.7353
v 849.775635 610.440247 -86.746887 0.7353 0.7353 0.7353
v 844.420044 601.476318 -82.560158 0.7353 0.7353 0.7353
v 839.064514 592.512390 -78.373436 0.7353 0.7353 0.7353
v 833.708923 583.548523 -74.186707 0.7353 0.7353 0.7353
v 828.353333 574.584595 -69.999985 0.7353 0.7353 0.7353
v 822.997803 565.620667 -65.813263 0.7353 0.7353 0.7353
v 817.642212 556.656738 -61.626534 0.7353 0.7353 0.7353
v 812.286682 547.692810 -57.439812 0.7353 0.7353 0.7353
v 806.931091 538.728943 -53.253086 0.7353 0.7353 0.7353
v 865.725525 600.774902 -85.505531 0.7353 0.7353 0.7353
v 859.741455 592.072754 -81.629143 0.7353 0.7353 0.7353
v 853.757385 583.370605 -77.752754 0.7353 0.7353 0.7353
v 847.773376 574.668457 -73.876373 0.7353 0.7353 0.7353
v 841.789307 565.966309 -69.999985 0.7353 0.7353 0.7353
v 835.805237 557.264221 -66.123596 0.7353 0.7353 0.7353
v 829.821167 548.562073 -62.247211 0.7353 0.7353 0.7353
v 823.837158 539.859924 -58.370827 0.7353 0.7353 0.7353
v 817.853088 531.157776 -54.494438 0.7353 0.7353 0.7353
v 875.579956 594.063843 -84.672821 0.7353 0.7353 0.7353
v 869.201050 585.554016 -81.004616 0.7353 0.7353 0.7353
v 862.822205 577.044250 -77.336403 0.7353 0.7353 0.7353
v 856.443298 568.534424 -73.668198 0.7353 0.7353 0.7353
v 850.064453 560.024658 -69.999985 0.7353 0.7353 0.7353
v 843.685547 551.514832 -66.331772 0.7353 0.7353 0.7353
v 837.306702 543.005066 -62.663567 0.7353 0.7353 0.7353
v 830.927795 534.495239 -58.995358 0.7353 0.7353 0.7353
v 824.548950 525.985413 -55.327148 0.7353 0.7353 0.7353
v 890.579590 582.612122 -83.319321 0.7353 0.7353 0.7353
v 883.593933 574.446655 -79.989487 0.7353 0.7353 0.7353
v 876.608276 566.281189 -76.659653 0.7353 0.7353 0.7353
v 869.622620 558.115662 -73.329819 0.7353 0.7353 0.7353
v 862.636963 549.950195 -69.999985 0.7353 0.7353 0.7353
v 855.651245 541.784729 -66.670151 0.7353 0.7353 0.7353
v 848.665588 533.619263 -63.340317 0.7353 0.7353 0.7353
v 841.679932 525.453735 -60.010483 0.7353 0.7353 0.7353
v 834.694275 517.288269 -56.680649 0.7353 0.7353 0.7353
v 899.812988 574.728394 -82.432678 0.7353 0.7353 0.7353
v 892.450073 566.810730 -79.324501 0.7353 0.7353 0.7353
v 885.087158 558.893127 -76.216331 0.7353 0.7353 0.7353
v 877.724243 550.975464 -73.108154 0.7353 0.7353 0.7353
v 870.361328 543.057800 -69.999985 0.7353 0.7353 0.7353
v 862.998413 535.140137 -66.891815 0.7353 0.7353 0.7353
v 855.635559 527.222473 -63.783638 0.7353 0.7353 0.7353
v 848.272644 519.304810 -60.675468 0.7353 0.7353 0.7353
v 840.909729 511.387177 -57.567295 0.7353 0.7353 0.7353
v 914.902710 560.242126 -80.881760 0.7353 0.7353 0.7353
v 906.918945 552.797546 -78.161316 0.7353 0.7353 0.7353
v 898.935181 545.353027 -75.440872 0.7353 0.7353 0.7353
v 890.951416 537.908508 -72.720421 0.7353 0.7353 0.7353
v 882.967651 530.463989 -69.999977 0.7353 0.7353 0.7353
v 874.983887 523.019409 -67.279533 0.7353 0.7353 0.7353
v 867.000122 515.574890 -64.559082 0.7353 0.7353 0.7353
v 859.016357 508.130341 -61.838638 0.7353 0.7353 0.7353
v 851.032593 500.685822 -59.118191 0.7353 0.7353 0.7353
v 935.587524 536.299805 -78.550903 0.7353 0.7353 0.7353
v 926.746948 529.678894 -76.413177 0.7353 0.7353 0.7353
v 917.906372 523.057922 -74.275444 0.7353 0.7353 0.7353
v 909.065796 516.437012 -72.137711 0.7353 0.7353 0.7353
v 900.225220 509.816101 -69.999977 0.7353 0.7353 0.7353
v 891.384583 503.195160 -67.862244 0.7353 0.7353 0.7353
v 882.544006 496.574249 -65.724510 0.7353 0.7353 0.7353
v 873.703430 489.953308 -63.586781 0.7353 0.7353 0.7353
v 864.862854 483.332397 -61.449047 0.7353 0.7353 0.7353
v 950.731750 514.621216 -76.676666 0.7353 0.7353 0.7353
v 941.263916 508.778503 -75.007492 0.7353 0.7353 0.7353
v 931.796143 502.935822 -73.338326 0.7353 0.7353 0.7353
v 922.328369 497.093109 -71.669151 0.7353 0.7353 0.7353
v 912.860535 491.250397 -69.999985 0.7353 0.7353 0.7353
v 903.392761 485.407684 -68.330818 0.7353 0.7353 0.7353
v 893.924927 479.565002 -66.661644 0.7353 0.7353 0.7353
v 884.457153 473.722290 -64.992477 0.7353 0.7353 0.7353
v 874.989380 467.879578 -63.323307 0.7353 0.7353 0.7353
v 959.669128 499.439850 -75.495392 0.7353 0.7353 0.7353
v 949.833374 494.154694 -74.121536 0.7353 0.7353 0.7353
v 939.997620 488.869568 -72.747688 0.7353 0.7353 0.7353
v 930.161865 483.584412 -71.373833 0.7353 0.7353 0.7353
v 920.326111 478.299255 -69.999977 0.7353 0.7353 0.7353
v 910.490356 473.014130 -68.626122 0.7353 0.7353 0.7353
v 900.654602 467.728973 -67.252266 0.7353 0.7353 0.7353
v 890.818787 462.443817 -65.878418 0.7353 0.7353 0.7353
v 880.983032 457.158691 -64.504562 0.7353 0.7353 0.7353
v 965.724792 487.742798 -74.658226 0.7353 0.7353 0.7353
v 955.641418 482.891846 -73.493668 0.7353 0.7353 0.7353
v 945.558044 478.040894 -72.329102 0.7353 0.7353 0.7353
v 935.474670 473.189941 -71.164543 0.7353 0.7353 0.7353
v 925.391296 468.338989 -69.999977 0.7353 0.7353 0.7353
v 915.307922 463.488037 -68.835411 0.7353 0.7353 0.7353
v 905.224548 458.637085 -67.670853 0.7353 0.7353 0.7353
v 895.141174 453.786133 -66.506287 0.7353 0.7353 0.7353
v 885.057800 448.935181 -65.341728 0.7353 0.7353 0.7353
v 972.992798 471.614471 -73.597061 0.7353 0.7353 0.7353
v 962.614075 467.367584 -72.697792 0.7353 0.7353 0.7353
v 952.235352 463.120667 -71.798515 0.7353 0.7353 0.7353
v 941.856689 458.873749 -70.899246 0.7353 0.7353 0.7353
v 931.477966 454.626831 -69.999977 0.7353 0.7353 0.7353
v 921.099243 450.379913 -69.100708 0.7353 0.7353 0.7353
v 910.720581 446.132996 -68.201439 0.7353 0.7353 0.7353
v 900.341858 441.886078 -67.302162 0.7353 0.7353 0.7353
v 889.963135 437.639160 -66.402893 0.7353 0.7353 0.7353
v 979.890503 453.187866 -72.537430 0.7353 0.7353 0.7353
v 969.234802 449.636047 -71.903069 0.7353 0.7353 0.7353
v 958.579041 446.084229 -71.268707 0.7353 0.7353 0.7353
v 947.923340 442.532410 -70.634338 0.7353 0.7353 0.7353
v 937.267578 438.980560 -69.999977 0.7353 0.7353 0.7353
v 926.611877 435.428741 -69.365616 0.7353 0.7353 0.7353
v 915.956116 431.876923 -68.731247 0.7353 0.7353 0.7353
v 905.300415 428.325104 -68.096886 0.7353 0.7353 0.7353
v 894.644653 424.773285 -67.462524 0.7353 0.7353 0.7353
v 984.973450 436.393799 -71.719193 0.7353 0.7353 0.7353
v 974.115784 433.480286 -71.289391 0.7353 0.7353 0.7353
v 963.258057 430.566772 -70.859589 0.7353 0.7353 0.7353
v 952.400391 427.653259 -70.429787 0.7353 0.7353 0.7353
v 941.542725 424.739746 -69.999985 0.7353 0.7353 0.7353
v 930.685059 421.826233 -69.570175 0.7353 0.7353 0.7353
v 919.827393 418.912720 -69.140373 0.7353 0.7353 0.7353
v 908.969666 415.999207 -68.710571 0.7353 0.7353 0.7353
v 898.112000 413.085693 -68.280769 0.7353 0.7353 0.7353
v 989.780884 415.608734 -70.920700 0.7353 0.7353 0.7353
v 978.735046 413.487885 -70.690521 0.7353 0.7353 0.7353
v 967.689148 411.367004 -70.460335 0.7353 0.7353 0.7353
v 956.643250 409.246155 -70.230156 0.7353 0.7353 0.7353
v 945.597351 407.125305 -69.999977 0.7353 0.7353 0.7353
v 934.551514 405.004456 -69.769798 0.7353 0.7353 0.7353
v 923.505615 402.883606 -69.539619 0.7353 0.7353 0.7353
v 912.459717 400.762726 -69.309433 0.7353 0.7353 0.7353
v 901.413879 398.641876 -69.079254 0.7353 0.7353 0.7353
v 992.553894 398.593689 -70.447716 0.7353 0.7353 0.7353
v 981.401001 397.122772 -70.335785 0.7353 0.7353 0.7353
v 970.248108 395.651855 -70.223846 0.7353 0.7353 0.7353
v 959.095276 394.180969 -70.111916 0.7353 0.7353 0.7353
v 947.942383 392.710052 -69.999977 0.7353 0.7353 0.7353
v 936.789551 391.239136 -69.888046 0.7353 0.7353 0.7353
v 925.636658 389.768250 -69.776108 0.7353 0.7353 0.7353
v 914.483826 388.297333 -69.664177 0.7353 0.7353 0.7353
v 903.330933 386.826416 -69.552238 0.7353 0.7353 0.7353
v 994.152893 383.651917 -70.169182 0.7353 0.7353 0.7353
v 982.939026 382.751587 -70.126884 0.7353 0.7353 0.7353
v 971.725220 381.851227 -70.084579 0.7353 0.7353 0.7353
v 960.511353 380.950867 -70.042282 0.7353 0.7353 0.7353
v 949.297546 380.050537 -69.999977 0.7353 0.7353 0.7353
v 938.083679 379.150177 -69.957672 0.7353 0.7353 0.7353
v 926.869873 378.249847 -69.915375 0.7353 0.7353 0.7353
v 915.656006 377.349487 -69.873070 0.7353 0.7353 0.7353
v 904.442200 376.449158 -69.830772 0.7353 0.7353 0.7353
v 995.070740 364.186768 -70.010178 0.7353 0.7353 0.7353
v 983.821899 364.027649 -70.007629 0.7353 0.7353 0.7353
v 972.572998 363.868561 -70.005074 0.7353 0.7353 0.7353
v 961.324158 363.709442 -70.002525 0.7353 0.7353 0.7353
v 950.075256 363.550354 -69.999977 0.7353 0.7353 0.7353
v 938.826416 363.391266 -69.997429 0.7353 0.7353 0.7353
v 927.577515 363.232147 -69.994881 0.7353 0.7353 0.7353
v 916.328674 363.073059 -69.992325 0.7353 0.7353 0.7353
v 905.079773 362.913971 -69.989777 0.7353 0.7353 0.7353
v 995.114258 360.000000 -69.999977 0.7353 0.7353 0.7353
v 983.864258 360.000000 -69.999977 0.7353 0.7353 0.7353
v 972.614258 360.000000 -69.999977 0.7353 0.7353 0.7353
v 961.364258 360.000000 -69.999977 0.7353 0.7353 0.7353
v 950.114258 360.000000 -69.999977 0.7353 0.7353 0.7353
v 938.864258 360.000000 -69.999977 0.7353 0.7353 0.7353
v 927.614258 360.000000 -69.999977 0.7353 0.7353 0.7353
v 916.364258 360.000000 -69.999977 0.7353 0.7353 0.7353
v 905.114258 360.000000 -69.999977 0.7353 0.7353 0.7353
v 495.114258 359.995728 -70.000000 0.9063 0.9063 0.9063
v 495.114258 360.059601 -89.999901 0.9063 0.9063 0.9063
v 527.582886 471.751556 -62.888218 0.9063 0.9063 0.9063
v 531.320923 471.736481 -82.535782 0.9063 0.9063 0.9063
v 534.047302 481.496338 -61.692719 0.9063 0.9063 0.9063
v 538.249817 481.020477 -81.240410 0.9063 0.9063 0.9063
v 541.706299 491.751587 -60.352791 0.9063 0.9063 0.9063
v 546.362732 490.683044 -79.773811 0.9063 0.9063 0.9063
v 551.116516 502.839905 -58.813477 0.9063 0.9063 0.9063
v 556.192993 500.993530 -78.070175 0.9063 0.9063 0.9063
v 559.912292 511.977081 -57.481567 0.9063 0.9063 0.9063
v 565.254089 509.380615 -76.579308 0.9063 0.9063 0.9063
v 573.934998 524.565063 -55.548813 0.9063 0.9063 0.9063
v 579.496155 520.782288 -74.384010 0.9063 0.9063 0.9063
v 580.464539 529.721375 -54.719097 0.9063 0.9063 0.9063
v 586.056824 525.400391 -73.428864 0.9063 0.9063 0.9063
v 591.572144 537.598267 -53.419437 0.9063 0.9063 0.9063
v 597.071289 532.364075 -71.922485 0.9063 0.9063 0.9063
v 600.134644 542.970947 -52.520660 0.9063 0.9063 0.9063
v 605.470398 537.070923 -70.870590 0.9063 0.9063 0.9063
v 612.280884 549.650818 -51.388680 0.9063 0.9063 0.9063
v 617.282532 542.882996 -69.532005 0.9063 0.9063 0.9063
v 629.122131 557.258118 -50.063454 0.9063 0.9063 0.9063
v 633.498901 549.441284 -67.944763 0.9063 0.9063 0.9063
v 640.994446 561.555542 -49.287144 0.9063 0.9063 0.9063
v 644.806335 553.099609 -67.006241 0.9063 0.9063 0.9063
v 650.485229 564.385437 -48.767017 0.9063 0.9063 0.9063
v 653.770081 555.486328 -66.374290 0.9063 0.9063 0.9063
v 662.622925 567.250549 -48.234138 0.9063 0.9063 0.9063
v 665.174927 557.890381 -65.723404 0.9063 0.9063 0.9063
v 670.865967 568.730164 -47.955498 0.9063 0.9063 0.9063
v 672.893921 559.126892 -65.381462 0.9063 0.9063 0.9063
v 686.093689 570.499695 -47.610428 0.9063 0.9063 0.9063
v 687.109192 560.596069 -64.956520 0.9063 0.9063 0.9063
v 702.693787 571.009705 -47.504028 0.9063 0.9063 0.9063
v 702.502625 561.013184 -64.825470 0.9063 0.9063 0.9063
v 716.326538 570.313660 -47.634926 0.9063 0.9063 0.9063
v 715.171265 560.435242 -64.986633 0.9063 0.9063 0.9063
v 734.231140 567.879700 -48.086258 0.9063 0.9063 0.9063
v 731.890198 558.402039 -65.541733 0.9063 0.9063 0.9063
v 742.452087 566.178162 -48.400124 0.9063 0.9063 0.9063
v 739.585754 556.978577 -65.925858 0.9063 0.9063 0.9063
v 755.522339 562.694580 -49.043320 0.9063 0.9063 0.9063
v 751.904419 554.046936 -66.710487 0.9063 0.9063 0.9063
v 767.485535 558.639099 -49.787735 0.9063 0.9063 0.9063
v 763.253174 550.614929 -67.611855 0.9063 0.9063 0.9063
v 779.243591 553.802612 -50.664383 0.9063 0.9063 0.9063
v 774.502869 546.488525 -68.665192 0.9063 0.9063 0.9063
v 787.370972 549.939392 -51.347630 0.9063 0.9063 0.9063
v 782.368958 543.149109 -69.482445 0.9063 0.9063 0.9063
v 799.509216 543.317078 -52.485825 0.9063 0.9063 0.9063
v 794.186523 537.386597 -70.829727 0.9063 0.9063 0.9063
v 806.931091 538.728943 -53.253086 0.9063 0.9063 0.9063
v 801.469299 533.362549 -71.729301 0.9063 0.9063 0.9063
v 817.853088 531.157776 -54.494438 0.9063 0.9063 0.9063
v 812.281311 526.669739 -73.170967 0.9063 0.9063 0.9063
v 824.548950 525.985413 -55.327148 0.9063 0.9063 0.9063
v 818.975342 522.058655 -74.129143 0.9063 0.9063 0.9063
v 834.694275 517.288269 -56.680649 0.9063 0.9063 0.9063
v 829.237122 514.211487 -75.674149 0.9063 0.9063 0.9063
v 840.909729 511.387177 -57.567295 0.9063 0.9063 0.9063
v 835.586853 508.835602 -76.676361 0.9063 0.9063 0.9063
v 851.032593 500.685822 -59.118191 0.9063 0.9063 0.9063
v 846.038818 498.991333 -78.410454 0.9063 0.9063 0.9063
v 864.862854 483.332397 -61.449047 0.9063 0.9063 0.9063
v 860.577637 482.749481 -80.975883 0.9063 0.9063 0.9063
v 874.989380 467.879578 -63.323307 0.9063 0.9063 0.9063
v 871.436523 468.014099 -83.004745 0.9063 0.9063 0.9063
v 880.983032 457.158691 -64.504562 0.9063 0.9063 0.9063
v 877.954773 457.657013 -84.267693 0.9063 0.9063 0.9063
v 885.057800 448.935181 -65.341728 0.9063 0.9063 0.9063
v 882.422424 449.656769 -85.154205 0.9063 0.9063 0.9063
v 889.963135 437.639160 -66.402893 0.9063 0.9063 0.9063
v 887.868225 438.551605 -86.271935 0.9063 0.9063 0.9063
v 894.644653 424.773285 -67.462524 0.9063 0.9063 0.9063
v 893.121582 425.785583 -87.378731 0.9063 0.9063 0.9063
v 898.112000 413.085693 -68.280769 0.9063 0.9063 0.9063
v 897.059875 414.063904 -88.229103 0.9063 0.9063 0.9063
v 901.413879 398.641876 -69.079254 0.9063 0.9063 0.9063
v 900.839600 399.464935 -89.054062 0.9063 0.9063 0.9063
v 903.330933 386.826416 -69.552238 0.9063 0.9063 0.9063
v 903.049561 387.438721 -89.540886 0.9063 0.9063 0.9063
v 904.442200 376.449158 -69.830772 0.9063 0.9063 0.9063
v 904.335266 376.841766 -89.826630 0.9063 0.9063 0.9063
v 905.079773 362.913971 -69.989777 0.9063 0.9063 0.9063
v 905.074219 362.985596 -89.989647 0.9063 0.9063 0.9063
v 905.114258 360.000000 -69.999977 0.9063 0.9063 0.9063
v 905.114258 360.000000 -89.999977 0.9063 0.9063 0.9063
v 405.114258 360.004333 -70.000000 0.9063 0.9063 0.9063
v 405.114258 359.960144 -89.999954 0.9063 0.9063 0.9063
v 453.017181 520.100769 -77.111786 0.9063 0.9063 0.9063
v 454.893127 517.198669 -96.810997 0.9063 0.9063 0.9063
v 462.683716 533.757202 -78.307281 0.9063 0.9063 0.9063
v 464.785126 530.394592 -97.910271 0.9063 0.9063 0.9063
v 474.137390 547.984802 -79.647202 0.9063 0.9063 0.9063
v 476.452911 544.083679 -99.125893 0.9063 0.9063 0.9063
v 488.191559 563.171448 -81.186523 0.9063 0.9063 0.9063
v 490.704163 558.629517 -100.501221 0.9063 0.9063 0.9063
v 501.277649 575.499756 -82.518433 0.9063 0.9063 0.9063
v 503.910156 570.380493 -101.672096 0.9063 0.9063 0.9063
v 522.032166 592.172363 -84.451172 0.9063 0.9063 0.9063
v 524.736572 586.174377 -103.337952 0.9063 0.9063 0.9063
v 531.658325 598.887329 -85.280884 0.9063 0.9063 0.9063
v 534.344116 592.493591 -104.040054 0.9063 0.9063 0.9063
v 547.951782 608.995728 -86.580551 0.9063 0.9063 0.9063
v 550.585266 601.990417 -105.127518 0.9063 0.9063 0.9063
v 560.406128 615.768860 -87.479324 0.9063 0.9063 0.9063
v 562.954895 608.329163 -105.868309 0.9063 0.9063 0.9063
v 577.906067 624.033936 -88.611305 0.9063 0.9063 0.9063
v 580.268921 616.030396 -106.787117 0.9063 0.9063 0.9063
v 601.827271 633.186584 -89.936531 0.9063 0.9063 0.9063
v 603.828552 624.503235 -107.841705 0.9063 0.9063 0.9063
v 618.512024 638.226624 -90.712845 0.9063 0.9063 0.9063
v 620.215942 629.143127 -108.449432 0.9063 0.9063 0.9063
v 631.769348 641.498047 -91.232971 0.9063 0.9063 0.9063
v 633.221680 632.147339 -108.852707 0.9063 0.9063 0.9063
v 648.587646 644.761841 -91.765846 0.9063 0.9063 0.9063
v 649.699890 635.136963 -109.262253 0.9063 0.9063 0.9063
v 659.952759 646.428711 -92.044487 0.9063 0.9063 0.9063
v 660.822021 636.660156 -109.474907 0.9063 0.9063 0.9063
v 680.868835 648.394043 -92.389542 0.9063 0.9063 0.9063
v 681.270996 638.448608 -109.736786 0.9063 0.9063 0.9063
v 703.639709 648.950928 -92.495941 0.9063 0.9063 0.9063
v 703.558105 638.953003 -109.817451 0.9063 0.9063 0.9063
v 722.356445 648.178040 -92.365044 0.9063 0.9063 0.9063
v 721.856384 638.247864 -109.718483 0.9063 0.9063 0.9063
v 747.018982 645.440186 -91.913712 0.9063 0.9063 0.9063
v 745.979187 635.744446 -109.375427 0.9063 0.9063 0.9063
v 758.419006 643.501160 -91.599846 0.9063 0.9063 0.9063
v 757.155884 633.965393 -109.134766 0.9063 0.9063 0.9063
v 776.640015 639.488586 -90.956650 0.9063 0.9063 0.9063
v 775.026672 630.281860 -108.638107 0.9063 0.9063 0.9063
v 793.431274 634.748779 -90.212234 0.9063 0.9063 0.9063
v 791.532104 625.918457 -108.056526 0.9063 0.9063 0.9063
v 810.064087 628.999878 -89.335587 0.9063 0.9063 0.9063
v 807.913391 620.610474 -107.363129 0.9063 0.9063 0.9063
v 821.620667 624.339111 -88.652344 0.9063 0.9063 0.9063
v 819.292236 616.302551 -106.818031 0.9063 0.9063 0.9063
v 839.030884 616.194031 -87.514145 0.9063 0.9063 0.9063
v 836.500305 608.731079 -105.896202 0.9063 0.9063 0.9063
v 849.775635 610.440247 -86.746887 0.9063 0.9063 0.9063
v 847.154724 603.356567 -105.265854 0.9063 0.9063 0.9063
v 865.725525 600.774902 -85.505531 0.9063 0.9063 0.9063
v 863.032288 594.285706 -104.230827 0.9063 0.9063 0.9063
v 875.579956 594.063843 -84.672821 0.9063 0.9063 0.9063
v 872.876282 587.963318 -103.526840 0.9063 0.9063 0.9063
v 890.579590 582.612122 -83.319321 0.9063 0.9063 0.9063
v 887.895813 577.140198 -102.368073 0.9063 0.9063 0.9063
v 899.812988 574.728394 -82.432678 0.9063 0.9063 0.9063
v 897.177612 569.655457 -101.598267 0.9063 0.9063 0.9063
v 914.902710 560.242126 -80.881760 0.9063 0.9063 0.9063
v 912.415222 555.838745 -100.231766 0.9063 0.9063 0.9063
v 935.587524 536.299805 -78.550903 0.9063 0.9063 0.9063
v 933.435913 532.850098 -98.133301 0.9063 0.9063 0.9063
v 950.731750 514.621216 -76.676666 0.9063 0.9063 0.9063
v 948.939209 511.889008 -96.407906 0.9063 0.9063 0.9063
v 959.669128 499.439850 -75.495392 0.9063 0.9063 0.9063
v 958.140137 497.136353 -95.303375 0.9063 0.9063 0.9063
v 965.724792 487.742798 -74.658226 0.9063 0.9063 0.9063
v 964.404846 485.720337 -94.511879 0.9063 0.9063 0.9063
v 972.992798 471.614471 -73.597061 0.9063 0.9063 0.9063
v 971.946960 469.955811 -93.500702 0.9063 0.9063 0.9063
v 979.890503 453.187866 -72.537430 0.9063 0.9063 0.9063
v 979.139221 451.880005 -92.480476 0.9063 0.9063 0.9063
v 984.973450 436.393799 -71.719193 0.9063 0.9063 0.9063
v 984.455383 435.378937 -91.686707 0.9063 0.9063 0.9063
v 989.780884 415.608734 -70.920700 0.9063 0.9063 0.9063
v 989.499329 414.906158 -90.906372 0.9063 0.9063 0.9063
v 992.553894 398.593689 -70.447716 0.9063 0.9063 0.9063
v 992.415161 398.123993 -90.441719 0.9063 0.9063 0.9063
v 994.152893 383.651917 -70.169182 0.9063 0.9063 0.9063
v 994.100159 383.368683 -90.167107 0.9063 0.9063 0.9063
v 995.070740 364.186768 -70.010178 0.9063 0.9063 0.9063
v 995.066956 364.136810 -90.010117 0.9063 0.9063 0.9063
v 995.114258 360.000000 -69.999977 0.9063 0.9063 0.9063
v 995.114258 360.000000 -89.999977 0.9063 0.9063 0.9063
vn -0.0000 -0.0022 -1.0000
vn 0.0938 -0.1451 -0.9850
vn 0.1024 -0.1321 -0.9859
vn -0.0000 -0.0017 -1.0000
vn 0.1116 -0.1180 -0.9867
vn -0.0000 -0.0012 -1.0000
vn 0.1217 -0.1027 -0.9872
vn -0.0000 -0.0006 -1.0000
vn 0.1326 -0.0860 -0.9874
vn -0.0000 -0.0000 -1.0000
vn 0.1444 -0.0676 -0.9872
vn -0.0000 0.0007 -1.0000
vn 0.1573 -0.0475 -0.9864
vn -0.0000 0.0020 -1.0000
vn 0.1715 -0.0253 -0.9849
vn -0.0000 0.0023 -1.0000
vn 0.1869 -0.0008 -0.9824
vn -0.0000 0.0032 -1.0000
vn 0.1051 -0.1681 -0.9801
vn 0.1148 -0.1552 -0.9812
vn 0.1253 -0.1412 -0.9820
vn 0.1366 -0.1258 -0.9826
vn 0.1490 -0.1091 -0.9828
vn 0.1623 -0.0907 -0.9826
vn 0.1769 -0.0705 -0.9817
vn 0.1928 -0.0484 -0.9800
vn 0.2101 -0.0238 -0.9774
vn 0.1158 -0.1951 -0.9739
vn 0.1267 -0.1824 -0.9750
vn 0.1384 -0.1686 -0.9759
vn 0.1511 -0.1536 -0.9765
vn 0.1648 -0.1371 -0.9767
vn 0.1797 -0.1192 -0.9765
vn 0.1959 -0.0993 -0.9756
vn 0.2136 -0.0775 -0.9738
vn 0.2328 -0.0534 -0.9711
vn 0.1256 -0.2271 -0.9657
vn 0.1376 -0.2151 -0.9669
vn 0.1504 -0.2019 -0.9678
vn 0.1644 -0.1877 -0.9684
vn 0.1794 -0.1720 -0.9686
vn 0.1958 -0.1549 -0.9683
vn 0.2135 -0.1361 -0.9674
vn 0.2328 -0.1153 -0.9657
vn 0.2538 -0.0923 -0.9628
vn 0.1317 -0.2560 -0.9577
vn 0.1443 -0.2447 -0.9588
vn 0.1579 -0.2325 -0.9597
vn 0.1726 -0.2191 -0.9603
vn 0.1886 -0.2045 -0.9605
vn 0.2058 -0.1884 -0.9603
vn 0.2246 -0.1708 -0.9594
vn 0.2449 -0.1514 -0.9577
vn 0.2671 -0.1298 -0.9549
vn 0.1352 -0.2999 -0.9443
vn 0.1486 -0.2901 -0.9454
vn 0.1630 -0.2794 -0.9462
vn 0.1785 -0.2678 -0.9468
vn 0.1953 -0.2549 -0.9470
vn 0.2135 -0.2409 -0.9468
vn 0.2332 -0.2253 -0.9460
vn 0.2547 -0.2082 -0.9443
vn 0.2780 -0.1891 -0.9418
vn 0.1343 -0.3197 -0.9380
vn 0.1479 -0.3105 -0.9390
vn 0.1626 -0.3006 -0.9398
vn 0.1784 -0.2896 -0.9404
vn 0.1955 -0.2777 -0.9406
vn 0.2140 -0.2645 -0.9403
vn 0.2341 -0.2500 -0.9395
vn 0.2559 -0.2339 -0.9380
vn 0.2796 -0.2160 -0.9355
vn 0.1317 -0.3503 -0.9273
vn 0.1451 -0.3425 -0.9283
vn 0.1595 -0.3340 -0.9290
vn 0.1751 -0.3247 -0.9295
vn 0.1920 -0.3145 -0.9296
vn 0.2102 -0.3033 -0.9294
vn 0.2300 -0.2909 -0.9287
vn 0.2515 -0.2771 -0.9273
vn 0.2749 -0.2617 -0.9252
vn 0.1274 -0.3720 -0.9194
vn 0.1405 -0.3652 -0.9203
vn 0.1546 -0.3579 -0.9209
vn 0.1697 -0.3498 -0.9213
vn 0.1861 -0.3409 -0.9215
vn 0.2039 -0.3312 -0.9213
vn 0.2231 -0.3204 -0.9206
vn 0.2440 -0.3084 -0.9194
vn 0.2668 -0.2950 -0.9175
vn 0.1181 -0.4002 -0.9088
vn 0.1306 -0.3948 -0.9095
vn 0.1439 -0.3889 -0.9100
vn 0.1583 -0.3824 -0.9103
vn 0.1738 -0.3753 -0.9105
vn 0.1906 -0.3674 -0.9103
vn 0.2088 -0.3588 -0.9098
vn 0.2286 -0.3491 -0.9088
vn 0.2501 -0.3384 -0.9072
vn 0.1001 -0.4342 -0.8953
vn 0.1113 -0.4304 -0.8958
vn 0.1233 -0.4263 -0.8961
vn 0.1363 -0.4218 -0.8964
vn 0.1502 -0.4168 -0.8965
vn 0.1653 -0.4113 -0.8964
vn 0.1817 -0.4052 -0.8960
vn 0.1995 -0.3984 -0.8952
vn 0.2188 -0.3908 -0.8941
vn 0.0852 -0.4542 -0.8868
vn 0.0952 -0.4514 -0.8872
vn 0.1058 -0.4485 -0.8875
vn 0.1173 -0.4452 -0.8877
vn 0.1297 -0.4416 -0.8878
vn 0.1431 -0.4377 -0.8877
vn 0.1576 -0.4332 -0.8874
vn 0.1734 -0.4283 -0.8868
vn 0.1906 -0.4228 -0.8860
vn 0.0726 -0.4675 -0.8810
vn 0.0813 -0.4656 -0.8813
vn 0.0905 -0.4635 -0.8815
vn 0.1005 -0.4611 -0.8816
vn 0.1114 -0.4585 -0.8817
vn 0.1229 -0.4557 -0.8816
vn 0.1356 -0.4525 -0.8814
vn 0.1492 -0.4489 -0.8810
vn 0.1642 -0.4450 -0.8804
vn 0.0556 -0.4812 -0.8748
vn 0.0624 -0.4801 -0.8750
vn 0.0697 -0.4788 -0.8751
vn 0.0776 -0.4775 -0.8752
vn 0.0860 -0.4760 -0.8752
vn 0.0952 -0.4743 -0.8752
vn 0.1051 -0.4724 -0.8751
vn 0.1158 -0.4704 -0.8748
vn 0.1276 -0.4680 -0.8745
vn 0.0435 -0.4885 -0.8715
vn 0.0489 -0.4877 -0.8716
vn 0.0548 -0.4869 -0.8717
vn 0.0612 -0.4861 -0.8718
vn 0.0679 -0.4851 -0.8718
vn 0.0753 -0.4841 -0.8718
vn 0.0832 -0.4829 -0.8717
vn 0.0919 -0.4816 -0.8715
vn 0.1014 -0.4802 -0.8713
vn 0.0201 -0.4973 -0.8674
vn 0.0230 -0.4971 -0.8674
vn 0.0261 -0.4969 -0.8674
vn 0.0294 -0.4966 -0.8675
vn 0.0330 -0.4964 -0.8675
vn 0.0369 -0.4962 -0.8674
vn 0.0412 -0.4959 -0.8674
vn 0.0458 -0.4956 -0.8674
vn 0.0508 -0.4952 -0.8673
vn -0.0041 -0.4999 -0.8661
vn -0.0045 -0.4998 -0.8661
vn -0.0051 -0.4999 -0.8661
vn -0.0058 -0.4999 -0.8661
vn -0.0064 -0.4999 -0.8661
vn -0.0071 -0.4999 -0.8661
vn -0.0079 -0.4999 -0.8661
vn -0.0087 -0.4998 -0.8661
vn -0.0095 -0.4998 -0.8661
vn -0.0250 -0.4965 -0.8677
vn -0.0281 -0.4963 -0.8677
vn -0.0314 -0.4960 -0.8677
vn -0.0350 -0.4958 -0.8677
vn -0.0388 -0.4955 -0.8677
vn -0.0430 -0.4951 -0.8677
vn -0.0475 -0.4948 -0.8677
vn -0.0524 -0.4944 -0.8677
vn -0.0578 -0.4939 -0.8676
vn -0.0520 -0.4848 -0.8731
vn -0.0581 -0.4839 -0.8732
vn -0.0647 -0.4828 -0.8733
vn -0.0718 -0.4817 -0.8734
vn -0.0794 -0.4805 -0.8734
vn -0.0877 -0.4791 -0.8734
vn -0.0966 -0.4775 -0.8733
vn -0.1064 -0.4758 -0.8731
vn -0.1171 -0.4739 -0.8728
vn -0.0632 -0.4768 -0.8767
vn -0.0707 -0.4754 -0.8769
vn -0.0789 -0.4737 -0.8771
vn -0.0876 -0.4720 -0.8772
vn -0.0970 -0.4701 -0.8773
vn -0.1072 -0.4680 -0.8772
vn -0.1182 -0.4656 -0.8771
vn -0.1302 -0.4629 -0.8768
vn -0.1433 -0.4600 -0.8763
vn -0.0807 -0.4603 -0.8841
vn -0.0902 -0.4580 -0.8844
vn -0.1001 -0.4552 -0.8847
vn -0.1112 -0.4524 -0.8849
vn -0.1229 -0.4492 -0.8850
vn -0.1357 -0.4457 -0.8849
vn -0.1494 -0.4417 -0.8846
vn -0.1646 -0.4373 -0.8841
vn -0.1809 -0.4324 -0.8834
vn -0.0949 -0.4415 -0.8922
vn -0.1059 -0.4380 -0.8927
vn -0.1178 -0.4342 -0.8931
vn -0.1305 -0.4300 -0.8933
vn -0.1442 -0.4254 -0.8935
vn -0.1590 -0.4203 -0.8934
vn -0.1751 -0.4146 -0.8930
vn -0.1926 -0.4083 -0.8923
vn -0.2116 -0.4012 -0.8912
vn -0.1076 -0.4195 -0.9014
vn -0.1197 -0.4148 -0.9020
vn -0.1329 -0.4096 -0.9025
vn -0.1470 -0.4040 -0.9029
vn -0.1623 -0.3978 -0.9030
vn -0.1788 -0.3910 -0.9029
vn -0.1966 -0.3835 -0.9024
vn -0.2160 -0.3751 -0.9015
vn -0.2370 -0.3657 -0.9000
vn -0.1164 -0.4018 -0.9083
vn -0.1290 -0.3964 -0.9090
vn -0.1426 -0.3904 -0.9095
vn -0.1572 -0.3839 -0.9099
vn -0.1729 -0.3767 -0.9101
vn -0.1900 -0.3688 -0.9099
vn -0.2084 -0.3600 -0.9094
vn -0.2284 -0.3503 -0.9084
vn -0.2501 -0.3395 -0.9067
vn -0.1265 -0.3731 -0.9191
vn -0.1397 -0.3665 -0.9199
vn -0.1538 -0.3591 -0.9205
vn -0.1691 -0.3510 -0.9210
vn -0.1855 -0.3422 -0.9212
vn -0.2033 -0.3324 -0.9210
vn -0.2225 -0.3217 -0.9203
vn -0.2434 -0.3098 -0.9191
vn -0.2661 -0.2965 -0.9172
vn -0.1311 -0.3542 -0.9260
vn -0.1444 -0.3466 -0.9268
vn -0.1587 -0.3384 -0.9275
vn -0.1742 -0.3294 -0.9280
vn -0.1909 -0.3195 -0.9282
vn -0.2090 -0.3086 -0.9280
vn -0.2286 -0.2965 -0.9273
vn -0.2499 -0.2832 -0.9259
vn -0.2731 -0.2683 -0.9238
vn -0.1347 -0.3245 -0.9363
vn -0.1481 -0.3156 -0.9373
vn -0.1627 -0.3060 -0.9380
vn -0.1783 -0.2955 -0.9386
vn -0.1953 -0.2839 -0.9388
vn -0.2136 -0.2712 -0.9385
vn -0.2335 -0.2572 -0.9377
vn -0.2551 -0.2417 -0.9362
vn -0.2786 -0.2244 -0.9338
vn -0.1352 -0.3050 -0.9427
vn -0.1486 -0.2954 -0.9437
vn -0.1631 -0.2849 -0.9446
vn -0.1787 -0.2734 -0.9451
vn -0.1956 -0.2609 -0.9454
vn -0.2139 -0.2471 -0.9451
vn -0.2337 -0.2319 -0.9443
vn -0.2553 -0.2150 -0.9427
vn -0.2787 -0.1963 -0.9401
vn -0.1342 -0.2736 -0.9524
vn -0.1471 -0.2630 -0.9535
vn -0.1611 -0.2513 -0.9544
vn -0.1762 -0.2387 -0.9550
vn -0.1925 -0.2249 -0.9552
vn -0.2101 -0.2096 -0.9549
vn -0.2293 -0.1929 -0.9541
vn -0.2502 -0.1743 -0.9524
vn -0.2728 -0.1539 -0.9497
vn -0.1318 -0.2537 -0.9583
vn -0.1443 -0.2424 -0.9594
vn -0.1578 -0.2302 -0.9603
vn -0.1724 -0.2169 -0.9609
vn -0.1882 -0.2022 -0.9611
vn -0.2053 -0.1863 -0.9608
vn -0.2239 -0.1686 -0.9599
vn -0.2441 -0.1491 -0.9582
vn -0.2661 -0.1276 -0.9555
vn -0.1244 -0.2202 -0.9675
vn -0.1360 -0.2080 -0.9686
vn -0.1486 -0.1949 -0.9695
vn -0.1622 -0.1806 -0.9701
vn -0.1769 -0.1649 -0.9703
vn -0.1929 -0.1476 -0.9701
vn -0.2102 -0.1287 -0.9691
vn -0.2291 -0.1078 -0.9674
vn -0.2497 -0.0847 -0.9646
vn -0.1076 -0.1725 -0.9791
vn -0.1175 -0.1596 -0.9802
vn -0.1281 -0.1457 -0.9810
vn -0.1397 -0.1304 -0.9816
vn -0.1522 -0.1138 -0.9818
vn -0.1658 -0.0956 -0.9815
vn -0.1805 -0.0756 -0.9807
vn -0.1967 -0.0535 -0.9790
vn -0.2143 -0.0292 -0.9763
vn -0.0896 -0.1366 -0.9866
vn -0.0977 -0.1237 -0.9875
vn -0.1065 -0.1097 -0.9882
vn -0.1160 -0.0945 -0.9887
vn -0.1263 -0.0779 -0.9889
vn -0.1375 -0.0597 -0.9887
vn -0.1497 -0.0397 -0.9879
vn -0.1630 -0.0176 -0.9865
vn -0.1776 0.0067 -0.9841
vn -0.0765 -0.1152 -0.9904
vn -0.0833 -0.1026 -0.9912
vn -0.0908 -0.0889 -0.9919
vn -0.0988 -0.0740 -0.9923
vn -0.1076 -0.0578 -0.9925
vn -0.1171 -0.0400 -0.9923
vn -0.1276 -0.0205 -0.9916
vn -0.1389 0.0011 -0.9903
vn -0.1514 0.0249 -0.9882
vn -0.0660 -0.1011 -0.9927
vn -0.0720 -0.0887 -0.9934
vn -0.0785 -0.0753 -0.9941
vn -0.0856 -0.0607 -0.9945
vn -0.0933 -0.0448 -0.9946
vn -0.1017 -0.0274 -0.9944
vn -0.1108 -0.0083 -0.9938
vn -0.1208 0.0128 -0.9926
vn -0.1318 0.0361 -0.9906
vn -0.0523 -0.0829 -0.9952
vn -0.0570 -0.0716 -0.9958
vn -0.0622 -0.0590 -0.9963
vn -0.0678 -0.0453 -0.9967
vn -0.0740 -0.0301 -0.9968
vn -0.0807 -0.0137 -0.9966
vn -0.0879 0.0038 -0.9961
vn -0.0959 0.0236 -0.9951
vn -0.1048 0.0456 -0.9935
vn -0.0376 -0.0654 -0.9972
vn -0.0410 -0.0549 -0.9976
vn -0.0449 -0.0436 -0.9980
vn -0.0490 -0.0312 -0.9983
vn -0.0536 -0.0178 -0.9984
vn -0.0584 -0.0031 -0.9983
vn -0.0638 0.0131 -0.9979
vn -0.0697 0.0309 -0.9971
vn -0.0762 0.0506 -0.9958
vn -0.0259 -0.0507 -0.9984
vn -0.0281 -0.0418 -0.9987
vn -0.0310 -0.0321 -0.9990
vn -0.0339 -0.0216 -0.9992
vn -0.0370 -0.0101 -0.9993
vn -0.0403 0.0025 -0.9992
vn -0.0440 0.0166 -0.9989
vn -0.0481 0.0320 -0.9983
vn -0.0526 0.0489 -0.9974
vn -0.0141 -0.0351 -0.9993
vn -0.0154 -0.0283 -0.9995
vn -0.0168 -0.0208 -0.9996
vn -0.0184 -0.0127 -0.9997
vn -0.0201 -0.0039 -0.9998
vn -0.0219 0.0058 -0.9997
vn -0.0240 0.0164 -0.9996
vn -0.0262 0.0282 -0.9993
vn -0.0287 0.0411 -0.9987
vn -0.0069 -0.0235 -0.9997
vn -0.0076 -0.0186 -0.9998
vn -0.0083 -0.0133 -0.9999
vn -0.0090 -0.0076 -0.9999
vn -0.0099 -0.0013 -1.0000
vn -0.0107 0.0055 -0.9999
vn -0.0118 0.0131 -0.9998
vn -0.0128 0.0214 -0.9997
vn -0.0141 0.0306 -0.9994
vn -0.0026 -0.0141 -0.9999
vn -0.0030 -0.0110 -0.9999
vn -0.0031 -0.0078 -1.0000
vn -0.0035 -0.0042 -1.0000
vn -0.0037 -0.0003 -1.0000
vn -0.0041 0.0040 -1.0000
vn -0.0044 0.0087 -1.0000
vn -0.0049 0.0139 -0.9999
vn -0.0053 0.0196 -0.9998
vn -0.0002 -0.0025 -1.0000
vn -0.0002 -0.0019 -1.0000
vn -0.0002 -0.0013 -1.0000
vn -0.0002 -0.0007 -1.0000
vn -0.0003 -0.0000 -1.0000
vn -0.0002 0.0008 -1.0000
vn -0.0003 0.0016 -1.0000
vn -0.0003 0.0026 -1.0000
vn -0.0003 0.0036 -1.0000
vn -0.0001 -0.0022 -1.0000
vn -0.0001 -0.0019 -1.0000
vn -0.0001 -0.0013 -1.0000
vn -0.0001 -0.0007 -1.0000
vn -0.0001 -0.0000 -1.0000
vn -0.0001 0.0008 -1.0000
vn -0.0001 0.0016 -1.0000
vn -0.0001 0.0025 -1.0000
vn -0.0001 0.0030 -1.0000
vn -0.8660 0.4656 -0.1820
vn -0.8660 0.4656 -0.1821
vn -0.9326 0.3142 -0.1776
vn -0.7546 0.6261 -0.1965
vn -0.7073 0.6689 -0.2286
vn -0.7073 0.6690 -0.2286
vn -0.6551 0.7092 -0.2603
vn -0.5957 0.7462 -0.2972
vn -0.5358 0.7783 -0.3274
vn -0.4854 0.8009 -0.3506
vn -0.4853 0.8009 -0.3507
vn -0.4376 0.8169 -0.3758
vn -0.4377 0.8169 -0.3758
vn -0.3893 0.8303 -0.3989
vn -0.3892 0.8303 -0.3989
vn -0.3317 0.8409 -0.4276
vn -0.3316 0.8409 -0.4276
vn -0.2688 0.8509 -0.4514
vn -0.2173 0.8580 -0.4655
vn -0.1750 0.8610 -0.4775
vn -0.1749 0.8610 -0.4775
vn -0.1354 0.8630 -0.4868
vn -0.0956 0.8643 -0.4938
vn -0.0468 0.8654 -0.4989
vn 0.0071 0.8671 -0.4981
vn 0.0070 0.8671 -0.4980
vn 0.0615 0.8693 -0.4905
vn 0.0615 0.8692 -0.4905
vn 0.1132 0.8692 -0.4813
vn 0.1571 0.8686 -0.4699
vn 0.2022 0.8682 -0.4531
vn 0.2519 0.8650 -0.4339
vn 0.2987 0.8589 -0.4160
vn 0.3452 0.8514 -0.3950
vn 0.3927 0.8406 -0.3731
vn 0.4394 0.8272 -0.3502
vn 0.4851 0.8112 -0.3266
vn 0.5309 0.7919 -0.3019
vn 0.5763 0.7689 -0.2768
vn 0.6224 0.7419 -0.2494
vn 0.6837 0.7004 -0.2048
vn 0.7547 0.6367 -0.1583
vn 0.8119 0.5699 -0.1263
vn 0.8498 0.5165 -0.1057
vn 0.8788 0.4695 -0.0854
vn 0.9078 0.4147 -0.0624
vn 0.9349 0.3524 -0.0426
vn 0.9578 0.2862 -0.0258
vn 0.9578 0.2862 -0.0259
vn 0.9762 0.2164 -0.0129
vn 0.9885 0.1509 -0.0056
vn 0.9962 0.0869 -0.0015
vn 0.9962 0.0870 -0.0015
vn 0.9994 0.0333 -0.0001
vn 0.9999 0.0134 -0.0000
vn 0.9534 -0.3018 0.0007
vn 0.8893 -0.4499 0.0826
vn 0.7762 -0.6056 0.1753
vn 0.7319 -0.6502 0.2038
vn 0.6819 -0.6924 0.2358
vn 0.6252 -0.7330 0.2680
vn 0.5655 -0.7668 0.3038
vn 0.5654 -0.7668 0.3038
vn 0.5139 -0.7902 0.3339
vn 0.4663 -0.8092 0.3574
vn 0.4163 -0.8254 0.3814
vn 0.3580 -0.8418 0.4040
vn 0.3579 -0.8418 0.4040
vn 0.2919 -0.8540 0.4307
vn 0.2919 -0.8540 0.4308
vn 0.2363 -0.8595 0.4532
vn 0.2363 -0.8595 0.4533
vn 0.1910 -0.8632 0.4673
vn 0.1483 -0.8654 0.4787
vn 0.1482 -0.8654 0.4787
vn 0.1050 -0.8668 0.4874
vn 0.0518 -0.8678 0.4942
vn -0.0076 -0.8667 0.4988
vn -0.0073 -0.8666 0.4989
vn -0.0664 -0.8645 0.4983
vn -0.1221 -0.8621 0.4918
vn -0.1688 -0.8590 0.4833
vn -0.2158 -0.8544 0.4727
vn -0.2671 -0.8482 0.4573
vn -0.3152 -0.8411 0.4396
vn -0.3615 -0.8313 0.4222
vn -0.3614 -0.8313 0.4222
vn -0.4092 -0.8191 0.4021
vn -0.4560 -0.8043 0.3809
vn -0.5018 -0.7871 0.3587
vn -0.5470 -0.7669 0.3356
vn -0.5920 -0.7434 0.3114
vn -0.5919 -0.7434 0.3114
vn -0.6370 -0.7157 0.2863
vn -0.6940 -0.6721 0.2581
vn -0.7633 -0.6094 0.2146
vn -0.8212 -0.5451 0.1685
vn -0.8593 -0.4934 0.1352
vn -0.8871 -0.4476 0.1127
vn -0.8871 -0.4476 0.1126
vn -0.9144 -0.3945 0.0911
vn -0.9400 -0.3344 0.0675
vn -0.9615 -0.2709 0.0465
vn -0.9785 -0.2043 0.0286
vn -0.9898 -0.1420 0.0147
vn -0.9966 -0.0818 0.0064
vn -0.9966 -0.0818 0.0065
vn -0.9995 -0.0308 0.0018
vn -0.9999 -0.0112 0.0002
vt 0.000000 0.000000
vt 0.000000 2.895445
vt 0.125000 2.895445
vt 0.125000 0.000000
vt 0.250000 2.895445
vt 0.250000 0.000000
vt 0.375000 2.895445
vt 0.375000 0.000000
vt 0.500000 2.895445
vt 0.500000 0.000000
vt 0.625000 2.895445
vt 0.625000 0.000000
vt 0.750000 2.895445
vt 0.750000 0.000000
vt 0.875000 2.895445
vt 0.875000 0.000000
vt 1.000000 2.895445
vt 1.000000 0.000000
vt 0.000000 3.185744
vt 0.125000 3.185744
vt 0.250000 3.185744
vt 0.375000 3.185744
vt 0.500000 3.185744
vt 0.625000 3.185744
vt 0.750000 3.185744
vt 0.875000 3.185744
vt 1.000000 3.185744
vt 0.000000 3.502981
vt 0.125000 3.502981
vt 0.250000 3.502981
vt 0.375000 3.502981
vt 0.500000 3.502981
vt 0.625000 3.502981
vt 0.750000 3.502981
vt 0.875000 3.502981
vt 1.000000 3.502981
vt 0.000000 3.862783
vt 0.125000 3.862783
vt 0.250000 3.862783
vt 0.375000 3.862783
vt 0.500000 3.862783
vt 0.625000 3.862783
vt 0.750000 3.862783
vt 0.875000 3.862783
vt 1.000000 3.862783
vt 0.000000 4.175862
vt 0.125000 4.175862
vt 0.250000 4.175862
vt 0.375000 4.175862
vt 0.500000 4.175862
vt 0.625000 4.175862
vt 0.750000 4.175862
vt 0.875000 4.175862
vt 1.000000 4.175862
vt 0.000000 4.640072
vt 0.125000 4.640072
vt 0.250000 4.640072
vt 0.375000 4.640072
vt 0.500000 4.640072
vt 0.625000 4.640072
vt 0.750000 4.640072
vt 0.875000 4.640072
vt 1.000000 4.640072
vt 0.000000 4.844840
vt 0.125000 4.844840
vt 0.250000 4.844840
vt 0.375000 4.844840
vt 0.500000 4.844840
vt 0.625000 4.844840
vt 0.750000 4.844840
vt 0.875000 4.844840
vt 1.000000 4.844840
vt 0.000000 5.179610
vt 0.125000 5.179610
vt 0.250000 5.179610
vt 0.375000 5.179610
vt 0.500000 5.179610
vt 0.625000 5.179610
vt 0.750000 5.179610
vt 0.875000 5.179610
vt 1.000000 5.179610
vt 0.000000 5.427541
vt 0.125000 5.427541
vt 0.250000 5.427541
vt 0.375000 5.427541
vt 0.500000 5.427541
vt 0.625000 5.427541
vt 0.750000 5.427541
vt 0.875000 5.427541
vt 1.000000 5.427541
vt 0.000000 5.766639
vt 0.125000 5.766639
vt 0.250000 5.766639
vt 0.375000 5.766639
vt 0.500000 5.766639
vt 0.625000 5.766639
vt 0.750000 5.766639
vt 0.875000 5.766639
vt 1.000000 5.766639
vt 0.000000 6.216796
vt 0.125000 6.216796
vt 0.250000 6.216796
vt 0.375000 6.216796
vt 0.500000 6.216796
vt 0.625000 6.216796
vt 0.750000 6.216796
vt 0.875000 6.216796
vt 1.000000 6.216796
vt 0.000000 6.523668
vt 0.125000 6.523668
vt 0.250000 6.523668
vt 0.375000 6.523668
vt 0.500000 6.523668
vt 0.625000 6.523668
vt 0.750000 6.523668
vt 0.875000 6.523668
vt 1.000000 6.523668
vt 0.000000 6.764224
vt 0.125000 6.764224
vt 0.250000 6.764224
vt 0.375000 6.764224
vt 0.500000 6.764224
vt 0.625000 6.764224
vt 0.750000 6.764224
vt 0.875000 6.764224
vt 1.000000 6.764224
vt 0.000000 7.066527
vt 0.125000 7.066527
vt 0.250000 7.066527
vt 0.375000 7.066527
vt 0.500000 7.066527
vt 0.625000 7.066527
vt 0.750000 7.066527
vt 0.875000 7.066527
vt 1.000000 7.066527
vt 0.000000 7.269362
vt 0.125000 7.269362
vt 0.250000 7.269362
vt 0.375000 7.269362
vt 0.500000 7.269362
vt 0.625000 7.269362
vt 0.750000 7.269362
vt 0.875000 7.269362
vt 1.000000 7.269362
vt 0.000000 7.640493
vt 0.125000 7.640493
vt 0.250000 7.640493
vt 0.375000 7.640493
vt 0.500000 7.640493
vt 0.625000 7.640493
vt 0.750000 7.640493
vt 0.875000 7.640493
vt 1.000000 7.640493
vt 0.000000 8.042768
vt 0.125000 8.042768
vt 0.250000 8.042768
vt 0.375000 8.042768
vt 0.500000 8.042768
vt 0.625000 8.042768
vt 0.750000 8.042768
vt 0.875000 8.042768
vt 1.000000 8.042768
vt 0.000000 8.373519
vt 0.125000 8.373519
vt 0.250000 8.373519
vt 0.375000 8.373519
vt 0.500000 8.373519
vt 0.625000 8.373519
vt 0.750000 8.373519
vt 0.875000 8.373519
vt 1.000000 8.373519
vt 0.000000 8.811487
vt 0.125000 8.811487
vt 0.250000 8.811487
vt 0.375000 8.811487
vt 0.500000 8.811487
vt 0.625000 8.811487
vt 0.750000 8.811487
vt 0.875000 8.811487
vt 1.000000 8.811487
vt 0.000000 9.015312
vt 0.125000 9.015312
vt 0.250000 9.015312
vt 0.375000 9.015312
vt 0.500000 9.015312
vt 0.625000 9.015312
vt 0.750000 9.015312
vt 0.875000 9.015312
vt 1.000000 9.015312
vt 0.000000 9.343958
vt 0.125000 9.343958
vt 0.250000 9.343958
vt 0.375000 9.343958
vt 0.500000 9.343958
vt 0.625000 9.343958
vt 0.750000 9.343958
vt 0.875000 9.343958
vt 1.000000 9.343958
vt 0.000000 9.651081
vt 0.125000 9.651081
vt 0.250000 9.651081
vt 0.375000 9.651081
vt 0.500000 9.651081
vt 0.625000 9.651081
vt 0.750000 9.651081
vt 0.875000 9.651081
vt 1.000000 9.651081
vt 0.000000 9.960559
vt 0.125000 9.960559
vt 0.250000 9.960559
vt 0.375000 9.960559
vt 0.500000 9.960559
vt 0.625000 9.960559
vt 0.750000 9.960559
vt 0.875000 9.960559
vt 1.000000 9.960559
vt 0.000000 10.179647
vt 0.125000 10.179647
vt 0.250000 10.179647
vt 0.375000 10.179647
vt 0.500000 10.179647
vt 0.625000 10.179647
vt 0.750000 10.179647
vt 0.875000 10.179647
vt 1.000000 10.179647
vt 0.000000 10.517041
vt 0.125000 10.517041
vt 0.250000 10.517041
vt 0.375000 10.517041
vt 0.500000 10.517041
vt 0.625000 10.517041
vt 0.750000 10.517041
vt 0.875000 10.517041
vt 1.000000 10.517041
vt 0.000000 10.730551
vt 0.125000 10.730551
vt 0.250000 10.730551
vt 0.375000 10.730551
vt 0.500000 10.730551
vt 0.625000 10.730551
vt 0.750000 10.730551
vt 0.875000 10.730551
vt 1.000000 10.730551
vt 0.000000 11.056624
vt 0.125000 11.056624
vt 0.250000 11.056624
vt 0.375000 11.056624
vt 0.500000 11.056624
vt 0.625000 11.056624
vt 0.750000 11.056624
vt 0.875000 11.056624
vt 1.000000 11.056624
vt 0.000000 11.264727
vt 0.125000 11.264727
vt 0.250000 11.264727
vt 0.375000 11.264727
vt 0.500000 11.264727
vt 0.625000 11.264727
vt 0.750000 11.264727
vt 0.875000 11.264727
vt 1.000000 11.264727
vt 0.000000 11.593834
vt 0.125000 11.593834
vt 0.250000 11.593834
vt 0.375000 11.593834
vt 0.500000 11.593834
vt 0.625000 11.593834
vt 0.750000 11.593834
vt 0.875000 11.593834
vt 1.000000 11.593834
vt 0.000000 11.805307
vt 0.125000 11.805307
vt 0.250000 11.805307
vt 0.375000 11.805307
vt 0.500000 11.805307
vt 0.625000 11.805307
vt 0.750000 11.805307
vt 0.875000 11.805307
vt 1.000000 11.805307
vt 0.000000 12.169310
vt 0.125000 12.169310
vt 0.250000 12.169310
vt 0.375000 12.169310
vt 0.500000 12.169310
vt 0.625000 12.169310
vt 0.750000 12.169310
vt 0.875000 12.169310
vt 1.000000 12.169310
vt 0.000000 12.719019
vt 0.125000 12.719019
vt 0.250000 12.719019
vt 0.375000 12.719019
vt 0.500000 12.719019
vt 0.625000 12.719019
vt 0.750000 12.719019
vt 0.875000 12.719019
vt 1.000000 12.719019
vt 0.000000 13.177771
vt 0.125000 13.177771
vt 0.250000 13.177771
vt 0.375000 13.177771
vt 0.500000 13.177771
vt 0.625000 13.177771
vt 0.750000 13.177771
vt 0.875000 13.177771
vt 1.000000 13.177771
vt 0.000000 13.483138
vt 0.125000 13.483138
vt 0.250000 13.483138
vt 0.375000 13.483138
vt 0.500000 13.483138
vt 0.625000 13.483138
vt 0.750000 13.483138
vt 0.875000 13.483138
vt 1.000000 13.483138
vt 0.000000 13.711400
vt 0.125000 13.711400
vt 0.250000 13.711400
vt 0.375000 13.711400
vt 0.500000 13.711400
vt 0.625000 13.711400
vt 0.750000 13.711400
vt 0.875000 13.711400
vt 1.000000 13.711400
vt 0.000000 14.017862
vt 0.125000 14.017862
vt 0.250000 14.017862
vt 0.375000 14.017862
vt 0.500000 14.017862
vt 0.625000 14.017862
vt 0.750000 14.017862
vt 0.875000 14.017862
vt 1.000000 14.017862
vt 0.000000 14.358657
vt 0.125000 14.358657
vt 0.250000 14.358657
vt 0.375000 14.358657
vt 0.500000 14.358657
vt 0.625000 14.358657
vt 0.750000 14.358657
vt 0.875000 14.358657
vt 1.000000 14.358657
vt 0.000000 14.662388
vt 0.125000 14.662388
vt 0.250000 14.662388
vt 0.375000 14.662388
vt 0.500000 14.662388
vt 0.625000 14.662388
vt 0.750000 14.662388
vt 0.875000 14.662388
vt 1.000000 14.662388
vt 0.000000 15.031618
vt 0.125000 15.031618
vt 0.250000 15.031618
vt 0.375000 15.031618
vt 0.500000 15.031618
vt 0.625000 15.031618
vt 0.750000 15.031618
vt 0.875000 15.031618
vt 1.000000 15.031618
vt 0.000000 15.329957
vt 0.125000 15.329957
vt 0.250000 15.329957
vt 0.375000 15.329957
vt 0.500000 15.329957
vt 0.625000 15.329957
vt 0.750000 15.329957
vt 0.875000 15.329957
vt 1.000000 15.329957
vt 0.000000 15.590037
vt 0.125000 15.590037
vt 0.250000 15.590037
vt 0.375000 15.590037
vt 0.500000 15.590037
vt 0.625000 15.590037
vt 0.750000 15.590037
vt 0.875000 15.590037
vt 1.000000 15.590037
vt 0.000000 15.927470
vt 0.125000 15.927470
vt 0.250000 15.927470
vt 0.375000 15.927470
vt 0.500000 15.927470
vt 0.625000 15.927470
vt 0.750000 15.927470
vt 0.875000 15.927470
vt 1.000000 15.927470
vt 0.000000 16.000000
vt 0.125000 16.000000
vt 0.250000 16.000000
vt 0.375000 16.000000
vt 0.500000 16.000000
vt 0.625000 16.000000
vt 0.750000 16.000000
vt 0.875000 16.000000
vt 1.000000 16.000000
s 1
usemtl track_surface
f 937/649/583 946/650/584 947/651/585 938/652/586
f 938/652/586 947/651/585 948/653/587 939/654/588
f 939/654/588 948/653/587 949/655/589 940/656/590
f 940/656/590 949/655/589 950/657/591 941/658/592
f 941/658/592 950/657/591 951/659/593 942/660/594
f 942/660/594 951/659/593 952/661/595 943/662/596
f 943/662/596 952/661/595 953/663/597 944/664/598
f 944/664/598 953/663/597 954/665/599 945/666/600
f 946/650/584 955/667/601 956/668/602 947/651/585
f 947/651/585 956/668/602 957/669/603 948/653/587
f 948/653/587 957/669/603 958/670/604 949/655/589
f 949/655/589 958/670/604 959/671/605 950/657/591
f 950/657/591 959/671/605 960/672/606 951/659/593
f 951/659/593 960/672/606 961/673/607 952/661/595
f 952/661/595 961/673/607 962/674/608 953/663/597
f 953/663/597 962/674/608 963/675/609 954/665/599
f 955/667/601 964/676/610 965/677/611 956/668/602
f 956/668/602 965/677/611 966/678/612 957/669/603
f 957/669/603 966/678/612 967/679/613 958/670/604
f 958/670/604 967/679/613 968/680/614 959/671/605
f 959/671/605 968/680/614 969/681/615 960/672/606
f 960/672/606 969/681/615 970/682/616 961/673/607
f 961/673/607 970/682/616 971/683/617 962/674/608
f 962/674/608 971/683/617 972/684/618 963/675/609
f 964/676/610 973/685/619 974/686/620 965/677/611
f 965/677/611 974/686/620 975/687/621 966/678/612
f 966/678/612 975/687/621 976/688/622 967/679/613
f 967/679/613 976/688/622 977/689/623 968/680/614
f 968/680/614 977/689/623 978/690/624 969/681/615
f 969/681/615 978/690/624 979/691/625 970/682/616
f 970/682/616 979/691/625 980/692/626 971/683/617
f 971/683/617 980/692/626 981/693/627 972/684/618
f 973/685/619 982/694/628 983/695/629 974/686/620
f 974/686/620 983/695/629 984/696/630 975/687/621
f 975/687/621 984/696/630 985/697/631 976/688/622
f 976/688/622 985/697/631 986/698/632 977/689/623
f 977/689/623 986/698/632 987/699/633 978/690/624
f 978/690/624 987/699/633 988/700/634 979/691/625
f 979/691/625 988/700/634 989/701/635 980/692/626
f 980/692/626 989/701/635 990/702/636 981/693/627
f 982/694/628 991/703/637 992/704/638 983/695/629
f 983/695/629 992/704/638 993/705/639 984/696/630
f 984/696/630 993/705/639 994/706/640 985/697/631
f 985/697/631 994/706/640 995/707/641 986/698/632
f 986/698/632 995/707/641 996/708/642 987/699/633
f 987/699/633 996/708/642 997/709/643 988/700/634
f 988/700/634 997/709/643 998/710/644 989/701/635
f 989/701/635 998/710/644 999/711/645 990/702/636
f 991/703/637 1000/712/646 1001/713/647 992/704/638
f 992/704/638 1001/713/647 1002/714/648 993/705/639
f 993/705/639 1002/714/648 1003/715/649 994/706/640
f 994/706/640 1003/715/649 1004/716/650 995/707/641
f 995/707/641 1004/716/650 1005/717/651 996/708/642
f 996/708/642 1005/717/651 1006/718/652 997/709/643
f 997/709/643 1006/718/652 1007/719/653 998/710/644
f 998/710/644 1007/719/653 1008/720/654 999/711/645
f 1000/712/646 1009/721/655 1010/722/656 1001/713/647
f 1001/713/647 1010/722/656 1011/723/657 1002/714/648
f 1002/714/648 1011/723/657 1012/724/658 1003/715/649
f 1003/715/649 1012/724/658 1013/725/659 1004/716/650
f 1004/716/650 1013/725/659 1014/726/660 1005/717/651
f 1005/717/651 1014/726/660 1015/727/661 1006/718/652
f 1006/718/652 1015/727/661 1016/728/662 1007/719/653
f 1007/719/653 1016/728/662 1017/729/663 1008/720/654
f 1009/721/655 1018/730/664 1019/731/665 1010/722/656
f 1010/722/656 1019/731/665 1020/732/666 1011/723/657
f 1011/723/657 1020/732/666 1021/733/667 1012/724/658
f 1012/724/658 1021/733/667 1022/734/668 1013/725/659
f 1013/725/659 1022/734/668 1023/735/669 1014/726/660
f 1014/726/660 1023/735/669 1024/736/670 1015/727/661
f 1015/727/661 1024/736/670 1025/737/671 1016/728/662
f 1016/728/662 1025/737/671 1026/738/672 1017/729/663
f 1018/730/664 1027/739/673 1028/740/674 1019/731/665
f 1019/731/665 1028/740/674 1029/741/675 1020/732/666
f 1020/732/666 1029/741/675 1030/742/676 1021/733/667
f 1021/733/667 1030/742/676 1031/743/677 1022/734/668
f 1022/734/668 1031/743/677 1032/744/678 1023/735/669
f 1023/735/669 1032/744/678 1033/745/679 1024/736/670
f 1024/736/670 1033/745/679 1034/746/680 1025/737/671
f 1025/737/671 1034/746/680 1035/747/681 1026/738/672
f 1027/739/673 1036/748/682 1037/749/683 1028/740/674
f 1028/740/674 1037/749/683 1038/750/684 1029/741/675
f 1029/741/675 1038/750/684 1039/751/685 1030/742/676
f 1030/742/676 1039/751/685 1040/752/686 1031/743/677
f 1031/743/677 1040/752/686 1041/753/687 1032/744/678
f 1032/744/678 1041/753/687 1042/754/688 1033/745/679
f 1033/745/679 1042/754/688 1043/755/689 1034/746/680
f 1034/746/680 1043/755/689 1044/756/690 1035/747/681
f 1036/748/682 1045/757/691 1046/758/692 1037/749/683
f 1037/749/683 1046/758/692 1047/759/693 1038/750/684
f 1038/750/684 1047/759/693 1048/760/694 1039/751/685
f 1039/751/685 1048/760/694 1049/761/695 1040/752/686
f 1040/752/686 1049/761/695 1050/762/696 1041/753/687
f 1041/753/687 1050/762/696 1051/763/697 1042/754/688
f 1042/754/688 1051/763/697 1052/764/698 1043/755/689
f 1043/755/689 1052/764/698 1053/765/699 1044/756/690
f 1045/757/691 1054/766/700 1055/767/701 1046/758/692
f 1046/758/692 1055/767/701 1056/768/702 1047/759/693
f 1047/759/693 1056/768/702 1057/769/703 1048/760/694
f 1048/760/694 1057/769/703 1058/770/704 1049/761/695
f 1049/761/695 1058/770/704 1059/771/705 1050/762/696
f 1050/762/696 1059/771/705 1060/772/706 1051/763/697
f 1051/763/697 1060/772/706 1061/773/707 1052/764/698
f 1052/764/698 1061/773/707 1062/774/708 1053/765/699
f 1054/766/700 1063/775/709 1064/776/710 1055/767/701
f 1055/767/701 1064/776/710 1065/777/711 1056/768/702
f 1056/768/702 1065/777/711 1066/778/712 1057/769/703
f 1057/769/703 1066/778/712 1067/779/713 1058/770/704
f 1058/770/704 1067/779/713 1068/780/714 1059/771/705
f 1059/771/705 1068/780/714 1069/781/715 1060/772/706
f 1060/772/706 1069/781/715 1070/782/716 1061/773/707
f 1061/773/707 1070/782/716 1071/783/717 1062/774/708
f 1063/775/709 1072/784/718 1073/785/719 1064/776/710
f 1064/776/710 1073/785/719 1074/786/720 1065/777/711
f 1065/777/711 1074/786/720 1075/787/721 1066/778/712
f 1066/778/712 1075/787/721 1076/788/722 1067/779/713
f 1067/779/713 1076/788/722 1077/789/723 1068/780/714
f 1068/780/714 1077/789/723 1078/790/724 1069/781/715
f 1069/781/715 1078/790/724 1079/791/725 1070/782/716
f 1070/782/716 1079/791/725 1080/792/726 1071/783/717
f 1072/784/718 1081/793/727 1082/794/728 1073/785/719
f 1073/785/719 1082/794/728 1083/795/729 1074/786/720
f 1074/786/720 1083/795/729 1084/796/730 1075/787/721
f 1075/787/721 1084/796/730 1085/797/731 1076/788/722
f 1076/788/722 1085/797/731 1086/798/732 1077/789/723
f 1077/789/723 1086/798/732 1087/799/733 1078/790/724
f 1078/790/724 1087/799/733 1088/800/734 1079/791/725
f 1079/791/725 1088/800/734 1089/801/735 1080/792/726
f 1081/793/727 1090/802/736 1091/803/737 1082/794/728
f 1082/794/728 1091/803/737 1092/804/738 1083/795/729
f 1083/795/729 1092/804/738 1093/805/739 1084/796/730
f 1084/796/730 1093/805/739 1094/806/740 1085/797/731
f 1085/797/731 1094/806/740 1095/807/741 1086/798/732
f 1086/798/732 1095/807/741 1096/808/742 1087/799/733
f 1087/799/733 1096/808/742 1097/809/743 1088/800/734
f 1088/800/734 1097/809/743 1098/810/744 1089/801/735
f 1090/802/736 1099/811/745 1100/812/746 1091/803/737
f 1091/803/737 1100/812/746 1101/813/747 1092/804/738
f 1092/804/738 1101/813/747 1102/814/748 1093/805/739
f 1093/805/739 1102/814/748 1103/815/749 1094/806/740
f 1094/806/740 1103/815/749 1104/816/750 1095/807/741
f 1095/807/741 1104/816/750 1105/817/751 1096/808/742
f 1096/808/742 1105/817/751 1106/818/752 1097/809/743
f 1097/809/743 1106/818/752 1107/819/753 1098/810/744
f 1099/811/745 1108/820/754 1109/821/755 1100/812/746
f 1100/812/746 1109/821/755 1110/822/756 1101/813/747
f 1101/813/747 1110/822/756 1111/823/757 1102/814/748
f 1102/814/748 1111/823/757 1112/824/758 1103/815/749
f 1103/815/749 1112/824/758 1113/825/759 1104/816/750
f 1104/816/750 1113/825/759 1114/826/760 1105/817/751
f 1105/817/751 1114/826/760 1115/827/761 1106/818/752
f 1106/818/752 1115/827/761 1116/828/762 1107/819/753
f 1108/820/754 1117/829/763 1118/830/764 1109/821/755
f 1109/821/755 1118/830/764 1119/831/765 1110/822/756
f 1110/822/756 1119/831/765 1120/832/766 1111/823/757
f 1111/823/757 1120/832/766 1121/833/767 1112/824/758
f 1112/824/758 1121/833/767 1122/834/768 1113/825/759
f 1113/825/759 1122/834/768 1123/835/769 1114/826/760
f 1114/826/760 1123/835/769 1124/836/770 1115/827/761
f 1115/827/761 1124/836/770 1125/837/771 1116/828/762
f 1117/829/763 1126/838/772 1127/839/773 1118/830/764
f 1118/830/764 1127/839/773 1128/840/774 1119/831/765
f 1119/831/765 1128/840/774 1129/841/775 1120/832/766
f 1120/832/766 1129/841/775 1130/842/776 1121/833/767
f 1121/833/767 1130/842/776 1131/843/777 1122/834/768
f 1122/834/768 1131/843/777 1132/844/778 1123/835/769
f 1123/835/769 1132/844/778 1133/845/779 1124/836/770
f 1124/836/770 1133/845/779 1134/846/780 1125/837/771
f 1126/838/772 1135/847/781 1136/848/782 1127/839/773
f 1127/839/773 1136/848/782 1137/849/783 1128/840/774
f 1128/840/774 1137/849/783 1138/850/784 1129/841/775
f 1129/841/775 1138/850/784 1139/851/785 1130/842/776
f 1130/842/776 1139/851/785 1140/852/786 1131/843/777
f 1131/843/777 1140/852/786 1141/853/787 1132/844/778
f 1132/844/778 1141/853/787 1142/854/788 1133/845/779
f 1133/845/779 1142/854/788 1143/855/789 1134/846/780
f 1135/847/781 1144/856/790 1145/857/791 1136/848/782
f 1136/848/782 1145/857/791 1146/858/792 1137/849/783
f 1137/849/783 1146/858/792 1147/859/793 1138/850/784
f 1138/850/784 1147/859/793 1148/860/794 1139/851/785
f 1139/851/785 1148/860/794 1149/861/795 1140/852/786
f 1140/852/786 1149/861/795 1150/862/796 1141/853/787
f 1141/853/787 1150/862/796 1151/863/797 1142/854/788
f 1142/854/788 1151/863/797 1152/864/798 1143/855/789
f 1144/856/790 1153/865/799 1154/866/800 1145/857/791
f 1145/857/791 1154/866/800 1155/867/801 1146/858/792
f 1146/858/792 1155/867/801 1156/868/802 1147/859/793
f 1147/859/793 1156/868/802 1157/869/803 1148/860/794
f 1148/860/794 1157/869/803 1158/870/804 1149/861/795
f 1149/861/795 1158/870/804 1159/871/805 1150/862/796
f 1150/862/796 1159/871/805 1160/872/806 1151/863/797
f 1151/863/797 1160/872/806 1161/873/807 1152/864/798
f 1153/865/799 1162/874/808 1163/875/809 1154/866/800
f 1154/866/800 1163/875/809 1164/876/810 1155/867/801
f 1155/867/801 1164/876/810 1165/877/811 1156/868/802
f 1156/868/802 1165/877/811 1166/878/812 1157/869/803
f 1157/869/803 1166/878/812 1167/879/813 1158/870/804
f 1158/870/804 1167/879/813 1168/880/814 1159/871/805
f 1159/871/805 1168/880/814 1169/881/815 1160/872/806
f 1160/872/806 1169/881/815 1170/882/816 1161/873/807
f 1162/874/808 1171/883/817 1172/884/818 1163/875/809
f 1163/875/809 1172/884/818 1173/885/819 1164/876/810
f 1164/876/810 1173/885/819 1174/886/820 1165/877/811
f 1165/877/811 1174/886/820 1175/887/821 1166/878/812
f 1166/878/812 1175/887/821 1176/888/822 1167/879/813
f 1167/879/813 1176/888/822 1177/889/823 1168/880/814
f 1168/880/814 1177/889/823 1178/890/824 1169/881/815
f 1169/881/815 1178/890/824 1179/891/825 1170/882/816
f 1171/883/817 1180/892/826 1181/893/827 1172/884/818
f 1172/884/818 1181/893/827 1182/894/828 1173/885/819
f 1173/885/819 1182/894/828 1183/895/829 1174/886/820
f 1174/886/820 1183/895/829 1184/896/830 1175/887/821
f 1175/887/821 1184/896/830 1185/897/831 1176/888/822
f 1176/888/822 1185/897/831 1186/898/832 1177/889/823
f 1177/889/823 1186/898/832 1187/899/833 1178/890/824
f 1178/890/824 1187/899/833 1188/900/834 1179/891/825
f 1180/892/826 1189/901/835 1190/902/836 1181/893/827
f 1181/893/827 1190/902/836 1191/903/837 1182/894/828
f 1182/894/828 1191/903/837 1192/904/838 1183/895/829
f 1183/895/829 1192/904/838 1193/905/839 1184/896/830
f 1184/896/830 1193/905/839 1194/906/840 1185/897/831
f 1185/897/831 1194/906/840 1195/907/841 1186/898/832
f 1186/898/832 1195/907/841 1196/908/842 1187/899/833
f 1187/899/833 1196/908/842 1197/909/843 1188/900/834
f 1189/901/835 1198/910/844 1199/911/845 1190/902/836
f 1190/902/836 1199/911/845 1200/912/846 1191/903/837
f 1191/903/837 1200/912/846 1201/913/847 1192/904/838
f 1192/904/838 1201/913/847 1202/914/848 1193/905/839
f 1193/905/839 1202/914/848 1203/915/849 1194/906/840
f 1194/906/840 1203/915/849 1204/916/850 1195/907/841
f 1195/907/841 1204/916/850 1205/917/851 1196/908/842
f 1196/908/842 1205/917/851 1206/918/852 1197/909/843
f 1198/910/844 1207/919/853 1208/920/854 1199/911/845
f 1199/911/845 1208/920/854 1209/921/855 1200/912/846
f 1200/912/846 1209/921/855 1210/922/856 1201/913/847
f 1201/913/847 1210/922/856 1211/923/857 1202/914/848
f 1202/914/848 1211/923/857 1212/924/858 1203/915/849
f 1203/915/849 1212/924/858 1213/925/859 1204/916/850
f 1204/916/850 1213/925/859 1214/926/860 1205/917/851
f 1205/917/851 1214/926/860 1215/927/861 1206/918/852
f 1207/919/853 1216/928/862 1217/929/863 1208/920/854
f 1208/920/854 1217/929/863 1218/930/864 1209/921/855
f 1209/921/855 1218/930/864 1219/931/865 1210/922/856
f 1210/922/856 1219/931/865 1220/932/866 1211/923/857
f 1211/923/857 1220/932/866 1221/933/867 1212/924/858
f 1212/924/858 1221/933/867 1222/934/868 1213/925/859
f 1213/925/859 1222/934/868 1223/935/869 1214/926/860
f 1214/926/860 1223/935/869 1224/936/870 1215/927/861
f 1216/928/862 1225/937/871 1226/938/872 1217/929/863
f 1217/929/863 1226/938/872 1227/939/873 1218/930/864
f 1218/930/864 1227/939/873 1228/940/874 1219/931/865
f 1219/931/865 1228/940/874 1229/941/875 1220/932/866
f 1220/932/866 1229/941/875 1230/942/876 1221/933/867
f 1221/933/867 1230/942/876 1231/943/877 1222/934/868
f 1222/934/868 1231/943/877 1232/944/878 1223/935/869
f 1223/935/869 1232/944/878 1233/945/879 1224/936/870
f 1225/937/871 1234/946/880 1235/947/881 1226/938/872
f 1226/938/872 1235/947/881 1236/948/882 1227/939/873
f 1227/939/873 1236/948/882 1237/949/883 1228/940/874
f 1228/940/874 1237/949/883 1238/950/884 1229/941/875
f 1229/941/875 1238/950/884 1239/951/885 1230/942/876
f 1230/942/876 1239/951/885 1240/952/886 1231/943/877
f 1231/943/877 1240/952/886 1241/953/887 1232/944/878
f 1232/944/878 1241/953/887 1242/954/888 1233/945/879
f 1234/946/880 1243/955/889 1244/956/890 1235/947/881
f 1235/947/881 1244/956/890 1245/957/891 1236/948/882
f 1236/948/882 1245/957/891 1246/958/892 1237/949/883
f 1237/949/883 1246/958/892 1247/959/893 1238/950/884
f 1238/950/884 1247/959/893 1248/960/894 1239/951/885
f 1239/951/885 1248/960/894 1249/961/895 1240/952/886
f 1240/952/886 1249/961/895 1250/962/896 1241/953/887
f 1241/953/887 1250/962/896 1251/963/897 1242/954/888
f 1243/955/889 1252/964/898 1253/965/899 1244/956/890
f 1244/956/890 1253/965/899 1254/966/900 1245/957/891
f 1245/957/891 1254/966/900 1255/967/901 1246/958/892
f 1246/958/892 1255/967/901 1256/968/902 1247/959/893
f 1247/959/893 1256/968/902 1257/969/903 1248/960/894
f 1248/960/894 1257/969/903 1258/970/904 1249/961/895
f 1249/961/895 1258/970/904 1259/971/905 1250/962/896
f 1250/962/896 1259/971/905 1260/972/906 1251/963/897
f 1252/964/898 1261/973/907 1262/974/908 1253/965/899
f 1253/965/899 1262/974/908 1263/975/909 1254/966/900
f 1254/966/900 1263/975/909 1264/976/910 1255/967/901
f 1255/967/901 1264/976/910 1265/977/911 1256/968/902
f 1256/968/902 1265/977/911 1266/978/912 1257/969/903
f 1257/969/903 1266/978/912 1267/979/913 1258/970/904
f 1258/970/904 1267/979/913 1268/980/914 1259/971/905
f 1259/971/905 1268/980/914 1269/981/915 1260/972/906
f 1261/973/907 1270/982/916 1271/983/917 1262/974/908
f 1262/974/908 1271/983/917 1272/984/918 1263/975/909
f 1263/975/909 1272/984/918 1273/985/919 1264/976/910
f 1264/976/910 1273/985/919 1274/986/920 1265/977/911
f 1265/977/911 1274/986/920 1275/987/921 1266/978/912
f 1266/978/912 1275/987/921 1276/988/922 1267/979/913
f 1267/979/913 1276/988/922 1277/989/923 1268/980/914
f 1268/980/914 1277/989/923 1278/990/924 1269/981/915
f 1270/982/916 1279/991/925 1280/992/926 1271/983/917
f 1271/983/917 1280/992/926 1281/993/927 1272/984/918
f 1272/984/918 1281/993/927 1282/994/928 1273/985/919
f 1273/985/919 1282/994/928 1283/995/929 1274/986/920
f 1274/986/920 1283/995/929 1284/996/930 1275/987/921
f 1275/987/921 1284/996/930 1285/997/931 1276/988/922
f 1276/988/922 1285/997/931 1286/998/932 1277/989/923
f 1277/989/923 1286/998/932 1287/999/933 1278/990/924
f 1279/991/925 1288/1000/934 1289/1001/935 1280/992/926
f 1280/992/926 1289/1001/935 1290/1002/936 1281/993/927
f 1281/993/927 1290/1002/936 1291/1003/937 1282/994/928
f 1282/994/928 1291/1003/937 1292/1004/938 1283/995/929
f 1283/995/929 1292/1004/938 1293/1005/939 1284/996/930
f 1284/996/930 1293/1005/939 1294/1006/940 1285/997/931
f 1285/997/931 1294/1006/940 1295/1007/941 1286/998/932
f 1286/998/932 1295/1007/941 1296/1008/942 1287/999/933
f 1288/1000/934 1297/1009/943 1298/1010/944 1289/1001/935
f 1289/1001/935 1298/1010/944 1299/1011/945 1290/1002/936
f 1290/1002/936 1299/1011/945 1300/1012/946 1291/1003/937
f 1291/1003/937 1300/1012/946 1301/1013/947 1292/1004/938
f 1292/1004/938 1301/1013/947 1302/1014/948 1293/1005/939
f 1293/1005/939 1302/1014/948 1303/1015/949 1294/1006/940
f 1294/1006/940 1303/1015/949 1304/1016/950 1295/1007/941
f 1295/1007/941 1304/1016/950 1305/1017/951 1296/1008/942
f 1297/1009/943 1306/1018/952 1307/1019/953 1298/1010/944
f 1298/1010/944 1307/1019/953 1308/1020/954 1299/1011/945
f 1299/1011/945 1308/1020/954 1309/1021/955 1300/1012/946
f 1300/1012/946 1309/1021/955 1310/1022/956 1301/1013/947
f 1301/1013/947 1310/1022/956 1311/1023/957 1302/1014/948
f 1302/1014/948 1311/1023/957 1312/1024/958 1303/1015/949
f 1303/1015/949 1312/1024/958 1313/1025/959 1304/1016/950
f 1304/1016/950 1313/1025/959 1314/1026/960 1305/1017/951
f 1306/1018/952 1315/1027/961 1316/1028/962 1307/1019/953
f 1307/1019/953 1316/1028/962 1317/1029/963 1308/1020/954
f 1308/1020/954 1317/1029/963 1318/1030/964 1309/1021/955
f 1309/1021/955 1318/1030/964 1319/1031/965 1310/1022/956
f 1310/1022/956 1319/1031/965 1320/1032/966 1311/1023/957
f 1311/1023/957 1320/1032/966 1321/1033/967 1312/1024/958
f 1312/1024/958 1321/1033/967 1322/1034/968 1313/1025/959
f 1313/1025/959 1322/1034/968 1323/1035/969 1314/1026/960
f 1315/1027/961 1324/1036/970 1325/1037/971 1316/1028/962
f 1316/1028/962 1325/1037/971 1326/1038/972 1317/1029/963
f 1317/1029/963 1326/1038/972 1327/1039/973 1318/1030/964
f 1318/1030/964 1327/1039/973 1328/1040/974 1319/1031/965
f 1319/1031/965 1328/1040/974 1329/1041/975 1320/1032/966
f 1320/1032/966 1329/1041/975 1330/1042/976 1321/1033/967
f 1321/1033/967 1330/1042/976 1331/1043/977 1322/1034/968
f 1322/1034/968 1331/1043/977 1332/1044/978 1323/1035/969
usemtl track_rail
f 1335/650/979 1336/665/980 1334/666/981 1333/649/981
f 1337/667/982 1338/675/982 1336/665/980 1335/650/979
f 1339/676/983 1340/684/984 1338/675/982 1337/667/982
f 1341/685/985 1342/693/985 1340/684/984 1339/676/983
f 1343/694/986 1344/702/986 1342/693/985 1341/685/985
f 1345/703/987 1346/711/987 1344/702/986 1343/694/986
f 1347/712/988 1348/720/989 1346/711/987 1345/703/987
f 1349/721/990 1350/729/991 1348/720/989 1347/712/988
f 1351/730/992 1352/738/993 1350/729/991 1349/721/990
f 1353/739/994 1354/747/995 1352/738/993 1351/730/992
f 1355/748/996 1356/756/996 1354/747/995 1353/739/994
f 1357/757/997 1358/765/997 1356/756/996 1355/748/996
f 1359/766/998 1360/774/999 1358/765/997 1357/757/997
f 1361/775/1000 1362/783/1000 1360/774/999 1359/766/998
f 1363/784/1001 1364/792/1001 1362/783/1000 1361/775/1000
f 1365/793/1002 1366/801/1002 1364/792/1001 1363/784/1001
f 1367/802/1003 1368/810/1004 1366/801/1002 1365/793/1002
f 1369/811/1005 1370/819/1006 1368/810/1004 1367/802/1003
f 1371/820/1007 1372/828/1007 1370/819/1006 1369/811/1005
f 1373/829/1008 1374/837/1008 1372/828/1007 1371/820/1007
f 1375/838/1009 1376/846/1009 1374/837/1008 1373/829/1008
f 1377/847/1010 1378/855/1010 1376/846/1009 1375/838/1009
f 1379/856/1011 1380/864/1011 1378/855/1010 1377/847/1010
f 1381/865/1012 1382/873/1012 1380/864/1011 1379/856/1011
f 1383/874/1013 1384/882/1013 1382/873/1012 1381/865/1012
f 1385/883/1014 1386/891/1014 1384/882/1013 1383/874/1013
f 1387/892/1015 1388/900/1015 1386/891/1014 1385/883/1014
f 1389/901/1016 1390/909/1016 1388/900/1015 1387/892/1015
f 1391/910/1017 1392/918/1017 1390/909/1016 1389/901/1016
f 1393/919/1018 1394/927/1018 1392/918/1017 1391/910/1017
f 1395/928/1019 1396/936/1019 1394/927/1018 1393/919/1018
f 1397/937/1020 1398/945/1020 1396/936/1019 1395/928/1019
f 1399/946/1021 1400/954/1021 1398/945/1020 1397/937/1020
f 1401/955/1022 1402/963/1022 1400/954/1021 1399/946/1021
f 1403/964/1023 1404/972/1023 1402/963/1022 1401/955/1022
f 1405/973/1024 1406/981/1024 1404/972/1023 1403/964/1023
f 1407/982/1025 1408/990/1025 1406/981/1024 1405/973/1024
f 1409/991/1026 1410/999/1027 1408/990/1025 1407/982/1025
f 1411/1000/1028 1412/1008/1028 1410/999/1027 1409/991/1026
f 1413/1009/1029 1414/1017/1029 1412/1008/1028 1411/1000/1028
f 1415/1018/1030 1416/1026/1031 1414/1017/1029 1413/1009/1029
f 1417/1027/1032 1418/1035/1032 1416/1026/1031 1415/1018/1030
f 1419/1036/1033 1420/1044/1033 1418/1035/1032 1417/1027/1032
f 1421/666/1034 1422/649/1034 1424/650/1035 1423/665/1035
f 1423/665/1035 1424/650/1035 1426/667/1036 1425/675/1036
f 1425/675/1036 1426/667/1036 1428/676/1037 1427/684/1037
f 1427/684/1037 1428/676/1037 1430/685/1038 1429/693/1038
f 1429/693/1038 1430/685/1038 1432/694/1039 1431/702/1039
f 1431/702/1039 1432/694/1039 1434/703/1040 1433/711/1041
f 1433/711/1041 1434/703/1040 1436/712/1042 1435/720/1042
f 1435/720/1042 1436/712/1042 1438/721/1043 1437/729/1043
f 1437/729/1043 1438/721/1043 1440/730/1044 1439/738/1044
f 1439/738/1044 1440/730/1044 1442/739/1045 1441/747/1046
f 1441/747/1046 1442/739/1045 1444/748/1047 1443/756/1048
f 1443/756/1048 1444/748/1047 1446/757/1049 1445/765/1050
f 1445/765/1050 1446/757/1049 1448/766/1051 1447/774/1051
f 1447/774/1051 1448/766/1051 1450/775/1052 1449/783/1053
f 1449/783/1053 1450/775/1052 1452/784/1054 1451/792/1054
f 1451/792/1054 1452/784/1054 1454/793/1055 1453/801/1055
f 1453/801/1055 1454/793/1055 1456/802/1056 1455/810/1057
f 1455/810/1057 1456/802/1056 1458/811/1058 1457/819/1058
f 1457/819/1058 1458/811/1058 1460/820/1059 1459/828/1059
f 1459/828/1059 1460/820/1059 1462/829/1060 1461/837/1060
f 1461/837/1060 1462/829/1060 1464/838/1061 1463/846/1061
f 1463/846/1061 1464/838/1061 1466/847/1062 1465/855/1062
f 1465/855/1062 1466/847/1062 1468/856/1063 1467/864/1063
f 1467/864/1063 1468/856/1063 1470/865/1064 1469/873/1065
f 1469/873/1065 1470/865/1064 1472/874/1066 1471/882/1066
f 1471/882/1066 1472/874/1066 1474/883/1067 1473/891/1067
f 1473/891/1067 1474/883/1067 1476/892/1068 1475/900/1068
f 1475/900/1068 1476/892/1068 1478/901/1069 1477/909/1069
f 1477/909/1069 1478/901/1069 1480/910/1070 1479/918/1071
f 1479/918/1071 1480/910/1070 1482/919/1072 1481/927/1072
f 1481/927/1072 1482/919/1072 1484/928/1073 1483/936/1073
f 1483/936/1073 1484/928/1073 1486/937/1074 1485/945/1074
f 1485/945/1074 1486/937/1074 1488/946/1075 1487/954/1075
f 1487/954/1075 1488/946/1075 1490/955/1076 1489/963/1076
f 1489/963/1076 1490/955/1076 1492/964/1077 1491/972/1078
f 1491/972/1078 1492/964/1077 1494/973/1079 1493/981/1079
f 1493/981/1079 1494/973/1079 1496/982/1080 1495/990/1080
f 1495/990/1080 1496/982/1080 1498/991/1081 1497/999/1081
f 1497/999/1081 1498/991/1081 1500/1000/1082 1499/1008/1082
f 1499/1008/1082 1500/1000/1082 1502/1009/1083 1501/1017/1083
f 1501/1017/1083 1502/1009/1083 1504/1018/1084 1503/1026/1085
f 1503/1026/1085 1504/1018/1084 1506/1027/1086 1505/1035/1086
f 1505/1035/1086 1506/1027/1086 1508/1036/1087 1507/1044/1087
o FZGXStream4.000_PreviewMesh
v 995.114319 360.000000 -69.999977 0.7353 0.7353 0.7353
v 983.864319 360.000000 -69.999977 0.7353 0.7353 0.7353
v 972.614319 360.000000 -69.999977 0.7353 0.7353 0.7353
v 961.364319 360.000000 -69.999977 0.7353 0.7353 0.7353
v 950.114319 360.000000 -69.999977 0.7353 0.7353 0.7353
v 938.864319 360.000000 -69.999977 0.7353 0.7353 0.7353
v 927.614319 360.000000 -69.999977 0.7353 0.7353 0.7353
v 916.364319 360.000000 -69.999977 0.7353 0.7353 0.7353
v 905.114319 360.000000 -69.999977 0.7353 0.7353 0.7353
v 995.114319 261.196228 -76.872620 0.7353 0.7353 0.7353
v 983.864319 261.196228 -76.872620 0.7353 0.7353 0.7353
v 972.614319 261.196228 -76.872620 0.7353 0.7353 0.7353
v 961.364319 261.196228 -76.872620 0.7353 0.7353 0.7353
v 950.114319 261.196228 -76.872620 0.7353 0.7353 0.7353
v 938.864319 261.196228 -76.872620 0.7353 0.7353 0.7353
v 927.614319 261.196228 -76.872620 0.7353 0.7353 0.7353
v 916.364319 261.196228 -76.872620 0.7353 0.7353 0.7353
v 905.114319 261.196228 -76.872620 0.7353 0.7353 0.7353
v 995.114319 246.144104 -78.917496 0.7353 0.7353 0.7353
v 983.864319 246.144104 -78.917496 0.7353 0.7353 0.7353
v 972.614319 246.144104 -78.917496 0.7353 0.7353 0.7353
v 961.364319 246.144104 -78.917496 0.7353 0.7353 0.7353
v 950.114319 246.144104 -78.917496 0.7353 0.7353 0.7353
v 938.864319 246.144104 -78.917496 0.7353 0.7353 0.7353
v 927.614319 246.144104 -78.917496 0.7353 0.7353 0.7353
v 916.364319 246.144104 -78.917496 0.7353 0.7353 0.7353
v 905.114319 246.144104 -78.917496 0.7353 0.7353 0.7353
v 995.114319 228.272995 -81.604645 0.7353 0.7353 0.7353
v 983.864319 228.272995 -81.604645 0.7353 0.7353 0.7353
v 972.614319 228.272995 -81.604645 0.7353 0.7353 0.7353
v 961.364319 228.272995 -81.604645 0.7353 0.7353 0.7353
v 950.114319 228.272995 -81.604645 0.7353 0.7353 0.7353
v 938.864319 228.272995 -81.604645 0.7353 0.7353 0.7353
v 927.614319 228.272995 -81.604645 0.7353 0.7353 0.7353
v 916.364319 228.272995 -81.604645 0.7353 0.7353 0.7353
v 905.114319 228.272995 -81.604645 0.7353 0.7353 0.7353
v 995.114319 195.761673 -87.100471 0.7353 0.7353 0.7353
v 983.864319 195.761673 -87.100471 0.7353 0.7353 0.7353
v 972.614319 195.761673 -87.100471 0.7353 0.7353 0.7353
v 961.364319 195.761673 -87.100471 0.7353 0.7353 0.7353
v 950.114319 195.761673 -87.100471 0.7353 0.7353 0.7353
v 938.864319 195.761673 -87.100471 0.7353 0.7353 0.7353
v 927.614319 195.761673 -87.100471 0.7353 0.7353 0.7353
v 916.364319 195.761673 -87.100471 0.7353 0.7353 0.7353
v 905.114319 195.761673 -87.100471 0.7353 0.7353 0.7353
v 995.114319 181.724823 -89.673981 0.7353 0.7353 0.7353
v 983.864319 181.724823 -89.673981 0.7353 0.7353 0.7353
v 972.614319 181.724823 -89.673981 0.7353 0.7353 0.7353
v 961.364319 181.724823 -89.673981 0.7353 0.7353 0.7353
v 950.114319 181.724823 -89.673981 0.7353 0.7353 0.7353
v 938.864319 181.724823 -89.673981 0.7353 0.7353 0.7353
v 927.614319 181.724823 -89.673981 0.7353 0.7353 0.7353
v 916.364319 181.724823 -89.673981 0.7353 0.7353 0.7353
v 905.114319 181.724823 -89.673981 0.7353 0.7353 0.7353
v 995.114319 152.626892 -95.298531 0.7353 0.7353 0.7353
v 983.864319 152.626892 -95.298531 0.7353 0.7353 0.7353
v 972.614319 152.626892 -95.298531 0.7353 0.7353 0.7353
v 961.364319 152.626892 -95.298531 0.7353 0.7353 0.7353
v 950.114319 152.626892 -95.298531 0.7353 0.7353 0.7353
v 938.864319 152.626892 -95.298531 0.7353 0.7353 0.7353
v 927.614319 152.626892 -95.298531 0.7353 0.7353 0.7353
v 916.364319 152.626892 -95.298531 0.7353 0.7353 0.7353
v 905.114319 152.626892 -95.298531 0.7353 0.7353 0.7353
v 995.114319 138.352814 -98.162132 0.7353 0.7353 0.7353
v 983.864319 138.352814 -98.162132 0.7353 0.7353 0.7353
v 972.614319 138.352814 -98.162132 0.7353 0.7353 0.7353
v 961.364319 138.352814 -98.162132 0.7353 0.7353 0.7353
v 950.114319 138.352814 -98.162132 0.7353 0.7353 0.7353
v 938.864319 138.352814 -98.162132 0.7353 0.7353 0.7353
v 927.614319 138.352814 -98.162132 0.7353 0.7353 0.7353
v 916.364319 138.352814 -98.162132 0.7353 0.7353 0.7353
v 905.114319 138.352814 -98.162132 0.7353 0.7353 0.7353
v 995.114319 109.612396 -104.041786 0.7353 0.7353 0.7353
v 983.864319 109.612396 -104.041786 0.7353 0.7353 0.7353
v 972.614319 109.612396 -104.041786 0.7353 0.7353 0.7353
v 961.364319 109.612396 -104.041786 0.7353 0.7353 0.7353
v 950.114319 109.612396 -104.041786 0.7353 0.7353 0.7353
v 938.864319 109.612396 -104.041786 0.7353 0.7353 0.7353
v 927.614319 109.612396 -104.041786 0.7353 0.7353 0.7353
v 916.364319 109.612396 -104.041786 0.7353 0.7353 0.7353
v 905.114319 109.612396 -104.041786 0.7353 0.7353 0.7353
v 995.114319 95.363579 -106.975708 0.7353 0.7353 0.7353
v 983.864319 95.363579 -106.975708 0.7353 0.7353 0.7353
v 972.614319 95.363579 -106.975708 0.7353 0.7353 0.7353
v 961.364319 95.363579 -106.975708 0.7353 0.7353 0.7353
v 950.114319 95.363579 -106.975708 0.7353 0.7353 0.7353
v 938.864319 95.363579 -106.975708 0.7353 0.7353 0.7353
v 927.614319 95.363579 -106.975708 0.7353 0.7353 0.7353
v 916.364319 95.363579 -106.975708 0.7353 0.7353 0.7353
v 905.114319 95.363579 -106.975708 0.7353 0.7353 0.7353
v 995.114319 65.573601 -113.047928 0.7353 0.7353 0.7353
v 983.864319 65.573601 -113.047928 0.7353 0.7353 0.7353
v 972.614319 65.573601 -113.047928 0.7353 0.7353 0.7353
v 961.364319 65.573601 -113.047928 0.7353 0.7353 0.7353
v 950.114319 65.573601 -113.047928 0.7353 0.7353 0.7353
v 938.864319 65.573601 -113.047928 0.7353 0.7353 0.7353
v 927.614319 65.573601 -113.047928 0.7353 0.7353 0.7353
v 916.364319 65.573601 -113.047928 0.7353 0.7353 0.7353
v 905.114319 65.573601 -113.047928 0.7353 0.7353 0.7353
v 995.114319 51.365700 -115.875679 0.7353 0.7353 0.7353
v 983.864319 51.365700 -115.875679 0.7353 0.7353 0.7353
v 972.614319 51.365700 -115.875679 0.7353 0.7353 0.7353
v 961.364319 51.365700 -115.875679 0.7353 0.7353 0.7353
v 950.114319 51.365700 -115.875679 0.7353 0.7353 0.7353
v 938.864319 51.365700 -115.875679 0.7353 0.7353 0.7353
v 927.614319 51.365700 -115.875679 0.7353 0.7353 0.7353
v 916.364319 51.365700 -115.875679 0.7353 0.7353 0.7353
v 905.114319 51.365700 -115.875679 0.7353 0.7353 0.7353
v 995.114319 20.156895 -121.825119 0.7353 0.7353 0.7353
v 983.864319 20.156895 -121.825119 0.7353 0.7353 0.7353
v 972.614319 20.156895 -121.825119 0.7353 0.7353 0.7353
v 961.364319 20.156895 -121.825119 0.7353 0.7353 0.7353
v 950.114319 20.156895 -121.825119 0.7353 0.7353 0.7353
v 938.864319 20.156895 -121.825119 0.7353 0.7353 0.7353
v 927.614319 20.156895 -121.825119 0.7353 0.7353 0.7353
v 916.364319 20.156895 -121.825119 0.7353 0.7353 0.7353
v 905.114319 20.156895 -121.825119 0.7353 0.7353 0.7353
v 995.114319 5.974825 -124.369835 0.7353 0.7353 0.7353
v 983.864319 5.974825 -124.369835 0.7353 0.7353 0.7353
v 972.614319 5.974825 -124.369835 0.7353 0.7353 0.7353
v 961.364319 5.974825 -124.369835 0.7353 0.7353 0.7353
v 950.114319 5.974825 -124.369835 0.7353 0.7353 0.7353
v 938.864319 5.974825 -124.369835 0.7353 0.7353 0.7353
v 927.614319 5.974825 -124.369835 0.7353 0.7353 0.7353
v 916.364319 5.974825 -124.369835 0.7353 0.7353 0.7353
v 905.114319 5.974825 -124.369835 0.7353 0.7353 0.7353
v 995.114319 -27.812273 -129.886612 0.7353 0.7353 0.7353
v 983.864319 -27.812273 -129.886612 0.7353 0.7353 0.7353
v 972.614319 -27.812273 -129.886612 0.7353 0.7353 0.7353
v 961.364319 -27.812273 -129.886612 0.7353 0.7353 0.7353
v 950.114319 -27.812273 -129.886612 0.7353 0.7353 0.7353
v 938.864319 -27.812273 -129.886612 0.7353 0.7353 0.7353
v 927.614319 -27.812273 -129.886612 0.7353 0.7353 0.7353
v 916.364319 -27.812273 -129.886612 0.7353 0.7353 0.7353
v 905.114319 -27.812273 -129.886612 0.7353 0.7353 0.7353
v 995.114319 -41.906364 -131.915253 0.7353 0.7353 0.7353
v 983.864319 -41.906364 -131.915253 0.7353 0.7353 0.7353
v 972.614319 -41.906364 -131.915253 0.7353 0.7353 0.7353
v 961.364319 -41.906364 -131.915253 0.7353 0.7353 0.7353
v 950.114319 -41.906364 -131.915253 0.7353 0.7353 0.7353
v 938.864319 -41.906364 -131.915253 0.7353 0.7353 0.7353
v 927.614319 -41.906364 -131.915253 0.7353 0.7353 0.7353
v 916.364319 -41.906364 -131.915253 0.7353 0.7353 0.7353
v 905.114319 -41.906364 -131.915253 0.7353 0.7353 0.7353
v 995.114319 -72.490112 -135.653549 0.7353 0.7353 0.7353
v 983.864319 -72.490112 -135.653549 0.7353 0.7353 0.7353
v 972.614319 -72.490112 -135.653549 0.7353 0.7353 0.7353
v 961.364319 -72.490112 -135.653549 0.7353 0.7353 0.7353
v 950.114319 -72.490112 -135.653549 0.7353 0.7353 0.7353
v 938.864319 -72.490112 -135.653549 0.7353 0.7353 0.7353
v 927.614319 -72.490112 -135.653549 0.7353 0.7353 0.7353
v 916.364319 -72.490112 -135.653549 0.7353 0.7353 0.7353
v 905.114319 -72.490112 -135.653549 0.7353 0.7353 0.7353
v 995.114319 -87.153580 -137.082794 0.7353 0.7353 0.7353
v 983.864319 -87.153580 -137.082794 0.7353 0.7353 0.7353
v 972.614319 -87.153580 -137.082794 0.7353 0.7353 0.7353
v 961.364319 -87.153580 -137.082794 0.7353 0.7353 0.7353
v 950.114319 -87.153580 -137.082794 0.7353 0.7353 0.7353
v 938.864319 -87.153580 -137.082794 0.7353 0.7353 0.7353
v 927.614319 -87.153580 -137.082794 0.7353 0.7353 0.7353
v 916.364319 -87.153580 -137.082794 0.7353 0.7353 0.7353
v 905.114319 -87.153580 -137.082794 0.7353 0.7353 0.7353
v 995.114319 -115.298401 -139.075592 0.7353 0.7353 0.7353
v 983.864319 -115.298401 -139.075592 0.7353 0.7353 0.7353
v 972.614319 -115.298401 -139.075592 0.7353 0.7353 0.7353
v 961.364319 -115.298401 -139.075592 0.7353 0.7353 0.7353
v 950.114319 -115.298401 -139.075592 0.7353 0.7353 0.7353
v 938.864319 -115.298401 -139.075592 0.7353 0.7353 0.7353
v 927.614319 -115.298401 -139.075592 0.7353 0.7353 0.7353
v 916.364319 -115.298401 -139.075592 0.7353 0.7353 0.7353
v 905.114319 -115.298401 -139.075592 0.7353 0.7353 0.7353
v 995.114319 -136.083862 -139.846878 0.7353 0.7353 0.7353
v 983.864319 -136.083862 -139.846878 0.7353 0.7353 0.7353
v 972.614319 -136.083862 -139.846878 0.7353 0.7353 0.7353
v 961.364319 -136.083862 -139.846878 0.7353 0.7353 0.7353
v 950.114319 -136.083862 -139.846878 0.7353 0.7353 0.7353
v 938.864319 -136.083862 -139.846878 0.7353 0.7353 0.7353
v 927.614319 -136.083862 -139.846878 0.7353 0.7353 0.7353
v 916.364319 -136.083862 -139.846878 0.7353 0.7353 0.7353
v 905.114319 -136.083862 -139.846878 0.7353 0.7353 0.7353
v 995.114319 -150.000031 -140.000000 0.7353 0.7353 0.7353
v 983.864319 -150.000031 -140.000000 0.7353 0.7353 0.7353
v 972.614319 -150.000031 -140.000000 0.7353 0.7353 0.7353
v 961.364319 -150.000031 -140.000000 0.7353 0.7353 0.7353
v 950.114319 -150.000031 -140.000000 0.7353 0.7353 0.7353
v 938.864319 -150.000031 -140.000000 0.7353 0.7353 0.7353
v 927.614319 -150.000031 -140.000000 0.7353 0.7353 0.7353
v 916.364319 -150.000031 -140.000000 0.7353 0.7353 0.7353
v 905.114319 -150.000031 -140.000000 0.7353 0.7353 0.7353
v 905.114319 360.000000 -69.999977 0.9063 0.9063 0.9063
v 905.114319 360.010284 -72.999962 0.9063 0.9063 0.9063
v 905.114319 261.196228 -76.872620 0.9063 0.9063 0.9063
v 905.114319 261.579193 -79.848076 0.9063 0.9063 0.9063
v 905.114319 246.144104 -78.917496 0.9063 0.9063 0.9063
v 905.114319 246.568207 -81.887367 0.9063 0.9063 0.9063
v 905.114319 228.272995 -81.604645 0.9063 0.9063 0.9063
v 905.114319 228.740097 -84.568062 0.9063 0.9063 0.9063
v 905.114319 195.761673 -87.100471 0.9063 0.9063 0.9063
v 905.114319 196.291641 -90.053291 0.9063 0.9063 0.9063
v 905.114319 181.724823 -89.673981 0.9063 0.9063 0.9063
v 905.114319 182.276367 -92.622841 0.9063 0.9063 0.9063
v 905.114319 152.626892 -95.298531 0.9063 0.9063 0.9063
v 905.114319 153.211426 -98.241035 0.9063 0.9063 0.9063
v 905.114319 138.352814 -98.162132 0.9063 0.9063 0.9063
v 905.114319 138.947861 -101.102524 0.9063 0.9063 0.9063
v 905.114319 109.612396 -104.041786 0.9063 0.9063 0.9063
v 905.114319 110.217415 -106.980148 0.9063 0.9063 0.9063
v 905.114319 95.363579 -106.975708 0.9063 0.9063 0.9063
v 905.114319 95.967987 -109.914192 0.9063 0.9063 0.9063
v 905.114319 65.573601 -113.047928 0.9063 0.9063 0.9063
v 905.114319 66.164848 -115.989090 0.9063 0.9063 0.9063
v 905.114319 51.365700 -115.875679 0.9063 0.9063 0.9063
v 905.114319 51.944973 -118.819221 0.9063 0.9063 0.9063
v 905.114319 20.156895 -121.825119 0.9063 0.9063 0.9063
v 905.114319 20.698133 -124.775894 0.9063 0.9063 0.9063
v 905.114319 5.974825 -124.369835 0.9063 0.9063 0.9063
v 905.114319 6.492494 -127.324837 0.9063 0.9063 0.9063
v 905.114319 -27.812273 -129.886612 0.9063 0.9063 0.9063
v 905.114319 -27.366934 -132.853378 0.9063 0.9063 0.9063
v 905.114319 -41.906364 -131.915253 0.9063 0.9063 0.9063
v 905.114319 -41.497669 -134.887283 0.9063 0.9063 0.9063
v 905.114319 -72.490112 -135.653549 0.9063 0.9063 0.9063
v 905.114319 -72.174095 -138.636856 0.9063 0.9063 0.9063
v 905.114319 -87.153580 -137.082794 0.9063 0.9063 0.9063
v 905.114319 -86.888435 -140.071045 0.9063 0.9063 0.9063
v 905.114319 -115.298401 -139.075592 0.9063 0.9063 0.9063
v 905.114319 -115.142616 -142.071548 0.9063 0.9063 0.9063
v 905.114319 -136.083862 -139.846878 0.9063 0.9063 0.9063
v 905.114319 -136.019012 -142.846176 0.9063 0.9063 0.9063
v 905.114319 -150.000031 -140.000000 0.9063 0.9063 0.9063
v 905.114319 -150.000031 -143.000000 0.9063 0.9063 0.9063
v 995.114319 360.000000 -69.999977 0.9063 0.9063 0.9063
v 995.114319 360.010284 -72.999962 0.9063 0.9063 0.9063
v 995.114319 261.196228 -76.872620 0.9063 0.9063 0.9063
v 995.114319 261.579193 -79.848076 0.9063 0.9063 0.9063
v 995.114319 246.144104 -78.917496 0.9063 0.9063 0.9063
v 995.114319 246.568207 -81.887367 0.9063 0.9063 0.9063
v 995.114319 228.272995 -81.604645 0.9063 0.9063 0.9063
v 995.114319 228.740097 -84.568062 0.9063 0.9063 0.9063
v 995.114319 195.761673 -87.100471 0.9063 0.9063 0.9063
v 995.114319 196.291641 -90.053291 0.9063 0.9063 0.9063
v 995.114319 181.724823 -89.673981 0.9063 0.9063 0.9063
v 995.114319 182.276367 -92.622841 0.9063 0.9063 0.9063
v 995.114319 152.626892 -95.298531 0.9063 0.9063 0.9063
v 995.114319 153.211426 -98.241035 0.9063 0.9063 0.9063
v 995.114319 138.352814 -98.162132 0.9063 0.9063 0.9063
v 995.114319 138.947861 -101.102524 0.9063 0.9063 0.9063
v 995.114319 109.612396 -104.041786 0.9063 0.9063 0.9063
v 995.114319 110.217415 -106.980148 0.9063 0.9063 0.9063
v 995.114319 95.363579 -106.975708 0.9063 0.9063 0.9063
v 995.114319 95.967987 -109.914192 0.9063 0.9063 0.9063
v 995.114319 65.573601 -113.047928 0.9063 0.9063 0.9063
v 995.114319 66.164848 -115.989090 0.9063 0.9063 0.9063
v 995.114319 51.365700 -115.875679 0.9063 0.9063 0.9063
v 995.114319 51.944973 -118.819221 0.9063 0.9063 0.9063
v 995.114319 20.156895 -121.825119 0.9063 0.9063 0.9063
v 995.114319 20.698133 -124.775894 0.9063 0.9063 0.9063
v 995.114319 5.974825 -124.369835 0.9063 0.9063 0.9063
v 995.114319 6.492494 -127.324837 0.9063 0.9063 0.9063
v 995.114319 -27.812273 -129.886612 0.9063 0.9063 0.9063
v 995.114319 -27.366934 -132.853378 0.9063 0.9063 0.9063
v 995.114319 -41.906364 -131.915253 0.9063 0.9063 0.9063
v 995.114319 -41.497669 -134.887283 0.9063 0.9063 0.9063
v 995.114319 -72.490112 -135.653549 0.9063 0.9063 0.9063
v 995.114319 -72.174095 -138.636856 0.9063 0.9063 0.9063
v 995.114319 -87.153580 -137.082794 0.9063 0.9063 0.9063
v 995.114319 -86.888435 -140.071045 0.9063 0.9063 0.9063
v 995.114319 -115.298401 -139.075592 0.9063 0.9063 0.9063
v 995.114319 -115.142616 -142.071548 0.9063 0.9063 0.9063
v 995.114319 -136.083862 -139.846878 0.9063 0.9063 0.9063
v 995.114319 -136.019012 -142.846176 0.9063 0.9063 0.9063
v 995.114319 -150.000031 -140.000000 0.9063 0.9063 0.9063
v 995.114319 -150.000031 -143.000000 0.9063 0.9063 0.9063
vn -0.0000 0.0034 -1.0000
vn -0.0000 0.1277 -0.9918
vn -0.0000 0.1276 -0.9918
vn -0.0000 0.1417 -0.9899
vn -0.0000 0.1557 -0.9878
vn -0.0000 0.1558 -0.9878
vn -0.0000 0.1767 -0.9843
vn -0.0000 0.1838 -0.9830
vn -0.0000 0.1839 -0.9829
vn -0.0000 0.1948 -0.9808
vn -0.0000 0.1949 -0.9808
vn -0.0000 0.1986 -0.9801
vn -0.0000 0.1982 -0.9802
vn -0.0000 0.1981 -0.9802
vn -0.0000 0.2016 -0.9795
vn -0.0000 0.2017 -0.9794
vn -0.0000 0.2014 -0.9795
vn -0.0000 0.2015 -0.9795
vn -0.0000 0.1975 -0.9803
vn -0.0000 0.1971 -0.9804
vn -0.0000 0.1931 -0.9812
vn -0.0000 0.1804 -0.9836
vn -0.0000 0.1805 -0.9836
vn -0.0000 0.1725 -0.9850
vn -0.0000 0.1726 -0.9850
vn -0.0000 0.1484 -0.9889
vn -0.0000 0.1485 -0.9889
vn -0.0000 0.1362 -0.9907
vn -0.0000 0.1053 -0.9944
vn -0.0000 0.0884 -0.9961
vn -0.0000 0.0519 -0.9987
vn -0.0000 0.0216 -0.9998
vn -0.0000 0.0110 -0.9999
vn 1.0000 -0.0000 -0.0000
vn -1.0000 -0.0000 -0.0000
vt 0.000000 0.000000
vt 0.000000 1.920748
vt 0.125000 1.920748
vt 0.125000 0.000000
vt 0.250000 1.920748
vt 0.250000 0.000000
vt 0.375000 1.920748
vt 0.375000 0.000000
vt 0.500000 1.920748
vt 0.500000 0.000000
vt 0.625000 1.920748
vt 0.625000 0.000000
vt 0.750000 1.920748
vt 0.750000 0.000000
vt 0.875000 1.920748
vt 0.875000 0.000000
vt 1.000000 1.920748
vt 1.000000 0.000000
vt 0.000000 2.215338
vt 0.125000 2.215338
vt 0.250000 2.215338
vt 0.375000 2.215338
vt 0.500000 2.215338
vt 0.625000 2.215338
vt 0.750000 2.215338
vt 0.875000 2.215338
vt 1.000000 2.215338
vt 0.000000 2.565811
vt 0.125000 2.565811
vt 0.250000 2.565811
vt 0.375000 2.565811
vt 0.500000 2.565811
vt 0.625000 2.565811
vt 0.750000 2.565811
vt 0.875000 2.565811
vt 1.000000 2.565811
vt 0.000000 3.205254
vt 0.125000 3.205254
vt 0.250000 3.205254
vt 0.375000 3.205254
vt 0.500000 3.205254
vt 0.625000 3.205254
vt 0.750000 3.205254
vt 0.875000 3.205254
vt 1.000000 3.205254
vt 0.000000 3.482010
vt 0.125000 3.482010
vt 0.250000 3.482010
vt 0.375000 3.482010
vt 0.500000 3.482010
vt 0.625000 3.482010
vt 0.750000 3.482010
vt 0.875000 3.482010
vt 1.000000 3.482010
vt 0.000000 4.056757
vt 0.125000 4.056757
vt 0.250000 4.056757
vt 0.375000 4.056757
vt 0.500000 4.056757
vt 0.625000 4.056757
vt 0.750000 4.056757
vt 0.875000 4.056757
vt 1.000000 4.056757
vt 0.000000 4.339092
vt 0.125000 4.339092
vt 0.250000 4.339092
vt 0.375000 4.339092
vt 0.500000 4.339092
vt 0.625000 4.339092
vt 0.750000 4.339092
vt 0.875000 4.339092
vt 1.000000 4.339092
vt 0.000000 4.908004
vt 0.125000 4.908004
vt 0.250000 4.908004
vt 0.375000 4.908004
vt 0.500000 4.908004
vt 0.625000 4.908004
vt 0.750000 4.908004
vt 0.875000 4.908004
vt 1.000000 4.908004
vt 0.000000 5.190130
vt 0.125000 5.190130
vt 0.250000 5.190130
vt 0.375000 5.190130
vt 0.500000 5.190130
vt 0.625000 5.190130
vt 0.750000 5.190130
vt 0.875000 5.190130
vt 1.000000 5.190130
vt 0.000000 5.779732
vt 0.125000 5.779732
vt 0.250000 5.779732
vt 0.375000 5.779732
vt 0.500000 5.779732
vt 0.625000 5.779732
vt 0.750000 5.779732
vt 0.875000 5.779732
vt 1.000000 5.779732
vt 0.000000 6.060673
vt 0.125000 6.060673
vt 0.250000 6.060673
vt 0.375000 6.060673
vt 0.500000 6.060673
vt 0.625000 6.060673
vt 0.750000 6.060673
vt 0.875000 6.060673
vt 1.000000 6.060673
vt 0.000000 6.676809
vt 0.125000 6.676809
vt 0.250000 6.676809
vt 0.375000 6.676809
vt 0.500000 6.676809
vt 0.625000 6.676809
vt 0.750000 6.676809
vt 0.875000 6.676809
vt 1.000000 6.676809
vt 0.000000 6.956237
vt 0.125000 6.956237
vt 0.250000 6.956237
vt 0.375000 6.956237
vt 0.500000 6.956237
vt 0.625000 6.956237
vt 0.750000 6.956237
vt 0.875000 6.956237
vt 1.000000 6.956237
vt 0.000000 7.620153
vt 0.125000 7.620153
vt 0.250000 7.620153
vt 0.375000 7.620153
vt 0.500000 7.620153
vt 0.625000 7.620153
vt 0.750000 7.620153
vt 0.875000 7.620153
vt 1.000000 7.620153
vt 0.000000 7.896299
vt 0.125000 7.896299
vt 0.250000 7.896299
vt 0.375000 7.896299
vt 0.500000 7.896299
vt 0.625000 7.896299
vt 0.750000 7.896299
vt 0.875000 7.896299
vt 1.000000 7.896299
vt 0.000000 8.493829
vt 0.125000 8.493829
vt 0.250000 8.493829
vt 0.375000 8.493829
vt 0.500000 8.493829
vt 0.625000 8.493829
vt 0.750000 8.493829
vt 0.875000 8.493829
vt 1.000000 8.493829
vt 0.000000 8.779548
vt 0.125000 8.779548
vt 0.250000 8.779548
vt 0.375000 8.779548
vt 0.500000 8.779548
vt 0.625000 8.779548
vt 0.750000 8.779548
vt 0.875000 8.779548
vt 1.000000 8.779548
vt 0.000000 9.326732
vt 0.125000 9.326732
vt 0.250000 9.326732
vt 0.375000 9.326732
vt 0.500000 9.326732
vt 0.625000 9.326732
vt 0.750000 9.326732
vt 0.875000 9.326732
vt 1.000000 9.326732
vt 0.000000 9.730105
vt 0.125000 9.730105
vt 0.250000 9.730105
vt 0.375000 9.730105
vt 0.500000 9.730105
vt 0.625000 9.730105
vt 0.750000 9.730105
vt 0.875000 9.730105
vt 1.000000 9.730105
vt 0.000000 10.000000
vt 0.125000 10.000000
vt 0.250000 10.000000
vt 0.375000 10.000000
vt 0.500000 10.000000
vt 0.625000 10.000000
vt 0.750000 10.000000
vt 0.875000 10.000000
vt 1.000000 10.000000
s 1
usemtl track_surface
f 1509/1045/1088 1518/1046/1089 1519/1047/1090 1510/1048/1088
f 1510/1048/1088 1519/1047/1090 1520/1049/1090 1511/1050/1088
f 1511/1050/1088 1520/1049/1090 1521/1051/1090 1512/1052/1088
f 1512/1052/1088 1521/1051/1090 1522/1053/1090 1513/1054/1088
f 1513/1054/1088 1522/1053/1090 1523/1055/1090 1514/1056/1088
f 1514/1056/1088 1523/1055/1090 1524/1057/1090 1515/1058/1088
f 1515/1058/1088 1524/1057/1090 1525/1059/1090 1516/1060/1088
f 1516/1060/1088 1525/1059/1090 1526/1061/1089 1517/1062/1088
f 1518/1046/1089 1527/1063/1091 1528/1064/1091 1519/1047/1090
f 1519/1047/1090 1528/1064/1091 1529/1065/1091 1520/1049/1090
f 1520/1049/1090 1529/1065/1091 1530/1066/1091 1521/1051/1090
f 1521/1051/1090 1530/1066/1091 1531/1067/1091 1522/1053/1090
f 1522/1053/1090 1531/1067/1091 1532/1068/1091 1523/1055/1090
f 1523/1055/1090 1532/1068/1091 1533/1069/1091 1524/1057/1090
f 1524/1057/1090 1533/1069/1091 1534/1070/1091 1525/1059/1090
f 1525/1059/1090 1534/1070/1091 1535/1071/1091 1526/1061/1089
f 1527/1063/1091 1536/1072/1092 1537/1073/1092 1528/1064/1091
f 1528/1064/1091 1537/1073/1092 1538/1074/1092 1529/1065/1091
f 1529/1065/1091 1538/1074/1092 1539/1075/1093 1530/1066/1091
f 1530/1066/1091 1539/1075/1093 1540/1076/1092 1531/1067/1091
f 1531/1067/1091 1540/1076/1092 1541/1077/1092 1532/1068/1091
f 1532/1068/1091 1541/1077/1092 1542/1078/1092 1533/1069/1091
f 1533/1069/1091 1542/1078/1092 1543/1079/1092 1534/1070/1091
f 1534/1070/1091 1543/1079/1092 1544/1080/1092 1535/1071/1091
f 1536/1072/1092 1545/1081/1094 1546/1082/1094 1537/1073/1092
f 1537/1073/1092 1546/1082/1094 1547/1083/1094 1538/1074/1092
f 1538/1074/1092 1547/1083/1094 1548/1084/1094 1539/1075/1093
f 1539/1075/1093 1548/1084/1094 1549/1085/1094 1540/1076/1092
f 1540/1076/1092 1549/1085/1094 1550/1086/1094 1541/1077/1092
f 1541/1077/1092 1550/1086/1094 1551/1087/1094 1542/1078/1092
f 1542/1078/1092 1551/1087/1094 1552/1088/1094 1543/1079/1092
f 1543/1079/1092 1552/1088/1094 1553/1089/1094 1544/1080/1092
f 1545/1081/1094 1554/1090/1095 1555/1091/1096 1546/1082/1094
f 1546/1082/1094 1555/1091/1096 1556/1092/1096 1547/1083/1094
f 1547/1083/1094 1556/1092/1096 1557/1093/1096 1548/1084/1094
f 1548/1084/1094 1557/1093/1096 1558/1094/1096 1549/1085/1094
f 1549/1085/1094 1558/1094/1096 1559/1095/1096 1550/1086/1094
f 1550/1086/1094 1559/1095/1096 1560/1096/1095 1551/1087/1094
f 1551/1087/1094 1560/1096/1095 1561/1097/1095 1552/1088/1094
f 1552/1088/1094 1561/1097/1095 1562/1098/1096 1553/1089/1094
f 1554/1090/1095 1563/1099/1097 1564/1100/1097 1555/1091/1096
f 1555/1091/1096 1564/1100/1097 1565/1101/1097 1556/1092/1096
f 1556/1092/1096 1565/1101/1097 1566/1102/1097 1557/1093/1096
f 1557/1093/1096 1566/1102/1097 1567/1103/1097 1558/1094/1096
f 1558/1094/1096 1567/1103/1097 1568/1104/1097 1559/1095/1096
f 1559/1095/1096 1568/1104/1097 1569/1105/1098 1560/1096/1095
f 1560/1096/1095 1569/1105/1098 1570/1106/1098 1561/1097/1095
f 1561/1097/1095 1570/1106/1098 1571/1107/1097 1562/1098/1096
f 1563/1099/1097 1572/1108/1099 1573/1109/1100 1564/1100/1097
f 1564/1100/1097 1573/1109/1100 1574/1110/1101 1565/1101/1097
f 1565/1101/1097 1574/1110/1101 1575/1111/1101 1566/1102/1097
f 1566/1102/1097 1575/1111/1101 1576/1112/1101 1567/1103/1097
f 1567/1103/1097 1576/1112/1101 1577/1113/1099 1568/1104/1097
f 1568/1104/1097 1577/1113/1099 1578/1114/1100 1569/1105/1098
f 1569/1105/1098 1578/1114/1100 1579/1115/1101 1570/1106/1098
f 1570/1106/1098 1579/1115/1101 1580/1116/1100 1571/1107/1097
f 1572/1108/1099 1581/1117/1102 1582/1118/1102 1573/1109/1100
f 1573/1109/1100 1582/1118/1102 1583/1119/1103 1574/1110/1101
f 1574/1110/1101 1583/1119/1103 1584/1120/1102 1575/1111/1101
f 1575/1111/1101 1584/1120/1102 1585/1121/1103 1576/1112/1101
f 1576/1112/1101 1585/1121/1103 1586/1122/1103 1577/1113/1099
f 1577/1113/1099 1586/1122/1103 1587/1123/1102 1578/1114/1100
f 1578/1114/1100 1587/1123/1102 1588/1124/1103 1579/1115/1101
f 1579/1115/1101 1588/1124/1103 1589/1125/1103 1580/1116/1100
f 1581/1117/1102 1590/1126/1104 1591/1127/1104 1582/1118/1102
f 1582/1118/1102 1591/1127/1104 1592/1128/1105 1583/1119/1103
f 1583/1119/1103 1592/1128/1105 1593/1129/1104 1584/1120/1102
f 1584/1120/1102 1593/1129/1104 1594/1130/1104 1585/1121/1103
f 1585/1121/1103 1594/1130/1104 1595/1131/1105 1586/1122/1103
f 1586/1122/1103 1595/1131/1105 1596/1132/1105 1587/1123/1102
f 1587/1123/1102 1596/1132/1105 1597/1133/1104 1588/1124/1103
f 1588/1124/1103 1597/1133/1104 1598/1134/1104 1589/1125/1103
f 1590/1126/1104 1599/1135/1106 1600/1136/1106 1591/1127/1104
f 1591/1127/1104 1600/1136/1106 1601/1137/1107 1592/1128/1105
f 1592/1128/1105 1601/1137/1107 1602/1138/1107 1593/1129/1104
f 1593/1129/1104 1602/1138/1107 1603/1139/1106 1594/1130/1104
f 1594/1130/1104 1603/1139/1106 1604/1140/1107 1595/1131/1105
f 1595/1131/1105 1604/1140/1107 1605/1141/1107 1596/1132/1105
f 1596/1132/1105 1605/1141/1107 1606/1142/1106 1597/1133/1104
f 1597/1133/1104 1606/1142/1106 1607/1143/1106 1598/1134/1104
f 1599/1135/1106 1608/1144/1108 1609/1145/1108 1600/1136/1106
f 1600/1136/1106 1609/1145/1108 1610/1146/1108 1601/1137/1107
f 1601/1137/1107 1610/1146/1108 1611/1147/1108 1602/1138/1107
f 1602/1138/1107 1611/1147/1108 1612/1148/1108 1603/1139/1106
f 1603/1139/1106 1612/1148/1108 1613/1149/1108 1604/1140/1107
f 1604/1140/1107 1613/1149/1108 1614/1150/1108 1605/1141/1107
f 1605/1141/1107 1614/1150/1108 1615/1151/1108 1606/1142/1106
f 1606/1142/1106 1615/1151/1108 1616/1152/1108 1607/1143/1106
f 1608/1144/1108 1617/1153/1109 1618/1154/1110 1609/1145/1108
f 1609/1145/1108 1618/1154/1110 1619/1155/1109 1610/1146/1108
f 1610/1146/1108 1619/1155/1109 1620/1156/1109 1611/1147/1108
f 1611/1147/1108 1620/1156/1109 1621/1157/1109 1612/1148/1108
f 1612/1148/1108 1621/1157/1109 1622/1158/1109 1613/1149/1108
f 1613/1149/1108 1622/1158/1109 1623/1159/1109 1614/1150/1108
f 1614/1150/1108 1623/1159/1109 1624/1160/1109 1615/1151/1108
f 1615/1151/1108 1624/1160/1109 1625/1161/1109 1616/1152/1108
f 1617/1153/1109 1626/1162/1111 1627/1163/1112 1618/1154/1110
f 1618/1154/1110 1627/1163/1112 1628/1164/1112 1619/1155/1109
f 1619/1155/1109 1628/1164/1112 1629/1165/1112 1620/1156/1109
f 1620/1156/1109 1629/1165/1112 1630/1166/1112 1621/1157/1109
f 1621/1157/1109 1630/1166/1112 1631/1167/1112 1622/1158/1109
f 1622/1158/1109 1631/1167/1112 1632/1168/1112 1623/1159/1109
f 1623/1159/1109 1632/1168/1112 1633/1169/1112 1624/1160/1109
f 1624/1160/1109 1633/1169/1112 1634/1170/1112 1625/1161/1109
f 1626/1162/1111 1635/1171/1113 1636/1172/1114 1627/1163/1112
f 1627/1163/1112 1636/1172/1114 1637/1173/1114 1628/1164/1112
f 1628/1164/1112 1637/1173/1114 1638/1174/1114 1629/1165/1112
f 1629/1165/1112 1638/1174/1114 1639/1175/1114 1630/1166/1112
f 1630/1166/1112 1639/1175/1114 1640/1176/1113 1631/1167/1112
f 1631/1167/1112 1640/1176/1113 1641/1177/1113 1632/1168/1112
f 1632/1168/1112 1641/1177/1113 1642/1178/1114 1633/1169/1112
f 1633/1169/1112 1642/1178/1114 1643/1179/1113 1634/1170/1112
f 1635/1171/1113 1644/1180/1115 1645/1181/1115 1636/1172/1114
f 1636/1172/1114 1645/1181/1115 1646/1182/1115 1637/1173/1114
f 1637/1173/1114 1646/1182/1115 1647/1183/1115 1638/1174/1114
f 1638/1174/1114 1647/1183/1115 1648/1184/1115 1639/1175/1114
f 1639/1175/1114 1648/1184/1115 1649/1185/1115 1640/1176/1113
f 1640/1176/1113 1649/1185/1115 1650/1186/1115 1641/1177/1113
f 1641/1177/1113 1650/1186/1115 1651/1187/1115 1642/1178/1114
f 1642/1178/1114 1651/1187/1115 1652/1188/1115 1643/1179/1113
f 1644/1180/1115 1653/1189/1116 1654/1190/1116 1645/1181/1115
f 1645/1181/1115 1654/1190/1116 1655/1191/1116 1646/1182/1115
f 1646/1182/1115 1655/1191/1116 1656/1192/1116 1647/1183/1115
f 1647/1183/1115 1656/1192/1116 1657/1193/1116 1648/1184/1115
f 1648/1184/1115 1657/1193/1116 1658/1194/1116 1649/1185/1115
f 1649/1185/1115 1658/1194/1116 1659/1195/1116 1650/1186/1115
f 1650/1186/1115 1659/1195/1116 1660/1196/1116 1651/1187/1115
f 1651/1187/1115 1660/1196/1116 1661/1197/1116 1652/1188/1115
f 1653/1189/1116 1662/1198/1117 1663/1199/1117 1654/1190/1116
f 1654/1190/1116 1663/1199/1117 1664/1200/1117 1655/1191/1116
f 1655/1191/1116 1664/1200/1117 1665/1201/1117 1656/1192/1116
f 1656/1192/1116 1665/1201/1117 1666/1202/1117 1657/1193/1116
f 1657/1193/1116 1666/1202/1117 1667/1203/1117 1658/1194/1116
f 1658/1194/1116 1667/1203/1117 1668/1204/1117 1659/1195/1116
f 1659/1195/1116 1668/1204/1117 1669/1205/1117 1660/1196/1116
f 1660/1196/1116 1669/1205/1117 1670/1206/1117 1661/1197/1116
f 1662/1198/1117 1671/1207/1118 1672/1208/1118 1663/1199/1117
f 1663/1199/1117 1672/1208/1118 1673/1209/1118 1664/1200/1117
f 1664/1200/1117 1673/1209/1118 1674/1210/1118 1665/1201/1117
f 1665/1201/1117 1674/1210/1118 1675/1211/1118 1666/1202/1117
f 1666/1202/1117 1675/1211/1118 1676/1212/1118 1667/1203/1117
f 1667/1203/1117 1676/1212/1118 1677/1213/1118 1668/1204/1117
f 1668/1204/1117 1677/1213/1118 1678/1214/1118 1669/1205/1117
f 1669/1205/1117 1678/1214/1118 1679/1215/1118 1670/1206/1117
f 1671/1207/1118 1680/1216/1119 1681/1217/1119 1672/1208/1118
f 1672/1208/1118 1681/1217/1119 1682/1218/1119 1673/1209/1118
f 1673/1209/1118 1682/1218/1119 1683/1219/1119 1674/1210/1118
f 1674/1210/1118 1683/1219/1119 1684/1220/1119 1675/1211/1118
f 1675/1211/1118 1684/1220/1119 1685/1221/1119 1676/1212/1118
f 1676/1212/1118 1685/1221/1119 1686/1222/1119 1677/1213/1118
f 1677/1213/1118 1686/1222/1119 1687/1223/1119 1678/1214/1118
f 1678/1214/1118 1687/1223/1119 1688/1224/1119 1679/1215/1118
f 1680/1216/1119 1689/1225/1120 1690/1226/1120 1681/1217/1119
f 1681/1217/1119 1690/1226/1120 1691/1227/1120 1682/1218/1119
f 1682/1218/1119 1691/1227/1120 1692/1228/1120 1683/1219/1119
f 1683/1219/1119 1692/1228/1120 1693/1229/1120 1684/1220/1119
f 1684/1220/1119 1693/1229/1120 1694/1230/1120 1685/1221/1119
f 1685/1221/1119 1694/1230/1120 1695/1231/1120 1686/1222/1119
f 1686/1222/1119 1695/1231/1120 1696/1232/1120 1687/1223/1119
f 1687/1223/1119 1696/1232/1120 1697/1233/1120 1688/1224/1119
usemtl track_rail
f 1700/1046/1121 1701/1061/1121 1699/1062/1121 1698/1045/1121
f 1702/1063/1121 1703/1071/1121 1701/1061/1121 1700/1046/1121
f 1704/1072/1121 1705/1080/1121 1703/1071/1121 1702/1063/1121
f 1706/1081/1121 1707/1089/1121 1705/1080/1121 1704/1072/1121
f 1708/1090/1121 1709/1098/1121 1707/1089/1121 1706/1081/1121
f 1710/1099/1121 1711/1107/1121 1709/1098/1121 1708/1090/1121
f 1712/1108/1121 1713/1116/1121 1711/1107/1121 1710/1099/1121
f 1714/1117/1121 1715/1125/1121 1713/1116/1121 1712/1108/1121
f 1716/1126/1121 1717/1134/1121 1715/1125/1121 1714/1117/1121
f 1718/1135/1121 1719/1143/1121 1717/1134/1121 1716/1126/1121
f 1720/1144/1121 1721/1152/1121 1719/1143/1121 1718/1135/1121
f 1722/1153/1121 1723/1161/1121 1721/1152/1121 1720/1144/1121
f 1724/1162/1121 1725/1170/1121 1723/1161/1121 1722/1153/1121
f 1726/1171/1121 1727/1179/1121 1725/1170/1121 1724/1162/1121
f 1728/1180/1121 1729/1188/1121 1727/1179/1121 1726/1171/1121
f 1730/1189/1121 1731/1197/1121 1729/1188/1121 1728/1180/1121
f 1732/1198/1121 1733/1206/1121 1731/1197/1121 1730/1189/1121
f 1734/1207/1121 1735/1215/1121 1733/1206/1121 1732/1198/1121
f 1736/1216/1121 1737/1224/1121 1735/1215/1121 1734/1207/1121
f 1738/1225/1121 1739/1233/1121 1737/1224/1121 1736/1216/1121
f 1740/1062/1122 1741/1045/1122 1743/1046/1122 1742/1061/1122
f 1742/1061/1122 1743/1046/1122 1745/1063/1122 1744/1071/1122
f 1744/1071/1122 1745/1063/1122 1747/1072/1122 1746/1080/1122
f 1746/1080/1122 1747/1072/1122 1749/1081/1122 1748/1089/1122
f 1748/1089/1122 1749/1081/1122 1751/1090/1122 1750/1098/1122
f 1750/1098/1122 1751/1090/1122 1753/1099/1122 1752/1107/1122
f 1752/1107/1122 1753/1099/1122 1755/1108/1122 1754/1116/1122
f 1754/1116/1122 1755/1108/1122 1757/1117/1122 1756/1125/1122
f 1756/1125/1122 1757/1117/1122 1759/1126/1122 1758/1134/1122
f 1758/1134/1122 1759/1126/1122 1761/1135/1122 1760/1143/1122
f 1760/1143/1122 1761/1135/1122 1763/1144/1122 1762/1152/1122
f 1762/1152/1122 1763/1144/1122 1765/1153/1122 1764/1161/1122
f 1764/1161/1122 1765/1153/1122 1767/1162/1122 1766/1170/1122
f 1766/1170/1122 1767/1162/1122 1769/1171/1122 1768/1179/1122
f 1768/1179/1122 1769/1171/1122 1771/1180/1122 1770/1188/1122
f 1770/1188/1122 1771/1180/1122 1773/1189/1122 1772/1197/1122
f 1772/1197/1122 1773/1189/1122 1775/1198/1122 1774/1206/1122
f 1774/1206/1122 1775/1198/1122 1777/1207/1122 1776/1215/1122
f 1776/1215/1122 1777/1207/1122 1779/1216/1122 1778/1224/1122
f 1778/1224/1122 1779/1216/1122 1781/1225/1122 1780/1233/1122
o FZGXStream5.000_PreviewMesh
v 995.112671 -150.000168 -139.999985 0.7353 0.7353 0.7353
v 983.862671 -150.000168 -139.999985 0.7353 0.7353 0.7353
v 972.612671 -150.000168 -139.999985 0.7353 0.7353 0.7353
v 961.362671 -150.000168 -139.999985 0.7353 0.7353 0.7353
v 950.112671 -150.000168 -139.999985 0.7353 0.7353 0.7353
v 938.862671 -150.000168 -139.999985 0.7353 0.7353 0.7353
v 927.612671 -150.000168 -139.999985 0.7353 0.7353 0.7353
v 916.362671 -150.000168 -139.999985 0.7353 0.7353 0.7353
v 905.112671 -150.000168 -139.999985 0.7353 0.7353 0.7353
v 995.107483 -235.167252 -138.347641 0.7353 0.7353 0.7353
v 983.865051 -235.167267 -138.760727 0.7353 0.7353 0.7353
v 972.622620 -235.167267 -139.173813 0.7353 0.7353 0.7353
v 961.380249 -235.167267 -139.586899 0.7353 0.7353 0.7353
v 950.137817 -235.167267 -139.999985 0.7353 0.7353 0.7353
v 938.895386 -235.167267 -140.413071 0.7353 0.7353 0.7353
v 927.652954 -235.167282 -140.826157 0.7353 0.7353 0.7353
v 916.410583 -235.167282 -141.239243 0.7353 0.7353 0.7353
v 905.168152 -235.167282 -141.652328 0.7353 0.7353 0.7353
v 995.089050 -264.390533 -137.125916 0.7353 0.7353 0.7353
v 983.862000 -264.391235 -137.844437 0.7353 0.7353 0.7353
v 972.634949 -264.391937 -138.562958 0.7353 0.7353 0.7353
v 961.407959 -264.392639 -139.281464 0.7353 0.7353 0.7353
v 950.180908 -264.393372 -139.999985 0.7353 0.7353 0.7353
v 938.953857 -264.394073 -140.718506 0.7353 0.7353 0.7353
v 927.726868 -264.394775 -141.437012 0.7353 0.7353 0.7353
v 916.499817 -264.395477 -142.155533 0.7353 0.7353 0.7353
v 905.272766 -264.396210 -142.874054 0.7353 0.7353 0.7353
v 995.049622 -287.592377 -135.979614 0.7353 0.7353 0.7353
v 983.844727 -287.540070 -136.984695 0.7353 0.7353 0.7353
v 972.639832 -287.487762 -137.989792 0.7353 0.7353 0.7353
v 961.434937 -287.435455 -138.994888 0.7353 0.7353 0.7353
v 950.230042 -287.383148 -139.999985 0.7353 0.7353 0.7353
v 939.025146 -287.330841 -141.005081 0.7353 0.7353 0.7353
v 927.820251 -287.278534 -142.010178 0.7353 0.7353 0.7353
v 916.615356 -287.226227 -143.015274 0.7353 0.7353 0.7353
v 905.410461 -287.173920 -144.020355 0.7353 0.7353 0.7353
v 995.504639 -302.352325 -134.879440 0.7353 0.7353 0.7353
v 984.394104 -303.568481 -136.159576 0.7353 0.7353 0.7353
v 973.283508 -304.784637 -137.439713 0.7353 0.7353 0.7353
v 962.172974 -306.000824 -138.719849 0.7353 0.7353 0.7353
v 951.062378 -307.216980 -139.999985 0.7353 0.7353 0.7353
v 939.951782 -308.433136 -141.280121 0.7353 0.7353 0.7353
v 928.841248 -309.649323 -142.560257 0.7353 0.7353 0.7353
v 917.730652 -310.865479 -143.840393 0.7353 0.7353 0.7353
v 906.620117 -312.081635 -145.120529 0.7353 0.7353 0.7353
v 997.458496 -314.925018 -133.815323 0.7353 0.7353 0.7353
v 986.594177 -317.402496 -135.361496 0.7353 0.7353 0.7353
v 975.729797 -319.879974 -136.907654 0.7353 0.7353 0.7353
v 964.865479 -322.357483 -138.453827 0.7353 0.7353 0.7353
v 954.001099 -324.834961 -139.999985 0.7353 0.7353 0.7353
v 943.136780 -327.312439 -141.546143 0.7353 0.7353 0.7353
v 932.272461 -329.789917 -143.092316 0.7353 0.7353 0.7353
v 921.408081 -332.267395 -144.638474 0.7353 0.7353 0.7353
v 910.543762 -334.744873 -146.184647 0.7353 0.7353 0.7353
v 1000.305176 -325.456024 -132.825500 0.7353 0.7353 0.7353
v 989.795532 -329.046753 -134.619125 0.7353 0.7353 0.7353
v 979.285950 -332.637512 -136.412750 0.7353 0.7353 0.7353
v 968.776306 -336.228271 -138.206360 0.7353 0.7353 0.7353
v 958.266724 -339.819031 -139.999985 0.7353 0.7353 0.7353
v 947.757141 -343.409790 -141.793610 0.7353 0.7353 0.7353
v 937.247498 -347.000549 -143.587219 0.7353 0.7353 0.7353
v 926.737915 -350.591309 -145.380844 0.7353 0.7353 0.7353
v 916.228271 -354.182068 -147.174469 0.7353 0.7353 0.7353
v 1004.663452 -336.706604 -131.671860 0.7353 0.7353 0.7353
v 994.677673 -341.451233 -133.753891 0.7353 0.7353 0.7353
v 984.691833 -346.195862 -135.835922 0.7353 0.7353 0.7353
v 974.706055 -350.940491 -137.917953 0.7353 0.7353 0.7353
v 964.720276 -355.685120 -139.999985 0.7353 0.7353 0.7353
v 954.734436 -360.429749 -142.082016 0.7353 0.7353 0.7353
v 944.748657 -365.174377 -144.164047 0.7353 0.7353 0.7353
v 934.762878 -369.919006 -146.246078 0.7353 0.7353 0.7353
v 924.777100 -374.663635 -148.328110 0.7353 0.7353 0.7353
v 1012.665894 -351.315857 -130.025711 0.7353 0.7353 0.7353
v 1003.612915 -357.511688 -132.519272 0.7353 0.7353 0.7353
v 994.559937 -363.707520 -135.012848 0.7353 0.7353 0.7353
v 985.506958 -369.903351 -137.506409 0.7353 0.7353 0.7353
v 976.453979 -376.099182 -139.999985 0.7353 0.7353 0.7353
v 967.401062 -382.295013 -142.493546 0.7353 0.7353 0.7353
v 958.348083 -388.490845 -144.987122 0.7353 0.7353 0.7353
v 949.295105 -394.686676 -147.480682 0.7353 0.7353 0.7353
v 940.242126 -400.882507 -149.974243 0.7353 0.7353 0.7353
v 1019.761536 -361.020752 -128.847183 0.7353 0.7353 0.7353
v 1011.518127 -368.150635 -131.635376 0.7353 0.7353 0.7353
v 1003.274780 -375.280518 -134.423584 0.7353 0.7353 0.7353
v 995.031372 -382.410400 -137.211777 0.7353 0.7353 0.7353
v 986.788025 -389.540253 -139.999969 0.7353 0.7353 0.7353
v 978.544617 -396.670135 -142.788162 0.7353 0.7353 0.7353
v 970.301270 -403.800018 -145.576355 0.7353 0.7353 0.7353
v 962.057861 -410.929901 -148.364563 0.7353 0.7353 0.7353
v 953.814514 -418.059784 -151.152756 0.7353 0.7353 0.7353
v 1029.431152 -371.387878 -127.404999 0.7353 0.7353 0.7353
v 1022.275330 -379.477509 -130.553741 0.7353 0.7353 0.7353
v 1015.119507 -387.567139 -133.702484 0.7353 0.7353 0.7353
v 1007.963684 -395.656769 -136.851227 0.7353 0.7353 0.7353
v 1000.807861 -403.746399 -139.999969 0.7353 0.7353 0.7353
v 993.652039 -411.836029 -143.148712 0.7353 0.7353 0.7353
v 986.496216 -419.925659 -146.297455 0.7353 0.7353 0.7353
v 979.340393 -428.015289 -149.446198 0.7353 0.7353 0.7353
v 972.184570 -436.104919 -152.594940 0.7353 0.7353 0.7353
v 1036.649902 -377.602051 -126.408218 0.7353 0.7353 0.7353
v 1030.287354 -386.235382 -129.806152 0.7353 0.7353 0.7353
v 1023.924805 -394.868713 -133.204102 0.7353 0.7353 0.7353
v 1017.562256 -403.502045 -136.602036 0.7353 0.7353 0.7353
v 1011.199707 -412.135376 -139.999969 0.7353 0.7353 0.7353
v 1004.837158 -420.768707 -143.397903 0.7353 0.7353 0.7353
v 998.474609 -429.402039 -146.795837 0.7353 0.7353 0.7353
v 992.112061 -438.035370 -150.193787 0.7353 0.7353 0.7353
v 985.749512 -446.668732 -153.591721 0.7353 0.7353 0.7353
v 1047.338257 -385.050690 -125.052094 0.7353 0.7353 0.7353
v 1042.122925 -394.291779 -128.789062 0.7353 0.7353 0.7353
v 1036.907471 -403.532867 -132.526031 0.7353 0.7353 0.7353
v 1031.692139 -412.773956 -136.263000 0.7353 0.7353 0.7353
v 1026.476807 -422.015045 -139.999969 0.7353 0.7353 0.7353
v 1021.261475 -431.256104 -143.736938 0.7353 0.7353 0.7353
v 1016.046082 -440.497192 -147.473907 0.7353 0.7353 0.7353
v 1010.830750 -449.738281 -151.210876 0.7353 0.7353 0.7353
v 1005.615417 -458.979370 -154.947845 0.7353 0.7353 0.7353
v 1056.636841 -390.158844 -123.985527 0.7353 0.7353 0.7353
v 1052.389893 -399.776337 -127.989136 0.7353 0.7353 0.7353
v 1048.142822 -409.393799 -131.992752 0.7353 0.7353 0.7353
v 1043.895752 -419.011292 -135.996353 0.7353 0.7353 0.7353
v 1039.648682 -428.628784 -139.999969 0.7353 0.7353 0.7353
v 1035.401611 -438.246277 -144.003586 0.7353 0.7353 0.7353
v 1031.154541 -447.863770 -148.007187 0.7353 0.7353 0.7353
v 1026.907471 -457.481262 -152.010803 0.7353 0.7353 0.7353
v 1022.660461 -467.098755 -156.014404 0.7353 0.7353 0.7353
v 1069.727661 -395.556061 -122.587425 0.7353 0.7353 0.7353
v 1066.809448 -405.510773 -126.940559 0.7353 0.7353 0.7353
v 1063.891235 -415.465515 -131.293701 0.7353 0.7353 0.7353
v 1060.973022 -425.420258 -135.646835 0.7353 0.7353 0.7353
v 1058.054810 -435.374969 -139.999969 0.7353 0.7353 0.7353
v 1055.136597 -445.329712 -144.353104 0.7353 0.7353 0.7353
v 1052.218384 -455.284454 -148.706238 0.7353 0.7353 0.7353
v 1049.300171 -465.239166 -153.059372 0.7353 0.7353 0.7353
v 1046.381836 -475.193909 -157.412506 0.7353 0.7353 0.7353
v 1078.426392 -398.105133 -121.711632 0.7353 0.7353 0.7353
v 1076.377441 -408.177887 -126.283714 0.7353 0.7353 0.7353
v 1074.328369 -418.250641 -130.855804 0.7353 0.7353 0.7353
v 1072.279419 -428.323364 -135.427887 0.7353 0.7353 0.7353
v 1070.230347 -438.396118 -139.999969 0.7353 0.7353 0.7353
v 1068.181396 -448.468842 -144.572052 0.7353 0.7353 0.7353
v 1066.132324 -458.541595 -149.144135 0.7353 0.7353 0.7353
v 1064.083374 -468.614319 -153.716217 0.7353 0.7353 0.7353
v 1062.034302 -478.687073 -158.288315 0.7353 0.7353 0.7353
v 1094.642944 -400.877106 -120.192230 0.7353 0.7353 0.7353
v 1094.134033 -410.965790 -125.144165 0.7353 0.7353 0.7353
v 1093.625122 -421.054504 -130.096100 0.7353 0.7353 0.7353
v 1093.116211 -431.143188 -135.048035 0.7353 0.7353 0.7353
v 1092.607300 -441.231903 -139.999969 0.7353 0.7353 0.7353
v 1092.098389 -451.320587 -144.951904 0.7353 0.7353 0.7353
v 1091.589478 -461.409302 -149.903839 0.7353 0.7353 0.7353
v 1091.080566 -471.497986 -154.855774 0.7353 0.7353 0.7353
v 1090.571655 -481.586700 -159.807709 0.7353 0.7353 0.7353
v 1100.519897 -401.283325 -119.659035 0.7353 0.7353 0.7353
v 1100.549805 -411.318359 -124.744263 0.7353 0.7353 0.7353
v 1100.579712 -421.353394 -129.829498 0.7353 0.7353 0.7353
v 1100.609619 -431.388428 -134.914734 0.7353 0.7353 0.7353
v 1100.639526 -441.423462 -139.999969 0.7353 0.7353 0.7353
v 1100.669556 -451.458527 -145.085205 0.7353 0.7353 0.7353
v 1100.699463 -461.493561 -150.170441 0.7353 0.7353 0.7353
v 1100.729370 -471.528595 -155.255676 0.7353 0.7353 0.7353
v 1100.759277 -481.563629 -160.340912 0.7353 0.7353 0.7353
v 1113.651123 -401.034760 -118.529617 0.7353 0.7353 0.7353
v 1114.856567 -410.847931 -123.897209 0.7353 0.7353 0.7353
v 1116.062012 -420.661102 -129.264801 0.7353 0.7353 0.7353
v 1117.267334 -430.474274 -134.632385 0.7353 0.7353 0.7353
v 1118.472778 -440.287445 -139.999969 0.7353 0.7353 0.7353
v 1119.678223 -450.100647 -145.367554 0.7353 0.7353 0.7353
v 1120.883667 -459.913818 -150.735138 0.7353 0.7353 0.7353
v 1122.089111 -469.726990 -156.102737 0.7353 0.7353 0.7353
v 1123.294556 -479.540161 -161.470322 0.7353 0.7353 0.7353
v 1130.497803 -398.402008 -117.169098 0.7353 0.7353 0.7353
v 1133.138672 -407.729919 -122.876816 0.7353 0.7353 0.7353
v 1135.779541 -417.057861 -128.584534 0.7353 0.7353 0.7353
v 1138.420410 -426.385773 -134.292252 0.7353 0.7353 0.7353
v 1141.061279 -435.713715 -139.999969 0.7353 0.7353 0.7353
v 1143.702148 -445.041626 -145.707687 0.7353 0.7353 0.7353
v 1146.343018 -454.369537 -151.415405 0.7353 0.7353 0.7353
v 1148.984009 -463.697479 -157.123123 0.7353 0.7353 0.7353
v 1151.624878 -473.025391 -162.830841 0.7353 0.7353 0.7353
v 1142.774414 -394.765930 -116.234955 0.7353 0.7353 0.7353
v 1146.412231 -403.599396 -122.176208 0.7353 0.7353 0.7353
v 1150.050049 -412.432861 -128.117462 0.7353 0.7353 0.7353
v 1153.687866 -421.266327 -134.058716 0.7353 0.7353 0.7353
v 1157.325684 -430.099792 -139.999969 0.7353 0.7353 0.7353
v 1160.963501 -438.933258 -145.941223 0.7353 0.7353 0.7353
v 1164.601318 -447.766724 -151.882477 0.7353 0.7353 0.7353
v 1168.239136 -456.600189 -157.823730 0.7353 0.7353 0.7353
v 1171.877075 -465.433685 -163.764984 0.7353 0.7353 0.7353
v 1154.638916 -389.716156 -115.344780 0.7353 0.7353 0.7353
v 1159.198486 -397.949005 -121.508575 0.7353 0.7353 0.7353
v 1163.758179 -406.181854 -127.672371 0.7353 0.7353 0.7353
v 1168.317749 -414.414673 -133.836166 0.7353 0.7353 0.7353
v 1172.877441 -422.647522 -139.999969 0.7353 0.7353 0.7353
v 1177.437134 -430.880371 -146.163773 0.7353 0.7353 0.7353
v 1181.996704 -439.113220 -152.327560 0.7353 0.7353 0.7353
v 1186.556396 -447.346069 -158.491364 0.7353 0.7353 0.7353
v 1191.116089 -455.578918 -164.655167 0.7353 0.7353 0.7353
v 1165.944946 -383.227814 -114.499306 0.7353 0.7353 0.7353
v 1171.343872 -390.762451 -120.874474 0.7353 0.7353 0.7353
v 1176.742920 -398.297119 -127.249634 0.7353 0.7353 0.7353
v 1182.141846 -405.831757 -133.624802 0.7353 0.7353 0.7353
v 1187.540771 -413.366394 -139.999969 0.7353 0.7353 0.7353
v 1192.939819 -420.901062 -146.375137 0.7353 0.7353 0.7353
v 1198.338745 -428.435699 -152.750305 0.7353 0.7353 0.7353
v 1203.737671 -435.970337 -159.125473 0.7353 0.7353 0.7353
v 1209.136719 -443.505005 -165.500641 0.7353 0.7353 0.7353
v 1175.199707 -376.419312 -113.839165 0.7353 0.7353 0.7353
v 1181.258301 -383.280884 -120.379364 0.7353 0.7353 0.7353
v 1187.316895 -390.142456 -126.919563 0.7353 0.7353 0.7353
v 1193.375610 -397.004028 -133.459763 0.7353 0.7353 0.7353
v 1199.434204 -403.865601 -139.999969 0.7353 0.7353 0.7353
v 1205.492798 -410.727173 -146.540176 0.7353 0.7353 0.7353
v 1211.551514 -417.588745 -153.080368 0.7353 0.7353 0.7353
v 1217.610107 -424.450317 -159.620575 0.7353 0.7353 0.7353
v 1223.668701 -431.311890 -166.160782 0.7353 0.7353 0.7353
v 1186.047974 -366.256561 -113.098999 0.7353 0.7353 0.7353
v 1192.845947 -372.182861 -119.824242 0.7353 0.7353 0.7353
v 1199.643921 -378.109161 -126.549484 0.7353 0.7353 0.7353
v 1206.442017 -384.035431 -133.274719 0.7353 0.7353 0.7353
v 1213.239990 -389.961731 -139.999969 0.7353 0.7353 0.7353
v 1220.037964 -395.888031 -146.725220 0.7353 0.7353 0.7353
v 1226.835938 -401.814301 -153.450455 0.7353 0.7353 0.7353
v 1233.633911 -407.740601 -160.175705 0.7353 0.7353 0.7353
v 1240.431885 -413.666901 -166.900940 0.7353 0.7353 0.7353
v 1196.265869 -353.639404 -112.397331 0.7353 0.7353 0.7353
v 1203.721191 -358.472687 -119.297989 0.7353 0.7353 0.7353
v 1211.176636 -363.305939 -126.198647 0.7353 0.7353 0.7353
v 1218.632080 -368.139191 -133.099304 0.7353 0.7353 0.7353
v 1226.087402 -372.972443 -139.999969 0.7353 0.7353 0.7353
v 1233.542847 -377.805725 -146.900635 0.7353 0.7353 0.7353
v 1240.998169 -382.638977 -153.801285 0.7353 0.7353 0.7353
v 1248.453613 -387.472229 -160.701950 0.7353 0.7353 0.7353
v 1255.909058 -392.305481 -167.602615 0.7353 0.7353 0.7353
v 1203.902466 -340.885040 -111.876633 0.7353 0.7353 0.7353
v 1211.829224 -344.665894 -118.907463 0.7353 0.7353 0.7353
v 1219.756104 -348.446747 -125.938301 0.7353 0.7353 0.7353
v 1227.682983 -352.227600 -132.969131 0.7353 0.7353 0.7353
v 1235.609863 -356.008453 -139.999969 0.7353 0.7353 0.7353
v 1243.536621 -359.789307 -147.030807 0.7353 0.7353 0.7353
v 1251.463501 -363.570160 -154.061646 0.7353 0.7353 0.7353
v 1259.390381 -367.351013 -161.092468 0.7353 0.7353 0.7353
v 1267.317261 -371.131866 -168.123306 0.7353 0.7353 0.7353
v 1210.525879 -324.802307 -111.432190 0.7353 0.7353 0.7353
v 1218.848389 -327.310669 -118.574135 0.7353 0.7353 0.7353
v 1227.170776 -329.819031 -125.716080 0.7353 0.7353 0.7353
v 1235.493286 -332.327362 -132.858032 0.7353 0.7353 0.7353
v 1243.815796 -334.835724 -139.999969 0.7353 0.7353 0.7353
v 1252.138184 -337.344086 -147.141907 0.7353 0.7353 0.7353
v 1260.460693 -339.852448 -154.283859 0.7353 0.7353 0.7353
v 1268.783081 -342.360809 -161.425797 0.7353 0.7353 0.7353
v 1277.105591 -344.869171 -168.567749 0.7353 0.7353 0.7353
v 1214.630737 -307.227386 -111.157120 0.7353 0.7353 0.7353
v 1223.185669 -308.401917 -118.367836 0.7353 0.7353 0.7353
v 1231.740723 -309.576447 -125.578545 0.7353 0.7353 0.7353
v 1240.295776 -310.750977 -132.789261 0.7353 0.7353 0.7353
v 1248.850830 -311.925537 -139.999969 0.7353 0.7353 0.7353
v 1257.405884 -313.100067 -147.210678 0.7353 0.7353 0.7353
v 1265.960938 -314.274597 -154.421387 0.7353 0.7353 0.7353
v 1274.515869 -315.449127 -161.632111 0.7353 0.7353 0.7353
v 1283.070923 -316.623688 -168.842819 0.7353 0.7353 0.7353
v 1215.806152 -291.954346 -111.074440 0.7353 0.7353 0.7353
v 1224.423950 -292.006042 -118.305824 0.7353 0.7353 0.7353
v 1233.041748 -292.057739 -125.537209 0.7353 0.7353 0.7353
v 1241.659546 -292.109436 -132.768585 0.7353 0.7353 0.7353
v 1250.277466 -292.161133 -139.999969 0.7353 0.7353 0.7353
v 1258.895264 -292.212830 -147.231354 0.7353 0.7353 0.7353
v 1267.513062 -292.264526 -154.462738 0.7353 0.7353 0.7353
v 1276.130859 -292.316223 -161.694107 0.7353 0.7353 0.7353
v 1284.748779 -292.367920 -168.925491 0.7353 0.7353 0.7353
v 1215.823242 -291.421265 -111.073792 0.7353 0.7353 0.7353
v 1224.441162 -291.421265 -118.305336 0.7353 0.7353 0.7353
v 1233.058960 -291.421265 -125.536880 0.7353 0.7353 0.7353
v 1241.676880 -291.421265 -132.768433 0.7353 0.7353 0.7353
v 1250.294678 -291.421265 -139.999969 0.7353 0.7353 0.7353
v 1258.912476 -291.421265 -147.231506 0.7353 0.7353 0.7353
v 1267.530396 -291.421265 -154.463058 0.7353 0.7353 0.7353
v 1276.148193 -291.421265 -161.694595 0.7353 0.7353 0.7353
v 1284.766113 -291.421265 -168.926147 0.7353 0.7353 0.7353
v 905.112671 -150.000168 -139.999985 0.9063 0.9063 0.9063
v 905.112671 -149.995163 -142.999985 0.9063 0.9063 0.9063
v 905.168152 -235.167282 -141.652328 0.9063 0.9063 0.9063
v 905.278259 -235.057037 -144.648270 0.9063 0.9063 0.9063
v 905.272766 -264.396210 -142.874054 0.9063 0.9063 0.9063
v 905.464172 -264.254700 -145.864594 0.9063 0.9063 0.9063
v 905.410461 -287.173920 -144.020355 0.9063 0.9063 0.9063
v 905.678894 -287.006165 -147.003616 0.9063 0.9063 0.9063
v 906.620117 -312.081635 -145.120529 0.9063 0.9063 0.9063
v 906.944214 -311.908661 -148.097961 0.9063 0.9063 0.9063
v 910.543762 -334.744873 -146.184647 0.9063 0.9063 0.9063
v 910.913269 -334.512970 -149.152756 0.9063 0.9063 0.9063
v 916.228271 -354.182068 -147.174469 0.9063 0.9063 0.9063
v 916.630371 -353.881531 -150.132172 0.9063 0.9063 0.9063
v 924.777100 -374.663635 -148.328110 0.9063 0.9063 0.9063
v 925.208191 -374.279205 -151.271973 0.9063 0.9063 0.9063
v 940.242126 -400.882507 -149.974243 0.9063 0.9063 0.9063
v 940.696716 -400.371155 -152.895187 0.9063 0.9063 0.9063
v 953.814514 -418.059784 -151.152756 0.9063 0.9063 0.9063
v 954.266296 -417.447327 -154.054611 0.9063 0.9063 0.9063
v 972.184570 -436.104919 -152.594940 0.9063 0.9063 0.9063
v 972.605652 -435.358368 -155.469894 0.9063 0.9063 0.9063
v 985.749512 -446.668732 -153.591721 0.9063 0.9063 0.9063
v 986.136963 -445.830841 -156.446152 0.9063 0.9063 0.9063
v 1005.615417 -458.979370 -154.947845 0.9063 0.9063 0.9063
v 1005.945374 -458.023438 -157.772263 0.9063 0.9063 0.9063
v 1022.660461 -467.098755 -156.014404 0.9063 0.9063 0.9063
v 1022.928284 -466.051971 -158.813080 0.9063 0.9063 0.9063
v 1046.381836 -475.193909 -157.412506 0.9063 0.9063 0.9063
v 1046.531738 -474.030426 -160.173645 0.9063 0.9063 0.9063
v 1062.034302 -478.687073 -158.288315 0.9063 0.9063 0.9063
v 1062.106689 -477.459686 -161.024780 0.9063 0.9063 0.9063
v 1090.571655 -481.586700 -159.807709 0.9063 0.9063 0.9063
v 1090.461304 -480.261230 -162.496750 0.9063 0.9063 0.9063
v 1100.759277 -481.563629 -160.340912 0.9063 0.9063 0.9063
v 1100.581055 -480.210388 -163.012405 0.9063 0.9063 0.9063
v 1123.294556 -479.540161 -161.470322 0.9063 0.9063 0.9063
v 1122.954468 -478.142059 -164.102737 0.9063 0.9063 0.9063
v 1151.624878 -473.025391 -162.830841 0.9063 0.9063 0.9063
v 1151.060791 -471.605347 -165.412567 0.9063 0.9063 0.9063
v 1171.877075 -465.433685 -163.764984 0.9063 0.9063 0.9063
v 1171.137695 -464.026825 -166.309418 0.9063 0.9063 0.9063
v 1191.116089 -455.578918 -164.655167 0.9063 0.9063 0.9063
v 1190.196167 -454.211517 -167.161987 0.9063 0.9063 0.9063
v 1209.136719 -443.505005 -165.500641 0.9063 0.9063 0.9063
v 1208.036011 -442.204437 -167.969864 0.9063 0.9063 0.9063
v 1223.668701 -431.311890 -166.160782 0.9063 0.9063 0.9063
v 1222.423706 -430.086487 -168.599716 0.9063 0.9063 0.9063
v 1240.431885 -413.666901 -166.900940 0.9063 0.9063 0.9063
v 1239.010620 -412.569855 -169.304352 0.9063 0.9063 0.9063
v 1255.909058 -392.305481 -167.602615 0.9063 0.9063 0.9063
v 1254.316772 -391.380371 -169.970886 0.9063 0.9063 0.9063
v 1267.317261 -371.131866 -168.123306 0.9063 0.9063 0.9063
v 1265.593872 -370.391327 -170.464569 0.9063 0.9063 0.9063
v 1277.105591 -344.869171 -168.567749 0.9063 0.9063 0.9063
v 1275.268677 -344.364960 -170.885391 0.9063 0.9063 0.9063
v 1283.070923 -316.623688 -168.842819 0.9063 0.9063 0.9063
v 1281.163208 -316.382202 -171.145508 0.9063 0.9063 0.9063
v 1284.748779 -292.367920 -168.925491 0.9063 0.9063 0.9063
v 1282.820557 -292.335022 -171.223572 0.9063 0.9063 0.9063
v 1284.766113 -291.421265 -168.926147 0.9063 0.9063 0.9063
v 1282.837646 -291.421265 -171.224243 0.9063 0.9063 0.9063
v 995.112671 -150.000168 -139.999985 0.9063 0.9063 0.9063
v 995.112671 -150.005173 -142.999985 0.9063 0.9063 0.9063
v 995.107483 -235.167252 -138.347641 0.9063 0.9063 0.9063
v 995.217529 -235.277267 -141.343613 0.9063 0.9063 0.9063
v 995.089050 -264.390533 -137.125916 0.9063 0.9063 0.9063
v 995.280457 -264.531281 -140.116501 0.9063 0.9063 0.9063
v 995.049622 -287.592377 -135.979614 0.9063 0.9063 0.9063
v 995.316589 -287.745209 -138.963791 0.9063 0.9063 0.9063
v 995.504639 -302.352325 -134.879440 0.9063 0.9063 0.9063
v 995.868713 -302.550598 -137.850662 0.9063 0.9063 0.9063
v 997.458496 -314.925018 -133.815323 0.9063 0.9063 0.9063
v 997.918030 -315.092834 -136.775177 0.9063 0.9063 0.9063
v 1000.305176 -325.456024 -132.825500 0.9063 0.9063 0.9063
v 1000.847473 -325.570496 -135.773865 0.9063 0.9063 0.9063
v 1004.663452 -336.706604 -131.671860 0.9063 0.9063 0.9063
v 1005.289673 -336.737244 -134.605606 0.9063 0.9063 0.9063
v 1012.665894 -351.315857 -130.025711 0.9063 0.9063 0.9063
v 1013.382141 -351.190979 -132.936279 0.9063 0.9063 0.9063
v 1019.761536 -361.020752 -128.847183 0.9063 0.9063 0.9063
v 1020.521545 -360.768860 -131.738358 0.9063 0.9063 0.9063
v 1029.431152 -371.387878 -127.404999 0.9063 0.9063 0.9063
v 1030.226074 -370.976562 -130.268356 0.9063 0.9063 0.9063
v 1036.649902 -377.602051 -126.408218 0.9063 0.9063 0.9063
v 1037.449341 -377.072449 -129.250809 0.9063 0.9063 0.9063
v 1047.338257 -385.050690 -125.052094 0.9063 0.9063 0.9063
v 1048.107910 -384.347534 -127.865128 0.9063 0.9063 0.9063
v 1056.636841 -390.158844 -123.985527 0.9063 0.9063 0.9063
v 1057.355103 -389.315399 -126.773506 0.9063 0.9063 0.9063
v 1069.727661 -395.556061 -122.587425 0.9063 0.9063 0.9063
v 1070.363647 -394.539886 -125.337509 0.9063 0.9063 0.9063
v 1078.426392 -398.105133 -121.711632 0.9063 0.9063 0.9063
v 1078.968384 -396.977692 -124.438377 0.9063 0.9063 0.9063
v 1094.642944 -400.877106 -120.192230 0.9063 0.9063 0.9063
v 1095.015015 -399.580566 -122.871910 0.9063 0.9063 0.9063
v 1100.519897 -401.283325 -119.659035 0.9063 0.9063 0.9063
v 1100.814331 -399.933105 -122.321777 0.9063 0.9063 0.9063
v 1113.651123 -401.034760 -118.529617 0.9063 0.9063 0.9063
v 1113.755615 -399.586121 -121.154602 0.9063 0.9063 0.9063
v 1130.497803 -398.402008 -117.169098 0.9063 0.9063 0.9063
v 1130.338623 -396.871307 -119.744293 0.9063 0.9063 0.9063
v 1142.774414 -394.765930 -116.234955 0.9063 0.9063 0.9063
v 1142.407959 -393.209534 -118.773338 0.9063 0.9063 0.9063
v 1154.638916 -389.716156 -115.344780 0.9063 0.9063 0.9063
v 1154.054688 -388.166748 -117.846405 0.9063 0.9063 0.9063
v 1165.944946 -383.227814 -114.499306 0.9063 0.9063 0.9063
v 1165.135986 -381.721649 -116.964478 0.9063 0.9063 0.9063
v 1175.199707 -376.419312 -113.839165 0.9063 0.9063 0.9063
v 1174.193604 -374.985901 -116.274979 0.9063 0.9063 0.9063
v 1186.047974 -366.256561 -113.098999 0.9063 0.9063 0.9063
v 1184.814331 -364.947235 -115.499779 0.9063 0.9063 0.9063
v 1196.265869 -353.639404 -112.397331 0.9063 0.9063 0.9063
v 1194.807129 -352.511047 -114.763565 0.9063 0.9063 0.9063
v 1203.902466 -340.885040 -111.876633 0.9063 0.9063 0.9063
v 1202.263428 -339.969757 -114.216705 0.9063 0.9063 0.9063
v 1210.525879 -324.802307 -111.432190 0.9063 0.9063 0.9063
v 1208.727051 -324.173401 -113.749237 0.9063 0.9063 0.9063
v 1214.630737 -307.227386 -111.157120 0.9063 0.9063 0.9063
v 1212.732422 -306.918304 -113.459564 0.9063 0.9063 0.9063
v 1215.806152 -291.954346 -111.074440 0.9063 0.9063 0.9063
v 1213.878296 -291.894623 -113.372276 0.9063 0.9063 0.9063
v 1215.823242 -291.421265 -111.073792 0.9063 0.9063 0.9063
v 1213.894897 -291.421265 -113.371887 0.9063 0.9063 0.9063
vn -0.0000 -0.0017 -1.0000
vn 0.0367 -0.0367 -0.9987
vn 0.0367 -0.0275 -0.9989
vn -0.0000 -0.0012 -1.0000
vn 0.0367 -0.0183 -0.9992
vn -0.0000 -0.0008 -1.0000
vn 0.0367 -0.0091 -0.9993
vn -0.0000 -0.0004 -1.0000
vn 0.0367 -0.0000 -0.9993
vn -0.0000 -0.0000 -1.0000
vn 0.0368 0.0092 -0.9993
vn -0.0000 0.0004 -1.0000
vn 0.0367 0.0184 -0.9992
vn -0.0000 0.0008 -1.0000
vn 0.0367 0.0276 -0.9989
vn -0.0000 0.0013 -1.0000
vn 0.0367 0.0367 -0.9987
vn -0.0000 0.0017 -1.0000
vn 0.0638 -0.0469 -0.9969
vn 0.0638 -0.0352 -0.9973
vn 0.0639 -0.0234 -0.9977
vn 0.0637 -0.0115 -0.9979
vn 0.0638 0.0001 -0.9980
vn 0.0639 0.0120 -0.9979
vn 0.0638 0.0235 -0.9977
vn 0.0638 0.0355 -0.9973
vn 0.0638 0.0472 -0.9968
vn 0.0889 -0.0509 -0.9947
vn 0.0891 -0.0386 -0.9953
vn 0.0891 -0.0259 -0.9957
vn 0.0893 -0.0130 -0.9959
vn 0.0893 0.0002 -0.9960
vn 0.0894 0.0137 -0.9959
vn 0.0893 0.0275 -0.9956
vn 0.0895 0.0416 -0.9951
vn 0.0895 0.0559 -0.9944
vn 0.1213 -0.0661 -0.9904
vn 0.1188 -0.0418 -0.9920
vn 0.1168 -0.0213 -0.9929
vn 0.1148 -0.0034 -0.9934
vn 0.1131 0.0120 -0.9935
vn 0.1117 0.0255 -0.9934
vn 0.1104 0.0374 -0.9932
vn 0.1092 0.0481 -0.9929
vn 0.1081 0.0576 -0.9925
vn 0.1532 -0.0559 -0.9866
vn 0.1470 -0.0280 -0.9887
vn 0.1420 -0.0050 -0.9899
vn 0.1378 0.0143 -0.9904
vn 0.1339 0.0307 -0.9905
vn 0.1307 0.0448 -0.9904
vn 0.1278 0.0571 -0.9902
vn 0.1250 0.0679 -0.9898
vn 0.1232 0.0773 -0.9894
vn 0.1808 -0.0382 -0.9828
vn 0.1713 -0.0094 -0.9852
vn 0.1634 0.0144 -0.9865
vn 0.1567 0.0345 -0.9870
vn 0.1509 0.0516 -0.9872
vn 0.1458 0.0663 -0.9871
vn 0.1414 0.0791 -0.9868
vn 0.1375 0.0902 -0.9864
vn 0.1340 0.1002 -0.9859
vn 0.2087 -0.0102 -0.9779
vn 0.1957 0.0185 -0.9805
vn 0.1846 0.0423 -0.9819
vn 0.1752 0.0624 -0.9825
vn 0.1671 0.0795 -0.9827
vn 0.1601 0.0942 -0.9826
vn 0.1540 0.1069 -0.9823
vn 0.1485 0.1182 -0.9818
vn 0.1437 0.1281 -0.9813
vn 0.2387 0.0416 -0.9702
vn 0.2212 0.0683 -0.9728
vn 0.2064 0.0905 -0.9743
vn 0.1938 0.1092 -0.9749
vn 0.1830 0.1251 -0.9751
vn 0.1735 0.1388 -0.9750
vn 0.1653 0.1508 -0.9746
vn 0.1580 0.1612 -0.9742
vn 0.1515 0.1705 -0.9736
vn 0.2533 0.0840 -0.9637
vn 0.2327 0.1090 -0.9664
vn 0.2153 0.1296 -0.9679
vn 0.2004 0.1470 -0.9686
vn 0.1877 0.1619 -0.9688
vn 0.1766 0.1747 -0.9687
vn 0.1668 0.1858 -0.9683
vn 0.1582 0.1955 -0.9678
vn 0.1506 0.2042 -0.9673
vn 0.2650 0.1371 -0.9545
vn 0.2400 0.1604 -0.9574
vn 0.2189 0.1797 -0.9591
vn 0.2009 0.1959 -0.9598
vn 0.1854 0.2097 -0.9600
vn 0.1719 0.2215 -0.9599
vn 0.1601 0.2318 -0.9595
vn 0.1496 0.2409 -0.9589
vn 0.1404 0.2488 -0.9583
vn 0.2665 0.1765 -0.9475
vn 0.2391 0.1979 -0.9506
vn 0.2159 0.2157 -0.9523
vn 0.1961 0.2306 -0.9531
vn 0.1790 0.2433 -0.9533
vn 0.1641 0.2542 -0.9531
vn 0.1510 0.2637 -0.9527
vn 0.1394 0.2720 -0.9521
vn 0.1292 0.2793 -0.9515
vn 0.2566 0.2344 -0.9377
vn 0.2274 0.2521 -0.9406
vn 0.2026 0.2667 -0.9422
vn 0.1815 0.2789 -0.9430
vn 0.1632 0.2893 -0.9432
vn 0.1473 0.2982 -0.9431
vn 0.1334 0.3059 -0.9427
vn 0.1210 0.3127 -0.9421
vn 0.1100 0.3186 -0.9415
vn 0.2394 0.2811 -0.9293
vn 0.2096 0.2955 -0.9321
vn 0.1843 0.3073 -0.9336
vn 0.1627 0.3171 -0.9343
vn 0.1440 0.3254 -0.9345
vn 0.1277 0.3326 -0.9344
vn 0.1133 0.3388 -0.9340
vn 0.1006 0.3442 -0.9335
vn 0.0893 0.3489 -0.9329
vn 0.2120 0.3387 -0.9167
vn 0.1797 0.3494 -0.9196
vn 0.1524 0.3581 -0.9211
vn 0.1291 0.3653 -0.9219
vn 0.1089 0.3713 -0.9221
vn 0.0913 0.3764 -0.9220
vn 0.0758 0.3808 -0.9216
vn 0.0622 0.3845 -0.9210
vn 0.0500 0.3878 -0.9204
vn 0.1806 0.3758 -0.9089
vn 0.1496 0.3833 -0.9114
vn 0.1232 0.3893 -0.9128
vn 0.1007 0.3942 -0.9135
vn 0.0811 0.3982 -0.9137
vn 0.0642 0.4016 -0.9136
vn 0.0492 0.4045 -0.9132
vn 0.0360 0.4070 -0.9127
vn 0.0241 0.4091 -0.9121
vn 0.1240 0.4322 -0.8932
vn 0.0924 0.4350 -0.8957
vn 0.0654 0.4370 -0.8971
vn 0.0423 0.4385 -0.8977
vn 0.0222 0.4396 -0.8979
vn 0.0047 0.4404 -0.8978
vn -0.0108 0.4410 -0.8974
vn -0.0245 0.4415 -0.8969
vn -0.0368 0.4418 -0.8963
vn 0.0981 0.4501 -0.8876
vn 0.0672 0.4512 -0.8899
vn 0.0408 0.4517 -0.8912
vn 0.0181 0.4520 -0.8918
vn -0.0016 0.4520 -0.8920
vn -0.0188 0.4519 -0.8919
vn -0.0340 0.4517 -0.8915
vn -0.0474 0.4514 -0.8911
vn -0.0594 0.4511 -0.8905
vn 0.0348 0.4829 -0.8750
vn 0.0057 0.4804 -0.8770
vn -0.0191 0.4780 -0.8782
vn -0.0404 0.4757 -0.8787
vn -0.0589 0.4735 -0.8788
vn -0.0751 0.4714 -0.8787
vn -0.0894 0.4695 -0.8784
vn -0.1021 0.4677 -0.8780
vn -0.1133 0.4661 -0.8774
vn -0.0530 0.5102 -0.8584
vn -0.0794 0.5038 -0.8601
vn -0.1019 0.4981 -0.8611
vn -0.1214 0.4929 -0.8616
vn -0.1382 0.4882 -0.8617
vn -0.1530 0.4839 -0.8616
vn -0.1660 0.4801 -0.8614
vn -0.1776 0.4766 -0.8610
vn -0.1880 0.4734 -0.8606
vn -0.1221 0.5188 -0.8461
vn -0.1464 0.5099 -0.8477
vn -0.1671 0.5019 -0.8486
vn -0.1850 0.4948 -0.8491
vn -0.2005 0.4886 -0.8492
vn -0.2142 0.4828 -0.8491
vn -0.2262 0.4777 -0.8489
vn -0.2370 0.4731 -0.8486
vn -0.2465 0.4689 -0.8481
vn -0.1947 0.5165 -0.8339
vn -0.2165 0.5054 -0.8353
vn -0.2352 0.4957 -0.8361
vn -0.2512 0.4871 -0.8364
vn -0.2653 0.4793 -0.8366
vn -0.2774 0.4726 -0.8365
vn -0.2883 0.4664 -0.8363
vn -0.2980 0.4608 -0.8360
vn -0.3066 0.4558 -0.8356
vn -0.2696 0.5021 -0.8217
vn -0.2886 0.4895 -0.8229
vn -0.3047 0.4784 -0.8235
vn -0.3187 0.4687 -0.8239
vn -0.3308 0.4601 -0.8239
vn -0.3415 0.4524 -0.8239
vn -0.3509 0.4454 -0.8237
vn -0.3594 0.4392 -0.8234
vn -0.3669 0.4335 -0.8231
vn -0.3354 0.4778 -0.8119
vn -0.3508 0.4650 -0.8128
vn -0.3640 0.4538 -0.8133
vn -0.3755 0.4440 -0.8136
vn -0.3854 0.4353 -0.8137
vn -0.3942 0.4275 -0.8136
vn -0.4019 0.4205 -0.8134
vn -0.4088 0.4142 -0.8132
vn -0.4151 0.4085 -0.8129
vn -0.4112 0.4364 -0.8003
vn -0.4233 0.4234 -0.8010
vn -0.4337 0.4120 -0.8014
vn -0.4426 0.4019 -0.8016
vn -0.4504 0.3930 -0.8016
vn -0.4573 0.3851 -0.8016
vn -0.4635 0.3779 -0.8015
vn -0.4689 0.3715 -0.8013
vn -0.4738 0.3657 -0.8011
vn -0.4862 0.3761 -0.7887
vn -0.4948 0.3636 -0.7893
vn -0.5023 0.3526 -0.7895
vn -0.5086 0.3430 -0.7897
vn -0.5142 0.3345 -0.7898
vn -0.5191 0.3269 -0.7897
vn -0.5234 0.3201 -0.7897
vn -0.5273 0.3139 -0.7895
vn -0.5308 0.3084 -0.7894
vn -0.5463 0.3051 -0.7800
vn -0.5518 0.2943 -0.7803
vn -0.5565 0.2848 -0.7805
vn -0.5605 0.2766 -0.7806
vn -0.5640 0.2692 -0.7807
vn -0.5671 0.2627 -0.7806
vn -0.5698 0.2568 -0.7806
vn -0.5723 0.2516 -0.7805
vn -0.5744 0.2468 -0.7805
vn -0.5996 0.2097 -0.7723
vn -0.6021 0.2019 -0.7725
vn -0.6042 0.1952 -0.7726
vn -0.6060 0.1893 -0.7726
vn -0.6076 0.1840 -0.7726
vn -0.6090 0.1794 -0.7726
vn -0.6102 0.1752 -0.7726
vn -0.6113 0.1714 -0.7726
vn -0.6123 0.1681 -0.7726
vn -0.6327 0.1030 -0.7675
vn -0.6333 0.0988 -0.7675
vn -0.6339 0.0952 -0.7676
vn -0.6343 0.0920 -0.7676
vn -0.6347 0.0892 -0.7676
vn -0.6351 0.0866 -0.7676
vn -0.6354 0.0844 -0.7676
vn -0.6357 0.0823 -0.7676
vn -0.6359 0.0805 -0.7676
vn -0.6426 0.0199 -0.7659
vn -0.6428 0.0181 -0.7659
vn -0.6428 0.0166 -0.7659
vn -0.6428 0.0153 -0.7659
vn -0.6427 0.0142 -0.7660
vn -0.6427 0.0132 -0.7660
vn -0.6427 0.0124 -0.7660
vn -0.6427 0.0116 -0.7660
vn -0.6427 0.0110 -0.7660
vn -0.6426 0.0205 -0.7659
vn -0.6426 0.0195 -0.7659
vn -0.6427 0.0178 -0.7659
vn -0.6427 0.0163 -0.7660
vn -0.6427 0.0150 -0.7660
vn -0.6427 0.0139 -0.7660
vn -0.6427 0.0129 -0.7660
vn -0.6427 0.0120 -0.7660
vn 0.9987 0.0025 0.0504
vn 0.9993 0.0012 0.0367
vn 0.9970 0.0043 0.0769
vn 0.9970 0.0043 0.0770
vn 0.9946 0.0252 0.1003
vn 0.9868 0.1056 0.1229
vn 0.9647 0.2191 0.1459
vn 0.9311 0.3229 0.1696
vn 0.8797 0.4314 0.1999
vn 0.8797 0.4314 0.2000
vn 0.8080 0.5418 0.2313
vn 0.7262 0.6362 0.2607
vn 0.7262 0.6362 0.2606
vn 0.6409 0.7115 0.2880
vn 0.5549 0.7702 0.3144
vn 0.4648 0.8170 0.3413
vn 0.3671 0.8541 0.3686
vn 0.3671 0.8540 0.3686
vn 0.2670 0.8794 0.3941
vn 0.1645 0.8922 0.4206
vn 0.0648 0.8938 0.4437
vn 0.0647 0.8938 0.4438
vn -0.0198 0.8862 0.4629
vn -0.0198 0.8862 0.4628
vn -0.1160 0.8641 0.4897
vn -0.2270 0.8263 0.5154
vn -0.3225 0.7801 0.5362
vn -0.4043 0.7266 0.5556
vn -0.4771 0.6667 0.5726
vn -0.5412 0.6009 0.5883
vn -0.6027 0.5212 0.6043
vn -0.6027 0.5212 0.6042
vn -0.6585 0.4294 0.6181
vn -0.7035 0.3306 0.6291
vn -0.7380 0.2218 0.6374
vn -0.7379 0.2218 0.6374
vn -0.7590 0.1096 0.6418
vn -0.7655 0.0348 0.6425
vn -0.7655 0.0349 0.6424
vn -0.7659 0.0146 0.6428
vn -1.0000 -0.0012 -0.0000
vn -0.9998 -0.0025 -0.0183
vn -0.9987 -0.0042 -0.0501
vn -0.9969 -0.0242 -0.0753
vn -0.9895 -0.1067 -0.0979
vn -0.9895 -0.1067 -0.0980
vn -0.9670 -0.2243 -0.1205
vn -0.9334 -0.3293 -0.1427
vn -0.8833 -0.4387 -0.1651
vn -0.8119 -0.5498 -0.1962
vn -0.7293 -0.6450 -0.2281
vn -0.6428 -0.7214 -0.2576
vn -0.5556 -0.7812 -0.2846
vn -0.4655 -0.8287 -0.3108
vn -0.3671 -0.8667 -0.3378
vn -0.2658 -0.8920 -0.3656
vn -0.1621 -0.9062 -0.3906
vn -0.0611 -0.9063 -0.4182
vn 0.0255 -0.8968 -0.4417
vn 0.1230 -0.8801 -0.4585
vn 0.2350 -0.8412 -0.4869
vn 0.3310 -0.7916 -0.5136
vn 0.3309 -0.7916 -0.5136
vn 0.4142 -0.7370 -0.5341
vn 0.4877 -0.6749 -0.5538
vn 0.5522 -0.6077 -0.5708
vn 0.6143 -0.5279 -0.5865
vn 0.6691 -0.4343 -0.6030
vn 0.7128 -0.3334 -0.6171
vn 0.7453 -0.2233 -0.6283
vn 0.7630 -0.1101 -0.6369
vn 0.7662 -0.0405 -0.6413
vn 0.7662 -0.0405 -0.6414
vn 0.7655 -0.0263 -0.6429
vt 0.000000 0.000000
vt 0.000000 1.669122
vt 0.125000 1.669122
vt 0.125000 0.000000
vt 0.250000 1.669122
vt 0.250000 0.000000
vt 0.375000 1.669122
vt 0.375000 0.000000
vt 0.500000 1.669122
vt 0.500000 0.000000
vt 0.625000 1.669122
vt 0.625000 0.000000
vt 0.750000 1.669122
vt 0.750000 0.000000
vt 0.875000 1.669122
vt 0.875000 0.000000
vt 1.000000 1.669122
vt 1.000000 0.000000
vt 0.000000 2.241902
vt 0.125000 2.241902
vt 0.250000 2.241902
vt 0.375000 2.241902
vt 0.500000 2.241902
vt 0.625000 2.241902
vt 0.750000 2.241902
vt 0.875000 2.241902
vt 1.000000 2.241902
vt 0.000000 2.692461
vt 0.125000 2.692461
vt 0.250000 2.692461
vt 0.375000 2.692461
vt 0.500000 2.692461
vt 0.625000 2.692461
vt 0.750000 2.692461
vt 0.875000 2.692461
vt 1.000000 2.692461
vt 0.000000 3.081511
vt 0.125000 3.081511
vt 0.250000 3.081511
vt 0.375000 3.081511
vt 0.500000 3.081511
vt 0.625000 3.081511
vt 0.750000 3.081511
vt 0.875000 3.081511
vt 1.000000 3.081511
vt 0.000000 3.431562
vt 0.125000 3.431562
vt 0.250000 3.431562
vt 0.375000 3.431562
vt 0.500000 3.431562
vt 0.625000 3.431562
vt 0.750000 3.431562
vt 0.875000 3.431562
vt 1.000000 3.431562
vt 0.000000 3.736891
vt 0.125000 3.736891
vt 0.250000 3.736891
vt 0.375000 3.736891
vt 0.500000 3.736891
vt 0.625000 3.736891
vt 0.750000 3.736891
vt 0.875000 3.736891
vt 1.000000 3.736891
vt 0.000000 4.072576
vt 0.125000 4.072576
vt 0.250000 4.072576
vt 0.375000 4.072576
vt 0.500000 4.072576
vt 0.625000 4.072576
vt 0.750000 4.072576
vt 0.875000 4.072576
vt 1.000000 4.072576
vt 0.000000 4.534035
vt 0.125000 4.534035
vt 0.250000 4.534035
vt 0.375000 4.534035
vt 0.500000 4.534035
vt 0.625000 4.534035
vt 0.750000 4.534035
vt 0.875000 4.534035
vt 1.000000 4.534035
vt 0.000000 4.866313
vt 0.125000 4.866313
vt 0.250000 4.866313
vt 0.375000 4.866313
vt 0.500000 4.866313
vt 0.625000 4.866313
vt 0.750000 4.866313
vt 0.875000 4.866313
vt 1.000000 4.866313
vt 0.000000 5.257477
vt 0.125000 5.257477
vt 0.250000 5.257477
vt 0.375000 5.257477
vt 0.500000 5.257477
vt 0.625000 5.257477
vt 0.750000 5.257477
vt 0.875000 5.257477
vt 1.000000 5.257477
vt 0.000000 5.519218
vt 0.125000 5.519218
vt 0.250000 5.519218
vt 0.375000 5.519218
vt 0.500000 5.519218
vt 0.625000 5.519218
vt 0.750000 5.519218
vt 0.875000 5.519218
vt 1.000000 5.519218
vt 0.000000 5.875775
vt 0.125000 5.875775
vt 0.250000 5.875775
vt 0.375000 5.875775
vt 0.500000 5.875775
vt 0.625000 5.875775
vt 0.750000 5.875775
vt 0.875000 5.875775
vt 1.000000 5.875775
vt 0.000000 6.164634
vt 0.125000 6.164634
vt 0.250000 6.164634
vt 0.375000 6.164634
vt 0.500000 6.164634
vt 0.625000 6.164634
vt 0.750000 6.164634
vt 0.875000 6.164634
vt 1.000000 6.164634
vt 0.000000 6.548827
vt 0.125000 6.548827
vt 0.250000 6.548827
vt 0.375000 6.548827
vt 0.500000 6.548827
vt 0.625000 6.548827
vt 0.750000 6.548827
vt 0.875000 6.548827
vt 1.000000 6.548827
vt 0.000000 6.794682
vt 0.125000 6.794682
vt 0.250000 6.794682
vt 0.375000 6.794682
vt 0.500000 6.794682
vt 0.625000 6.794682
vt 0.750000 6.794682
vt 0.875000 6.794682
vt 1.000000 6.794682
vt 0.000000 7.236739
vt 0.125000 7.236739
vt 0.250000 7.236739
vt 0.375000 7.236739
vt 0.500000 7.236739
vt 0.625000 7.236739
vt 0.750000 7.236739
vt 0.875000 7.236739
vt 1.000000 7.236739
vt 0.000000 7.394201
vt 0.125000 7.394201
vt 0.250000 7.394201
vt 0.375000 7.394201
vt 0.500000 7.394201
vt 0.625000 7.394201
vt 0.750000 7.394201
vt 0.875000 7.394201
vt 1.000000 7.394201
vt 0.000000 7.744409
vt 0.125000 7.744409
vt 0.250000 7.744409
vt 0.375000 7.744409
vt 0.500000 7.744409
vt 0.625000 7.744409
vt 0.750000 7.744409
vt 0.875000 7.744409
vt 1.000000 7.744409
vt 0.000000 8.196086
vt 0.125000 8.196086
vt 0.250000 8.196086
vt 0.375000 8.196086
vt 0.500000 8.196086
vt 0.625000 8.196086
vt 0.750000 8.196086
vt 0.875000 8.196086
vt 1.000000 8.196086
vt 0.000000 8.533293
vt 0.125000 8.533293
vt 0.250000 8.533293
vt 0.375000 8.533293
vt 0.500000 8.533293
vt 0.625000 8.533293
vt 0.750000 8.533293
vt 0.875000 8.533293
vt 1.000000 8.533293
vt 0.000000 8.871265
vt 0.125000 8.871265
vt 0.250000 8.871265
vt 0.375000 8.871265
vt 0.500000 8.871265
vt 0.625000 8.871265
vt 0.750000 8.871265
vt 0.875000 8.871265
vt 1.000000 8.871265
vt 0.000000 9.211369
vt 0.125000 9.211369
vt 0.250000 9.211369
vt 0.375000 9.211369
vt 0.500000 9.211369
vt 0.625000 9.211369
vt 0.750000 9.211369
vt 0.875000 9.211369
vt 1.000000 9.211369
vt 0.000000 9.509698
vt 0.125000 9.509698
vt 0.250000 9.509698
vt 0.375000 9.509698
vt 0.500000 9.509698
vt 0.625000 9.509698
vt 0.750000 9.509698
vt 0.875000 9.509698
vt 1.000000 9.509698
vt 0.000000 9.893701
vt 0.125000 9.893701
vt 0.250000 9.893701
vt 0.375000 9.893701
vt 0.500000 9.893701
vt 0.625000 9.893701
vt 0.750000 9.893701
vt 0.875000 9.893701
vt 1.000000 9.893701
vt 0.000000 10.311144
vt 0.125000 10.311144
vt 0.250000 10.311144
vt 0.375000 10.311144
vt 0.500000 10.311144
vt 0.625000 10.311144
vt 0.750000 10.311144
vt 0.875000 10.311144
vt 1.000000 10.311144
vt 0.000000 10.692405
vt 0.125000 10.692405
vt 0.250000 10.692405
vt 0.375000 10.692405
vt 0.500000 10.692405
vt 0.625000 10.692405
vt 0.750000 10.692405
vt 0.875000 10.692405
vt 1.000000 10.692405
vt 0.000000 11.137427
vt 0.125000 11.137427
vt 0.250000 11.137427
vt 0.375000 11.137427
vt 0.500000 11.137427
vt 0.625000 11.137427
vt 0.750000 11.137427
vt 0.875000 11.137427
vt 1.000000 11.137427
vt 0.000000 11.597141
vt 0.125000 11.597141
vt 0.250000 11.597141
vt 0.375000 11.597141
vt 0.500000 11.597141
vt 0.625000 11.597141
vt 0.750000 11.597141
vt 0.875000 11.597141
vt 1.000000 11.597141
vt 0.000000 11.985497
vt 0.125000 11.985497
vt 0.250000 11.985497
vt 0.375000 11.985497
vt 0.500000 11.985497
vt 0.625000 11.985497
vt 0.750000 11.985497
vt 0.875000 11.985497
vt 1.000000 11.985497
vt 0.000000 12.000000
vt 0.125000 12.000000
vt 0.250000 12.000000
vt 0.375000 12.000000
vt 0.500000 12.000000
vt 0.625000 12.000000
vt 0.750000 12.000000
vt 0.875000 12.000000
vt 1.000000 12.000000
s 1
usemtl track_surface
f 1782/1234/1123 1791/1235/1124 1792/1236/1125 1783/1237/1126
f 1783/1237/1126 1792/1236/1125 1793/1238/1127 1784/1239/1128
f 1784/1239/1128 1793/1238/1127 1794/1240/1129 1785/1241/1130
f 1785/1241/1130 1794/1240/1129 1795/1242/1131 1786/1243/1132
f 1786/1243/1132 1795/1242/1131 1796/1244/1133 1787/1245/1134
f 1787/1245/1134 1796/1244/1133 1797/1246/1135 1788/1247/1136
f 1788/1247/1136 1797/1246/1135 1798/1248/1137 1789/1249/1138
f 1789/1249/1138 1798/1248/1137 1799/1250/1139 1790/1251/1140
f 1791/1235/1124 1800/1252/1141 1801/1253/1142 1792/1236/1125
f 1792/1236/1125 1801/1253/1142 1802/1254/1143 1793/1238/1127
f 1793/1238/1127 1802/1254/1143 1803/1255/1144 1794/1240/1129
f 1794/1240/1129 1803/1255/1144 1804/1256/1145 1795/1242/1131
f 1795/1242/1131 1804/1256/1145 1805/1257/1146 1796/1244/1133
f 1796/1244/1133 1805/1257/1146 1806/1258/1147 1797/1246/1135
f 1797/1246/1135 1806/1258/1147 1807/1259/1148 1798/1248/1137
f 1798/1248/1137 1807/1259/1148 1808/1260/1149 1799/1250/1139
f 1800/1252/1141 1809/1261/1150 1810/1262/1151 1801/1253/1142
f 1801/1253/1142 1810/1262/1151 1811/1263/1152 1802/1254/1143
f 1802/1254/1143 1811/1263/1152 1812/1264/1153 1803/1255/1144
f 1803/1255/1144 1812/1264/1153 1813/1265/1154 1804/1256/1145
f 1804/1256/1145 1813/1265/1154 1814/1266/1155 1805/1257/1146
f 1805/1257/1146 1814/1266/1155 1815/1267/1156 1806/1258/1147
f 1806/1258/1147 1815/1267/1156 1816/1268/1157 1807/1259/1148
f 1807/1259/1148 1816/1268/1157 1817/1269/1158 1808/1260/1149
f 1809/1261/1150 1818/1270/1159 1819/1271/1160 1810/1262/1151
f 1810/1262/1151 1819/1271/1160 1820/1272/1161 1811/1263/1152
f 1811/1263/1152 1820/1272/1161 1821/1273/1162 1812/1264/1153
f 1812/1264/1153 1821/1273/1162 1822/1274/1163 1813/1265/1154
f 1813/1265/1154 1822/1274/1163 1823/1275/1164 1814/1266/1155
f 1814/1266/1155 1823/1275/1164 1824/1276/1165 1815/1267/1156
f 1815/1267/1156 1824/1276/1165 1825/1277/1166 1816/1268/1157
f 1816/1268/1157 1825/1277/1166 1826/1278/1167 1817/1269/1158
f 1818/1270/1159 1827/1279/1168 1828/1280/1169 1819/1271/1160
f 1819/1271/1160 1828/1280/1169 1829/1281/1170 1820/1272/1161
f 1820/1272/1161 1829/1281/1170 1830/1282/1171 1821/1273/1162
f 1821/1273/1162 1830/1282/1171 1831/1283/1172 1822/1274/1163
f 1822/1274/1163 1831/1283/1172 1832/1284/1173 1823/1275/1164
f 1823/1275/1164 1832/1284/1173 1833/1285/1174 1824/1276/1165
f 1824/1276/1165 1833/1285/1174 1834/1286/1175 1825/1277/1166
f 1825/1277/1166 1834/1286/1175 1835/1287/1176 1826/1278/1167
f 1827/1279/1168 1836/1288/1177 1837/1289/1178 1828/1280/1169
f 1828/1280/1169 1837/1289/1178 1838/1290/1179 1829/1281/1170
f 1829/1281/1170 1838/1290/1179 1839/1291/1180 1830/1282/1171
f 1830/1282/1171 1839/1291/1180 1840/1292/1181 1831/1283/1172
f 1831/1283/1172 1840/1292/1181 1841/1293/1182 1832/1284/1173
f 1832/1284/1173 1841/1293/1182 1842/1294/1183 1833/1285/1174
f 1833/1285/1174 1842/1294/1183 1843/1295/1184 1834/1286/1175
f 1834/1286/1175 1843/1295/1184 1844/1296/1185 1835/1287/1176
f 1836/1288/1177 1845/1297/1186 1846/1298/1187 1837/1289/1178
f 1837/1289/1178 1846/1298/1187 1847/1299/1188 1838/1290/1179
f 1838/1290/1179 1847/1299/1188 1848/1300/1189 1839/1291/1180
f 1839/1291/1180 1848/1300/1189 1849/1301/1190 1840/1292/1181
f 1840/1292/1181 1849/1301/1190 1850/1302/1191 1841/1293/1182
f 1841/1293/1182 1850/1302/1191 1851/1303/1192 1842/1294/1183
f 1842/1294/1183 1851/1303/1192 1852/1304/1193 1843/1295/1184
f 1843/1295/1184 1852/1304/1193 1853/1305/1194 1844/1296/1185
f 1845/1297/1186 1854/1306/1195 1855/1307/1196 1846/1298/1187
f 1846/1298/1187 1855/1307/1196 1856/1308/1197 1847/1299/1188
f 1847/1299/1188 1856/1308/1197 1857/1309/1198 1848/1300/1189
f 1848/1300/1189 1857/1309/1198 1858/1310/1199 1849/1301/1190
f 1849/1301/1190 1858/1310/1199 1859/1311/1200 1850/1302/1191
f 1850/1302/1191 1859/1311/1200 1860/1312/1201 1851/1303/1192
f 1851/1303/1192 1860/1312/1201 1861/1313/1202 1852/1304/1193
f 1852/1304/1193 1861/1313/1202 1862/1314/1203 1853/1305/1194
f 1854/1306/1195 1863/1315/1204 1864/1316/1205 1855/1307/1196
f 1855/1307/1196 1864/1316/1205 1865/1317/1206 1856/1308/1197
f 1856/1308/1197 1865/1317/1206 1866/1318/1207 1857/1309/1198
f 1857/1309/1198 1866/1318/1207 1867/1319/1208 1858/1310/1199
f 1858/1310/1199 1867/1319/1208 1868/1320/1209 1859/1311/1200
f 1859/1311/1200 1868/1320/1209 1869/1321/1210 1860/1312/1201
f 1860/1312/1201 1869/1321/1210 1870/1322/1211 1861/1313/1202
f 1861/1313/1202 1870/1322/1211 1871/1323/1212 1862/1314/1203
f 1863/1315/1204 1872/1324/1213 1873/1325/1214 1864/1316/1205
f 1864/1316/1205 1873/1325/1214 1874/1326/1215 1865/1317/1206
f 1865/1317/1206 1874/1326/1215 1875/1327/1216 1866/1318/1207
f 1866/1318/1207 1875/1327/1216 1876/1328/1217 1867/1319/1208
f 1867/1319/1208 1876/1328/1217 1877/1329/1218 1868/1320/1209
f 1868/1320/1209 1877/1329/1218 1878/1330/1219 1869/1321/1210
f 1869/1321/1210 1878/1330/1219 1879/1331/1220 1870/1322/1211
f 1870/1322/1211 1879/1331/1220 1880/1332/1221 1871/1323/1212
f 1872/1324/1213 1881/1333/1222 1882/1334/1223 1873/1325/1214
f 1873/1325/1214 1882/1334/1223 1883/1335/1224 1874/1326/1215
f 1874/1326/1215 1883/1335/1224 1884/1336/1225 1875/1327/1216
f 1875/1327/1216 1884/1336/1225 1885/1337/1226 1876/1328/1217
f 1876/1328/1217 1885/1337/1226 1886/1338/1227 1877/1329/1218
f 1877/1329/1218 1886/1338/1227 1887/1339/1228 1878/1330/1219
f 1878/1330/1219 1887/1339/1228 1888/1340/1229 1879/1331/1220
f 1879/1331/1220 1888/1340/1229 1889/1341/1230 1880/1332/1221
f 1881/1333/1222 1890/1342/1231 1891/1343/1232 1882/1334/1223
f 1882/1334/1223 1891/1343/1232 1892/1344/1233 1883/1335/1224
f 1883/1335/1224 1892/1344/1233 1893/1345/1234 1884/1336/1225
f 1884/1336/1225 1893/1345/1234 1894/1346/1235 1885/1337/1226
f 1885/1337/1226 1894/1346/1235 1895/1347/1236 1886/1338/1227
f 1886/1338/1227 1895/1347/1236 1896/1348/1237 1887/1339/1228
f 1887/1339/1228 1896/1348/1237 1897/1349/1238 1888/1340/1229
f 1888/1340/1229 1897/1349/1238 1898/1350/1239 1889/1341/1230
f 1890/1342/1231 1899/1351/1240 1900/1352/1241 1891/1343/1232
f 1891/1343/1232 1900/1352/1241 1901/1353/1242 1892/1344/1233
f 1892/1344/1233 1901/1353/1242 1902/1354/1243 1893/1345/1234
f 1893/1345/1234 1902/1354/1243 1903/1355/1244 1894/1346/1235
f 1894/1346/1235 1903/1355/1244 1904/1356/1245 1895/1347/1236
f 1895/1347/1236 1904/1356/1245 1905/1357/1246 1896/1348/1237
f 1896/1348/1237 1905/1357/1246 1906/1358/1247 1897/1349/1238
f 1897/1349/1238 1906/1358/1247 1907/1359/1248 1898/1350/1239
f 1899/1351/1240 1908/1360/1249 1909/1361/1250 1900/1352/1241
f 1900/1352/1241 1909/1361/1250 1910/1362/1251 1901/1353/1242
f 1901/1353/1242 1910/1362/1251 1911/1363/1252 1902/1354/1243
f 1902/1354/1243 1911/1363/1252 1912/1364/1253 1903/1355/1244
f 1903/1355/1244 1912/1364/1253 1913/1365/1254 1904/1356/1245
f 1904/1356/1245 1913/1365/1254 1914/1366/1255 1905/1357/1246
f 1905/1357/1246 1914/1366/1255 1915/1367/1256 1906/1358/1247
f 1906/1358/1247 1915/1367/1256 1916/1368/1257 1907/1359/1248
f 1908/1360/1249 1917/1369/1258 1918/1370/1259 1909/1361/1250
f 1909/1361/1250 1918/1370/1259 1919/1371/1260 1910/1362/1251
f 1910/1362/1251 1919/1371/1260 1920/1372/1261 1911/1363/1252
f 1911/1363/1252 1920/1372/1261 1921/1373/1262 1912/1364/1253
f 1912/1364/1253 1921/1373/1262 1922/1374/1263 1913/1365/1254
f 1913/1365/1254 1922/1374/1263 1923/1375/1264 1914/1366/1255
f 1914/1366/1255 1923/1375/1264 1924/1376/1265 1915/1367/1256
f 1915/1367/1256 1924/1376/1265 1925/1377/1266 1916/1368/1257
f 1917/1369/1258 1926/1378/1267 1927/1379/1268 1918/1370/1259
f 1918/1370/1259 1927/1379/1268 1928/1380/1269 1919/1371/1260
f 1919/1371/1260 1928/1380/1269 1929/1381/1270 1920/1372/1261
f 1920/1372/1261 1929/1381/1270 1930/1382/1271 1921/1373/1262
f 1921/1373/1262 1930/1382/1271 1931/1383/1272 1922/1374/1263
f 1922/1374/1263 1931/1383/1272 1932/1384/1273 1923/1375/1264
f 1923/1375/1264 1932/1384/1273 1933/1385/1274 1924/1376/1265
f 1924/1376/1265 1933/1385/1274 1934/1386/1275 1925/1377/1266
f 1926/1378/1267 1935/1387/1276 1936/1388/1277 1927/1379/1268
f 1927/1379/1268 1936/1388/1277 1937/1389/1278 1928/1380/1269
f 1928/1380/1269 1937/1389/1278 1938/1390/1279 1929/1381/1270
f 1929/1381/1270 1938/1390/1279 1939/1391/1280 1930/1382/1271
f 1930/1382/1271 1939/1391/1280 1940/1392/1281 1931/1383/1272
f 1931/1383/1272 1940/1392/1281 1941/1393/1282 1932/1384/1273
f 1932/1384/1273 1941/1393/1282 1942/1394/1283 1933/1385/1274
f 1933/1385/1274 1942/1394/1283 1943/1395/1284 1934/1386/1275
f 1935/1387/1276 1944/1396/1285 1945/1397/1286 1936/1388/1277
f 1936/1388/1277 1945/1397/1286 1946/1398/1287 1937/1389/1278
f 1937/1389/1278 1946/1398/1287 1947/1399/1288 1938/1390/1279
f 1938/1390/1279 1947/1399/1288 1948/1400/1289 1939/1391/1280
f 1939/1391/1280 1948/1400/1289 1949/1401/1290 1940/1392/1281
f 1940/1392/1281 1949/1401/1290 1950/1402/1291 1941/1393/1282
f 1941/1393/1282 1950/1402/1291 1951/1403/1292 1942/1394/1283
f 1942/1394/1283 1951/1403/1292 1952/1404/1293 1943/1395/1284
f 1944/1396/1285 1953/1405/1294 1954/1406/1295 1945/1397/1286
f 1945/1397/1286 1954/1406/1295 1955/1407/1296 1946/1398/1287
f 1946/1398/1287 1955/1407/1296 1956/1408/1297 1947/1399/1288
f 1947/1399/1288 1956/1408/1297 1957/1409/1298 1948/1400/1289
f 1948/1400/1289 1957/1409/1298 1958/1410/1299 1949/1401/1290
f 1949/1401/1290 1958/1410/1299 1959/1411/1300 1950/1402/1291
f 1950/1402/1291 1959/1411/1300 1960/1412/1301 1951/1403/1292
f 1951/1403/1292 1960/1412/1301 1961/1413/1302 1952/1404/1293
f 1953/1405/1294 1962/1414/1303 1963/1415/1304 1954/1406/1295
f 1954/1406/1295 1963/1415/1304 1964/1416/1305 1955/1407/1296
f 1955/1407/1296 1964/1416/1305 1965/1417/1306 1956/1408/1297
f 1956/1408/1297 1965/1417/1306 1966/1418/1307 1957/1409/1298
f 1957/1409/1298 1966/1418/1307 1967/1419/1308 1958/1410/1299
f 1958/1410/1299 1967/1419/1308 1968/1420/1309 1959/1411/1300
f 1959/1411/1300 1968/1420/1309 1969/1421/1310 1960/1412/1301
f 1960/1412/1301 1969/1421/1310 1970/1422/1311 1961/1413/1302
f 1962/1414/1303 1971/1423/1312 1972/1424/1313 1963/1415/1304
f 1963/1415/1304 1972/1424/1313 1973/1425/1314 1964/1416/1305
f 1964/1416/1305 1973/1425/1314 1974/1426/1315 1965/1417/1306
f 1965/1417/1306 1974/1426/1315 1975/1427/1316 1966/1418/1307
f 1966/1418/1307 1975/1427/1316 1976/1428/1317 1967/1419/1308
f 1967/1419/1308 1976/1428/1317 1977/1429/1318 1968/1420/1309
f 1968/1420/1309 1977/1429/1318 1978/1430/1319 1969/1421/1310
f 1969/1421/1310 1978/1430/1319 1979/1431/1320 1970/1422/1311
f 1971/1423/1312 1980/1432/1321 1981/1433/1322 1972/1424/1313
f 1972/1424/1313 1981/1433/1322 1982/1434/1323 1973/1425/1314
f 1973/1425/1314 1982/1434/1323 1983/1435/1324 1974/1426/1315
f 1974/1426/1315 1983/1435/1324 1984/1436/1325 1975/1427/1316
f 1975/1427/1316 1984/1436/1325 1985/1437/1326 1976/1428/1317
f 1976/1428/1317 1985/1437/1326 1986/1438/1327 1977/1429/1318
f 1977/1429/1318 1986/1438/1327 1987/1439/1328 1978/1430/1319
f 1978/1430/1319 1987/1439/1328 1988/1440/1329 1979/1431/1320
f 1980/1432/1321 1989/1441/1330 1990/1442/1331 1981/1433/1322
f 1981/1433/1322 1990/1442/1331 1991/1443/1332 1982/1434/1323
f 1982/1434/1323 1991/1443/1332 1992/1444/1333 1983/1435/1324
f 1983/1435/1324 1992/1444/1333 1993/1445/1334 1984/1436/1325
f 1984/1436/1325 1993/1445/1334 1994/1446/1335 1985/1437/1326
f 1985/1437/1326 1994/1446/1335 1995/1447/1336 1986/1438/1327
f 1986/1438/1327 1995/1447/1336 1996/1448/1337 1987/1439/1328
f 1987/1439/1328 1996/1448/1337 1997/1449/1338 1988/1440/1329
f 1989/1441/1330 1998/1450/1339 1999/1451/1340 1990/1442/1331
f 1990/1442/1331 1999/1451/1340 2000/1452/1341 1991/1443/1332
f 1991/1443/1332 2000/1452/1341 2001/1453/1342 1992/1444/1333
f 1992/1444/1333 2001/1453/1342 2002/1454/1343 1993/1445/1334
f 1993/1445/1334 2002/1454/1343 2003/1455/1344 1994/1446/1335
f 1994/1446/1335 2003/1455/1344 2004/1456/1345 1995/1447/1336
f 1995/1447/1336 2004/1456/1345 2005/1457/1346 1996/1448/1337
f 1996/1448/1337 2005/1457/1346 2006/1458/1347 1997/1449/1338
f 1998/1450/1339 2007/1459/1348 2008/1460/1349 1999/1451/1340
f 1999/1451/1340 2008/1460/1349 2009/1461/1350 2000/1452/1341
f 2000/1452/1341 2009/1461/1350 2010/1462/1351 2001/1453/1342
f 2001/1453/1342 2010/1462/1351 2011/1463/1352 2002/1454/1343
f 2002/1454/1343 2011/1463/1352 2012/1464/1353 2003/1455/1344
f 2003/1455/1344 2012/1464/1353 2013/1465/1354 2004/1456/1345
f 2004/1456/1345 2013/1465/1354 2014/1466/1355 2005/1457/1346
f 2005/1457/1346 2014/1466/1355 2015/1467/1356 2006/1458/1347
f 2007/1459/1348 2016/1468/1357 2017/1469/1358 2008/1460/1349
f 2008/1460/1349 2017/1469/1358 2018/1470/1359 2009/1461/1350
f 2009/1461/1350 2018/1470/1359 2019/1471/1360 2010/1462/1351
f 2010/1462/1351 2019/1471/1360 2020/1472/1361 2011/1463/1352
f 2011/1463/1352 2020/1472/1361 2021/1473/1362 2012/1464/1353
f 2012/1464/1353 2021/1473/1362 2022/1474/1363 2013/1465/1354
f 2013/1465/1354 2022/1474/1363 2023/1475/1364 2014/1466/1355
f 2014/1466/1355 2023/1475/1364 2024/1476/1365 2015/1467/1356
f 2016/1468/1357 2025/1477/1366 2026/1478/1367 2017/1469/1358
f 2017/1469/1358 2026/1478/1367 2027/1479/1368 2018/1470/1359
f 2018/1470/1359 2027/1479/1368 2028/1480/1369 2019/1471/1360
f 2019/1471/1360 2028/1480/1369 2029/1481/1370 2020/1472/1361
f 2020/1472/1361 2029/1481/1370 2030/1482/1371 2021/1473/1362
f 2021/1473/1362 2030/1482/1371 2031/1483/1372 2022/1474/1363
f 2022/1474/1363 2031/1483/1372 2032/1484/1373 2023/1475/1364
f 2023/1475/1364 2032/1484/1373 2033/1485/1374 2024/1476/1365
f 2025/1477/1366 2034/1486/1375 2035/1487/1376 2026/1478/1367
f 2026/1478/1367 2035/1487/1376 2036/1488/1377 2027/1479/1368
f 2027/1479/1368 2036/1488/1377 2037/1489/1378 2028/1480/1369
f 2028/1480/1369 2037/1489/1378 2038/1490/1379 2029/1481/1370
f 2029/1481/1370 2038/1490/1379 2039/1491/1380 2030/1482/1371
f 2030/1482/1371 2039/1491/1380 2040/1492/1381 2031/1483/1372
f 2031/1483/1372 2040/1492/1381 2041/1493/1382 2032/1484/1373
f 2032/1484/1373 2041/1493/1382 2042/1494/1383 2033/1485/1374
f 2034/1486/1375 2043/1495/1384 2044/1496/1385 2035/1487/1376
f 2035/1487/1376 2044/1496/1385 2045/1497/1386 2036/1488/1377
f 2036/1488/1377 2045/1497/1386 2046/1498/1387 2037/1489/1378
f 2037/1489/1378 2046/1498/1387 2047/1499/1388 2038/1490/1379
f 2038/1490/1379 2047/1499/1388 2048/1500/1389 2039/1491/1380
f 2039/1491/1380 2048/1500/1389 2049/1501/1390 2040/1492/1381
f 2040/1492/1381 2049/1501/1390 2050/1502/1391 2041/1493/1382
f 2041/1493/1382 2050/1502/1391 2051/1503/1392 2042/1494/1383
f 2043/1495/1384 2052/1504/1393 2053/1505/1394 2044/1496/1385
f 2044/1496/1385 2053/1505/1394 2054/1506/1395 2045/1497/1386
f 2045/1497/1386 2054/1506/1395 2055/1507/1396 2046/1498/1387
f 2046/1498/1387 2055/1507/1396 2056/1508/1397 2047/1499/1388
f 2047/1499/1388 2056/1508/1397 2057/1509/1398 2048/1500/1389
f 2048/1500/1389 2057/1509/1398 2058/1510/1399 2049/1501/1390
f 2049/1501/1390 2058/1510/1399 2059/1511/1400 2050/1502/1391
f 2050/1502/1391 2059/1511/1400 2060/1512/1391 2051/1503/1392
usemtl track_rail
f 2063/1235/1401 2064/1250/1401 2062/1251/1402 2061/1234/1402
f 2065/1252/1403 2066/1260/1404 2064/1250/1401 2063/1235/1401
f 2067/1261/1405 2068/1269/1405 2066/1260/1404 2065/1252/1403
f 2069/1270/1406 2070/1278/1406 2068/1269/1405 2067/1261/1405
f 2071/1279/1407 2072/1287/1407 2070/1278/1406 2069/1270/1406
f 2073/1288/1408 2074/1296/1408 2072/1287/1407 2071/1279/1407
f 2075/1297/1409 2076/1305/1410 2074/1296/1408 2073/1288/1408
f 2077/1306/1411 2078/1314/1411 2076/1305/1410 2075/1297/1409
f 2079/1315/1412 2080/1323/1413 2078/1314/1411 2077/1306/1411
f 2081/1324/1414 2082/1332/1414 2080/1323/1413 2079/1315/1412
f 2083/1333/1415 2084/1341/1415 2082/1332/1414 2081/1324/1414
f 2085/1342/1416 2086/1350/1416 2084/1341/1415 2083/1333/1415
f 2087/1351/1417 2088/1359/1418 2086/1350/1416 2085/1342/1416
f 2089/1360/1419 2090/1368/1419 2088/1359/1418 2087/1351/1417
f 2091/1369/1420 2092/1377/1420 2090/1368/1419 2089/1360/1419
f 2093/1378/1421 2094/1386/1422 2092/1377/1420 2091/1369/1420
f 2095/1387/1423 2096/1395/1424 2094/1386/1422 2093/1378/1421
f 2097/1396/1425 2098/1404/1425 2096/1395/1424 2095/1387/1423
f 2099/1405/1426 2100/1413/1426 2098/1404/1425 2097/1396/1425
f 2101/1414/1427 2102/1422/1427 2100/1413/1426 2099/1405/1426
f 2103/1423/1428 2104/1431/1428 2102/1422/1427 2101/1414/1427
f 2105/1432/1429 2106/1440/1429 2104/1431/1428 2103/1423/1428
f 2107/1441/1430 2108/1449/1430 2106/1440/1429 2105/1432/1429
f 2109/1450/1431 2110/1458/1432 2108/1449/1430 2107/1441/1430
f 2111/1459/1433 2112/1467/1433 2110/1458/1432 2109/1450/1431
f 2113/1468/1434 2114/1476/1434 2112/1467/1433 2111/1459/1433
f 2115/1477/1435 2116/1485/1436 2114/1476/1434 2113/1468/1434
f 2117/1486/1437 2118/1494/1437 2116/1485/1436 2115/1477/1435
f 2119/1495/1438 2120/1503/1439 2118/1494/1437 2117/1486/1437
f 2121/1504/1440 2122/1512/1440 2120/1503/1439 2119/1495/1438
f 2123/1251/1441 2124/1234/1441 2126/1235/1442 2125/1250/1442
f 2125/1250/1442 2126/1235/1442 2128/1252/1443 2127/1260/1443
f 2127/1260/1443 2128/1252/1443 2130/1261/1444 2129/1269/1444
f 2129/1269/1444 2130/1261/1444 2132/1270/1445 2131/1278/1446
f 2131/1278/1446 2132/1270/1445 2134/1279/1447 2133/1287/1447
f 2133/1287/1447 2134/1279/1447 2136/1288/1448 2135/1296/1448
f 2135/1296/1448 2136/1288/1448 2138/1297/1449 2137/1305/1449
f 2137/1305/1449 2138/1297/1449 2140/1306/1450 2139/1314/1450
f 2139/1314/1450 2140/1306/1450 2142/1315/1451 2141/1323/1451
f 2141/1323/1451 2142/1315/1451 2144/1324/1452 2143/1332/1452
f 2143/1332/1452 2144/1324/1452 2146/1333/1453 2145/1341/1453
f 2145/1341/1453 2146/1333/1453 2148/1342/1454 2147/1350/1454
f 2147/1350/1454 2148/1342/1454 2150/1351/1455 2149/1359/1455
f 2149/1359/1455 2150/1351/1455 2152/1360/1456 2151/1368/1456
f 2151/1368/1456 2152/1360/1456 2154/1369/1457 2153/1377/1457
f 2153/1377/1457 2154/1369/1457 2156/1378/1458 2155/1386/1458
f 2155/1386/1458 2156/1378/1458 2158/1387/1459 2157/1395/1459
f 2157/1395/1459 2158/1387/1459 2160/1396/1460 2159/1404/1460
f 2159/1404/1460 2160/1396/1460 2162/1405/1461 2161/1413/1461
f 2161/1413/1461 2162/1405/1461 2164/1414/1462 2163/1422/1463
f 2163/1422/1463 2164/1414/1462 2166/1423/1464 2165/1431/1464
f 2165/1431/1464 2166/1423/1464 2168/1432/1465 2167/1440/1465
f 2167/1440/1465 2168/1432/1465 2170/1441/1466 2169/1449/1466
f 2169/1449/1466 2170/1441/1466 2172/1450/1467 2171/1458/1467
f 2171/1458/1467 2172/1450/1467 2174/1459/1468 2173/1467/1468
f 2173/1467/1468 2174/1459/1468 2176/1468/1469 2175/1476/1469
f 2175/1476/1469 2176/1468/1469 2178/1477/1470 2177/1485/1470
f 2177/1485/1470 2178/1477/1470 2180/1486/1471 2179/1494/1471
f 2179/1494/1471 2180/1486/1471 2182/1495/1472 2181/1503/1473
f 2181/1503/1473 2182/1495/1472 2184/1504/1474 2183/1512/1474
o FZGXStream6.000_PreviewMesh
v 1215.819824 -291.421387 -111.077118 0.7353 0.7353 0.7353
v 1224.438354 -291.421387 -118.307831 0.7353 0.7353 0.7353
v 1233.056885 -291.421387 -125.538551 0.7353 0.7353 0.7353
v 1241.675415 -291.421387 -132.769272 0.7353 0.7353 0.7353
v 1250.293945 -291.421387 -139.999985 0.7353 0.7353 0.7353
v 1258.912476 -291.421387 -147.230698 0.7353 0.7353 0.7353
v 1267.531006 -291.421387 -154.461426 0.7353 0.7353 0.7353
v 1276.149536 -291.421387 -161.692139 0.7353 0.7353 0.7353
v 1284.768066 -291.421387 -168.922852 0.7353 0.7353 0.7353
v 1213.141846 -180.201477 -114.608627 0.7353 0.7353 0.7353
v 1222.429810 -180.201477 -120.956467 0.7353 0.7353 0.7353
v 1231.717896 -180.201477 -127.304306 0.7353 0.7353 0.7353
v 1241.005859 -180.201477 -133.652145 0.7353 0.7353 0.7353
v 1250.293945 -180.201477 -139.999985 0.7353 0.7353 0.7353
v 1259.582031 -180.201477 -146.347824 0.7353 0.7353 0.7353
v 1268.869995 -180.201477 -152.695663 0.7353 0.7353 0.7353
v 1278.158081 -180.201477 -159.043503 0.7353 0.7353 0.7353
v 1287.446045 -180.201477 -165.391342 0.7353 0.7353 0.7353
v 1212.502197 -164.908173 -115.570816 0.7353 0.7353 0.7353
v 1221.950195 -164.908173 -121.678108 0.7353 0.7353 0.7353
v 1231.398071 -164.908173 -127.785400 0.7353 0.7353 0.7353
v 1240.846069 -164.908173 -133.892700 0.7353 0.7353 0.7353
v 1250.293945 -164.908173 -139.999985 0.7353 0.7353 0.7353
v 1259.741821 -164.908173 -146.107269 0.7353 0.7353 0.7353
v 1269.189819 -164.908173 -152.214569 0.7353 0.7353 0.7353
v 1278.637695 -164.908173 -158.321854 0.7353 0.7353 0.7353
v 1288.085693 -164.908173 -164.429153 0.7353 0.7353 0.7353
v 1211.296997 -137.293732 -117.544647 0.7353 0.7353 0.7353
v 1221.046265 -137.293732 -123.158478 0.7353 0.7353 0.7353
v 1230.795532 -137.293732 -128.772308 0.7353 0.7353 0.7353
v 1240.544678 -137.293732 -134.386154 0.7353 0.7353 0.7353
v 1250.293945 -137.293732 -139.999985 0.7353 0.7353 0.7353
v 1260.043213 -137.293732 -145.613815 0.7353 0.7353 0.7353
v 1269.792358 -137.293732 -151.227661 0.7353 0.7353 0.7353
v 1279.541626 -137.293732 -156.841492 0.7353 0.7353 0.7353
v 1289.290894 -137.293732 -162.455322 0.7353 0.7353 0.7353
v 1210.135010 -110.643784 -119.695854 0.7353 0.7353 0.7353
v 1220.174683 -110.643784 -124.771889 0.7353 0.7353 0.7353
v 1230.214478 -110.643784 -129.847916 0.7353 0.7353 0.7353
v 1240.254150 -110.643784 -134.923950 0.7353 0.7353 0.7353
v 1250.293945 -110.643784 -139.999985 0.7353 0.7353 0.7353
v 1260.333740 -110.643784 -145.076019 0.7353 0.7353 0.7353
v 1270.373413 -110.643784 -150.152054 0.7353 0.7353 0.7353
v 1280.413208 -110.643784 -155.228088 0.7353 0.7353 0.7353
v 1290.452881 -110.643784 -160.304123 0.7353 0.7353 0.7353
v 1209.255981 -89.505653 -121.536880 0.7353 0.7353 0.7353
v 1219.515381 -89.505653 -126.152657 0.7353 0.7353 0.7353
v 1229.774902 -89.505653 -130.768433 0.7353 0.7353 0.7353
v 1240.034424 -89.505653 -135.384201 0.7353 0.7353 0.7353
v 1250.293945 -89.505653 -139.999985 0.7353 0.7353 0.7353
v 1260.553467 -89.505653 -144.615768 0.7353 0.7353 0.7353
v 1270.812988 -89.505653 -149.231537 0.7353 0.7353 0.7353
v 1281.072510 -89.505653 -153.847321 0.7353 0.7353 0.7353
v 1291.331909 -89.505653 -158.463089 0.7353 0.7353 0.7353
v 1208.653198 -74.065689 -122.937645 0.7353 0.7353 0.7353
v 1219.063477 -74.065689 -127.203232 0.7353 0.7353 0.7353
v 1229.473633 -74.065689 -131.468811 0.7353 0.7353 0.7353
v 1239.883789 -74.065689 -135.734406 0.7353 0.7353 0.7353
v 1250.293945 -74.065689 -139.999985 0.7353 0.7353 0.7353
v 1260.704102 -74.065689 -144.265564 0.7353 0.7353 0.7353
v 1271.114258 -74.065689 -148.531158 0.7353 0.7353 0.7353
v 1281.524414 -74.065689 -152.796738 0.7353 0.7353 0.7353
v 1291.934692 -74.065689 -157.062332 0.7353 0.7353 0.7353
v 1207.660767 -47.065277 -125.452423 0.7353 0.7353 0.7353
v 1218.319092 -47.065277 -129.089310 0.7353 0.7353 0.7353
v 1228.977417 -47.065277 -132.726212 0.7353 0.7353 0.7353
v 1239.635620 -47.065277 -136.363098 0.7353 0.7353 0.7353
v 1250.293945 -47.065277 -139.999985 0.7353 0.7353 0.7353
v 1260.952271 -47.065277 -143.636871 0.7353 0.7353 0.7353
v 1271.610474 -47.065277 -147.273758 0.7353 0.7353 0.7353
v 1282.268799 -47.065277 -150.910660 0.7353 0.7353 0.7353
v 1292.927124 -47.065277 -154.547546 0.7353 0.7353 0.7353
v 1210.635254 -24.806179 -128.604980 0.7353 0.7353 0.7353
v 1220.549927 -24.806179 -131.453720 0.7353 0.7353 0.7353
v 1230.464600 -24.806179 -134.302475 0.7353 0.7353 0.7353
v 1240.379272 -24.806179 -137.151230 0.7353 0.7353 0.7353
v 1250.293945 -24.806179 -139.999985 0.7353 0.7353 0.7353
v 1260.208618 -24.806179 -142.848740 0.7353 0.7353 0.7353
v 1270.123291 -24.806179 -145.697495 0.7353 0.7353 0.7353
v 1280.037964 -24.806179 -148.546249 0.7353 0.7353 0.7353
v 1289.952637 -24.806179 -151.394989 0.7353 0.7353 0.7353
v 1213.795044 -9.654038 -130.796875 0.7353 0.7353 0.7353
v 1222.919800 -9.654038 -133.097656 0.7353 0.7353 0.7353
v 1232.044434 -9.654038 -135.398422 0.7353 0.7353 0.7353
v 1241.169189 -9.654038 -137.699203 0.7353 0.7353 0.7353
v 1250.293945 -9.654038 -139.999985 0.7353 0.7353 0.7353
v 1259.418701 -9.654038 -142.300766 0.7353 0.7353 0.7353
v 1268.543457 -9.654038 -144.601547 0.7353 0.7353 0.7353
v 1277.668091 -9.654038 -146.902313 0.7353 0.7353 0.7353
v 1286.792847 -9.654038 -149.203094 0.7353 0.7353 0.7353
v 1219.970215 18.067682 -134.187881 0.7353 0.7353 0.7353
v 1227.551147 18.067682 -135.640900 0.7353 0.7353 0.7353
v 1235.132080 18.067682 -137.093933 0.7353 0.7353 0.7353
v 1242.713013 18.067682 -138.546967 0.7353 0.7353 0.7353
v 1250.293945 18.067682 -139.999985 0.7353 0.7353 0.7353
v 1257.874878 18.067682 -141.453018 0.7353 0.7353 0.7353
v 1265.455811 18.067682 -142.906052 0.7353 0.7353 0.7353
v 1273.036743 18.067682 -144.359085 0.7353 0.7353 0.7353
v 1280.617676 18.067682 -145.812103 0.7353 0.7353 0.7353
v 1220.599121 43.274799 -135.785065 0.7353 0.7353 0.7353
v 1228.022827 43.274799 -136.838791 0.7353 0.7353 0.7353
v 1235.446533 43.274799 -137.892532 0.7353 0.7353 0.7353
v 1242.870239 43.274799 -138.946259 0.7353 0.7353 0.7353
v 1250.293945 43.274799 -140.000000 0.7353 0.7353 0.7353
v 1257.717651 43.274799 -141.053726 0.7353 0.7353 0.7353
v 1265.141357 43.274799 -142.107468 0.7353 0.7353 0.7353
v 1272.565063 43.274799 -143.161194 0.7353 0.7353 0.7353
v 1279.988770 43.274799 -144.214935 0.7353 0.7353 0.7353
v 1220.477173 60.649712 -136.691498 0.7353 0.7353 0.7353
v 1227.931274 60.649712 -137.518631 0.7353 0.7353 0.7353
v 1235.385498 60.649712 -138.345749 0.7353 0.7353 0.7353
v 1242.839722 60.649712 -139.172882 0.7353 0.7353 0.7353
v 1250.293945 60.649712 -140.000000 0.7353 0.7353 0.7353
v 1257.748169 60.649712 -140.827118 0.7353 0.7353 0.7353
v 1265.202393 60.649712 -141.654251 0.7353 0.7353 0.7353
v 1272.656616 60.649712 -142.481369 0.7353 0.7353 0.7353
v 1280.110718 60.649712 -143.308502 0.7353 0.7353 0.7353
v 1220.381226 82.479736 -137.712692 0.7353 0.7353 0.7353
v 1227.859375 82.479736 -138.284531 0.7353 0.7353 0.7353
v 1235.337646 82.479736 -138.856354 0.7353 0.7353 0.7353
v 1242.815796 82.479736 -139.428177 0.7353 0.7353 0.7353
v 1250.293945 82.479736 -140.000000 0.7353 0.7353 0.7353
v 1257.772095 82.479736 -140.571823 0.7353 0.7353 0.7353
v 1265.250244 82.479736 -141.143646 0.7353 0.7353 0.7353
v 1272.728516 82.479736 -141.715469 0.7353 0.7353 0.7353
v 1280.206665 82.479736 -142.287308 0.7353 0.7353 0.7353
v 1220.319946 109.235512 -138.750153 0.7353 0.7353 0.7353
v 1227.813477 109.235512 -139.062622 0.7353 0.7353 0.7353
v 1235.307007 109.235512 -139.375076 0.7353 0.7353 0.7353
v 1242.800415 109.235512 -139.687546 0.7353 0.7353 0.7353
v 1250.293945 109.235512 -140.000000 0.7353 0.7353 0.7353
v 1257.787476 109.235512 -140.312454 0.7353 0.7353 0.7353
v 1265.280884 109.235512 -140.624924 0.7353 0.7353 0.7353
v 1272.774414 109.235512 -140.937378 0.7353 0.7353 0.7353
v 1280.267944 109.235512 -141.249847 0.7353 0.7353 0.7353
v 1220.300293 130.691452 -139.380371 0.7353 0.7353 0.7353
v 1227.798706 130.691452 -139.535278 0.7353 0.7353 0.7353
v 1235.297119 130.691452 -139.690186 0.7353 0.7353 0.7353
v 1242.795532 130.691452 -139.845093 0.7353 0.7353 0.7353
v 1250.293945 130.691452 -140.000000 0.7353 0.7353 0.7353
v 1257.792358 130.691452 -140.154907 0.7353 0.7353 0.7353
v 1265.290771 130.691452 -140.309814 0.7353 0.7353 0.7353
v 1272.789185 130.691452 -140.464722 0.7353 0.7353 0.7353
v 1280.287598 130.691452 -140.619629 0.7353 0.7353 0.7353
v 1220.295410 145.994324 -139.703415 0.7353 0.7353 0.7353
v 1227.795044 145.994324 -139.777557 0.7353 0.7353 0.7353
v 1235.294678 145.994324 -139.851700 0.7353 0.7353 0.7353
v 1242.794312 145.994324 -139.925842 0.7353 0.7353 0.7353
v 1250.293945 145.994324 -139.999985 0.7353 0.7353 0.7353
v 1257.793579 145.994324 -140.074127 0.7353 0.7353 0.7353
v 1265.293213 145.994324 -140.148270 0.7353 0.7353 0.7353
v 1272.792847 145.994324 -140.222412 0.7353 0.7353 0.7353
v 1280.292480 145.994324 -140.296570 0.7353 0.7353 0.7353
v 1220.293945 173.244995 -139.989334 0.7353 0.7353 0.7353
v 1227.793945 173.244995 -139.992004 0.7353 0.7353 0.7353
v 1235.293945 173.244995 -139.994675 0.7353 0.7353 0.7353
v 1242.793945 173.244995 -139.997330 0.7353 0.7353 0.7353
v 1250.293945 173.244995 -140.000000 0.7353 0.7353 0.7353
v 1257.793945 173.244995 -140.002670 0.7353 0.7353 0.7353
v 1265.293945 173.244995 -140.005325 0.7353 0.7353 0.7353
v 1272.793945 173.244995 -140.007996 0.7353 0.7353 0.7353
v 1280.293945 173.244995 -140.010666 0.7353 0.7353 0.7353
v 1220.293945 196.384079 -140.000046 0.7353 0.7353 0.7353
v 1227.793945 196.384079 -140.000031 0.7353 0.7353 0.7353
v 1235.293945 196.384079 -140.000015 0.7353 0.7353 0.7353
v 1242.793945 196.384079 -140.000015 0.7353 0.7353 0.7353
v 1250.293945 196.384079 -140.000000 0.7353 0.7353 0.7353
v 1257.793945 196.384079 -139.999985 0.7353 0.7353 0.7353
v 1265.293945 196.384079 -139.999985 0.7353 0.7353 0.7353
v 1272.793945 196.384079 -139.999969 0.7353 0.7353 0.7353
v 1280.293945 196.384079 -139.999954 0.7353 0.7353 0.7353
v 1220.293945 211.556885 -140.000000 0.7353 0.7353 0.7353
v 1227.793945 211.556885 -140.000000 0.7353 0.7353 0.7353
v 1235.293945 211.556885 -140.000000 0.7353 0.7353 0.7353
v 1242.793945 211.556885 -140.000000 0.7353 0.7353 0.7353
v 1250.293945 211.556885 -140.000000 0.7353 0.7353 0.7353
v 1257.793945 211.556885 -140.000000 0.7353 0.7353 0.7353
v 1265.293945 211.556885 -140.000000 0.7353 0.7353 0.7353
v 1272.793945 211.556885 -140.000000 0.7353 0.7353 0.7353
v 1280.293945 211.556885 -140.000000 0.7353 0.7353 0.7353
v 1220.293945 239.691010 -140.000000 0.7353 0.7353 0.7353
v 1227.793945 239.691010 -140.000000 0.7353 0.7353 0.7353
v 1235.293945 239.691010 -140.000000 0.7353 0.7353 0.7353
v 1242.793945 239.691010 -140.000000 0.7353 0.7353 0.7353
v 1250.293945 239.691010 -140.000000 0.7353 0.7353 0.7353
v 1257.793945 239.691010 -140.000000 0.7353 0.7353 0.7353
v 1265.293945 239.691010 -140.000000 0.7353 0.7353 0.7353
v 1272.793945 239.691010 -140.000000 0.7353 0.7353 0.7353
v 1280.293945 239.691010 -140.000000 0.7353 0.7353 0.7353
v 1220.293945 266.045258 -140.000000 0.7353 0.7353 0.7353
v 1227.793945 266.045258 -140.000000 0.7353 0.7353 0.7353
v 1235.293945 266.045258 -140.000000 0.7353 0.7353 0.7353
v 1242.793945 266.045258 -140.000000 0.7353 0.7353 0.7353
v 1250.293945 266.045258 -140.000000 0.7353 0.7353 0.7353
v 1257.793945 266.045258 -140.000000 0.7353 0.7353 0.7353
v 1265.293945 266.045258 -140.000000 0.7353 0.7353 0.7353
v 1272.793945 266.045258 -140.000000 0.7353 0.7353 0.7353
v 1280.293945 266.045258 -140.000000 0.7353 0.7353 0.7353
v 1220.293945 285.176727 -140.000000 0.7353 0.7353 0.7353
v 1227.793945 285.176727 -140.000000 0.7353 0.7353 0.7353
v 1235.293945 285.176727 -140.000000 0.7353 0.7353 0.7353
v 1242.793945 285.176727 -140.000000 0.7353 0.7353 0.7353
v 1250.293945 285.176727 -140.000000 0.7353 0.7353 0.7353
v 1257.793945 285.176727 -140.000000 0.7353 0.7353 0.7353
v 1265.293945 285.176727 -140.000000 0.7353 0.7353 0.7353
v 1272.793945 285.176727 -140.000000 0.7353 0.7353 0.7353
v 1280.293945 285.176727 -140.000000 0.7353 0.7353 0.7353
v 1220.293945 302.995911 -140.000000 0.7353 0.7353 0.7353
v 1227.793945 302.995911 -140.000000 0.7353 0.7353 0.7353
v 1235.293945 302.995911 -140.000000 0.7353 0.7353 0.7353
v 1242.793945 302.995911 -140.000000 0.7353 0.7353 0.7353
v 1250.293945 302.995911 -140.000000 0.7353 0.7353 0.7353
v 1257.793945 302.995911 -140.000000 0.7353 0.7353 0.7353
v 1265.293945 302.995911 -140.000000 0.7353 0.7353 0.7353
v 1272.793945 302.995911 -140.000000 0.7353 0.7353 0.7353
v 1280.293945 302.995911 -140.000000 0.7353 0.7353 0.7353
v 1220.293945 328.719421 -140.000000 0.7353 0.7353 0.7353
v 1227.793945 328.719421 -140.000000 0.7353 0.7353 0.7353
v 1235.293945 328.719421 -140.000000 0.7353 0.7353 0.7353
v 1242.793945 328.719421 -140.000000 0.7353 0.7353 0.7353
v 1250.293945 328.719421 -140.000000 0.7353 0.7353 0.7353
v 1257.793945 328.719421 -140.000000 0.7353 0.7353 0.7353
v 1265.293945 328.719421 -140.000000 0.7353 0.7353 0.7353
v 1272.793945 328.719421 -140.000000 0.7353 0.7353 0.7353
v 1280.293945 328.719421 -140.000000 0.7353 0.7353 0.7353
v 1220.293945 346.328796 -140.000000 0.7353 0.7353 0.7353
v 1227.793945 346.328796 -140.000000 0.7353 0.7353 0.7353
v 1235.293945 346.328796 -140.000000 0.7353 0.7353 0.7353
v 1242.793945 346.328796 -140.000000 0.7353 0.7353 0.7353
v 1250.293945 346.328796 -140.000000 0.7353 0.7353 0.7353
v 1257.793945 346.328796 -140.000000 0.7353 0.7353 0.7353
v 1265.293945 346.328796 -140.000000 0.7353 0.7353 0.7353
v 1272.793945 346.328796 -140.000000 0.7353 0.7353 0.7353
v 1280.293945 346.328796 -140.000000 0.7353 0.7353 0.7353
v 1220.293945 367.830414 -140.000000 0.7353 0.7353 0.7353
v 1227.793945 367.830414 -140.000000 0.7353 0.7353 0.7353
v 1235.293945 367.830414 -140.000000 0.7353 0.7353 0.7353
v 1242.793945 367.830414 -140.000000 0.7353 0.7353 0.7353
v 1250.293945 367.830414 -140.000000 0.7353 0.7353 0.7353
v 1257.793945 367.830414 -140.000000 0.7353 0.7353 0.7353
v 1265.293945 367.830414 -140.000000 0.7353 0.7353 0.7353
v 1272.793945 367.830414 -140.000000 0.7353 0.7353 0.7353
v 1280.293945 367.830414 -140.000000 0.7353 0.7353 0.7353
v 1220.293945 394.484253 -140.000000 0.7353 0.7353 0.7353
v 1227.793945 394.484253 -140.000000 0.7353 0.7353 0.7353
v 1235.293945 394.484253 -140.000000 0.7353 0.7353 0.7353
v 1242.793945 394.484253 -140.000000 0.7353 0.7353 0.7353
v 1250.293945 394.484253 -140.000000 0.7353 0.7353 0.7353
v 1257.793945 394.484253 -140.000000 0.7353 0.7353 0.7353
v 1265.293945 394.484253 -140.000000 0.7353 0.7353 0.7353
v 1272.793945 394.484253 -140.000000 0.7353 0.7353 0.7353
v 1280.293945 394.484253 -140.000000 0.7353 0.7353 0.7353
v 1220.293945 414.460388 -140.000000 0.7353 0.7353 0.7353
v 1227.793945 414.460388 -140.000000 0.7353 0.7353 0.7353
v 1235.293945 414.460388 -140.000000 0.7353 0.7353 0.7353
v 1242.793945 414.460388 -140.000000 0.7353 0.7353 0.7353
v 1250.293945 414.460388 -140.000000 0.7353 0.7353 0.7353
v 1257.793945 414.460388 -140.000000 0.7353 0.7353 0.7353
v 1265.293945 414.460388 -140.000000 0.7353 0.7353 0.7353
v 1272.793945 414.460388 -140.000000 0.7353 0.7353 0.7353
v 1280.293945 414.460388 -140.000000 0.7353 0.7353 0.7353
v 1220.293945 430.974945 -140.000000 0.7353 0.7353 0.7353
v 1227.793945 430.974945 -140.000000 0.7353 0.7353 0.7353
v 1235.293945 430.974945 -140.000000 0.7353 0.7353 0.7353
v 1242.793945 430.974945 -140.000000 0.7353 0.7353 0.7353
v 1250.293945 430.974945 -140.000000 0.7353 0.7353 0.7353
v 1257.793945 430.974945 -140.000000 0.7353 0.7353 0.7353
v 1265.293945 430.974945 -140.000000 0.7353 0.7353 0.7353
v 1272.793945 430.974945 -140.000000 0.7353 0.7353 0.7353
v 1280.293945 430.974945 -140.000000 0.7353 0.7353 0.7353
v 1220.293945 456.868561 -140.000000 0.7353 0.7353 0.7353
v 1227.793945 456.868561 -140.000000 0.7353 0.7353 0.7353
v 1235.293945 456.868561 -140.000000 0.7353 0.7353 0.7353
v 1242.793945 456.868561 -140.000000 0.7353 0.7353 0.7353
v 1250.293945 456.868561 -140.000000 0.7353 0.7353 0.7353
v 1257.793945 456.868561 -140.000000 0.7353 0.7353 0.7353
v 1265.293945 456.868561 -140.000000 0.7353 0.7353 0.7353
v 1272.793945 456.868561 -140.000000 0.7353 0.7353 0.7353
v 1280.293945 456.868561 -140.000000 0.7353 0.7353 0.7353
v 1220.293945 474.835083 -140.000000 0.7353 0.7353 0.7353
v 1227.793945 474.835083 -140.000000 0.7353 0.7353 0.7353
v 1235.293945 474.835083 -140.000000 0.7353 0.7353 0.7353
v 1242.793945 474.835083 -140.000000 0.7353 0.7353 0.7353
v 1250.293945 474.835083 -140.000000 0.7353 0.7353 0.7353
v 1257.793945 474.835083 -140.000000 0.7353 0.7353 0.7353
v 1265.293945 474.835083 -140.000000 0.7353 0.7353 0.7353
v 1272.793945 474.835083 -140.000000 0.7353 0.7353 0.7353
v 1280.293945 474.835083 -140.000000 0.7353 0.7353 0.7353
v 1220.293945 495.386261 -140.000000 0.7353 0.7353 0.7353
v 1227.793945 495.386261 -140.000000 0.7353 0.7353 0.7353
v 1235.293945 495.386261 -140.000000 0.7353 0.7353 0.7353
v 1242.793945 495.386261 -140.000000 0.7353 0.7353 0.7353
v 1250.293945 495.386261 -140.000000 0.7353 0.7353 0.7353
v 1257.793945 495.386261 -140.000000 0.7353 0.7353 0.7353
v 1265.293945 495.386261 -140.000000 0.7353 0.7353 0.7353
v 1272.793945 495.386261 -140.000000 0.7353 0.7353 0.7353
v 1280.293945 495.386261 -140.000000 0.7353 0.7353 0.7353
v 1220.293945 521.790466 -140.000000 0.7353 0.7353 0.7353
v 1227.793945 521.790466 -140.000000 0.7353 0.7353 0.7353
v 1235.293945 521.790466 -140.000000 0.7353 0.7353 0.7353
v 1242.793945 521.790466 -140.000000 0.7353 0.7353 0.7353
v 1250.293945 521.790466 -140.000000 0.7353 0.7353 0.7353
v 1257.793945 521.790466 -140.000000 0.7353 0.7353 0.7353
v 1265.293945 521.790466 -140.000000 0.7353 0.7353 0.7353
v 1272.793945 521.790466 -140.000000 0.7353 0.7353 0.7353
v 1280.293945 521.790466 -140.000000 0.7353 0.7353 0.7353
v 1220.293945 541.061218 -140.000000 0.7353 0.7353 0.7353
v 1227.793945 541.061218 -140.000000 0.7353 0.7353 0.7353
v 1235.293945 541.061218 -140.000000 0.7353 0.7353 0.7353
v 1242.793945 541.061218 -140.000000 0.7353 0.7353 0.7353
v 1250.293945 541.061218 -140.000000 0.7353 0.7353 0.7353
v 1257.793945 541.061218 -140.000000 0.7353 0.7353 0.7353
v 1265.293945 541.061218 -140.000000 0.7353 0.7353 0.7353
v 1272.793945 541.061218 -140.000000 0.7353 0.7353 0.7353
v 1280.293945 541.061218 -140.000000 0.7353 0.7353 0.7353
v 1220.293945 558.624084 -140.000000 0.7353 0.7353 0.7353
v 1227.793945 558.624084 -140.000000 0.7353 0.7353 0.7353
v 1235.293945 558.624084 -140.000000 0.7353 0.7353 0.7353
v 1242.793945 558.624084 -140.000000 0.7353 0.7353 0.7353
v 1250.293945 558.624084 -140.000000 0.7353 0.7353 0.7353
v 1257.793945 558.624084 -140.000000 0.7353 0.7353 0.7353
v 1265.293945 558.624084 -140.000000 0.7353 0.7353 0.7353
v 1272.793945 558.624084 -140.000000 0.7353 0.7353 0.7353
v 1280.293945 558.624084 -140.000000 0.7353 0.7353 0.7353
v 1220.293945 584.331116 -140.000000 0.7353 0.7353 0.7353
v 1227.793945 584.331116 -140.000000 0.7353 0.7353 0.7353
v 1235.293945 584.331116 -140.000000 0.7353 0.7353 0.7353
v 1242.793945 584.331116 -140.000000 0.7353 0.7353 0.7353
v 1250.293945 584.331116 -140.000000 0.7353 0.7353 0.7353
v 1257.793945 584.331116 -140.000000 0.7353 0.7353 0.7353
v 1265.293945 584.331116 -140.000000 0.7353 0.7353 0.7353
v 1272.793945 584.331116 -140.000000 0.7353 0.7353 0.7353
v 1280.293945 584.331116 -140.000000 0.7353 0.7353 0.7353
v 1220.293945 601.908264 -140.000000 0.7353 0.7353 0.7353
v 1227.793945 601.908264 -140.000000 0.7353 0.7353 0.7353
v 1235.293945 601.908264 -140.000000 0.7353 0.7353 0.7353
v 1242.793945 601.908264 -140.000000 0.7353 0.7353 0.7353
v 1250.293945 601.908264 -140.000000 0.7353 0.7353 0.7353
v 1257.793945 601.908264 -140.000000 0.7353 0.7353 0.7353
v 1265.293945 601.908264 -140.000000 0.7353 0.7353 0.7353
v 1272.793945 601.908264 -140.000000 0.7353 0.7353 0.7353
v 1280.293945 601.908264 -140.000000 0.7353 0.7353 0.7353
v 1220.293945 623.451904 -140.000000 0.7353 0.7353 0.7353
v 1227.793945 623.451904 -140.000000 0.7353 0.7353 0.7353
v 1235.293945 623.451904 -140.000000 0.7353 0.7353 0.7353
v 1242.793945 623.451904 -140.000000 0.7353 0.7353 0.7353
v 1250.293945 623.451904 -140.000000 0.7353 0.7353 0.7353
v 1257.793945 623.451904 -140.000000 0.7353 0.7353 0.7353
v 1265.293945 623.451904 -140.000000 0.7353 0.7353 0.7353
v 1272.793945 623.451904 -140.000000 0.7353 0.7353 0.7353
v 1280.293945 623.451904 -140.000000 0.7353 0.7353 0.7353
v 1220.293945 648.480896 -140.000000 0.7353 0.7353 0.7353
v 1227.793945 648.480896 -140.000000 0.7353 0.7353 0.7353
v 1235.293945 648.480896 -140.000000 0.7353 0.7353 0.7353
v 1242.793945 648.480896 -140.000000 0.7353 0.7353 0.7353
v 1250.293945 648.480896 -140.000000 0.7353 0.7353 0.7353
v 1257.793945 648.480896 -140.000000 0.7353 0.7353 0.7353
v 1265.293945 648.480896 -140.000000 0.7353 0.7353 0.7353
v 1272.793945 648.480896 -140.000000 0.7353 0.7353 0.7353
v 1280.293945 648.480896 -140.000000 0.7353 0.7353 0.7353
v 1220.293945 650.000000 -140.000000 0.7353 0.7353 0.7353
v 1227.793945 650.000000 -140.000000 0.7353 0.7353 0.7353
v 1235.293945 650.000000 -140.000000 0.7353 0.7353 0.7353
v 1242.793945 650.000000 -140.000000 0.7353 0.7353 0.7353
v 1250.293945 650.000000 -140.000000 0.7353 0.7353 0.7353
v 1257.793945 650.000000 -140.000000 0.7353 0.7353 0.7353
v 1265.293945 650.000000 -140.000000 0.7353 0.7353 0.7353
v 1272.793945 650.000000 -140.000000 0.7353 0.7353 0.7353
v 1280.293945 650.000000 -140.000000 0.7353 0.7353 0.7353
v 1284.768066 -291.421387 -168.922852 0.9063 0.9063 0.9063
v 1281.875854 -291.406647 -172.370255 0.9063 0.9063 0.9063
v 1287.446045 -180.201477 -165.391342 0.9063 0.9063 0.9063
v 1284.913574 -179.875275 -169.096771 0.9063 0.9063 0.9063
v 1288.085693 -164.908173 -164.429153 0.9063 0.9063 0.9063
v 1285.650269 -164.556168 -168.196747 0.9063 0.9063 0.9063
v 1289.290894 -137.293732 -162.455322 0.9063 0.9063 0.9063
v 1287.054077 -136.897202 -166.339844 0.9063 0.9063 0.9063
v 1290.452881 -110.643784 -160.304123 0.9063 0.9063 0.9063
v 1288.431519 -110.219521 -164.302124 0.9063 0.9063 0.9063
v 1291.331909 -89.505653 -158.463089 0.9063 0.9063 0.9063
v 1289.494507 -89.066399 -162.547302 0.9063 0.9063 0.9063
v 1291.934692 -74.065689 -157.062332 0.9063 0.9063 0.9063
v 1290.236816 -73.618813 -161.205811 0.9063 0.9063 0.9063
v 1292.927124 -47.065277 -154.547546 0.9063 0.9063 0.9063
v 1291.479492 -46.618073 -158.789795 0.9063 0.9063 0.9063
v 1289.952637 -24.806179 -151.394989 0.9063 0.9063 0.9063
v 1288.817749 -24.436508 -155.344910 0.9063 0.9063 0.9063
v 1286.792847 -9.654038 -149.203094 0.9063 0.9063 0.9063
v 1285.875488 -9.351627 -152.841187 0.9063 0.9063 0.9063
v 1280.617676 18.067682 -145.812103 0.9063 0.9063 0.9063
v 1280.037598 18.258539 -148.838684 0.9063 0.9063 0.9063
v 1279.988770 43.274799 -144.214935 0.9063 0.9063 0.9063
v 1279.567871 43.438175 -147.180008 0.9063 0.9063 0.9063
v 1280.110718 60.649712 -143.308502 0.9063 0.9063 0.9063
v 1279.780396 60.800655 -146.286407 0.9063 0.9063 0.9063
v 1280.206665 82.479736 -142.287308 0.9063 0.9063 0.9063
v 1279.978149 82.610207 -145.275742 0.9063 0.9063 0.9063
v 1280.267944 109.235512 -141.249847 0.9063 0.9063 0.9063
v 1280.142944 109.337410 -144.245514 0.9063 0.9063 0.9063
v 1280.287598 130.691452 -140.619629 0.9063 0.9063 0.9063
v 1280.225586 130.766098 -143.618057 0.9063 0.9063 0.9063
v 1280.292480 145.994324 -140.296570 0.9063 0.9063 0.9063
v 1280.262817 146.047577 -143.295944 0.9063 0.9063 0.9063
v 1280.293945 173.244995 -140.010666 0.9063 0.9063 0.9063
v 1280.292847 173.254120 -143.010651 0.9063 0.9063 0.9063
v 1280.293945 196.384079 -139.999954 0.9063 0.9063 0.9063
v 1280.293945 196.384155 -142.999954 0.9063 0.9063 0.9063
v 1280.293945 211.556885 -140.000000 0.9063 0.9063 0.9063
v 1280.293945 211.556885 -143.000000 0.9063 0.9063 0.9063
v 1280.293945 239.691010 -140.000000 0.9063 0.9063 0.9063
v 1280.293945 239.691010 -143.000000 0.9063 0.9063 0.9063
v 1280.293945 266.045258 -140.000000 0.9063 0.9063 0.9063
v 1280.293945 266.045258 -143.000000 0.9063 0.9063 0.9063
v 1280.293945 285.176727 -140.000000 0.9063 0.9063 0.9063
v 1280.293945 285.176727 -143.000000 0.9063 0.9063 0.9063
v 1280.293945 302.995911 -140.000000 0.9063 0.9063 0.9063
v 1280.293945 302.995911 -143.000000 0.9063 0.9063 0.9063
v 1280.293945 328.719421 -140.000000 0.9063 0.9063 0.9063
v 1280.293945 328.719421 -143.000000 0.9063 0.9063 0.9063
v 1280.293945 346.328796 -140.000000 0.9063 0.9063 0.9063
v 1280.293945 346.328796 -143.000000 0.9063 0.9063 0.9063
v 1280.293945 367.830414 -140.000000 0.9063 0.9063 0.9063
v 1280.293945 367.830414 -143.000000 0.9063 0.9063 0.9063
v 1280.293945 394.484253 -140.000000 0.9063 0.9063 0.9063
v 1280.293945 394.484253 -143.000000 0.9063 0.9063 0.9063
v 1280.293945 414.460388 -140.000000 0.9063 0.9063 0.9063
v 1280.293945 414.460388 -143.000000 0.9063 0.9063 0.9063
v 1280.293945 430.974945 -140.000000 0.9063 0.9063 0.9063
v 1280.293945 430.974945 -143.000000 0.9063 0.9063 0.9063
v 1280.293945 456.868561 -140.000000 0.9063 0.9063 0.9063
v 1280.293945 456.868561 -143.000000 0.9063 0.9063 0.9063
v 1280.293945 474.835083 -140.000000 0.9063 0.9063 0.9063
v 1280.293945 474.835083 -143.000000 0.9063 0.9063 0.9063
v 1280.293945 495.386261 -140.000000 0.9063 0.9063 0.9063
v 1280.293945 495.386261 -143.000000 0.9063 0.9063 0.9063
v 1280.293945 521.790466 -140.000000 0.9063 0.9063 0.9063
v 1280.293945 521.790466 -143.000000 0.9063 0.9063 0.9063
v 1280.293945 541.061218 -140.000000 0.9063 0.9063 0.9063
v 1280.293945 541.061218 -143.000000 0.9063 0.9063 0.9063
v 1280.293945 558.624084 -140.000000 0.9063 0.9063 0.9063
v 1280.293945 558.624084 -143.000000 0.9063 0.9063 0.9063
v 1280.293945 584.331116 -140.000000 0.9063 0.9063 0.9063
v 1280.293945 584.331116 -143.000000 0.9063 0.9063 0.9063
v 1280.293945 601.908264 -140.000000 0.9063 0.9063 0.9063
v 1280.293945 601.908264 -143.000000 0.9063 0.9063 0.9063
v 1280.293945 623.451904 -140.000000 0.9063 0.9063 0.9063
v 1280.293945 623.451904 -143.000000 0.9063 0.9063 0.9063
v 1280.293945 648.480896 -140.000000 0.9063 0.9063 0.9063
v 1280.293945 648.480896 -143.000000 0.9063 0.9063 0.9063
v 1280.293945 650.000000 -140.000000 0.9063 0.9063 0.9063
v 1280.293945 650.000000 -143.000000 0.9063 0.9063 0.9063
v 1215.819824 -291.421387 -111.077118 0.9063 0.9063 0.9063
v 1212.927490 -291.436127 -114.524513 0.9063 0.9063 0.9063
v 1213.141846 -180.201477 -114.608627 0.9063 0.9063 0.9063
v 1210.609375 -180.527664 -118.314064 0.9063 0.9063 0.9063
v 1212.502197 -164.908173 -115.570816 0.9063 0.9063 0.9063
v 1210.066772 -165.260162 -119.338409 0.9063 0.9063 0.9063
v 1211.296997 -137.293732 -117.544647 0.9063 0.9063 0.9063
v 1209.060303 -137.690277 -121.429169 0.9063 0.9063 0.9063
v 1210.135010 -110.643784 -119.695854 0.9063 0.9063 0.9063
v 1208.113647 -111.068047 -123.693863 0.9063 0.9063 0.9063
v 1209.255981 -89.505653 -121.536880 0.9063 0.9063 0.9063
v 1207.418457 -89.944901 -125.621086 0.9063 0.9063 0.9063
v 1208.653198 -74.065689 -122.937645 0.9063 0.9063 0.9063
v 1206.955444 -74.512573 -127.081131 0.9063 0.9063 0.9063
v 1207.660767 -47.065277 -125.452423 0.9063 0.9063 0.9063
v 1206.213257 -47.512482 -129.694672 0.9063 0.9063 0.9063
v 1210.635254 -24.806179 -128.604980 0.9063 0.9063 0.9063
v 1209.500366 -25.175848 -132.554901 0.9063 0.9063 0.9063
v 1213.795044 -9.654038 -130.796875 0.9063 0.9063 0.9063
v 1212.877686 -9.956444 -134.434967 0.9063 0.9063 0.9063
v 1219.970215 18.067682 -134.187881 0.9063 0.9063 0.9063
v 1219.390137 17.876808 -137.214447 0.9063 0.9063 0.9063
v 1220.599121 43.274799 -135.785065 0.9063 0.9063 0.9063
v 1220.178223 43.111408 -138.750122 0.9063 0.9063 0.9063
v 1220.477173 60.649712 -136.691498 0.9063 0.9063 0.9063
v 1220.146729 60.498760 -139.669403 0.9063 0.9063 0.9063
v 1220.381226 82.479736 -137.712692 0.9063 0.9063 0.9063
v 1220.152710 82.349258 -140.701141 0.9063 0.9063 0.9063
v 1220.319946 109.235512 -138.750153 0.9063 0.9063 0.9063
v 1220.195068 109.133629 -141.745819 0.9063 0.9063 0.9063
v 1220.300293 130.691452 -139.380371 0.9063 0.9063 0.9063
v 1220.238403 130.616791 -142.378799 0.9063 0.9063 0.9063
v 1220.295410 145.994324 -139.703415 0.9063 0.9063 0.9063
v 1220.265747 145.941086 -142.702789 0.9063 0.9063 0.9063
v 1220.293945 173.244995 -139.989334 0.9063 0.9063 0.9063
v 1220.292847 173.235886 -142.989334 0.9063 0.9063 0.9063
v 1220.293945 196.384079 -140.000046 0.9063 0.9063 0.9063
v 1220.293945 196.384003 -143.000046 0.9063 0.9063 0.9063
v 1220.293945 211.556885 -140.000000 0.9063 0.9063 0.9063
v 1220.293945 211.556870 -143.000000 0.9063 0.9063 0.9063
v 1220.293945 239.691010 -140.000000 0.9063 0.9063 0.9063
v 1220.293945 239.691010 -143.000000 0.9063 0.9063 0.9063
v 1220.293945 266.045258 -140.000000 0.9063 0.9063 0.9063
v 1220.293945 266.045258 -143.000000 0.9063 0.9063 0.9063
v 1220.293945 285.176727 -140.000000 0.9063 0.9063 0.9063
v 1220.293945 285.176727 -143.000000 0.9063 0.9063 0.9063
v 1220.293945 302.995911 -140.000000 0.9063 0.9063 0.9063
v 1220.293945 302.995911 -143.000000 0.9063 0.9063 0.9063
v 1220.293945 328.719421 -140.000000 0.9063 0.9063 0.9063
v 1220.293945 328.719421 -143.000000 0.9063 0.9063 0.9063
v 1220.293945 346.328796 -140.000000 0.9063 0.9063 0.9063
v 1220.293945 346.328796 -143.000000 0.9063 0.9063 0.9063
v 1220.293945 367.830414 -140.000000 0.9063 0.9063 0.9063
v 1220.293945 367.830414 -143.000000 0.9063 0.9063 0.9063
v 1220.293945 394.484253 -140.000000 0.9063 0.9063 0.9063
v 1220.293945 394.484253 -143.000000 0.9063 0.9063 0.9063
v 1220.293945 414.460388 -140.000000 0.9063 0.9063 0.9063
v 1220.293945 414.460388 -143.000000 0.9063 0.9063 0.9063
v 1220.293945 430.974945 -140.000000 0.9063 0.9063 0.9063
v 1220.293945 430.974945 -143.000000 0.9063 0.9063 0.9063
v 1220.293945 456.868561 -140.000000 0.9063 0.9063 0.9063
v 1220.293945 456.868561 -143.000000 0.9063 0.9063 0.9063
v 1220.293945 474.835083 -140.000000 0.9063 0.9063 0.9063
v 1220.293945 474.835083 -143.000000 0.9063 0.9063 0.9063
v 1220.293945 495.386261 -140.000000 0.9063 0.9063 0.9063
v 1220.293945 495.386261 -143.000000 0.9063 0.9063 0.9063
v 1220.293945 521.790466 -140.000000 0.9063 0.9063 0.9063
v 1220.293945 521.790466 -143.000000 0.9063 0.9063 0.9063
v 1220.293945 541.061218 -140.000000 0.9063 0.9063 0.9063
v 1220.293945 541.061218 -143.000000 0.9063 0.9063 0.9063
v 1220.293945 558.624084 -140.000000 0.9063 0.9063 0.9063
v 1220.293945 558.624084 -143.000000 0.9063 0.9063 0.9063
v 1220.293945 584.331116 -140.000000 0.9063 0.9063 0.9063
v 1220.293945 584.331116 -143.000000 0.9063 0.9063 0.9063
v 1220.293945 601.908264 -140.000000 0.9063 0.9063 0.9063
v 1220.293945 601.908264 -143.000000 0.9063 0.9063 0.9063
v 1220.293945 623.451904 -140.000000 0.9063 0.9063 0.9063
v 1220.293945 623.451904 -143.000000 0.9063 0.9063 0.9063
v 1220.293945 648.480896 -140.000000 0.9063 0.9063 0.9063
v 1220.293945 648.480896 -143.000000 0.9063 0.9063 0.9063
v 1220.293945 650.000000 -140.000000 0.9063 0.9063 0.9063
v 1220.293945 650.000000 -143.000000 0.9063 0.9063 0.9063
vn -0.6427 -0.0033 -0.7661
vn -0.5628 -0.0725 -0.8234
vn -0.5634 -0.0544 -0.8244
vn -0.6427 -0.0025 -0.7661
vn -0.5639 -0.0363 -0.8251
vn -0.6427 -0.0016 -0.7661
vn -0.5642 -0.0182 -0.8255
vn -0.6427 -0.0008 -0.7661
vn -0.5642 -0.0000 -0.8256
vn -0.6427 -0.0000 -0.7661
vn -0.5642 0.0182 -0.8255
vn -0.6427 0.0008 -0.7661
vn -0.5639 0.0363 -0.8250
vn -0.6427 0.0016 -0.7661
vn -0.5634 0.0544 -0.8244
vn -0.6427 0.0025 -0.7661
vn -0.5628 0.0725 -0.8234
vn -0.6427 0.0033 -0.7661
vn -0.5412 -0.0782 -0.8372
vn -0.5419 -0.0587 -0.8384
vn -0.5425 -0.0392 -0.8392
vn -0.5428 -0.0196 -0.8397
vn -0.5429 -0.0000 -0.8398
vn -0.5428 0.0196 -0.8397
vn -0.5424 0.0392 -0.8392
vn -0.5419 0.0587 -0.8384
vn -0.5412 0.0782 -0.8372
vn -0.4971 -0.0881 -0.8632
vn -0.4979 -0.0662 -0.8647
vn -0.4986 -0.0442 -0.8657
vn -0.4989 -0.0221 -0.8664
vn -0.4989 -0.0000 -0.8666
vn -0.4989 0.0221 -0.8664
vn -0.4986 0.0442 -0.8657
vn -0.4979 0.0662 -0.8647
vn -0.4971 0.0881 -0.8632
vn -0.4492 -0.0943 -0.8884
vn -0.4501 -0.0709 -0.8902
vn -0.4507 -0.0473 -0.8914
vn -0.4511 -0.0237 -0.8922
vn -0.4512 -0.0000 -0.8924
vn -0.4511 0.0237 -0.8922
vn -0.4507 0.0473 -0.8914
vn -0.4501 0.0708 -0.8902
vn -0.4492 0.0943 -0.8884
vn -0.4083 -0.0976 -0.9076
vn -0.4092 -0.0734 -0.9095
vn -0.4098 -0.0490 -0.9108
vn -0.4102 -0.0245 -0.9117
vn -0.4103 -0.0000 -0.9120
vn -0.4102 0.0245 -0.9117
vn -0.4098 0.0490 -0.9108
vn -0.4091 0.0734 -0.9095
vn -0.4083 0.0976 -0.9076
vn -0.3773 -0.0993 -0.9208
vn -0.3781 -0.0746 -0.9228
vn -0.3787 -0.0498 -0.9242
vn -0.3790 -0.0249 -0.9251
vn -0.3792 -0.0000 -0.9253
vn -0.3790 0.0249 -0.9251
vn -0.3787 0.0498 -0.9242
vn -0.3781 0.0746 -0.9228
vn -0.3773 0.0993 -0.9208
vn -0.3214 -0.0992 -0.9417
vn -0.3221 -0.0746 -0.9438
vn -0.3226 -0.0498 -0.9452
vn -0.3228 -0.0249 -0.9461
vn -0.3230 -0.0000 -0.9464
vn -0.3228 0.0249 -0.9461
vn -0.3226 0.0498 -0.9452
vn -0.3221 0.0746 -0.9438
vn -0.3213 0.0993 -0.9417
vn -0.2751 -0.0896 -0.9572
vn -0.2755 -0.0673 -0.9589
vn -0.2759 -0.0449 -0.9601
vn -0.2761 -0.0225 -0.9609
vn -0.2761 -0.0000 -0.9611
vn -0.2761 0.0225 -0.9609
vn -0.2759 0.0449 -0.9601
vn -0.2755 0.0673 -0.9589
vn -0.2750 0.0896 -0.9573
vn -0.2437 -0.0804 -0.9665
vn -0.2441 -0.0603 -0.9679
vn -0.2443 -0.0403 -0.9689
vn -0.2444 -0.0201 -0.9695
vn -0.2445 -0.0000 -0.9697
vn -0.2444 0.0201 -0.9695
vn -0.2443 0.0403 -0.9689
vn -0.2440 0.0603 -0.9679
vn -0.2437 0.0803 -0.9665
vn -0.1879 -0.0618 -0.9802
vn -0.1881 -0.0464 -0.9811
vn -0.1881 -0.0310 -0.9817
vn -0.1882 -0.0155 -0.9820
vn -0.1883 -0.0000 -0.9821
vn -0.1882 0.0155 -0.9820
vn -0.1882 0.0310 -0.9817
vn -0.1880 0.0464 -0.9811
vn -0.1879 0.0618 -0.9802
vn -0.1403 -0.0545 -0.9886
vn -0.1404 -0.0409 -0.9893
vn -0.1405 -0.0273 -0.9897
vn -0.1405 -0.0136 -0.9900
vn -0.1405 -0.0000 -0.9901
vn -0.1405 0.0136 -0.9900
vn -0.1405 0.0273 -0.9897
vn -0.1404 0.0409 -0.9892
vn -0.1403 0.0545 -0.9886
vn -0.1101 -0.0503 -0.9926
vn -0.1103 -0.0378 -0.9932
vn -0.1102 -0.0252 -0.9936
vn -0.1102 -0.0126 -0.9938
vn -0.1102 -0.0000 -0.9939
vn -0.1104 0.0126 -0.9938
vn -0.1102 0.0252 -0.9936
vn -0.1103 0.0378 -0.9932
vn -0.1101 0.0503 -0.9926
vn -0.0762 -0.0435 -0.9961
vn -0.0761 -0.0322 -0.9966
vn -0.0763 -0.0219 -0.9968
vn -0.0761 -0.0107 -0.9970
vn -0.0761 -0.0000 -0.9971
vn -0.0761 0.0107 -0.9970
vn -0.0763 0.0219 -0.9968
vn -0.0761 0.0322 -0.9966
vn -0.0762 0.0435 -0.9961
vn -0.0416 -0.0340 -0.9986
vn -0.0416 -0.0255 -0.9988
vn -0.0417 -0.0170 -0.9990
vn -0.0417 -0.0085 -0.9991
vn -0.0417 -0.0000 -0.9991
vn -0.0417 0.0085 -0.9991
vn -0.0417 0.0170 -0.9990
vn -0.0417 0.0255 -0.9988
vn -0.0416 0.0340 -0.9986
vn -0.0206 -0.0249 -0.9995
vn -0.0206 -0.0187 -0.9996
vn -0.0207 -0.0124 -0.9997
vn -0.0207 -0.0062 -0.9998
vn -0.0207 -0.0000 -0.9998
vn -0.0207 0.0062 -0.9998
vn -0.0207 0.0124 -0.9997
vn -0.0207 0.0187 -0.9996
vn -0.0207 0.0249 -0.9995
vn -0.0099 -0.0178 -0.9998
vn -0.0099 -0.0133 -0.9999
vn -0.0099 -0.0088 -0.9999
vn -0.0099 -0.0044 -0.9999
vn -0.0099 -0.0000 -1.0000
vn -0.0099 0.0044 -0.9999
vn -0.0099 0.0090 -0.9999
vn -0.0099 0.0133 -0.9999
vn -0.0099 0.0177 -0.9998
vn -0.0004 -0.0030 -1.0000
vn -0.0004 -0.0023 -1.0000
vn -0.0004 -0.0015 -1.0000
vn -0.0003 -0.0008 -1.0000
vn -0.0003 -0.0000 -1.0000
vn -0.0004 0.0008 -1.0000
vn -0.0004 0.0015 -1.0000
vn -0.0004 0.0023 -1.0000
vn -0.0004 0.0030 -1.0000
vn -0.0001 -0.0002 -1.0000
vn -0.0001 -0.0001 -1.0000
vn -0.0001 -0.0000 -1.0000
vn -0.0001 0.0001 -1.0000
vn -0.0001 0.0002 -1.0000
vn -0.0000 -0.0000 -1.0000
vn -0.8325 0.0072 0.5540
vn -0.8253 0.0059 0.5646
vn -0.8530 0.0094 0.5218
vn -0.8793 0.0110 0.4762
vn -0.8793 0.0110 0.4761
vn -0.9019 0.0116 0.4318
vn -0.9183 0.0116 0.3958
vn -0.9358 0.0130 0.3524
vn -0.9535 -0.0704 0.2931
vn -0.9522 -0.1884 0.2404
vn -0.9547 -0.2247 0.1953
vn -0.9796 -0.1281 0.1550
vn -0.9796 -0.1282 0.1551
vn -0.9921 -0.0106 0.1248
vn -0.9956 0.0060 0.0936
vn -0.9982 0.0050 0.0592
vn -0.9995 0.0039 0.0313
vn -0.9999 0.0027 0.0154
vn -0.9999 0.0027 0.0153
vn -1.0000 0.0017 0.0052
vn -1.0000 0.0017 0.0051
vn -1.0000 0.0006 0.0002
vn -1.0000 -0.0000 0.0001
vn -1.0000 -0.0000 -0.0000
vn 0.7661 -0.0059 -0.6427
vn 0.7970 -0.0072 -0.6040
vn 0.7970 -0.0072 -0.6039
vn 0.8331 -0.0095 -0.5530
vn 0.8331 -0.0094 -0.5530
vn 0.8539 -0.0110 -0.5203
vn 0.8803 -0.0116 -0.4743
vn 0.9028 -0.0115 -0.4298
vn 0.9192 -0.0113 -0.3937
vn 0.9353 -0.0942 -0.3410
vn 0.9353 -0.0942 -0.3411
vn 0.9388 -0.2079 -0.2745
vn 0.9422 -0.2410 -0.2328
vn 0.9687 -0.1432 -0.2029
vn 0.9863 -0.0238 -0.1630
vn 0.9864 -0.0238 -0.1629
vn 0.9921 -0.0055 -0.1251
vn 0.9957 -0.0050 -0.0930
vn 0.9956 -0.0050 -0.0931
vn 0.9983 -0.0039 -0.0588
vn 0.9995 -0.0027 -0.0311
vn 0.9999 -0.0017 -0.0152
vn 1.0000 -0.0006 -0.0051
vn 1.0000 -0.0000 -0.0001
vn 1.0000 -0.0000 -0.0000
vt 0.000000 0.000000
vt 0.000000 2.244668
vt 0.125000 2.244668
vt 0.125000 0.000000
vt 0.250000 2.244668
vt 0.250000 0.000000
vt 0.375000 2.244668
vt 0.375000 0.000000
vt 0.500000 2.244668
vt 0.500000 0.000000
vt 0.625000 2.244668
vt 0.625000 0.000000
vt 0.750000 2.244668
vt 0.750000 0.000000
vt 0.875000 2.244668
vt 0.875000 0.000000
vt 1.000000 2.244668
vt 1.000000 0.000000
vt 0.000000 2.553321
vt 0.125000 2.553321
vt 0.250000 2.553321
vt 0.375000 2.553321
vt 0.500000 2.553321
vt 0.625000 2.553321
vt 0.750000 2.553321
vt 0.875000 2.553321
vt 1.000000 2.553321
vt 0.000000 3.110642
vt 0.125000 3.110642
vt 0.250000 3.110642
vt 0.375000 3.110642
vt 0.500000 3.110642
vt 0.625000 3.110642
vt 0.750000 3.110642
vt 0.875000 3.110642
vt 1.000000 3.110642
vt 0.000000 3.648499
vt 0.125000 3.648499
vt 0.250000 3.648499
vt 0.375000 3.648499
vt 0.500000 3.648499
vt 0.625000 3.648499
vt 0.750000 3.648499
vt 0.875000 3.648499
vt 1.000000 3.648499
vt 0.000000 4.075113
vt 0.125000 4.075113
vt 0.250000 4.075113
vt 0.375000 4.075113
vt 0.500000 4.075113
vt 0.625000 4.075113
vt 0.750000 4.075113
vt 0.875000 4.075113
vt 1.000000 4.075113
vt 0.000000 4.386726
vt 0.125000 4.386726
vt 0.250000 4.386726
vt 0.375000 4.386726
vt 0.500000 4.386726
vt 0.625000 4.386726
vt 0.750000 4.386726
vt 0.875000 4.386726
vt 1.000000 4.386726
vt 0.000000 4.931655
vt 0.125000 4.931655
vt 0.250000 4.931655
vt 0.375000 4.931655
vt 0.500000 4.931655
vt 0.625000 4.931655
vt 0.750000 4.931655
vt 0.875000 4.931655
vt 1.000000 4.931655
vt 0.000000 5.380894
vt 0.125000 5.380894
vt 0.250000 5.380894
vt 0.375000 5.380894
vt 0.500000 5.380894
vt 0.625000 5.380894
vt 0.750000 5.380894
vt 0.875000 5.380894
vt 1.000000 5.380894
vt 0.000000 5.686698
vt 0.125000 5.686698
vt 0.250000 5.686698
vt 0.375000 5.686698
vt 0.500000 5.686698
vt 0.625000 5.686698
vt 0.750000 5.686698
vt 0.875000 5.686698
vt 1.000000 5.686698
vt 0.000000 6.246185
vt 0.125000 6.246185
vt 0.250000 6.246185
vt 0.375000 6.246185
vt 0.500000 6.246185
vt 0.625000 6.246185
vt 0.750000 6.246185
vt 0.875000 6.246185
vt 1.000000 6.246185
vt 0.000000 6.754921
vt 0.125000 6.754921
vt 0.250000 6.754921
vt 0.375000 6.754921
vt 0.500000 6.754921
vt 0.625000 6.754921
vt 0.750000 6.754921
vt 0.875000 6.754921
vt 1.000000 6.754921
vt 0.000000 7.105586
vt 0.125000 7.105586
vt 0.250000 7.105586
vt 0.375000 7.105586
vt 0.500000 7.105586
vt 0.625000 7.105586
vt 0.750000 7.105586
vt 0.875000 7.105586
vt 1.000000 7.105586
vt 0.000000 7.546165
vt 0.125000 7.546165
vt 0.250000 7.546165
vt 0.375000 7.546165
vt 0.500000 7.546165
vt 0.625000 7.546165
vt 0.750000 7.546165
vt 0.875000 7.546165
vt 1.000000 7.546165
vt 0.000000 8.086157
vt 0.125000 8.086157
vt 0.250000 8.086157
vt 0.375000 8.086157
vt 0.500000 8.086157
vt 0.625000 8.086157
vt 0.750000 8.086157
vt 0.875000 8.086157
vt 1.000000 8.086157
vt 0.000000 8.519186
vt 0.125000 8.519186
vt 0.250000 8.519186
vt 0.375000 8.519186
vt 0.500000 8.519186
vt 0.625000 8.519186
vt 0.750000 8.519186
vt 0.875000 8.519186
vt 1.000000 8.519186
vt 0.000000 8.828032
vt 0.125000 8.828032
vt 0.250000 8.828032
vt 0.375000 8.828032
vt 0.500000 8.828032
vt 0.625000 8.828032
vt 0.750000 8.828032
vt 0.875000 8.828032
vt 1.000000 8.828032
vt 0.000000 9.378013
vt 0.125000 9.378013
vt 0.250000 9.378013
vt 0.375000 9.378013
vt 0.500000 9.378013
vt 0.625000 9.378013
vt 0.750000 9.378013
vt 0.875000 9.378013
vt 1.000000 9.378013
vt 0.000000 9.845011
vt 0.125000 9.845011
vt 0.250000 9.845011
vt 0.375000 9.845011
vt 0.500000 9.845011
vt 0.625000 9.845011
vt 0.750000 9.845011
vt 0.875000 9.845011
vt 1.000000 9.845011
vt 0.000000 10.151232
vt 0.125000 10.151232
vt 0.250000 10.151232
vt 0.375000 10.151232
vt 0.500000 10.151232
vt 0.625000 10.151232
vt 0.750000 10.151232
vt 0.875000 10.151232
vt 1.000000 10.151232
vt 0.000000 10.719042
vt 0.125000 10.719042
vt 0.250000 10.719042
vt 0.375000 10.719042
vt 0.500000 10.719042
vt 0.625000 10.719042
vt 0.750000 10.719042
vt 0.875000 10.719042
vt 1.000000 10.719042
vt 0.000000 11.250930
vt 0.125000 11.250930
vt 0.250000 11.250930
vt 0.375000 11.250930
vt 0.500000 11.250930
vt 0.625000 11.250930
vt 0.750000 11.250930
vt 0.875000 11.250930
vt 1.000000 11.250930
vt 0.000000 11.637046
vt 0.125000 11.637046
vt 0.250000 11.637046
vt 0.375000 11.637046
vt 0.500000 11.637046
vt 0.625000 11.637046
vt 0.750000 11.637046
vt 0.875000 11.637046
vt 1.000000 11.637046
vt 0.000000 11.996677
vt 0.125000 11.996677
vt 0.250000 11.996677
vt 0.375000 11.996677
vt 0.500000 11.996677
vt 0.625000 11.996677
vt 0.750000 11.996677
vt 0.875000 11.996677
vt 1.000000 11.996677
vt 0.000000 12.515836
vt 0.125000 12.515836
vt 0.250000 12.515836
vt 0.375000 12.515836
vt 0.500000 12.515836
vt 0.625000 12.515836
vt 0.750000 12.515836
vt 0.875000 12.515836
vt 1.000000 12.515836
vt 0.000000 12.871232
vt 0.125000 12.871232
vt 0.250000 12.871232
vt 0.375000 12.871232
vt 0.500000 12.871232
vt 0.625000 12.871232
vt 0.750000 12.871232
vt 0.875000 12.871232
vt 1.000000 12.871232
vt 0.000000 13.305183
vt 0.125000 13.305183
vt 0.250000 13.305183
vt 0.375000 13.305183
vt 0.500000 13.305183
vt 0.625000 13.305183
vt 0.750000 13.305183
vt 0.875000 13.305183
vt 1.000000 13.305183
vt 0.000000 13.843118
vt 0.125000 13.843118
vt 0.250000 13.843118
vt 0.375000 13.843118
vt 0.500000 13.843118
vt 0.625000 13.843118
vt 0.750000 13.843118
vt 0.875000 13.843118
vt 1.000000 13.843118
vt 0.000000 14.246281
vt 0.125000 14.246281
vt 0.250000 14.246281
vt 0.375000 14.246281
vt 0.500000 14.246281
vt 0.625000 14.246281
vt 0.750000 14.246281
vt 0.875000 14.246281
vt 1.000000 14.246281
vt 0.000000 14.579582
vt 0.125000 14.579582
vt 0.250000 14.579582
vt 0.375000 14.579582
vt 0.500000 14.579582
vt 0.625000 14.579582
vt 0.750000 14.579582
vt 0.875000 14.579582
vt 1.000000 14.579582
vt 0.000000 15.102174
vt 0.125000 15.102174
vt 0.250000 15.102174
vt 0.375000 15.102174
vt 0.500000 15.102174
vt 0.625000 15.102174
vt 0.750000 15.102174
vt 0.875000 15.102174
vt 1.000000 15.102174
vt 0.000000 15.464778
vt 0.125000 15.464778
vt 0.250000 15.464778
vt 0.375000 15.464778
vt 0.500000 15.464778
vt 0.625000 15.464778
vt 0.750000 15.464778
vt 0.875000 15.464778
vt 1.000000 15.464778
vt 0.000000 15.879547
vt 0.125000 15.879547
vt 0.250000 15.879547
vt 0.375000 15.879547
vt 0.500000 15.879547
vt 0.625000 15.879547
vt 0.750000 15.879547
vt 0.875000 15.879547
vt 1.000000 15.879547
vt 0.000000 16.412443
vt 0.125000 16.412443
vt 0.250000 16.412443
vt 0.375000 16.412443
vt 0.500000 16.412443
vt 0.625000 16.412443
vt 0.750000 16.412443
vt 0.875000 16.412443
vt 1.000000 16.412443
vt 0.000000 16.801371
vt 0.125000 16.801371
vt 0.250000 16.801371
vt 0.375000 16.801371
vt 0.500000 16.801371
vt 0.625000 16.801371
vt 0.750000 16.801371
vt 0.875000 16.801371
vt 1.000000 16.801371
vt 0.000000 17.155828
vt 0.125000 17.155828
vt 0.250000 17.155828
vt 0.375000 17.155828
vt 0.500000 17.155828
vt 0.625000 17.155828
vt 0.750000 17.155828
vt 0.875000 17.155828
vt 1.000000 17.155828
vt 0.000000 17.674654
vt 0.125000 17.674654
vt 0.250000 17.674654
vt 0.375000 17.674654
vt 0.500000 17.674654
vt 0.625000 17.674654
vt 0.750000 17.674654
vt 0.875000 17.674654
vt 1.000000 17.674654
vt 0.000000 18.029400
vt 0.125000 18.029400
vt 0.250000 18.029400
vt 0.375000 18.029400
vt 0.500000 18.029400
vt 0.625000 18.029400
vt 0.750000 18.029400
vt 0.875000 18.029400
vt 1.000000 18.029400
vt 0.000000 18.464199
vt 0.125000 18.464199
vt 0.250000 18.464199
vt 0.375000 18.464199
vt 0.500000 18.464199
vt 0.625000 18.464199
vt 0.750000 18.464199
vt 0.875000 18.464199
vt 1.000000 18.464199
vt 0.000000 18.969341
vt 0.125000 18.969341
vt 0.250000 18.969341
vt 0.375000 18.969341
vt 0.500000 18.969341
vt 0.625000 18.969341
vt 0.750000 18.969341
vt 0.875000 18.969341
vt 1.000000 18.969341
vt 0.000000 19.000000
vt 0.125000 19.000000
vt 0.250000 19.000000
vt 0.375000 19.000000
vt 0.500000 19.000000
vt 0.625000 19.000000
vt 0.750000 19.000000
vt 0.875000 19.000000
vt 1.000000 19.000000
s 1
usemtl track_surface
f 2185/1513/1475 2194/1514/1476 2195/1515/1477 2186/1516/1478
f 2186/1516/1478 2195/1515/1477 2196/1517/1479 2187/1518/1480
f 2187/1518/1480 2196/1517/1479 2197/1519/1481 2188/1520/1482
f 2188/1520/1482 2197/1519/1481 2198/1521/1483 2189/1522/1484
f 2189/1522/1484 2198/1521/1483 2199/1523/1485 2190/1524/1486
f 2190/1524/1486 2199/1523/1485 2200/1525/1487 2191/1526/1488
f 2191/1526/1488 2200/1525/1487 2201/1527/1489 2192/1528/1490
f 2192/1528/1490 2201/1527/1489 2202/1529/1491 2193/1530/1492
f 2194/1514/1476 2203/1531/1493 2204/1532/1494 2195/1515/1477
f 2195/1515/1477 2204/1532/1494 2205/1533/1495 2196/1517/1479
f 2196/1517/1479 2205/1533/1495 2206/1534/1496 2197/1519/1481
f 2197/1519/1481 2206/1534/1496 2207/1535/1497 2198/1521/1483
f 2198/1521/1483 2207/1535/1497 2208/1536/1498 2199/1523/1485
f 2199/1523/1485 2208/1536/1498 2209/1537/1499 2200/1525/1487
f 2200/1525/1487 2209/1537/1499 2210/1538/1500 2201/1527/1489
f 2201/1527/1489 2210/1538/1500 2211/1539/1501 2202/1529/1491
f 2203/1531/1493 2212/1540/1502 2213/1541/1503 2204/1532/1494
f 2204/1532/1494 2213/1541/1503 2214/1542/1504 2205/1533/1495
f 2205/1533/1495 2214/1542/1504 2215/1543/1505 2206/1534/1496
f 2206/1534/1496 2215/1543/1505 2216/1544/1506 2207/1535/1497
f 2207/1535/1497 2216/1544/1506 2217/1545/1507 2208/1536/1498
f 2208/1536/1498 2217/1545/1507 2218/1546/1508 2209/1537/1499
f 2209/1537/1499 2218/1546/1508 2219/1547/1509 2210/1538/1500
f 2210/1538/1500 2219/1547/1509 2220/1548/1510 2211/1539/1501
f 2212/1540/1502 2221/1549/1511 2222/1550/1512 2213/1541/1503
f 2213/1541/1503 2222/1550/1512 2223/1551/1513 2214/1542/1504
f 2214/1542/1504 2223/1551/1513 2224/1552/1514 2215/1543/1505
f 2215/1543/1505 2224/1552/1514 2225/1553/1515 2216/1544/1506
f 2216/1544/1506 2225/1553/1515 2226/1554/1516 2217/1545/1507
f 2217/1545/1507 2226/1554/1516 2227/1555/1517 2218/1546/1508
f 2218/1546/1508 2227/1555/1517 2228/1556/1518 2219/1547/1509
f 2219/1547/1509 2228/1556/1518 2229/1557/1519 2220/1548/1510
f 2221/1549/1511 2230/1558/1520 2231/1559/1521 2222/1550/1512
f 2222/1550/1512 2231/1559/1521 2232/1560/1522 2223/1551/1513
f 2223/1551/1513 2232/1560/1522 2233/1561/1523 2224/1552/1514
f 2224/1552/1514 2233/1561/1523 2234/1562/1524 2225/1553/1515
f 2225/1553/1515 2234/1562/1524 2235/1563/1525 2226/1554/1516
f 2226/1554/1516 2235/1563/1525 2236/1564/1526 2227/1555/1517
f 2227/1555/1517 2236/1564/1526 2237/1565/1527 2228/1556/1518
f 2228/1556/1518 2237/1565/1527 2238/1566/1528 2229/1557/1519
f 2230/1558/1520 2239/1567/1529 2240/1568/1530 2231/1559/1521
f 2231/1559/1521 2240/1568/1530 2241/1569/1531 2232/1560/1522
f 2232/1560/1522 2241/1569/1531 2242/1570/1532 2233/1561/1523
f 2233/1561/1523 2242/1570/1532 2243/1571/1533 2234/1562/1524
f 2234/1562/1524 2243/1571/1533 2244/1572/1534 2235/1563/1525
f 2235/1563/1525 2244/1572/1534 2245/1573/1535 2236/1564/1526
f 2236/1564/1526 2245/1573/1535 2246/1574/1536 2237/1565/1527
f 2237/1565/1527 2246/1574/1536 2247/1575/1537 2238/1566/1528
f 2239/1567/1529 2248/1576/1538 2249/1577/1539 2240/1568/1530
f 2240/1568/1530 2249/1577/1539 2250/1578/1540 2241/1569/1531
f 2241/1569/1531 2250/1578/1540 2251/1579/1541 2242/1570/1532
f 2242/1570/1532 2251/1579/1541 2252/1580/1542 2243/1571/1533
f 2243/1571/1533 2252/1580/1542 2253/1581/1543 2244/1572/1534
f 2244/1572/1534 2253/1581/1543 2254/1582/1544 2245/1573/1535
f 2245/1573/1535 2254/1582/1544 2255/1583/1545 2246/1574/1536
f 2246/1574/1536 2255/1583/1545 2256/1584/1546 2247/1575/1537
f 2248/1576/1538 2257/1585/1547 2258/1586/1548 2249/1577/1539
f 2249/1577/1539 2258/1586/1548 2259/1587/1549 2250/1578/1540
f 2250/1578/1540 2259/1587/1549 2260/1588/1550 2251/1579/1541
f 2251/1579/1541 2260/1588/1550 2261/1589/1551 2252/1580/1542
f 2252/1580/1542 2261/1589/1551 2262/1590/1552 2253/1581/1543
f 2253/1581/1543 2262/1590/1552 2263/1591/1553 2254/1582/1544
f 2254/1582/1544 2263/1591/1553 2264/1592/1554 2255/1583/1545
f 2255/1583/1545 2264/1592/1554 2265/1593/1555 2256/1584/1546
f 2257/1585/1547 2266/1594/1556 2267/1595/1557 2258/1586/1548
f 2258/1586/1548 2267/1595/1557 2268/1596/1558 2259/1587/1549
f 2259/1587/1549 2268/1596/1558 2269/1597/1559 2260/1588/1550
f 2260/1588/1550 2269/1597/1559 2270/1598/1560 2261/1589/1551
f 2261/1589/1551 2270/1598/1560 2271/1599/1561 2262/1590/1552
f 2262/1590/1552 2271/1599/1561 2272/1600/1562 2263/1591/1553
f 2263/1591/1553 2272/1600/1562 2273/1601/1563 2264/1592/1554
f 2264/1592/1554 2273/1601/1563 2274/1602/1564 2265/1593/1555
f 2266/1594/1556 2275/1603/1565 2276/1604/1566 2267/1595/1557
f 2267/1595/1557 2276/1604/1566 2277/1605/1567 2268/1596/1558
f 2268/1596/1558 2277/1605/1567 2278/1606/1568 2269/1597/1559
f 2269/1597/1559 2278/1606/1568 2279/1607/1569 2270/1598/1560
f 2270/1598/1560 2279/1607/1569 2280/1608/1570 2271/1599/1561
f 2271/1599/1561 2280/1608/1570 2281/1609/1571 2272/1600/1562
f 2272/1600/1562 2281/1609/1571 2282/1610/1572 2273/1601/1563
f 2273/1601/1563 2282/1610/1572 2283/1611/1573 2274/1602/1564
f 2275/1603/1565 2284/1612/1574 2285/1613/1575 2276/1604/1566
f 2276/1604/1566 2285/1613/1575 2286/1614/1576 2277/1605/1567
f 2277/1605/1567 2286/1614/1576 2287/1615/1577 2278/1606/1568
f 2278/1606/1568 2287/1615/1577 2288/1616/1578 2279/1607/1569
f 2279/1607/1569 2288/1616/1578 2289/1617/1579 2280/1608/1570
f 2280/1608/1570 2289/1617/1579 2290/1618/1580 2281/1609/1571
f 2281/1609/1571 2290/1618/1580 2291/1619/1581 2282/1610/1572
f 2282/1610/1572 2291/1619/1581 2292/1620/1582 2283/1611/1573
f 2284/1612/1574 2293/1621/1583 2294/1622/1584 2285/1613/1575
f 2285/1613/1575 2294/1622/1584 2295/1623/1585 2286/1614/1576
f 2286/1614/1576 2295/1623/1585 2296/1624/1586 2287/1615/1577
f 2287/1615/1577 2296/1624/1586 2297/1625/1587 2288/1616/1578
f 2288/1616/1578 2297/1625/1587 2298/1626/1588 2289/1617/1579
f 2289/1617/1579 2298/1626/1588 2299/1627/1589 2290/1618/1580
f 2290/1618/1580 2299/1627/1589 2300/1628/1590 2291/1619/1581
f 2291/1619/1581 2300/1628/1590 2301/1629/1591 2292/1620/1582
f 2293/1621/1583 2302/1630/1592 2303/1631/1593 2294/1622/1584
f 2294/1622/1584 2303/1631/1593 2304/1632/1594 2295/1623/1585
f 2295/1623/1585 2304/1632/1594 2305/1633/1595 2296/1624/1586
f 2296/1624/1586 2305/1633/1595 2306/1634/1596 2297/1625/1587
f 2297/1625/1587 2306/1634/1596 2307/1635/1597 2298/1626/1588
f 2298/1626/1588 2307/1635/1597 2308/1636/1598 2299/1627/1589
f 2299/1627/1589 2308/1636/1598 2309/1637/1599 2300/1628/1590
f 2300/1628/1590 2309/1637/1599 2310/1638/1600 2301/1629/1591
f 2302/1630/1592 2311/1639/1601 2312/1640/1602 2303/1631/1593
f 2303/1631/1593 2312/1640/1602 2313/1641/1603 2304/1632/1594
f 2304/1632/1594 2313/1641/1603 2314/1642/1604 2305/1633/1595
f 2305/1633/1595 2314/1642/1604 2315/1643/1605 2306/1634/1596
f 2306/1634/1596 2315/1643/1605 2316/1644/1606 2307/1635/1597
f 2307/1635/1597 2316/1644/1606 2317/1645/1607 2308/1636/1598
f 2308/1636/1598 2317/1645/1607 2318/1646/1608 2309/1637/1599
f 2309/1637/1599 2318/1646/1608 2319/1647/1609 2310/1638/1600
f 2311/1639/1601 2320/1648/1610 2321/1649/1611 2312/1640/1602
f 2312/1640/1602 2321/1649/1611 2322/1650/1612 2313/1641/1603
f 2313/1641/1603 2322/1650/1612 2323/1651/1613 2314/1642/1604
f 2314/1642/1604 2323/1651/1613 2324/1652/1614 2315/1643/1605
f 2315/1643/1605 2324/1652/1614 2325/1653/1615 2316/1644/1606
f 2316/1644/1606 2325/1653/1615 2326/1654/1616 2317/1645/1607
f 2317/1645/1607 2326/1654/1616 2327/1655/1617 2318/1646/1608
f 2318/1646/1608 2327/1655/1617 2328/1656/1618 2319/1647/1609
f 2320/1648/1610 2329/1657/1619 2330/1658/1620 2321/1649/1611
f 2321/1649/1611 2330/1658/1620 2331/1659/1621 2322/1650/1612
f 2322/1650/1612 2331/1659/1621 2332/1660/1622 2323/1651/1613
f 2323/1651/1613 2332/1660/1622 2333/1661/1623 2324/1652/1614
f 2324/1652/1614 2333/1661/1623 2334/1662/1624 2325/1653/1615
f 2325/1653/1615 2334/1662/1624 2335/1663/1625 2326/1654/1616
f 2326/1654/1616 2335/1663/1625 2336/1664/1626 2327/1655/1617
f 2327/1655/1617 2336/1664/1626 2337/1665/1627 2328/1656/1618
f 2329/1657/1619 2338/1666/1628 2339/1667/1629 2330/1658/1620
f 2330/1658/1620 2339/1667/1629 2340/1668/1630 2331/1659/1621
f 2331/1659/1621 2340/1668/1630 2341/1669/1631 2332/1660/1622
f 2332/1660/1622 2341/1669/1631 2342/1670/1632 2333/1661/1623
f 2333/1661/1623 2342/1670/1632 2343/1671/1633 2334/1662/1624
f 2334/1662/1624 2343/1671/1633 2344/1672/1634 2335/1663/1625
f 2335/1663/1625 2344/1672/1634 2345/1673/1635 2336/1664/1626
f 2336/1664/1626 2345/1673/1635 2346/1674/1636 2337/1665/1627
f 2338/1666/1628 2347/1675/1637 2348/1676/1637 2339/1667/1629
f 2339/1667/1629 2348/1676/1637 2349/1677/1638 2340/1668/1630
f 2340/1668/1630 2349/1677/1638 2350/1678/1638 2341/1669/1631
f 2341/1669/1631 2350/1678/1638 2351/1679/1639 2342/1670/1632
f 2342/1670/1632 2351/1679/1639 2352/1680/1640 2343/1671/1633
f 2343/1671/1633 2352/1680/1640 2353/1681/1640 2344/1672/1634
f 2344/1672/1634 2353/1681/1640 2354/1682/1641 2345/1673/1635
f 2345/1673/1635 2354/1682/1641 2355/1683/1641 2346/1674/1636
f 2347/1675/1637 2356/1684/1642 2357/1685/1642 2348/1676/1637
f 2348/1676/1637 2357/1685/1642 2358/1686/1642 2349/1677/1638
f 2349/1677/1638 2358/1686/1642 2359/1687/1642 2350/1678/1638
f 2350/1678/1638 2359/1687/1642 2360/1688/1642 2351/1679/1639
f 2351/1679/1639 2360/1688/1642 2361/1689/1642 2352/1680/1640
f 2352/1680/1640 2361/1689/1642 2362/1690/1642 2353/1681/1640
f 2353/1681/1640 2362/1690/1642 2363/1691/1642 2354/1682/1641
f 2354/1682/1641 2363/1691/1642 2364/1692/1642 2355/1683/1641
f 2356/1684/1642 2365/1693/1642 2366/1694/1642 2357/1685/1642
f 2357/1685/1642 2366/1694/1642 2367/1695/1642 2358/1686/1642
f 2358/1686/1642 2367/1695/1642 2368/1696/1642 2359/1687/1642
f 2359/1687/1642 2368/1696/1642 2369/1697/1642 2360/1688/1642
f 2360/1688/1642 2369/1697/1642 2370/1698/1642 2361/1689/1642
f 2361/1689/1642 2370/1698/1642 2371/1699/1642 2362/1690/1642
f 2362/1690/1642 2371/1699/1642 2372/1700/1642 2363/1691/1642
f 2363/1691/1642 2372/1700/1642 2373/1701/1642 2364/1692/1642
f 2365/1693/1642 2374/1702/1642 2375/1703/1642 2366/1694/1642
f 2366/1694/1642 2375/1703/1642 2376/1704/1642 2367/1695/1642
f 2367/1695/1642 2376/1704/1642 2377/1705/1642 2368/1696/1642
f 2368/1696/1642 2377/1705/1642 2378/1706/1642 2369/1697/1642
f 2369/1697/1642 2378/1706/1642 2379/1707/1642 2370/1698/1642
f 2370/1698/1642 2379/1707/1642 2380/1708/1642 2371/1699/1642
f 2371/1699/1642 2380/1708/1642 2381/1709/1642 2372/1700/1642
f 2372/1700/1642 2381/1709/1642 2382/1710/1642 2373/1701/1642
f 2374/1702/1642 2383/1711/1642 2384/1712/1642 2375/1703/1642
f 2375/1703/1642 2384/1712/1642 2385/1713/1642 2376/1704/1642
f 2376/1704/1642 2385/1713/1642 2386/1714/1642 2377/1705/1642
f 2377/1705/1642 2386/1714/1642 2387/1715/1642 2378/1706/1642
f 2378/1706/1642 2387/1715/1642 2388/1716/1642 2379/1707/1642
f 2379/1707/1642 2388/1716/1642 2389/1717/1642 2380/1708/1642
f 2380/1708/1642 2389/1717/1642 2390/1718/1642 2381/1709/1642
f 2381/1709/1642 2390/1718/1642 2391/1719/1642 2382/1710/1642
f 2383/1711/1642 2392/1720/1642 2393/1721/1642 2384/1712/1642
f 2384/1712/1642 2393/1721/1642 2394/1722/1642 2385/1713/1642
f 2385/1713/1642 2394/1722/1642 2395/1723/1642 2386/1714/1642
f 2386/1714/1642 2395/1723/1642 2396/1724/1642 2387/1715/1642
f 2387/1715/1642 2396/1724/1642 2397/1725/1642 2388/1716/1642
f 2388/1716/1642 2397/1725/1642 2398/1726/1642 2389/1717/1642
f 2389/1717/1642 2398/1726/1642 2399/1727/1642 2390/1718/1642
f 2390/1718/1642 2399/1727/1642 2400/1728/1642 2391/1719/1642
f 2392/1720/1642 2401/1729/1642 2402/1730/1642 2393/1721/1642
f 2393/1721/1642 2402/1730/1642 2403/1731/1642 2394/1722/1642
f 2394/1722/1642 2403/1731/1642 2404/1732/1642 2395/1723/1642
f 2395/1723/1642 2404/1732/1642 2405/1733/1642 2396/1724/1642
f 2396/1724/1642 2405/1733/1642 2406/1734/1642 2397/1725/1642
f 2397/1725/1642 2406/1734/1642 2407/1735/1642 2398/1726/1642
f 2398/1726/1642 2407/1735/1642 2408/1736/1642 2399/1727/1642
f 2399/1727/1642 2408/1736/1642 2409/1737/1642 2400/1728/1642
f 2401/1729/1642 2410/1738/1642 2411/1739/1642 2402/1730/1642
f 2402/1730/1642 2411/1739/1642 2412/1740/1642 2403/1731/1642
f 2403/1731/1642 2412/1740/1642 2413/1741/1642 2404/1732/1642
f 2404/1732/1642 2413/1741/1642 2414/1742/1642 2405/1733/1642
f 2405/1733/1642 2414/1742/1642 2415/1743/1642 2406/1734/1642
f 2406/1734/1642 2415/1743/1642 2416/1744/1642 2407/1735/1642
f 2407/1735/1642 2416/1744/1642 2417/1745/1642 2408/1736/1642
f 2408/1736/1642 2417/1745/1642 2418/1746/1642 2409/1737/1642
f 2410/1738/1642 2419/1747/1642 2420/1748/1642 2411/1739/1642
f 2411/1739/1642 2420/1748/1642 2421/1749/1642 2412/1740/1642
f 2412/1740/1642 2421/1749/1642 2422/1750/1642 2413/1741/1642
f 2413/1741/1642 2422/1750/1642 2423/1751/1642 2414/1742/1642
f 2414/1742/1642 2423/1751/1642 2424/1752/1642 2415/1743/1642
f 2415/1743/1642 2424/1752/1642 2425/1753/1642 2416/1744/1642
f 2416/1744/1642 2425/1753/1642 2426/1754/1642 2417/1745/1642
f 2417/1745/1642 2426/1754/1642 2427/1755/1642 2418/1746/1642
f 2419/1747/1642 2428/1756/1642 2429/1757/1642 2420/1748/1642
f 2420/1748/1642 2429/1757/1642 2430/1758/1642 2421/1749/1642
f 2421/1749/1642 2430/1758/1642 2431/1759/1642 2422/1750/1642
f 2422/1750/1642 2431/1759/1642 2432/1760/1642 2423/1751/1642
f 2423/1751/1642 2432/1760/1642 2433/1761/1642 2424/1752/1642
f 2424/1752/1642 2433/1761/1642 2434/1762/1642 2425/1753/1642
f 2425/1753/1642 2434/1762/1642 2435/1763/1642 2426/1754/1642
f 2426/1754/1642 2435/1763/1642 2436/1764/1642 2427/1755/1642
f 2428/1756/1642 2437/1765/1642 2438/1766/1642 2429/1757/1642
f 2429/1757/1642 2438/1766/1642 2439/1767/1642 2430/1758/1642
f 2430/1758/1642 2439/1767/1642 2440/1768/1642 2431/1759/1642
f 2431/1759/1642 2440/1768/1642 2441/1769/1642 2432/1760/1642
f 2432/1760/1642 2441/1769/1642 2442/1770/1642 2433/1761/1642
f 2433/1761/1642 2442/1770/1642 2443/1771/1642 2434/1762/1642
f 2434/1762/1642 2443/1771/1642 2444/1772/1642 2435/1763/1642
f 2435/1763/1642 2444/1772/1642 2445/1773/1642 2436/1764/1642
f 2437/1765/1642 2446/1774/1642 2447/1775/1642 2438/1766/1642
f 2438/1766/1642 2447/1775/1642 2448/1776/1642 2439/1767/1642
f 2439/1767/1642 2448/1776/1642 2449/1777/1642 2440/1768/1642
f 2440/1768/1642 2449/1777/1642 2450/1778/1642 2441/1769/1642
f 2441/1769/1642 2450/1778/1642 2451/1779/1642 2442/1770/1642
f 2442/1770/1642 2451/1779/1642 2452/1780/1642 2443/1771/1642
f 2443/1771/1642 2452/1780/1642 2453/1781/1642 2444/1772/1642
f 2444/1772/1642 2453/1781/1642 2454/1782/1642 2445/1773/1642
f 2446/1774/1642 2455/1783/1642 2456/1784/1642 2447/1775/1642
f 2447/1775/1642 2456/1784/1642 2457/1785/1642 2448/1776/1642
f 2448/1776/1642 2457/1785/1642 2458/1786/1642 2449/1777/1642
f 2449/1777/1642 2458/1786/1642 2459/1787/1642 2450/1778/1642
f 2450/1778/1642 2459/1787/1642 2460/1788/1642 2451/1779/1642
f 2451/1779/1642 2460/1788/1642 2461/1789/1642 2452/1780/1642
f 2452/1780/1642 2461/1789/1642 2462/1790/1642 2453/1781/1642
f 2453/1781/1642 2462/1790/1642 2463/1791/1642 2454/1782/1642
f 2455/1783/1642 2464/1792/1642 2465/1793/1642 2456/1784/1642
f 2456/1784/1642 2465/1793/1642 2466/1794/1642 2457/1785/1642
f 2457/1785/1642 2466/1794/1642 2467/1795/1642 2458/1786/1642
f 2458/1786/1642 2467/1795/1642 2468/1796/1642 2459/1787/1642
f 2459/1787/1642 2468/1796/1642 2469/1797/1642 2460/1788/1642
f 2460/1788/1642 2469/1797/1642 2470/1798/1642 2461/1789/1642
f 2461/1789/1642 2470/1798/1642 2471/1799/1642 2462/1790/1642
f 2462/1790/1642 2471/1799/1642 2472/1800/1642 2463/1791/1642
f 2464/1792/1642 2473/1801/1642 2474/1802/1642 2465/1793/1642
f 2465/1793/1642 2474/1802/1642 2475/1803/1642 2466/1794/1642
f 2466/1794/1642 2475/1803/1642 2476/1804/1642 2467/1795/1642
f 2467/1795/1642 2476/1804/1642 2477/1805/1642 2468/1796/1642
f 2468/1796/1642 2477/1805/1642 2478/1806/1642 2469/1797/1642
f 2469/1797/1642 2478/1806/1642 2479/1807/1642 2470/1798/1642
f 2470/1798/1642 2479/1807/1642 2480/1808/1642 2471/1799/1642
f 2471/1799/1642 2480/1808/1642 2481/1809/1642 2472/1800/1642
f 2473/1801/1642 2482/1810/1642 2483/1811/1642 2474/1802/1642
f 2474/1802/1642 2483/1811/1642 2484/1812/1642 2475/1803/1642
f 2475/1803/1642 2484/1812/1642 2485/1813/1642 2476/1804/1642
f 2476/1804/1642 2485/1813/1642 2486/1814/1642 2477/1805/1642
f 2477/1805/1642 2486/1814/1642 2487/1815/1642 2478/1806/1642
f 2478/1806/1642 2487/1815/1642 2488/1816/1642 2479/1807/1642
f 2479/1807/1642 2488/1816/1642 2489/1817/1642 2480/1808/1642
f 2480/1808/1642 2489/1817/1642 2490/1818/1642 2481/1809/1642
f 2482/1810/1642 2491/1819/1642 2492/1820/1642 2483/1811/1642
f 2483/1811/1642 2492/1820/1642 2493/1821/1642 2484/1812/1642
f 2484/1812/1642 2493/1821/1642 2494/1822/1642 2485/1813/1642
f 2485/1813/1642 2494/1822/1642 2495/1823/1642 2486/1814/1642
f 2486/1814/1642 2495/1823/1642 2496/1824/1642 2487/1815/1642
f 2487/1815/1642 2496/1824/1642 2497/1825/1642 2488/1816/1642
f 2488/1816/1642 2497/1825/1642 2498/1826/1642 2489/1817/1642
f 2489/1817/1642 2498/1826/1642 2499/1827/1642 2490/1818/1642
f 2491/1819/1642 2500/1828/1642 2501/1829/1642 2492/1820/1642
f 2492/1820/1642 2501/1829/1642 2502/1830/1642 2493/1821/1642
f 2493/1821/1642 2502/1830/1642 2503/1831/1642 2494/1822/1642
f 2494/1822/1642 2503/1831/1642 2504/1832/1642 2495/1823/1642
f 2495/1823/1642 2504/1832/1642 2505/1833/1642 2496/1824/1642
f 2496/1824/1642 2505/1833/1642 2506/1834/1642 2497/1825/1642
f 2497/1825/1642 2506/1834/1642 2507/1835/1642 2498/1826/1642
f 2498/1826/1642 2507/1835/1642 2508/1836/1642 2499/1827/1642
f 2500/1828/1642 2509/1837/1642 2510/1838/1642 2501/1829/1642
f 2501/1829/1642 2510/1838/1642 2511/1839/1642 2502/1830/1642
f 2502/1830/1642 2511/1839/1642 2512/1840/1642 2503/1831/1642
f 2503/1831/1642 2512/1840/1642 2513/1841/1642 2504/1832/1642
f 2504/1832/1642 2513/1841/1642 2514/1842/1642 2505/1833/1642
f 2505/1833/1642 2514/1842/1642 2515/1843/1642 2506/1834/1642
f 2506/1834/1642 2515/1843/1642 2516/1844/1642 2507/1835/1642
f 2507/1835/1642 2516/1844/1642 2517/1845/1642 2508/1836/1642
f 2509/1837/1642 2518/1846/1642 2519/1847/1642 2510/1838/1642
f 2510/1838/1642 2519/1847/1642 2520/1848/1642 2511/1839/1642
f 2511/1839/1642 2520/1848/1642 2521/1849/1642 2512/1840/1642
f 2512/1840/1642 2521/1849/1642 2522/1850/1642 2513/1841/1642
f 2513/1841/1642 2522/1850/1642 2523/1851/1642 2514/1842/1642
f 2514/1842/1642 2523/1851/1642 2524/1852/1642 2515/1843/1642
f 2515/1843/1642 2524/1852/1642 2525/1853/1642 2516/1844/1642
f 2516/1844/1642 2525/1853/1642 2526/1854/1642 2517/1845/1642
f 2518/1846/1642 2527/1855/1642 2528/1856/1642 2519/1847/1642
f 2519/1847/1642 2528/1856/1642 2529/1857/1642 2520/1848/1642
f 2520/1848/1642 2529/1857/1642 2530/1858/1642 2521/1849/1642
f 2521/1849/1642 2530/1858/1642 2531/1859/1642 2522/1850/1642
f 2522/1850/1642 2531/1859/1642 2532/1860/1642 2523/1851/1642
f 2523/1851/1642 2532/1860/1642 2533/1861/1642 2524/1852/1642
f 2524/1852/1642 2533/1861/1642 2534/1862/1642 2525/1853/1642
f 2525/1853/1642 2534/1862/1642 2535/1863/1642 2526/1854/1642
f 2527/1855/1642 2536/1864/1642 2537/1865/1642 2528/1856/1642
f 2528/1856/1642 2537/1865/1642 2538/1866/1642 2529/1857/1642
f 2529/1857/1642 2538/1866/1642 2539/1867/1642 2530/1858/1642
f 2530/1858/1642 2539/1867/1642 2540/1868/1642 2531/1859/1642
f 2531/1859/1642 2540/1868/1642 2541/1869/1642 2532/1860/1642
f 2532/1860/1642 2541/1869/1642 2542/1870/1642 2533/1861/1642
f 2533/1861/1642 2542/1870/1642 2543/1871/1642 2534/1862/1642
f 2534/1862/1642 2543/1871/1642 2544/1872/1642 2535/1863/1642
f 2536/1864/1642 2545/1873/1642 2546/1874/1642 2537/1865/1642
f 2537/1865/1642 2546/1874/1642 2547/1875/1642 2538/1866/1642
f 2538/1866/1642 2547/1875/1642 2548/1876/1642 2539/1867/1642
f 2539/1867/1642 2548/1876/1642 2549/1877/1642 2540/1868/1642
f 2540/1868/1642 2549/1877/1642 2550/1878/1642 2541/1869/1642
f 2541/1869/1642 2550/1878/1642 2551/1879/1642 2542/1870/1642
f 2542/1870/1642 2551/1879/1642 2552/1880/1642 2543/1871/1642
f 2543/1871/1642 2552/1880/1642 2553/1881/1642 2544/1872/1642
usemtl track_rail
f 2556/1514/1643 2557/1529/1643 2555/1530/1644 2554/1513/1644
f 2558/1531/1645 2559/1539/1645 2557/1529/1643 2556/1514/1643
f 2560/1540/1646 2561/1548/1647 2559/1539/1645 2558/1531/1645
f 2562/1549/1648 2563/1557/1648 2561/1548/1647 2560/1540/1646
f 2564/1558/1649 2565/1566/1649 2563/1557/1648 2562/1549/1648
f 2566/1567/1650 2567/1575/1650 2565/1566/1649 2564/1558/1649
f 2568/1576/1651 2569/1584/1651 2567/1575/1650 2566/1567/1650
f 2570/1585/1652 2571/1593/1652 2569/1584/1651 2568/1576/1651
f 2572/1594/1653 2573/1602/1653 2571/1593/1652 2570/1585/1652
f 2574/1603/1654 2575/1611/1655 2573/1602/1653 2572/1594/1653
f 2576/1612/1656 2577/1620/1656 2575/1611/1655 2574/1603/1654
f 2578/1621/1657 2579/1629/1657 2577/1620/1656 2576/1612/1656
f 2580/1630/1658 2581/1638/1658 2579/1629/1657 2578/1621/1657
f 2582/1639/1659 2583/1647/1659 2581/1638/1658 2580/1630/1658
f 2584/1648/1660 2585/1656/1661 2583/1647/1659 2582/1639/1659
f 2586/1657/1662 2587/1665/1663 2585/1656/1661 2584/1648/1660
f 2588/1666/1664 2589/1674/1664 2587/1665/1663 2586/1657/1662
f 2590/1675/1665 2591/1683/1665 2589/1674/1664 2588/1666/1664
f 2592/1684/1666 2593/1692/1666 2591/1683/1665 2590/1675/1665
f 2594/1693/1666 2595/1701/1666 2593/1692/1666 2592/1684/1666
f 2596/1702/1666 2597/1710/1666 2595/1701/1666 2594/1693/1666
f 2598/1711/1666 2599/1719/1666 2597/1710/1666 2596/1702/1666
f 2600/1720/1666 2601/1728/1666 2599/1719/1666 2598/1711/1666
f 2602/1729/1666 2603/1737/1666 2601/1728/1666 2600/1720/1666
f 2604/1738/1666 2605/1746/1666 2603/1737/1666 2602/1729/1666
f 2606/1747/1666 2607/1755/1666 2605/1746/1666 2604/1738/1666
f 2608/1756/1666 2609/1764/1666 2607/1755/1666 2606/1747/1666
f 2610/1765/1666 2611/1773/1666 2609/1764/1666 2608/1756/1666
f 2612/1774/1666 2613/1782/1666 2611/1773/1666 2610/1765/1666
f 2614/1783/1666 2615/1791/1666 2613/1782/1666 2612/1774/1666
f 2616/1792/1666 2617/1800/1666 2615/1791/1666 2614/1783/1666
f 2618/1801/1666 2619/1809/1666 2617/1800/1666 2616/1792/1666
f 2620/1810/1666 2621/1818/1666 2619/1809/1666 2618/1801/1666
f 2622/1819/1666 2623/1827/1666 2621/1818/1666 2620/1810/1666
f 2624/1828/1666 2625/1836/1666 2623/1827/1666 2622/1819/1666
f 2626/1837/1666 2627/1845/1666 2625/1836/1666 2624/1828/1666
f 2628/1846/1666 2629/1854/1666 2627/1845/1666 2626/1837/1666
f 2630/1855/1666 2631/1863/1666 2629/1854/1666 2628/1846/1666
f 2632/1864/1666 2633/1872/1666 2631/1863/1666 2630/1855/1666
f 2634/1873/1666 2635/1881/1666 2633/1872/1666 2632/1864/1666
f 2636/1530/1667 2637/1513/1667 2639/1514/1668 2638/1529/1669
f 2638/1529/1669 2639/1514/1668 2641/1531/1670 2640/1539/1671
f 2640/1539/1671 2641/1531/1670 2643/1540/1672 2642/1548/1672
f 2642/1548/1672 2643/1540/1672 2645/1549/1673 2644/1557/1673
f 2644/1557/1673 2645/1549/1673 2647/1558/1674 2646/1566/1674
f 2646/1566/1674 2647/1558/1674 2649/1567/1675 2648/1575/1675
f 2648/1575/1675 2649/1567/1675 2651/1576/1676 2650/1584/1677
f 2650/1584/1677 2651/1576/1676 2653/1585/1678 2652/1593/1678
f 2652/1593/1678 2653/1585/1678 2655/1594/1679 2654/1602/1679
f 2654/1602/1679 2655/1594/1679 2657/1603/1680 2656/1611/1680
f 2656/1611/1680 2657/1603/1680 2659/1612/1681 2658/1620/1682
f 2658/1620/1682 2659/1612/1681 2661/1621/1683 2660/1629/1683
f 2660/1629/1683 2661/1621/1683 2663/1630/1684 2662/1638/1685
f 2662/1638/1685 2663/1630/1684 2665/1639/1686 2664/1647/1686
f 2664/1647/1686 2665/1639/1686 2667/1648/1687 2666/1656/1687
f 2666/1656/1687 2667/1648/1687 2669/1657/1688 2668/1665/1688
f 2668/1665/1688 2669/1657/1688 2671/1666/1689 2670/1674/1689
f 2670/1674/1689 2671/1666/1689 2673/1675/1690 2672/1683/1690
f 2672/1683/1690 2673/1675/1690 2675/1684/1691 2674/1692/1691
f 2674/1692/1691 2675/1684/1691 2677/1693/1691 2676/1701/1691
f 2676/1701/1691 2677/1693/1691 2679/1702/1691 2678/1710/1691
f 2678/1710/1691 2679/1702/1691 2681/1711/1691 2680/1719/1691
f 2680/1719/1691 2681/1711/1691 2683/1720/1691 2682/1728/1691
f 2682/1728/1691 2683/1720/1691 2685/1729/1691 2684/1737/1691
f 2684/1737/1691 2685/1729/1691 2687/1738/1691 2686/1746/1691
f 2686/1746/1691 2687/1738/1691 2689/1747/1691 2688/1755/1691
f 2688/1755/1691 2689/1747/1691 2691/1756/1691 2690/1764/1691
f 2690/1764/1691 2691/1756/1691 2693/1765/1691 2692/1773/1691
f 2692/1773/1691 2693/1765/1691 2695/1774/1691 2694/1782/1691
f 2694/1782/1691 2695/1774/1691 2697/1783/1691 2696/1791/1691
f 2696/1791/1691 2697/1783/1691 2699/1792/1691 2698/1800/1691
f 2698/1800/1691 2699/1792/1691 2701/1801/1691 2700/1809/1691
f 2700/1809/1691 2701/1801/1691 2703/1810/1691 2702/1818/1691
f 2702/1818/1691 2703/1810/1691 2705/1819/1691 2704/1827/1691
f 2704/1827/1691 2705/1819/1691 2707/1828/1691 2706/1836/1691
f 2706/1836/1691 2707/1828/1691 2709/1837/1691 2708/1845/1691
f 2708/1845/1691 2709/1837/1691 2711/1846/1691 2710/1854/1691
f 2710/1854/1691 2711/1846/1691 2713/1855/1691 2712/1863/1691
f 2712/1863/1691 2713/1855/1691 2715/1864/1691 2714/1872/1691
f 2714/1872/1691 2715/1864/1691 2717/1873/1691 2716/1881/1691
o FZGXStream7.000_PreviewMesh
v 1220.292847 800.002869 -80.000000 0.7353 0.7353 0.7353
v 1227.792847 800.002136 -80.000000 0.7353 0.7353 0.7353
v 1235.292847 800.001465 -80.000000 0.7353 0.7353 0.7353
v 1242.792847 800.000732 -80.000000 0.7353 0.7353 0.7353
v 1250.292847 800.000000 -80.000000 0.7353 0.7353 0.7353
v 1257.792847 799.999268 -80.000000 0.7353 0.7353 0.7353
v 1265.292847 799.998535 -80.000000 0.7353 0.7353 0.7353
v 1272.792847 799.997864 -80.000000 0.7353 0.7353 0.7353
v 1280.292847 799.997131 -80.000000 0.7353 0.7353 0.7353
v 1220.292847 955.807556 -80.000000 0.7353 0.7353 0.7353
v 1227.792847 955.806824 -80.000000 0.7353 0.7353 0.7353
v 1235.292847 955.806091 -80.000000 0.7353 0.7353 0.7353
v 1242.792847 955.805420 -80.000000 0.7353 0.7353 0.7353
v 1250.292847 955.804688 -80.000000 0.7353 0.7353 0.7353
v 1257.792847 955.803955 -80.000000 0.7353 0.7353 0.7353
v 1265.292847 955.803223 -80.000000 0.7353 0.7353 0.7353
v 1272.792847 955.802551 -80.000000 0.7353 0.7353 0.7353
v 1280.292847 955.801819 -80.000000 0.7353 0.7353 0.7353
v 1220.292847 982.914368 -80.000000 0.7353 0.7353 0.7353
v 1227.792847 982.913635 -80.000000 0.7353 0.7353 0.7353
v 1235.292847 982.912903 -80.000000 0.7353 0.7353 0.7353
v 1242.792847 982.912231 -80.000000 0.7353 0.7353 0.7353
v 1250.292847 982.911499 -80.000000 0.7353 0.7353 0.7353
v 1257.792847 982.910767 -80.000000 0.7353 0.7353 0.7353
v 1265.292847 982.910034 -80.000000 0.7353 0.7353 0.7353
v 1272.792847 982.909363 -80.000000 0.7353 0.7353 0.7353
v 1280.292847 982.908630 -80.000000 0.7353 0.7353 0.7353
v 1220.292847 1013.385681 -79.999992 0.7353 0.7353 0.7353
v 1227.792847 1013.384949 -79.999992 0.7353 0.7353 0.7353
v 1235.292847 1013.384216 -79.999992 0.7353 0.7353 0.7353
v 1242.792847 1013.383484 -79.999992 0.7353 0.7353 0.7353
v 1250.292847 1013.382751 -79.999992 0.7353 0.7353 0.7353
v 1257.792847 1013.382080 -79.999992 0.7353 0.7353 0.7353
v 1265.292847 1013.381348 -79.999992 0.7353 0.7353 0.7353
v 1272.792847 1013.380615 -79.999992 0.7353 0.7353 0.7353
v 1280.292847 1013.379883 -79.999992 0.7353 0.7353 0.7353
v 1220.292969 1043.516357 -80.000000 0.7353 0.7353 0.7353
v 1227.792969 1043.515747 -80.000000 0.7353 0.7353 0.7353
v 1235.292969 1043.515015 -80.000000 0.7353 0.7353 0.7353
v 1242.792969 1043.514282 -80.000000 0.7353 0.7353 0.7353
v 1250.292969 1043.513550 -80.000000 0.7353 0.7353 0.7353
v 1257.792969 1043.512817 -80.000000 0.7353 0.7353 0.7353
v 1265.292969 1043.512085 -80.000000 0.7353 0.7353 0.7353
v 1272.792969 1043.511353 -80.000000 0.7353 0.7353 0.7353
v 1280.292969 1043.510620 -80.000000 0.7353 0.7353 0.7353
v 1220.292847 1072.587524 -80.000000 0.7353 0.7353 0.7353
v 1227.792847 1072.586792 -80.000000 0.7353 0.7353 0.7353
v 1235.292847 1072.586060 -80.000000 0.7353 0.7353 0.7353
v 1242.792847 1072.585327 -80.000000 0.7353 0.7353 0.7353
v 1250.292847 1072.584595 -80.000000 0.7353 0.7353 0.7353
v 1257.792847 1072.583862 -80.000000 0.7353 0.7353 0.7353
v 1265.292847 1072.583130 -80.000000 0.7353 0.7353 0.7353
v 1272.792847 1072.582397 -80.000000 0.7353 0.7353 0.7353
v 1280.292847 1072.581665 -80.000000 0.7353 0.7353 0.7353
v 1220.292725 1098.348877 -79.999962 0.7353 0.7353 0.7353
v 1227.792725 1098.348511 -79.999977 0.7353 0.7353 0.7353
v 1235.292725 1098.348022 -79.999985 0.7353 0.7353 0.7353
v 1242.792725 1098.347534 -79.999992 0.7353 0.7353 0.7353
v 1250.292725 1098.347168 -80.000000 0.7353 0.7353 0.7353
v 1257.792725 1098.346680 -80.000008 0.7353 0.7353 0.7353
v 1265.292725 1098.346313 -80.000015 0.7353 0.7353 0.7353
v 1272.792725 1098.345825 -80.000023 0.7353 0.7353 0.7353
v 1280.292725 1098.345459 -80.000038 0.7353 0.7353 0.7353
v 1220.291626 1115.231079 -79.999649 0.7353 0.7353 0.7353
v 1227.791626 1115.233276 -79.999733 0.7353 0.7353 0.7353
v 1235.291626 1115.235474 -79.999825 0.7353 0.7353 0.7353
v 1242.791626 1115.237671 -79.999908 0.7353 0.7353 0.7353
v 1250.291626 1115.239868 -80.000000 0.7353 0.7353 0.7353
v 1257.791626 1115.242065 -80.000092 0.7353 0.7353 0.7353
v 1265.291626 1115.244263 -80.000175 0.7353 0.7353 0.7353
v 1272.791626 1115.246460 -80.000267 0.7353 0.7353 0.7353
v 1280.291626 1115.248657 -80.000351 0.7353 0.7353 0.7353
v 1220.039429 1134.031860 -79.865356 0.7353 0.7353 0.7353
v 1227.530518 1134.397461 -79.899017 0.7353 0.7353 0.7353
v 1235.021484 1134.762939 -79.932671 0.7353 0.7353 0.7353
v 1242.512451 1135.128418 -79.966331 0.7353 0.7353 0.7353
v 1250.003540 1135.494019 -79.999992 0.7353 0.7353 0.7353
v 1257.494507 1135.859497 -80.033653 0.7353 0.7353 0.7353
v 1264.985596 1136.225098 -80.067314 0.7353 0.7353 0.7353
v 1272.476562 1136.590576 -80.100967 0.7353 0.7353 0.7353
v 1279.967529 1136.956055 -80.134628 0.7353 0.7353 0.7353
v 1218.956055 1147.646729 -79.406288 0.7353 0.7353 0.7353
v 1226.408325 1148.478027 -79.554718 0.7353 0.7353 0.7353
v 1233.860718 1149.309204 -79.703140 0.7353 0.7353 0.7353
v 1241.312988 1150.140381 -79.851570 0.7353 0.7353 0.7353
v 1248.765259 1150.971558 -80.000000 0.7353 0.7353 0.7353
v 1256.217651 1151.802734 -80.148430 0.7353 0.7353 0.7353
v 1263.669922 1152.633911 -80.296860 0.7353 0.7353 0.7353
v 1271.122314 1153.465088 -80.445282 0.7353 0.7353 0.7353
v 1278.574585 1154.296387 -80.593712 0.7353 0.7353 0.7353
v 1217.105469 1160.822388 -78.695724 0.7353 0.7353 0.7353
v 1224.488159 1162.102661 -79.021797 0.7353 0.7353 0.7353
v 1231.870850 1163.383057 -79.347862 0.7353 0.7353 0.7353
v 1239.253540 1164.663452 -79.673935 0.7353 0.7353 0.7353
v 1246.636230 1165.943726 -80.000000 0.7353 0.7353 0.7353
v 1254.018921 1167.224121 -80.326065 0.7353 0.7353 0.7353
v 1261.401611 1168.504517 -80.652138 0.7353 0.7353 0.7353
v 1268.784424 1169.784912 -80.978203 0.7353 0.7353 0.7353
v 1276.167114 1171.065186 -81.304276 0.7353 0.7353 0.7353
v 1215.166748 1170.861450 -78.012589 0.7353 0.7353 0.7353
v 1222.473022 1172.480469 -78.509438 0.7353 0.7353 0.7353
v 1229.779297 1174.099487 -79.006294 0.7353 0.7353 0.7353
v 1237.085571 1175.718506 -79.503143 0.7353 0.7353 0.7353
v 1244.391846 1177.337646 -80.000000 0.7353 0.7353 0.7353
v 1251.698120 1178.956665 -80.496857 0.7353 0.7353 0.7353
v 1259.004395 1180.575684 -80.993706 0.7353 0.7353 0.7353
v 1266.310791 1182.194702 -81.490562 0.7353 0.7353 0.7353
v 1273.617065 1183.813721 -81.987411 0.7353 0.7353 0.7353
v 1212.010498 1183.712646 -76.995010 0.7353 0.7353 0.7353
v 1219.186035 1185.761353 -77.746262 0.7353 0.7353 0.7353
v 1226.361572 1187.809937 -78.497505 0.7353 0.7353 0.7353
v 1233.537109 1189.858643 -79.248756 0.7353 0.7353 0.7353
v 1240.712646 1191.907227 -80.000000 0.7353 0.7353 0.7353
v 1247.888306 1193.955933 -80.751244 0.7353 0.7353 0.7353
v 1255.063843 1196.004517 -81.502495 0.7353 0.7353 0.7353
v 1262.239380 1198.053223 -82.253738 0.7353 0.7353 0.7353
v 1269.414917 1200.101807 -83.004990 0.7353 0.7353 0.7353
v 1208.544189 1195.159790 -75.991264 0.7353 0.7353 0.7353
v 1215.570923 1197.582886 -76.993446 0.7353 0.7353 0.7353
v 1222.597534 1200.005981 -77.995636 0.7353 0.7353 0.7353
v 1229.624268 1202.429077 -78.997818 0.7353 0.7353 0.7353
v 1236.650879 1204.852173 -80.000000 0.7353 0.7353 0.7353
v 1243.677612 1207.275269 -81.002182 0.7353 0.7353 0.7353
v 1250.704224 1209.698486 -82.004364 0.7353 0.7353 0.7353
v 1257.730957 1212.121582 -83.006554 0.7353 0.7353 0.7353
v 1264.757568 1214.544678 -84.008736 0.7353 0.7353 0.7353
v 1203.640381 1208.621216 -74.737000 0.7353 0.7353 0.7353
v 1210.450317 1211.474731 -76.052750 0.7353 0.7353 0.7353
v 1217.260376 1214.328247 -77.368500 0.7353 0.7353 0.7353
v 1224.070312 1217.181885 -78.684250 0.7353 0.7353 0.7353
v 1230.880371 1220.035400 -80.000000 0.7353 0.7353 0.7353
v 1237.690308 1222.888916 -81.315750 0.7353 0.7353 0.7353
v 1244.500366 1225.742432 -82.631500 0.7353 0.7353 0.7353
v 1251.310303 1228.596069 -83.947250 0.7353 0.7353 0.7353
v 1258.120361 1231.449585 -85.263000 0.7353 0.7353 0.7353
v 1196.024292 1225.672974 -73.137566 0.7353 0.7353 0.7353
v 1202.497070 1229.050659 -74.853172 0.7353 0.7353 0.7353
v 1208.969971 1232.428467 -76.568779 0.7353 0.7353 0.7353
v 1215.442749 1235.806152 -78.284393 0.7353 0.7353 0.7353
v 1221.915527 1239.183960 -80.000000 0.7353 0.7353 0.7353
v 1228.388428 1242.561646 -81.715607 0.7353 0.7353 0.7353
v 1234.861206 1245.939453 -83.431221 0.7353 0.7353 0.7353
v 1241.334106 1249.317139 -85.146828 0.7353 0.7353 0.7353
v 1247.806885 1252.694946 -86.862434 0.7353 0.7353 0.7353
v 1189.763550 1237.394287 -72.093597 0.7353 0.7353 0.7353
v 1195.965576 1241.119629 -74.070198 0.7353 0.7353 0.7353
v 1202.167480 1244.845093 -76.046799 0.7353 0.7353 0.7353
v 1208.369385 1248.570557 -78.023399 0.7353 0.7353 0.7353
v 1214.571411 1252.296021 -80.000000 0.7353 0.7353 0.7353
v 1220.773315 1256.021362 -81.976601 0.7353 0.7353 0.7353
v 1226.975342 1259.746826 -83.953201 0.7353 0.7353 0.7353
v 1233.177246 1263.472290 -85.929802 0.7353 0.7353 0.7353
v 1239.379150 1267.197632 -87.906403 0.7353 0.7353 0.7353
v 1184.846069 1245.559326 -71.426926 0.7353 0.7353 0.7353
v 1190.842651 1249.521362 -73.570190 0.7353 0.7353 0.7353
v 1196.839111 1253.483521 -75.713463 0.7353 0.7353 0.7353
v 1202.835571 1257.445557 -77.856728 0.7353 0.7353 0.7353
v 1208.832153 1261.407715 -80.000000 0.7353 0.7353 0.7353
v 1214.828613 1265.369751 -82.143272 0.7353 0.7353 0.7353
v 1220.825195 1269.331909 -84.286537 0.7353 0.7353 0.7353
v 1226.821655 1273.293945 -86.429810 0.7353 0.7353 0.7353
v 1232.818237 1277.256104 -88.573074 0.7353 0.7353 0.7353
v 1177.144165 1256.913696 -70.625732 0.7353 0.7353 0.7353
v 1182.833252 1261.202271 -72.969292 0.7353 0.7353 0.7353
v 1188.522461 1265.490723 -75.312859 0.7353 0.7353 0.7353
v 1194.211670 1269.779175 -77.656425 0.7353 0.7353 0.7353
v 1199.900879 1274.067627 -79.999992 0.7353 0.7353 0.7353
v 1205.589966 1278.356079 -82.343559 0.7353 0.7353 0.7353
v 1211.279175 1282.644531 -84.687126 0.7353 0.7353 0.7353
v 1216.968384 1286.932983 -87.030693 0.7353 0.7353 0.7353
v 1222.657593 1291.221436 -89.374252 0.7353 0.7353 0.7353
v 1168.924683 1267.479248 -70.066200 0.7353 0.7353 0.7353
v 1174.307007 1272.074097 -72.549652 0.7353 0.7353 0.7353
v 1179.689331 1276.668945 -75.033096 0.7353 0.7353 0.7353
v 1185.071655 1281.263794 -77.516548 0.7353 0.7353 0.7353
v 1190.454102 1285.858643 -79.999992 0.7353 0.7353 0.7353
v 1195.836426 1290.453613 -82.483444 0.7353 0.7353 0.7353
v 1201.218750 1295.048462 -84.966888 0.7353 0.7353 0.7353
v 1206.601196 1299.643311 -87.450340 0.7353 0.7353 0.7353
v 1211.983521 1304.238159 -89.933792 0.7353 0.7353 0.7353
v 1159.843140 1277.649536 -69.770233 0.7353 0.7353 0.7353
v 1164.911499 1282.550781 -72.327675 0.7353 0.7353 0.7353
v 1169.979858 1287.451904 -74.885117 0.7353 0.7353 0.7353
v 1175.048218 1292.353027 -77.442551 0.7353 0.7353 0.7353
v 1180.116577 1297.254272 -79.999992 0.7353 0.7353 0.7353
v 1185.184937 1302.155396 -82.557434 0.7353 0.7353 0.7353
v 1190.253174 1307.056519 -85.114876 0.7353 0.7353 0.7353
v 1195.321533 1311.957764 -87.672310 0.7353 0.7353 0.7353
v 1200.389893 1316.858887 -90.229752 0.7353 0.7353 0.7353
v 1153.167480 1284.280396 -69.754913 0.7353 0.7353 0.7353
v 1158.024780 1289.388916 -72.316185 0.7353 0.7353 0.7353
v 1162.882080 1294.497437 -74.877457 0.7353 0.7353 0.7353
v 1167.739380 1299.605835 -77.438728 0.7353 0.7353 0.7353
v 1172.596680 1304.714355 -79.999992 0.7353 0.7353 0.7353
v 1177.453979 1309.822876 -82.561264 0.7353 0.7353 0.7353
v 1182.311279 1314.931274 -85.122536 0.7353 0.7353 0.7353
v 1187.168579 1320.039795 -87.683807 0.7353 0.7353 0.7353
v 1192.025879 1325.148193 -90.245079 0.7353 0.7353 0.7353
v 1141.920532 1294.112671 -70.062149 0.7353 0.7353 0.7353
v 1146.443604 1299.555054 -72.546608 0.7353 0.7353 0.7353
v 1150.966675 1304.997559 -75.031075 0.7353 0.7353 0.7353
v 1155.489624 1310.439941 -77.515533 0.7353 0.7353 0.7353
v 1160.012695 1315.882324 -80.000000 0.7353 0.7353 0.7353
v 1164.535767 1321.324707 -82.484459 0.7353 0.7353 0.7353
v 1169.058716 1326.767090 -84.968925 0.7353 0.7353 0.7353
v 1173.581787 1332.209473 -87.453392 0.7353 0.7353 0.7353
v 1178.104858 1337.651855 -89.937851 0.7353 0.7353 0.7353
v 1134.317261 1299.967407 -70.451752 0.7353 0.7353 0.7353
v 1138.617554 1305.629517 -72.838806 0.7353 0.7353 0.7353
v 1142.917847 1311.291626 -75.225868 0.7353 0.7353 0.7353
v 1147.218140 1316.953735 -77.612930 0.7353 0.7353 0.7353
v 1151.518433 1322.615845 -79.999992 0.7353 0.7353 0.7353
v 1155.818726 1328.277954 -82.387054 0.7353 0.7353 0.7353
v 1160.119019 1333.940186 -84.774117 0.7353 0.7353 0.7353
v 1164.419189 1339.602295 -87.161179 0.7353 0.7353 0.7353
v 1168.719482 1345.264404 -89.548233 0.7353 0.7353 0.7353
v 1121.391479 1308.722412 -71.347084 0.7353 0.7353 0.7353
v 1125.319336 1314.734253 -73.510307 0.7353 0.7353 0.7353
v 1129.247192 1320.746216 -75.673538 0.7353 0.7353 0.7353
v 1133.174927 1326.758057 -77.836769 0.7353 0.7353 0.7353
v 1137.102783 1332.769897 -79.999992 0.7353 0.7353 0.7353
v 1141.030518 1338.781860 -82.163223 0.7353 0.7353 0.7353
v 1144.958374 1344.793701 -84.326454 0.7353 0.7353 0.7353
v 1148.886108 1350.805664 -86.489677 0.7353 0.7353 0.7353
v 1152.813965 1356.817505 -88.652908 0.7353 0.7353 0.7353
v 1100.842529 1320.102295 -73.145477 0.7353 0.7353 0.7353
v 1104.175171 1326.598999 -74.859108 0.7353 0.7353 0.7353
v 1107.507935 1333.095581 -76.572731 0.7353 0.7353 0.7353
v 1110.840576 1339.592285 -78.286362 0.7353 0.7353 0.7353
v 1114.173340 1346.088989 -79.999992 0.7353 0.7353 0.7353
v 1117.506104 1352.585571 -81.713623 0.7353 0.7353 0.7353
v 1120.838745 1359.082275 -83.427254 0.7353 0.7353 0.7353
v 1124.171509 1365.578857 -85.140877 0.7353 0.7353 0.7353
v 1127.504150 1372.075562 -86.854507 0.7353 0.7353 0.7353
v 1086.427612 1326.535645 -74.534210 0.7353 0.7353 0.7353
v 1089.320068 1333.319214 -75.900658 0.7353 0.7353 0.7353
v 1092.212524 1340.102783 -77.267105 0.7353 0.7353 0.7353
v 1095.104980 1346.886353 -78.633553 0.7353 0.7353 0.7353
v 1097.997437 1353.669922 -80.000000 0.7353 0.7353 0.7353
v 1100.889893 1360.453369 -81.366447 0.7353 0.7353 0.7353
v 1103.782349 1367.236938 -82.732895 0.7353 0.7353 0.7353
v 1106.674805 1374.020508 -84.099342 0.7353 0.7353 0.7353
v 1109.567383 1380.804077 -85.465790 0.7353 0.7353 0.7353
v 1070.543823 1332.329346 -76.057793 0.7353 0.7353 0.7353
v 1072.915771 1339.375854 -77.043343 0.7353 0.7353 0.7353
v 1075.287842 1346.422241 -78.028893 0.7353 0.7353 0.7353
v 1077.659790 1353.468750 -79.014442 0.7353 0.7353 0.7353
v 1080.031738 1360.515137 -79.999992 0.7353 0.7353 0.7353
v 1082.403809 1367.561646 -80.985542 0.7353 0.7353 0.7353
v 1084.775757 1374.608032 -81.971092 0.7353 0.7353 0.7353
v 1087.147705 1381.654541 -82.956642 0.7353 0.7353 0.7353
v 1089.519775 1388.700928 -83.942192 0.7353 0.7353 0.7353
v 1055.292969 1336.707397 -77.408134 0.7353 0.7353 0.7353
v 1057.158081 1343.942871 -78.056099 0.7353 0.7353 0.7353
v 1059.023193 1351.178223 -78.704063 0.7353 0.7353 0.7353
v 1060.888306 1358.413696 -79.352028 0.7353 0.7353 0.7353
v 1062.753540 1365.649170 -79.999992 0.7353 0.7353 0.7353
v 1064.618652 1372.884521 -80.647957 0.7353 0.7353 0.7353
v 1066.483765 1380.119995 -81.295921 0.7353 0.7353 0.7353
v 1068.348877 1387.355469 -81.943886 0.7353 0.7353 0.7353
v 1070.213989 1394.590820 -82.591850 0.7353 0.7353 0.7353
v 1041.144409 1339.791138 -78.479240 0.7353 0.7353 0.7353
v 1042.538452 1347.150635 -78.859428 0.7353 0.7353 0.7353
v 1043.932495 1354.510132 -79.239616 0.7353 0.7353 0.7353
v 1045.326538 1361.869629 -79.619804 0.7353 0.7353 0.7353
v 1046.720581 1369.229126 -79.999992 0.7353 0.7353 0.7353
v 1048.114624 1376.588501 -80.380180 0.7353 0.7353 0.7353
v 1049.508667 1383.947998 -80.760368 0.7353 0.7353 0.7353
v 1050.902710 1391.307495 -81.140556 0.7353 0.7353 0.7353
v 1052.296753 1398.666992 -81.520744 0.7353 0.7353 0.7353
v 1021.331055 1342.573730 -79.565781 0.7353 0.7353 0.7353
v 1022.047974 1350.038574 -79.674332 0.7353 0.7353 0.7353
v 1022.764832 1357.503418 -79.782890 0.7353 0.7353 0.7353
v 1023.481750 1364.968262 -79.891441 0.7353 0.7353 0.7353
v 1024.198608 1372.433105 -79.999992 0.7353 0.7353 0.7353
v 1024.915527 1379.898071 -80.108543 0.7353 0.7353 0.7353
v 1025.632446 1387.362915 -80.217094 0.7353 0.7353 0.7353
v 1026.349365 1394.827759 -80.325653 0.7353 0.7353 0.7353
v 1027.066284 1402.292603 -80.434204 0.7353 0.7353 0.7353
v 1009.519104 1343.386475 -79.913734 0.7353 0.7353 0.7353
v 1009.830505 1350.880005 -79.935295 0.7353 0.7353 0.7353
v 1010.141907 1358.373535 -79.956863 0.7353 0.7353 0.7353
v 1010.453247 1365.866943 -79.978432 0.7353 0.7353 0.7353
v 1010.764648 1373.360474 -80.000000 0.7353 0.7353 0.7353
v 1011.076050 1380.854004 -80.021561 0.7353 0.7353 0.7353
v 1011.387390 1388.347534 -80.043129 0.7353 0.7353 0.7353
v 1011.698792 1395.840942 -80.064697 0.7353 0.7353 0.7353
v 1012.010193 1403.334473 -80.086266 0.7353 0.7353 0.7353
v 995.279907 1343.587036 -80.000114 0.7353 0.7353 0.7353
v 995.137329 1351.085571 -80.000084 0.7353 0.7353 0.7353
v 994.994751 1358.584229 -80.000053 0.7353 0.7353 0.7353
v 994.852112 1366.082886 -80.000023 0.7353 0.7353 0.7353
v 994.709534 1373.581543 -79.999992 0.7353 0.7353 0.7353
v 994.566956 1381.080200 -79.999962 0.7353 0.7353 0.7353
v 994.424377 1388.578857 -79.999931 0.7353 0.7353 0.7353
v 994.281799 1396.077515 -79.999901 0.7353 0.7353 0.7353
v 994.139160 1403.576172 -79.999870 0.7353 0.7353 0.7353
v 966.333679 1343.588501 -79.999992 0.7353 0.7353 0.7353
v 966.205566 1351.087402 -79.999992 0.7353 0.7353 0.7353
v 966.077454 1358.586304 -79.999992 0.7353 0.7353 0.7353
v 965.949341 1366.085205 -79.999992 0.7353 0.7353 0.7353
v 965.821228 1373.584106 -79.999992 0.7353 0.7353 0.7353
v 965.693115 1381.083008 -79.999992 0.7353 0.7353 0.7353
v 965.565002 1388.581909 -79.999992 0.7353 0.7353 0.7353
v 965.436890 1396.080933 -79.999992 0.7353 0.7353 0.7353
v 965.308838 1403.579834 -79.999992 0.7353 0.7353 0.7353
v 942.613403 1343.586792 -79.999992 0.7353 0.7353 0.7353
v 942.516602 1351.086060 -79.999992 0.7353 0.7353 0.7353
v 942.419800 1358.585449 -79.999992 0.7353 0.7353 0.7353
v 942.322998 1366.084839 -79.999992 0.7353 0.7353 0.7353
v 942.226196 1373.584229 -79.999992 0.7353 0.7353 0.7353
v 942.129395 1381.083618 -79.999992 0.7353 0.7353 0.7353
v 942.032593 1388.583008 -79.999992 0.7353 0.7353 0.7353
v 941.935791 1396.082397 -79.999992 0.7353 0.7353 0.7353
v 941.838989 1403.581787 -79.999992 0.7353 0.7353 0.7353
v 922.109253 1343.584229 -80.000000 0.7353 0.7353 0.7353
v 922.043091 1351.083862 -80.000000 0.7353 0.7353 0.7353
v 921.976929 1358.583618 -80.000000 0.7353 0.7353 0.7353
v 921.910767 1366.083252 -80.000000 0.7353 0.7353 0.7353
v 921.844604 1373.583008 -80.000000 0.7353 0.7353 0.7353
v 921.778442 1381.082764 -80.000000 0.7353 0.7353 0.7353
v 921.712280 1388.582397 -80.000000 0.7353 0.7353 0.7353
v 921.646118 1396.082153 -80.000000 0.7353 0.7353 0.7353
v 921.579956 1403.581787 -80.000000 0.7353 0.7353 0.7353
v 905.107605 1343.582031 -79.999992 0.7353 0.7353 0.7353
v 905.065247 1351.081909 -79.999992 0.7353 0.7353 0.7353
v 905.022949 1358.581787 -79.999992 0.7353 0.7353 0.7353
v 904.980652 1366.081665 -79.999992 0.7353 0.7353 0.7353
v 904.938354 1373.581543 -79.999992 0.7353 0.7353 0.7353
v 904.896057 1381.081421 -79.999992 0.7353 0.7353 0.7353
v 904.853760 1388.581299 -79.999992 0.7353 0.7353 0.7353
v 904.811462 1396.081177 -79.999992 0.7353 0.7353 0.7353
v 904.769165 1403.581055 -79.999992 0.7353 0.7353 0.7353
v 881.358276 1343.579712 -79.999992 0.7353 0.7353 0.7353
v 881.344299 1351.079590 -79.999992 0.7353 0.7353 0.7353
v 881.330322 1358.579590 -79.999992 0.7353 0.7353 0.7353
v 881.316345 1366.079590 -79.999992 0.7353 0.7353 0.7353
v 881.302307 1373.579590 -79.999992 0.7353 0.7353 0.7353
v 881.288330 1381.079590 -79.999992 0.7353 0.7353 0.7353
v 881.274353 1388.579590 -79.999992 0.7353 0.7353 0.7353
v 881.260376 1396.079590 -79.999992 0.7353 0.7353 0.7353
v 881.246338 1403.579590 -79.999992 0.7353 0.7353 0.7353
v 861.795044 1343.578735 -79.999992 0.7353 0.7353 0.7353
v 861.794434 1351.078735 -79.999992 0.7353 0.7353 0.7353
v 861.793823 1358.578735 -79.999992 0.7353 0.7353 0.7353
v 861.793213 1366.078735 -79.999992 0.7353 0.7353 0.7353
v 861.792542 1373.578735 -79.999992 0.7353 0.7353 0.7353
v 861.791931 1381.078735 -79.999992 0.7353 0.7353 0.7353
v 861.791321 1388.578735 -79.999992 0.7353 0.7353 0.7353
v 861.790710 1396.078735 -79.999992 0.7353 0.7353 0.7353
v 861.790100 1403.578735 -79.999992 0.7353 0.7353 0.7353
v 858.692871 1343.578613 -79.999992 0.7353 0.7353 0.7353
v 858.692871 1351.078613 -79.999992 0.7353 0.7353 0.7353
v 858.692871 1358.578613 -79.999992 0.7353 0.7353 0.7353
v 858.692871 1366.078613 -79.999992 0.7353 0.7353 0.7353
v 858.692871 1373.578613 -79.999992 0.7353 0.7353 0.7353
v 858.692871 1381.078613 -79.999992 0.7353 0.7353 0.7353
v 858.692871 1388.578613 -79.999992 0.7353 0.7353 0.7353
v 858.692871 1396.078613 -79.999992 0.7353 0.7353 0.7353
v 858.692871 1403.578613 -79.999992 0.7353 0.7353 0.7353
v 1280.292847 799.997131 -80.000000 0.9063 0.9063 0.9063
v 1280.292847 799.997131 -83.000000 0.9063 0.9063 0.9063
v 1280.292847 955.801819 -80.000000 0.9063 0.9063 0.9063
v 1280.292847 955.801819 -83.000000 0.9063 0.9063 0.9063
v 1280.292847 982.908630 -80.000000 0.9063 0.9063 0.9063
v 1280.292847 982.908630 -83.000000 0.9063 0.9063 0.9063
v 1280.292847 1013.379883 -79.999992 0.9063 0.9063 0.9063
v 1280.292847 1013.379883 -82.999992 0.9063 0.9063 0.9063
v 1280.292969 1043.510620 -80.000000 0.9063 0.9063 0.9063
v 1280.292969 1043.510620 -83.000000 0.9063 0.9063 0.9063
v 1280.292847 1072.581665 -80.000000 0.9063 0.9063 0.9063
v 1280.292847 1072.581665 -83.000000 0.9063 0.9063 0.9063
v 1280.292725 1098.345459 -80.000038 0.9063 0.9063 0.9063
v 1280.292725 1098.345459 -83.000038 0.9063 0.9063 0.9063
v 1280.291626 1115.248657 -80.000351 0.9063 0.9063 0.9063
v 1280.291504 1115.249268 -83.000351 0.9063 0.9063 0.9063
v 1279.967529 1136.956055 -80.134628 0.9063 0.9063 0.9063
v 1279.956665 1136.902222 -83.134125 0.9063 0.9063 0.9063
v 1278.574585 1154.296387 -80.593712 0.9063 0.9063 0.9063
v 1278.527222 1154.185913 -83.591309 0.9063 0.9063 0.9063
v 1276.167114 1171.065186 -81.304276 0.9063 0.9063 0.9063
v 1276.063599 1170.899780 -84.297920 0.9063 0.9063 0.9063
v 1273.617065 1183.813721 -81.987411 0.9063 0.9063 0.9063
v 1273.459839 1183.605713 -84.976067 0.9063 0.9063 0.9063
v 1269.414917 1200.101807 -83.004990 0.9063 0.9063 0.9063
v 1269.179565 1199.833984 -85.983719 0.9063 0.9063 0.9063
v 1264.757568 1214.544678 -84.008736 0.9063 0.9063 0.9063
v 1264.446167 1214.221069 -86.974930 0.9063 0.9063 0.9063
v 1258.120361 1231.449585 -85.263000 0.9063 0.9063 0.9063
v 1257.717163 1231.053223 -88.209244 0.9063 0.9063 0.9063
v 1247.806885 1252.694946 -86.862434 0.9063 0.9063 0.9063
v 1247.292603 1252.200562 -89.776375 0.9063 0.9063 0.9063
v 1239.379150 1267.197632 -87.906403 0.9063 0.9063 0.9063
v 1238.796143 1266.635620 -90.795036 0.9063 0.9063 0.9063
v 1232.818237 1277.256104 -88.573074 0.9063 0.9063 0.9063
v 1232.194092 1276.647827 -91.443703 0.9063 0.9063 0.9063
v 1222.657593 1291.221436 -89.374252 0.9063 0.9063 0.9063
v 1221.985962 1290.556519 -92.221489 0.9063 0.9063 0.9063
v 1211.983521 1304.238159 -89.933792 0.9063 0.9063 0.9063
v 1211.280640 1303.531982 -92.763527 0.9063 0.9063 0.9063
v 1200.389893 1316.858887 -90.229752 0.9063 0.9063 0.9063
v 1199.671875 1316.129883 -93.049850 0.9063 0.9063 0.9063
v 1192.025879 1325.148193 -90.245079 0.9063 0.9063 0.9063
v 1191.307251 1324.417969 -93.064674 0.9063 0.9063 0.9063
v 1178.104858 1337.651855 -89.937851 0.9063 0.9063 0.9063
v 1177.406738 1336.940308 -92.767410 0.9063 0.9063 0.9063
v 1168.719482 1345.264404 -89.548233 0.9063 0.9063 0.9063
v 1168.047974 1344.576294 -92.390007 0.9063 0.9063 0.9063
v 1152.813965 1356.817505 -88.652908 0.9063 0.9063 0.9063
v 1152.203613 1356.184204 -91.521088 0.9063 0.9063 0.9063
v 1127.504150 1372.075562 -86.854507 0.9063 0.9063 0.9063
v 1127.007935 1371.561523 -89.768196 0.9063 0.9063 0.9063
v 1109.567383 1380.804077 -85.465790 0.9063 0.9063 0.9063
v 1109.155396 1380.387085 -88.407967 0.9063 0.9063 0.9063
v 1089.519775 1388.700928 -83.942192 0.9063 0.9063 0.9063
v 1089.194946 1388.395386 -86.908859 0.9063 0.9063 0.9063
v 1070.213989 1394.590820 -82.591850 0.9063 0.9063 0.9063
v 1069.964844 1394.387939 -85.574593 0.9063 0.9063 0.9063
v 1052.296753 1398.666992 -81.520744 0.9063 0.9063 0.9063
v 1052.113892 1398.547119 -84.512764 0.9063 0.9063 0.9063
v 1027.066284 1402.292603 -80.434204 0.9063 0.9063 0.9063
v 1026.969604 1402.258301 -83.432449 0.9063 0.9063 0.9063
v 1012.010193 1403.334473 -80.086266 0.9063 0.9063 0.9063
v 1011.964661 1403.327759 -83.085907 0.9063 0.9063 0.9063
v 994.139160 1403.576172 -79.999870 0.9063 0.9063 0.9063
v 994.140015 1403.576172 -82.999870 0.9063 0.9063 0.9063
v 965.308838 1403.579834 -79.999992 0.9063 0.9063 0.9063
v 965.308838 1403.579834 -82.999992 0.9063 0.9063 0.9063
v 941.838989 1403.581787 -79.999992 0.9063 0.9063 0.9063
v 941.838989 1403.581787 -82.999992 0.9063 0.9063 0.9063
v 921.579956 1403.581787 -80.000000 0.9063 0.9063 0.9063
v 921.579956 1403.581787 -83.000000 0.9063 0.9063 0.9063
v 904.769165 1403.581055 -79.999992 0.9063 0.9063 0.9063
v 904.769165 1403.581055 -82.999992 0.9063 0.9063 0.9063
v 881.246338 1403.579590 -79.999992 0.9063 0.9063 0.9063
v 881.246338 1403.579590 -82.999992 0.9063 0.9063 0.9063
v 861.790100 1403.578735 -79.999992 0.9063 0.9063 0.9063
v 861.790100 1403.578735 -82.999992 0.9063 0.9063 0.9063
v 858.692871 1403.578613 -79.999992 0.9063 0.9063 0.9063
v 858.692871 1403.578613 -82.999992 0.9063 0.9063 0.9063
v 1220.292847 800.002869 -80.000000 0.9063 0.9063 0.9063
v 1220.292847 800.002869 -83.000000 0.9063 0.9063 0.9063
v 1220.292847 955.807556 -80.000000 0.9063 0.9063 0.9063
v 1220.292847 955.807556 -83.000000 0.9063 0.9063 0.9063
v 1220.292847 982.914368 -80.000000 0.9063 0.9063 0.9063
v 1220.292847 982.914368 -83.000000 0.9063 0.9063 0.9063
v 1220.292847 1013.385681 -79.999992 0.9063 0.9063 0.9063
v 1220.292847 1013.385681 -82.999992 0.9063 0.9063 0.9063
v 1220.292969 1043.516357 -80.000000 0.9063 0.9063 0.9063
v 1220.292969 1043.516357 -83.000000 0.9063 0.9063 0.9063
v 1220.292847 1072.587524 -80.000000 0.9063 0.9063 0.9063
v 1220.292847 1072.587524 -83.000000 0.9063 0.9063 0.9063
v 1220.292725 1098.348877 -79.999962 0.9063 0.9063 0.9063
v 1220.292725 1098.348877 -82.999962 0.9063 0.9063 0.9063
v 1220.291626 1115.231079 -79.999649 0.9063 0.9063 0.9063
v 1220.291504 1115.230591 -82.999649 0.9063 0.9063 0.9063
v 1220.039429 1134.031860 -79.865356 0.9063 0.9063 0.9063
v 1220.022705 1134.099121 -82.864555 0.9063 0.9063 0.9063
v 1218.956055 1147.646729 -79.406288 0.9063 0.9063 0.9063
v 1218.882324 1147.772461 -82.402748 0.9063 0.9063 0.9063
v 1217.105469 1160.822388 -78.695724 0.9063 0.9063 0.9063
v 1216.945557 1160.982300 -81.687195 0.9063 0.9063 0.9063
v 1215.166748 1170.861450 -78.012589 0.9063 0.9063 0.9063
v 1214.926758 1171.028320 -80.998314 0.9063 0.9063 0.9063
v 1212.010498 1183.712646 -76.995010 0.9063 0.9063 0.9063
v 1211.655151 1183.866333 -79.969933 0.9063 0.9063 0.9063
v 1208.544189 1195.159790 -75.991264 0.9063 0.9063 0.9063
v 1208.082031 1195.275146 -78.953194 0.9063 0.9063 0.9063
v 1203.640381 1208.621216 -74.737000 0.9063 0.9063 0.9063
v 1203.053955 1208.664307 -77.678802 0.9063 0.9063 0.9063
v 1196.024292 1225.672974 -73.137566 0.9063 0.9063 0.9063
v 1195.300781 1225.581299 -76.047577 0.9063 0.9063 0.9063
v 1189.763550 1237.394287 -72.093597 0.9063 0.9063 0.9063
v 1188.969971 1237.184570 -74.979103 0.9063 0.9063 0.9063
v 1184.846069 1245.559326 -71.426926 0.9063 0.9063 0.9063
v 1184.019043 1245.259644 -74.295044 0.9063 0.9063 0.9063
v 1177.144165 1256.913696 -70.625732 0.9063 0.9063 0.9063
v 1176.300049 1256.478394 -73.471428 0.9063 0.9063 0.9063
v 1168.924683 1267.479248 -70.066200 0.9063 0.9063 0.9063
v 1168.102661 1266.913086 -72.895287 0.9063 0.9063 0.9063
v 1159.843140 1277.649536 -69.770233 0.9063 0.9063 0.9063
v 1159.085083 1276.961914 -72.590263 0.9063 0.9063 0.9063
v 1153.167480 1284.280396 -69.754913 0.9063 0.9063 0.9063
v 1152.478271 1283.522095 -72.574471 0.9063 0.9063 0.9063
v 1141.920532 1294.112671 -70.062149 0.9063 0.9063 0.9063
v 1141.368042 1293.280640 -72.890968 0.9063 0.9063 0.9063
v 1134.317261 1299.967407 -70.451752 0.9063 0.9063 0.9063
v 1133.861206 1299.116333 -73.292114 0.9063 0.9063 0.9063
v 1121.391479 1308.722412 -71.347084 0.9063 0.9063 0.9063
v 1121.092896 1307.886353 -74.212723 0.9063 0.9063 0.9063
v 1100.842529 1320.102295 -73.145477 0.9063 0.9063 0.9063
v 1100.762695 1319.375854 -76.055077 0.9063 0.9063 0.9063
v 1086.427612 1326.535645 -74.534210 0.9063 0.9063 0.9063
v 1086.466187 1325.927490 -77.471672 0.9063 0.9063 0.9063
v 1070.543823 1332.329346 -76.057793 0.9063 0.9063 0.9063
v 1070.672119 1331.871948 -79.019928 0.9063 0.9063 0.9063
v 1055.292969 1336.707397 -77.408134 0.9063 0.9063 0.9063
v 1055.462280 1336.396973 -80.387222 0.9063 0.9063 0.9063
v 1041.144409 1339.791138 -78.479240 0.9063 0.9063 0.9063
v 1041.312866 1339.604736 -81.468704 0.9063 0.9063 0.9063
v 1021.331055 1342.573730 -79.565781 0.9063 0.9063 0.9063
v 1021.444824 1342.519165 -82.563126 0.9063 0.9063 0.9063
v 1009.519104 1343.386475 -79.913734 0.9063 0.9063 0.9063
v 1009.576233 1343.375488 -82.913170 0.9063 0.9063 0.9063
v 995.279907 1343.587036 -80.000114 0.9063 0.9063 0.9063
v 995.278992 1343.587036 -83.000114 0.9063 0.9063 0.9063
v 966.333679 1343.588501 -79.999992 0.9063 0.9063 0.9063
v 966.333679 1343.588501 -82.999992 0.9063 0.9063 0.9063
v 942.613403 1343.586792 -79.999992 0.9063 0.9063 0.9063
v 942.613403 1343.586792 -82.999992 0.9063 0.9063 0.9063
v 922.109253 1343.584229 -80.000000 0.9063 0.9063 0.9063
v 922.109314 1343.584229 -83.000000 0.9063 0.9063 0.9063
v 905.107605 1343.582031 -79.999992 0.9063 0.9063 0.9063
v 905.107605 1343.582031 -82.999992 0.9063 0.9063 0.9063
v 881.358276 1343.579712 -79.999992 0.9063 0.9063 0.9063
v 881.358276 1343.579712 -82.999992 0.9063 0.9063 0.9063
v 861.795044 1343.578735 -79.999992 0.9063 0.9063 0.9063
v 861.795044 1343.578735 -82.999992 0.9063 0.9063 0.9063
v 858.692871 1343.578613 -79.999992 0.9063 0.9063 0.9063
v 858.692871 1343.578613 -82.999992 0.9063 0.9063 0.9063
vn -0.0000 -0.0000 -1.0000
vn -0.0000 -0.0002 -1.0000
vn -0.0000 -0.0001 -1.0000
vn -0.0000 0.0001 -1.0000
vn -0.0000 0.0002 -1.0000
vn -0.0056 0.0224 -0.9997
vn -0.0053 0.0162 -0.9999
vn -0.0050 0.0104 -0.9999
vn -0.0047 0.0049 -1.0000
vn -0.0045 -0.0002 -1.0000
vn -0.0042 -0.0050 -1.0000
vn -0.0041 -0.0096 -0.9999
vn -0.0038 -0.0139 -0.9999
vn -0.0036 -0.0179 -0.9998
vn -0.0246 0.0419 -0.9988
vn -0.0233 0.0298 -0.9993
vn -0.0220 0.0184 -0.9996
vn -0.0208 0.0078 -0.9998
vn -0.0197 -0.0022 -0.9998
vn -0.0186 -0.0116 -0.9998
vn -0.0176 -0.0205 -0.9996
vn -0.0167 -0.0289 -0.9994
vn -0.0158 -0.0368 -0.9992
vn -0.0532 0.0533 -0.9972
vn -0.0504 0.0366 -0.9981
vn -0.0477 0.0210 -0.9986
vn -0.0452 0.0063 -0.9990
vn -0.0429 -0.0074 -0.9991
vn -0.0404 -0.0202 -0.9990
vn -0.0384 -0.0326 -0.9987
vn -0.0364 -0.0443 -0.9984
vn -0.0345 -0.0551 -0.9979
vn -0.0800 0.0556 -0.9952
vn -0.0758 0.0365 -0.9965
vn -0.0719 0.0185 -0.9972
vn -0.0682 0.0016 -0.9977
vn -0.0647 -0.0143 -0.9978
vn -0.0613 -0.0293 -0.9977
vn -0.0583 -0.0434 -0.9974
vn -0.0552 -0.0567 -0.9969
vn -0.0524 -0.0693 -0.9962
vn -0.1186 0.0511 -0.9916
vn -0.1124 0.0297 -0.9932
vn -0.1068 0.0094 -0.9942
vn -0.1014 -0.0096 -0.9948
vn -0.0962 -0.0277 -0.9950
vn -0.0914 -0.0444 -0.9948
vn -0.0869 -0.0600 -0.9944
vn -0.0826 -0.0748 -0.9938
vn -0.0785 -0.0893 -0.9929
vn -0.1541 0.0385 -0.9873
vn -0.1466 0.0160 -0.9891
vn -0.1396 -0.0050 -0.9902
vn -0.1328 -0.0248 -0.9908
vn -0.1264 -0.0434 -0.9910
vn -0.1203 -0.0610 -0.9909
vn -0.1145 -0.0775 -0.9904
vn -0.1090 -0.0931 -0.9897
vn -0.1038 -0.1078 -0.9887
vn -0.1955 0.0144 -0.9806
vn -0.1864 -0.0080 -0.9824
vn -0.1778 -0.0291 -0.9836
vn -0.1697 -0.0490 -0.9843
vn -0.1619 -0.0676 -0.9845
vn -0.1545 -0.0852 -0.9843
vn -0.1474 -0.1018 -0.9838
vn -0.1407 -0.1174 -0.9831
vn -0.1344 -0.1321 -0.9821
vn -0.2412 -0.0305 -0.9700
vn -0.2308 -0.0511 -0.9716
vn -0.2210 -0.0705 -0.9727
vn -0.2117 -0.0887 -0.9733
vn -0.2028 -0.1057 -0.9735
vn -0.1944 -0.1218 -0.9733
vn -0.1864 -0.1370 -0.9729
vn -0.1787 -0.1513 -0.9722
vn -0.1714 -0.1648 -0.9713
vn -0.2645 -0.0699 -0.9618
vn -0.2542 -0.0879 -0.9632
vn -0.2443 -0.1048 -0.9640
vn -0.2349 -0.1207 -0.9645
vn -0.2259 -0.1357 -0.9646
vn -0.2174 -0.1497 -0.9645
vn -0.2094 -0.1630 -0.9641
vn -0.2017 -0.1755 -0.9636
vn -0.1943 -0.1873 -0.9629
vn -0.2757 -0.0999 -0.9560
vn -0.2657 -0.1157 -0.9571
vn -0.2561 -0.1305 -0.9578
vn -0.2471 -0.1444 -0.9582
vn -0.2385 -0.1575 -0.9583
vn -0.2303 -0.1698 -0.9582
vn -0.2225 -0.1815 -0.9579
vn -0.2151 -0.1924 -0.9575
vn -0.2080 -0.2027 -0.9569
vn -0.2814 -0.1451 -0.9486
vn -0.2727 -0.1569 -0.9492
vn -0.2646 -0.1679 -0.9496
vn -0.2570 -0.1782 -0.9498
vn -0.2496 -0.1880 -0.9499
vn -0.2427 -0.1971 -0.9499
vn -0.2361 -0.2057 -0.9497
vn -0.2298 -0.2139 -0.9494
vn -0.2239 -0.2217 -0.9491
vn -0.2740 -0.1887 -0.9430
vn -0.2680 -0.1959 -0.9433
vn -0.2624 -0.2026 -0.9435
vn -0.2570 -0.2089 -0.9436
vn -0.2520 -0.2148 -0.9436
vn -0.2472 -0.2204 -0.9436
vn -0.2427 -0.2257 -0.9435
vn -0.2384 -0.2306 -0.9434
vn -0.2343 -0.2354 -0.9432
vn -0.2527 -0.2292 -0.9400
vn -0.2507 -0.2313 -0.9400
vn -0.2488 -0.2333 -0.9401
vn -0.2470 -0.2351 -0.9401
vn -0.2453 -0.2369 -0.9401
vn -0.2437 -0.2385 -0.9401
vn -0.2421 -0.2401 -0.9401
vn -0.2407 -0.2416 -0.9401
vn -0.2393 -0.2430 -0.9400
vn -0.2297 -0.2528 -0.9399
vn -0.2312 -0.2514 -0.9399
vn -0.2326 -0.2500 -0.9399
vn -0.2339 -0.2488 -0.9399
vn -0.2352 -0.2476 -0.9399
vn -0.2364 -0.2465 -0.9399
vn -0.2375 -0.2454 -0.9399
vn -0.2386 -0.2444 -0.9399
vn -0.2396 -0.2435 -0.9399
vn -0.1842 -0.2774 -0.9429
vn -0.1916 -0.2713 -0.9432
vn -0.1986 -0.2656 -0.9434
vn -0.2051 -0.2602 -0.9435
vn -0.2113 -0.2551 -0.9435
vn -0.2172 -0.2502 -0.9435
vn -0.2226 -0.2457 -0.9434
vn -0.2278 -0.2413 -0.9433
vn -0.2327 -0.2372 -0.9432
vn -0.1520 -0.2837 -0.9468
vn -0.1631 -0.2756 -0.9473
vn -0.1734 -0.2678 -0.9477
vn -0.1831 -0.2605 -0.9479
vn -0.1922 -0.2537 -0.9480
vn -0.2008 -0.2471 -0.9480
vn -0.2089 -0.2409 -0.9478
vn -0.2166 -0.2350 -0.9476
vn -0.2238 -0.2294 -0.9473
vn -0.0995 -0.2787 -0.9552
vn -0.1155 -0.2686 -0.9563
vn -0.1304 -0.2591 -0.9570
vn -0.1445 -0.2501 -0.9574
vn -0.1577 -0.2415 -0.9575
vn -0.1702 -0.2333 -0.9574
vn -0.1819 -0.2256 -0.9571
vn -0.1930 -0.2181 -0.9567
vn -0.2034 -0.2111 -0.9561
vn -0.0266 -0.2422 -0.9699
vn -0.0478 -0.2318 -0.9716
vn -0.0678 -0.2218 -0.9727
vn -0.0865 -0.2124 -0.9734
vn -0.1042 -0.2033 -0.9736
vn -0.1209 -0.1948 -0.9734
vn -0.1366 -0.1866 -0.9729
vn -0.1514 -0.1788 -0.9722
vn -0.1654 -0.1713 -0.9712
vn 0.0128 -0.2027 -0.9792
vn -0.0102 -0.1933 -0.9811
vn -0.0319 -0.1843 -0.9824
vn -0.0522 -0.1758 -0.9830
vn -0.0713 -0.1677 -0.9833
vn -0.0894 -0.1599 -0.9831
vn -0.1063 -0.1527 -0.9825
vn -0.1222 -0.1455 -0.9818
vn -0.1373 -0.1390 -0.9807
vn 0.0427 -0.1525 -0.9874
vn 0.0196 -0.1449 -0.9892
vn -0.0023 -0.1378 -0.9905
vn -0.0227 -0.1310 -0.9911
vn -0.0420 -0.1245 -0.9913
vn -0.0601 -0.1184 -0.9911
vn -0.0772 -0.1127 -0.9906
vn -0.0931 -0.1071 -0.9899
vn -0.1082 -0.1019 -0.9889
vn 0.0564 -0.1035 -0.9930
vn 0.0351 -0.0981 -0.9946
vn 0.0151 -0.0930 -0.9955
vn -0.0038 -0.0882 -0.9961
vn -0.0216 -0.0837 -0.9963
vn -0.0383 -0.0793 -0.9961
vn -0.0541 -0.0753 -0.9957
vn -0.0690 -0.0714 -0.9951
vn -0.0830 -0.0676 -0.9942
vn 0.0561 -0.0621 -0.9965
vn 0.0382 -0.0588 -0.9975
vn 0.0214 -0.0556 -0.9982
vn 0.0055 -0.0526 -0.9986
vn -0.0095 -0.0498 -0.9987
vn -0.0233 -0.0471 -0.9986
vn -0.0367 -0.0446 -0.9983
vn -0.0492 -0.0422 -0.9979
vn -0.0610 -0.0400 -0.9973
vn 0.0379 -0.0182 -0.9991
vn 0.0271 -0.0172 -0.9995
vn 0.0170 -0.0162 -0.9997
vn 0.0075 -0.0153 -0.9999
vn -0.0014 -0.0144 -0.9999
vn -0.0098 -0.0136 -0.9999
vn -0.0177 -0.0128 -0.9998
vn -0.0252 -0.0121 -0.9996
vn -0.0322 -0.0114 -0.9994
vn 0.0190 -0.0037 -0.9998
vn 0.0138 -0.0035 -0.9999
vn 0.0089 -0.0032 -1.0000
vn 0.0042 -0.0031 -1.0000
vn -0.0001 -0.0029 -1.0000
vn -0.0042 -0.0027 -1.0000
vn -0.0081 -0.0026 -1.0000
vn -0.0117 -0.0024 -0.9999
vn -0.0152 -0.0023 -0.9999
vn -0.0003 -0.0000 -1.0000
vn -0.0002 -0.0000 -1.0000
vn -0.0001 -0.0000 -1.0000
vn 0.0001 -0.0000 -1.0000
vn 0.0002 -0.0000 -1.0000
vn 0.0003 -0.0000 -1.0000
vn -1.0000 -0.0000 -0.0000
vn -1.0000 -0.0078 0.0020
vn -1.0000 -0.0078 0.0019
vn -0.9987 -0.0487 0.0114
vn -0.9987 -0.0487 0.0113
vn -0.9931 -0.1130 0.0305
vn -0.9839 -0.1705 0.0536
vn -0.9839 -0.1705 0.0537
vn -0.9715 -0.2226 0.0818
vn -0.9715 -0.2226 0.0819
vn -0.9545 -0.2750 0.1153
vn -0.9321 -0.3283 0.1528
vn -0.9321 -0.3283 0.1529
vn -0.9004 -0.3863 0.2000
vn -0.8606 -0.4468 0.2443
vn -0.8245 -0.4954 0.2736
vn -0.7918 -0.5330 0.2982
vn -0.7549 -0.5719 0.3210
vn -0.7153 -0.6129 0.3356
vn -0.6788 -0.6503 0.3411
vn -0.6787 -0.6503 0.3412
vn -0.6448 -0.6861 0.3368
vn -0.6448 -0.6861 0.3369
vn -0.6096 -0.7227 0.3256
vn -0.5735 -0.7604 0.3048
vn -0.5257 -0.8095 0.2615
vn -0.4601 -0.8630 0.2088
vn -0.3926 -0.9057 0.1600
vn -0.3258 -0.9388 0.1119
vn -0.2574 -0.9637 0.0710
vn -0.2574 -0.9637 0.0709
vn -0.1847 -0.9822 0.0344
vn -0.1082 -0.9941 0.0097
vn -0.0425 -0.9991 0.0017
vn -0.0425 -0.9991 0.0016
vn -0.0070 -1.0000 0.0001
vn -0.0001 -1.0000 -0.0000
vn -0.0000 -1.0000 -0.0000
vn 0.0001 -1.0000 -0.0000
vn 1.0000 -0.0000 -0.0000
vn 1.0000 0.0072 -0.0000
vn 0.9988 0.0488 -0.0019
vn 0.9933 0.1147 -0.0110
vn 0.9845 0.1729 -0.0299
vn 0.9728 0.2255 -0.0526
vn 0.9571 0.2784 -0.0806
vn 0.9571 0.2784 -0.0805
vn 0.9362 0.3326 -0.1139
vn 0.9362 0.3326 -0.1138
vn 0.9075 0.3921 -0.1508
vn 0.8687 0.4538 -0.1986
vn 0.8687 0.4538 -0.1985
vn 0.8300 0.5018 -0.2436
vn 0.7968 0.5393 -0.2725
vn 0.7968 0.5393 -0.2724
vn 0.7600 0.5780 -0.2971
vn 0.7186 0.6171 -0.3204
vn 0.7186 0.6171 -0.3205
vn 0.6800 0.6520 -0.3355
vn 0.6800 0.6520 -0.3354
vn 0.6441 0.6847 -0.3412
vn 0.6441 0.6846 -0.3413
vn 0.6080 0.7189 -0.3368
vn 0.5712 0.7534 -0.3257
vn 0.5218 0.7965 -0.3054
vn 0.5218 0.7966 -0.3054
vn 0.4580 0.8498 -0.2609
vn 0.3934 0.8956 -0.2075
vn 0.3935 0.8956 -0.2076
vn 0.3281 0.9311 -0.1591
vn 0.2604 0.9591 -0.1109
vn 0.1874 0.9797 -0.0708
vn 0.1102 0.9933 -0.0343
vn 0.0436 0.9990 -0.0094
vn 0.0074 1.0000 -0.0017
vn -0.0000 1.0000 -0.0000
vn -0.0001 1.0000 -0.0000
vt 0.000000 0.000000
vt 0.000000 3.087899
vt 0.125000 3.087899
vt 0.125000 0.000000
vt 0.250000 3.087899
vt 0.250000 0.000000
vt 0.375000 3.087899
vt 0.375000 0.000000
vt 0.500000 3.087899
vt 0.500000 0.000000
vt 0.625000 3.087899
vt 0.625000 0.000000
vt 0.750000 3.087899
vt 0.750000 0.000000
vt 0.875000 3.087899
vt 0.875000 0.000000
vt 1.000000 3.087899
vt 1.000000 0.000000
vt 0.000000 3.625130
vt 0.125000 3.625130
vt 0.250000 3.625130
vt 0.375000 3.625130
vt 0.500000 3.625130
vt 0.625000 3.625130
vt 0.750000 3.625130
vt 0.875000 3.625130
vt 1.000000 3.625130
vt 0.000000 4.229041
vt 0.125000 4.229041
vt 0.250000 4.229041
vt 0.375000 4.229041
vt 0.500000 4.229041
vt 0.625000 4.229041
vt 0.750000 4.229041
vt 0.875000 4.229041
vt 1.000000 4.229041
vt 0.000000 4.826204
vt 0.125000 4.826204
vt 0.250000 4.826204
vt 0.375000 4.826204
vt 0.500000 4.826204
vt 0.625000 4.826204
vt 0.750000 4.826204
vt 0.875000 4.826204
vt 1.000000 4.826204
vt 0.000000 5.402364
vt 0.125000 5.402364
vt 0.250000 5.402364
vt 0.375000 5.402364
vt 0.500000 5.402364
vt 0.625000 5.402364
vt 0.750000 5.402364
vt 0.875000 5.402364
vt 1.000000 5.402364
vt 0.000000 5.912953
vt 0.125000 5.912953
vt 0.250000 5.912953
vt 0.375000 5.912953
vt 0.500000 5.912953
vt 0.625000 5.912953
vt 0.750000 5.912953
vt 0.875000 5.912953
vt 1.000000 5.912953
vt 0.000000 6.247751
vt 0.125000 6.247751
vt 0.250000 6.247751
vt 0.375000 6.247751
vt 0.500000 6.247751
vt 0.625000 6.247751
vt 0.750000 6.247751
vt 0.875000 6.247751
vt 1.000000 6.247751
vt 0.000000 6.649209
vt 0.125000 6.649209
vt 0.250000 6.649209
vt 0.375000 6.649209
vt 0.500000 6.649209
vt 0.625000 6.649209
vt 0.750000 6.649209
vt 0.875000 6.649209
vt 1.000000 6.649209
vt 0.000000 6.956939
vt 0.125000 6.956939
vt 0.250000 6.956939
vt 0.375000 6.956939
vt 0.500000 6.956939
vt 0.625000 6.956939
vt 0.750000 6.956939
vt 0.875000 6.956939
vt 1.000000 6.956939
vt 0.000000 7.256659
vt 0.125000 7.256659
vt 0.250000 7.256659
vt 0.375000 7.256659
vt 0.500000 7.256659
vt 0.625000 7.256659
vt 0.750000 7.256659
vt 0.875000 7.256659
vt 1.000000 7.256659
vt 0.000000 7.486813
vt 0.125000 7.486813
vt 0.250000 7.486813
vt 0.375000 7.486813
vt 0.500000 7.486813
vt 0.625000 7.486813
vt 0.750000 7.486813
vt 0.875000 7.486813
vt 1.000000 7.486813
vt 0.000000 7.784634
vt 0.125000 7.784634
vt 0.250000 7.784634
vt 0.375000 7.784634
vt 0.500000 7.784634
vt 0.625000 7.784634
vt 0.750000 7.784634
vt 0.875000 7.784634
vt 1.000000 7.784634
vt 0.000000 8.053524
vt 0.125000 8.053524
vt 0.250000 8.053524
vt 0.375000 8.053524
vt 0.500000 8.053524
vt 0.625000 8.053524
vt 0.750000 8.053524
vt 0.875000 8.053524
vt 1.000000 8.053524
vt 0.000000 8.375441
vt 0.125000 8.375441
vt 0.250000 8.375441
vt 0.375000 8.375441
vt 0.500000 8.375441
vt 0.625000 8.375441
vt 0.750000 8.375441
vt 0.875000 8.375441
vt 1.000000 8.375441
vt 0.000000 8.794477
vt 0.125000 8.794477
vt 0.250000 8.794477
vt 0.375000 8.794477
vt 0.500000 8.794477
vt 0.625000 8.794477
vt 0.750000 8.794477
vt 0.875000 8.794477
vt 1.000000 8.794477
vt 0.000000 9.092333
vt 0.125000 9.092333
vt 0.250000 9.092333
vt 0.375000 9.092333
vt 0.500000 9.092333
vt 0.625000 9.092333
vt 0.750000 9.092333
vt 0.875000 9.092333
vt 1.000000 9.092333
vt 0.000000 9.305755
vt 0.125000 9.305755
vt 0.250000 9.305755
vt 0.375000 9.305755
vt 0.500000 9.305755
vt 0.625000 9.305755
vt 0.750000 9.305755
vt 0.875000 9.305755
vt 1.000000 9.305755
vt 0.000000 9.612817
vt 0.125000 9.612817
vt 0.250000 9.612817
vt 0.375000 9.612817
vt 0.500000 9.612817
vt 0.625000 9.612817
vt 0.750000 9.612817
vt 0.875000 9.612817
vt 1.000000 9.612817
vt 0.000000 9.912256
vt 0.125000 9.912256
vt 0.250000 9.912256
vt 0.375000 9.912256
vt 0.500000 9.912256
vt 0.625000 9.912256
vt 0.750000 9.912256
vt 0.875000 9.912256
vt 1.000000 9.912256
vt 0.000000 10.217188
vt 0.125000 10.217188
vt 0.250000 10.217188
vt 0.375000 10.217188
vt 0.500000 10.217188
vt 0.625000 10.217188
vt 0.750000 10.217188
vt 0.875000 10.217188
vt 1.000000 10.217188
vt 0.000000 10.427121
vt 0.125000 10.427121
vt 0.250000 10.427121
vt 0.375000 10.427121
vt 0.500000 10.427121
vt 0.625000 10.427121
vt 0.750000 10.427121
vt 0.875000 10.427121
vt 1.000000 10.427121
vt 0.000000 10.760576
vt 0.125000 10.760576
vt 0.250000 10.760576
vt 0.375000 10.760576
vt 0.500000 10.760576
vt 0.625000 10.760576
vt 0.750000 10.760576
vt 0.875000 10.760576
vt 1.000000 10.760576
vt 0.000000 10.975404
vt 0.125000 10.975404
vt 0.250000 10.975404
vt 0.375000 10.975404
vt 0.500000 10.975404
vt 0.625000 10.975404
vt 0.750000 10.975404
vt 0.875000 10.975404
vt 1.000000 10.975404
vt 0.000000 11.324870
vt 0.125000 11.324870
vt 0.250000 11.324870
vt 0.375000 11.324870
vt 0.500000 11.324870
vt 0.625000 11.324870
vt 0.750000 11.324870
vt 0.875000 11.324870
vt 1.000000 11.324870
vt 0.000000 11.850411
vt 0.125000 11.850411
vt 0.250000 11.850411
vt 0.375000 11.850411
vt 0.500000 11.850411
vt 0.625000 11.850411
vt 0.750000 11.850411
vt 0.875000 11.850411
vt 1.000000 11.850411
vt 0.000000 12.204462
vt 0.125000 12.204462
vt 0.250000 12.204462
vt 0.375000 12.204462
vt 0.500000 12.204462
vt 0.625000 12.204462
vt 0.750000 12.204462
vt 0.875000 12.204462
vt 1.000000 12.204462
vt 0.000000 12.585496
vt 0.125000 12.585496
vt 0.250000 12.585496
vt 0.375000 12.585496
vt 0.500000 12.585496
vt 0.625000 12.585496
vt 0.750000 12.585496
vt 0.875000 12.585496
vt 1.000000 12.585496
vt 0.000000 12.942732
vt 0.125000 12.942732
vt 0.250000 12.942732
vt 0.375000 12.942732
vt 0.500000 12.942732
vt 0.625000 12.942732
vt 0.750000 12.942732
vt 0.875000 12.942732
vt 1.000000 12.942732
vt 0.000000 13.268313
vt 0.125000 13.268313
vt 0.250000 13.268313
vt 0.375000 13.268313
vt 0.500000 13.268313
vt 0.625000 13.268313
vt 0.750000 13.268313
vt 0.875000 13.268313
vt 1.000000 13.268313
vt 0.000000 13.719171
vt 0.125000 13.719171
vt 0.250000 13.719171
vt 0.375000 13.719171
vt 0.500000 13.719171
vt 0.625000 13.719171
vt 0.750000 13.719171
vt 0.875000 13.719171
vt 1.000000 13.719171
vt 0.000000 13.986053
vt 0.125000 13.986053
vt 0.250000 13.986053
vt 0.375000 13.986053
vt 0.500000 13.986053
vt 0.625000 13.986053
vt 0.750000 13.986053
vt 0.875000 13.986053
vt 1.000000 13.986053
vt 0.000000 14.304280
vt 0.125000 14.304280
vt 0.250000 14.304280
vt 0.375000 14.304280
vt 0.500000 14.304280
vt 0.625000 14.304280
vt 0.750000 14.304280
vt 0.875000 14.304280
vt 1.000000 14.304280
vt 0.000000 14.876819
vt 0.125000 14.876819
vt 0.250000 14.876819
vt 0.375000 14.876819
vt 0.500000 14.876819
vt 0.625000 14.876819
vt 0.750000 14.876819
vt 0.875000 14.876819
vt 1.000000 14.876819
vt 0.000000 15.344450
vt 0.125000 15.344450
vt 0.250000 15.344450
vt 0.375000 15.344450
vt 0.500000 15.344450
vt 0.625000 15.344450
vt 0.750000 15.344450
vt 0.875000 15.344450
vt 1.000000 15.344450
vt 0.000000 15.748393
vt 0.125000 15.748393
vt 0.250000 15.748393
vt 0.375000 15.748393
vt 0.500000 15.748393
vt 0.625000 15.748393
vt 0.750000 15.748393
vt 0.875000 15.748393
vt 1.000000 15.748393
vt 0.000000 16.083458
vt 0.125000 16.083458
vt 0.250000 16.083458
vt 0.375000 16.083458
vt 0.500000 16.083458
vt 0.625000 16.083458
vt 0.750000 16.083458
vt 0.875000 16.083458
vt 1.000000 16.083458
vt 0.000000 16.551903
vt 0.125000 16.551903
vt 0.250000 16.551903
vt 0.375000 16.551903
vt 0.500000 16.551903
vt 0.625000 16.551903
vt 0.750000 16.551903
vt 0.875000 16.551903
vt 1.000000 16.551903
vt 0.000000 16.938566
vt 0.125000 16.938566
vt 0.250000 16.938566
vt 0.375000 16.938566
vt 0.500000 16.938566
vt 0.625000 16.938566
vt 0.750000 16.938566
vt 0.875000 16.938566
vt 1.000000 16.938566
vt 0.000000 17.000000
vt 0.125000 17.000000
vt 0.250000 17.000000
vt 0.375000 17.000000
vt 0.500000 17.000000
vt 0.625000 17.000000
vt 0.750000 17.000000
vt 0.875000 17.000000
vt 1.000000 17.000000
s 1
usemtl track_surface
f 2718/1882/1692 2727/1883/1692 2728/1884/1692 2719/1885/1692
f 2719/1885/1692 2728/1884/1692 2729/1886/1692 2720/1887/1692
f 2720/1887/1692 2729/1886/1692 2730/1888/1692 2721/1889/1692
f 2721/1889/1692 2730/1888/1692 2731/1890/1692 2722/1891/1692
f 2722/1891/1692 2731/1890/1692 2732/1892/1692 2723/1893/1692
f 2723/1893/1692 2732/1892/1692 2733/1894/1692 2724/1895/1692
f 2724/1895/1692 2733/1894/1692 2734/1896/1692 2725/1897/1692
f 2725/1897/1692 2734/1896/1692 2735/1898/1692 2726/1899/1692
f 2727/1883/1692 2736/1900/1692 2737/1901/1692 2728/1884/1692
f 2728/1884/1692 2737/1901/1692 2738/1902/1692 2729/1886/1692
f 2729/1886/1692 2738/1902/1692 2739/1903/1692 2730/1888/1692
f 2730/1888/1692 2739/1903/1692 2740/1904/1692 2731/1890/1692
f 2731/1890/1692 2740/1904/1692 2741/1905/1692 2732/1892/1692
f 2732/1892/1692 2741/1905/1692 2742/1906/1692 2733/1894/1692
f 2733/1894/1692 2742/1906/1692 2743/1907/1692 2734/1896/1692
f 2734/1896/1692 2743/1907/1692 2744/1908/1692 2735/1898/1692
f 2736/1900/1692 2745/1909/1692 2746/1910/1692 2737/1901/1692
f 2737/1901/1692 2746/1910/1692 2747/1911/1692 2738/1902/1692
f 2738/1902/1692 2747/1911/1692 2748/1912/1692 2739/1903/1692
f 2739/1903/1692 2748/1912/1692 2749/1913/1692 2740/1904/1692
f 2740/1904/1692 2749/1913/1692 2750/1914/1692 2741/1905/1692
f 2741/1905/1692 2750/1914/1692 2751/1915/1692 2742/1906/1692
f 2742/1906/1692 2751/1915/1692 2752/1916/1692 2743/1907/1692
f 2743/1907/1692 2752/1916/1692 2753/1917/1692 2744/1908/1692
f 2745/1909/1692 2754/1918/1692 2755/1919/1692 2746/1910/1692
f 2746/1910/1692 2755/1919/1692 2756/1920/1692 2747/1911/1692
f 2747/1911/1692 2756/1920/1692 2757/1921/1692 2748/1912/1692
f 2748/1912/1692 2757/1921/1692 2758/1922/1692 2749/1913/1692
f 2749/1913/1692 2758/1922/1692 2759/1923/1692 2750/1914/1692
f 2750/1914/1692 2759/1923/1692 2760/1924/1692 2751/1915/1692
f 2751/1915/1692 2760/1924/1692 2761/1925/1692 2752/1916/1692
f 2752/1916/1692 2761/1925/1692 2762/1926/1692 2753/1917/1692
f 2754/1918/1692 2763/1927/1692 2764/1928/1692 2755/1919/1692
f 2755/1919/1692 2764/1928/1692 2765/1929/1692 2756/1920/1692
f 2756/1920/1692 2765/1929/1692 2766/1930/1692 2757/1921/1692
f 2757/1921/1692 2766/1930/1692 2767/1931/1692 2758/1922/1692
f 2758/1922/1692 2767/1931/1692 2768/1932/1692 2759/1923/1692
f 2759/1923/1692 2768/1932/1692 2769/1933/1692 2760/1924/1692
f 2760/1924/1692 2769/1933/1692 2770/1934/1692 2761/1925/1692
f 2761/1925/1692 2770/1934/1692 2771/1935/1692 2762/1926/1692
f 2763/1927/1692 2772/1936/1692 2773/1937/1692 2764/1928/1692
f 2764/1928/1692 2773/1937/1692 2774/1938/1692 2765/1929/1692
f 2765/1929/1692 2774/1938/1692 2775/1939/1692 2766/1930/1692
f 2766/1930/1692 2775/1939/1692 2776/1940/1692 2767/1931/1692
f 2767/1931/1692 2776/1940/1692 2777/1941/1692 2768/1932/1692
f 2768/1932/1692 2777/1941/1692 2778/1942/1692 2769/1933/1692
f 2769/1933/1692 2778/1942/1692 2779/1943/1692 2770/1934/1692
f 2770/1934/1692 2779/1943/1692 2780/1944/1692 2771/1935/1692
f 2772/1936/1692 2781/1945/1693 2782/1946/1693 2773/1937/1692
f 2773/1937/1692 2782/1946/1693 2783/1947/1694 2774/1938/1692
f 2774/1938/1692 2783/1947/1694 2784/1948/1694 2775/1939/1692
f 2775/1939/1692 2784/1948/1694 2785/1949/1692 2776/1940/1692
f 2776/1940/1692 2785/1949/1692 2786/1950/1692 2777/1941/1692
f 2777/1941/1692 2786/1950/1692 2787/1951/1695 2778/1942/1692
f 2778/1942/1692 2787/1951/1695 2788/1952/1695 2779/1943/1692
f 2779/1943/1692 2788/1952/1695 2789/1953/1696 2780/1944/1692
f 2781/1945/1693 2790/1954/1697 2791/1955/1698 2782/1946/1693
f 2782/1946/1693 2791/1955/1698 2792/1956/1699 2783/1947/1694
f 2783/1947/1694 2792/1956/1699 2793/1957/1700 2784/1948/1694
f 2784/1948/1694 2793/1957/1700 2794/1958/1701 2785/1949/1692
f 2785/1949/1692 2794/1958/1701 2795/1959/1702 2786/1950/1692
f 2786/1950/1692 2795/1959/1702 2796/1960/1703 2787/1951/1695
f 2787/1951/1695 2796/1960/1703 2797/1961/1704 2788/1952/1695
f 2788/1952/1695 2797/1961/1704 2798/1962/1705 2789/1953/1696
f 2790/1954/1697 2799/1963/1706 2800/1964/1707 2791/1955/1698
f 2791/1955/1698 2800/1964/1707 2801/1965/1708 2792/1956/1699
f 2792/1956/1699 2801/1965/1708 2802/1966/1709 2793/1957/1700
f 2793/1957/1700 2802/1966/1709 2803/1967/1710 2794/1958/1701
f 2794/1958/1701 2803/1967/1710 2804/1968/1711 2795/1959/1702
f 2795/1959/1702 2804/1968/1711 2805/1969/1712 2796/1960/1703
f 2796/1960/1703 2805/1969/1712 2806/1970/1713 2797/1961/1704
f 2797/1961/1704 2806/1970/1713 2807/1971/1714 2798/1962/1705
f 2799/1963/1706 2808/1972/1715 2809/1973/1716 2800/1964/1707
f 2800/1964/1707 2809/1973/1716 2810/1974/1717 2801/1965/1708
f 2801/1965/1708 2810/1974/1717 2811/1975/1718 2802/1966/1709
f 2802/1966/1709 2811/1975/1718 2812/1976/1719 2803/1967/1710
f 2803/1967/1710 2812/1976/1719 2813/1977/1720 2804/1968/1711
f 2804/1968/1711 2813/1977/1720 2814/1978/1721 2805/1969/1712
f 2805/1969/1712 2814/1978/1721 2815/1979/1722 2806/1970/1713
f 2806/1970/1713 2815/1979/1722 2816/1980/1723 2807/1971/1714
f 2808/1972/1715 2817/1981/1724 2818/1982/1725 2809/1973/1716
f 2809/1973/1716 2818/1982/1725 2819/1983/1726 2810/1974/1717
f 2810/1974/1717 2819/1983/1726 2820/1984/1727 2811/1975/1718
f 2811/1975/1718 2820/1984/1727 2821/1985/1728 2812/1976/1719
f 2812/1976/1719 2821/1985/1728 2822/1986/1729 2813/1977/1720
f 2813/1977/1720 2822/1986/1729 2823/1987/1730 2814/1978/1721
f 2814/1978/1721 2823/1987/1730 2824/1988/1731 2815/1979/1722
f 2815/1979/1722 2824/1988/1731 2825/1989/1732 2816/1980/1723
f 2817/1981/1724 2826/1990/1733 2827/1991/1734 2818/1982/1725
f 2818/1982/1725 2827/1991/1734 2828/1992/1735 2819/1983/1726
f 2819/1983/1726 2828/1992/1735 2829/1993/1736 2820/1984/1727
f 2820/1984/1727 2829/1993/1736 2830/1994/1737 2821/1985/1728
f 2821/1985/1728 2830/1994/1737 2831/1995/1738 2822/1986/1729
f 2822/1986/1729 2831/1995/1738 2832/1996/1739 2823/1987/1730
f 2823/1987/1730 2832/1996/1739 2833/1997/1740 2824/1988/1731
f 2824/1988/1731 2833/1997/1740 2834/1998/1741 2825/1989/1732
f 2826/1990/1733 2835/1999/1742 2836/2000/1743 2827/1991/1734
f 2827/1991/1734 2836/2000/1743 2837/2001/1744 2828/1992/1735
f 2828/1992/1735 2837/2001/1744 2838/2002/1745 2829/1993/1736
f 2829/1993/1736 2838/2002/1745 2839/2003/1746 2830/1994/1737
f 2830/1994/1737 2839/2003/1746 2840/2004/1747 2831/1995/1738
f 2831/1995/1738 2840/2004/1747 2841/2005/1748 2832/1996/1739
f 2832/1996/1739 2841/2005/1748 2842/2006/1749 2833/1997/1740
f 2833/1997/1740 2842/2006/1749 2843/2007/1750 2834/1998/1741
f 2835/1999/1742 2844/2008/1751 2845/2009/1752 2836/2000/1743
f 2836/2000/1743 2845/2009/1752 2846/2010/1753 2837/2001/1744
f 2837/2001/1744 2846/2010/1753 2847/2011/1754 2838/2002/1745
f 2838/2002/1745 2847/2011/1754 2848/2012/1755 2839/2003/1746
f 2839/2003/1746 2848/2012/1755 2849/2013/1756 2840/2004/1747
f 2840/2004/1747 2849/2013/1756 2850/2014/1757 2841/2005/1748
f 2841/2005/1748 2850/2014/1757 2851/2015/1758 2842/2006/1749
f 2842/2006/1749 2851/2015/1758 2852/2016/1759 2843/2007/1750
f 2844/2008/1751 2853/2017/1760 2854/2018/1761 2845/2009/1752
f 2845/2009/1752 2854/2018/1761 2855/2019/1762 2846/2010/1753
f 2846/2010/1753 2855/2019/1762 2856/2020/1763 2847/2011/1754
f 2847/2011/1754 2856/2020/1763 2857/2021/1764 2848/2012/1755
f 2848/2012/1755 2857/2021/1764 2858/2022/1765 2849/2013/1756
f 2849/2013/1756 2858/2022/1765 2859/2023/1766 2850/2014/1757
f 2850/2014/1757 2859/2023/1766 2860/2024/1767 2851/2015/1758
f 2851/2015/1758 2860/2024/1767 2861/2025/1768 2852/2016/1759
f 2853/2017/1760 2862/2026/1769 2863/2027/1770 2854/2018/1761
f 2854/2018/1761 2863/2027/1770 2864/2028/1771 2855/2019/1762
f 2855/2019/1762 2864/2028/1771 2865/2029/1772 2856/2020/1763
f 2856/2020/1763 2865/2029/1772 2866/2030/1773 2857/2021/1764
f 2857/2021/1764 2866/2030/1773 2867/2031/1774 2858/2022/1765
f 2858/2022/1765 2867/2031/1774 2868/2032/1775 2859/2023/1766
f 2859/2023/1766 2868/2032/1775 2869/2033/1776 2860/2024/1767
f 2860/2024/1767 2869/2033/1776 2870/2034/1777 2861/2025/1768
f 2862/2026/1769 2871/2035/1778 2872/2036/1779 2863/2027/1770
f 2863/2027/1770 2872/2036/1779 2873/2037/1780 2864/2028/1771
f 2864/2028/1771 2873/2037/1780 2874/2038/1781 2865/2029/1772
f 2865/2029/1772 2874/2038/1781 2875/2039/1782 2866/2030/1773
f 2866/2030/1773 2875/2039/1782 2876/2040/1783 2867/2031/1774
f 2867/2031/1774 2876/2040/1783 2877/2041/1784 2868/2032/1775
f 2868/2032/1775 2877/2041/1784 2878/2042/1785 2869/2033/1776
f 2869/2033/1776 2878/2042/1785 2879/2043/1786 2870/2034/1777
f 2871/2035/1778 2880/2044/1787 2881/2045/1788 2872/2036/1779
f 2872/2036/1779 2881/2045/1788 2882/2046/1789 2873/2037/1780
f 2873/2037/1780 2882/2046/1789 2883/2047/1790 2874/2038/1781
f 2874/2038/1781 2883/2047/1790 2884/2048/1791 2875/2039/1782
f 2875/2039/1782 2884/2048/1791 2885/2049/1792 2876/2040/1783
f 2876/2040/1783 2885/2049/1792 2886/2050/1793 2877/2041/1784
f 2877/2041/1784 2886/2050/1793 2887/2051/1794 2878/2042/1785
f 2878/2042/1785 2887/2051/1794 2888/2052/1795 2879/2043/1786
f 2880/2044/1787 2889/2053/1796 2890/2054/1797 2881/2045/1788
f 2881/2045/1788 2890/2054/1797 2891/2055/1798 2882/2046/1789
f 2882/2046/1789 2891/2055/1798 2892/2056/1799 2883/2047/1790
f 2883/2047/1790 2892/2056/1799 2893/2057/1800 2884/2048/1791
f 2884/2048/1791 2893/2057/1800 2894/2058/1801 2885/2049/1792
f 2885/2049/1792 2894/2058/1801 2895/2059/1802 2886/2050/1793
f 2886/2050/1793 2895/2059/1802 2896/2060/1803 2887/2051/1794
f 2887/2051/1794 2896/2060/1803 2897/2061/1804 2888/2052/1795
f 2889/2053/1796 2898/2062/1805 2899/2063/1806 2890/2054/1797
f 2890/2054/1797 2899/2063/1806 2900/2064/1807 2891/2055/1798
f 2891/2055/1798 2900/2064/1807 2901/2065/1808 2892/2056/1799
f 2892/2056/1799 2901/2065/1808 2902/2066/1809 2893/2057/1800
f 2893/2057/1800 2902/2066/1809 2903/2067/1810 2894/2058/1801
f 2894/2058/1801 2903/2067/1810 2904/2068/1811 2895/2059/1802
f 2895/2059/1802 2904/2068/1811 2905/2069/1812 2896/2060/1803
f 2896/2060/1803 2905/2069/1812 2906/2070/1813 2897/2061/1804
f 2898/2062/1805 2907/2071/1814 2908/2072/1815 2899/2063/1806
f 2899/2063/1806 2908/2072/1815 2909/2073/1816 2900/2064/1807
f 2900/2064/1807 2909/2073/1816 2910/2074/1817 2901/2065/1808
f 2901/2065/1808 2910/2074/1817 2911/2075/1818 2902/2066/1809
f 2902/2066/1809 2911/2075/1818 2912/2076/1819 2903/2067/1810
f 2903/2067/1810 2912/2076/1819 2913/2077/1820 2904/2068/1811
f 2904/2068/1811 2913/2077/1820 2914/2078/1821 2905/2069/1812
f 2905/2069/1812 2914/2078/1821 2915/2079/1822 2906/2070/1813
f 2907/2071/1814 2916/2080/1823 2917/2081/1824 2908/2072/1815
f 2908/2072/1815 2917/2081/1824 2918/2082/1825 2909/2073/1816
f 2909/2073/1816 2918/2082/1825 2919/2083/1826 2910/2074/1817
f 2910/2074/1817 2919/2083/1826 2920/2084/1827 2911/2075/1818
f 2911/2075/1818 2920/2084/1827 2921/2085/1828 2912/2076/1819
f 2912/2076/1819 2921/2085/1828 2922/2086/1829 2913/2077/1820
f 2913/2077/1820 2922/2086/1829 2923/2087/1830 2914/2078/1821
f 2914/2078/1821 2923/2087/1830 2924/2088/1831 2915/2079/1822
f 2916/2080/1823 2925/2089/1832 2926/2090/1833 2917/2081/1824
f 2917/2081/1824 2926/2090/1833 2927/2091/1834 2918/2082/1825
f 2918/2082/1825 2927/2091/1834 2928/2092/1835 2919/2083/1826
f 2919/2083/1826 2928/2092/1835 2929/2093/1836 2920/2084/1827
f 2920/2084/1827 2929/2093/1836 2930/2094/1837 2921/2085/1828
f 2921/2085/1828 2930/2094/1837 2931/2095/1838 2922/2086/1829
f 2922/2086/1829 2931/2095/1838 2932/2096/1839 2923/2087/1830
f 2923/2087/1830 2932/2096/1839 2933/2097/1840 2924/2088/1831
f 2925/2089/1832 2934/2098/1841 2935/2099/1842 2926/2090/1833
f 2926/2090/1833 2935/2099/1842 2936/2100/1843 2927/2091/1834
f 2927/2091/1834 2936/2100/1843 2937/2101/1844 2928/2092/1835
f 2928/2092/1835 2937/2101/1844 2938/2102/1845 2929/2093/1836
f 2929/2093/1836 2938/2102/1845 2939/2103/1846 2930/2094/1837
f 2930/2094/1837 2939/2103/1846 2940/2104/1847 2931/2095/1838
f 2931/2095/1838 2940/2104/1847 2941/2105/1848 2932/2096/1839
f 2932/2096/1839 2941/2105/1848 2942/2106/1849 2933/2097/1840
f 2934/2098/1841 2943/2107/1850 2944/2108/1851 2935/2099/1842
f 2935/2099/1842 2944/2108/1851 2945/2109/1852 2936/2100/1843
f 2936/2100/1843 2945/2109/1852 2946/2110/1853 2937/2101/1844
f 2937/2101/1844 2946/2110/1853 2947/2111/1854 2938/2102/1845
f 2938/2102/1845 2947/2111/1854 2948/2112/1855 2939/2103/1846
f 2939/2103/1846 2948/2112/1855 2949/2113/1856 2940/2104/1847
f 2940/2104/1847 2949/2113/1856 2950/2114/1857 2941/2105/1848
f 2941/2105/1848 2950/2114/1857 2951/2115/1858 2942/2106/1849
f 2943/2107/1850 2952/2116/1859 2953/2117/1860 2944/2108/1851
f 2944/2108/1851 2953/2117/1860 2954/2118/1861 2945/2109/1852
f 2945/2109/1852 2954/2118/1861 2955/2119/1862 2946/2110/1853
f 2946/2110/1853 2955/2119/1862 2956/2120/1863 2947/2111/1854
f 2947/2111/1854 2956/2120/1863 2957/2121/1864 2948/2112/1855
f 2948/2112/1855 2957/2121/1864 2958/2122/1865 2949/2113/1856
f 2949/2113/1856 2958/2122/1865 2959/2123/1866 2950/2114/1857
f 2950/2114/1857 2959/2123/1866 2960/2124/1867 2951/2115/1858
f 2952/2116/1859 2961/2125/1868 2962/2126/1869 2953/2117/1860
f 2953/2117/1860 2962/2126/1869 2963/2127/1870 2954/2118/1861
f 2954/2118/1861 2963/2127/1870 2964/2128/1871 2955/2119/1862
f 2955/2119/1862 2964/2128/1871 2965/2129/1872 2956/2120/1863
f 2956/2120/1863 2965/2129/1872 2966/2130/1873 2957/2121/1864
f 2957/2121/1864 2966/2130/1873 2967/2131/1874 2958/2122/1865
f 2958/2122/1865 2967/2131/1874 2968/2132/1875 2959/2123/1866
f 2959/2123/1866 2968/2132/1875 2969/2133/1876 2960/2124/1867
f 2961/2125/1868 2970/2134/1877 2971/2135/1878 2962/2126/1869
f 2962/2126/1869 2971/2135/1878 2972/2136/1879 2963/2127/1870
f 2963/2127/1870 2972/2136/1879 2973/2137/1880 2964/2128/1871
f 2964/2128/1871 2973/2137/1880 2974/2138/1881 2965/2129/1872
f 2965/2129/1872 2974/2138/1881 2975/2139/1882 2966/2130/1873
f 2966/2130/1873 2975/2139/1882 2976/2140/1883 2967/2131/1874
f 2967/2131/1874 2976/2140/1883 2977/2141/1884 2968/2132/1875
f 2968/2132/1875 2977/2141/1884 2978/2142/1885 2969/2133/1876
f 2970/2134/1877 2979/2143/1886 2980/2144/1887 2971/2135/1878
f 2971/2135/1878 2980/2144/1887 2981/2145/1888 2972/2136/1879
f 2972/2136/1879 2981/2145/1888 2982/2146/1889 2973/2137/1880
f 2973/2137/1880 2982/2146/1889 2983/2147/1890 2974/2138/1881
f 2974/2138/1881 2983/2147/1890 2984/2148/1891 2975/2139/1882
f 2975/2139/1882 2984/2148/1891 2985/2149/1892 2976/2140/1883
f 2976/2140/1883 2985/2149/1892 2986/2150/1893 2977/2141/1884
f 2977/2141/1884 2986/2150/1893 2987/2151/1894 2978/2142/1885
f 2979/2143/1886 2988/2152/1895 2989/2153/1896 2980/2144/1887
f 2980/2144/1887 2989/2153/1896 2990/2154/1897 2981/2145/1888
f 2981/2145/1888 2990/2154/1897 2991/2155/1898 2982/2146/1889
f 2982/2146/1889 2991/2155/1898 2992/2156/1899 2983/2147/1890
f 2983/2147/1890 2992/2156/1899 2993/2157/1900 2984/2148/1891
f 2984/2148/1891 2993/2157/1900 2994/2158/1901 2985/2149/1892
f 2985/2149/1892 2994/2158/1901 2995/2159/1902 2986/2150/1893
f 2986/2150/1893 2995/2159/1902 2996/2160/1903 2987/2151/1894
f 2988/2152/1895 2997/2161/1904 2998/2162/1905 2989/2153/1896
f 2989/2153/1896 2998/2162/1905 2999/2163/1906 2990/2154/1897
f 2990/2154/1897 2999/2163/1906 3000/2164/1907 2991/2155/1898
f 2991/2155/1898 3000/2164/1907 3001/2165/1908 2992/2156/1899
f 2992/2156/1899 3001/2165/1908 3002/2166/1909 2993/2157/1900
f 2993/2157/1900 3002/2166/1909 3003/2167/1910 2994/2158/1901
f 2994/2158/1901 3003/2167/1910 3004/2168/1911 2995/2159/1902
f 2995/2159/1902 3004/2168/1911 3005/2169/1912 2996/2160/1903
f 2997/2161/1904 3006/2170/1913 3007/2171/1914 2998/2162/1905
f 2998/2162/1905 3007/2171/1914 3008/2172/1915 2999/2163/1906
f 2999/2163/1906 3008/2172/1915 3009/2173/1915 3000/2164/1907
f 3000/2164/1907 3009/2173/1915 3010/2174/1692 3001/2165/1908
f 3001/2165/1908 3010/2174/1692 3011/2175/1916 3002/2166/1909
f 3002/2166/1909 3011/2175/1916 3012/2176/1916 3003/2167/1910
f 3003/2167/1910 3012/2176/1916 3013/2177/1917 3004/2168/1911
f 3004/2168/1911 3013/2177/1917 3014/2178/1918 3005/2169/1912
f 3006/2170/1913 3015/2179/1692 3016/2180/1692 3007/2171/1914
f 3007/2171/1914 3016/2180/1692 3017/2181/1692 3008/2172/1915
f 3008/2172/1915 3017/2181/1692 3018/2182/1692 3009/2173/1915
f 3009/2173/1915 3018/2182/1692 3019/2183/1692 3010/2174/1692
f 3010/2174/1692 3019/2183/1692 3020/2184/1692 3011/2175/1916
f 3011/2175/1916 3020/2184/1692 3021/2185/1692 3012/2176/1916
f 3012/2176/1916 3021/2185/1692 3022/2186/1692 3013/2177/1917
f 3013/2177/1917 3022/2186/1692 3023/2187/1692 3014/2178/1918
f 3015/2179/1692 3024/2188/1692 3025/2189/1692 3016/2180/1692
f 3016/2180/1692 3025/2189/1692 3026/2190/1692 3017/2181/1692
f 3017/2181/1692 3026/2190/1692 3027/2191/1692 3018/2182/1692
f 3018/2182/1692 3027/2191/1692 3028/2192/1692 3019/2183/1692
f 3019/2183/1692 3028/2192/1692 3029/2193/1692 3020/2184/1692
f 3020/2184/1692 3029/2193/1692 3030/2194/1692 3021/2185/1692
f 3021/2185/1692 3030/2194/1692 3031/2195/1692 3022/2186/1692
f 3022/2186/1692 3031/2195/1692 3032/2196/1692 3023/2187/1692
f 3024/2188/1692 3033/2197/1692 3034/2198/1692 3025/2189/1692
f 3025/2189/1692 3034/2198/1692 3035/2199/1692 3026/2190/1692
f 3026/2190/1692 3035/2199/1692 3036/2200/1692 3027/2191/1692
f 3027/2191/1692 3036/2200/1692 3037/2201/1692 3028/2192/1692
f 3028/2192/1692 3037/2201/1692 3038/2202/1692 3029/2193/1692
f 3029/2193/1692 3038/2202/1692 3039/2203/1692 3030/2194/1692
f 3030/2194/1692 3039/2203/1692 3040/2204/1692 3031/2195/1692
f 3031/2195/1692 3040/2204/1692 3041/2205/1692 3032/2196/1692
f 3033/2197/1692 3042/2206/1692 3043/2207/1692 3034/2198/1692
f 3034/2198/1692 3043/2207/1692 3044/2208/1692 3035/2199/1692
f 3035/2199/1692 3044/2208/1692 3045/2209/1692 3036/2200/1692
f 3036/2200/1692 3045/2209/1692 3046/2210/1692 3037/2201/1692
f 3037/2201/1692 3046/2210/1692 3047/2211/1692 3038/2202/1692
f 3038/2202/1692 3047/2211/1692 3048/2212/1692 3039/2203/1692
f 3039/2203/1692 3048/2212/1692 3049/2213/1692 3040/2204/1692
f 3040/2204/1692 3049/2213/1692 3050/2214/1692 3041/2205/1692
f 3042/2206/1692 3051/2215/1692 3052/2216/1692 3043/2207/1692
f 3043/2207/1692 3052/2216/1692 3053/2217/1692 3044/2208/1692
f 3044/2208/1692 3053/2217/1692 3054/2218/1692 3045/2209/1692
f 3045/2209/1692 3054/2218/1692 3055/2219/1692 3046/2210/1692
f 3046/2210/1692 3055/2219/1692 3056/2220/1692 3047/2211/1692
f 3047/2211/1692 3056/2220/1692 3057/2221/1692 3048/2212/1692
f 3048/2212/1692 3057/2221/1692 3058/2222/1692 3049/2213/1692
f 3049/2213/1692 3058/2222/1692 3059/2223/1692 3050/2214/1692
f 3051/2215/1692 3060/2224/1692 3061/2225/1692 3052/2216/1692
f 3052/2216/1692 3061/2225/1692 3062/2226/1692 3053/2217/1692
f 3053/2217/1692 3062/2226/1692 3063/2227/1692 3054/2218/1692
f 3054/2218/1692 3063/2227/1692 3064/2228/1692 3055/2219/1692
f 3055/2219/1692 3064/2228/1692 3065/2229/1692 3056/2220/1692
f 3056/2220/1692 3065/2229/1692 3066/2230/1692 3057/2221/1692
f 3057/2221/1692 3066/2230/1692 3067/2231/1692 3058/2222/1692
f 3058/2222/1692 3067/2231/1692 3068/2232/1692 3059/2223/1692
f 3060/2224/1692 3069/2233/1692 3070/2234/1692 3061/2225/1692
f 3061/2225/1692 3070/2234/1692 3071/2235/1692 3062/2226/1692
f 3062/2226/1692 3071/2235/1692 3072/2236/1692 3063/2227/1692
f 3063/2227/1692 3072/2236/1692 3073/2237/1692 3064/2228/1692
f 3064/2228/1692 3073/2237/1692 3074/2238/1692 3065/2229/1692
f 3065/2229/1692 3074/2238/1692 3075/2239/1692 3066/2230/1692
f 3066/2230/1692 3075/2239/1692 3076/2240/1692 3067/2231/1692
f 3067/2231/1692 3076/2240/1692 3077/2241/1692 3068/2232/1692
usemtl track_rail
f 3080/1883/1919 3081/1898/1919 3079/1899/1919 3078/1882/1919
f 3082/1900/1919 3083/1908/1919 3081/1898/1919 3080/1883/1919
f 3084/1909/1919 3085/1917/1919 3083/1908/1919 3082/1900/1919
f 3086/1918/1919 3087/1926/1919 3085/1917/1919 3084/1909/1919
f 3088/1927/1919 3089/1935/1919 3087/1926/1919 3086/1918/1919
f 3090/1936/1919 3091/1944/1919 3089/1935/1919 3088/1927/1919
f 3092/1945/1920 3093/1953/1921 3091/1944/1919 3090/1936/1919
f 3094/1954/1922 3095/1962/1923 3093/1953/1921 3092/1945/1920
f 3096/1963/1924 3097/1971/1924 3095/1962/1923 3094/1954/1922
f 3098/1972/1925 3099/1980/1926 3097/1971/1924 3096/1963/1924
f 3100/1981/1927 3101/1989/1928 3099/1980/1926 3098/1972/1925
f 3102/1990/1929 3103/1998/1929 3101/1989/1928 3100/1981/1927
f 3104/1999/1930 3105/2007/1931 3103/1998/1929 3102/1990/1929
f 3106/2008/1932 3107/2016/1932 3105/2007/1931 3104/1999/1930
f 3108/2017/1933 3109/2025/1933 3107/2016/1932 3106/2008/1932
f 3110/2026/1934 3111/2034/1934 3109/2025/1933 3108/2017/1933
f 3112/2035/1935 3113/2043/1935 3111/2034/1934 3110/2026/1934
f 3114/2044/1936 3115/2052/1936 3113/2043/1935 3112/2035/1935
f 3116/2053/1937 3117/2061/1937 3115/2052/1936 3114/2044/1936
f 3118/2062/1938 3119/2070/1939 3117/2061/1937 3116/2053/1937
f 3120/2071/1940 3121/2079/1941 3119/2070/1939 3118/2062/1938
f 3122/2080/1942 3123/2088/1942 3121/2079/1941 3120/2071/1940
f 3124/2089/1943 3125/2097/1943 3123/2088/1942 3122/2080/1942
f 3126/2098/1944 3127/2106/1944 3125/2097/1943 3124/2089/1943
f 3128/2107/1945 3129/2115/1945 3127/2106/1944 3126/2098/1944
f 3130/2116/1946 3131/2124/1946 3129/2115/1945 3128/2107/1945
f 3132/2125/1947 3133/2133/1947 3131/2124/1946 3130/2116/1946
f 3134/2134/1948 3135/2142/1949 3133/2133/1947 3132/2125/1947
f 3136/2143/1950 3137/2151/1950 3135/2142/1949 3134/2134/1948
f 3138/2152/1951 3139/2160/1951 3137/2151/1950 3136/2143/1950
f 3140/2161/1952 3141/2169/1953 3139/2160/1951 3138/2152/1951
f 3142/2170/1954 3143/2178/1954 3141/2169/1953 3140/2161/1952
f 3144/2179/1955 3145/2187/1955 3143/2178/1954 3142/2170/1954
f 3146/2188/1956 3147/2196/1956 3145/2187/1955 3144/2179/1955
f 3148/2197/1956 3149/2205/1956 3147/2196/1956 3146/2188/1956
f 3150/2206/1957 3151/2214/1957 3149/2205/1956 3148/2197/1956
f 3152/2215/1957 3153/2223/1957 3151/2214/1957 3150/2206/1957
f 3154/2224/1956 3155/2232/1956 3153/2223/1957 3152/2215/1957
f 3156/2233/1957 3157/2241/1957 3155/2232/1956 3154/2224/1956
f 3158/1899/1958 3159/1882/1958 3161/1883/1958 3160/1898/1958
f 3160/1898/1958 3161/1883/1958 3163/1900/1958 3162/1908/1958
f 3162/1908/1958 3163/1900/1958 3165/1909/1958 3164/1917/1958
f 3164/1917/1958 3165/1909/1958 3167/1918/1958 3166/1926/1958
f 3166/1926/1958 3167/1918/1958 3169/1927/1958 3168/1935/1958
f 3168/1935/1958 3169/1927/1958 3171/1936/1958 3170/1944/1958
f 3170/1944/1958 3171/1936/1958 3173/1945/1959 3172/1953/1959
f 3172/1953/1959 3173/1945/1959 3175/1954/1960 3174/1962/1960
f 3174/1962/1960 3175/1954/1960 3177/1963/1961 3176/1971/1961
f 3176/1971/1961 3177/1963/1961 3179/1972/1962 3178/1980/1962
f 3178/1980/1962 3179/1972/1962 3181/1981/1963 3180/1989/1963
f 3180/1989/1963 3181/1981/1963 3183/1990/1964 3182/1998/1965
f 3182/1998/1965 3183/1990/1964 3185/1999/1966 3184/2007/1967
f 3184/2007/1967 3185/1999/1966 3187/2008/1968 3186/2016/1968
f 3186/2016/1968 3187/2008/1968 3189/2017/1969 3188/2025/1970
f 3188/2025/1970 3189/2017/1969 3191/2026/1971 3190/2034/1971
f 3190/2034/1971 3191/2026/1971 3193/2035/1972 3192/2043/1973
f 3192/2043/1973 3193/2035/1972 3195/2044/1974 3194/2052/1974
f 3194/2052/1974 3195/2044/1974 3197/2053/1975 3196/2061/1976
f 3196/2061/1976 3197/2053/1975 3199/2062/1977 3198/2070/1978
f 3198/2070/1978 3199/2062/1977 3201/2071/1979 3200/2079/1980
f 3200/2079/1980 3201/2071/1979 3203/2080/1981 3202/2088/1981
f 3202/2088/1981 3203/2080/1981 3205/2089/1982 3204/2097/1982
f 3204/2097/1982 3205/2089/1982 3207/2098/1983 3206/2106/1984
f 3206/2106/1984 3207/2098/1983 3209/2107/1985 3208/2115/1985
f 3208/2115/1985 3209/2107/1985 3211/2116/1986 3210/2124/1987
f 3210/2124/1987 3211/2116/1986 3213/2125/1988 3212/2133/1988
f 3212/2133/1988 3213/2125/1988 3215/2134/1989 3214/2142/1989
f 3214/2142/1989 3215/2134/1989 3217/2143/1990 3216/2151/1990
f 3216/2151/1990 3217/2143/1990 3219/2152/1991 3218/2160/1991
f 3218/2160/1991 3219/2152/1991 3221/2161/1992 3220/2169/1992
f 3220/2169/1992 3221/2161/1992 3223/2170/1993 3222/2178/1993
f 3222/2178/1993 3223/2170/1993 3225/2179/1994 3224/2187/1994
f 3224/2187/1994 3225/2179/1994 3227/2188/1995 3226/2196/1995
f 3226/2196/1995 3227/2188/1995 3229/2197/1995 3228/2205/1995
f 3228/2205/1995 3229/2197/1995 3231/2206/1995 3230/2214/1995
f 3230/2214/1995 3231/2206/1995 3233/2215/1995 3232/2223/1995
f 3232/2223/1995 3233/2215/1995 3235/2224/1995 3234/2232/1995
f 3234/2232/1995 3235/2224/1995 3237/2233/1995 3236/2241/1995
o FZGXStream8.000_PreviewMesh
v 858.692871 1343.578613 -79.999992 0.7353 0.7353 0.7353
v 858.692871 1351.078613 -79.999992 0.7353 0.7353 0.7353
v 858.692871 1358.578613 -79.999992 0.7353 0.7353 0.7353
v 858.692871 1366.078613 -79.999992 0.7353 0.7353 0.7353
v 858.692871 1373.578613 -79.999992 0.7353 0.7353 0.7353
v 858.692871 1381.078613 -79.999992 0.7353 0.7353 0.7353
v 858.692871 1388.578613 -79.999992 0.7353 0.7353 0.7353
v 858.692871 1396.078613 -79.999992 0.7353 0.7353 0.7353
v 858.692871 1403.578613 -79.999992 0.7353 0.7353 0.7353
v 732.105103 1351.630371 -79.999992 0.7353 0.7353 0.7353
v 733.116699 1359.061890 -79.999992 0.7353 0.7353 0.7353
v 734.128296 1366.493286 -79.999992 0.7353 0.7353 0.7353
v 735.139954 1373.924805 -79.999992 0.7353 0.7353 0.7353
v 736.151550 1381.356201 -79.999992 0.7353 0.7353 0.7353
v 737.163147 1388.787720 -79.999992 0.7353 0.7353 0.7353
v 738.174744 1396.219116 -79.999992 0.7353 0.7353 0.7353
v 739.186340 1403.650635 -79.999992 0.7353 0.7353 0.7353
v 740.197998 1411.082031 -79.999992 0.7353 0.7353 0.7353
v 700.142456 1356.749146 -79.999992 0.7353 0.7353 0.7353
v 701.520996 1364.121338 -79.999992 0.7353 0.7353 0.7353
v 702.899536 1371.493530 -79.999992 0.7353 0.7353 0.7353
v 704.278076 1378.865723 -79.999992 0.7353 0.7353 0.7353
v 705.656616 1386.238037 -79.999992 0.7353 0.7353 0.7353
v 707.035156 1393.610229 -79.999992 0.7353 0.7353 0.7353
v 708.413696 1400.982422 -79.999992 0.7353 0.7353 0.7353
v 709.792236 1408.354614 -79.999992 0.7353 0.7353 0.7353
v 711.170776 1415.726807 -79.999992 0.7353 0.7353 0.7353
v 679.182129 1361.111572 -79.999992 0.7353 0.7353 0.7353
v 680.847656 1368.424316 -79.999992 0.7353 0.7353 0.7353
v 682.513123 1375.737061 -79.999992 0.7353 0.7353 0.7353
v 684.178589 1383.049805 -79.999992 0.7353 0.7353 0.7353
v 685.844116 1390.362549 -79.999992 0.7353 0.7353 0.7353
v 687.509583 1397.675293 -79.999992 0.7353 0.7353 0.7353
v 689.175110 1404.988037 -79.999992 0.7353 0.7353 0.7353
v 690.840576 1412.300781 -79.999992 0.7353 0.7353 0.7353
v 692.506104 1419.613525 -79.999992 0.7353 0.7353 0.7353
v 654.803772 1367.434204 -79.999992 0.7353 0.7353 0.7353
v 656.933105 1374.625488 -79.999992 0.7353 0.7353 0.7353
v 659.062439 1381.816895 -79.999992 0.7353 0.7353 0.7353
v 661.191711 1389.008301 -79.999992 0.7353 0.7353 0.7353
v 663.321045 1396.199707 -79.999992 0.7353 0.7353 0.7353
v 665.450378 1403.391113 -79.999992 0.7353 0.7353 0.7353
v 667.579651 1410.582520 -79.999992 0.7353 0.7353 0.7353
v 669.708984 1417.773804 -79.999992 0.7353 0.7353 0.7353
v 671.838257 1424.965210 -79.999992 0.7353 0.7353 0.7353
v 643.138184 1371.101318 -79.999992 0.7353 0.7353 0.7353
v 645.545715 1378.204468 -79.999992 0.7353 0.7353 0.7353
v 647.953247 1385.307495 -79.999992 0.7353 0.7353 0.7353
v 650.360718 1392.410645 -79.999992 0.7353 0.7353 0.7353
v 652.768250 1399.513672 -79.999992 0.7353 0.7353 0.7353
v 655.175781 1406.616821 -79.999992 0.7353 0.7353 0.7353
v 657.583313 1413.719849 -79.999992 0.7353 0.7353 0.7353
v 659.990845 1420.822998 -79.999992 0.7353 0.7353 0.7353
v 662.398315 1427.926025 -79.999992 0.7353 0.7353 0.7353
v 626.935303 1377.218384 -79.999992 0.7353 0.7353 0.7353
v 629.842346 1384.132080 -79.999992 0.7353 0.7353 0.7353
v 632.749451 1391.045776 -79.999992 0.7353 0.7353 0.7353
v 635.656555 1397.959473 -79.999992 0.7353 0.7353 0.7353
v 638.563599 1404.873169 -79.999992 0.7353 0.7353 0.7353
v 641.470703 1411.786865 -79.999992 0.7353 0.7353 0.7353
v 644.377747 1418.700439 -79.999992 0.7353 0.7353 0.7353
v 647.284851 1425.614136 -79.999992 0.7353 0.7353 0.7353
v 650.191956 1432.527832 -79.999992 0.7353 0.7353 0.7353
v 619.535217 1380.531982 -79.999992 0.7353 0.7353 0.7353
v 622.741455 1387.312134 -79.999992 0.7353 0.7353 0.7353
v 625.947632 1394.092285 -79.999992 0.7353 0.7353 0.7353
v 629.153809 1400.872437 -79.999992 0.7353 0.7353 0.7353
v 632.359985 1407.652588 -79.999992 0.7353 0.7353 0.7353
v 635.566223 1414.432739 -79.999992 0.7353 0.7353 0.7353
v 638.772400 1421.212891 -79.999992 0.7353 0.7353 0.7353
v 641.978577 1427.993042 -79.999992 0.7353 0.7353 0.7353
v 645.184753 1434.773193 -79.999992 0.7353 0.7353 0.7353
v 595.686279 1395.063110 -79.999992 0.7353 0.7353 0.7353
v 600.372498 1400.918823 -79.999992 0.7353 0.7353 0.7353
v 605.058716 1406.774536 -79.999992 0.7353 0.7353 0.7353
v 609.744934 1412.630249 -79.999992 0.7353 0.7353 0.7353
v 614.431152 1418.485962 -79.999992 0.7353 0.7353 0.7353
v 619.117371 1424.341675 -79.999992 0.7353 0.7353 0.7353
v 623.803589 1430.197388 -79.999992 0.7353 0.7353 0.7353
v 628.489807 1436.053101 -79.999992 0.7353 0.7353 0.7353
v 633.176025 1441.908813 -79.999992 0.7353 0.7353 0.7353
v 576.257751 1417.053223 -79.999992 0.7353 0.7353 0.7353
v 582.694092 1420.903442 -79.999992 0.7353 0.7353 0.7353
v 589.130371 1424.753662 -79.999992 0.7353 0.7353 0.7353
v 595.566650 1428.603882 -79.999992 0.7353 0.7353 0.7353
v 602.002930 1432.454102 -79.999992 0.7353 0.7353 0.7353
v 608.439209 1436.304321 -79.999992 0.7353 0.7353 0.7353
v 614.875488 1440.154541 -79.999992 0.7353 0.7353 0.7353
v 621.311768 1444.004761 -79.999992 0.7353 0.7353 0.7353
v 627.748047 1447.854980 -79.999992 0.7353 0.7353 0.7353
v 574.786865 1419.619873 -79.999992 0.7353 0.7353 0.7353
v 581.360413 1423.230835 -79.999992 0.7353 0.7353 0.7353
v 587.933960 1426.841675 -79.999992 0.7353 0.7353 0.7353
v 594.507507 1430.452515 -79.999992 0.7353 0.7353 0.7353
v 601.081055 1434.063477 -79.999992 0.7353 0.7353 0.7353
v 607.654602 1437.674316 -79.999992 0.7353 0.7353 0.7353
v 614.228149 1441.285278 -79.999992 0.7353 0.7353 0.7353
v 620.801697 1444.896118 -79.999992 0.7353 0.7353 0.7353
v 627.375244 1448.506958 -79.999992 0.7353 0.7353 0.7353
v 573.000549 1423.068359 -79.999992 0.7353 0.7353 0.7353
v 579.741272 1426.356567 -79.999992 0.7353 0.7353 0.7353
v 586.482056 1429.644775 -79.999992 0.7353 0.7353 0.7353
v 593.222778 1432.932983 -79.999992 0.7353 0.7353 0.7353
v 599.963501 1436.221191 -79.999992 0.7353 0.7353 0.7353
v 606.704285 1439.509399 -79.999992 0.7353 0.7353 0.7353
v 613.445007 1442.797607 -79.999992 0.7353 0.7353 0.7353
v 620.185730 1446.085815 -79.999992 0.7353 0.7353 0.7353
v 626.926514 1449.374146 -79.999992 0.7353 0.7353 0.7353
v 567.453247 1438.044312 -79.999992 0.7353 0.7353 0.7353
v 574.712036 1439.931030 -79.999992 0.7353 0.7353 0.7353
v 581.970825 1441.817749 -79.999992 0.7353 0.7353 0.7353
v 589.229614 1443.704468 -79.999992 0.7353 0.7353 0.7353
v 596.488464 1445.591187 -79.999992 0.7353 0.7353 0.7353
v 603.747253 1447.477905 -79.999992 0.7353 0.7353 0.7353
v 611.006042 1449.364624 -79.999992 0.7353 0.7353 0.7353
v 618.264893 1451.251343 -79.999992 0.7353 0.7353 0.7353
v 625.523682 1453.138184 -79.999992 0.7353 0.7353 0.7353
v 564.867981 1460.337769 -79.999992 0.7353 0.7353 0.7353
v 572.367981 1460.334229 -79.999992 0.7353 0.7353 0.7353
v 579.867981 1460.330688 -79.999992 0.7353 0.7353 0.7353
v 587.367981 1460.327148 -79.999992 0.7353 0.7353 0.7353
v 594.867981 1460.323486 -79.999992 0.7353 0.7353 0.7353
v 602.367981 1460.319946 -79.999992 0.7353 0.7353 0.7353
v 609.867981 1460.316406 -79.999992 0.7353 0.7353 0.7353
v 617.367981 1460.312866 -79.999992 0.7353 0.7353 0.7353
v 624.867981 1460.309326 -79.999992 0.7353 0.7353 0.7353
v 564.869141 1468.449585 -79.999992 0.7353 0.7353 0.7353
v 572.369141 1468.448486 -79.999992 0.7353 0.7353 0.7353
v 579.869141 1468.447510 -79.999992 0.7353 0.7353 0.7353
v 587.369141 1468.446411 -79.999992 0.7353 0.7353 0.7353
v 594.869141 1468.445435 -79.999992 0.7353 0.7353 0.7353
v 602.369141 1468.444336 -79.999992 0.7353 0.7353 0.7353
v 609.869141 1468.443359 -79.999992 0.7353 0.7353 0.7353
v 617.369141 1468.442383 -79.999992 0.7353 0.7353 0.7353
v 624.869141 1468.441284 -79.999992 0.7353 0.7353 0.7353
v 564.869934 1483.334961 -79.999992 0.7353 0.7353 0.7353
v 572.369934 1483.334229 -79.999992 0.7353 0.7353 0.7353
v 579.869934 1483.333374 -79.999992 0.7353 0.7353 0.7353
v 587.369934 1483.332642 -79.999992 0.7353 0.7353 0.7353
v 594.869934 1483.331909 -79.999992 0.7353 0.7353 0.7353
v 602.369934 1483.331177 -79.999992 0.7353 0.7353 0.7353
v 609.869934 1483.330322 -79.999992 0.7353 0.7353 0.7353
v 617.369934 1483.329590 -79.999992 0.7353 0.7353 0.7353
v 624.869934 1483.328857 -79.999992 0.7353 0.7353 0.7353
v 564.870911 1516.394531 -79.999992 0.7353 0.7353 0.7353
v 572.370911 1516.397095 -79.999992 0.7353 0.7353 0.7353
v 579.870911 1516.399658 -79.999992 0.7353 0.7353 0.7353
v 587.370911 1516.402100 -79.999992 0.7353 0.7353 0.7353
v 594.870911 1516.404663 -79.999992 0.7353 0.7353 0.7353
v 602.370911 1516.407227 -79.999992 0.7353 0.7353 0.7353
v 609.870911 1516.409790 -79.999992 0.7353 0.7353 0.7353
v 617.370911 1516.412354 -79.999992 0.7353 0.7353 0.7353
v 624.870911 1516.414917 -79.999992 0.7353 0.7353 0.7353
v 563.537842 1529.311279 -79.999992 0.7353 0.7353 0.7353
v 570.539978 1531.998291 -79.999992 0.7353 0.7353 0.7353
v 577.542114 1534.685303 -79.999992 0.7353 0.7353 0.7353
v 584.544250 1537.372314 -79.999992 0.7353 0.7353 0.7353
v 591.546387 1540.059326 -79.999992 0.7353 0.7353 0.7353
v 598.548523 1542.746338 -79.999992 0.7353 0.7353 0.7353
v 605.550659 1545.433472 -79.999992 0.7353 0.7353 0.7353
v 612.552734 1548.120483 -79.999992 0.7353 0.7353 0.7353
v 619.554871 1550.807495 -79.999992 0.7353 0.7353 0.7353
v 558.057190 1537.197876 -79.999992 0.7353 0.7353 0.7353
v 563.089294 1542.759155 -79.999992 0.7353 0.7353 0.7353
v 568.121399 1548.320435 -79.999992 0.7353 0.7353 0.7353
v 573.153503 1553.881836 -79.999992 0.7353 0.7353 0.7353
v 578.185547 1559.443115 -79.999992 0.7353 0.7353 0.7353
v 583.217651 1565.004395 -79.999992 0.7353 0.7353 0.7353
v 588.249756 1570.565674 -79.999992 0.7353 0.7353 0.7353
v 593.281860 1576.126953 -79.999992 0.7353 0.7353 0.7353
v 598.313965 1581.688232 -79.999992 0.7353 0.7353 0.7353
v 556.160034 1538.762451 -79.999992 0.7353 0.7353 0.7353
v 560.736511 1544.704346 -79.999992 0.7353 0.7353 0.7353
v 565.312927 1550.646240 -79.999992 0.7353 0.7353 0.7353
v 569.889404 1556.588135 -79.999992 0.7353 0.7353 0.7353
v 574.465881 1562.529907 -79.999992 0.7353 0.7353 0.7353
v 579.042358 1568.471802 -79.999992 0.7353 0.7353 0.7353
v 583.618835 1574.413696 -79.999992 0.7353 0.7353 0.7353
v 588.195312 1580.355591 -79.999992 0.7353 0.7353 0.7353
v 592.771790 1586.297485 -79.999992 0.7353 0.7353 0.7353
v 546.591980 1544.582031 -79.999992 0.7353 0.7353 0.7353
v 549.942139 1551.292236 -79.999992 0.7353 0.7353 0.7353
v 553.292236 1558.002441 -79.999992 0.7353 0.7353 0.7353
v 556.642395 1564.712524 -79.999992 0.7353 0.7353 0.7353
v 559.992554 1571.422729 -79.999992 0.7353 0.7353 0.7353
v 563.342712 1578.132935 -79.999992 0.7353 0.7353 0.7353
v 566.692871 1584.843140 -79.999992 0.7353 0.7353 0.7353
v 570.043030 1591.553223 -79.999992 0.7353 0.7353 0.7353
v 573.393188 1598.263428 -79.999992 0.7353 0.7353 0.7353
v 541.410706 1547.029907 -79.999992 0.7353 0.7353 0.7353
v 544.416931 1553.901123 -79.999992 0.7353 0.7353 0.7353
v 547.423157 1560.772217 -79.999992 0.7353 0.7353 0.7353
v 550.429382 1567.643433 -79.999992 0.7353 0.7353 0.7353
v 553.435608 1574.514526 -79.999992 0.7353 0.7353 0.7353
v 556.441833 1581.385620 -79.999992 0.7353 0.7353 0.7353
v 559.448059 1588.256836 -79.999992 0.7353 0.7353 0.7353
v 562.454285 1595.127930 -79.999992 0.7353 0.7353 0.7353
v 565.460571 1601.999023 -79.999992 0.7353 0.7353 0.7353
v 528.912354 1551.881104 -79.999992 0.7353 0.7353 0.7353
v 531.370911 1558.966675 -79.999992 0.7353 0.7353 0.7353
v 533.829468 1566.052246 -79.999992 0.7353 0.7353 0.7353
v 536.288025 1573.137817 -79.999992 0.7353 0.7353 0.7353
v 538.746643 1580.223389 -79.999992 0.7353 0.7353 0.7353
v 541.205200 1587.309082 -79.999992 0.7353 0.7353 0.7353
v 543.663757 1594.394653 -79.999992 0.7353 0.7353 0.7353
v 546.122314 1601.480225 -79.999992 0.7353 0.7353 0.7353
v 548.580872 1608.565796 -79.999992 0.7353 0.7353 0.7353
v 520.118103 1554.704590 -79.999992 0.7353 0.7353 0.7353
v 522.298401 1561.880615 -79.999992 0.7353 0.7353 0.7353
v 524.478699 1569.056763 -79.999992 0.7353 0.7353 0.7353
v 526.659058 1576.232788 -79.999992 0.7353 0.7353 0.7353
v 528.839355 1583.408936 -79.999992 0.7353 0.7353 0.7353
v 531.019653 1590.584961 -79.999992 0.7353 0.7353 0.7353
v 533.199951 1597.761108 -79.999992 0.7353 0.7353 0.7353
v 535.380310 1604.937134 -79.999992 0.7353 0.7353 0.7353
v 537.560608 1612.113281 -79.999992 0.7353 0.7353 0.7353
v 505.903442 1558.647949 -79.999992 0.7353 0.7353 0.7353
v 507.749329 1565.917236 -79.999992 0.7353 0.7353 0.7353
v 509.595215 1573.186523 -79.999992 0.7353 0.7353 0.7353
v 511.441101 1580.455811 -79.999992 0.7353 0.7353 0.7353
v 513.286987 1587.725098 -79.999992 0.7353 0.7353 0.7353
v 515.132874 1594.994507 -79.999992 0.7353 0.7353 0.7353
v 516.978760 1602.263794 -79.999992 0.7353 0.7353 0.7353
v 518.824646 1609.533081 -79.999992 0.7353 0.7353 0.7353
v 520.670532 1616.802368 -79.999992 0.7353 0.7353 0.7353
v 491.650604 1562.001099 -79.999992 0.7353 0.7353 0.7353
v 493.225006 1569.333984 -79.999992 0.7353 0.7353 0.7353
v 494.799438 1576.666870 -79.999992 0.7353 0.7353 0.7353
v 496.373840 1583.999756 -79.999992 0.7353 0.7353 0.7353
v 497.948273 1591.332642 -79.999992 0.7353 0.7353 0.7353
v 499.522675 1598.665527 -79.999992 0.7353 0.7353 0.7353
v 501.097107 1605.998413 -79.999992 0.7353 0.7353 0.7353
v 502.671539 1613.331299 -79.999992 0.7353 0.7353 0.7353
v 504.245941 1620.664185 -79.999992 0.7353 0.7353 0.7353
v 477.707245 1564.789062 -79.999992 0.7353 0.7353 0.7353
v 479.067993 1572.164551 -79.999992 0.7353 0.7353 0.7353
v 480.428741 1579.540039 -79.999992 0.7353 0.7353 0.7353
v 481.789490 1586.915527 -79.999992 0.7353 0.7353 0.7353
v 483.150208 1594.291138 -79.999992 0.7353 0.7353 0.7353
v 484.510956 1601.666626 -79.999992 0.7353 0.7353 0.7353
v 485.871704 1609.042114 -79.999992 0.7353 0.7353 0.7353
v 487.232452 1616.417725 -79.999992 0.7353 0.7353 0.7353
v 488.593201 1623.793213 -79.999992 0.7353 0.7353 0.7353
v 453.505035 1568.697021 -79.999992 0.7353 0.7353 0.7353
v 454.557678 1576.122803 -79.999992 0.7353 0.7353 0.7353
v 455.610321 1583.548584 -79.999992 0.7353 0.7353 0.7353
v 456.662933 1590.974365 -79.999992 0.7353 0.7353 0.7353
v 457.715576 1598.400024 -79.999992 0.7353 0.7353 0.7353
v 458.768219 1605.825806 -79.999992 0.7353 0.7353 0.7353
v 459.820831 1613.251587 -79.999992 0.7353 0.7353 0.7353
v 460.873474 1620.677368 -79.999992 0.7353 0.7353 0.7353
v 461.926117 1628.103149 -79.999992 0.7353 0.7353 0.7353
v 432.177399 1571.383179 -79.999992 0.7353 0.7353 0.7353
v 433.004425 1578.837524 -79.999992 0.7353 0.7353 0.7353
v 433.831421 1586.291748 -79.999992 0.7353 0.7353 0.7353
v 434.658447 1593.745972 -79.999992 0.7353 0.7353 0.7353
v 435.485443 1601.200317 -79.999992 0.7353 0.7353 0.7353
v 436.312469 1608.654541 -79.999992 0.7353 0.7353 0.7353
v 437.139465 1616.108765 -79.999992 0.7353 0.7353 0.7353
v 437.966461 1623.563110 -79.999992 0.7353 0.7353 0.7353
v 438.793488 1631.017334 -79.999992 0.7353 0.7353 0.7353
v 408.180145 1573.712158 -79.999992 0.7353 0.7353 0.7353
v 408.798431 1581.186646 -79.999992 0.7353 0.7353 0.7353
v 409.416748 1588.661133 -79.999992 0.7353 0.7353 0.7353
v 410.035034 1596.135620 -79.999992 0.7353 0.7353 0.7353
v 410.653351 1603.610107 -79.999992 0.7353 0.7353 0.7353
v 411.271637 1611.084595 -79.999992 0.7353 0.7353 0.7353
v 411.889954 1618.558960 -79.999992 0.7353 0.7353 0.7353
v 412.508240 1626.033447 -79.999992 0.7353 0.7353 0.7353
v 413.126556 1633.507935 -79.999992 0.7353 0.7353 0.7353
v 380.409515 1575.550049 -79.999992 0.7353 0.7353 0.7353
v 380.785583 1583.040527 -79.999992 0.7353 0.7353 0.7353
v 381.161652 1590.531128 -79.999992 0.7353 0.7353 0.7353
v 381.537720 1598.021729 -79.999992 0.7353 0.7353 0.7353
v 381.913788 1605.512329 -79.999992 0.7353 0.7353 0.7353
v 382.289856 1613.002808 -79.999992 0.7353 0.7353 0.7353
v 382.665924 1620.493408 -79.999992 0.7353 0.7353 0.7353
v 383.041992 1627.984009 -79.999992 0.7353 0.7353 0.7353
v 383.418060 1635.474487 -79.999992 0.7353 0.7353 0.7353
v 352.259552 1576.546509 -79.999992 0.7353 0.7353 0.7353
v 352.421814 1584.044800 -79.999992 0.7353 0.7353 0.7353
v 352.584045 1591.542969 -79.999992 0.7353 0.7353 0.7353
v 352.746307 1599.041260 -79.999992 0.7353 0.7353 0.7353
v 352.908569 1606.539551 -79.999992 0.7353 0.7353 0.7353
v 353.070831 1614.037720 -79.999992 0.7353 0.7353 0.7353
v 353.233093 1621.536011 -79.999992 0.7353 0.7353 0.7353
v 353.395355 1629.034302 -79.999992 0.7353 0.7353 0.7353
v 353.557587 1636.532471 -79.999992 0.7353 0.7353 0.7353
v 331.051880 1576.764282 -79.999992 0.7353 0.7353 0.7353
v 331.051880 1584.264282 -79.999992 0.7353 0.7353 0.7353
v 331.051880 1591.764282 -79.999992 0.7353 0.7353 0.7353
v 331.051880 1599.264282 -79.999992 0.7353 0.7353 0.7353
v 331.051880 1606.764282 -79.999992 0.7353 0.7353 0.7353
v 331.051880 1614.264282 -79.999992 0.7353 0.7353 0.7353
v 331.051880 1621.764282 -79.999992 0.7353 0.7353 0.7353
v 331.051880 1629.264282 -79.999992 0.7353 0.7353 0.7353
v 331.051880 1636.764282 -79.999992 0.7353 0.7353 0.7353
v 858.692871 1403.578613 -79.999992 0.9063 0.9063 0.9063
v 858.692871 1403.578613 -99.999992 0.9063 0.9063 0.9063
v 740.197998 1411.082031 -79.999992 0.9063 0.9063 0.9063
v 740.197998 1411.082031 -99.999992 0.9063 0.9063 0.9063
v 711.170776 1415.726807 -79.999992 0.9063 0.9063 0.9063
v 711.170776 1415.726807 -99.999992 0.9063 0.9063 0.9063
v 692.506104 1419.613525 -79.999992 0.9063 0.9063 0.9063
v 692.506104 1419.613525 -99.999992 0.9063 0.9063 0.9063
v 671.838257 1424.965210 -79.999992 0.9063 0.9063 0.9063
v 671.838257 1424.965210 -99.999992 0.9063 0.9063 0.9063
v 662.398315 1427.926025 -79.999992 0.9063 0.9063 0.9063
v 662.398315 1427.926025 -99.999992 0.9063 0.9063 0.9063
v 650.191956 1432.527832 -79.999992 0.9063 0.9063 0.9063
v 650.191956 1432.527832 -99.999992 0.9063 0.9063 0.9063
v 645.184753 1434.773193 -79.999992 0.9063 0.9063 0.9063
v 645.184753 1434.773193 -99.999992 0.9063 0.9063 0.9063
v 633.176025 1441.908813 -79.999992 0.9063 0.9063 0.9063
v 633.176025 1441.908813 -99.999992 0.9063 0.9063 0.9063
v 627.748047 1447.854980 -79.999992 0.9063 0.9063 0.9063
v 627.748047 1447.854980 -99.999992 0.9063 0.9063 0.9063
v 627.375244 1448.506958 -79.999992 0.9063 0.9063 0.9063
v 627.375244 1448.506958 -99.999992 0.9063 0.9063 0.9063
v 626.926514 1449.374146 -79.999992 0.9063 0.9063 0.9063
v 626.926514 1449.374146 -99.999992 0.9063 0.9063 0.9063
v 625.523682 1453.138184 -79.999992 0.9063 0.9063 0.9063
v 625.523682 1453.138184 -99.999992 0.9063 0.9063 0.9063
v 624.867981 1460.309326 -79.999992 0.9063 0.9063 0.9063
v 624.867981 1460.309326 -99.999992 0.9063 0.9063 0.9063
v 624.869141 1468.441284 -79.999992 0.9063 0.9063 0.9063
v 624.869141 1468.441284 -99.999992 0.9063 0.9063 0.9063
v 624.869934 1483.328857 -79.999992 0.9063 0.9063 0.9063
v 624.869934 1483.328857 -99.999992 0.9063 0.9063 0.9063
v 624.870911 1516.414917 -79.999992 0.9063 0.9063 0.9063
v 624.870911 1516.414917 -99.999992 0.9063 0.9063 0.9063
v 619.554871 1550.807495 -79.999992 0.9063 0.9063 0.9063
v 619.554871 1550.807495 -99.999992 0.9063 0.9063 0.9063
v 598.313965 1581.688232 -79.999992 0.9063 0.9063 0.9063
v 598.313965 1581.688232 -99.999992 0.9063 0.9063 0.9063
v 592.771790 1586.297485 -79.999992 0.9063 0.9063 0.9063
v 592.771790 1586.297485 -99.999992 0.9063 0.9063 0.9063
v 573.393188 1598.263428 -79.999992 0.9063 0.9063 0.9063
v 573.393188 1598.263428 -99.999992 0.9063 0.9063 0.9063
v 565.460571 1601.999023 -79.999992 0.9063 0.9063 0.9063
v 565.460571 1601.999023 -99.999992 0.9063 0.9063 0.9063
v 548.580872 1608.565796 -79.999992 0.9063 0.9063 0.9063
v 548.580872 1608.565796 -99.999992 0.9063 0.9063 0.9063
v 537.560608 1612.113281 -79.999992 0.9063 0.9063 0.9063
v 537.560608 1612.113281 -99.999992 0.9063 0.9063 0.9063
v 520.670532 1616.802368 -79.999992 0.9063 0.9063 0.9063
v 520.670532 1616.802368 -99.999992 0.9063 0.9063 0.9063
v 504.245941 1620.664185 -79.999992 0.9063 0.9063 0.9063
v 504.245941 1620.664185 -99.999992 0.9063 0.9063 0.9063
v 488.593201 1623.793213 -79.999992 0.9063 0.9063 0.9063
v 488.593201 1623.793213 -99.999992 0.9063 0.9063 0.9063
v 461.926117 1628.103149 -79.999992 0.9063 0.9063 0.9063
v 461.926117 1628.103149 -99.999992 0.9063 0.9063 0.9063
v 438.793488 1631.017334 -79.999992 0.9063 0.9063 0.9063
v 438.793488 1631.017334 -99.999992 0.9063 0.9063 0.9063
v 413.126556 1633.507935 -79.999992 0.9063 0.9063 0.9063
v 413.126556 1633.507935 -99.999992 0.9063 0.9063 0.9063
v 383.418060 1635.474487 -79.999992 0.9063 0.9063 0.9063
v 383.418060 1635.474487 -99.999992 0.9063 0.9063 0.9063
v 353.557587 1636.532471 -79.999992 0.9063 0.9063 0.9063
v 353.557587 1636.532471 -99.999992 0.9063 0.9063 0.9063
v 331.051880 1636.764282 -79.999992 0.9063 0.9063 0.9063
v 331.051880 1636.764282 -99.999992 0.9063 0.9063 0.9063
v 858.692871 1343.578613 -79.999992 0.9063 0.9063 0.9063
v 858.692871 1343.578613 -99.999992 0.9063 0.9063 0.9063
v 732.105103 1351.630371 -79.999992 0.9063 0.9063 0.9063
v 732.105103 1351.630371 -99.999992 0.9063 0.9063 0.9063
v 700.142456 1356.749146 -79.999992 0.9063 0.9063 0.9063
v 700.142456 1356.749146 -99.999992 0.9063 0.9063 0.9063
v 679.182129 1361.111572 -79.999992 0.9063 0.9063 0.9063
v 679.182129 1361.111572 -99.999992 0.9063 0.9063 0.9063
v 654.803772 1367.434204 -79.999992 0.9063 0.9063 0.9063
v 654.803772 1367.434204 -99.999992 0.9063 0.9063 0.9063
v 643.138184 1371.101318 -79.999992 0.9063 0.9063 0.9063
v 643.138184 1371.101318 -99.999992 0.9063 0.9063 0.9063
v 626.935303 1377.218384 -79.999992 0.9063 0.9063 0.9063
v 626.935303 1377.218384 -99.999992 0.9063 0.9063 0.9063
v 619.535217 1380.531982 -79.999992 0.9063 0.9063 0.9063
v 619.535217 1380.531982 -99.999992 0.9063 0.9063 0.9063
v 595.686279 1395.063110 -79.999992 0.9063 0.9063 0.9063
v 595.686279 1395.063110 -99.999992 0.9063 0.9063 0.9063
v 576.257751 1417.053223 -79.999992 0.9063 0.9063 0.9063
v 576.257751 1417.053223 -99.999992 0.9063 0.9063 0.9063
v 574.786865 1419.619873 -79.999992 0.9063 0.9063 0.9063
v 574.786865 1419.619873 -99.999992 0.9063 0.9063 0.9063
v 573.000549 1423.068359 -79.999992 0.9063 0.9063 0.9063
v 573.000549 1423.068359 -99.999992 0.9063 0.9063 0.9063
v 567.453247 1438.044312 -79.999992 0.9063 0.9063 0.9063
v 567.453247 1438.044312 -99.999992 0.9063 0.9063 0.9063
v 564.867981 1460.337769 -79.999992 0.9063 0.9063 0.9063
v 564.867981 1460.337769 -99.999992 0.9063 0.9063 0.9063
v 564.869141 1468.449585 -79.999992 0.9063 0.9063 0.9063
v 564.869141 1468.449585 -99.999992 0.9063 0.9063 0.9063
v 564.869934 1483.334961 -79.999992 0.9063 0.9063 0.9063
v 564.869934 1483.334961 -99.999992 0.9063 0.9063 0.9063
v 564.870911 1516.394531 -79.999992 0.9063 0.9063 0.9063
v 564.870911 1516.394531 -99.999992 0.9063 0.9063 0.9063
v 563.537842 1529.311279 -79.999992 0.9063 0.9063 0.9063
v 563.537842 1529.311279 -99.999992 0.9063 0.9063 0.9063
v 558.057190 1537.197876 -79.999992 0.9063 0.9063 0.9063
v 558.057190 1537.197876 -99.999992 0.9063 0.9063 0.9063
v 556.160034 1538.762451 -79.999992 0.9063 0.9063 0.9063
v 556.160034 1538.762451 -99.999992 0.9063 0.9063 0.9063
v 546.591980 1544.582031 -79.999992 0.9063 0.9063 0.9063
v 546.591980 1544.582031 -99.999992 0.9063 0.9063 0.9063
v 541.410706 1547.029907 -79.999992 0.9063 0.9063 0.9063
v 541.410706 1547.029907 -99.999992 0.9063 0.9063 0.9063
v 528.912354 1551.881104 -79.999992 0.9063 0.9063 0.9063
v 528.912354 1551.881104 -99.999992 0.9063 0.9063 0.9063
v 520.118103 1554.704590 -79.999992 0.9063 0.9063 0.9063
v 520.118103 1554.704590 -99.999992 0.9063 0.9063 0.9063
v 505.903442 1558.647949 -79.999992 0.9063 0.9063 0.9063
v 505.903442 1558.647949 -99.999992 0.9063 0.9063 0.9063
v 491.650604 1562.001099 -79.999992 0.9063 0.9063 0.9063
v 491.650604 1562.001099 -99.999992 0.9063 0.9063 0.9063
v 477.707245 1564.789062 -79.999992 0.9063 0.9063 0.9063
v 477.707245 1564.789062 -99.999992 0.9063 0.9063 0.9063
v 453.505035 1568.697021 -79.999992 0.9063 0.9063 0.9063
v 453.505035 1568.697021 -99.999992 0.9063 0.9063 0.9063
v 432.177399 1571.383179 -79.999992 0.9063 0.9063 0.9063
v 432.177399 1571.383179 -99.999992 0.9063 0.9063 0.9063
v 408.180145 1573.712158 -79.999992 0.9063 0.9063 0.9063
v 408.180145 1573.712158 -99.999992 0.9063 0.9063 0.9063
v 380.409515 1575.550049 -79.999992 0.9063 0.9063 0.9063
v 380.409515 1575.550049 -99.999992 0.9063 0.9063 0.9063
v 352.259552 1576.546509 -79.999992 0.9063 0.9063 0.9063
v 352.259552 1576.546509 -99.999992 0.9063 0.9063 0.9063
v 331.051880 1576.764282 -79.999992 0.9063 0.9063 0.9063
v 331.051880 1576.764282 -99.999992 0.9063 0.9063 0.9063
vn -0.0000 -0.0000 -1.0000
vn -0.1107 -0.9939 -0.0000
vn -0.0632 -0.9980 -0.0000
vn -0.1810 -0.9835 -0.0000
vn -0.2273 -0.9738 -0.0000
vn -0.2751 -0.9614 -0.0000
vn -0.3261 -0.9453 -0.0000
vn -0.3811 -0.9245 -0.0000
vn -0.4608 -0.8875 -0.0000
vn -0.6315 -0.7753 -0.0000
vn -0.8082 -0.5889 -0.0000
vn -0.8783 -0.4781 -0.0000
vn -0.9143 -0.4051 -0.0000
vn -0.9750 -0.2221 -0.0000
vn -0.9990 -0.0455 -0.0000
vn -1.0000 0.0001 -0.0000
vn -1.0000 -0.0000 -0.0000
vn -0.9971 -0.0766 -0.0000
vn -0.9294 -0.3690 -0.0000
vn -0.7386 -0.6741 -0.0000
vn -0.5838 -0.8119 -0.0000
vn -0.4765 -0.8792 -0.0000
vn -0.3945 -0.9189 -0.0000
vn -0.3346 -0.9423 -0.0000
vn -0.2870 -0.9579 -0.0000
vn -0.2482 -0.9687 -0.0000
vn -0.2125 -0.9772 -0.0000
vn -0.1778 -0.9841 -0.0000
vn -0.1423 -0.9898 -0.0000
vn -0.1108 -0.9938 -0.0000
vn -0.0813 -0.9967 -0.0000
vn -0.0507 -0.9987 -0.0000
vn -0.0229 -0.9997 -0.0000
vn -0.0103 -0.9999 -0.0000
vn 0.0635 0.9980 -0.0000
vn 0.1109 0.9938 -0.0000
vn 0.1810 0.9835 -0.0000
vn 0.2275 0.9738 -0.0000
vn 0.2756 0.9613 -0.0000
vn 0.3267 0.9451 -0.0000
vn 0.3811 0.9245 -0.0000
vn 0.4654 0.8851 -0.0000
vn 0.6421 0.7666 -0.0000
vn 0.8127 0.5827 -0.0000
vn 0.8780 0.4787 -0.0000
vn 0.9146 0.4044 -0.0000
vn 0.9725 0.2329 -0.0000
vn 0.9983 0.0576 -0.0000
vn 1.0000 -0.0001 -0.0000
vn 1.0000 -0.0000 -0.0000
vn 0.9987 0.0514 -0.0000
vn 0.9376 0.3477 -0.0000
vn 0.7356 0.6774 -0.0000
vn 0.5794 0.8150 -0.0000
vn 0.4741 0.8805 -0.0000
vn 0.3948 0.9188 -0.0000
vn 0.3339 0.9426 -0.0000
vn 0.2866 0.9581 -0.0000
vn 0.2482 0.9687 -0.0000
vn 0.2126 0.9771 -0.0000
vn 0.1778 0.9841 -0.0000
vn 0.1422 0.9898 -0.0000
vn 0.1108 0.9938 -0.0000
vn 0.0813 0.9967 -0.0000
vn 0.0507 0.9987 -0.0000
vn 0.0228 0.9997 -0.0000
vn 0.0103 0.9999 -0.0000
vt 0.000000 0.000000
vt 0.000000 2.427753
vt 0.125000 2.427753
vt 0.125000 0.000000
vt 0.250000 2.427753
vt 0.250000 0.000000
vt 0.375000 2.427753
vt 0.375000 0.000000
vt 0.500000 2.427753
vt 0.500000 0.000000
vt 0.625000 2.427753
vt 0.625000 0.000000
vt 0.750000 2.427753
vt 0.750000 0.000000
vt 0.875000 2.427753
vt 0.875000 0.000000
vt 1.000000 2.427753
vt 1.000000 0.000000
vt 0.000000 3.038373
vt 0.125000 3.038373
vt 0.250000 3.038373
vt 0.375000 3.038373
vt 0.500000 3.038373
vt 0.625000 3.038373
vt 0.750000 3.038373
vt 0.875000 3.038373
vt 1.000000 3.038373
vt 0.000000 3.438503
vt 0.125000 3.438503
vt 0.250000 3.438503
vt 0.375000 3.438503
vt 0.500000 3.438503
vt 0.625000 3.438503
vt 0.750000 3.438503
vt 0.875000 3.438503
vt 1.000000 3.438503
vt 0.000000 3.898539
vt 0.125000 3.898539
vt 0.250000 3.898539
vt 0.375000 3.898539
vt 0.500000 3.898539
vt 0.625000 3.898539
vt 0.750000 3.898539
vt 0.875000 3.898539
vt 1.000000 3.898539
vt 0.000000 4.117235
vt 0.125000 4.117235
vt 0.250000 4.117235
vt 0.375000 4.117235
vt 0.500000 4.117235
vt 0.625000 4.117235
vt 0.750000 4.117235
vt 0.875000 4.117235
vt 1.000000 4.117235
vt 0.000000 4.417414
vt 0.125000 4.417414
vt 0.250000 4.417414
vt 0.375000 4.417414
vt 0.500000 4.417414
vt 0.625000 4.417414
vt 0.750000 4.417414
vt 0.875000 4.417414
vt 1.000000 4.417414
vt 0.000000 4.551819
vt 0.125000 4.551819
vt 0.250000 4.551819
vt 0.375000 4.551819
vt 0.500000 4.551819
vt 0.625000 4.551819
vt 0.750000 4.551819
vt 0.875000 4.551819
vt 1.000000 4.551819
vt 0.000000 4.965996
vt 0.125000 4.965996
vt 0.250000 4.965996
vt 0.375000 4.965996
vt 0.500000 4.965996
vt 0.625000 4.965996
vt 0.750000 4.965996
vt 0.875000 4.965996
vt 1.000000 4.965996
vt 0.000000 5.335667
vt 0.125000 5.335667
vt 0.250000 5.335667
vt 0.375000 5.335667
vt 0.500000 5.335667
vt 0.625000 5.335667
vt 0.750000 5.335667
vt 0.875000 5.335667
vt 1.000000 5.335667
vt 0.000000 5.372337
vt 0.125000 5.372337
vt 0.250000 5.372337
vt 0.375000 5.372337
vt 0.500000 5.372337
vt 0.625000 5.372337
vt 0.750000 5.372337
vt 0.875000 5.372337
vt 1.000000 5.372337
vt 0.000000 5.420382
vt 0.125000 5.420382
vt 0.250000 5.420382
vt 0.375000 5.420382
vt 0.500000 5.420382
vt 0.625000 5.420382
vt 0.750000 5.420382
vt 0.875000 5.420382
vt 1.000000 5.420382
vt 0.000000 5.617976
vt 0.125000 5.617976
vt 0.250000 5.617976
vt 0.375000 5.617976
vt 0.500000 5.617976
vt 0.625000 5.617976
vt 0.750000 5.617976
vt 0.875000 5.617976
vt 1.000000 5.617976
vt 0.000000 5.911019
vt 0.125000 5.911019
vt 0.250000 5.911019
vt 0.375000 5.911019
vt 0.500000 5.911019
vt 0.625000 5.911019
vt 0.750000 5.911019
vt 0.875000 5.911019
vt 1.000000 5.911019
vt 0.000000 6.071604
vt 0.125000 6.071604
vt 0.250000 6.071604
vt 0.375000 6.071604
vt 0.500000 6.071604
vt 0.625000 6.071604
vt 0.750000 6.071604
vt 0.875000 6.071604
vt 1.000000 6.071604
vt 0.000000 6.365939
vt 0.125000 6.365939
vt 0.250000 6.365939
vt 0.375000 6.365939
vt 0.500000 6.365939
vt 0.625000 6.365939
vt 0.750000 6.365939
vt 0.875000 6.365939
vt 1.000000 6.365939
vt 0.000000 7.019852
vt 0.125000 7.019852
vt 0.250000 7.019852
vt 0.375000 7.019852
vt 0.500000 7.019852
vt 0.625000 7.019852
vt 0.750000 7.019852
vt 0.875000 7.019852
vt 1.000000 7.019852
vt 0.000000 7.492146
vt 0.125000 7.492146
vt 0.250000 7.492146
vt 0.375000 7.492146
vt 0.500000 7.492146
vt 0.625000 7.492146
vt 0.750000 7.492146
vt 0.875000 7.492146
vt 1.000000 7.492146
vt 0.000000 7.957623
vt 0.125000 7.957623
vt 0.250000 7.957623
vt 0.375000 7.957623
vt 0.500000 7.957623
vt 0.625000 7.957623
vt 0.750000 7.957623
vt 0.875000 7.957623
vt 1.000000 7.957623
vt 0.000000 8.053194
vt 0.125000 8.053194
vt 0.250000 8.053194
vt 0.375000 8.053194
vt 0.500000 8.053194
vt 0.625000 8.053194
vt 0.750000 8.053194
vt 0.875000 8.053194
vt 1.000000 8.053194
vt 0.000000 8.389060
vt 0.125000 8.389060
vt 0.250000 8.389060
vt 0.375000 8.389060
vt 0.500000 8.389060
vt 0.625000 8.389060
vt 0.750000 8.389060
vt 0.875000 8.389060
vt 1.000000 8.389060
vt 0.000000 8.532393
vt 0.125000 8.532393
vt 0.250000 8.532393
vt 0.375000 8.532393
vt 0.500000 8.532393
vt 0.625000 8.532393
vt 0.750000 8.532393
vt 0.875000 8.532393
vt 1.000000 8.532393
vt 0.000000 8.843987
vt 0.125000 8.843987
vt 0.250000 8.843987
vt 0.375000 8.843987
vt 0.500000 8.843987
vt 0.625000 8.843987
vt 0.750000 8.843987
vt 0.875000 8.843987
vt 1.000000 8.843987
vt 0.000000 9.049749
vt 0.125000 9.049749
vt 0.250000 9.049749
vt 0.375000 9.049749
vt 0.500000 9.049749
vt 0.625000 9.049749
vt 0.750000 9.049749
vt 0.875000 9.049749
vt 1.000000 9.049749
vt 0.000000 9.368872
vt 0.125000 9.368872
vt 0.250000 9.368872
vt 0.375000 9.368872
vt 0.500000 9.368872
vt 0.625000 9.368872
vt 0.750000 9.368872
vt 0.875000 9.368872
vt 1.000000 9.368872
vt 0.000000 9.680423
vt 0.125000 9.680423
vt 0.250000 9.680423
vt 0.375000 9.680423
vt 0.500000 9.680423
vt 0.625000 9.680423
vt 0.750000 9.680423
vt 0.875000 9.680423
vt 1.000000 9.680423
vt 0.000000 9.978798
vt 0.125000 9.978798
vt 0.250000 9.978798
vt 0.375000 9.978798
vt 0.500000 9.978798
vt 0.625000 9.978798
vt 0.750000 9.978798
vt 0.875000 9.978798
vt 1.000000 9.978798
vt 0.000000 10.488210
vt 0.125000 10.488210
vt 0.250000 10.488210
vt 0.375000 10.488210
vt 0.500000 10.488210
vt 0.625000 10.488210
vt 0.750000 10.488210
vt 0.875000 10.488210
vt 1.000000 10.488210
vt 0.000000 10.931215
vt 0.125000 10.931215
vt 0.250000 10.931215
vt 0.375000 10.931215
vt 0.500000 10.931215
vt 0.625000 10.931215
vt 0.750000 10.931215
vt 0.875000 10.931215
vt 1.000000 10.931215
vt 0.000000 11.424500
vt 0.125000 11.424500
vt 0.250000 11.424500
vt 0.375000 11.424500
vt 0.500000 11.424500
vt 0.625000 11.424500
vt 0.750000 11.424500
vt 0.875000 11.424500
vt 1.000000 11.424500
vt 0.000000 11.993979
vt 0.125000 11.993979
vt 0.250000 11.993979
vt 0.375000 11.993979
vt 0.500000 11.993979
vt 0.625000 11.993979
vt 0.750000 11.993979
vt 0.875000 11.993979
vt 1.000000 11.993979
vt 0.000000 12.567828
vt 0.125000 12.567828
vt 0.250000 12.567828
vt 0.375000 12.567828
vt 0.500000 12.567828
vt 0.625000 12.567828
vt 0.750000 12.567828
vt 0.875000 12.567828
vt 1.000000 12.567828
vt 0.000000 13.000000
vt 0.125000 13.000000
vt 0.250000 13.000000
vt 0.375000 13.000000
vt 0.500000 13.000000
vt 0.625000 13.000000
vt 0.750000 13.000000
vt 0.875000 13.000000
vt 1.000000 13.000000
s 1
usemtl track_surface
f 3238/2242/1996 3247/2243/1996 3248/2244/1996 3239/2245/1996
f 3239/2245/1996 3248/2244/1996 3249/2246/1996 3240/2247/1996
f 3240/2247/1996 3249/2246/1996 3250/2248/1996 3241/2249/1996
f 3241/2249/1996 3250/2248/1996 3251/2250/1996 3242/2251/1996
f 3242/2251/1996 3251/2250/1996 3252/2252/1996 3243/2253/1996
f 3243/2253/1996 3252/2252/1996 3253/2254/1996 3244/2255/1996
f 3244/2255/1996 3253/2254/1996 3254/2256/1996 3245/2257/1996
f 3245/2257/1996 3254/2256/1996 3255/2258/1996 3246/2259/1996
f 3247/2243/1996 3256/2260/1996 3257/2261/1996 3248/2244/1996
f 3248/2244/1996 3257/2261/1996 3258/2262/1996 3249/2246/1996
f 3249/2246/1996 3258/2262/1996 3259/2263/1996 3250/2248/1996
f 3250/2248/1996 3259/2263/1996 3260/2264/1996 3251/2250/1996
f 3251/2250/1996 3260/2264/1996 3261/2265/1996 3252/2252/1996
f 3252/2252/1996 3261/2265/1996 3262/2266/1996 3253/2254/1996
f 3253/2254/1996 3262/2266/1996 3263/2267/1996 3254/2256/1996
f 3254/2256/1996 3263/2267/1996 3264/2268/1996 3255/2258/1996
f 3256/2260/1996 3265/2269/1996 3266/2270/1996 3257/2261/1996
f 3257/2261/1996 3266/2270/1996 3267/2271/1996 3258/2262/1996
f 3258/2262/1996 3267/2271/1996 3268/2272/1996 3259/2263/1996
f 3259/2263/1996 3268/2272/1996 3269/2273/1996 3260/2264/1996
f 3260/2264/1996 3269/2273/1996 3270/2274/1996 3261/2265/1996
f 3261/2265/1996 3270/2274/1996 3271/2275/1996 3262/2266/1996
f 3262/2266/1996 3271/2275/1996 3272/2276/1996 3263/2267/1996
f 3263/2267/1996 3272/2276/1996 3273/2277/1996 3264/2268/1996
f 3265/2269/1996 3274/2278/1996 3275/2279/1996 3266/2270/1996
f 3266/2270/1996 3275/2279/1996 3276/2280/1996 3267/2271/1996
f 3267/2271/1996 3276/2280/1996 3277/2281/1996 3268/2272/1996
f 3268/2272/1996 3277/2281/1996 3278/2282/1996 3269/2273/1996
f 3269/2273/1996 3278/2282/1996 3279/2283/1996 3270/2274/1996
f 3270/2274/1996 3279/2283/1996 3280/2284/1996 3271/2275/1996
f 3271/2275/1996 3280/2284/1996 3281/2285/1996 3272/2276/1996
f 3272/2276/1996 3281/2285/1996 3282/2286/1996 3273/2277/1996
f 3274/2278/1996 3283/2287/1996 3284/2288/1996 3275/2279/1996
f 3275/2279/1996 3284/2288/1996 3285/2289/1996 3276/2280/1996
f 3276/2280/1996 3285/2289/1996 3286/2290/1996 3277/2281/1996
f 3277/2281/1996 3286/2290/1996 3287/2291/1996 3278/2282/1996
f 3278/2282/1996 3287/2291/1996 3288/2292/1996 3279/2283/1996
f 3279/2283/1996 3288/2292/1996 3289/2293/1996 3280/2284/1996
f 3280/2284/1996 3289/2293/1996 3290/2294/1996 3281/2285/1996
f 3281/2285/1996 3290/2294/1996 3291/2295/1996 3282/2286/1996
f 3283/2287/1996 3292/2296/1996 3293/2297/1996 3284/2288/1996
f 3284/2288/1996 3293/2297/1996 3294/2298/1996 3285/2289/1996
f 3285/2289/1996 3294/2298/1996 3295/2299/1996 3286/2290/1996
f 3286/2290/1996 3295/2299/1996 3296/2300/1996 3287/2291/1996
f 3287/2291/1996 3296/2300/1996 3297/2301/1996 3288/2292/1996
f 3288/2292/1996 3297/2301/1996 3298/2302/1996 3289/2293/1996
f 3289/2293/1996 3298/2302/1996 3299/2303/1996 3290/2294/1996
f 3290/2294/1996 3299/2303/1996 3300/2304/1996 3291/2295/1996
f 3292/2296/1996 3301/2305/1996 3302/2306/1996 3293/2297/1996
f 3293/2297/1996 3302/2306/1996 3303/2307/1996 3294/2298/1996
f 3294/2298/1996 3303/2307/1996 3304/2308/1996 3295/2299/1996
f 3295/2299/1996 3304/2308/1996 3305/2309/1996 3296/2300/1996
f 3296/2300/1996 3305/2309/1996 3306/2310/1996 3297/2301/1996
f 3297/2301/1996 3306/2310/1996 3307/2311/1996 3298/2302/1996
f 3298/2302/1996 3307/2311/1996 3308/2312/1996 3299/2303/1996
f 3299/2303/1996 3308/2312/1996 3309/2313/1996 3300/2304/1996
f 3301/2305/1996 3310/2314/1996 3311/2315/1996 3302/2306/1996
f 3302/2306/1996 3311/2315/1996 3312/2316/1996 3303/2307/1996
f 3303/2307/1996 3312/2316/1996 3313/2317/1996 3304/2308/1996
f 3304/2308/1996 3313/2317/1996 3314/2318/1996 3305/2309/1996
f 3305/2309/1996 3314/2318/1996 3315/2319/1996 3306/2310/1996
f 3306/2310/1996 3315/2319/1996 3316/2320/1996 3307/2311/1996
f 3307/2311/1996 3316/2320/1996 3317/2321/1996 3308/2312/1996
f 3308/2312/1996 3317/2321/1996 3318/2322/1996 3309/2313/1996
f 3310/2314/1996 3319/2323/1996 3320/2324/1996 3311/2315/1996
f 3311/2315/1996 3320/2324/1996 3321/2325/1996 3312/2316/1996
f 3312/2316/1996 3321/2325/1996 3322/2326/1996 3313/2317/1996
f 3313/2317/1996 3322/2326/1996 3323/2327/1996 3314/2318/1996
f 3314/2318/1996 3323/2327/1996 3324/2328/1996 3315/2319/1996
f 3315/2319/1996 3324/2328/1996 3325/2329/1996 3316/2320/1996
f 3316/2320/1996 3325/2329/1996 3326/2330/1996 3317/2321/1996
f 3317/2321/1996 3326/2330/1996 3327/2331/1996 3318/2322/1996
f 3319/2323/1996 3328/2332/1996 3329/2333/1996 3320/2324/1996
f 3320/2324/1996 3329/2333/1996 3330/2334/1996 3321/2325/1996
f 3321/2325/1996 3330/2334/1996 3331/2335/1996 3322/2326/1996
f 3322/2326/1996 3331/2335/1996 3332/2336/1996 3323/2327/1996
f 3323/2327/1996 3332/2336/1996 3333/2337/1996 3324/2328/1996
f 3324/2328/1996 3333/2337/1996 3334/2338/1996 3325/2329/1996
f 3325/2329/1996 3334/2338/1996 3335/2339/1996 3326/2330/1996
f 3326/2330/1996 3335/2339/1996 3336/2340/1996 3327/2331/1996
f 3328/2332/1996 3337/2341/1996 3338/2342/1996 3329/2333/1996
f 3329/2333/1996 3338/2342/1996 3339/2343/1996 3330/2334/1996
f 3330/2334/1996 3339/2343/1996 3340/2344/1996 3331/2335/1996
f 3331/2335/1996 3340/2344/1996 3341/2345/1996 3332/2336/1996
f 3332/2336/1996 3341/2345/1996 3342/2346/1996 3333/2337/1996
f 3333/2337/1996 3342/2346/1996 3343/2347/1996 3334/2338/1996
f 3334/2338/1996 3343/2347/1996 3344/2348/1996 3335/2339/1996
f 3335/2339/1996 3344/2348/1996 3345/2349/1996 3336/2340/1996
f 3337/2341/1996 3346/2350/1996 3347/2351/1996 3338/2342/1996
f 3338/2342/1996 3347/2351/1996 3348/2352/1996 3339/2343/1996
f 3339/2343/1996 3348/2352/1996 3349/2353/1996 3340/2344/1996
f 3340/2344/1996 3349/2353/1996 3350/2354/1996 3341/2345/1996
f 3341/2345/1996 3350/2354/1996 3351/2355/1996 3342/2346/1996
f 3342/2346/1996 3351/2355/1996 3352/2356/1996 3343/2347/1996
f 3343/2347/1996 3352/2356/1996 3353/2357/1996 3344/2348/1996
f 3344/2348/1996 3353/2357/1996 3354/2358/1996 3345/2349/1996
f 3346/2350/1996 3355/2359/1996 3356/2360/1996 3347/2351/1996
f 3347/2351/1996 3356/2360/1996 3357/2361/1996 3348/2352/1996
f 3348/2352/1996 3357/2361/1996 3358/2362/1996 3349/2353/1996
f 3349/2353/1996 3358/2362/1996 3359/2363/1996 3350/2354/1996
f 3350/2354/1996 3359/2363/1996 3360/2364/1996 3351/2355/1996
f 3351/2355/1996 3360/2364/1996 3361/2365/1996 3352/2356/1996
f 3352/2356/1996 3361/2365/1996 3362/2366/1996 3353/2357/1996
f 3353/2357/1996 3362/2366/1996 3363/2367/1996 3354/2358/1996
f 3355/2359/1996 3364/2368/1996 3365/2369/1996 3356/2360/1996
f 3356/2360/1996 3365/2369/1996 3366/2370/1996 3357/2361/1996
f 3357/2361/1996 3366/2370/1996 3367/2371/1996 3358/2362/1996
f 3358/2362/1996 3367/2371/1996 3368/2372/1996 3359/2363/1996
f 3359/2363/1996 3368/2372/1996 3369/2373/1996 3360/2364/1996
f 3360/2364/1996 3369/2373/1996 3370/2374/1996 3361/2365/1996
f 3361/2365/1996 3370/2374/1996 3371/2375/1996 3362/2366/1996
f 3362/2366/1996 3371/2375/1996 3372/2376/1996 3363/2367/1996
f 3364/2368/1996 3373/2377/1996 3374/2378/1996 3365/2369/1996
f 3365/2369/1996 3374/2378/1996 3375/2379/1996 3366/2370/1996
f 3366/2370/1996 3375/2379/1996 3376/2380/1996 3367/2371/1996
f 3367/2371/1996 3376/2380/1996 3377/2381/1996 3368/2372/1996
f 3368/2372/1996 3377/2381/1996 3378/2382/1996 3369/2373/1996
f 3369/2373/1996 3378/2382/1996 3379/2383/1996 3370/2374/1996
f 3370/2374/1996 3379/2383/1996 3380/2384/1996 3371/2375/1996
f 3371/2375/1996 3380/2384/1996 3381/2385/1996 3372/2376/1996
f 3373/2377/1996 3382/2386/1996 3383/2387/1996 3374/2378/1996
f 3374/2378/1996 3383/2387/1996 3384/2388/1996 3375/2379/1996
f 3375/2379/1996 3384/2388/1996 3385/2389/1996 3376/2380/1996
f 3376/2380/1996 3385/2389/1996 3386/2390/1996 3377/2381/1996
f 3377/2381/1996 3386/2390/1996 3387/2391/1996 3378/2382/1996
f 3378/2382/1996 3387/2391/1996 3388/2392/1996 3379/2383/1996
f 3379/2383/1996 3388/2392/1996 3389/2393/1996 3380/2384/1996
f 3380/2384/1996 3389/2393/1996 3390/2394/1996 3381/2385/1996
f 3382/2386/1996 3391/2395/1996 3392/2396/1996 3383/2387/1996
f 3383/2387/1996 3392/2396/1996 3393/2397/1996 3384/2388/1996
f 3384/2388/1996 3393/2397/1996 3394/2398/1996 3385/2389/1996
f 3385/2389/1996 3394/2398/1996 3395/2399/1996 3386/2390/1996
f 3386/2390/1996 3395/2399/1996 3396/2400/1996 3387/2391/1996
f 3387/2391/1996 3396/2400/1996 3397/2401/1996 3388/2392/1996
f 3388/2392/1996 3397/2401/1996 3398/2402/1996 3389/2393/1996
f 3389/2393/1996 3398/2402/1996 3399/2403/1996 3390/2394/1996
f 3391/2395/1996 3400/2404/1996 3401/2405/1996 3392/2396/1996
f 3392/2396/1996 3401/2405/1996 3402/2406/1996 3393/2397/1996
f 3393/2397/1996 3402/2406/1996 3403/2407/1996 3394/2398/1996
f 3394/2398/1996 3403/2407/1996 3404/2408/1996 3395/2399/1996
f 3395/2399/1996 3404/2408/1996 3405/2409/1996 3396/2400/1996
f 3396/2400/1996 3405/2409/1996 3406/2410/1996 3397/2401/1996
f 3397/2401/1996 3406/2410/1996 3407/2411/1996 3398/2402/1996
f 3398/2402/1996 3407/2411/1996 3408/2412/1996 3399/2403/1996
f 3400/2404/1996 3409/2413/1996 3410/2414/1996 3401/2405/1996
f 3401/2405/1996 3410/2414/1996 3411/2415/1996 3402/2406/1996
f 3402/2406/1996 3411/2415/1996 3412/2416/1996 3403/2407/1996
f 3403/2407/1996 3412/2416/1996 3413/2417/1996 3404/2408/1996
f 3404/2408/1996 3413/2417/1996 3414/2418/1996 3405/2409/1996
f 3405/2409/1996 3414/2418/1996 3415/2419/1996 3406/2410/1996
f 3406/2410/1996 3415/2419/1996 3416/2420/1996 3407/2411/1996
f 3407/2411/1996 3416/2420/1996 3417/2421/1996 3408/2412/1996
f 3409/2413/1996 3418/2422/1996 3419/2423/1996 3410/2414/1996
f 3410/2414/1996 3419/2423/1996 3420/2424/1996 3411/2415/1996
f 3411/2415/1996 3420/2424/1996 3421/2425/1996 3412/2416/1996
f 3412/2416/1996 3421/2425/1996 3422/2426/1996 3413/2417/1996
f 3413/2417/1996 3422/2426/1996 3423/2427/1996 3414/2418/1996
f 3414/2418/1996 3423/2427/1996 3424/2428/1996 3415/2419/1996
f 3415/2419/1996 3424/2428/1996 3425/2429/1996 3416/2420/1996
f 3416/2420/1996 3425/2429/1996 3426/2430/1996 3417/2421/1996
f 3418/2422/1996 3427/2431/1996 3428/2432/1996 3419/2423/1996
f 3419/2423/1996 3428/2432/1996 3429/2433/1996 3420/2424/1996
f 3420/2424/1996 3429/2433/1996 3430/2434/1996 3421/2425/1996
f 3421/2425/1996 3430/2434/1996 3431/2435/1996 3422/2426/1996
f 3422/2426/1996 3431/2435/1996 3432/2436/1996 3423/2427/1996
f 3423/2427/1996 3432/2436/1996 3433/2437/1996 3424/2428/1996
f 3424/2428/1996 3433/2437/1996 3434/2438/1996 3425/2429/1996
f 3425/2429/1996 3434/2438/1996 3435/2439/1996 3426/2430/1996
f 3427/2431/1996 3436/2440/1996 3437/2441/1996 3428/2432/1996
f 3428/2432/1996 3437/2441/1996 3438/2442/1996 3429/2433/1996
f 3429/2433/1996 3438/2442/1996 3439/2443/1996 3430/2434/1996
f 3430/2434/1996 3439/2443/1996 3440/2444/1996 3431/2435/1996
f 3431/2435/1996 3440/2444/1996 3441/2445/1996 3432/2436/1996
f 3432/2436/1996 3441/2445/1996 3442/2446/1996 3433/2437/1996
f 3433/2437/1996 3442/2446/1996 3443/2447/1996 3434/2438/1996
f 3434/2438/1996 3443/2447/1996 3444/2448/1996 3435/2439/1996
f 3436/2440/1996 3445/2449/1996 3446/2450/1996 3437/2441/1996
f 3437/2441/1996 3446/2450/1996 3447/2451/1996 3438/2442/1996
f 3438/2442/1996 3447/2451/1996 3448/2452/1996 3439/2443/1996
f 3439/2443/1996 3448/2452/1996 3449/2453/1996 3440/2444/1996
f 3440/2444/1996 3449/2453/1996 3450/2454/1996 3441/2445/1996
f 3441/2445/1996 3450/2454/1996 3451/2455/1996 3442/2446/1996
f 3442/2446/1996 3451/2455/1996 3452/2456/1996 3443/2447/1996
f 3443/2447/1996 3452/2456/1996 3453/2457/1996 3444/2448/1996
f 3445/2449/1996 3454/2458/1996 3455/2459/1996 3446/2450/1996
f 3446/2450/1996 3455/2459/1996 3456/2460/1996 3447/2451/1996
f 3447/2451/1996 3456/2460/1996 3457/2461/1996 3448/2452/1996
f 3448/2452/1996 3457/2461/1996 3458/2462/1996 3449/2453/1996
f 3449/2453/1996 3458/2462/1996 3459/2463/1996 3450/2454/1996
f 3450/2454/1996 3459/2463/1996 3460/2464/1996 3451/2455/1996
f 3451/2455/1996 3460/2464/1996 3461/2465/1996 3452/2456/1996
f 3452/2456/1996 3461/2465/1996 3462/2466/1996 3453/2457/1996
f 3454/2458/1996 3463/2467/1996 3464/2468/1996 3455/2459/1996
f 3455/2459/1996 3464/2468/1996 3465/2469/1996 3456/2460/1996
f 3456/2460/1996 3465/2469/1996 3466/2470/1996 3457/2461/1996
f 3457/2461/1996 3466/2470/1996 3467/2471/1996 3458/2462/1996
f 3458/2462/1996 3467/2471/1996 3468/2472/1996 3459/2463/1996
f 3459/2463/1996 3468/2472/1996 3469/2473/1996 3460/2464/1996
f 3460/2464/1996 3469/2473/1996 3470/2474/1996 3461/2465/1996
f 3461/2465/1996 3470/2474/1996 3471/2475/1996 3462/2466/1996
f 3463/2467/1996 3472/2476/1996 3473/2477/1996 3464/2468/1996
f 3464/2468/1996 3473/2477/1996 3474/2478/1996 3465/2469/1996
f 3465/2469/1996 3474/2478/1996 3475/2479/1996 3466/2470/1996
f 3466/2470/1996 3475/2479/1996 3476/2480/1996 3467/2471/1996
f 3467/2471/1996 3476/2480/1996 3477/2481/1996 3468/2472/1996
f 3468/2472/1996 3477/2481/1996 3478/2482/1996 3469/2473/1996
f 3469/2473/1996 3478/2482/1996 3479/2483/1996 3470/2474/1996
f 3470/2474/1996 3479/2483/1996 3480/2484/1996 3471/2475/1996
f 3472/2476/1996 3481/2485/1996 3482/2486/1996 3473/2477/1996
f 3473/2477/1996 3482/2486/1996 3483/2487/1996 3474/2478/1996
f 3474/2478/1996 3483/2487/1996 3484/2488/1996 3475/2479/1996
f 3475/2479/1996 3484/2488/1996 3485/2489/1996 3476/2480/1996
f 3476/2480/1996 3485/2489/1996 3486/2490/1996 3477/2481/1996
f 3477/2481/1996 3486/2490/1996 3487/2491/1996 3478/2482/1996
f 3478/2482/1996 3487/2491/1996 3488/2492/1996 3479/2483/1996
f 3479/2483/1996 3488/2492/1996 3489/2493/1996 3480/2484/1996
f 3481/2485/1996 3490/2494/1996 3491/2495/1996 3482/2486/1996
f 3482/2486/1996 3491/2495/1996 3492/2496/1996 3483/2487/1996
f 3483/2487/1996 3492/2496/1996 3493/2497/1996 3484/2488/1996
f 3484/2488/1996 3493/2497/1996 3494/2498/1996 3485/2489/1996
f 3485/2489/1996 3494/2498/1996 3495/2499/1996 3486/2490/1996
f 3486/2490/1996 3495/2499/1996 3496/2500/1996 3487/2491/1996
f 3487/2491/1996 3496/2500/1996 3497/2501/1996 3488/2492/1996
f 3488/2492/1996 3497/2501/1996 3498/2502/1996 3489/2493/1996
f 3490/2494/1996 3499/2503/1996 3500/2504/1996 3491/2495/1996
f 3491/2495/1996 3500/2504/1996 3501/2505/1996 3492/2496/1996
f 3492/2496/1996 3501/2505/1996 3502/2506/1996 3493/2497/1996
f 3493/2497/1996 3502/2506/1996 3503/2507/1996 3494/2498/1996
f 3494/2498/1996 3503/2507/1996 3504/2508/1996 3495/2499/1996
f 3495/2499/1996 3504/2508/1996 3505/2509/1996 3496/2500/1996
f 3496/2500/1996 3505/2509/1996 3506/2510/1996 3497/2501/1996
f 3497/2501/1996 3506/2510/1996 3507/2511/1996 3498/2502/1996
f 3499/2503/1996 3508/2512/1996 3509/2513/1996 3500/2504/1996
f 3500/2504/1996 3509/2513/1996 3510/2514/1996 3501/2505/1996
f 3501/2505/1996 3510/2514/1996 3511/2515/1996 3502/2506/1996
f 3502/2506/1996 3511/2515/1996 3512/2516/1996 3503/2507/1996
f 3503/2507/1996 3512/2516/1996 3513/2517/1996 3504/2508/1996
f 3504/2508/1996 3513/2517/1996 3514/2518/1996 3505/2509/1996
f 3505/2509/1996 3514/2518/1996 3515/2519/1996 3506/2510/1996
f 3506/2510/1996 3515/2519/1996 3516/2520/1996 3507/2511/1996
f 3508/2512/1996 3517/2521/1996 3518/2522/1996 3509/2513/1996
f 3509/2513/1996 3518/2522/1996 3519/2523/1996 3510/2514/1996
f 3510/2514/1996 3519/2523/1996 3520/2524/1996 3511/2515/1996
f 3511/2515/1996 3520/2524/1996 3521/2525/1996 3512/2516/1996
f 3512/2516/1996 3521/2525/1996 3522/2526/1996 3513/2517/1996
f 3513/2517/1996 3522/2526/1996 3523/2527/1996 3514/2518/1996
f 3514/2518/1996 3523/2527/1996 3524/2528/1996 3515/2519/1996
f 3515/2519/1996 3524/2528/1996 3525/2529/1996 3516/2520/1996
f 3517/2521/1996 3526/2530/1996 3527/2531/1996 3518/2522/1996
f 3518/2522/1996 3527/2531/1996 3528/2532/1996 3519/2523/1996
f 3519/2523/1996 3528/2532/1996 3529/2533/1996 3520/2524/1996
f 3520/2524/1996 3529/2533/1996 3530/2534/1996 3521/2525/1996
f 3521/2525/1996 3530/2534/1996 3531/2535/1996 3522/2526/1996
f 3522/2526/1996 3531/2535/1996 3532/2536/1996 3523/2527/1996
f 3523/2527/1996 3532/2536/1996 3533/2537/1996 3524/2528/1996
f 3524/2528/1996 3533/2537/1996 3534/2538/1996 3525/2529/1996
usemtl track_rail
f 3537/2243/1997 3538/2258/1997 3536/2259/1998 3535/2242/1998
f 3539/2260/1999 3540/2268/1999 3538/2258/1997 3537/2243/1997
f 3541/2269/2000 3542/2277/2000 3540/2268/1999 3539/2260/1999
f 3543/2278/2001 3544/2286/2001 3542/2277/2000 3541/2269/2000
f 3545/2287/2002 3546/2295/2002 3544/2286/2001 3543/2278/2001
f 3547/2296/2003 3548/2304/2003 3546/2295/2002 3545/2287/2002
f 3549/2305/2004 3550/2313/2004 3548/2304/2003 3547/2296/2003
f 3551/2314/2005 3552/2322/2005 3550/2313/2004 3549/2305/2004
f 3553/2323/2006 3554/2331/2006 3552/2322/2005 3551/2314/2005
f 3555/2332/2007 3556/2340/2007 3554/2331/2006 3553/2323/2006
f 3557/2341/2008 3558/2349/2008 3556/2340/2007 3555/2332/2007
f 3559/2350/2009 3560/2358/2009 3558/2349/2008 3557/2341/2008
f 3561/2359/2010 3562/2367/2010 3560/2358/2009 3559/2350/2009
f 3563/2368/2011 3564/2376/2011 3562/2367/2010 3561/2359/2010
f 3565/2377/2012 3566/2385/2012 3564/2376/2011 3563/2368/2011
f 3567/2386/2013 3568/2394/2013 3566/2385/2012 3565/2377/2012
f 3569/2395/2014 3570/2403/2014 3568/2394/2013 3567/2386/2013
f 3571/2404/2015 3572/2412/2015 3570/2403/2014 3569/2395/2014
f 3573/2413/2016 3574/2421/2016 3572/2412/2015 3571/2404/2015
f 3575/2422/2017 3576/2430/2017 3574/2421/2016 3573/2413/2016
f 3577/2431/2018 3578/2439/2018 3576/2430/2017 3575/2422/2017
f 3579/2440/2019 3580/2448/2019 3578/2439/2018 3577/2431/2018
f 3581/2449/2020 3582/2457/2020 3580/2448/2019 3579/2440/2019
f 3583/2458/2021 3584/2466/2021 3582/2457/2020 3581/2449/2020
f 3585/2467/2022 3586/2475/2022 3584/2466/2021 3583/2458/2021
f 3587/2476/2023 3588/2484/2023 3586/2475/2022 3585/2467/2022
f 3589/2485/2024 3590/2493/2024 3588/2484/2023 3587/2476/2023
f 3591/2494/2025 3592/2502/2025 3590/2493/2024 3589/2485/2024
f 3593/2503/2026 3594/2511/2026 3592/2502/2025 3591/2494/2025
f 3595/2512/2027 3596/2520/2027 3594/2511/2026 3593/2503/2026
f 3597/2521/2028 3598/2529/2028 3596/2520/2027 3595/2512/2027
f 3599/2530/2029 3600/2538/2029 3598/2529/2028 3597/2521/2028
f 3601/2259/2030 3602/2242/2030 3604/2243/2031 3603/2258/2031
f 3603/2258/2031 3604/2243/2031 3606/2260/2032 3605/2268/2032
f 3605/2268/2032 3606/2260/2032 3608/2269/2033 3607/2277/2033
f 3607/2277/2033 3608/2269/2033 3610/2278/2034 3609/2286/2034
f 3609/2286/2034 3610/2278/2034 3612/2287/2035 3611/2295/2035
f 3611/2295/2035 3612/2287/2035 3614/2296/2036 3613/2304/2036
f 3613/2304/2036 3614/2296/2036 3616/2305/2037 3615/2313/2037
f 3615/2313/2037 3616/2305/2037 3618/2314/2038 3617/2322/2038
f 3617/2322/2038 3618/2314/2038 3620/2323/2039 3619/2331/2039
f 3619/2331/2039 3620/2323/2039 3622/2332/2040 3621/2340/2040
f 3621/2340/2040 3622/2332/2040 3624/2341/2041 3623/2349/2041
f 3623/2349/2041 3624/2341/2041 3626/2350/2042 3625/2358/2042
f 3625/2358/2042 3626/2350/2042 3628/2359/2043 3627/2367/2043
f 3627/2367/2043 3628/2359/2043 3630/2368/2044 3629/2376/2044
f 3629/2376/2044 3630/2368/2044 3632/2377/2045 3631/2385/2045
f 3631/2385/2045 3632/2377/2045 3634/2386/2046 3633/2394/2046
f 3633/2394/2046 3634/2386/2046 3636/2395/2047 3635/2403/2047
f 3635/2403/2047 3636/2395/2047 3638/2404/2048 3637/2412/2048
f 3637/2412/2048 3638/2404/2048 3640/2413/2049 3639/2421/2049
f 3639/2421/2049 3640/2413/2049 3642/2422/2050 3641/2430/2050
f 3641/2430/2050 3642/2422/2050 3644/2431/2051 3643/2439/2051
f 3643/2439/2051 3644/2431/2051 3646/2440/2052 3645/2448/2052
f 3645/2448/2052 3646/2440/2052 3648/2449/2053 3647/2457/2053
f 3647/2457/2053 3648/2449/2053 3650/2458/2054 3649/2466/2054
f 3649/2466/2054 3650/2458/2054 3652/2467/2055 3651/2475/2055
f 3651/2475/2055 3652/2467/2055 3654/2476/2056 3653/2484/2056
f 3653/2484/2056 3654/2476/2056 3656/2485/2057 3655/2493/2057
f 3655/2493/2057 3656/2485/2057 3658/2494/2058 3657/2502/2058
f 3657/2502/2058 3658/2494/2058 3660/2503/2059 3659/2511/2059
f 3659/2511/2059 3660/2503/2059 3662/2512/2060 3661/2520/2060
f 3661/2520/2060 3662/2512/2060 3664/2521/2061 3663/2529/2061
f 3663/2529/2061 3664/2521/2061 3666/2530/2062 3665/2538/2062
o FZGXStream9.000_PreviewMesh
v 331.051880 1576.764282 -79.999992 0.7353 0.7353 0.7353
v 331.051880 1584.264282 -79.999992 0.7353 0.7353 0.7353
v 331.051880 1591.764282 -79.999992 0.7353 0.7353 0.7353
v 331.051880 1599.264282 -79.999992 0.7353 0.7353 0.7353
v 331.051880 1606.764282 -79.999992 0.7353 0.7353 0.7353
v 331.051880 1614.264282 -79.999992 0.7353 0.7353 0.7353
v 331.051880 1621.764282 -79.999992 0.7353 0.7353 0.7353
v 331.051880 1629.264282 -79.999992 0.7353 0.7353 0.7353
v 331.051880 1636.764282 -79.999992 0.7353 0.7353 0.7353
v 226.897171 1576.764404 -79.997810 0.7353 0.7353 0.7353
v 226.897171 1584.264404 -79.997810 0.7353 0.7353 0.7353
v 226.897171 1591.764404 -79.997810 0.7353 0.7353 0.7353
v 226.897171 1599.264404 -79.997810 0.7353 0.7353 0.7353
v 226.897171 1606.764404 -79.997810 0.7353 0.7353 0.7353
v 226.897171 1614.264404 -79.997810 0.7353 0.7353 0.7353
v 226.897171 1621.764404 -79.997810 0.7353 0.7353 0.7353
v 226.897171 1629.264404 -79.997810 0.7353 0.7353 0.7353
v 226.897171 1636.764404 -79.997810 0.7353 0.7353 0.7353
v 198.724060 1576.764282 -79.996628 0.7353 0.7353 0.7353
v 198.724060 1584.264282 -79.996628 0.7353 0.7353 0.7353
v 198.724075 1591.764282 -79.996628 0.7353 0.7353 0.7353
v 198.724075 1599.264282 -79.996628 0.7353 0.7353 0.7353
v 198.724091 1606.764282 -79.996628 0.7353 0.7353 0.7353
v 198.724091 1614.264282 -79.996628 0.7353 0.7353 0.7353
v 198.724091 1621.764282 -79.996628 0.7353 0.7353 0.7353
v 198.724106 1629.264282 -79.996628 0.7353 0.7353 0.7353
v 198.724106 1636.764282 -79.996628 0.7353 0.7353 0.7353
v 182.958405 1576.764526 -79.995872 0.7353 0.7353 0.7353
v 182.958542 1584.264526 -79.995872 0.7353 0.7353 0.7353
v 182.958694 1591.764526 -79.995872 0.7353 0.7353 0.7353
v 182.958832 1599.264526 -79.995872 0.7353 0.7353 0.7353
v 182.958969 1606.764526 -79.995872 0.7353 0.7353 0.7353
v 182.959122 1614.264526 -79.995872 0.7353 0.7353 0.7353
v 182.959259 1621.764526 -79.995872 0.7353 0.7353 0.7353
v 182.959412 1629.264526 -79.995872 0.7353 0.7353 0.7353
v 182.959549 1636.764526 -79.995872 0.7353 0.7353 0.7353
v 154.294647 1576.800171 -79.994362 0.7353 0.7353 0.7353
v 154.271072 1584.300171 -79.994362 0.7353 0.7353 0.7353
v 154.247513 1591.800171 -79.994362 0.7353 0.7353 0.7353
v 154.223953 1599.300049 -79.994362 0.7353 0.7353 0.7353
v 154.200378 1606.800049 -79.994362 0.7353 0.7353 0.7353
v 154.176819 1614.300049 -79.994362 0.7353 0.7353 0.7353
v 154.153244 1621.799927 -79.994362 0.7353 0.7353 0.7353
v 154.129684 1629.299927 -79.994362 0.7353 0.7353 0.7353
v 154.106110 1636.799927 -79.994362 0.7353 0.7353 0.7353
v 136.148773 1575.842163 -79.993141 0.7353 0.7353 0.7353
v 135.286484 1583.292480 -79.993141 0.7353 0.7353 0.7353
v 134.424194 1590.742798 -79.993141 0.7353 0.7353 0.7353
v 133.561920 1598.192993 -79.993141 0.7353 0.7353 0.7353
v 132.699631 1605.643311 -79.993141 0.7353 0.7353 0.7353
v 131.837341 1613.093506 -79.993141 0.7353 0.7353 0.7353
v 130.975052 1620.543823 -79.993141 0.7353 0.7353 0.7353
v 130.112762 1627.994019 -79.993141 0.7353 0.7353 0.7353
v 129.250473 1635.444336 -79.993141 0.7353 0.7353 0.7353
v 120.028328 1572.787354 -79.991928 0.7353 0.7353 0.7353
v 118.153633 1580.049316 -79.991928 0.7353 0.7353 0.7353
v 116.278938 1587.311279 -79.991928 0.7353 0.7353 0.7353
v 114.404243 1594.573120 -79.991928 0.7353 0.7353 0.7353
v 112.529549 1601.835083 -79.991928 0.7353 0.7353 0.7353
v 110.654854 1609.097046 -79.991928 0.7353 0.7353 0.7353
v 108.780159 1616.358887 -79.991928 0.7353 0.7353 0.7353
v 106.905472 1623.620850 -79.991928 0.7353 0.7353 0.7353
v 105.030777 1630.882812 -79.991928 0.7353 0.7353 0.7353
v 107.799194 1568.918945 -79.990936 0.7353 0.7353 0.7353
v 105.156738 1575.937988 -79.990936 0.7353 0.7353 0.7353
v 102.514282 1582.957153 -79.990936 0.7353 0.7353 0.7353
v 99.871826 1589.976196 -79.990936 0.7353 0.7353 0.7353
v 97.229370 1596.995239 -79.990936 0.7353 0.7353 0.7353
v 94.586914 1604.014282 -79.990936 0.7353 0.7353 0.7353
v 91.944458 1611.033447 -79.990936 0.7353 0.7353 0.7353
v 89.302002 1618.052490 -79.990936 0.7353 0.7353 0.7353
v 86.659538 1625.071533 -79.990936 0.7353 0.7353 0.7353
v 91.400299 1561.335449 -79.989525 0.7353 0.7353 0.7353
v 87.729202 1567.875610 -79.989525 0.7353 0.7353 0.7353
v 84.058105 1574.415649 -79.989525 0.7353 0.7353 0.7353
v 80.387009 1580.955811 -79.989525 0.7353 0.7353 0.7353
v 76.715912 1587.495972 -79.989525 0.7353 0.7353 0.7353
v 73.044807 1594.036011 -79.989525 0.7353 0.7353 0.7353
v 69.373711 1600.576172 -79.989525 0.7353 0.7353 0.7353
v 65.702614 1607.116211 -79.989525 0.7353 0.7353 0.7353
v 62.031517 1613.656372 -79.989525 0.7353 0.7353 0.7353
v 80.988686 1554.810181 -79.988556 0.7353 0.7353 0.7353
v 76.665787 1560.938965 -79.988556 0.7353 0.7353 0.7353
v 72.342888 1567.067871 -79.988556 0.7353 0.7353 0.7353
v 68.019989 1573.196655 -79.988556 0.7353 0.7353 0.7353
v 63.697086 1579.325439 -79.988556 0.7353 0.7353 0.7353
v 59.374187 1585.454346 -79.988556 0.7353 0.7353 0.7353
v 55.051285 1591.583130 -79.988556 0.7353 0.7353 0.7353
v 50.728386 1597.711914 -79.988556 0.7353 0.7353 0.7353
v 46.405487 1603.840820 -79.988556 0.7353 0.7353 0.7353
v 67.343468 1543.625977 -79.987167 0.7353 0.7353 0.7353
v 62.168232 1549.054321 -79.987167 0.7353 0.7353 0.7353
v 56.993000 1554.482666 -79.987167 0.7353 0.7353 0.7353
v 51.817768 1559.911011 -79.987167 0.7353 0.7353 0.7353
v 46.642536 1565.339355 -79.987167 0.7353 0.7353 0.7353
v 41.467304 1570.767700 -79.987167 0.7353 0.7353 0.7353
v 36.292076 1576.196045 -79.987167 0.7353 0.7353 0.7353
v 31.116842 1581.624390 -79.987167 0.7353 0.7353 0.7353
v 25.941612 1587.052734 -79.987167 0.7353 0.7353 0.7353
v 59.077038 1534.933105 -79.986229 0.7353 0.7353 0.7353
v 53.385815 1539.817749 -79.986229 0.7353 0.7353 0.7353
v 47.694595 1544.702515 -79.986229 0.7353 0.7353 0.7353
v 42.003372 1549.587158 -79.986229 0.7353 0.7353 0.7353
v 36.312149 1554.471802 -79.986229 0.7353 0.7353 0.7353
v 30.620928 1559.356445 -79.986229 0.7353 0.7353 0.7353
v 24.929705 1564.241211 -79.986229 0.7353 0.7353 0.7353
v 19.238483 1569.125854 -79.986229 0.7353 0.7353 0.7353
v 13.547261 1574.010498 -79.986229 0.7353 0.7353 0.7353
v 52.410400 1526.420044 -79.985397 0.7353 0.7353 0.7353
v 46.302246 1530.772095 -79.985397 0.7353 0.7353 0.7353
v 40.194096 1535.124268 -79.985397 0.7353 0.7353 0.7353
v 34.085945 1539.476318 -79.985397 0.7353 0.7353 0.7353
v 27.977793 1543.828369 -79.985397 0.7353 0.7353 0.7353
v 21.869640 1548.180420 -79.985397 0.7353 0.7353 0.7353
v 15.761489 1552.532471 -79.985397 0.7353 0.7353 0.7353
v 9.653337 1556.884521 -79.985397 0.7353 0.7353 0.7353
v 3.545186 1561.236572 -79.985397 0.7353 0.7353 0.7353
v 43.958202 1512.658447 -79.984169 0.7353 0.7353 0.7353
v 37.320618 1516.150269 -79.984169 0.7353 0.7353 0.7353
v 30.683031 1519.641968 -79.984169 0.7353 0.7353 0.7353
v 24.045444 1523.133789 -79.984169 0.7353 0.7353 0.7353
v 17.407860 1526.625488 -79.984169 0.7353 0.7353 0.7353
v 10.770273 1530.117310 -79.984169 0.7353 0.7353 0.7353
v 4.132687 1533.609131 -79.984169 0.7353 0.7353 0.7353
v -2.504899 1537.100830 -79.984169 0.7353 0.7353 0.7353
v -9.142485 1540.592651 -79.984169 0.7353 0.7353 0.7353
v 37.020176 1496.778198 -79.982925 0.7353 0.7353 0.7353
v 29.948824 1499.277344 -79.982925 0.7353 0.7353 0.7353
v 22.877470 1501.776611 -79.982925 0.7353 0.7353 0.7353
v 15.806116 1504.275757 -79.982925 0.7353 0.7353 0.7353
v 8.734762 1506.774902 -79.982925 0.7353 0.7353 0.7353
v 1.663409 1509.274170 -79.982925 0.7353 0.7353 0.7353
v -5.407945 1511.773315 -79.982925 0.7353 0.7353 0.7353
v -12.479299 1514.272583 -79.982925 0.7353 0.7353 0.7353
v -19.550652 1516.771729 -79.982925 0.7353 0.7353 0.7353
v 33.554031 1485.217529 -79.982086 0.7353 0.7353 0.7353
v 26.267567 1486.994507 -79.982086 0.7353 0.7353 0.7353
v 18.981102 1488.771362 -79.982086 0.7353 0.7353 0.7353
v 11.694636 1490.548340 -79.982086 0.7353 0.7353 0.7353
v 4.408170 1492.325195 -79.982086 0.7353 0.7353 0.7353
v -2.878295 1494.102173 -79.982086 0.7353 0.7353 0.7353
v -10.164761 1495.879028 -79.982086 0.7353 0.7353 0.7353
v -17.451227 1497.656006 -79.982086 0.7353 0.7353 0.7353
v -24.737692 1499.432861 -79.982086 0.7353 0.7353 0.7353
v 30.498278 1466.667603 -79.980873 0.7353 0.7353 0.7353
v 23.023775 1467.285522 -79.980873 0.7353 0.7353 0.7353
v 15.549272 1467.903442 -79.980873 0.7353 0.7353 0.7353
v 8.074768 1468.521362 -79.980873 0.7353 0.7353 0.7353
v 0.600264 1469.139282 -79.980873 0.7353 0.7353 0.7353
v -6.874239 1469.757080 -79.980873 0.7353 0.7353 0.7353
v -14.348743 1470.375000 -79.980873 0.7353 0.7353 0.7353
v -21.823246 1470.992920 -79.980873 0.7353 0.7353 0.7353
v -29.297750 1471.610840 -79.980873 0.7353 0.7353 0.7353
v 29.986963 1450.872070 -79.980011 0.7353 0.7353 0.7353
v 22.487009 1450.897827 -79.980011 0.7353 0.7353 0.7353
v 14.987052 1450.923584 -79.980011 0.7353 0.7353 0.7353
v 7.487097 1450.949463 -79.980011 0.7353 0.7353 0.7353
v -0.012859 1450.975220 -79.980011 0.7353 0.7353 0.7353
v -7.512815 1451.000977 -79.980011 0.7353 0.7353 0.7353
v -15.012771 1451.026733 -79.980011 0.7353 0.7353 0.7353
v -22.512726 1451.052490 -79.980011 0.7353 0.7353 0.7353
v -30.012682 1451.078247 -79.980011 0.7353 0.7353 0.7353
v 29.996973 1432.014160 -79.979195 0.7353 0.7353 0.7353
v 22.496973 1432.014282 -79.979195 0.7353 0.7353 0.7353
v 14.996972 1432.014282 -79.979195 0.7353 0.7353 0.7353
v 7.496972 1432.014404 -79.979195 0.7353 0.7353 0.7353
v -0.003028 1432.014526 -79.979195 0.7353 0.7353 0.7353
v -7.503028 1432.014526 -79.979195 0.7353 0.7353 0.7353
v -15.003028 1432.014648 -79.979195 0.7353 0.7353 0.7353
v -22.503027 1432.014771 -79.979195 0.7353 0.7353 0.7353
v -30.003027 1432.014771 -79.979195 0.7353 0.7353 0.7353
v 29.989922 1407.710815 -79.978302 0.7353 0.7353 0.7353
v 22.489922 1407.710815 -79.978302 0.7353 0.7353 0.7353
v 14.989921 1407.710815 -79.978302 0.7353 0.7353 0.7353
v 7.489921 1407.710815 -79.978302 0.7353 0.7353 0.7353
v -0.010079 1407.710815 -79.978302 0.7353 0.7353 0.7353
v -7.510079 1407.710815 -79.978302 0.7353 0.7353 0.7353
v -15.010079 1407.710815 -79.978302 0.7353 0.7353 0.7353
v -22.510078 1407.710815 -79.978302 0.7353 0.7353 0.7353
v -30.010078 1407.710815 -79.978302 0.7353 0.7353 0.7353
v 29.984198 1383.253174 -79.977592 0.7353 0.7353 0.7353
v 22.484198 1383.253174 -79.977592 0.7353 0.7353 0.7353
v 14.984197 1383.253174 -79.977592 0.7353 0.7353 0.7353
v 7.484197 1383.253174 -79.977592 0.7353 0.7353 0.7353
v -0.015803 1383.253174 -79.977592 0.7353 0.7353 0.7353
v -7.515803 1383.253174 -79.977592 0.7353 0.7353 0.7353
v -15.015803 1383.253174 -79.977592 0.7353 0.7353 0.7353
v -22.515802 1383.253174 -79.977592 0.7353 0.7353 0.7353
v -30.015802 1383.253174 -79.977592 0.7353 0.7353 0.7353
v 29.981361 1368.607178 -79.977272 0.7353 0.7353 0.7353
v 22.481361 1368.607178 -79.977272 0.7353 0.7353 0.7353
v 14.981362 1368.607178 -79.977272 0.7353 0.7353 0.7353
v 7.481362 1368.607178 -79.977272 0.7353 0.7353 0.7353
v -0.018638 1368.607178 -79.977272 0.7353 0.7353 0.7353
v -7.518638 1368.607178 -79.977272 0.7353 0.7353 0.7353
v -15.018638 1368.607178 -79.977272 0.7353 0.7353 0.7353
v -22.518639 1368.607178 -79.977272 0.7353 0.7353 0.7353
v -30.018639 1368.607178 -79.977272 0.7353 0.7353 0.7353
v 29.977362 1342.692139 -79.976891 0.7353 0.7353 0.7353
v 22.477362 1342.692139 -79.976891 0.7353 0.7353 0.7353
v 14.977363 1342.692139 -79.976891 0.7353 0.7353 0.7353
v 7.477362 1342.692139 -79.976891 0.7353 0.7353 0.7353
v -0.022638 1342.692139 -79.976891 0.7353 0.7353 0.7353
v -7.522638 1342.692139 -79.976891 0.7353 0.7353 0.7353
v -15.022637 1342.692139 -79.976891 0.7353 0.7353 0.7353
v -22.522638 1342.692139 -79.976891 0.7353 0.7353 0.7353
v -30.022638 1342.692139 -79.976891 0.7353 0.7353 0.7353
v 29.975645 1328.098999 -79.976784 0.7353 0.7353 0.7353
v 22.475645 1328.098999 -79.976784 0.7353 0.7353 0.7353
v 14.975645 1328.098999 -79.976784 0.7353 0.7353 0.7353
v 7.475646 1328.098999 -79.976784 0.7353 0.7353 0.7353
v -0.024355 1328.098999 -79.976784 0.7353 0.7353 0.7353
v -7.524354 1328.098999 -79.976784 0.7353 0.7353 0.7353
v -15.024355 1328.098999 -79.976784 0.7353 0.7353 0.7353
v -22.524355 1328.098999 -79.976784 0.7353 0.7353 0.7353
v -30.024355 1328.098999 -79.976784 0.7353 0.7353 0.7353
v 29.973341 1300.083252 -79.968750 0.7353 0.7353 0.7353
v 22.473341 1300.083252 -79.968750 0.7353 0.7353 0.7353
v 14.973342 1300.083252 -79.968750 0.7353 0.7353 0.7353
v 7.473341 1300.083252 -79.968750 0.7353 0.7353 0.7353
v -0.026658 1300.083252 -79.968750 0.7353 0.7353 0.7353
v -7.526659 1300.083252 -79.968750 0.7353 0.7353 0.7353
v -15.026658 1300.083252 -79.968750 0.7353 0.7353 0.7353
v -22.526659 1300.083252 -79.968750 0.7353 0.7353 0.7353
v -30.026659 1300.083252 -79.968750 0.7353 0.7353 0.7353
v 29.972569 1284.130005 -79.954735 0.7353 0.7353 0.7353
v 22.472569 1284.130005 -79.954735 0.7353 0.7353 0.7353
v 14.972568 1284.130005 -79.954735 0.7353 0.7353 0.7353
v 7.472568 1284.130005 -79.954735 0.7353 0.7353 0.7353
v -0.027432 1284.130005 -79.954735 0.7353 0.7353 0.7353
v -7.527432 1284.130005 -79.954735 0.7353 0.7353 0.7353
v -15.027432 1284.130005 -79.954735 0.7353 0.7353 0.7353
v -22.527431 1284.130005 -79.954735 0.7353 0.7353 0.7353
v -30.027431 1284.130005 -79.954735 0.7353 0.7353 0.7353
v 29.972057 1254.702515 -79.967674 0.7353 0.7353 0.7353
v 22.472057 1254.702515 -79.967674 0.7353 0.7353 0.7353
v 14.972058 1254.702515 -79.967674 0.7353 0.7353 0.7353
v 7.472058 1254.702515 -79.967674 0.7353 0.7353 0.7353
v -0.027942 1254.702515 -79.967674 0.7353 0.7353 0.7353
v -7.527942 1254.702515 -79.967674 0.7353 0.7353 0.7353
v -15.027942 1254.702515 -79.967674 0.7353 0.7353 0.7353
v -22.527943 1254.702515 -79.967674 0.7353 0.7353 0.7353
v -30.027943 1254.702515 -79.967674 0.7353 0.7353 0.7353
v 29.972481 1228.864258 -80.091965 0.7353 0.7353 0.7353
v 22.472481 1228.864258 -80.091965 0.7353 0.7353 0.7353
v 14.972481 1228.864258 -80.091965 0.7353 0.7353 0.7353
v 7.472480 1228.864258 -80.091965 0.7353 0.7353 0.7353
v -0.027520 1228.864258 -80.091965 0.7353 0.7353 0.7353
v -7.527520 1228.864258 -80.091965 0.7353 0.7353 0.7353
v -15.027519 1228.864258 -80.091965 0.7353 0.7353 0.7353
v -22.527519 1228.864258 -80.091965 0.7353 0.7353 0.7353
v -30.027519 1228.864258 -80.091965 0.7353 0.7353 0.7353
v 29.973167 1211.371826 -80.319664 0.7353 0.7353 0.7353
v 22.473167 1211.371826 -80.319664 0.7353 0.7353 0.7353
v 14.973167 1211.371826 -80.319664 0.7353 0.7353 0.7353
v 7.473167 1211.371826 -80.319664 0.7353 0.7353 0.7353
v -0.026832 1211.371826 -80.319664 0.7353 0.7353 0.7353
v -7.526833 1211.371826 -80.319664 0.7353 0.7353 0.7353
v -15.026833 1211.371826 -80.319664 0.7353 0.7353 0.7353
v -22.526833 1211.371826 -80.319664 0.7353 0.7353 0.7353
v -30.026833 1211.371826 -80.319664 0.7353 0.7353 0.7353
v 29.974567 1187.327393 -80.892891 0.7353 0.7353 0.7353
v 22.474567 1187.327393 -80.892891 0.7353 0.7353 0.7353
v 14.974568 1187.327393 -80.892891 0.7353 0.7353 0.7353
v 7.474568 1187.327393 -80.892891 0.7353 0.7353 0.7353
v -0.025432 1187.327393 -80.892891 0.7353 0.7353 0.7353
v -7.525432 1187.327393 -80.892891 0.7353 0.7353 0.7353
v -15.025432 1187.327393 -80.892891 0.7353 0.7353 0.7353
v -22.525433 1187.327393 -80.892891 0.7353 0.7353 0.7353
v -30.025433 1187.327393 -80.892891 0.7353 0.7353 0.7353
v 29.976381 1163.662842 -81.788857 0.7353 0.7353 0.7353
v 22.476381 1163.662842 -81.788857 0.7353 0.7353 0.7353
v 14.976381 1163.662842 -81.788857 0.7353 0.7353 0.7353
v 7.476382 1163.662842 -81.788857 0.7353 0.7353 0.7353
v -0.023618 1163.662842 -81.788857 0.7353 0.7353 0.7353
v -7.523618 1163.662842 -81.788857 0.7353 0.7353 0.7353
v -15.023619 1163.662842 -81.788857 0.7353 0.7353 0.7353
v -22.523619 1163.662842 -81.788857 0.7353 0.7353 0.7353
v -30.023619 1163.662842 -81.788857 0.7353 0.7353 0.7353
v 29.977711 1148.714966 -82.543114 0.7353 0.7353 0.7353
v 22.477711 1148.714966 -82.543114 0.7353 0.7353 0.7353
v 14.977711 1148.714966 -82.543114 0.7353 0.7353 0.7353
v 7.477711 1148.714966 -82.543114 0.7353 0.7353 0.7353
v -0.022289 1148.714966 -82.543114 0.7353 0.7353 0.7353
v -7.522289 1148.714966 -82.543114 0.7353 0.7353 0.7353
v -15.022289 1148.714966 -82.543114 0.7353 0.7353 0.7353
v -22.522289 1148.714966 -82.543114 0.7353 0.7353 0.7353
v -30.022289 1148.714966 -82.543114 0.7353 0.7353 0.7353
v 29.980112 1124.411133 -84.112274 0.7353 0.7353 0.7353
v 22.480112 1124.411133 -84.112274 0.7353 0.7353 0.7353
v 14.980111 1124.411133 -84.112274 0.7353 0.7353 0.7353
v 7.480112 1124.411133 -84.112274 0.7353 0.7353 0.7353
v -0.019888 1124.411133 -84.112274 0.7353 0.7353 0.7353
v -7.519888 1124.411133 -84.112274 0.7353 0.7353 0.7353
v -15.019889 1124.411133 -84.112274 0.7353 0.7353 0.7353
v -22.519888 1124.411133 -84.112274 0.7353 0.7353 0.7353
v -30.019888 1124.411133 -84.112274 0.7353 0.7353 0.7353
v 29.981674 1109.706543 -85.284340 0.7353 0.7353 0.7353
v 22.481674 1109.706543 -85.284340 0.7353 0.7353 0.7353
v 14.981674 1109.706543 -85.284340 0.7353 0.7353 0.7353
v 7.481674 1109.706543 -85.284340 0.7353 0.7353 0.7353
v -0.018326 1109.706543 -85.284340 0.7353 0.7353 0.7353
v -7.518326 1109.706543 -85.284340 0.7353 0.7353 0.7353
v -15.018326 1109.706543 -85.284340 0.7353 0.7353 0.7353
v -22.518326 1109.706543 -85.284340 0.7353 0.7353 0.7353
v -30.018326 1109.706543 -85.284340 0.7353 0.7353 0.7353
v 29.984505 1084.255859 -87.745651 0.7353 0.7353 0.7353
v 22.484505 1084.255859 -87.745651 0.7353 0.7353 0.7353
v 14.984505 1084.255859 -87.745651 0.7353 0.7353 0.7353
v 7.484505 1084.255859 -87.745651 0.7353 0.7353 0.7353
v -0.015495 1084.255859 -87.745651 0.7353 0.7353 0.7353
v -7.515495 1084.255859 -87.745651 0.7353 0.7353 0.7353
v -15.015495 1084.255859 -87.745651 0.7353 0.7353 0.7353
v -22.515495 1084.255859 -87.745651 0.7353 0.7353 0.7353
v -30.015495 1084.255859 -87.745651 0.7353 0.7353 0.7353
v 29.986217 1069.196289 -89.479294 0.7353 0.7353 0.7353
v 22.486217 1069.196289 -89.479294 0.7353 0.7353 0.7353
v 14.986218 1069.196289 -89.479294 0.7353 0.7353 0.7353
v 7.486218 1069.196289 -89.479294 0.7353 0.7353 0.7353
v -0.013782 1069.196289 -89.479294 0.7353 0.7353 0.7353
v -7.513782 1069.196289 -89.479294 0.7353 0.7353 0.7353
v -15.013782 1069.196289 -89.479294 0.7353 0.7353 0.7353
v -22.513783 1069.196289 -89.479294 0.7353 0.7353 0.7353
v -30.013783 1069.196289 -89.479294 0.7353 0.7353 0.7353
v 29.989492 1040.281250 -93.438248 0.7353 0.7353 0.7353
v 22.489492 1040.281250 -93.438248 0.7353 0.7353 0.7353
v 14.989491 1040.281250 -93.438248 0.7353 0.7353 0.7353
v 7.489491 1040.281250 -93.438248 0.7353 0.7353 0.7353
v -0.010509 1040.281250 -93.438248 0.7353 0.7353 0.7353
v -7.510509 1040.281250 -93.438248 0.7353 0.7353 0.7353
v -15.010509 1040.281250 -93.438248 0.7353 0.7353 0.7353
v -22.510508 1040.281250 -93.438248 0.7353 0.7353 0.7353
v -30.010508 1040.281250 -93.438248 0.7353 0.7353 0.7353
v 29.992062 1016.624084 -97.331894 0.7353 0.7353 0.7353
v 22.492062 1016.624084 -97.331894 0.7353 0.7353 0.7353
v 14.992062 1016.624084 -97.331894 0.7353 0.7353 0.7353
v 7.492062 1016.624084 -97.331894 0.7353 0.7353 0.7353
v -0.007939 1016.624084 -97.331894 0.7353 0.7353 0.7353
v -7.507938 1016.624084 -97.331894 0.7353 0.7353 0.7353
v -15.007938 1016.624084 -97.331894 0.7353 0.7353 0.7353
v -22.507938 1016.624084 -97.331894 0.7353 0.7353 0.7353
v -30.007938 1016.624084 -97.331894 0.7353 0.7353 0.7353
v 29.993546 1002.132812 -100.024277 0.7353 0.7353 0.7353
v 22.493546 1002.132812 -100.024277 0.7353 0.7353 0.7353
v 14.993546 1002.132812 -100.024277 0.7353 0.7353 0.7353
v 7.493546 1002.132812 -100.024277 0.7353 0.7353 0.7353
v -0.006454 1002.132812 -100.024277 0.7353 0.7353 0.7353
v -7.506454 1002.132812 -100.024277 0.7353 0.7353 0.7353
v -15.006454 1002.132812 -100.024277 0.7353 0.7353 0.7353
v -22.506454 1002.132812 -100.024277 0.7353 0.7353 0.7353
v -30.006454 1002.132812 -100.024277 0.7353 0.7353 0.7353
v 29.995834 977.562439 -105.151382 0.7353 0.7353 0.7353
v 22.495834 977.562439 -105.151382 0.7353 0.7353 0.7353
v 14.995834 977.562439 -105.151382 0.7353 0.7353 0.7353
v 7.495835 977.562439 -105.151382 0.7353 0.7353 0.7353
v -0.004165 977.562439 -105.151382 0.7353 0.7353 0.7353
v -7.504165 977.562439 -105.151382 0.7353 0.7353 0.7353
v -15.004166 977.562439 -105.151382 0.7353 0.7353 0.7353
v -22.504166 977.562439 -105.151382 0.7353 0.7353 0.7353
v -30.004166 977.562439 -105.151382 0.7353 0.7353 0.7353
v 29.996994 963.332214 -108.459099 0.7353 0.7353 0.7353
v 22.496994 963.332214 -108.459099 0.7353 0.7353 0.7353
v 14.996994 963.332214 -108.459099 0.7353 0.7353 0.7353
v 7.496994 963.332214 -108.459099 0.7353 0.7353 0.7353
v -0.003006 963.332214 -108.459099 0.7353 0.7353 0.7353
v -7.503006 963.332214 -108.459099 0.7353 0.7353 0.7353
v -15.003006 963.332214 -108.459099 0.7353 0.7353 0.7353
v -22.503006 963.332214 -108.459099 0.7353 0.7353 0.7353
v -30.003006 963.332214 -108.459099 0.7353 0.7353 0.7353
v 29.998659 938.290405 -114.916313 0.7353 0.7353 0.7353
v 22.498659 938.290405 -114.916313 0.7353 0.7353 0.7353
v 14.998659 938.290405 -114.916313 0.7353 0.7353 0.7353
v 7.498659 938.290405 -114.916313 0.7353 0.7353 0.7353
v -0.001341 938.290405 -114.916313 0.7353 0.7353 0.7353
v -7.501341 938.290405 -114.916313 0.7353 0.7353 0.7353
v -15.001341 938.290405 -114.916313 0.7353 0.7353 0.7353
v -22.501341 938.290405 -114.916313 0.7353 0.7353 0.7353
v -30.001341 938.290405 -114.916313 0.7353 0.7353 0.7353
v 29.999350 924.147644 -118.938972 0.7353 0.7353 0.7353
v 22.499350 924.147644 -118.938972 0.7353 0.7353 0.7353
v 14.999349 924.147644 -118.938972 0.7353 0.7353 0.7353
v 7.499349 924.147644 -118.938972 0.7353 0.7353 0.7353
v -0.000651 924.147644 -118.938972 0.7353 0.7353 0.7353
v -7.500651 924.147644 -118.938972 0.7353 0.7353 0.7353
v -15.000651 924.147644 -118.938972 0.7353 0.7353 0.7353
v -22.500650 924.147644 -118.938972 0.7353 0.7353 0.7353
v -30.000650 924.147644 -118.938972 0.7353 0.7353 0.7353
v 30.000063 897.264832 -127.378731 0.7353 0.7353 0.7353
v 22.500063 897.264832 -127.378731 0.7353 0.7353 0.7353
v 15.000062 897.264832 -127.378731 0.7353 0.7353 0.7353
v 7.500062 897.264832 -127.378731 0.7353 0.7353 0.7353
v 0.000062 897.264832 -127.378731 0.7353 0.7353 0.7353
v -7.499938 897.264832 -127.378731 0.7353 0.7353 0.7353
v -14.999938 897.264832 -127.378731 0.7353 0.7353 0.7353
v -22.499937 897.264832 -127.378731 0.7353 0.7353 0.7353
v -29.999937 897.264832 -127.378731 0.7353 0.7353 0.7353
v 30.000101 889.453247 -129.999985 0.7353 0.7353 0.7353
v 22.500101 889.453247 -129.999985 0.7353 0.7353 0.7353
v 15.000102 889.453247 -129.999985 0.7353 0.7353 0.7353
v 7.500102 889.453247 -129.999985 0.7353 0.7353 0.7353
v 0.000102 889.453247 -129.999985 0.7353 0.7353 0.7353
v -7.499898 889.453247 -129.999985 0.7353 0.7353 0.7353
v -14.999898 889.453247 -129.999985 0.7353 0.7353 0.7353
v -22.499899 889.453247 -129.999985 0.7353 0.7353 0.7353
v -29.999899 889.453247 -129.999985 0.7353 0.7353 0.7353
v 331.051880 1636.764282 -79.999992 0.9063 0.9063 0.9063
v 331.051880 1636.764282 -82.999992 0.9063 0.9063 0.9063
v 226.897171 1636.764404 -79.997810 0.9063 0.9063 0.9063
v 226.897049 1636.764404 -82.997810 0.9063 0.9063 0.9063
v 198.724106 1636.764282 -79.996628 0.9063 0.9063 0.9063
v 198.723969 1636.764282 -82.996628 0.9063 0.9063 0.9063
v 182.959549 1636.764526 -79.995872 0.9063 0.9063 0.9063
v 182.959412 1636.764526 -82.995872 0.9063 0.9063 0.9063
v 154.106110 1636.799927 -79.994362 0.9063 0.9063 0.9063
v 154.105957 1636.799927 -82.994362 0.9063 0.9063 0.9063
v 129.250473 1635.444336 -79.993141 0.9063 0.9063 0.9063
v 129.250336 1635.444336 -82.993141 0.9063 0.9063 0.9063
v 105.030777 1630.882812 -79.991928 0.9063 0.9063 0.9063
v 105.030632 1630.882812 -82.991928 0.9063 0.9063 0.9063
v 86.659538 1625.071533 -79.990936 0.9063 0.9063 0.9063
v 86.659401 1625.071533 -82.990936 0.9063 0.9063 0.9063
v 62.031517 1613.656372 -79.989525 0.9063 0.9063 0.9063
v 62.031380 1613.656250 -82.989525 0.9063 0.9063 0.9063
v 46.405487 1603.840820 -79.988556 0.9063 0.9063 0.9063
v 46.405357 1603.840698 -82.988556 0.9063 0.9063 0.9063
v 25.941612 1587.052734 -79.987167 0.9063 0.9063 0.9063
v 25.941498 1587.052734 -82.987167 0.9063 0.9063 0.9063
v 13.547261 1574.010498 -79.986229 0.9063 0.9063 0.9063
v 13.547160 1574.010376 -82.986229 0.9063 0.9063 0.9063
v 3.545186 1561.236572 -79.985397 0.9063 0.9063 0.9063
v 3.545098 1561.236450 -82.985397 0.9063 0.9063 0.9063
v -9.142485 1540.592651 -79.984169 0.9063 0.9063 0.9063
v -9.142552 1540.592529 -82.984169 0.9063 0.9063 0.9063
v -19.550652 1516.771729 -79.982925 0.9063 0.9063 0.9063
v -19.550699 1516.771606 -82.982925 0.9063 0.9063 0.9063
v -24.737692 1499.432861 -79.982086 0.9063 0.9063 0.9063
v -24.737724 1499.432739 -82.982086 0.9063 0.9063 0.9063
v -29.297750 1471.610840 -79.980873 0.9063 0.9063 0.9063
v -29.297760 1471.610718 -82.980873 0.9063 0.9063 0.9063
v -30.012682 1451.078247 -79.980011 0.9063 0.9063 0.9063
v -30.012682 1451.078125 -82.980011 0.9063 0.9063 0.9063
v -30.003027 1432.014771 -79.979195 0.9063 0.9063 0.9063
v -30.003027 1432.014648 -82.979195 0.9063 0.9063 0.9063
v -30.010078 1407.710815 -79.978302 0.9063 0.9063 0.9063
v -30.010078 1407.710693 -82.978302 0.9063 0.9063 0.9063
v -30.015802 1383.253174 -79.977592 0.9063 0.9063 0.9063
v -30.015802 1383.253174 -82.977592 0.9063 0.9063 0.9063
v -30.018639 1368.607178 -79.977272 0.9063 0.9063 0.9063
v -30.018639 1368.607056 -82.977272 0.9063 0.9063 0.9063
v -30.022638 1342.692139 -79.976891 0.9063 0.9063 0.9063
v -30.022638 1342.692139 -82.976891 0.9063 0.9063 0.9063
v -30.024355 1328.098999 -79.976784 0.9063 0.9063 0.9063
v -30.024355 1328.098877 -82.976784 0.9063 0.9063 0.9063
v -30.026659 1300.083252 -79.968750 0.9063 0.9063 0.9063
v -30.026659 1300.080566 -82.968742 0.9063 0.9063 0.9063
v -30.027431 1284.130005 -79.954735 0.9063 0.9063 0.9063
v -30.027431 1284.127930 -82.954735 0.9063 0.9063 0.9063
v -30.027943 1254.702515 -79.967674 0.9063 0.9063 0.9063
v -30.027943 1254.709106 -82.967667 0.9063 0.9063 0.9063
v -30.027519 1228.864258 -80.091965 0.9063 0.9063 0.9063
v -30.027519 1228.890869 -83.091850 0.9063 0.9063 0.9063
v -30.026833 1211.371826 -80.319664 0.9063 0.9063 0.9063
v -30.026833 1211.424072 -83.319206 0.9063 0.9063 0.9063
v -30.025433 1187.327393 -80.892891 0.9063 0.9063 0.9063
v -30.025433 1187.419189 -83.891479 0.9063 0.9063 0.9063
v -30.023619 1163.662842 -81.788857 0.9063 0.9063 0.9063
v -30.023619 1163.798950 -84.785767 0.9063 0.9063 0.9063
v -30.022289 1148.714966 -82.543114 0.9063 0.9063 0.9063
v -30.022289 1148.881836 -85.538475 0.9063 0.9063 0.9063
v -30.019888 1124.411133 -84.112274 0.9063 0.9063 0.9063
v -30.019888 1124.632080 -87.104134 0.9063 0.9063 0.9063
v -30.018326 1109.706543 -85.284340 0.9063 0.9063 0.9063
v -30.018326 1109.962891 -88.273369 0.9063 0.9063 0.9063
v -30.015495 1084.255859 -87.745651 0.9063 0.9063 0.9063
v -30.015495 1084.578247 -90.728271 0.9063 0.9063 0.9063
v -30.013783 1069.196289 -89.479294 0.9063 0.9063 0.9063
v -30.013783 1069.560791 -92.457077 0.9063 0.9063 0.9063
v -30.010508 1040.281250 -93.438248 0.9063 0.9063 0.9063
v -30.010508 1040.731812 -96.404228 0.9063 0.9063 0.9063
v -30.007938 1016.624084 -97.331894 0.9063 0.9063 0.9063
v -30.007938 1017.148743 -100.285652 0.9063 0.9063 0.9063
v -30.006454 1002.132812 -100.024277 0.9063 0.9063 0.9063
v -30.006454 1002.704590 -102.969276 0.9063 0.9063 0.9063
v -30.004166 977.562439 -105.151382 0.9063 0.9063 0.9063
v -30.004166 978.217102 -108.079086 0.9063 0.9063 0.9063
v -30.003006 963.332214 -108.459099 0.9063 0.9063 0.9063
v -30.003006 964.036499 -111.375252 0.9063 0.9063 0.9063
v -30.001341 938.290405 -114.916313 0.9063 0.9063 0.9063
v -30.001341 939.085083 -117.809158 0.9063 0.9063 0.9063
v -30.000650 924.147644 -118.938972 0.9063 0.9063 0.9063
v -30.000650 924.994995 -121.816826 0.9063 0.9063 0.9063
v -29.999937 897.264832 -127.378731 0.9063 0.9063 0.9063
v -29.999937 898.212036 -130.225266 0.9063 0.9063 0.9063
v -29.999899 889.453247 -129.999985 0.9063 0.9063 0.9063
v -29.999899 890.416138 -132.841263 0.9063 0.9063 0.9063
v 331.051880 1576.764282 -79.999992 0.9063 0.9063 0.9063
v 331.051880 1576.764282 -82.999992 0.9063 0.9063 0.9063
v 226.897171 1576.764404 -79.997810 0.9063 0.9063 0.9063
v 226.897049 1576.764404 -82.997810 0.9063 0.9063 0.9063
v 198.724060 1576.764282 -79.996628 0.9063 0.9063 0.9063
v 198.723923 1576.764282 -82.996628 0.9063 0.9063 0.9063
v 182.958405 1576.764526 -79.995872 0.9063 0.9063 0.9063
v 182.958252 1576.764526 -82.995872 0.9063 0.9063 0.9063
v 154.294647 1576.800171 -79.994362 0.9063 0.9063 0.9063
v 154.294479 1576.800171 -82.994362 0.9063 0.9063 0.9063
v 136.148773 1575.842163 -79.993141 0.9063 0.9063 0.9063
v 136.148560 1575.842163 -82.993141 0.9063 0.9063 0.9063
v 120.028328 1572.787354 -79.991928 0.9063 0.9063 0.9063
v 120.028107 1572.787354 -82.991928 0.9063 0.9063 0.9063
v 107.799194 1568.918945 -79.990936 0.9063 0.9063 0.9063
v 107.798981 1568.918823 -82.990936 0.9063 0.9063 0.9063
v 91.400299 1561.335449 -79.989525 0.9063 0.9063 0.9063
v 91.400093 1561.335327 -82.989525 0.9063 0.9063 0.9063
v 80.988686 1554.810181 -79.988556 0.9063 0.9063 0.9063
v 80.988495 1554.810059 -82.988556 0.9063 0.9063 0.9063
v 67.343468 1543.625977 -79.987167 0.9063 0.9063 0.9063
v 67.343292 1543.625854 -82.987167 0.9063 0.9063 0.9063
v 59.077038 1534.933105 -79.986229 0.9063 0.9063 0.9063
v 59.076885 1534.932983 -82.986229 0.9063 0.9063 0.9063
v 52.410400 1526.420044 -79.985397 0.9063 0.9063 0.9063
v 52.410267 1526.419922 -82.985397 0.9063 0.9063 0.9063
v 43.958202 1512.658447 -79.984169 0.9063 0.9063 0.9063
v 43.958103 1512.658325 -82.984169 0.9063 0.9063 0.9063
v 37.020176 1496.778198 -79.982925 0.9063 0.9063 0.9063
v 37.020107 1496.777954 -82.982925 0.9063 0.9063 0.9063
v 33.554031 1485.217529 -79.982086 0.9063 0.9063 0.9063
v 33.553986 1485.217407 -82.982086 0.9063 0.9063 0.9063
v 30.498278 1466.667603 -79.980873 0.9063 0.9063 0.9063
v 30.498264 1466.667480 -82.980873 0.9063 0.9063 0.9063
v 29.986963 1450.872070 -79.980011 0.9063 0.9063 0.9063
v 29.986963 1450.871948 -82.980011 0.9063 0.9063 0.9063
v 29.996973 1432.014160 -79.979195 0.9063 0.9063 0.9063
v 29.996973 1432.014038 -82.979195 0.9063 0.9063 0.9063
v 29.989922 1407.710815 -79.978302 0.9063 0.9063 0.9063
v 29.989922 1407.710693 -82.978302 0.9063 0.9063 0.9063
v 29.984198 1383.253174 -79.977592 0.9063 0.9063 0.9063
v 29.984198 1383.253174 -82.977592 0.9063 0.9063 0.9063
v 29.981361 1368.607178 -79.977272 0.9063 0.9063 0.9063
v 29.981361 1368.607056 -82.977272 0.9063 0.9063 0.9063
v 29.977362 1342.692139 -79.976891 0.9063 0.9063 0.9063
v 29.977362 1342.692139 -82.976891 0.9063 0.9063 0.9063
v 29.975645 1328.098999 -79.976784 0.9063 0.9063 0.9063
v 29.975645 1328.098877 -82.976784 0.9063 0.9063 0.9063
v 29.973341 1300.083252 -79.968750 0.9063 0.9063 0.9063
v 29.973341 1300.080566 -82.968742 0.9063 0.9063 0.9063
v 29.972569 1284.130005 -79.954735 0.9063 0.9063 0.9063
v 29.972569 1284.127930 -82.954735 0.9063 0.9063 0.9063
v 29.972057 1254.702515 -79.967674 0.9063 0.9063 0.9063
v 29.972057 1254.709106 -82.967667 0.9063 0.9063 0.9063
v 29.972481 1228.864258 -80.091965 0.9063 0.9063 0.9063
v 29.972481 1228.890869 -83.091850 0.9063 0.9063 0.9063
v 29.973167 1211.371826 -80.319664 0.9063 0.9063 0.9063
v 29.973167 1211.424072 -83.319206 0.9063 0.9063 0.9063
v 29.974567 1187.327393 -80.892891 0.9063 0.9063 0.9063
v 29.974567 1187.419189 -83.891479 0.9063 0.9063 0.9063
v 29.976381 1163.662842 -81.788857 0.9063 0.9063 0.9063
v 29.976381 1163.798950 -84.785767 0.9063 0.9063 0.9063
v 29.977711 1148.714966 -82.543114 0.9063 0.9063 0.9063
v 29.977711 1148.881836 -85.538475 0.9063 0.9063 0.9063
v 29.980112 1124.411133 -84.112274 0.9063 0.9063 0.9063
v 29.980112 1124.632080 -87.104134 0.9063 0.9063 0.9063
v 29.981674 1109.706543 -85.284340 0.9063 0.9063 0.9063
v 29.981674 1109.962891 -88.273369 0.9063 0.9063 0.9063
v 29.984505 1084.255859 -87.745651 0.9063 0.9063 0.9063
v 29.984505 1084.578247 -90.728271 0.9063 0.9063 0.9063
v 29.986217 1069.196289 -89.479294 0.9063 0.9063 0.9063
v 29.986217 1069.560791 -92.457077 0.9063 0.9063 0.9063
v 29.989492 1040.281250 -93.438248 0.9063 0.9063 0.9063
v 29.989492 1040.731812 -96.404228 0.9063 0.9063 0.9063
v 29.992062 1016.624084 -97.331894 0.9063 0.9063 0.9063
v 29.992062 1017.148743 -100.285652 0.9063 0.9063 0.9063
v 29.993546 1002.132812 -100.024277 0.9063 0.9063 0.9063
v 29.993546 1002.704590 -102.969276 0.9063 0.9063 0.9063
v 29.995834 977.562439 -105.151382 0.9063 0.9063 0.9063
v 29.995834 978.217102 -108.079086 0.9063 0.9063 0.9063
v 29.996994 963.332214 -108.459099 0.9063 0.9063 0.9063
v 29.996994 964.036499 -111.375252 0.9063 0.9063 0.9063
v 29.998659 938.290405 -114.916313 0.9063 0.9063 0.9063
v 29.998659 939.085083 -117.809158 0.9063 0.9063 0.9063
v 29.999350 924.147644 -118.938972 0.9063 0.9063 0.9063
v 29.999350 924.994995 -121.816826 0.9063 0.9063 0.9063
v 30.000063 897.264832 -127.378731 0.9063 0.9063 0.9063
v 30.000063 898.212036 -130.225266 0.9063 0.9063 0.9063
v 30.000101 889.453247 -129.999985 0.9063 0.9063 0.9063
v 30.000101 890.416138 -132.841263 0.9063 0.9063 0.9063
v 30.011168 1454.983521 -79.980209 0.7353 0.7353 0.7353
v 27.057590 1455.014160 -79.980209 0.7353 0.7353 0.7353
v 24.104012 1455.044922 -79.980209 0.7353 0.7353 0.7353
v 21.150433 1455.075562 -79.980209 0.7353 0.7353 0.7353
v 18.196854 1455.106201 -79.980209 0.7353 0.7353 0.7353
v 15.243275 1455.136963 -79.980209 0.7353 0.7353 0.7353
v 12.289696 1455.167603 -79.980209 0.7353 0.7353 0.7353
v 9.336117 1455.198242 -79.980209 0.7353 0.7353 0.7353
v 30.010122 1454.891357 -79.980202 0.7353 0.7353 0.7353
v 27.056536 1454.921265 -80.480202 0.7353 0.7353 0.7353
v 24.102951 1454.951294 -80.480202 0.7353 0.7353 0.7353
v 21.149364 1454.981323 -80.480202 0.7353 0.7353 0.7353
v 18.195780 1455.011353 -80.480202 0.7353 0.7353 0.7353
v 15.242194 1455.041382 -80.480202 0.7353 0.7353 0.7353
v 12.288609 1455.071411 -80.480202 0.7353 0.7353 0.7353
v 9.335023 1455.101440 -79.980202 0.7353 0.7353 0.7353
v 30.009102 1454.798950 -79.980194 0.7353 0.7353 0.7353
v 27.055510 1454.828369 -80.480194 0.7353 0.7353 0.7353
v 24.101917 1454.857666 -80.480194 0.7353 0.7353 0.7353
v 21.148325 1454.887085 -80.480194 0.7353 0.7353 0.7353
v 18.194733 1454.916382 -80.480194 0.7353 0.7353 0.7353
v 15.241141 1454.945801 -80.480194 0.7353 0.7353 0.7353
v 12.287549 1454.975098 -80.480194 0.7353 0.7353 0.7353
v 9.333957 1455.004517 -79.980194 0.7353 0.7353 0.7353
v 29.986963 1450.872070 -79.980011 0.7353 0.7353 0.7353
v 27.033243 1450.882202 -80.480011 0.7353 0.7353 0.7353
v 24.079525 1450.892456 -80.480011 0.7353 0.7353 0.7353
v 21.125805 1450.902588 -80.480011 0.7353 0.7353 0.7353
v 18.172085 1450.912720 -80.480011 0.7353 0.7353 0.7353
v 15.218365 1450.922852 -80.480011 0.7353 0.7353 0.7353
v 12.264646 1450.932983 -80.480011 0.7353 0.7353 0.7353
v 9.310925 1450.943115 -79.980011 0.7353 0.7353 0.7353
v 29.986757 1450.699463 -79.980003 0.7353 0.7353 0.7353
v 27.033035 1450.709106 -80.480003 0.7353 0.7353 0.7353
v 24.079313 1450.718750 -80.480003 0.7353 0.7353 0.7353
v 21.125593 1450.728394 -80.480003 0.7353 0.7353 0.7353
v 18.171871 1450.738037 -80.480003 0.7353 0.7353 0.7353
v 15.218150 1450.747681 -80.480003 0.7353 0.7353 0.7353
v 12.264428 1450.757202 -80.480003 0.7353 0.7353 0.7353
v 9.310707 1450.766846 -79.980003 0.7353 0.7353 0.7353
v 29.986584 1450.507324 -79.979988 0.7353 0.7353 0.7353
v 27.032860 1450.516357 -80.479988 0.7353 0.7353 0.7353
v 24.079138 1450.525513 -80.479988 0.7353 0.7353 0.7353
v 21.125414 1450.534546 -80.479988 0.7353 0.7353 0.7353
v 18.171692 1450.543579 -80.479988 0.7353 0.7353 0.7353
v 15.217968 1450.552734 -80.479988 0.7353 0.7353 0.7353
v 12.264245 1450.561768 -80.479988 0.7353 0.7353 0.7353
v 9.310522 1450.570801 -79.979988 0.7353 0.7353 0.7353
v 29.992445 1446.280884 -79.979805 0.7353 0.7353 0.7353
v 27.038708 1446.282959 -80.479805 0.7353 0.7353 0.7353
v 24.084972 1446.285034 -80.479805 0.7353 0.7353 0.7353
v 21.131235 1446.287109 -80.479805 0.7353 0.7353 0.7353
v 18.177500 1446.289185 -80.479805 0.7353 0.7353 0.7353
v 15.223763 1446.291260 -80.479805 0.7353 0.7353 0.7353
v 12.270026 1446.293335 -80.479805 0.7353 0.7353 0.7353
v 9.316290 1446.295410 -79.979805 0.7353 0.7353 0.7353
v 29.992905 1446.084717 -79.979790 0.7353 0.7353 0.7353
v 27.039167 1446.086670 -80.479790 0.7353 0.7353 0.7353
v 24.085430 1446.088623 -80.479790 0.7353 0.7353 0.7353
v 21.131693 1446.090454 -80.479790 0.7353 0.7353 0.7353
v 18.177958 1446.092407 -80.479790 0.7353 0.7353 0.7353
v 15.224220 1446.094238 -80.479790 0.7353 0.7353 0.7353
v 12.270483 1446.096191 -80.479790 0.7353 0.7353 0.7353
v 9.316747 1446.098145 -79.979790 0.7353 0.7353 0.7353
v 30.000044 1441.806030 -79.979614 0.7353 0.7353 0.7353
v 27.046309 1441.806030 -80.479614 0.7353 0.7353 0.7353
v 24.092571 1441.806030 -80.479614 0.7353 0.7353 0.7353
v 21.138836 1441.806030 -80.479614 0.7353 0.7353 0.7353
v 18.185099 1441.806030 -80.479614 0.7353 0.7353 0.7353
v 15.231362 1441.806030 -80.479614 0.7353 0.7353 0.7353
v 12.277626 1441.806152 -80.479614 0.7353 0.7353 0.7353
v 9.323889 1441.806152 -79.979614 0.7353 0.7353 0.7353
v 30.000153 1441.608521 -79.979599 0.7353 0.7353 0.7353
v 27.046417 1441.608521 -80.479599 0.7353 0.7353 0.7353
v 24.092680 1441.608521 -80.479599 0.7353 0.7353 0.7353
v 21.138945 1441.608521 -80.479599 0.7353 0.7353 0.7353
v 18.185207 1441.608521 -80.479599 0.7353 0.7353 0.7353
v 15.231471 1441.608521 -80.479599 0.7353 0.7353 0.7353
v 12.277735 1441.608398 -80.479599 0.7353 0.7353 0.7353
v 9.323998 1441.608398 -79.979599 0.7353 0.7353 0.7353
v 29.998657 1437.313477 -79.979424 0.7353 0.7353 0.7353
v 27.044922 1437.313232 -80.479424 0.7353 0.7353 0.7353
v 24.091187 1437.312866 -80.479424 0.7353 0.7353 0.7353
v 21.137451 1437.312622 -80.479424 0.7353 0.7353 0.7353
v 18.183716 1437.312378 -80.479424 0.7353 0.7353 0.7353
v 15.229980 1437.312012 -80.479424 0.7353 0.7353 0.7353
v 12.276245 1437.311768 -80.479424 0.7353 0.7353 0.7353
v 9.322509 1437.311523 -79.979424 0.7353 0.7353 0.7353
v 29.998545 1437.115601 -79.979408 0.7353 0.7353 0.7353
v 27.044809 1437.115356 -80.479408 0.7353 0.7353 0.7353
v 24.091074 1437.114990 -80.479408 0.7353 0.7353 0.7353
v 21.137339 1437.114746 -80.479408 0.7353 0.7353 0.7353
v 18.183603 1437.114502 -80.479408 0.7353 0.7353 0.7353
v 15.229867 1437.114258 -80.479408 0.7353 0.7353 0.7353
v 12.276132 1437.113892 -80.479408 0.7353 0.7353 0.7353
v 9.322396 1437.113647 -79.979408 0.7353 0.7353 0.7353
v 29.997169 1432.815063 -79.979233 0.7353 0.7353 0.7353
v 27.043434 1432.815063 -80.479233 0.7353 0.7353 0.7353
v 24.089701 1432.815063 -80.479233 0.7353 0.7353 0.7353
v 21.135965 1432.815063 -80.479233 0.7353 0.7353 0.7353
v 18.182230 1432.814941 -80.479233 0.7353 0.7353 0.7353
v 15.228496 1432.814941 -80.479233 0.7353 0.7353 0.7353
v 12.274760 1432.814941 -80.479233 0.7353 0.7353 0.7353
v 9.321026 1432.814941 -79.979233 0.7353 0.7353 0.7353
v 29.997124 1432.617065 -79.979218 0.7353 0.7353 0.7353
v 27.043388 1432.617065 -80.479218 0.7353 0.7353 0.7353
v 24.089653 1432.617065 -80.479218 0.7353 0.7353 0.7353
v 21.135918 1432.617065 -80.479218 0.7353 0.7353 0.7353
v 18.182182 1432.617188 -80.479218 0.7353 0.7353 0.7353
v 15.228448 1432.617188 -80.479218 0.7353 0.7353 0.7353
v 12.274714 1432.617188 -80.479218 0.7353 0.7353 0.7353
v 9.320978 1432.617188 -79.979218 0.7353 0.7353 0.7353
v 29.996973 1432.014160 -79.979195 0.7353 0.7353 0.7353
v 27.043238 1432.014160 -80.479195 0.7353 0.7353 0.7353
v 24.089502 1432.014282 -80.479195 0.7353 0.7353 0.7353
v 21.135767 1432.014282 -80.479195 0.7353 0.7353 0.7353
v 18.182034 1432.014282 -80.479195 0.7353 0.7353 0.7353
v 15.228298 1432.014282 -80.479195 0.7353 0.7353 0.7353
v 12.274564 1432.014404 -80.479195 0.7353 0.7353 0.7353
v 9.320828 1432.014404 -79.979195 0.7353 0.7353 0.7353
v 29.994772 1425.022217 -79.978920 0.7353 0.7353 0.7353
v 27.041040 1425.022217 -80.478920 0.7353 0.7353 0.7353
v 24.087307 1425.022217 -80.478920 0.7353 0.7353 0.7353
v 21.133574 1425.022217 -80.478920 0.7353 0.7353 0.7353
v 18.179840 1425.022217 -80.478920 0.7353 0.7353 0.7353
v 15.226108 1425.022217 -80.478920 0.7353 0.7353 0.7353
v 12.272375 1425.022217 -80.478920 0.7353 0.7353 0.7353
v 9.318643 1425.022217 -79.978920 0.7353 0.7353 0.7353
v 29.994709 1424.824463 -79.978920 0.7353 0.7353 0.7353
v 27.040976 1424.824463 -80.478920 0.7353 0.7353 0.7353
v 24.087244 1424.824463 -80.478920 0.7353 0.7353 0.7353
v 21.133511 1424.824463 -80.478920 0.7353 0.7353 0.7353
v 18.179777 1424.824463 -80.478920 0.7353 0.7353 0.7353
v 15.226045 1424.824463 -80.478920 0.7353 0.7353 0.7353
v 12.272311 1424.824463 -80.478920 0.7353 0.7353 0.7353
v 9.318579 1424.824463 -79.978920 0.7353 0.7353 0.7353
v 29.992504 1417.229736 -79.978630 0.7353 0.7353 0.7353
v 27.038773 1417.229736 -80.478630 0.7353 0.7353 0.7353
v 24.085041 1417.229736 -80.478630 0.7353 0.7353 0.7353
v 21.131311 1417.229736 -80.478630 0.7353 0.7353 0.7353
v 18.177580 1417.229736 -80.478630 0.7353 0.7353 0.7353
v 15.223849 1417.229736 -80.478630 0.7353 0.7353 0.7353
v 12.270119 1417.229736 -80.478630 0.7353 0.7353 0.7353
v 9.316387 1417.229736 -79.978630 0.7353 0.7353 0.7353
v 29.992449 1417.031982 -79.978630 0.7353 0.7353 0.7353
v 27.038717 1417.031982 -80.478630 0.7353 0.7353 0.7353
v 24.084988 1417.031982 -80.478630 0.7353 0.7353 0.7353
v 21.131256 1417.031982 -80.478630 0.7353 0.7353 0.7353
v 18.177525 1417.031982 -80.478630 0.7353 0.7353 0.7353
v 15.223795 1417.031982 -80.478630 0.7353 0.7353 0.7353
v 12.270063 1417.031982 -80.478630 0.7353 0.7353 0.7353
v 9.316333 1417.031982 -79.978630 0.7353 0.7353 0.7353
v 29.990376 1409.437134 -79.978355 0.7353 0.7353 0.7353
v 27.036648 1409.437134 -80.478355 0.7353 0.7353 0.7353
v 24.082918 1409.437134 -80.478355 0.7353 0.7353 0.7353
v 21.129190 1409.437134 -80.478355 0.7353 0.7353 0.7353
v 18.175461 1409.437134 -80.478355 0.7353 0.7353 0.7353
v 15.221732 1409.437134 -80.478355 0.7353 0.7353 0.7353
v 12.268003 1409.437134 -80.478355 0.7353 0.7353 0.7353
v 9.314275 1409.437134 -79.978355 0.7353 0.7353 0.7353
v 29.990324 1409.239380 -79.978355 0.7353 0.7353 0.7353
v 27.036594 1409.239380 -80.478355 0.7353 0.7353 0.7353
v 24.082867 1409.239380 -80.478355 0.7353 0.7353 0.7353
v 21.129137 1409.239380 -80.478355 0.7353 0.7353 0.7353
v 18.175407 1409.239380 -80.478355 0.7353 0.7353 0.7353
v 15.221680 1409.239380 -80.478355 0.7353 0.7353 0.7353
v 12.267951 1409.239380 -80.478355 0.7353 0.7353 0.7353
v 9.314221 1409.239380 -79.978355 0.7353 0.7353 0.7353
v 29.989922 1407.710815 -79.978302 0.7353 0.7353 0.7353
v 27.036192 1407.710815 -80.478302 0.7353 0.7353 0.7353
v 24.082464 1407.710815 -80.478302 0.7353 0.7353 0.7353
v 21.128736 1407.710815 -80.478302 0.7353 0.7353 0.7353
v 18.175007 1407.710815 -80.478302 0.7353 0.7353 0.7353
v 15.221279 1407.710815 -80.478302 0.7353 0.7353 0.7353
v 12.267550 1407.710815 -80.478302 0.7353 0.7353 0.7353
v 9.313822 1407.710815 -79.978302 0.7353 0.7353 0.7353
v 29.988382 1401.644531 -79.978104 0.7353 0.7353 0.7353
v 27.034657 1401.644531 -80.478104 0.7353 0.7353 0.7353
v 24.080929 1401.644531 -80.478104 0.7353 0.7353 0.7353
v 21.127203 1401.644531 -80.478104 0.7353 0.7353 0.7353
v 18.173475 1401.644531 -80.478104 0.7353 0.7353 0.7353
v 15.219748 1401.644531 -80.478104 0.7353 0.7353 0.7353
v 12.266023 1401.644531 -80.478104 0.7353 0.7353 0.7353
v 9.312296 1401.644531 -79.978104 0.7353 0.7353 0.7353
v 29.988335 1401.446777 -79.978104 0.7353 0.7353 0.7353
v 27.034607 1401.446777 -80.478104 0.7353 0.7353 0.7353
v 24.080881 1401.446777 -80.478104 0.7353 0.7353 0.7353
v 21.127153 1401.446777 -80.478104 0.7353 0.7353 0.7353
v 18.173428 1401.446777 -80.478104 0.7353 0.7353 0.7353
v 15.219700 1401.446777 -80.478104 0.7353 0.7353 0.7353
v 12.265973 1401.446777 -80.478104 0.7353 0.7353 0.7353
v 9.312246 1401.446777 -79.978104 0.7353 0.7353 0.7353
v 29.986521 1393.851807 -79.977875 0.7353 0.7353 0.7353
v 27.032799 1393.851807 -80.477875 0.7353 0.7353 0.7353
v 24.079077 1393.851807 -80.477875 0.7353 0.7353 0.7353
v 21.125353 1393.851807 -80.477875 0.7353 0.7353 0.7353
v 18.171631 1393.851807 -80.477875 0.7353 0.7353 0.7353
v 15.217908 1393.851807 -80.477875 0.7353 0.7353 0.7353
v 12.264185 1393.851807 -80.477875 0.7353 0.7353 0.7353
v 9.310462 1393.851807 -79.977875 0.7353 0.7353 0.7353
v 29.986477 1393.654053 -79.977875 0.7353 0.7353 0.7353
v 27.032753 1393.654053 -80.477875 0.7353 0.7353 0.7353
v 24.079031 1393.654053 -80.477875 0.7353 0.7353 0.7353
v 21.125307 1393.654053 -80.477875 0.7353 0.7353 0.7353
v 18.171585 1393.654053 -80.477875 0.7353 0.7353 0.7353
v 15.217862 1393.654053 -80.477875 0.7353 0.7353 0.7353
v 12.264139 1393.654053 -80.477875 0.7353 0.7353 0.7353
v 9.310416 1393.654053 -79.977875 0.7353 0.7353 0.7353
v 29.984789 1386.059082 -79.977661 0.7353 0.7353 0.7353
v 27.031069 1386.059082 -80.477661 0.7353 0.7353 0.7353
v 24.077349 1386.059082 -80.477661 0.7353 0.7353 0.7353
v 21.123629 1386.059082 -80.477661 0.7353 0.7353 0.7353
v 18.169909 1386.059082 -80.477661 0.7353 0.7353 0.7353
v 15.216189 1386.059082 -80.477661 0.7353 0.7353 0.7353
v 12.262469 1386.059082 -80.477661 0.7353 0.7353 0.7353
v 9.308749 1386.059082 -79.977661 0.7353 0.7353 0.7353
v 29.984747 1385.861328 -79.977661 0.7353 0.7353 0.7353
v 27.031027 1385.861328 -80.477661 0.7353 0.7353 0.7353
v 24.077307 1385.861328 -80.477661 0.7353 0.7353 0.7353
v 21.123587 1385.861328 -80.477661 0.7353 0.7353 0.7353
v 18.169867 1385.861328 -80.477661 0.7353 0.7353 0.7353
v 15.216146 1385.861328 -80.477661 0.7353 0.7353 0.7353
v 12.262426 1385.861328 -80.477661 0.7353 0.7353 0.7353
v 9.308706 1385.861328 -79.977661 0.7353 0.7353 0.7353
v 29.984198 1383.253174 -79.977592 0.7353 0.7353 0.7353
v 27.030478 1383.253174 -80.477592 0.7353 0.7353 0.7353
v 24.076759 1383.253174 -80.477592 0.7353 0.7353 0.7353
v 21.123041 1383.253174 -80.477592 0.7353 0.7353 0.7353
v 18.169323 1383.253174 -80.477592 0.7353 0.7353 0.7353
v 15.215604 1383.253174 -80.477592 0.7353 0.7353 0.7353
v 12.261885 1383.253174 -80.477592 0.7353 0.7353 0.7353
v 9.308167 1383.253174 -79.977592 0.7353 0.7353 0.7353
v 29.983183 1378.266357 -79.977478 0.7353 0.7353 0.7353
v 27.029467 1378.266357 -80.477478 0.7353 0.7353 0.7353
v 24.075750 1378.266357 -80.477478 0.7353 0.7353 0.7353
v 21.122036 1378.266357 -80.477478 0.7353 0.7353 0.7353
v 18.168320 1378.266357 -80.477478 0.7353 0.7353 0.7353
v 15.214603 1378.266357 -80.477478 0.7353 0.7353 0.7353
v 12.260887 1378.266357 -80.477478 0.7353 0.7353 0.7353
v 9.307171 1378.266357 -79.977478 0.7353 0.7353 0.7353
v 29.983145 1378.068604 -79.977478 0.7353 0.7353 0.7353
v 27.029428 1378.068604 -80.477478 0.7353 0.7353 0.7353
v 24.075712 1378.068604 -80.477478 0.7353 0.7353 0.7353
v 21.121996 1378.068604 -80.477478 0.7353 0.7353 0.7353
v 18.168280 1378.068604 -80.477478 0.7353 0.7353 0.7353
v 15.214564 1378.068604 -80.477478 0.7353 0.7353 0.7353
v 12.260848 1378.068604 -80.477478 0.7353 0.7353 0.7353
v 9.307132 1378.068604 -79.977478 0.7353 0.7353 0.7353
v 29.981699 1370.473633 -79.977310 0.7353 0.7353 0.7353
v 27.027987 1370.473633 -80.477310 0.7353 0.7353 0.7353
v 24.074274 1370.473633 -80.477310 0.7353 0.7353 0.7353
v 21.120562 1370.473633 -80.477310 0.7353 0.7353 0.7353
v 18.166849 1370.473633 -80.477310 0.7353 0.7353 0.7353
v 15.213137 1370.473633 -80.477310 0.7353 0.7353 0.7353
v 12.259424 1370.473633 -80.477310 0.7353 0.7353 0.7353
v 9.305712 1370.473633 -79.977310 0.7353 0.7353 0.7353
v 29.981663 1370.275879 -79.977310 0.7353 0.7353 0.7353
v 27.027950 1370.275879 -80.477310 0.7353 0.7353 0.7353
v 24.074238 1370.275879 -80.477310 0.7353 0.7353 0.7353
v 21.120525 1370.275879 -80.477310 0.7353 0.7353 0.7353
v 18.166813 1370.275879 -80.477310 0.7353 0.7353 0.7353
v 15.213100 1370.275879 -80.477310 0.7353 0.7353 0.7353
v 12.259388 1370.275879 -80.477310 0.7353 0.7353 0.7353
v 9.305676 1370.275879 -79.977310 0.7353 0.7353 0.7353
v 29.981361 1368.607178 -79.977272 0.7353 0.7353 0.7353
v 27.027651 1368.607178 -80.477272 0.7353 0.7353 0.7353
v 24.073938 1368.607178 -80.477272 0.7353 0.7353 0.7353
v 21.120228 1368.607178 -80.477272 0.7353 0.7353 0.7353
v 18.166515 1368.607178 -80.477272 0.7353 0.7353 0.7353
v 15.212805 1368.607178 -80.477272 0.7353 0.7353 0.7353
v 12.259093 1368.607178 -80.477272 0.7353 0.7353 0.7353
v 9.305382 1368.607178 -79.977272 0.7353 0.7353 0.7353
v 29.980335 1362.681274 -79.977165 0.7353 0.7353 0.7353
v 27.026628 1362.681274 -80.477165 0.7353 0.7353 0.7353
v 24.072920 1362.681274 -80.477165 0.7353 0.7353 0.7353
v 21.119211 1362.681274 -80.477165 0.7353 0.7353 0.7353
v 18.165504 1362.681274 -80.477165 0.7353 0.7353 0.7353
v 15.211796 1362.681274 -80.477165 0.7353 0.7353 0.7353
v 12.258088 1362.681274 -80.477165 0.7353 0.7353 0.7353
v 9.304380 1362.681274 -79.977165 0.7353 0.7353 0.7353
v 29.980303 1362.483521 -79.977165 0.7353 0.7353 0.7353
v 27.026594 1362.483521 -80.477165 0.7353 0.7353 0.7353
v 24.072887 1362.483521 -80.477165 0.7353 0.7353 0.7353
v 21.119179 1362.483521 -80.477165 0.7353 0.7353 0.7353
v 18.165470 1362.483521 -80.477165 0.7353 0.7353 0.7353
v 15.211762 1362.483521 -80.477165 0.7353 0.7353 0.7353
v 12.258055 1362.483521 -80.477165 0.7353 0.7353 0.7353
v 9.304347 1362.483521 -79.977165 0.7353 0.7353 0.7353
v 29.979088 1354.888550 -79.977036 0.7353 0.7353 0.7353
v 27.025385 1354.888550 -80.477036 0.7353 0.7353 0.7353
v 24.071680 1354.888550 -80.477036 0.7353 0.7353 0.7353
v 21.117977 1354.888550 -80.477036 0.7353 0.7353 0.7353
v 18.164272 1354.888550 -80.477036 0.7353 0.7353 0.7353
v 15.210569 1354.888550 -80.477036 0.7353 0.7353 0.7353
v 12.256866 1354.888550 -80.477036 0.7353 0.7353 0.7353
v 9.303162 1354.888550 -79.977036 0.7353 0.7353 0.7353
v 29.979057 1354.690796 -79.977036 0.7353 0.7353 0.7353
v 27.025354 1354.690796 -80.477036 0.7353 0.7353 0.7353
v 24.071651 1354.690796 -80.477036 0.7353 0.7353 0.7353
v 21.117947 1354.690796 -80.477036 0.7353 0.7353 0.7353
v 18.164244 1354.690796 -80.477036 0.7353 0.7353 0.7353
v 15.210539 1354.690796 -80.477036 0.7353 0.7353 0.7353
v 12.256836 1354.690796 -80.477036 0.7353 0.7353 0.7353
v 9.303132 1354.690796 -79.977036 0.7353 0.7353 0.7353
v 29.977955 1347.095825 -79.976936 0.7353 0.7353 0.7353
v 27.024256 1347.095825 -80.476936 0.7353 0.7353 0.7353
v 24.070557 1347.095825 -80.476936 0.7353 0.7353 0.7353
v 21.116858 1347.095825 -80.476936 0.7353 0.7353 0.7353
v 18.163160 1347.095825 -80.476936 0.7353 0.7353 0.7353
v 15.209461 1347.095825 -80.476936 0.7353 0.7353 0.7353
v 12.255762 1347.095825 -80.476936 0.7353 0.7353 0.7353
v 9.302064 1347.095825 -79.976936 0.7353 0.7353 0.7353
v 29.977926 1346.898071 -79.976936 0.7353 0.7353 0.7353
v 27.024229 1346.898071 -80.476936 0.7353 0.7353 0.7353
v 24.070530 1346.898071 -80.476936 0.7353 0.7353 0.7353
v 21.116831 1346.898071 -80.476936 0.7353 0.7353 0.7353
v 18.163132 1346.898071 -80.476936 0.7353 0.7353 0.7353
v 15.209434 1346.898071 -80.476936 0.7353 0.7353 0.7353
v 12.255735 1346.898071 -80.476936 0.7353 0.7353 0.7353
v 9.302036 1346.898071 -79.976936 0.7353 0.7353 0.7353
v 29.977362 1342.692139 -79.976891 0.7353 0.7353 0.7353
v 27.023666 1342.692139 -80.476891 0.7353 0.7353 0.7353
v 24.069969 1342.692139 -80.476891 0.7353 0.7353 0.7353
v 21.116274 1342.692139 -80.476891 0.7353 0.7353 0.7353
v 18.162579 1342.692139 -80.476891 0.7353 0.7353 0.7353
v 15.208881 1342.692139 -80.476891 0.7353 0.7353 0.7353
v 12.255186 1342.692139 -80.476891 0.7353 0.7353 0.7353
v 9.301490 1342.692139 -79.976891 0.7353 0.7353 0.7353
v 29.976931 1339.303223 -79.976868 0.7353 0.7353 0.7353
v 27.023237 1339.303223 -80.476868 0.7353 0.7353 0.7353
v 24.069542 1339.303223 -80.476868 0.7353 0.7353 0.7353
v 21.115849 1339.303223 -80.476868 0.7353 0.7353 0.7353
v 18.162153 1339.303223 -80.476868 0.7353 0.7353 0.7353
v 15.208460 1339.303223 -80.476868 0.7353 0.7353 0.7353
v 12.254766 1339.303223 -80.476868 0.7353 0.7353 0.7353
v 9.301072 1339.303223 -79.976868 0.7353 0.7353 0.7353
v 29.976906 1339.105469 -79.976868 0.7353 0.7353 0.7353
v 27.023212 1339.105469 -80.476868 0.7353 0.7353 0.7353
v 24.069517 1339.105469 -80.476868 0.7353 0.7353 0.7353
v 21.115824 1339.105469 -80.476868 0.7353 0.7353 0.7353
v 18.162130 1339.105469 -80.476868 0.7353 0.7353 0.7353
v 15.208436 1339.105469 -80.476868 0.7353 0.7353 0.7353
v 12.254742 1339.105469 -80.476868 0.7353 0.7353 0.7353
v 9.301047 1339.105469 -79.976868 0.7353 0.7353 0.7353
v 29.976013 1331.510742 -79.976822 0.7353 0.7353 0.7353
v 27.022326 1331.510742 -80.476822 0.7353 0.7353 0.7353
v 24.068636 1331.510742 -80.476822 0.7353 0.7353 0.7353
v 21.114946 1331.510742 -80.476822 0.7353 0.7353 0.7353
v 18.161259 1331.510742 -80.476822 0.7353 0.7353 0.7353
v 15.207569 1331.510742 -80.476822 0.7353 0.7353 0.7353
v 12.253881 1331.510742 -80.476822 0.7353 0.7353 0.7353
v 9.300191 1331.510742 -79.976822 0.7353 0.7353 0.7353
v 29.975992 1331.312988 -79.976822 0.7353 0.7353 0.7353
v 27.022303 1331.312988 -80.476822 0.7353 0.7353 0.7353
v 24.068613 1331.312988 -80.476822 0.7353 0.7353 0.7353
v 21.114925 1331.312988 -80.476822 0.7353 0.7353 0.7353
v 18.161236 1331.312988 -80.476822 0.7353 0.7353 0.7353
v 15.207547 1331.312988 -80.476822 0.7353 0.7353 0.7353
v 12.253859 1331.312988 -80.476822 0.7353 0.7353 0.7353
v 9.300169 1331.312988 -79.976822 0.7353 0.7353 0.7353
v 29.975645 1328.098999 -79.976784 0.7353 0.7353 0.7353
v 27.021959 1328.098999 -80.476784 0.7353 0.7353 0.7353
v 24.068272 1328.098999 -80.476784 0.7353 0.7353 0.7353
v 21.114586 1328.098999 -80.476784 0.7353 0.7353 0.7353
v 18.160898 1328.098999 -80.476784 0.7353 0.7353 0.7353
v 15.207212 1328.098999 -80.476784 0.7353 0.7353 0.7353
v 12.253526 1328.098999 -80.476784 0.7353 0.7353 0.7353
v 9.299839 1328.098999 -79.976784 0.7353 0.7353 0.7353
v 29.975201 1323.718018 -79.976807 0.7353 0.7353 0.7353
v 27.021517 1323.718018 -80.476807 0.7353 0.7353 0.7353
v 24.067833 1323.718018 -80.476807 0.7353 0.7353 0.7353
v 21.114149 1323.718018 -80.476807 0.7353 0.7353 0.7353
v 18.160465 1323.718018 -80.476807 0.7353 0.7353 0.7353
v 15.206782 1323.718018 -80.476807 0.7353 0.7353 0.7353
v 12.253098 1323.718018 -80.476807 0.7353 0.7353 0.7353
v 9.299415 1323.718018 -79.976807 0.7353 0.7353 0.7353
v 29.975182 1323.520264 -79.976807 0.7353 0.7353 0.7353
v 27.021498 1323.520264 -80.476807 0.7353 0.7353 0.7353
v 24.067814 1323.520264 -80.476807 0.7353 0.7353 0.7353
v 21.114130 1323.520264 -80.476807 0.7353 0.7353 0.7353
v 18.160446 1323.520264 -80.476807 0.7353 0.7353 0.7353
v 15.206763 1323.520264 -80.476807 0.7353 0.7353 0.7353
v 12.253079 1323.520264 -80.476807 0.7353 0.7353 0.7353
v 9.299397 1323.520264 -79.976807 0.7353 0.7353 0.7353
v 29.974489 1315.925293 -79.976822 0.7353 0.7353 0.7353
v 27.020811 1315.925293 -80.476822 0.7353 0.7353 0.7353
v 24.067135 1315.925293 -80.476822 0.7353 0.7353 0.7353
v 21.113457 1315.925293 -80.476822 0.7353 0.7353 0.7353
v 18.159779 1315.925293 -80.476822 0.7353 0.7353 0.7353
v 15.206100 1315.925293 -80.476822 0.7353 0.7353 0.7353
v 12.252422 1315.925293 -80.476822 0.7353 0.7353 0.7353
v 9.298745 1315.925293 -79.976822 0.7353 0.7353 0.7353
v 29.974472 1315.727539 -79.976807 0.7353 0.7353 0.7353
v 27.020796 1315.727417 -80.476807 0.7353 0.7353 0.7353
v 24.067118 1315.727417 -80.476807 0.7353 0.7353 0.7353
v 21.113440 1315.727417 -80.476807 0.7353 0.7353 0.7353
v 18.159763 1315.727417 -80.476807 0.7353 0.7353 0.7353
v 15.206085 1315.727417 -80.476807 0.7353 0.7353 0.7353
v 12.252407 1315.727417 -80.476807 0.7353 0.7353 0.7353
v 9.298730 1315.727539 -79.976807 0.7353 0.7353 0.7353
v 29.973907 1308.568604 -79.974808 0.7353 0.7353 0.7353
v 27.020235 1308.568481 -80.474808 0.7353 0.7353 0.7353
v 24.066563 1308.568481 -80.474808 0.7353 0.7353 0.7353
v 21.112890 1308.568481 -80.474808 0.7353 0.7353 0.7353
v 18.159218 1308.568481 -80.474808 0.7353 0.7353 0.7353
v 15.205544 1308.568481 -80.474808 0.7353 0.7353 0.7353
v 12.251871 1308.568481 -80.474808 0.7353 0.7353 0.7353
v 9.298199 1308.568604 -79.974808 0.7353 0.7353 0.7353
v 29.973894 1308.370850 -79.974716 0.7353 0.7353 0.7353
v 27.020222 1308.370605 -80.474716 0.7353 0.7353 0.7353
v 24.066549 1308.370605 -80.474716 0.7353 0.7353 0.7353
v 21.112877 1308.370605 -80.474716 0.7353 0.7353 0.7353
v 18.159203 1308.370605 -80.474716 0.7353 0.7353 0.7353
v 15.205531 1308.370605 -80.474716 0.7353 0.7353 0.7353
v 12.251859 1308.370605 -80.474716 0.7353 0.7353 0.7353
v 9.298186 1308.370850 -79.974716 0.7353 0.7353 0.7353
v 29.973410 1301.212036 -79.969711 0.7353 0.7353 0.7353
v 27.019743 1301.211670 -80.469711 0.7353 0.7353 0.7353
v 24.066076 1301.211670 -80.469711 0.7353 0.7353 0.7353
v 21.112410 1301.211670 -80.469711 0.7353 0.7353 0.7353
v 18.158743 1301.211670 -80.469711 0.7353 0.7353 0.7353
v 15.205075 1301.211670 -80.469711 0.7353 0.7353 0.7353
v 12.251408 1301.211670 -80.469711 0.7353 0.7353 0.7353
v 9.297741 1301.212036 -79.969711 0.7353 0.7353 0.7353
v 29.973398 1301.014282 -79.969543 0.7353 0.7353 0.7353
v 27.019732 1301.013794 -80.469543 0.7353 0.7353 0.7353
v 24.066065 1301.013794 -80.469543 0.7353 0.7353 0.7353
v 21.112398 1301.013794 -80.469543 0.7353 0.7353 0.7353
v 18.158731 1301.013794 -80.469543 0.7353 0.7353 0.7353
v 15.205064 1301.013794 -80.469543 0.7353 0.7353 0.7353
v 12.251397 1301.013794 -80.469543 0.7353 0.7353 0.7353
v 9.297730 1301.014282 -79.969543 0.7353 0.7353 0.7353
v 29.973341 1300.083252 -79.968750 0.7353 0.7353 0.7353
v 27.019676 1300.082764 -80.468750 0.7353 0.7353 0.7353
v 24.066010 1300.082764 -80.468750 0.7353 0.7353 0.7353
v 21.112343 1300.082764 -80.468750 0.7353 0.7353 0.7353
v 18.158678 1300.082764 -80.468750 0.7353 0.7353 0.7353
v 15.205011 1300.082764 -80.468750 0.7353 0.7353 0.7353
v 12.251346 1300.082764 -80.468750 0.7353 0.7353 0.7353
v 9.297679 1300.083252 -79.968750 0.7353 0.7353 0.7353
v 29.972996 1293.855225 -79.963089 0.7353 0.7353 0.7353
v 27.019335 1293.854736 -80.463089 0.7353 0.7353 0.7353
v 24.065674 1293.854736 -80.463089 0.7353 0.7353 0.7353
v 21.112013 1293.854736 -80.463089 0.7353 0.7353 0.7353
v 18.158352 1293.854736 -80.463089 0.7353 0.7353 0.7353
v 15.204691 1293.854736 -80.463089 0.7353 0.7353 0.7353
v 12.251030 1293.854736 -80.463089 0.7353 0.7353 0.7353
v 9.297369 1293.855225 -79.963089 0.7353 0.7353 0.7353
v 29.972984 1293.657471 -79.962906 0.7353 0.7353 0.7353
v 27.019325 1293.656982 -80.462906 0.7353 0.7353 0.7353
v 24.065664 1293.656982 -80.462906 0.7353 0.7353 0.7353
v 21.112003 1293.656982 -80.462906 0.7353 0.7353 0.7353
v 18.158342 1293.656982 -80.462906 0.7353 0.7353 0.7353
v 15.204681 1293.656982 -80.462906 0.7353 0.7353 0.7353
v 12.251021 1293.656982 -80.462906 0.7353 0.7353 0.7353
v 9.297360 1293.657471 -79.962906 0.7353 0.7353 0.7353
v 29.972660 1286.498535 -79.956566 0.7353 0.7353 0.7353
v 27.019005 1286.498169 -80.456566 0.7353 0.7353 0.7353
v 24.065350 1286.498169 -80.456566 0.7353 0.7353 0.7353
v 21.111694 1286.498169 -80.456566 0.7353 0.7353 0.7353
v 18.158037 1286.498169 -80.456566 0.7353 0.7353 0.7353
v 15.204383 1286.498169 -80.456566 0.7353 0.7353 0.7353
v 12.250728 1286.498169 -80.456566 0.7353 0.7353 0.7353
v 9.297072 1286.498535 -79.956566 0.7353 0.7353 0.7353
v 29.972652 1286.300781 -79.956406 0.7353 0.7353 0.7353
v 27.018997 1286.300415 -80.456406 0.7353 0.7353 0.7353
v 24.065342 1286.300415 -80.456406 0.7353 0.7353 0.7353
v 21.111687 1286.300415 -80.456406 0.7353 0.7353 0.7353
v 18.158031 1286.300415 -80.456406 0.7353 0.7353 0.7353
v 15.204376 1286.300415 -80.456406 0.7353 0.7353 0.7353
v 12.250721 1286.300415 -80.456406 0.7353 0.7353 0.7353
v 9.297066 1286.300781 -79.956406 0.7353 0.7353 0.7353
v 29.972569 1284.130005 -79.954735 0.7353 0.7353 0.7353
v 27.018915 1284.129639 -80.454735 0.7353 0.7353 0.7353
v 24.065262 1284.129639 -80.454735 0.7353 0.7353 0.7353
v 21.111609 1284.129639 -80.454735 0.7353 0.7353 0.7353
v 18.157955 1284.129639 -80.454735 0.7353 0.7353 0.7353
v 15.204302 1284.129639 -80.454735 0.7353 0.7353 0.7353
v 12.250648 1284.129639 -80.454735 0.7353 0.7353 0.7353
v 9.296995 1284.130005 -79.954735 0.7353 0.7353 0.7353
v 29.972401 1279.141846 -79.951675 0.7353 0.7353 0.7353
v 27.018751 1279.141602 -80.451675 0.7353 0.7353 0.7353
v 24.065102 1279.141602 -80.451675 0.7353 0.7353 0.7353
v 21.111452 1279.141602 -80.451675 0.7353 0.7353 0.7353
v 18.157804 1279.141602 -80.451675 0.7353 0.7353 0.7353
v 15.204154 1279.141602 -80.451675 0.7353 0.7353 0.7353
v 12.250505 1279.141602 -80.451675 0.7353 0.7353 0.7353
v 9.296856 1279.141846 -79.951675 0.7353 0.7353 0.7353
v 29.972395 1278.944092 -79.951584 0.7353 0.7353 0.7353
v 27.018745 1278.943970 -80.451584 0.7353 0.7353 0.7353
v 24.065096 1278.943970 -80.451584 0.7353 0.7353 0.7353
v 21.111448 1278.943970 -80.451584 0.7353 0.7353 0.7353
v 18.157799 1278.943970 -80.451584 0.7353 0.7353 0.7353
v 15.204150 1278.943970 -80.451584 0.7353 0.7353 0.7353
v 12.250501 1278.943970 -80.451584 0.7353 0.7353 0.7353
v 9.296852 1278.944092 -79.951584 0.7353 0.7353 0.7353
v 29.972216 1271.785278 -79.950058 0.7353 0.7353 0.7353
v 27.018572 1271.785278 -80.450058 0.7353 0.7353 0.7353
v 24.064928 1271.785278 -80.450058 0.7353 0.7353 0.7353
v 21.111284 1271.785278 -80.450058 0.7353 0.7353 0.7353
v 18.157640 1271.785278 -80.450058 0.7353 0.7353 0.7353
v 15.203998 1271.785278 -80.450058 0.7353 0.7353 0.7353
v 12.250354 1271.785278 -80.450058 0.7353 0.7353 0.7353
v 9.296711 1271.785278 -79.950058 0.7353 0.7353 0.7353
v 29.972212 1271.587524 -79.950073 0.7353 0.7353 0.7353
v 27.018568 1271.587646 -80.450073 0.7353 0.7353 0.7353
v 24.064924 1271.587646 -80.450073 0.7353 0.7353 0.7353
v 21.111282 1271.587646 -80.450073 0.7353 0.7353 0.7353
v 18.157639 1271.587646 -80.450073 0.7353 0.7353 0.7353
v 15.203995 1271.587646 -80.450073 0.7353 0.7353 0.7353
v 12.250352 1271.587646 -80.450073 0.7353 0.7353 0.7353
v 9.296708 1271.587524 -79.950073 0.7353 0.7353 0.7353
v 29.972103 1264.428589 -79.953285 0.7353 0.7353 0.7353
v 27.018465 1264.428955 -80.453285 0.7353 0.7353 0.7353
v 24.064829 1264.428955 -80.453285 0.7353 0.7353 0.7353
v 21.111193 1264.428955 -80.453285 0.7353 0.7353 0.7353
v 18.157557 1264.428955 -80.453285 0.7353 0.7353 0.7353
v 15.203920 1264.428955 -80.453285 0.7353 0.7353 0.7353
v 12.250284 1264.428955 -80.453285 0.7353 0.7353 0.7353
v 9.296647 1264.428589 -79.953285 0.7353 0.7353 0.7353
v 29.972101 1264.230835 -79.953453 0.7353 0.7353 0.7353
v 27.018463 1264.231323 -80.453453 0.7353 0.7353 0.7353
v 24.064827 1264.231323 -80.453453 0.7353 0.7353 0.7353
v 21.111191 1264.231323 -80.453453 0.7353 0.7353 0.7353
v 18.157555 1264.231323 -80.453453 0.7353 0.7353 0.7353
v 15.203919 1264.231323 -80.453453 0.7353 0.7353 0.7353
v 12.250283 1264.231323 -80.453453 0.7353 0.7353 0.7353
v 9.296647 1264.230835 -79.953453 0.7353 0.7353 0.7353
v 29.972057 1257.071777 -79.962936 0.7353 0.7353 0.7353
v 27.018427 1257.072632 -80.462936 0.7353 0.7353 0.7353
v 24.064796 1257.072632 -80.462936 0.7353 0.7353 0.7353
v 21.111166 1257.072632 -80.462936 0.7353 0.7353 0.7353
v 18.157536 1257.072632 -80.462936 0.7353 0.7353 0.7353
v 15.203904 1257.072632 -80.462936 0.7353 0.7353 0.7353
v 12.250273 1257.072632 -80.462936 0.7353 0.7353 0.7353
v 9.296642 1257.071777 -79.962936 0.7353 0.7353 0.7353
v 29.972057 1256.874023 -79.963303 0.7353 0.7353 0.7353
v 27.018427 1256.875000 -80.463303 0.7353 0.7353 0.7353
v 24.064796 1256.875000 -80.463303 0.7353 0.7353 0.7353
v 21.111166 1256.875000 -80.463303 0.7353 0.7353 0.7353
v 18.157536 1256.875000 -80.463303 0.7353 0.7353 0.7353
v 15.203905 1256.875000 -80.463303 0.7353 0.7353 0.7353
v 12.250275 1256.875000 -80.463303 0.7353 0.7353 0.7353
v 9.296644 1256.874023 -79.963303 0.7353 0.7353 0.7353
v 29.972057 1254.702515 -79.967674 0.7353 0.7353 0.7353
v 27.018429 1254.703613 -80.467674 0.7353 0.7353 0.7353
v 24.064800 1254.703613 -80.467674 0.7353 0.7353 0.7353
v 21.111172 1254.703613 -80.467674 0.7353 0.7353 0.7353
v 18.157543 1254.703613 -80.467674 0.7353 0.7353 0.7353
v 15.203915 1254.703613 -80.467674 0.7353 0.7353 0.7353
v 12.250286 1254.703613 -80.467674 0.7353 0.7353 0.7353
v 9.296658 1254.702515 -79.967674 0.7353 0.7353 0.7353
v 29.972080 1249.715088 -79.980621 0.7353 0.7353 0.7353
v 27.018456 1249.716553 -80.480621 0.7353 0.7353 0.7353
v 24.064833 1249.716553 -80.480621 0.7353 0.7353 0.7353
v 21.111208 1249.716553 -80.480621 0.7353 0.7353 0.7353
v 18.157583 1249.716553 -80.480621 0.7353 0.7353 0.7353
v 15.203959 1249.716553 -80.480621 0.7353 0.7353 0.7353
v 12.250335 1249.716553 -80.480621 0.7353 0.7353 0.7353
v 9.296711 1249.715088 -79.980621 0.7353 0.7353 0.7353
v 29.972082 1249.517334 -79.981224 0.7353 0.7353 0.7353
v 27.018457 1249.519043 -80.481224 0.7353 0.7353 0.7353
v 24.064835 1249.519043 -80.481224 0.7353 0.7353 0.7353
v 21.111210 1249.519043 -80.481224 0.7353 0.7353 0.7353
v 18.157585 1249.519043 -80.481224 0.7353 0.7353 0.7353
v 15.203962 1249.519043 -80.481224 0.7353 0.7353 0.7353
v 12.250339 1249.519043 -80.481224 0.7353 0.7353 0.7353
v 9.296714 1249.517334 -79.981224 0.7353 0.7353 0.7353
v 29.972166 1242.358521 -80.007919 0.7353 0.7353 0.7353
v 27.018547 1242.360596 -80.507912 0.7353 0.7353 0.7353
v 24.064930 1242.360596 -80.507912 0.7353 0.7353 0.7353
v 21.111311 1242.360596 -80.507912 0.7353 0.7353 0.7353
v 18.157694 1242.360596 -80.507912 0.7353 0.7353 0.7353
v 15.204076 1242.360596 -80.507912 0.7353 0.7353 0.7353
v 12.250458 1242.360596 -80.507912 0.7353 0.7353 0.7353
v 9.296840 1242.358521 -80.007919 0.7353 0.7353 0.7353
v 29.972170 1242.160767 -80.008789 0.7353 0.7353 0.7353
v 27.018551 1242.163208 -80.508781 0.7353 0.7353 0.7353
v 24.064934 1242.163208 -80.508781 0.7353 0.7353 0.7353
v 21.111315 1242.163208 -80.508781 0.7353 0.7353 0.7353
v 18.157698 1242.163208 -80.508781 0.7353 0.7353 0.7353
v 15.204081 1242.163208 -80.508781 0.7353 0.7353 0.7353
v 12.250463 1242.163208 -80.508781 0.7353 0.7353 0.7353
v 9.296844 1242.160767 -80.008789 0.7353 0.7353 0.7353
v 29.972313 1235.001953 -80.046402 0.7353 0.7353 0.7353
v 27.018702 1235.004883 -80.546394 0.7353 0.7353 0.7353
v 24.065090 1235.004883 -80.546394 0.7353 0.7353 0.7353
v 21.111481 1235.004883 -80.546394 0.7353 0.7353 0.7353
v 18.157869 1235.004883 -80.546394 0.7353 0.7353 0.7353
v 15.204258 1235.004883 -80.546394 0.7353 0.7353 0.7353
v 12.250648 1235.004883 -80.546394 0.7353 0.7353 0.7353
v 9.297036 1235.001953 -80.046402 0.7353 0.7353 0.7353
v 29.972317 1234.804199 -80.047638 0.7353 0.7353 0.7353
v 27.018707 1234.807495 -80.547630 0.7353 0.7353 0.7353
v 24.065096 1234.807495 -80.547630 0.7353 0.7353 0.7353
v 21.111486 1234.807495 -80.547630 0.7353 0.7353 0.7353
v 18.157875 1234.807495 -80.547630 0.7353 0.7353 0.7353
v 15.204265 1234.807495 -80.547630 0.7353 0.7353 0.7353
v 12.250654 1234.807495 -80.547630 0.7353 0.7353 0.7353
v 9.297043 1234.804199 -80.047638 0.7353 0.7353 0.7353
v 29.972431 1230.506104 -80.078140 0.7353 0.7353 0.7353
v 27.018824 1230.509888 -80.578125 0.7353 0.7353 0.7353
v 24.065216 1230.509888 -80.578125 0.7353 0.7353 0.7353
v 21.111610 1230.509888 -80.578125 0.7353 0.7353 0.7353
v 18.158003 1230.509888 -80.578125 0.7353 0.7353 0.7353
v 15.204395 1230.509888 -80.578125 0.7353 0.7353 0.7353
v 12.250788 1230.509888 -80.578125 0.7353 0.7353 0.7353
v 9.297180 1230.506104 -80.078140 0.7353 0.7353 0.7353
v 29.972437 1230.308350 -80.079735 0.7353 0.7353 0.7353
v 27.018829 1230.312500 -80.579720 0.7353 0.7353 0.7353
v 24.065224 1230.312500 -80.579720 0.7353 0.7353 0.7353
v 21.111616 1230.312500 -80.579720 0.7353 0.7353 0.7353
v 18.158009 1230.312500 -80.579720 0.7353 0.7353 0.7353
v 15.204402 1230.312500 -80.579720 0.7353 0.7353 0.7353
v 12.250795 1230.312500 -80.579720 0.7353 0.7353 0.7353
v 9.297188 1230.308350 -80.079735 0.7353 0.7353 0.7353
v 29.972481 1228.864258 -80.091965 0.7353 0.7353 0.7353
v 27.018875 1228.868774 -80.591942 0.7353 0.7353 0.7353
v 24.065268 1228.868774 -80.591942 0.7353 0.7353 0.7353
v 21.111662 1228.868774 -80.591942 0.7353 0.7353 0.7353
v 18.158056 1228.868774 -80.591942 0.7353 0.7353 0.7353
v 15.204450 1228.868774 -80.591942 0.7353 0.7353 0.7353
v 12.250844 1228.868774 -80.591942 0.7353 0.7353 0.7353
v 9.297238 1228.864258 -80.091965 0.7353 0.7353 0.7353
v 29.972572 1226.010254 -80.119072 0.7353 0.7353 0.7353
v 27.018969 1226.015137 -80.619049 0.7353 0.7353 0.7353
v 24.065365 1226.015137 -80.619049 0.7353 0.7353 0.7353
v 21.111761 1226.015137 -80.619049 0.7353 0.7353 0.7353
v 18.158157 1226.015137 -80.619049 0.7353 0.7353 0.7353
v 15.204553 1226.015137 -80.619049 0.7353 0.7353 0.7353
v 12.250949 1226.015137 -80.619049 0.7353 0.7353 0.7353
v 9.297345 1226.010254 -80.119072 0.7353 0.7353 0.7353
v 29.972578 1225.812500 -80.121094 0.7353 0.7353 0.7353
v 27.018974 1225.818115 -80.621063 0.7353 0.7353 0.7353
v 24.065371 1225.818115 -80.621063 0.7353 0.7353 0.7353
v 21.111769 1225.818115 -80.621063 0.7353 0.7353 0.7353
v 18.158165 1225.818115 -80.621063 0.7353 0.7353 0.7353
v 15.204561 1225.818115 -80.621063 0.7353 0.7353 0.7353
v 12.250957 1225.818115 -80.621063 0.7353 0.7353 0.7353
v 9.297354 1225.812500 -80.121094 0.7353 0.7353 0.7353
v 29.972857 1218.368042 -80.210617 0.7353 0.7353 0.7353
v 27.019260 1218.374512 -80.710579 0.7353 0.7353 0.7353
v 24.065664 1218.374512 -80.710579 0.7353 0.7353 0.7353
v 21.112066 1218.374512 -80.710579 0.7353 0.7353 0.7353
v 18.158470 1218.374512 -80.710579 0.7353 0.7353 0.7353
v 15.204874 1218.374512 -80.710579 0.7353 0.7353 0.7353
v 12.251277 1218.374512 -80.710579 0.7353 0.7353 0.7353
v 9.297681 1218.368042 -80.210617 0.7353 0.7353 0.7353
v 29.972864 1218.170288 -80.213364 0.7353 0.7353 0.7353
v 27.019268 1218.177612 -80.713310 0.7353 0.7353 0.7353
v 24.065672 1218.177612 -80.713310 0.7353 0.7353 0.7353
v 21.112076 1218.177612 -80.713310 0.7353 0.7353 0.7353
v 18.158480 1218.177612 -80.713310 0.7353 0.7353 0.7353
v 15.204884 1218.177612 -80.713310 0.7353 0.7353 0.7353
v 12.251287 1218.177612 -80.713310 0.7353 0.7353 0.7353
v 9.297690 1218.170288 -80.213364 0.7353 0.7353 0.7353
v 29.973167 1211.371826 -80.319664 0.7353 0.7353 0.7353
v 27.019577 1211.380127 -80.819595 0.7353 0.7353 0.7353
v 24.065987 1211.380127 -80.819595 0.7353 0.7353 0.7353
v 21.112398 1211.380127 -80.819595 0.7353 0.7353 0.7353
v 18.158808 1211.380127 -80.819595 0.7353 0.7353 0.7353
v 15.205217 1211.380127 -80.819595 0.7353 0.7353 0.7353
v 12.251627 1211.380127 -80.819595 0.7353 0.7353 0.7353
v 9.298038 1211.371826 -80.319664 0.7353 0.7353 0.7353
v 29.973198 1210.726196 -80.330978 0.7353 0.7353 0.7353
v 27.019609 1210.734985 -80.830902 0.7353 0.7353 0.7353
v 24.066019 1210.734985 -80.830902 0.7353 0.7353 0.7353
v 21.112431 1210.734985 -80.830902 0.7353 0.7353 0.7353
v 18.158840 1210.734985 -80.830902 0.7353 0.7353 0.7353
v 15.205252 1210.734985 -80.830902 0.7353 0.7353 0.7353
v 12.251662 1210.734985 -80.830902 0.7353 0.7353 0.7353
v 9.298073 1210.726196 -80.330978 0.7353 0.7353 0.7353
v 29.973207 1210.528442 -80.334488 0.7353 0.7353 0.7353
v 27.019619 1210.537842 -80.834396 0.7353 0.7353 0.7353
v 24.066031 1210.537842 -80.834404 0.7353 0.7353 0.7353
v 21.112440 1210.537842 -80.834404 0.7353 0.7353 0.7353
v 18.158852 1210.537842 -80.834404 0.7353 0.7353 0.7353
v 15.205262 1210.537842 -80.834404 0.7353 0.7353 0.7353
v 12.251673 1210.537842 -80.834396 0.7353 0.7353 0.7353
v 9.298084 1210.528442 -80.334488 0.7353 0.7353 0.7353
v 29.973595 1203.084839 -80.481483 0.7353 0.7353 0.7353
v 27.020012 1203.095215 -80.981377 0.7353 0.7353 0.7353
v 24.066427 1203.095215 -80.981377 0.7353 0.7353 0.7353
v 21.112844 1203.095215 -80.981377 0.7353 0.7353 0.7353
v 18.159262 1203.095215 -80.981377 0.7353 0.7353 0.7353
v 15.205678 1203.095215 -80.981377 0.7353 0.7353 0.7353
v 12.252094 1203.095215 -80.981377 0.7353 0.7353 0.7353
v 9.298512 1203.084839 -80.481483 0.7353 0.7353 0.7353
v 29.973606 1202.887085 -80.485794 0.7353 0.7353 0.7353
v 27.020021 1202.898560 -80.985664 0.7353 0.7353 0.7353
v 24.066439 1202.898560 -80.985664 0.7353 0.7353 0.7353
v 21.112856 1202.898560 -80.985664 0.7353 0.7353 0.7353
v 18.159273 1202.898560 -80.985664 0.7353 0.7353 0.7353
v 15.205690 1202.898560 -80.985664 0.7353 0.7353 0.7353
v 12.252107 1202.898560 -80.985664 0.7353 0.7353 0.7353
v 9.298524 1202.887085 -80.485794 0.7353 0.7353 0.7353
v 29.974041 1195.444458 -80.663483 0.7353 0.7353 0.7353
v 27.020466 1195.456909 -81.163330 0.7353 0.7353 0.7353
v 24.066889 1195.456909 -81.163330 0.7353 0.7353 0.7353
v 21.113314 1195.456909 -81.163330 0.7353 0.7353 0.7353
v 18.159739 1195.456909 -81.163330 0.7353 0.7353 0.7353
v 15.206162 1195.456909 -81.163330 0.7353 0.7353 0.7353
v 12.252587 1195.456909 -81.163330 0.7353 0.7353 0.7353
v 9.299011 1195.444458 -80.663483 0.7353 0.7353 0.7353
v 29.974052 1195.246704 -80.668625 0.7353 0.7353 0.7353
v 27.020477 1195.260254 -81.168442 0.7353 0.7353 0.7353
v 24.066902 1195.260254 -81.168442 0.7353 0.7353 0.7353
v 21.113327 1195.260254 -81.168442 0.7353 0.7353 0.7353
v 18.159752 1195.260254 -81.168442 0.7353 0.7353 0.7353
v 15.206176 1195.260254 -81.168442 0.7353 0.7353 0.7353
v 12.252601 1195.260254 -81.168442 0.7353 0.7353 0.7353
v 9.299026 1195.246704 -80.668625 0.7353 0.7353 0.7353
v 29.974535 1187.804810 -80.878334 0.7353 0.7353 0.7353
v 27.020967 1187.819458 -81.378120 0.7353 0.7353 0.7353
v 24.067398 1187.819458 -81.378120 0.7353 0.7353 0.7353
v 21.113831 1187.819458 -81.378120 0.7353 0.7353 0.7353
v 18.160261 1187.819458 -81.378120 0.7353 0.7353 0.7353
v 15.206693 1187.819458 -81.378120 0.7353 0.7353 0.7353
v 12.253124 1187.819458 -81.378120 0.7353 0.7353 0.7353
v 9.299556 1187.804810 -80.878334 0.7353 0.7353 0.7353
v 29.974548 1187.607056 -80.884346 0.7353 0.7353 0.7353
v 27.020981 1187.622314 -81.384117 0.7353 0.7353 0.7353
v 24.067413 1187.622314 -81.384117 0.7353 0.7353 0.7353
v 21.113844 1187.622314 -81.384117 0.7353 0.7353 0.7353
v 18.160276 1187.622314 -81.384117 0.7353 0.7353 0.7353
v 15.206708 1187.622314 -81.384117 0.7353 0.7353 0.7353
v 12.253139 1187.622314 -81.384117 0.7353 0.7353 0.7353
v 9.299571 1187.607056 -80.884346 0.7353 0.7353 0.7353
v 29.974567 1187.327393 -80.892891 0.7353 0.7353 0.7353
v 27.021000 1187.343262 -81.392639 0.7353 0.7353 0.7353
v 24.067432 1187.343262 -81.392639 0.7353 0.7353 0.7353
v 21.113863 1187.343262 -81.392639 0.7353 0.7353 0.7353
v 18.160295 1187.343262 -81.392639 0.7353 0.7353 0.7353
v 15.206727 1187.343262 -81.392639 0.7353 0.7353 0.7353
v 12.253160 1187.343262 -81.392639 0.7353 0.7353 0.7353
v 9.299591 1187.327393 -80.892891 0.7353 0.7353 0.7353
v 29.975075 1180.166016 -81.127396 0.7353 0.7353 0.7353
v 27.021513 1180.182983 -81.627106 0.7353 0.7353 0.7353
v 24.067951 1180.182983 -81.627106 0.7353 0.7353 0.7353
v 21.114388 1180.182983 -81.627106 0.7353 0.7353 0.7353
v 18.160826 1180.182983 -81.627106 0.7353 0.7353 0.7353
v 15.207263 1180.182983 -81.627106 0.7353 0.7353 0.7353
v 12.253701 1180.182983 -81.627106 0.7353 0.7353 0.7353
v 9.300138 1180.166016 -81.127396 0.7353 0.7353 0.7353
v 29.975090 1179.968262 -81.134315 0.7353 0.7353 0.7353
v 27.021528 1179.986328 -81.633987 0.7353 0.7353 0.7353
v 24.067966 1179.986328 -81.633987 0.7353 0.7353 0.7353
v 21.114403 1179.986328 -81.633987 0.7353 0.7353 0.7353
v 18.160841 1179.986328 -81.633987 0.7353 0.7353 0.7353
v 15.207279 1179.986328 -81.633987 0.7353 0.7353 0.7353
v 12.253717 1179.986328 -81.633987 0.7353 0.7353 0.7353
v 9.300155 1179.968262 -81.134315 0.7353 0.7353 0.7353
v 29.975657 1172.528687 -81.412010 0.7353 0.7353 0.7353
v 27.022102 1172.547974 -81.911636 0.7353 0.7353 0.7353
v 24.068546 1172.547974 -81.911644 0.7353 0.7353 0.7353
v 21.114992 1172.547974 -81.911644 0.7353 0.7353 0.7353
v 18.161436 1172.547974 -81.911644 0.7353 0.7353 0.7353
v 15.207881 1172.547974 -81.911644 0.7353 0.7353 0.7353
v 12.254326 1172.547974 -81.911644 0.7353 0.7353 0.7353
v 9.300771 1172.528687 -81.412010 0.7353 0.7353 0.7353
v 29.975672 1172.330933 -81.419861 0.7353 0.7353 0.7353
v 27.022118 1172.351440 -81.919441 0.7353 0.7353 0.7353
v 24.068563 1172.351318 -81.919441 0.7353 0.7353 0.7353
v 21.115007 1172.351318 -81.919441 0.7353 0.7353 0.7353
v 18.161453 1172.351318 -81.919441 0.7353 0.7353 0.7353
v 15.207898 1172.351318 -81.919441 0.7353 0.7353 0.7353
v 12.254343 1172.351318 -81.919441 0.7353 0.7353 0.7353
v 9.300788 1172.330933 -81.419861 0.7353 0.7353 0.7353
v 29.976278 1164.892578 -81.733528 0.7353 0.7353 0.7353
v 27.022730 1164.914307 -82.233055 0.7353 0.7353 0.7353
v 24.069181 1164.914307 -82.233055 0.7353 0.7353 0.7353
v 21.115635 1164.914307 -82.233055 0.7353 0.7353 0.7353
v 18.162086 1164.914307 -82.233055 0.7353 0.7353 0.7353
v 15.208538 1164.914307 -82.233055 0.7353 0.7353 0.7353
v 12.254990 1164.914307 -82.233055 0.7353 0.7353 0.7353
v 9.301442 1164.892578 -81.733528 0.7353 0.7353 0.7353
v 29.976295 1164.694824 -81.742355 0.7353 0.7353 0.7353
v 27.022747 1164.717285 -82.241852 0.7353 0.7353 0.7353
v 24.069199 1164.717285 -82.241852 0.7353 0.7353 0.7353
v 21.115652 1164.717285 -82.241852 0.7353 0.7353 0.7353
v 18.162104 1164.717285 -82.241852 0.7353 0.7353 0.7353
v 15.208556 1164.717285 -82.241852 0.7353 0.7353 0.7353
v 12.255008 1164.717285 -82.241852 0.7353 0.7353 0.7353
v 9.301460 1164.694824 -81.742355 0.7353 0.7353 0.7353
v 29.976381 1163.662842 -81.788857 0.7353 0.7353 0.7353
v 27.022835 1163.685913 -82.288322 0.7353 0.7353 0.7353
v 24.069288 1163.685913 -82.288322 0.7353 0.7353 0.7353
v 21.115742 1163.685913 -82.288322 0.7353 0.7353 0.7353
v 18.162193 1163.685913 -82.288322 0.7353 0.7353 0.7353
v 15.208647 1163.685913 -82.288322 0.7353 0.7353 0.7353
v 12.255100 1163.685913 -82.288322 0.7353 0.7353 0.7353
v 9.301554 1163.662842 -81.788857 0.7353 0.7353 0.7353
v 29.976936 1157.258301 -82.093323 0.7353 0.7353 0.7353
v 27.023394 1157.282593 -82.592735 0.7353 0.7353 0.7353
v 24.069853 1157.282593 -82.592735 0.7353 0.7353 0.7353
v 21.116312 1157.282593 -82.592735 0.7353 0.7353 0.7353
v 18.162769 1157.282593 -82.592735 0.7353 0.7353 0.7353
v 15.209229 1157.282593 -82.592735 0.7353 0.7353 0.7353
v 12.255687 1157.282593 -82.592735 0.7353 0.7353 0.7353
v 9.302146 1157.258301 -82.093323 0.7353 0.7353 0.7353
v 29.976954 1157.060791 -82.103157 0.7353 0.7353 0.7353
v 27.023413 1157.086304 -82.602509 0.7353 0.7353 0.7353
v 24.069870 1157.086304 -82.602509 0.7353 0.7353 0.7353
v 21.116329 1157.086304 -82.602509 0.7353 0.7353 0.7353
v 18.162788 1157.086304 -82.602509 0.7353 0.7353 0.7353
v 15.209248 1157.086304 -82.602509 0.7353 0.7353 0.7353
v 12.255706 1157.086304 -82.602509 0.7353 0.7353 0.7353
v 9.302165 1157.060791 -82.103157 0.7353 0.7353 0.7353
v 29.977627 1149.625977 -82.492729 0.7353 0.7353 0.7353
v 27.024092 1149.652832 -82.992012 0.7353 0.7353 0.7353
v 24.070557 1149.652832 -82.992012 0.7353 0.7353 0.7353
v 21.117022 1149.652832 -82.992012 0.7353 0.7353 0.7353
v 18.163486 1149.652832 -82.992012 0.7353 0.7353 0.7353
v 15.209952 1149.652832 -82.992012 0.7353 0.7353 0.7353
v 12.256418 1149.652832 -82.992012 0.7353 0.7353 0.7353
v 9.302883 1149.625977 -82.492729 0.7353 0.7353 0.7353
v 29.977644 1149.428467 -82.503601 0.7353 0.7353 0.7353
v 27.024111 1149.456055 -83.002838 0.7353 0.7353 0.7353
v 24.070576 1149.456055 -83.002838 0.7353 0.7353 0.7353
v 21.117041 1149.456055 -83.002838 0.7353 0.7353 0.7353
v 18.163507 1149.456055 -83.002838 0.7353 0.7353 0.7353
v 15.209972 1149.456055 -83.002838 0.7353 0.7353 0.7353
v 12.256437 1149.456055 -83.002838 0.7353 0.7353 0.7353
v 9.302903 1149.428467 -82.503601 0.7353 0.7353 0.7353
v 29.977711 1148.714966 -82.543114 0.7353 0.7353 0.7353
v 27.024178 1148.743286 -83.042313 0.7353 0.7353 0.7353
v 24.070642 1148.743286 -83.042313 0.7353 0.7353 0.7353
v 21.117109 1148.743286 -83.042313 0.7353 0.7353 0.7353
v 18.163574 1148.743286 -83.042313 0.7353 0.7353 0.7353
v 15.210041 1148.743286 -83.042313 0.7353 0.7353 0.7353
v 12.256507 1148.743286 -83.042313 0.7353 0.7353 0.7353
v 9.302973 1148.714966 -82.543114 0.7353 0.7353 0.7353
v 29.978348 1141.996094 -82.933113 0.7353 0.7353 0.7353
v 27.024818 1142.025635 -83.432236 0.7353 0.7353 0.7353
v 24.071291 1142.025635 -83.432236 0.7353 0.7353 0.7353
v 21.117762 1142.025635 -83.432236 0.7353 0.7353 0.7353
v 18.164234 1142.025635 -83.432236 0.7353 0.7353 0.7353
v 15.210705 1142.025635 -83.432236 0.7353 0.7353 0.7353
v 12.257176 1142.025635 -83.432236 0.7353 0.7353 0.7353
v 9.303647 1141.996094 -82.933113 0.7353 0.7353 0.7353
v 29.978367 1141.798584 -82.945068 0.7353 0.7353 0.7353
v 27.024839 1141.829468 -83.444115 0.7353 0.7353 0.7353
v 24.071310 1141.829468 -83.444115 0.7353 0.7353 0.7353
v 21.117783 1141.829468 -83.444115 0.7353 0.7353 0.7353
v 18.164253 1141.829468 -83.444115 0.7353 0.7353 0.7353
v 15.210725 1141.829468 -83.444115 0.7353 0.7353 0.7353
v 12.257196 1141.829468 -83.444115 0.7353 0.7353 0.7353
v 9.303668 1141.798584 -82.945068 0.7353 0.7353 0.7353
v 29.979097 1134.368164 -83.415840 0.7353 0.7353 0.7353
v 27.025576 1134.400513 -83.914795 0.7353 0.7353 0.7353
v 24.072054 1134.400513 -83.914795 0.7353 0.7353 0.7353
v 21.118532 1134.400513 -83.914795 0.7353 0.7353 0.7353
v 18.165010 1134.400513 -83.914795 0.7353 0.7353 0.7353
v 15.211490 1134.400513 -83.914795 0.7353 0.7353 0.7353
v 12.257968 1134.400513 -83.914795 0.7353 0.7353 0.7353
v 9.304446 1134.368164 -83.415840 0.7353 0.7353 0.7353
v 29.979116 1134.170898 -83.428909 0.7353 0.7353 0.7353
v 27.025595 1134.204712 -83.927765 0.7353 0.7353 0.7353
v 24.072075 1134.204712 -83.927765 0.7353 0.7353 0.7353
v 21.118553 1134.204712 -83.927765 0.7353 0.7353 0.7353
v 18.165031 1134.204712 -83.927773 0.7353 0.7353 0.7353
v 15.211511 1134.204712 -83.927765 0.7353 0.7353 0.7353
v 12.257989 1134.204712 -83.927765 0.7353 0.7353 0.7353
v 9.304468 1134.170898 -83.428909 0.7353 0.7353 0.7353
v 29.979870 1126.743774 -83.942245 0.7353 0.7353 0.7353
v 27.026354 1126.778931 -84.441002 0.7353 0.7353 0.7353
v 24.072838 1126.778931 -84.441002 0.7353 0.7353 0.7353
v 21.119322 1126.778931 -84.441002 0.7353 0.7353 0.7353
v 18.165808 1126.778931 -84.441002 0.7353 0.7353 0.7353
v 15.212291 1126.778931 -84.441002 0.7353 0.7353 0.7353
v 12.258775 1126.778931 -84.441002 0.7353 0.7353 0.7353
v 9.305260 1126.743774 -83.942245 0.7353 0.7353 0.7353
v 29.979891 1126.546509 -83.956459 0.7353 0.7353 0.7353
v 27.026375 1126.582642 -84.455147 0.7353 0.7353 0.7353
v 24.072859 1126.582642 -84.455147 0.7353 0.7353 0.7353
v 21.119345 1126.582642 -84.455147 0.7353 0.7353 0.7353
v 18.165829 1126.582642 -84.455147 0.7353 0.7353 0.7353
v 15.212313 1126.582642 -84.455147 0.7353 0.7353 0.7353
v 12.258797 1126.582642 -84.455147 0.7353 0.7353 0.7353
v 9.305282 1126.546509 -83.956459 0.7353 0.7353 0.7353
v 29.980112 1124.411133 -84.112274 0.7353 0.7353 0.7353
v 27.026598 1124.448242 -84.610893 0.7353 0.7353 0.7353
v 24.073084 1124.448242 -84.610893 0.7353 0.7353 0.7353
v 21.119570 1124.448242 -84.610893 0.7353 0.7353 0.7353
v 18.166056 1124.448242 -84.610893 0.7353 0.7353 0.7353
v 15.212542 1124.448242 -84.610893 0.7353 0.7353 0.7353
v 12.259027 1124.448242 -84.610893 0.7353 0.7353 0.7353
v 9.305514 1124.411133 -84.112274 0.7353 0.7353 0.7353
v 29.980665 1119.122559 -84.513687 0.7353 0.7353 0.7353
v 27.027157 1119.160889 -85.012215 0.7353 0.7353 0.7353
v 24.073647 1119.160889 -85.012215 0.7353 0.7353 0.7353
v 21.120136 1119.160889 -85.012215 0.7353 0.7353 0.7353
v 18.166626 1119.160889 -85.012215 0.7353 0.7353 0.7353
v 15.213117 1119.160889 -85.012215 0.7353 0.7353 0.7353
v 12.259607 1119.160889 -85.012215 0.7353 0.7353 0.7353
v 9.306098 1119.122559 -84.513687 0.7353 0.7353 0.7353
v 29.980686 1118.925293 -84.529091 0.7353 0.7353 0.7353
v 27.027178 1118.964966 -85.027512 0.7353 0.7353 0.7353
v 24.073668 1118.964966 -85.027512 0.7353 0.7353 0.7353
v 21.120157 1118.964966 -85.027512 0.7353 0.7353 0.7353
v 18.166649 1118.964966 -85.027512 0.7353 0.7353 0.7353
v 15.213140 1118.964966 -85.027512 0.7353 0.7353 0.7353
v 12.259629 1118.964966 -85.027512 0.7353 0.7353 0.7353
v 9.306120 1118.925293 -84.529091 0.7353 0.7353 0.7353
v 29.981480 1111.504761 -85.131531 0.7353 0.7353 0.7353
v 27.027977 1111.546021 -85.629829 0.7353 0.7353 0.7353
v 24.074472 1111.546021 -85.629829 0.7353 0.7353 0.7353
v 21.120970 1111.546021 -85.629829 0.7353 0.7353 0.7353
v 18.167465 1111.546021 -85.629829 0.7353 0.7353 0.7353
v 15.213962 1111.546021 -85.629829 0.7353 0.7353 0.7353
v 12.260458 1111.546021 -85.629829 0.7353 0.7353 0.7353
v 9.306954 1111.504761 -85.131531 0.7353 0.7353 0.7353
v 29.981501 1111.307739 -85.148140 0.7353 0.7353 0.7353
v 27.027998 1111.349976 -85.646355 0.7353 0.7353 0.7353
v 24.074493 1111.349976 -85.646355 0.7353 0.7353 0.7353
v 21.120991 1111.349976 -85.646355 0.7353 0.7353 0.7353
v 18.167488 1111.349976 -85.646355 0.7353 0.7353 0.7353
v 15.213984 1111.349976 -85.646355 0.7353 0.7353 0.7353
v 12.260481 1111.349976 -85.646355 0.7353 0.7353 0.7353
v 9.306977 1111.307739 -85.148140 0.7353 0.7353 0.7353
v 29.981674 1109.706543 -85.284340 0.7353 0.7353 0.7353
v 27.028172 1109.749634 -85.782478 0.7353 0.7353 0.7353
v 24.074671 1109.749634 -85.782478 0.7353 0.7353 0.7353
v 21.121168 1109.749634 -85.782478 0.7353 0.7353 0.7353
v 18.167665 1109.749634 -85.782478 0.7353 0.7353 0.7353
v 15.214164 1109.749634 -85.782478 0.7353 0.7353 0.7353
v 12.260662 1109.749634 -85.782478 0.7353 0.7353 0.7353
v 9.307160 1109.706543 -85.284340 0.7353 0.7353 0.7353
v 29.982309 1103.890991 -85.797119 0.7353 0.7353 0.7353
v 27.028812 1103.935547 -86.295135 0.7353 0.7353 0.7353
v 24.075315 1103.935547 -86.295135 0.7353 0.7353 0.7353
v 21.121817 1103.935547 -86.295135 0.7353 0.7353 0.7353
v 18.168320 1103.935547 -86.295135 0.7353 0.7353 0.7353
v 15.214823 1103.935547 -86.295135 0.7353 0.7353 0.7353
v 12.261325 1103.935547 -86.295135 0.7353 0.7353 0.7353
v 9.307827 1103.890991 -85.797119 0.7353 0.7353 0.7353
v 29.982332 1103.693970 -85.814987 0.7353 0.7353 0.7353
v 27.028833 1103.739990 -86.312866 0.7353 0.7353 0.7353
v 24.075336 1103.739990 -86.312866 0.7353 0.7353 0.7353
v 21.121840 1103.739990 -86.312866 0.7353 0.7353 0.7353
v 18.168343 1103.739990 -86.312866 0.7353 0.7353 0.7353
v 15.214846 1103.739990 -86.312866 0.7353 0.7353 0.7353
v 12.261348 1103.739990 -86.312866 0.7353 0.7353 0.7353
v 9.307851 1103.693970 -85.814987 0.7353 0.7353 0.7353
v 29.983152 1096.281738 -86.511772 0.7353 0.7353 0.7353
v 27.029661 1096.329346 -87.009499 0.7353 0.7353 0.7353
v 24.076168 1096.329346 -87.009499 0.7353 0.7353 0.7353
v 21.122677 1096.329346 -87.009499 0.7353 0.7353 0.7353
v 18.169186 1096.329346 -87.009499 0.7353 0.7353 0.7353
v 15.215693 1096.329346 -87.009499 0.7353 0.7353 0.7353
v 12.262201 1096.329346 -87.009499 0.7353 0.7353 0.7353
v 9.308710 1096.281738 -86.511772 0.7353 0.7353 0.7353
v 29.983175 1096.084961 -86.530930 0.7353 0.7353 0.7353
v 27.029682 1096.134277 -87.028496 0.7353 0.7353 0.7353
v 24.076191 1096.134277 -87.028496 0.7353 0.7353 0.7353
v 21.122700 1096.134277 -87.028496 0.7353 0.7353 0.7353
v 18.169209 1096.134277 -87.028496 0.7353 0.7353 0.7353
v 15.215716 1096.134277 -87.028496 0.7353 0.7353 0.7353
v 12.262225 1096.134277 -87.028496 0.7353 0.7353 0.7353
v 9.308733 1096.084961 -86.530930 0.7353 0.7353 0.7353
v 29.984005 1088.677490 -87.276833 0.7353 0.7353 0.7353
v 27.030519 1088.728394 -87.774231 0.7353 0.7353 0.7353
v 24.077032 1088.728394 -87.774231 0.7353 0.7353 0.7353
v 21.123547 1088.728394 -87.774231 0.7353 0.7353 0.7353
v 18.170061 1088.728394 -87.774231 0.7353 0.7353 0.7353
v 15.216575 1088.728394 -87.774231 0.7353 0.7353 0.7353
v 12.263088 1088.728394 -87.774231 0.7353 0.7353 0.7353
v 9.309602 1088.677490 -87.276833 0.7353 0.7353 0.7353
v 29.984028 1088.480713 -87.297310 0.7353 0.7353 0.7353
v 27.030542 1088.532959 -87.794571 0.7353 0.7353 0.7353
v 24.077055 1088.532959 -87.794571 0.7353 0.7353 0.7353
v 21.123569 1088.532959 -87.794571 0.7353 0.7353 0.7353
v 18.170084 1088.532959 -87.794571 0.7353 0.7353 0.7353
v 15.216598 1088.532959 -87.794571 0.7353 0.7353 0.7353
v 12.263112 1088.532959 -87.794571 0.7353 0.7353 0.7353
v 9.309626 1088.480713 -87.297310 0.7353 0.7353 0.7353
v 29.984505 1084.255859 -87.745651 0.7353 0.7353 0.7353
v 27.031023 1084.309448 -88.242767 0.7353 0.7353 0.7353
v 24.077539 1084.309448 -88.242767 0.7353 0.7353 0.7353
v 21.124058 1084.309448 -88.242767 0.7353 0.7353 0.7353
v 18.170574 1084.309448 -88.242767 0.7353 0.7353 0.7353
v 15.217092 1084.309448 -88.242767 0.7353 0.7353 0.7353
v 12.263609 1084.309448 -88.242767 0.7353 0.7353 0.7353
v 9.310126 1084.255859 -87.745651 0.7353 0.7353 0.7353
v 29.984865 1081.078369 -88.093643 0.7353 0.7353 0.7353
v 27.031385 1081.133179 -88.590630 0.7353 0.7353 0.7353
v 24.077906 1081.133179 -88.590630 0.7353 0.7353 0.7353
v 21.124426 1081.133179 -88.590630 0.7353 0.7353 0.7353
v 18.170944 1081.133179 -88.590630 0.7353 0.7353 0.7353
v 15.217464 1081.133179 -88.590630 0.7353 0.7353 0.7353
v 12.263985 1081.133179 -88.590630 0.7353 0.7353 0.7353
v 9.310505 1081.078369 -88.093643 0.7353 0.7353 0.7353
v 29.984888 1080.881836 -88.115479 0.7353 0.7353 0.7353
v 27.031408 1080.937866 -88.612328 0.7353 0.7353 0.7353
v 24.077929 1080.937866 -88.612328 0.7353 0.7353 0.7353
v 21.124447 1080.937866 -88.612328 0.7353 0.7353 0.7353
v 18.170967 1080.937866 -88.612328 0.7353 0.7353 0.7353
v 15.217487 1080.937866 -88.612328 0.7353 0.7353 0.7353
v 12.264008 1080.937866 -88.612328 0.7353 0.7353 0.7353
v 9.310528 1080.881836 -88.115479 0.7353 0.7353 0.7353
v 29.985729 1073.485229 -88.963509 0.7353 0.7353 0.7353
v 27.032253 1073.543091 -89.460152 0.7353 0.7353 0.7353
v 24.078779 1073.543091 -89.460152 0.7353 0.7353 0.7353
v 21.125303 1073.543091 -89.460152 0.7353 0.7353 0.7353
v 18.171827 1073.543091 -89.460152 0.7353 0.7353 0.7353
v 15.218352 1073.543091 -89.460152 0.7353 0.7353 0.7353
v 12.264877 1073.543091 -89.460152 0.7353 0.7353 0.7353
v 9.311401 1073.485229 -88.963509 0.7353 0.7353 0.7353
v 29.985752 1073.288818 -88.986740 0.7353 0.7353 0.7353
v 27.032276 1073.348022 -89.483223 0.7353 0.7353 0.7353
v 24.078800 1073.348022 -89.483215 0.7353 0.7353 0.7353
v 21.125326 1073.348022 -89.483215 0.7353 0.7353 0.7353
v 18.171850 1073.348022 -89.483223 0.7353 0.7353 0.7353
v 15.218374 1073.348022 -89.483223 0.7353 0.7353 0.7353
v 12.264899 1073.348022 -89.483223 0.7353 0.7353 0.7353
v 9.311424 1073.288818 -88.986740 0.7353 0.7353 0.7353
v 29.986217 1069.196289 -89.479294 0.7353 0.7353 0.7353
v 27.032745 1069.256592 -89.975655 0.7353 0.7353 0.7353
v 24.079273 1069.256592 -89.975655 0.7353 0.7353 0.7353
v 21.125799 1069.256592 -89.975655 0.7353 0.7353 0.7353
v 18.172327 1069.256592 -89.975655 0.7353 0.7353 0.7353
v 15.218853 1069.256470 -89.975655 0.7353 0.7353 0.7353
v 12.265381 1069.256470 -89.975655 0.7353 0.7353 0.7353
v 9.311908 1069.196289 -89.479294 0.7353 0.7353 0.7353
v 29.986238 1069.022217 -89.500603 0.7353 0.7353 0.7353
v 27.032764 1069.083008 -89.996895 0.7353 0.7353 0.7353
v 24.079292 1069.083008 -89.996895 0.7353 0.7353 0.7353
v 21.125820 1069.083008 -89.996895 0.7353 0.7353 0.7353
v 18.172346 1069.083008 -89.996895 0.7353 0.7353 0.7353
v 15.218874 1069.083008 -89.996895 0.7353 0.7353 0.7353
v 12.265401 1069.083008 -89.996895 0.7353 0.7353 0.7353
v 9.311929 1069.022217 -89.500603 0.7353 0.7353 0.7353
v 29.986261 1068.825928 -89.524673 0.7353 0.7353 0.7353
v 27.032787 1068.887329 -90.020889 0.7353 0.7353 0.7353
v 24.079315 1068.887329 -90.020889 0.7353 0.7353 0.7353
v 21.125843 1068.887329 -90.020889 0.7353 0.7353 0.7353
v 18.172369 1068.887329 -90.020889 0.7353 0.7353 0.7353
v 15.218897 1068.887329 -90.020889 0.7353 0.7353 0.7353
v 12.265425 1068.887329 -90.020889 0.7353 0.7353 0.7353
v 9.311952 1068.825928 -89.524673 0.7353 0.7353 0.7353
v 29.986746 1064.561279 -90.056961 0.7353 0.7353 0.7353
v 27.033278 1064.623779 -90.553047 0.7353 0.7353 0.7353
v 24.079807 1064.623779 -90.553047 0.7353 0.7353 0.7353
v 21.126339 1064.623779 -90.553047 0.7353 0.7353 0.7353
v 18.172869 1064.623779 -90.553047 0.7353 0.7353 0.7353
v 15.219399 1064.623779 -90.553047 0.7353 0.7353 0.7353
v 12.265930 1064.623779 -90.553047 0.7353 0.7353 0.7353
v 9.312461 1064.561279 -90.056961 0.7353 0.7353 0.7353
v 29.986769 1064.364990 -90.081886 0.7353 0.7353 0.7353
v 27.033300 1064.428955 -90.577782 0.7353 0.7353 0.7353
v 24.079830 1064.428955 -90.577782 0.7353 0.7353 0.7353
v 21.126362 1064.428955 -90.577782 0.7353 0.7353 0.7353
v 18.172892 1064.428955 -90.577782 0.7353 0.7353 0.7353
v 15.219423 1064.428955 -90.577782 0.7353 0.7353 0.7353
v 12.265954 1064.428955 -90.577782 0.7353 0.7353 0.7353
v 9.312485 1064.364990 -90.081886 0.7353 0.7353 0.7353
v 29.987616 1056.922119 -91.055840 0.7353 0.7353 0.7353
v 27.034151 1056.987915 -91.551491 0.7353 0.7353 0.7353
v 24.080687 1056.987915 -91.551491 0.7353 0.7353 0.7353
v 21.127220 1056.987915 -91.551491 0.7353 0.7353 0.7353
v 18.173756 1056.987915 -91.551491 0.7353 0.7353 0.7353
v 15.220290 1056.987915 -91.551491 0.7353 0.7353 0.7353
v 12.266826 1056.987915 -91.551491 0.7353 0.7353 0.7353
v 9.313360 1056.922119 -91.055840 0.7353 0.7353 0.7353
v 29.987638 1056.726074 -91.082245 0.7353 0.7353 0.7353
v 27.034174 1056.793823 -91.577637 0.7353 0.7353 0.7353
v 24.080708 1056.793823 -91.577644 0.7353 0.7353 0.7353
v 21.127243 1056.793823 -91.577644 0.7353 0.7353 0.7353
v 18.173779 1056.793823 -91.577644 0.7353 0.7353 0.7353
v 15.220313 1056.793823 -91.577644 0.7353 0.7353 0.7353
v 12.266848 1056.793823 -91.577637 0.7353 0.7353 0.7353
v 9.313382 1056.726074 -91.082245 0.7353 0.7353 0.7353
v 29.988482 1049.290771 -92.112808 0.7353 0.7353 0.7353
v 27.035021 1049.360352 -92.607941 0.7353 0.7353 0.7353
v 24.081560 1049.360352 -92.607941 0.7353 0.7353 0.7353
v 21.128099 1049.360352 -92.607941 0.7353 0.7353 0.7353
v 18.174639 1049.360352 -92.607941 0.7353 0.7353 0.7353
v 15.221178 1049.360352 -92.607941 0.7353 0.7353 0.7353
v 12.267717 1049.360352 -92.607941 0.7353 0.7353 0.7353
v 9.314257 1049.290771 -92.112808 0.7353 0.7353 0.7353
v 29.988503 1049.094971 -92.140709 0.7353 0.7353 0.7353
v 27.035042 1049.166504 -92.635567 0.7353 0.7353 0.7353
v 24.081581 1049.166504 -92.635567 0.7353 0.7353 0.7353
v 21.128120 1049.166504 -92.635567 0.7353 0.7353 0.7353
v 18.174660 1049.166504 -92.635567 0.7353 0.7353 0.7353
v 15.221200 1049.166504 -92.635567 0.7353 0.7353 0.7353
v 12.267739 1049.166504 -92.635567 0.7353 0.7353 0.7353
v 9.314279 1049.094971 -92.140709 0.7353 0.7353 0.7353
v 29.989336 1041.667725 -93.228745 0.7353 0.7353 0.7353
v 27.035881 1041.741211 -93.723320 0.7353 0.7353 0.7353
v 24.082424 1041.741211 -93.723320 0.7353 0.7353 0.7353
v 21.128969 1041.741211 -93.723320 0.7353 0.7353 0.7353
v 18.175512 1041.741211 -93.723320 0.7353 0.7353 0.7353
v 15.222057 1041.741211 -93.723320 0.7353 0.7353 0.7353
v 12.268601 1041.741211 -93.723320 0.7353 0.7353 0.7353
v 9.315145 1041.667725 -93.228745 0.7353 0.7353 0.7353
v 29.989359 1041.472168 -93.258171 0.7353 0.7353 0.7353
v 27.035902 1041.546753 -93.752579 0.7353 0.7353 0.7353
v 24.082447 1041.546753 -93.752579 0.7353 0.7353 0.7353
v 21.128990 1041.546753 -93.752579 0.7353 0.7353 0.7353
v 18.175535 1041.546753 -93.752579 0.7353 0.7353 0.7353
v 15.222079 1041.546753 -93.752579 0.7353 0.7353 0.7353
v 12.268622 1041.546753 -93.752579 0.7353 0.7353 0.7353
v 9.315166 1041.472168 -93.258171 0.7353 0.7353 0.7353
v 29.989492 1040.281250 -93.438248 0.7353 0.7353 0.7353
v 27.036036 1040.356934 -93.932487 0.7353 0.7353 0.7353
v 24.082581 1040.356934 -93.932487 0.7353 0.7353 0.7353
v 21.129126 1040.356934 -93.932487 0.7353 0.7353 0.7353
v 18.175671 1040.356934 -93.932487 0.7353 0.7353 0.7353
v 15.222216 1040.356934 -93.932487 0.7353 0.7353 0.7353
v 12.268761 1040.356934 -93.932487 0.7353 0.7353 0.7353
v 9.315305 1040.281250 -93.438248 0.7353 0.7353 0.7353
v 29.990181 1034.053589 -94.404465 0.7353 0.7353 0.7353
v 27.036730 1034.131104 -94.898430 0.7353 0.7353 0.7353
v 24.083279 1034.131104 -94.898430 0.7353 0.7353 0.7353
v 21.129826 1034.131104 -94.898430 0.7353 0.7353 0.7353
v 18.176374 1034.131104 -94.898430 0.7353 0.7353 0.7353
v 15.222922 1034.131104 -94.898430 0.7353 0.7353 0.7353
v 12.269470 1034.131104 -94.898430 0.7353 0.7353 0.7353
v 9.316019 1034.053589 -94.404465 0.7353 0.7353 0.7353
v 29.990204 1033.858276 -94.435432 0.7353 0.7353 0.7353
v 27.036751 1033.937622 -94.929108 0.7353 0.7353 0.7353
v 24.083300 1033.937622 -94.929108 0.7353 0.7353 0.7353
v 21.129848 1033.937622 -94.929108 0.7353 0.7353 0.7353
v 18.176395 1033.937622 -94.929108 0.7353 0.7353 0.7353
v 15.222944 1033.937622 -94.929108 0.7353 0.7353 0.7353
v 12.269492 1033.937622 -94.929108 0.7353 0.7353 0.7353
v 9.316040 1033.858276 -94.435432 0.7353 0.7353 0.7353
v 29.991013 1026.449219 -95.640785 0.7353 0.7353 0.7353
v 27.037563 1026.530518 -96.134140 0.7353 0.7353 0.7353
v 24.084116 1026.530518 -96.134140 0.7353 0.7353 0.7353
v 21.130667 1026.530518 -96.134140 0.7353 0.7353 0.7353
v 18.177219 1026.530518 -96.134140 0.7353 0.7353 0.7353
v 15.223771 1026.530518 -96.134140 0.7353 0.7353 0.7353
v 12.270323 1026.530518 -96.134140 0.7353 0.7353 0.7353
v 9.316875 1026.449219 -95.640785 0.7353 0.7353 0.7353
v 29.991034 1026.254150 -95.673317 0.7353 0.7353 0.7353
v 27.037586 1026.337402 -96.166336 0.7353 0.7353 0.7353
v 24.084137 1026.337402 -96.166336 0.7353 0.7353 0.7353
v 21.130690 1026.337402 -96.166336 0.7353 0.7353 0.7353
v 18.177240 1026.337402 -96.166336 0.7353 0.7353 0.7353
v 15.223792 1026.337402 -96.166336 0.7353 0.7353 0.7353
v 12.270344 1026.337402 -96.166336 0.7353 0.7353 0.7353
v 9.316895 1026.254150 -95.673317 0.7353 0.7353 0.7353
v 29.991825 1018.854919 -96.938515 0.7353 0.7353 0.7353
v 27.038382 1018.940186 -97.431190 0.7353 0.7353 0.7353
v 24.084936 1018.940186 -97.431190 0.7353 0.7353 0.7353
v 21.131493 1018.940186 -97.431190 0.7353 0.7353 0.7353
v 18.178047 1018.940186 -97.431190 0.7353 0.7353 0.7353
v 15.224603 1018.940186 -97.431190 0.7353 0.7353 0.7353
v 12.271157 1018.940186 -97.431190 0.7353 0.7353 0.7353
v 9.317713 1018.854919 -96.938515 0.7353 0.7353 0.7353
v 29.991846 1018.660217 -96.972633 0.7353 0.7353 0.7353
v 27.038403 1018.746826 -97.465080 0.7353 0.7353 0.7353
v 24.084957 1018.746826 -97.465080 0.7353 0.7353 0.7353
v 21.131512 1018.746826 -97.465080 0.7353 0.7353 0.7353
v 18.178068 1018.746826 -97.465080 0.7353 0.7353 0.7353
v 15.224623 1018.746826 -97.465080 0.7353 0.7353 0.7353
v 12.271178 1018.746826 -97.465080 0.7353 0.7353 0.7353
v 9.317734 1018.660217 -96.972633 0.7353 0.7353 0.7353
v 29.992062 1016.624084 -97.331894 0.7353 0.7353 0.7353
v 27.038618 1016.711975 -97.824112 0.7353 0.7353 0.7353
v 24.085175 1016.711975 -97.824112 0.7353 0.7353 0.7353
v 21.131731 1016.711975 -97.824112 0.7353 0.7353 0.7353
v 18.178288 1016.711975 -97.824112 0.7353 0.7353 0.7353
v 15.224843 1016.711975 -97.824112 0.7353 0.7353 0.7353
v 12.271399 1016.711975 -97.824112 0.7353 0.7353 0.7353
v 9.317956 1016.624084 -97.331894 0.7353 0.7353 0.7353
v 29.992619 1011.271667 -98.298500 0.7353 0.7353 0.7353
v 27.039179 1011.361267 -98.790405 0.7353 0.7353 0.7353
v 24.085737 1011.361267 -98.790405 0.7353 0.7353 0.7353
v 21.132296 1011.361267 -98.790405 0.7353 0.7353 0.7353
v 18.178854 1011.361267 -98.790405 0.7353 0.7353 0.7353
v 15.225413 1011.361267 -98.790405 0.7353 0.7353 0.7353
v 12.271973 1011.361267 -98.790405 0.7353 0.7353 0.7353
v 9.318531 1011.271667 -98.298500 0.7353 0.7353 0.7353
v 29.992640 1011.077209 -98.334221 0.7353 0.7353 0.7353
v 27.039198 1011.168579 -98.825798 0.7353 0.7353 0.7353
v 24.085756 1011.168579 -98.825798 0.7353 0.7353 0.7353
v 21.132317 1011.168579 -98.825798 0.7353 0.7353 0.7353
v 18.178875 1011.168579 -98.825798 0.7353 0.7353 0.7353
v 15.225433 1011.168579 -98.825798 0.7353 0.7353 0.7353
v 12.271993 1011.168579 -98.825798 0.7353 0.7353 0.7353
v 9.318551 1011.077209 -98.334221 0.7353 0.7353 0.7353
v 29.993404 1003.544556 -99.751404 0.7353 0.7353 0.7353
v 27.039967 1003.638062 -100.242584 0.7353 0.7353 0.7353
v 24.086527 1003.638062 -100.242584 0.7353 0.7353 0.7353
v 21.133087 1003.638062 -100.242584 0.7353 0.7353 0.7353
v 18.179647 1003.638062 -100.242584 0.7353 0.7353 0.7353
v 15.226210 1003.638062 -100.242584 0.7353 0.7353 0.7353
v 12.272770 1003.638062 -100.242584 0.7353 0.7353 0.7353
v 9.319331 1003.544556 -99.751404 0.7353 0.7353 0.7353
v 29.993423 1003.350464 -99.788788 0.7353 0.7353 0.7353
v 27.039986 1003.445190 -100.279732 0.7353 0.7353 0.7353
v 24.086546 1003.445190 -100.279732 0.7353 0.7353 0.7353
v 21.133106 1003.445190 -100.279732 0.7353 0.7353 0.7353
v 18.179668 1003.445190 -100.279732 0.7353 0.7353 0.7353
v 15.226229 1003.445190 -100.279732 0.7353 0.7353 0.7353
v 12.272790 1003.445190 -100.279724 0.7353 0.7353 0.7353
v 9.319350 1003.350464 -99.788788 0.7353 0.7353 0.7353
v 29.993546 1002.132812 -100.024277 0.7353 0.7353 0.7353
v 27.040108 1002.228760 -100.514977 0.7353 0.7353 0.7353
v 24.086668 1002.228760 -100.514977 0.7353 0.7353 0.7353
v 21.133230 1002.228760 -100.514977 0.7353 0.7353 0.7353
v 18.179790 1002.228760 -100.514977 0.7353 0.7353 0.7353
v 15.226353 1002.228760 -100.514977 0.7353 0.7353 0.7353
v 12.272914 1002.228760 -100.514977 0.7353 0.7353 0.7353
v 9.319475 1002.132812 -100.024277 0.7353 0.7353 0.7353
v 29.994164 995.830261 -101.270828 0.7353 0.7353 0.7353
v 27.040728 995.928162 -101.761147 0.7353 0.7353 0.7353
v 24.087292 995.928162 -101.761147 0.7353 0.7353 0.7353
v 21.133854 995.928162 -101.761147 0.7353 0.7353 0.7353
v 18.180418 995.928223 -101.761147 0.7353 0.7353 0.7353
v 15.226983 995.928223 -101.761147 0.7353 0.7353 0.7353
v 12.273546 995.928223 -101.761147 0.7353 0.7353 0.7353
v 9.320110 995.830261 -101.270828 0.7353 0.7353 0.7353
v 29.994181 995.636536 -101.309891 0.7353 0.7353 0.7353
v 27.040745 995.736450 -101.799812 0.7353 0.7353 0.7353
v 24.087309 995.736450 -101.799812 0.7353 0.7353 0.7353
v 21.133873 995.736450 -101.799812 0.7353 0.7353 0.7353
v 18.180437 995.736450 -101.799812 0.7353 0.7353 0.7353
v 15.227001 995.736450 -101.799812 0.7353 0.7353 0.7353
v 12.273565 995.736450 -101.799812 0.7353 0.7353 0.7353
v 9.320129 995.636536 -101.309891 0.7353 0.7353 0.7353
v 29.994890 988.129333 -102.857628 0.7353 0.7353 0.7353
v 27.041456 988.231384 -103.347107 0.7353 0.7353 0.7353
v 24.088022 988.231384 -103.347107 0.7353 0.7353 0.7353
v 21.134588 988.231384 -103.347107 0.7353 0.7353 0.7353
v 18.181154 988.231384 -103.347107 0.7353 0.7353 0.7353
v 15.227720 988.231384 -103.347107 0.7353 0.7353 0.7353
v 12.274286 988.231384 -103.347107 0.7353 0.7353 0.7353
v 9.320852 988.129333 -102.857628 0.7353 0.7353 0.7353
v 29.994907 987.935913 -102.898392 0.7353 0.7353 0.7353
v 27.041473 988.040100 -103.387413 0.7353 0.7353 0.7353
v 24.088039 988.040100 -103.387413 0.7353 0.7353 0.7353
v 21.134605 988.040100 -103.387413 0.7353 0.7353 0.7353
v 18.181171 988.040100 -103.387413 0.7353 0.7353 0.7353
v 15.227738 988.040100 -103.387413 0.7353 0.7353 0.7353
v 12.274304 988.040100 -103.387413 0.7353 0.7353 0.7353
v 9.320870 987.935913 -102.898392 0.7353 0.7353 0.7353
v 29.995584 980.442932 -104.512581 0.7353 0.7353 0.7353
v 27.042150 980.549316 -105.001129 0.7353 0.7353 0.7353
v 24.088718 980.549316 -105.001129 0.7353 0.7353 0.7353
v 21.135286 980.549316 -105.001129 0.7353 0.7353 0.7353
v 18.181854 980.549316 -105.001129 0.7353 0.7353 0.7353
v 15.228421 980.549316 -105.001129 0.7353 0.7353 0.7353
v 12.274989 980.549316 -105.001129 0.7353 0.7353 0.7353
v 9.321557 980.442932 -104.512581 0.7353 0.7353 0.7353
v 29.995602 980.249939 -104.555077 0.7353 0.7353 0.7353
v 27.042168 980.357849 -105.043297 0.7353 0.7353 0.7353
v 24.088736 980.357849 -105.043289 0.7353 0.7353 0.7353
v 21.135303 980.357849 -105.043289 0.7353 0.7353 0.7353
v 18.181871 980.357849 -105.043289 0.7353 0.7353 0.7353
v 15.228438 980.357849 -105.043289 0.7353 0.7353 0.7353
v 12.275006 980.357849 -105.043289 0.7353 0.7353 0.7353
v 9.321573 980.249939 -104.555077 0.7353 0.7353 0.7353
v 29.995834 977.562439 -105.151382 0.7353 0.7353 0.7353
v 27.042402 977.671814 -105.639275 0.7353 0.7353 0.7353
v 24.088970 977.671814 -105.639275 0.7353 0.7353 0.7353
v 21.135538 977.671814 -105.639275 0.7353 0.7353 0.7353
v 18.182106 977.671814 -105.639275 0.7353 0.7353 0.7353
v 15.228675 977.671814 -105.639275 0.7353 0.7353 0.7353
v 12.275243 977.671814 -105.639275 0.7353 0.7353 0.7353
v 9.321811 977.562439 -105.151382 0.7353 0.7353 0.7353
v 29.996241 972.771606 -106.236572 0.7353 0.7353 0.7353
v 27.042809 972.882812 -106.724052 0.7353 0.7353 0.7353
v 24.089378 972.882812 -106.724052 0.7353 0.7353 0.7353
v 21.135948 972.882812 -106.724052 0.7353 0.7353 0.7353
v 18.182516 972.882812 -106.724052 0.7353 0.7353 0.7353
v 15.229086 972.882812 -106.724052 0.7353 0.7353 0.7353
v 12.275655 972.882812 -106.724052 0.7353 0.7353 0.7353
v 9.322224 972.771606 -106.236572 0.7353 0.7353 0.7353
v 29.996256 972.578979 -106.280815 0.7353 0.7353 0.7353
v 27.042826 972.692017 -106.767876 0.7353 0.7353 0.7353
v 24.089394 972.692017 -106.767876 0.7353 0.7353 0.7353
v 21.135963 972.692017 -106.767876 0.7353 0.7353 0.7353
v 18.182533 972.692017 -106.767876 0.7353 0.7353 0.7353
v 15.229102 972.692017 -106.767876 0.7353 0.7353 0.7353
v 12.275671 972.692017 -106.767876 0.7353 0.7353 0.7353
v 9.322240 972.578979 -106.280815 0.7353 0.7353 0.7353
v 29.996857 965.116516 -108.030304 0.7353 0.7353 0.7353
v 27.043428 965.231750 -108.516846 0.7353 0.7353 0.7353
v 24.089998 965.231750 -108.516846 0.7353 0.7353 0.7353
v 21.136570 965.231750 -108.516846 0.7353 0.7353 0.7353
v 18.183142 965.231750 -108.516846 0.7353 0.7353 0.7353
v 15.229712 965.231750 -108.516846 0.7353 0.7353 0.7353
v 12.276283 965.231750 -108.516846 0.7353 0.7353 0.7353
v 9.322854 965.116516 -108.030304 0.7353 0.7353 0.7353
v 29.996872 964.924255 -108.076309 0.7353 0.7353 0.7353
v 27.043442 965.040894 -108.562515 0.7353 0.7353 0.7353
v 24.090014 965.040894 -108.562515 0.7353 0.7353 0.7353
v 21.136585 965.040894 -108.562515 0.7353 0.7353 0.7353
v 18.183155 965.040894 -108.562515 0.7353 0.7353 0.7353
v 15.229727 965.040894 -108.562515 0.7353 0.7353 0.7353
v 12.276299 965.040894 -108.562515 0.7353 0.7353 0.7353
v 9.322869 964.924255 -108.076309 0.7353 0.7353 0.7353
v 29.996994 963.332214 -108.459099 0.7353 0.7353 0.7353
v 27.043566 963.450195 -108.944977 0.7353 0.7353 0.7353
v 24.090136 963.450195 -108.944977 0.7353 0.7353 0.7353
v 21.136707 963.450195 -108.944977 0.7353 0.7353 0.7353
v 18.183279 963.450195 -108.944977 0.7353 0.7353 0.7353
v 15.229850 963.450195 -108.944977 0.7353 0.7353 0.7353
v 12.276421 963.450195 -108.944977 0.7353 0.7353 0.7353
v 9.322992 963.332214 -108.459099 0.7353 0.7353 0.7353
v 29.997437 957.382202 -109.918541 0.7353 0.7353 0.7353
v 27.044006 957.382202 -109.918541 0.7353 0.7353 0.7353
v 24.090578 957.382202 -109.918541 0.7353 0.7353 0.7353
v 21.137150 957.382202 -109.918541 0.7353 0.7353 0.7353
v 18.183720 957.382202 -109.918541 0.7353 0.7353 0.7353
v 15.230291 957.382202 -109.918541 0.7353 0.7353 0.7353
v 12.276863 957.382202 -109.918541 0.7353 0.7353 0.7353
v 9.323434 957.382202 -109.918541 0.7353 0.7353 0.7353
v -9.370969 1455.392578 -79.980209 0.7353 0.7353 0.7353
v -12.315915 1455.423218 -79.980209 0.7353 0.7353 0.7353
v -15.260862 1455.453735 -79.980209 0.7353 0.7353 0.7353
v -18.205809 1455.484375 -79.980209 0.7353 0.7353 0.7353
v -21.150755 1455.515015 -79.980209 0.7353 0.7353 0.7353
v -24.095701 1455.545532 -79.980209 0.7353 0.7353 0.7353
v -27.040648 1455.576172 -79.980209 0.7353 0.7353 0.7353
v -29.985596 1455.606689 -79.980209 0.7353 0.7353 0.7353
v -9.372106 1455.291504 -79.980202 0.7353 0.7353 0.7353
v -12.317060 1455.321533 -80.480202 0.7353 0.7353 0.7353
v -15.262012 1455.351440 -80.480202 0.7353 0.7353 0.7353
v -18.206966 1455.381348 -80.480202 0.7353 0.7353 0.7353
v -21.151920 1455.411255 -80.480202 0.7353 0.7353 0.7353
v -24.096872 1455.441162 -80.480202 0.7353 0.7353 0.7353
v -27.041826 1455.471069 -80.480202 0.7353 0.7353 0.7353
v -29.986780 1455.501099 -79.980202 0.7353 0.7353 0.7353
v -9.373214 1455.190552 -79.980194 0.7353 0.7353 0.7353
v -12.318173 1455.219849 -80.480194 0.7353 0.7353 0.7353
v -15.263133 1455.249023 -80.480194 0.7353 0.7353 0.7353
v -18.208094 1455.278320 -80.480194 0.7353 0.7353 0.7353
v -21.153053 1455.307617 -80.480194 0.7353 0.7353 0.7353
v -24.098013 1455.336914 -80.480194 0.7353 0.7353 0.7353
v -27.042973 1455.366211 -80.480194 0.7353 0.7353 0.7353
v -29.987932 1455.395508 -79.980194 0.7353 0.7353 0.7353
v -9.397061 1451.007446 -79.980011 0.7353 0.7353 0.7353
v -12.342151 1451.017578 -80.480011 0.7353 0.7353 0.7353
v -15.287239 1451.027710 -80.480011 0.7353 0.7353 0.7353
v -18.232328 1451.037842 -80.480011 0.7353 0.7353 0.7353
v -21.177416 1451.047852 -80.480011 0.7353 0.7353 0.7353
v -24.122505 1451.057983 -80.480011 0.7353 0.7353 0.7353
v -27.067593 1451.068115 -80.480011 0.7353 0.7353 0.7353
v -30.012682 1451.078247 -79.980011 0.7353 0.7353 0.7353
v -9.397292 1450.827881 -79.980003 0.7353 0.7353 0.7353
v -12.342382 1450.837402 -80.480003 0.7353 0.7353 0.7353
v -15.287473 1450.847046 -80.480003 0.7353 0.7353 0.7353
v -18.232563 1450.856689 -80.480003 0.7353 0.7353 0.7353
v -21.177654 1450.866211 -80.480003 0.7353 0.7353 0.7353
v -24.122744 1450.875854 -80.480003 0.7353 0.7353 0.7353
v -27.067835 1450.885498 -80.480003 0.7353 0.7353 0.7353
v -30.012924 1450.895020 -79.980003 0.7353 0.7353 0.7353
v -9.397489 1450.628296 -79.979988 0.7353 0.7353 0.7353
v -12.342581 1450.637329 -80.479988 0.7353 0.7353 0.7353
v -15.287673 1450.646362 -80.479988 0.7353 0.7353 0.7353
v -18.232765 1450.655396 -80.479988 0.7353 0.7353 0.7353
v -21.177856 1450.664429 -80.479988 0.7353 0.7353 0.7353
v -24.122950 1450.673462 -80.479988 0.7353 0.7353 0.7353
v -27.068041 1450.682495 -80.479988 0.7353 0.7353 0.7353
v -30.013134 1450.691528 -79.979988 0.7353 0.7353 0.7353
v -9.391810 1446.308472 -79.979805 0.7353 0.7353 0.7353
v -12.336915 1446.310547 -80.479805 0.7353 0.7353 0.7353
v -15.282020 1446.312622 -80.479805 0.7353 0.7353 0.7353
v -18.227123 1446.314575 -80.479805 0.7353 0.7353 0.7353
v -21.172228 1446.316650 -80.479805 0.7353 0.7353 0.7353
v -24.117332 1446.318726 -80.479805 0.7353 0.7353 0.7353
v -27.062437 1446.320801 -80.479805 0.7353 0.7353 0.7353
v -30.007542 1446.322876 -79.979805 0.7353 0.7353 0.7353
v -9.391352 1446.110107 -79.979790 0.7353 0.7353 0.7353
v -12.336456 1446.112061 -80.479790 0.7353 0.7353 0.7353
v -15.281561 1446.113892 -80.479790 0.7353 0.7353 0.7353
v -18.226665 1446.115845 -80.479790 0.7353 0.7353 0.7353
v -21.171770 1446.117798 -80.479790 0.7353 0.7353 0.7353
v -24.116875 1446.119629 -80.479790 0.7353 0.7353 0.7353
v -27.061979 1446.121582 -80.479790 0.7353 0.7353 0.7353
v -30.007084 1446.123413 -79.979790 0.7353 0.7353 0.7353
v -9.384226 1441.806274 -79.979614 0.7353 0.7353 0.7353
v -12.329329 1441.806274 -80.479614 0.7353 0.7353 0.7353
v -15.274434 1441.806274 -80.479614 0.7353 0.7353 0.7353
v -18.219538 1441.806274 -80.479614 0.7353 0.7353 0.7353
v -21.164642 1441.806274 -80.479614 0.7353 0.7353 0.7353
v -24.109747 1441.806274 -80.479614 0.7353 0.7353 0.7353
v -27.054852 1441.806396 -80.479614 0.7353 0.7353 0.7353
v -29.999956 1441.806396 -79.979614 0.7353 0.7353 0.7353
v -9.384116 1441.608276 -79.979599 0.7353 0.7353 0.7353
v -12.329221 1441.608276 -80.479599 0.7353 0.7353 0.7353
v -15.274325 1441.608276 -80.479599 0.7353 0.7353 0.7353
v -18.219429 1441.608276 -80.479599 0.7353 0.7353 0.7353
v -21.164534 1441.608276 -80.479599 0.7353 0.7353 0.7353
v -24.109638 1441.608276 -80.479599 0.7353 0.7353 0.7353
v -27.054743 1441.608154 -80.479599 0.7353 0.7353 0.7353
v -29.999847 1441.608154 -79.979599 0.7353 0.7353 0.7353
v -9.385612 1437.309692 -79.979424 0.7353 0.7353 0.7353
v -12.330717 1437.309326 -80.479424 0.7353 0.7353 0.7353
v -15.275821 1437.309082 -80.479424 0.7353 0.7353 0.7353
v -18.220926 1437.308838 -80.479424 0.7353 0.7353 0.7353
v -21.166029 1437.308472 -80.479424 0.7353 0.7353 0.7353
v -24.111134 1437.308228 -80.479424 0.7353 0.7353 0.7353
v -27.056238 1437.307983 -80.479424 0.7353 0.7353 0.7353
v -30.001343 1437.307617 -79.979424 0.7353 0.7353 0.7353
v -9.385727 1437.111816 -79.979408 0.7353 0.7353 0.7353
v -12.330832 1437.111572 -80.479408 0.7353 0.7353 0.7353
v -15.275935 1437.111328 -80.479408 0.7353 0.7353 0.7353
v -18.221039 1437.111084 -80.479408 0.7353 0.7353 0.7353
v -21.166143 1437.110718 -80.479408 0.7353 0.7353 0.7353
v -24.111248 1437.110474 -80.479408 0.7353 0.7353 0.7353
v -27.056351 1437.110229 -80.479408 0.7353 0.7353 0.7353
v -30.001455 1437.109863 -79.979408 0.7353 0.7353 0.7353
v -9.387102 1432.814941 -79.979233 0.7353 0.7353 0.7353
v -12.332206 1432.814941 -80.479233 0.7353 0.7353 0.7353
v -15.277309 1432.814941 -80.479233 0.7353 0.7353 0.7353
v -18.222414 1432.814941 -80.479233 0.7353 0.7353 0.7353
v -21.167519 1432.814941 -80.479233 0.7353 0.7353 0.7353
v -24.112621 1432.814941 -80.479233 0.7353 0.7353 0.7353
v -27.057726 1432.814941 -80.479233 0.7353 0.7353 0.7353
v -30.002831 1432.814941 -79.979233 0.7353 0.7353 0.7353
v -9.387151 1432.617188 -79.979218 0.7353 0.7353 0.7353
v -12.332254 1432.617188 -80.479218 0.7353 0.7353 0.7353
v -15.277358 1432.617188 -80.479218 0.7353 0.7353 0.7353
v -18.222462 1432.617188 -80.479218 0.7353 0.7353 0.7353
v -21.167566 1432.617188 -80.479218 0.7353 0.7353 0.7353
v -24.112669 1432.617188 -80.479218 0.7353 0.7353 0.7353
v -27.057774 1432.617188 -80.479218 0.7353 0.7353 0.7353
v -30.002876 1432.617188 -79.979218 0.7353 0.7353 0.7353
v -9.387302 1432.014648 -79.979195 0.7353 0.7353 0.7353
v -12.332406 1432.014648 -80.479195 0.7353 0.7353 0.7353
v -15.277510 1432.014648 -80.479195 0.7353 0.7353 0.7353
v -18.222612 1432.014648 -80.479195 0.7353 0.7353 0.7353
v -21.167717 1432.014771 -80.479195 0.7353 0.7353 0.7353
v -24.112820 1432.014771 -80.479195 0.7353 0.7353 0.7353
v -27.057924 1432.014771 -80.479195 0.7353 0.7353 0.7353
v -30.003027 1432.014771 -79.979195 0.7353 0.7353 0.7353
v -9.389512 1425.022217 -79.978920 0.7353 0.7353 0.7353
v -12.334614 1425.022217 -80.478920 0.7353 0.7353 0.7353
v -15.279716 1425.022217 -80.478920 0.7353 0.7353 0.7353
v -18.224819 1425.022217 -80.478920 0.7353 0.7353 0.7353
v -21.169920 1425.022217 -80.478920 0.7353 0.7353 0.7353
v -24.115023 1425.022217 -80.478920 0.7353 0.7353 0.7353
v -27.060125 1425.022217 -80.478920 0.7353 0.7353 0.7353
v -30.005228 1425.022217 -79.978920 0.7353 0.7353 0.7353
v -9.389575 1424.824463 -79.978920 0.7353 0.7353 0.7353
v -12.334678 1424.824463 -80.478920 0.7353 0.7353 0.7353
v -15.279779 1424.824463 -80.478920 0.7353 0.7353 0.7353
v -18.224882 1424.824463 -80.478920 0.7353 0.7353 0.7353
v -21.169985 1424.824463 -80.478920 0.7353 0.7353 0.7353
v -24.115088 1424.824463 -80.478920 0.7353 0.7353 0.7353
v -27.060188 1424.824463 -80.478920 0.7353 0.7353 0.7353
v -30.005291 1424.824463 -79.978920 0.7353 0.7353 0.7353
v -9.391791 1417.229736 -79.978630 0.7353 0.7353 0.7353
v -12.336892 1417.229736 -80.478630 0.7353 0.7353 0.7353
v -15.281993 1417.229736 -80.478630 0.7353 0.7353 0.7353
v -18.227095 1417.229736 -80.478630 0.7353 0.7353 0.7353
v -21.172195 1417.229736 -80.478630 0.7353 0.7353 0.7353
v -24.117294 1417.229736 -80.478630 0.7353 0.7353 0.7353
v -27.062395 1417.229736 -80.478630 0.7353 0.7353 0.7353
v -30.007496 1417.229736 -79.978630 0.7353 0.7353 0.7353
v -9.391846 1417.031982 -79.978630 0.7353 0.7353 0.7353
v -12.336946 1417.031982 -80.478630 0.7353 0.7353 0.7353
v -15.282047 1417.031982 -80.478630 0.7353 0.7353 0.7353
v -18.227148 1417.031982 -80.478630 0.7353 0.7353 0.7353
v -21.172249 1417.031982 -80.478630 0.7353 0.7353 0.7353
v -24.117350 1417.031982 -80.478630 0.7353 0.7353 0.7353
v -27.062450 1417.031982 -80.478630 0.7353 0.7353 0.7353
v -30.007551 1417.031982 -79.978630 0.7353 0.7353 0.7353
v -9.393933 1409.437134 -79.978355 0.7353 0.7353 0.7353
v -12.339032 1409.437134 -80.478355 0.7353 0.7353 0.7353
v -15.284131 1409.437134 -80.478355 0.7353 0.7353 0.7353
v -18.229229 1409.437134 -80.478355 0.7353 0.7353 0.7353
v -21.174328 1409.437134 -80.478355 0.7353 0.7353 0.7353
v -24.119427 1409.437134 -80.478355 0.7353 0.7353 0.7353
v -27.064526 1409.437134 -80.478355 0.7353 0.7353 0.7353
v -30.009624 1409.437134 -79.978355 0.7353 0.7353 0.7353
v -9.393986 1409.239380 -79.978355 0.7353 0.7353 0.7353
v -12.339085 1409.239380 -80.478355 0.7353 0.7353 0.7353
v -15.284184 1409.239380 -80.478355 0.7353 0.7353 0.7353
v -18.229282 1409.239380 -80.478355 0.7353 0.7353 0.7353
v -21.174381 1409.239380 -80.478355 0.7353 0.7353 0.7353
v -24.119480 1409.239380 -80.478355 0.7353 0.7353 0.7353
v -27.064577 1409.239380 -80.478355 0.7353 0.7353 0.7353
v -30.009676 1409.239380 -79.978355 0.7353 0.7353 0.7353
v -9.394391 1407.710815 -79.978302 0.7353 0.7353 0.7353
v -12.339489 1407.710815 -80.478302 0.7353 0.7353 0.7353
v -15.284588 1407.710815 -80.478302 0.7353 0.7353 0.7353
v -18.229685 1407.710815 -80.478302 0.7353 0.7353 0.7353
v -21.174784 1407.710815 -80.478302 0.7353 0.7353 0.7353
v -24.119883 1407.710815 -80.478302 0.7353 0.7353 0.7353
v -27.064981 1407.710815 -80.478302 0.7353 0.7353 0.7353
v -30.010078 1407.710815 -79.978302 0.7353 0.7353 0.7353
v -9.395939 1401.644531 -79.978104 0.7353 0.7353 0.7353
v -12.341036 1401.644531 -80.478104 0.7353 0.7353 0.7353
v -15.286133 1401.644531 -80.478104 0.7353 0.7353 0.7353
v -18.231230 1401.644531 -80.478104 0.7353 0.7353 0.7353
v -21.176327 1401.644531 -80.478104 0.7353 0.7353 0.7353
v -24.121424 1401.644531 -80.478104 0.7353 0.7353 0.7353
v -27.066521 1401.644531 -80.478104 0.7353 0.7353 0.7353
v -30.011618 1401.644531 -79.978104 0.7353 0.7353 0.7353
v -9.395988 1401.446777 -79.978104 0.7353 0.7353 0.7353
v -12.341084 1401.446777 -80.478104 0.7353 0.7353 0.7353
v -15.286181 1401.446777 -80.478104 0.7353 0.7353 0.7353
v -18.231279 1401.446777 -80.478104 0.7353 0.7353 0.7353
v -21.176374 1401.446777 -80.478104 0.7353 0.7353 0.7353
v -24.121471 1401.446777 -80.478104 0.7353 0.7353 0.7353
v -27.066568 1401.446777 -80.478104 0.7353 0.7353 0.7353
v -30.011665 1401.446777 -79.978104 0.7353 0.7353 0.7353
v -9.397819 1393.851807 -79.977875 0.7353 0.7353 0.7353
v -12.342913 1393.851807 -80.477875 0.7353 0.7353 0.7353
v -15.288007 1393.851807 -80.477875 0.7353 0.7353 0.7353
v -18.233101 1393.851807 -80.477875 0.7353 0.7353 0.7353
v -21.178196 1393.851807 -80.477875 0.7353 0.7353 0.7353
v -24.123289 1393.851807 -80.477875 0.7353 0.7353 0.7353
v -27.068384 1393.851807 -80.477875 0.7353 0.7353 0.7353
v -30.013479 1393.851807 -79.977875 0.7353 0.7353 0.7353
v -9.397864 1393.654053 -79.977875 0.7353 0.7353 0.7353
v -12.342958 1393.654053 -80.477875 0.7353 0.7353 0.7353
v -15.288053 1393.654053 -80.477875 0.7353 0.7353 0.7353
v -18.233147 1393.654053 -80.477875 0.7353 0.7353 0.7353
v -21.178242 1393.654053 -80.477875 0.7353 0.7353 0.7353
v -24.123335 1393.654053 -80.477875 0.7353 0.7353 0.7353
v -27.068430 1393.654053 -80.477875 0.7353 0.7353 0.7353
v -30.013523 1393.654053 -79.977875 0.7353 0.7353 0.7353
v -9.399570 1386.059082 -79.977661 0.7353 0.7353 0.7353
v -12.344661 1386.059082 -80.477661 0.7353 0.7353 0.7353
v -15.289753 1386.059082 -80.477661 0.7353 0.7353 0.7353
v -18.234844 1386.059082 -80.477661 0.7353 0.7353 0.7353
v -21.179935 1386.059082 -80.477661 0.7353 0.7353 0.7353
v -24.125027 1386.059082 -80.477661 0.7353 0.7353 0.7353
v -27.070118 1386.059082 -80.477661 0.7353 0.7353 0.7353
v -30.015211 1386.059082 -79.977661 0.7353 0.7353 0.7353
v -9.399611 1385.861328 -79.977661 0.7353 0.7353 0.7353
v -12.344704 1385.861328 -80.477661 0.7353 0.7353 0.7353
v -15.289795 1385.861328 -80.477661 0.7353 0.7353 0.7353
v -18.234886 1385.861328 -80.477661 0.7353 0.7353 0.7353
v -21.179977 1385.861328 -80.477661 0.7353 0.7353 0.7353
v -24.125071 1385.861328 -80.477661 0.7353 0.7353 0.7353
v -27.070162 1385.861328 -80.477661 0.7353 0.7353 0.7353
v -30.015253 1385.861328 -79.977661 0.7353 0.7353 0.7353
v -9.400168 1383.253174 -79.977592 0.7353 0.7353 0.7353
v -12.345259 1383.253174 -80.477592 0.7353 0.7353 0.7353
v -15.290350 1383.253174 -80.477592 0.7353 0.7353 0.7353
v -18.235441 1383.253174 -80.477592 0.7353 0.7353 0.7353
v -21.180531 1383.253174 -80.477592 0.7353 0.7353 0.7353
v -24.125622 1383.253174 -80.477592 0.7353 0.7353 0.7353
v -27.070713 1383.253174 -80.477592 0.7353 0.7353 0.7353
v -30.015802 1383.253174 -79.977592 0.7353 0.7353 0.7353
v -9.401194 1378.266357 -79.977478 0.7353 0.7353 0.7353
v -12.346283 1378.266357 -80.477478 0.7353 0.7353 0.7353
v -15.291371 1378.266357 -80.477478 0.7353 0.7353 0.7353
v -18.236462 1378.266357 -80.477478 0.7353 0.7353 0.7353
v -21.181549 1378.266357 -80.477478 0.7353 0.7353 0.7353
v -24.126638 1378.266357 -80.477478 0.7353 0.7353 0.7353
v -27.071728 1378.266357 -80.477478 0.7353 0.7353 0.7353
v -30.016817 1378.266357 -79.977478 0.7353 0.7353 0.7353
v -9.401233 1378.068604 -79.977478 0.7353 0.7353 0.7353
v -12.346322 1378.068604 -80.477478 0.7353 0.7353 0.7353
v -15.291411 1378.068604 -80.477478 0.7353 0.7353 0.7353
v -18.236500 1378.068604 -80.477478 0.7353 0.7353 0.7353
v -21.181589 1378.068604 -80.477478 0.7353 0.7353 0.7353
v -24.126678 1378.068604 -80.477478 0.7353 0.7353 0.7353
v -27.071768 1378.068604 -80.477478 0.7353 0.7353 0.7353
v -30.016855 1378.068604 -79.977478 0.7353 0.7353 0.7353
v -9.402701 1370.473633 -79.977310 0.7353 0.7353 0.7353
v -12.347787 1370.473633 -80.477310 0.7353 0.7353 0.7353
v -15.292872 1370.473633 -80.477310 0.7353 0.7353 0.7353
v -18.237959 1370.473633 -80.477310 0.7353 0.7353 0.7353
v -21.183044 1370.473633 -80.477310 0.7353 0.7353 0.7353
v -24.128130 1370.473633 -80.477310 0.7353 0.7353 0.7353
v -27.073215 1370.473633 -80.477310 0.7353 0.7353 0.7353
v -30.018301 1370.473633 -79.977310 0.7353 0.7353 0.7353
v -9.402738 1370.275879 -79.977310 0.7353 0.7353 0.7353
v -12.347823 1370.275879 -80.477310 0.7353 0.7353 0.7353
v -15.292909 1370.275879 -80.477310 0.7353 0.7353 0.7353
v -18.237995 1370.275879 -80.477310 0.7353 0.7353 0.7353
v -21.183081 1370.275879 -80.477310 0.7353 0.7353 0.7353
v -24.128166 1370.275879 -80.477310 0.7353 0.7353 0.7353
v -27.073252 1370.275879 -80.477310 0.7353 0.7353 0.7353
v -30.018337 1370.275879 -79.977310 0.7353 0.7353 0.7353
v -9.403044 1368.607178 -79.977272 0.7353 0.7353 0.7353
v -12.348128 1368.607178 -80.477272 0.7353 0.7353 0.7353
v -15.293213 1368.607178 -80.477272 0.7353 0.7353 0.7353
v -18.238298 1368.607178 -80.477272 0.7353 0.7353 0.7353
v -21.183384 1368.607178 -80.477272 0.7353 0.7353 0.7353
v -24.128468 1368.607178 -80.477272 0.7353 0.7353 0.7353
v -27.073553 1368.607178 -80.477272 0.7353 0.7353 0.7353
v -30.018639 1368.607178 -79.977272 0.7353 0.7353 0.7353
v -9.404087 1362.681274 -79.977165 0.7353 0.7353 0.7353
v -12.349170 1362.681274 -80.477165 0.7353 0.7353 0.7353
v -15.294251 1362.681274 -80.477165 0.7353 0.7353 0.7353
v -18.239334 1362.681274 -80.477165 0.7353 0.7353 0.7353
v -21.184418 1362.681274 -80.477165 0.7353 0.7353 0.7353
v -24.129499 1362.681274 -80.477165 0.7353 0.7353 0.7353
v -27.074581 1362.681274 -80.477165 0.7353 0.7353 0.7353
v -30.019665 1362.681274 -79.977165 0.7353 0.7353 0.7353
v -9.404120 1362.483521 -79.977165 0.7353 0.7353 0.7353
v -12.349202 1362.483521 -80.477165 0.7353 0.7353 0.7353
v -15.294285 1362.483521 -80.477165 0.7353 0.7353 0.7353
v -18.239367 1362.483521 -80.477165 0.7353 0.7353 0.7353
v -21.184450 1362.483521 -80.477165 0.7353 0.7353 0.7353
v -24.129532 1362.483521 -80.477165 0.7353 0.7353 0.7353
v -27.074615 1362.483521 -80.477165 0.7353 0.7353 0.7353
v -30.019697 1362.483521 -79.977165 0.7353 0.7353 0.7353
v -9.405364 1354.888550 -79.977036 0.7353 0.7353 0.7353
v -12.350442 1354.888550 -80.477036 0.7353 0.7353 0.7353
v -15.295521 1354.888550 -80.477036 0.7353 0.7353 0.7353
v -18.240599 1354.888550 -80.477036 0.7353 0.7353 0.7353
v -21.185677 1354.888550 -80.477036 0.7353 0.7353 0.7353
v -24.130754 1354.888550 -80.477036 0.7353 0.7353 0.7353
v -27.075834 1354.888550 -80.477036 0.7353 0.7353 0.7353
v -30.020912 1354.888550 -79.977036 0.7353 0.7353 0.7353
v -9.405394 1354.690796 -79.977036 0.7353 0.7353 0.7353
v -12.350472 1354.690796 -80.477036 0.7353 0.7353 0.7353
v -15.295550 1354.690796 -80.477036 0.7353 0.7353 0.7353
v -18.240629 1354.690796 -80.477036 0.7353 0.7353 0.7353
v -21.185707 1354.690796 -80.477036 0.7353 0.7353 0.7353
v -24.130785 1354.690796 -80.477036 0.7353 0.7353 0.7353
v -27.075863 1354.690796 -80.477036 0.7353 0.7353 0.7353
v -30.020943 1354.690796 -79.977036 0.7353 0.7353 0.7353
v -9.406523 1347.095825 -79.976936 0.7353 0.7353 0.7353
v -12.351598 1347.095825 -80.476936 0.7353 0.7353 0.7353
v -15.296673 1347.095825 -80.476936 0.7353 0.7353 0.7353
v -18.241747 1347.095825 -80.476936 0.7353 0.7353 0.7353
v -21.186821 1347.095825 -80.476936 0.7353 0.7353 0.7353
v -24.131897 1347.095825 -80.476936 0.7353 0.7353 0.7353
v -27.076971 1347.095825 -80.476936 0.7353 0.7353 0.7353
v -30.022045 1347.095825 -79.976936 0.7353 0.7353 0.7353
v -9.406550 1346.898071 -79.976936 0.7353 0.7353 0.7353
v -12.351625 1346.898071 -80.476936 0.7353 0.7353 0.7353
v -15.296700 1346.898071 -80.476936 0.7353 0.7353 0.7353
v -18.241774 1346.898071 -80.476936 0.7353 0.7353 0.7353
v -21.186850 1346.898071 -80.476936 0.7353 0.7353 0.7353
v -24.131924 1346.898071 -80.476936 0.7353 0.7353 0.7353
v -27.076998 1346.898071 -80.476936 0.7353 0.7353 0.7353
v -30.022074 1346.898071 -79.976936 0.7353 0.7353 0.7353
v -9.407130 1342.692139 -79.976891 0.7353 0.7353 0.7353
v -12.352202 1342.692139 -80.476891 0.7353 0.7353 0.7353
v -15.297276 1342.692139 -80.476891 0.7353 0.7353 0.7353
v -18.242348 1342.692139 -80.476891 0.7353 0.7353 0.7353
v -21.187420 1342.692139 -80.476891 0.7353 0.7353 0.7353
v -24.132492 1342.692139 -80.476891 0.7353 0.7353 0.7353
v -27.077566 1342.692139 -80.476891 0.7353 0.7353 0.7353
v -30.022638 1342.692139 -79.976891 0.7353 0.7353 0.7353
v -9.407576 1339.303223 -79.976868 0.7353 0.7353 0.7353
v -12.352646 1339.303223 -80.476868 0.7353 0.7353 0.7353
v -15.297717 1339.303223 -80.476868 0.7353 0.7353 0.7353
v -18.242786 1339.303223 -80.476868 0.7353 0.7353 0.7353
v -21.187859 1339.303223 -80.476868 0.7353 0.7353 0.7353
v -24.132929 1339.303223 -80.476868 0.7353 0.7353 0.7353
v -27.077999 1339.303223 -80.476868 0.7353 0.7353 0.7353
v -30.023069 1339.303223 -79.976868 0.7353 0.7353 0.7353
v -9.407600 1339.105469 -79.976868 0.7353 0.7353 0.7353
v -12.352671 1339.105469 -80.476868 0.7353 0.7353 0.7353
v -15.297741 1339.105469 -80.476868 0.7353 0.7353 0.7353
v -18.242811 1339.105469 -80.476868 0.7353 0.7353 0.7353
v -21.187883 1339.105469 -80.476868 0.7353 0.7353 0.7353
v -24.132954 1339.105469 -80.476868 0.7353 0.7353 0.7353
v -27.078024 1339.105469 -80.476868 0.7353 0.7353 0.7353
v -30.023094 1339.105469 -79.976868 0.7353 0.7353 0.7353
v -9.408521 1331.510742 -79.976822 0.7353 0.7353 0.7353
v -12.353587 1331.510742 -80.476822 0.7353 0.7353 0.7353
v -15.298654 1331.510742 -80.476822 0.7353 0.7353 0.7353
v -18.243721 1331.510742 -80.476822 0.7353 0.7353 0.7353
v -21.188787 1331.510742 -80.476822 0.7353 0.7353 0.7353
v -24.133854 1331.510742 -80.476822 0.7353 0.7353 0.7353
v -27.078920 1331.510742 -80.476822 0.7353 0.7353 0.7353
v -30.023987 1331.510742 -79.976822 0.7353 0.7353 0.7353
v -9.408543 1331.312988 -79.976822 0.7353 0.7353 0.7353
v -12.353609 1331.312988 -80.476822 0.7353 0.7353 0.7353
v -15.298676 1331.312988 -80.476822 0.7353 0.7353 0.7353
v -18.243742 1331.312988 -80.476822 0.7353 0.7353 0.7353
v -21.188808 1331.312988 -80.476822 0.7353 0.7353 0.7353
v -24.133875 1331.312988 -80.476822 0.7353 0.7353 0.7353
v -27.078941 1331.312988 -80.476822 0.7353 0.7353 0.7353
v -30.024008 1331.312988 -79.976822 0.7353 0.7353 0.7353
v -9.408900 1328.098999 -79.976784 0.7353 0.7353 0.7353
v -12.353966 1328.098999 -80.476784 0.7353 0.7353 0.7353
v -15.299030 1328.098999 -80.476784 0.7353 0.7353 0.7353
v -18.244095 1328.098999 -80.476784 0.7353 0.7353 0.7353
v -21.189159 1328.098999 -80.476784 0.7353 0.7353 0.7353
v -24.134226 1328.098999 -80.476784 0.7353 0.7353 0.7353
v -27.079290 1328.098999 -80.476784 0.7353 0.7353 0.7353
v -30.024355 1328.098999 -79.976784 0.7353 0.7353 0.7353
v -9.409362 1323.718018 -79.976807 0.7353 0.7353 0.7353
v -12.354424 1323.718018 -80.476807 0.7353 0.7353 0.7353
v -15.299487 1323.718018 -80.476807 0.7353 0.7353 0.7353
v -18.244549 1323.718018 -80.476807 0.7353 0.7353 0.7353
v -21.189611 1323.718018 -80.476807 0.7353 0.7353 0.7353
v -24.134674 1323.718018 -80.476807 0.7353 0.7353 0.7353
v -27.079737 1323.718018 -80.476807 0.7353 0.7353 0.7353
v -30.024799 1323.718018 -79.976807 0.7353 0.7353 0.7353
v -9.409381 1323.520264 -79.976807 0.7353 0.7353 0.7353
v -12.354444 1323.520264 -80.476807 0.7353 0.7353 0.7353
v -15.299506 1323.520264 -80.476807 0.7353 0.7353 0.7353
v -18.244568 1323.520264 -80.476807 0.7353 0.7353 0.7353
v -21.189631 1323.520264 -80.476807 0.7353 0.7353 0.7353
v -24.134693 1323.520264 -80.476807 0.7353 0.7353 0.7353
v -27.079756 1323.520264 -80.476807 0.7353 0.7353 0.7353
v -30.024818 1323.520264 -79.976807 0.7353 0.7353 0.7353
v -9.410106 1315.925293 -79.976822 0.7353 0.7353 0.7353
v -12.355164 1315.925293 -80.476822 0.7353 0.7353 0.7353
v -15.300221 1315.925293 -80.476822 0.7353 0.7353 0.7353
v -18.245279 1315.925293 -80.476822 0.7353 0.7353 0.7353
v -21.190336 1315.925293 -80.476822 0.7353 0.7353 0.7353
v -24.135395 1315.925293 -80.476822 0.7353 0.7353 0.7353
v -27.080452 1315.925293 -80.476822 0.7353 0.7353 0.7353
v -30.025511 1315.925293 -79.976822 0.7353 0.7353 0.7353
v -9.410122 1315.727539 -79.976807 0.7353 0.7353 0.7353
v -12.355180 1315.727417 -80.476807 0.7353 0.7353 0.7353
v -15.300238 1315.727417 -80.476807 0.7353 0.7353 0.7353
v -18.245296 1315.727417 -80.476807 0.7353 0.7353 0.7353
v -21.190353 1315.727417 -80.476807 0.7353 0.7353 0.7353
v -24.135412 1315.727417 -80.476807 0.7353 0.7353 0.7353
v -27.080469 1315.727417 -80.476807 0.7353 0.7353 0.7353
v -30.025528 1315.727539 -79.976807 0.7353 0.7353 0.7353
v -9.410716 1308.568604 -79.974808 0.7353 0.7353 0.7353
v -12.355770 1308.568359 -80.474808 0.7353 0.7353 0.7353
v -15.300823 1308.568359 -80.474808 0.7353 0.7353 0.7353
v -18.245876 1308.568359 -80.474808 0.7353 0.7353 0.7353
v -21.190931 1308.568359 -80.474808 0.7353 0.7353 0.7353
v -24.135984 1308.568359 -80.474808 0.7353 0.7353 0.7353
v -27.081039 1308.568359 -80.474808 0.7353 0.7353 0.7353
v -30.026093 1308.568604 -79.974808 0.7353 0.7353 0.7353
v -9.410730 1308.370850 -79.974716 0.7353 0.7353 0.7353
v -12.355784 1308.370605 -80.474716 0.7353 0.7353 0.7353
v -15.300838 1308.370605 -80.474716 0.7353 0.7353 0.7353
v -18.245892 1308.370605 -80.474716 0.7353 0.7353 0.7353
v -21.190945 1308.370605 -80.474716 0.7353 0.7353 0.7353
v -24.136000 1308.370605 -80.474716 0.7353 0.7353 0.7353
v -27.081053 1308.370605 -80.474716 0.7353 0.7353 0.7353
v -30.026106 1308.370850 -79.974716 0.7353 0.7353 0.7353
v -9.411245 1301.212036 -79.969711 0.7353 0.7353 0.7353
v -12.356295 1301.211670 -80.469711 0.7353 0.7353 0.7353
v -15.301344 1301.211670 -80.469711 0.7353 0.7353 0.7353
v -18.246393 1301.211670 -80.469711 0.7353 0.7353 0.7353
v -21.191442 1301.211670 -80.469711 0.7353 0.7353 0.7353
v -24.136492 1301.211670 -80.469711 0.7353 0.7353 0.7353
v -27.081541 1301.211670 -80.469711 0.7353 0.7353 0.7353
v -30.026590 1301.212036 -79.969711 0.7353 0.7353 0.7353
v -9.411258 1301.014282 -79.969543 0.7353 0.7353 0.7353
v -12.356307 1301.013916 -80.469543 0.7353 0.7353 0.7353
v -15.301356 1301.013916 -80.469543 0.7353 0.7353 0.7353
v -18.246405 1301.013916 -80.469543 0.7353 0.7353 0.7353
v -21.191454 1301.013916 -80.469543 0.7353 0.7353 0.7353
v -24.136503 1301.013916 -80.469543 0.7353 0.7353 0.7353
v -27.081553 1301.013916 -80.469543 0.7353 0.7353 0.7353
v -30.026602 1301.014282 -79.969543 0.7353 0.7353 0.7353
v -9.411319 1300.083252 -79.968750 0.7353 0.7353 0.7353
v -12.356367 1300.082764 -80.468750 0.7353 0.7353 0.7353
v -15.301415 1300.082764 -80.468750 0.7353 0.7353 0.7353
v -18.246464 1300.082764 -80.468750 0.7353 0.7353 0.7353
v -21.191513 1300.082764 -80.468750 0.7353 0.7353 0.7353
v -24.136562 1300.082764 -80.468750 0.7353 0.7353 0.7353
v -27.081610 1300.082764 -80.468750 0.7353 0.7353 0.7353
v -30.026659 1300.083252 -79.968750 0.7353 0.7353 0.7353
v -9.411693 1293.855225 -79.963089 0.7353 0.7353 0.7353
v -12.356737 1293.854736 -80.463089 0.7353 0.7353 0.7353
v -15.301782 1293.854736 -80.463089 0.7353 0.7353 0.7353
v -18.246826 1293.854736 -80.463089 0.7353 0.7353 0.7353
v -21.191872 1293.854736 -80.463089 0.7353 0.7353 0.7353
v -24.136915 1293.854736 -80.463089 0.7353 0.7353 0.7353
v -27.081961 1293.854736 -80.463089 0.7353 0.7353 0.7353
v -30.027004 1293.855225 -79.963089 0.7353 0.7353 0.7353
v -9.411704 1293.657471 -79.962906 0.7353 0.7353 0.7353
v -12.356749 1293.656982 -80.462906 0.7353 0.7353 0.7353
v -15.301793 1293.656982 -80.462906 0.7353 0.7353 0.7353
v -18.246838 1293.656982 -80.462906 0.7353 0.7353 0.7353
v -21.191881 1293.656982 -80.462906 0.7353 0.7353 0.7353
v -24.136927 1293.656982 -80.462906 0.7353 0.7353 0.7353
v -27.081970 1293.656982 -80.462906 0.7353 0.7353 0.7353
v -30.027016 1293.657471 -79.962906 0.7353 0.7353 0.7353
v -9.412062 1286.498535 -79.956566 0.7353 0.7353 0.7353
v -12.357101 1286.498169 -80.456566 0.7353 0.7353 0.7353
v -15.302141 1286.498169 -80.456566 0.7353 0.7353 0.7353
v -18.247181 1286.498169 -80.456566 0.7353 0.7353 0.7353
v -21.192221 1286.498169 -80.456566 0.7353 0.7353 0.7353
v -24.137260 1286.498169 -80.456566 0.7353 0.7353 0.7353
v -27.082300 1286.498169 -80.456566 0.7353 0.7353 0.7353
v -30.027340 1286.498535 -79.956566 0.7353 0.7353 0.7353
v -9.412071 1286.300781 -79.956406 0.7353 0.7353 0.7353
v -12.357111 1286.300415 -80.456406 0.7353 0.7353 0.7353
v -15.302151 1286.300415 -80.456406 0.7353 0.7353 0.7353
v -18.247190 1286.300415 -80.456406 0.7353 0.7353 0.7353
v -21.192230 1286.300415 -80.456406 0.7353 0.7353 0.7353
v -24.137270 1286.300415 -80.456406 0.7353 0.7353 0.7353
v -27.082310 1286.300415 -80.456406 0.7353 0.7353 0.7353
v -30.027348 1286.300781 -79.956406 0.7353 0.7353 0.7353
v -9.412165 1284.130005 -79.954735 0.7353 0.7353 0.7353
v -12.357203 1284.129639 -80.454735 0.7353 0.7353 0.7353
v -15.302241 1284.129639 -80.454735 0.7353 0.7353 0.7353
v -18.247280 1284.129639 -80.454735 0.7353 0.7353 0.7353
v -21.192318 1284.129639 -80.454735 0.7353 0.7353 0.7353
v -24.137356 1284.129639 -80.454735 0.7353 0.7353 0.7353
v -27.082394 1284.129639 -80.454735 0.7353 0.7353 0.7353
v -30.027431 1284.130005 -79.954735 0.7353 0.7353 0.7353
v -9.412354 1279.141846 -79.951675 0.7353 0.7353 0.7353
v -12.357389 1279.141602 -80.451675 0.7353 0.7353 0.7353
v -15.302424 1279.141602 -80.451675 0.7353 0.7353 0.7353
v -18.247459 1279.141602 -80.451675 0.7353 0.7353 0.7353
v -21.192495 1279.141602 -80.451675 0.7353 0.7353 0.7353
v -24.137529 1279.141602 -80.451675 0.7353 0.7353 0.7353
v -27.082565 1279.141602 -80.451675 0.7353 0.7353 0.7353
v -30.027599 1279.141846 -79.951675 0.7353 0.7353 0.7353
v -9.412362 1278.944092 -79.951584 0.7353 0.7353 0.7353
v -12.357397 1278.943970 -80.451584 0.7353 0.7353 0.7353
v -15.302432 1278.943970 -80.451584 0.7353 0.7353 0.7353
v -18.247467 1278.943970 -80.451584 0.7353 0.7353 0.7353
v -21.192501 1278.943970 -80.451584 0.7353 0.7353 0.7353
v -24.137535 1278.943970 -80.451584 0.7353 0.7353 0.7353
v -27.082571 1278.943970 -80.451584 0.7353 0.7353 0.7353
v -30.027605 1278.944092 -79.951584 0.7353 0.7353 0.7353
v -9.412576 1271.785278 -79.950058 0.7353 0.7353 0.7353
v -12.357605 1271.785278 -80.450058 0.7353 0.7353 0.7353
v -15.302635 1271.785278 -80.450058 0.7353 0.7353 0.7353
v -18.247665 1271.785278 -80.450058 0.7353 0.7353 0.7353
v -21.192696 1271.785278 -80.450058 0.7353 0.7353 0.7353
v -24.137724 1271.785278 -80.450058 0.7353 0.7353 0.7353
v -27.082754 1271.785278 -80.450058 0.7353 0.7353 0.7353
v -30.027784 1271.785278 -79.950058 0.7353 0.7353 0.7353
v -9.412581 1271.587524 -79.950073 0.7353 0.7353 0.7353
v -12.357611 1271.587646 -80.450073 0.7353 0.7353 0.7353
v -15.302640 1271.587646 -80.450073 0.7353 0.7353 0.7353
v -18.247669 1271.587646 -80.450073 0.7353 0.7353 0.7353
v -21.192699 1271.587646 -80.450073 0.7353 0.7353 0.7353
v -24.137730 1271.587646 -80.450073 0.7353 0.7353 0.7353
v -27.082758 1271.587646 -80.450073 0.7353 0.7353 0.7353
v -30.027788 1271.587524 -79.950073 0.7353 0.7353 0.7353
v -9.412724 1264.428589 -79.953285 0.7353 0.7353 0.7353
v -12.357749 1264.428955 -80.453285 0.7353 0.7353 0.7353
v -15.302773 1264.428955 -80.453285 0.7353 0.7353 0.7353
v -18.247799 1264.428955 -80.453285 0.7353 0.7353 0.7353
v -21.192823 1264.428955 -80.453285 0.7353 0.7353 0.7353
v -24.137848 1264.428955 -80.453285 0.7353 0.7353 0.7353
v -27.082872 1264.428955 -80.453285 0.7353 0.7353 0.7353
v -30.027897 1264.428589 -79.953285 0.7353 0.7353 0.7353
v -9.412728 1264.230835 -79.953453 0.7353 0.7353 0.7353
v -12.357753 1264.231323 -80.453453 0.7353 0.7353 0.7353
v -15.302777 1264.231323 -80.453453 0.7353 0.7353 0.7353
v -18.247801 1264.231323 -80.453453 0.7353 0.7353 0.7353
v -21.192825 1264.231323 -80.453453 0.7353 0.7353 0.7353
v -24.137850 1264.231323 -80.453453 0.7353 0.7353 0.7353
v -27.082874 1264.231323 -80.453453 0.7353 0.7353 0.7353
v -30.027899 1264.230835 -79.953453 0.7353 0.7353 0.7353
v -9.412803 1257.071777 -79.962936 0.7353 0.7353 0.7353
v -12.357822 1257.072632 -80.462936 0.7353 0.7353 0.7353
v -15.302842 1257.072632 -80.462936 0.7353 0.7353 0.7353
v -18.247862 1257.072632 -80.462936 0.7353 0.7353 0.7353
v -21.192883 1257.072632 -80.462936 0.7353 0.7353 0.7353
v -24.137901 1257.072632 -80.462936 0.7353 0.7353 0.7353
v -27.082922 1257.072632 -80.462936 0.7353 0.7353 0.7353
v -30.027943 1257.071777 -79.962936 0.7353 0.7353 0.7353
v -9.412805 1256.874023 -79.963303 0.7353 0.7353 0.7353
v -12.357824 1256.875000 -80.463303 0.7353 0.7353 0.7353
v -15.302844 1256.875000 -80.463303 0.7353 0.7353 0.7353
v -18.247864 1256.875000 -80.463303 0.7353 0.7353 0.7353
v -21.192883 1256.875000 -80.463303 0.7353 0.7353 0.7353
v -24.137903 1256.875000 -80.463303 0.7353 0.7353 0.7353
v -27.082922 1256.875000 -80.463303 0.7353 0.7353 0.7353
v -30.027943 1256.874023 -79.963303 0.7353 0.7353 0.7353
v -9.412814 1254.702515 -79.967674 0.7353 0.7353 0.7353
v -12.357833 1254.703613 -80.467674 0.7353 0.7353 0.7353
v -15.302851 1254.703613 -80.467674 0.7353 0.7353 0.7353
v -18.247869 1254.703613 -80.467674 0.7353 0.7353 0.7353
v -21.192886 1254.703613 -80.467674 0.7353 0.7353 0.7353
v -24.137905 1254.703613 -80.467674 0.7353 0.7353 0.7353
v -27.082924 1254.703613 -80.467674 0.7353 0.7353 0.7353
v -30.027943 1254.702515 -79.967674 0.7353 0.7353 0.7353
v -9.412816 1249.715088 -79.980621 0.7353 0.7353 0.7353
v -12.357831 1249.716553 -80.480621 0.7353 0.7353 0.7353
v -15.302846 1249.716553 -80.480621 0.7353 0.7353 0.7353
v -18.247860 1249.716553 -80.480621 0.7353 0.7353 0.7353
v -21.192875 1249.716553 -80.480621 0.7353 0.7353 0.7353
v -24.137890 1249.716553 -80.480621 0.7353 0.7353 0.7353
v -27.082905 1249.716553 -80.480621 0.7353 0.7353 0.7353
v -30.027920 1249.715088 -79.980621 0.7353 0.7353 0.7353
v -9.412817 1249.517334 -79.981224 0.7353 0.7353 0.7353
v -12.357831 1249.519043 -80.481224 0.7353 0.7353 0.7353
v -15.302846 1249.519043 -80.481224 0.7353 0.7353 0.7353
v -18.247860 1249.519043 -80.481224 0.7353 0.7353 0.7353
v -21.192875 1249.519043 -80.481224 0.7353 0.7353 0.7353
v -24.137890 1249.519043 -80.481224 0.7353 0.7353 0.7353
v -27.082905 1249.519043 -80.481224 0.7353 0.7353 0.7353
v -30.027918 1249.517334 -79.981224 0.7353 0.7353 0.7353
v -9.412768 1242.358521 -80.007919 0.7353 0.7353 0.7353
v -12.357778 1242.360596 -80.507912 0.7353 0.7353 0.7353
v -15.302787 1242.360596 -80.507912 0.7353 0.7353 0.7353
v -18.247797 1242.360596 -80.507912 0.7353 0.7353 0.7353
v -21.192806 1242.360596 -80.507912 0.7353 0.7353 0.7353
v -24.137815 1242.360596 -80.507912 0.7353 0.7353 0.7353
v -27.082825 1242.360596 -80.507912 0.7353 0.7353 0.7353
v -30.027834 1242.358521 -80.007919 0.7353 0.7353 0.7353
v -9.412766 1242.160767 -80.008789 0.7353 0.7353 0.7353
v -12.357776 1242.163208 -80.508781 0.7353 0.7353 0.7353
v -15.302785 1242.163208 -80.508781 0.7353 0.7353 0.7353
v -18.247795 1242.163208 -80.508781 0.7353 0.7353 0.7353
v -21.192804 1242.163208 -80.508781 0.7353 0.7353 0.7353
v -24.137812 1242.163208 -80.508781 0.7353 0.7353 0.7353
v -27.082821 1242.163208 -80.508781 0.7353 0.7353 0.7353
v -30.027830 1242.160767 -80.008789 0.7353 0.7353 0.7353
v -9.412657 1235.001953 -80.046402 0.7353 0.7353 0.7353
v -12.357661 1235.004883 -80.546394 0.7353 0.7353 0.7353
v -15.302666 1235.004883 -80.546394 0.7353 0.7353 0.7353
v -18.247669 1235.004883 -80.546394 0.7353 0.7353 0.7353
v -21.192675 1235.004883 -80.546394 0.7353 0.7353 0.7353
v -24.137678 1235.004883 -80.546394 0.7353 0.7353 0.7353
v -27.082684 1235.004883 -80.546394 0.7353 0.7353 0.7353
v -30.027687 1235.001953 -80.046402 0.7353 0.7353 0.7353
v -9.412654 1234.804199 -80.047638 0.7353 0.7353 0.7353
v -12.357658 1234.807495 -80.547630 0.7353 0.7353 0.7353
v -15.302662 1234.807495 -80.547630 0.7353 0.7353 0.7353
v -18.247665 1234.807495 -80.547630 0.7353 0.7353 0.7353
v -21.192671 1234.807495 -80.547630 0.7353 0.7353 0.7353
v -24.137674 1234.807495 -80.547630 0.7353 0.7353 0.7353
v -27.082678 1234.807495 -80.547630 0.7353 0.7353 0.7353
v -30.027683 1234.804199 -80.047638 0.7353 0.7353 0.7353
v -9.412563 1230.506104 -80.078140 0.7353 0.7353 0.7353
v -12.357564 1230.509888 -80.578125 0.7353 0.7353 0.7353
v -15.302565 1230.509888 -80.578125 0.7353 0.7353 0.7353
v -18.247566 1230.509888 -80.578125 0.7353 0.7353 0.7353
v -21.192566 1230.509888 -80.578125 0.7353 0.7353 0.7353
v -24.137568 1230.509888 -80.578125 0.7353 0.7353 0.7353
v -27.082567 1230.509888 -80.578125 0.7353 0.7353 0.7353
v -30.027569 1230.506104 -80.078140 0.7353 0.7353 0.7353
v -9.412560 1230.308350 -80.079735 0.7353 0.7353 0.7353
v -12.357560 1230.312500 -80.579720 0.7353 0.7353 0.7353
v -15.302560 1230.312500 -80.579720 0.7353 0.7353 0.7353
v -18.247561 1230.312500 -80.579720 0.7353 0.7353 0.7353
v -21.192562 1230.312500 -80.579720 0.7353 0.7353 0.7353
v -24.137562 1230.312500 -80.579720 0.7353 0.7353 0.7353
v -27.082561 1230.312500 -80.579720 0.7353 0.7353 0.7353
v -30.027563 1230.308350 -80.079735 0.7353 0.7353 0.7353
v -9.412522 1228.864258 -80.091965 0.7353 0.7353 0.7353
v -12.357522 1228.868774 -80.591942 0.7353 0.7353 0.7353
v -15.302522 1228.868774 -80.591942 0.7353 0.7353 0.7353
v -18.247520 1228.868774 -80.591942 0.7353 0.7353 0.7353
v -21.192520 1228.868774 -80.591942 0.7353 0.7353 0.7353
v -24.137520 1228.868774 -80.591942 0.7353 0.7353 0.7353
v -27.082520 1228.868774 -80.591942 0.7353 0.7353 0.7353
v -30.027519 1228.864258 -80.091965 0.7353 0.7353 0.7353
v -9.412445 1226.010254 -80.119072 0.7353 0.7353 0.7353
v -12.357442 1226.015137 -80.619049 0.7353 0.7353 0.7353
v -15.302440 1226.015137 -80.619049 0.7353 0.7353 0.7353
v -18.247438 1226.015137 -80.619049 0.7353 0.7353 0.7353
v -21.192436 1226.015137 -80.619049 0.7353 0.7353 0.7353
v -24.137432 1226.015137 -80.619049 0.7353 0.7353 0.7353
v -27.082430 1226.015137 -80.619049 0.7353 0.7353 0.7353
v -30.027428 1226.010254 -80.119072 0.7353 0.7353 0.7353
v -9.412439 1225.812500 -80.121094 0.7353 0.7353 0.7353
v -12.357437 1225.818115 -80.621063 0.7353 0.7353 0.7353
v -15.302435 1225.818115 -80.621063 0.7353 0.7353 0.7353
v -18.247433 1225.818115 -80.621063 0.7353 0.7353 0.7353
v -21.192429 1225.818115 -80.621063 0.7353 0.7353 0.7353
v -24.137426 1225.818115 -80.621063 0.7353 0.7353 0.7353
v -27.082424 1225.818115 -80.621063 0.7353 0.7353 0.7353
v -30.027422 1225.812500 -80.121094 0.7353 0.7353 0.7353
v -9.412195 1218.368042 -80.210617 0.7353 0.7353 0.7353
v -12.357188 1218.374512 -80.710579 0.7353 0.7353 0.7353
v -15.302180 1218.374512 -80.710579 0.7353 0.7353 0.7353
v -18.247173 1218.374512 -80.710579 0.7353 0.7353 0.7353
v -21.192165 1218.374512 -80.710579 0.7353 0.7353 0.7353
v -24.137157 1218.374512 -80.710579 0.7353 0.7353 0.7353
v -27.082151 1218.374512 -80.710579 0.7353 0.7353 0.7353
v -30.027143 1218.368042 -80.210617 0.7353 0.7353 0.7353
v -9.412189 1218.170288 -80.213364 0.7353 0.7353 0.7353
v -12.357182 1218.177612 -80.713310 0.7353 0.7353 0.7353
v -15.302174 1218.177612 -80.713310 0.7353 0.7353 0.7353
v -18.247166 1218.177612 -80.713310 0.7353 0.7353 0.7353
v -21.192158 1218.177612 -80.713310 0.7353 0.7353 0.7353
v -24.137150 1218.177612 -80.713310 0.7353 0.7353 0.7353
v -27.082142 1218.177612 -80.713310 0.7353 0.7353 0.7353
v -30.027136 1218.170288 -80.213364 0.7353 0.7353 0.7353
v -9.411922 1211.371826 -80.319664 0.7353 0.7353 0.7353
v -12.356909 1211.380127 -80.819595 0.7353 0.7353 0.7353
v -15.301896 1211.380127 -80.819595 0.7353 0.7353 0.7353
v -18.246883 1211.380127 -80.819595 0.7353 0.7353 0.7353
v -21.191870 1211.380127 -80.819595 0.7353 0.7353 0.7353
v -24.136858 1211.380127 -80.819595 0.7353 0.7353 0.7353
v -27.081844 1211.380127 -80.819595 0.7353 0.7353 0.7353
v -30.026833 1211.371826 -80.319664 0.7353 0.7353 0.7353
v -9.411893 1210.726196 -80.330978 0.7353 0.7353 0.7353
v -12.356880 1210.734985 -80.830902 0.7353 0.7353 0.7353
v -15.301867 1210.734985 -80.830902 0.7353 0.7353 0.7353
v -18.246853 1210.734985 -80.830902 0.7353 0.7353 0.7353
v -21.191841 1210.734985 -80.830902 0.7353 0.7353 0.7353
v -24.136827 1210.734985 -80.830902 0.7353 0.7353 0.7353
v -27.081814 1210.734985 -80.830902 0.7353 0.7353 0.7353
v -30.026802 1210.726196 -80.330978 0.7353 0.7353 0.7353
v -9.411885 1210.528442 -80.334488 0.7353 0.7353 0.7353
v -12.356872 1210.537842 -80.834404 0.7353 0.7353 0.7353
v -15.301858 1210.537842 -80.834404 0.7353 0.7353 0.7353
v -18.246845 1210.537842 -80.834404 0.7353 0.7353 0.7353
v -21.191832 1210.537842 -80.834404 0.7353 0.7353 0.7353
v -24.136818 1210.537842 -80.834404 0.7353 0.7353 0.7353
v -27.081804 1210.537842 -80.834404 0.7353 0.7353 0.7353
v -30.026793 1210.528442 -80.334488 0.7353 0.7353 0.7353
v -9.411536 1203.084839 -80.481483 0.7353 0.7353 0.7353
v -12.356518 1203.095215 -80.981377 0.7353 0.7353 0.7353
v -15.301499 1203.095215 -80.981377 0.7353 0.7353 0.7353
v -18.246481 1203.095215 -80.981377 0.7353 0.7353 0.7353
v -21.191462 1203.095215 -80.981377 0.7353 0.7353 0.7353
v -24.136442 1203.095215 -80.981377 0.7353 0.7353 0.7353
v -27.081425 1203.095215 -80.981377 0.7353 0.7353 0.7353
v -30.026405 1203.084839 -80.481483 0.7353 0.7353 0.7353
v -9.411528 1202.887085 -80.485794 0.7353 0.7353 0.7353
v -12.356508 1202.898560 -80.985664 0.7353 0.7353 0.7353
v -15.301490 1202.898560 -80.985664 0.7353 0.7353 0.7353
v -18.246471 1202.898560 -80.985664 0.7353 0.7353 0.7353
v -21.191452 1202.898560 -80.985664 0.7353 0.7353 0.7353
v -24.136433 1202.898560 -80.985664 0.7353 0.7353 0.7353
v -27.081413 1202.898560 -80.985664 0.7353 0.7353 0.7353
v -30.026394 1202.887085 -80.485794 0.7353 0.7353 0.7353
v -9.411129 1195.444458 -80.663483 0.7353 0.7353 0.7353
v -12.356105 1195.456909 -81.163330 0.7353 0.7353 0.7353
v -15.301081 1195.456909 -81.163330 0.7353 0.7353 0.7353
v -18.246056 1195.456909 -81.163330 0.7353 0.7353 0.7353
v -21.191032 1195.456909 -81.163330 0.7353 0.7353 0.7353
v -24.136007 1195.456909 -81.163330 0.7353 0.7353 0.7353
v -27.080984 1195.456909 -81.163330 0.7353 0.7353 0.7353
v -30.025959 1195.444458 -80.663483 0.7353 0.7353 0.7353
v -9.411119 1195.246704 -80.668625 0.7353 0.7353 0.7353
v -12.356094 1195.260254 -81.168442 0.7353 0.7353 0.7353
v -15.301069 1195.260254 -81.168442 0.7353 0.7353 0.7353
v -18.246044 1195.260254 -81.168442 0.7353 0.7353 0.7353
v -21.191021 1195.260254 -81.168442 0.7353 0.7353 0.7353
v -24.135996 1195.260254 -81.168442 0.7353 0.7353 0.7353
v -27.080971 1195.260254 -81.168442 0.7353 0.7353 0.7353
v -30.025948 1195.246704 -80.668625 0.7353 0.7353 0.7353
v -9.410674 1187.804810 -80.878334 0.7353 0.7353 0.7353
v -12.355644 1187.819458 -81.378120 0.7353 0.7353 0.7353
v -15.300614 1187.819458 -81.378120 0.7353 0.7353 0.7353
v -18.245584 1187.819458 -81.378120 0.7353 0.7353 0.7353
v -21.190554 1187.819458 -81.378120 0.7353 0.7353 0.7353
v -24.135525 1187.819458 -81.378120 0.7353 0.7353 0.7353
v -27.080494 1187.819458 -81.378120 0.7353 0.7353 0.7353
v -30.025465 1187.804810 -80.878334 0.7353 0.7353 0.7353
v -9.410663 1187.607056 -80.884346 0.7353 0.7353 0.7353
v -12.355632 1187.622314 -81.384117 0.7353 0.7353 0.7353
v -15.300602 1187.622314 -81.384117 0.7353 0.7353 0.7353
v -18.245571 1187.622314 -81.384117 0.7353 0.7353 0.7353
v -21.190542 1187.622314 -81.384117 0.7353 0.7353 0.7353
v -24.135511 1187.622314 -81.384117 0.7353 0.7353 0.7353
v -27.080481 1187.622314 -81.384117 0.7353 0.7353 0.7353
v -30.025452 1187.607056 -80.884346 0.7353 0.7353 0.7353
v -9.410645 1187.327393 -80.892891 0.7353 0.7353 0.7353
v -12.355614 1187.343262 -81.392639 0.7353 0.7353 0.7353
v -15.300584 1187.343262 -81.392639 0.7353 0.7353 0.7353
v -18.245554 1187.343262 -81.392639 0.7353 0.7353 0.7353
v -21.190523 1187.343262 -81.392639 0.7353 0.7353 0.7353
v -24.135492 1187.343262 -81.392639 0.7353 0.7353 0.7353
v -27.080462 1187.343262 -81.392639 0.7353 0.7353 0.7353
v -30.025433 1187.327393 -80.892891 0.7353 0.7353 0.7353
v -9.410173 1180.166016 -81.127396 0.7353 0.7353 0.7353
v -12.355138 1180.182983 -81.627106 0.7353 0.7353 0.7353
v -15.300102 1180.182983 -81.627106 0.7353 0.7353 0.7353
v -18.245068 1180.182983 -81.627106 0.7353 0.7353 0.7353
v -21.190031 1180.182983 -81.627106 0.7353 0.7353 0.7353
v -24.134996 1180.182983 -81.627106 0.7353 0.7353 0.7353
v -27.079960 1180.182983 -81.627106 0.7353 0.7353 0.7353
v -30.024925 1180.166016 -81.127396 0.7353 0.7353 0.7353
v -9.410161 1179.968262 -81.134315 0.7353 0.7353 0.7353
v -12.355125 1179.986328 -81.633987 0.7353 0.7353 0.7353
v -15.300089 1179.986328 -81.633987 0.7353 0.7353 0.7353
v -18.245054 1179.986328 -81.633987 0.7353 0.7353 0.7353
v -21.190018 1179.986328 -81.633987 0.7353 0.7353 0.7353
v -24.134981 1179.986328 -81.633987 0.7353 0.7353 0.7353
v -27.079947 1179.986328 -81.633987 0.7353 0.7353 0.7353
v -30.024910 1179.968262 -81.134315 0.7353 0.7353 0.7353
v -9.409631 1172.528687 -81.412010 0.7353 0.7353 0.7353
v -12.354589 1172.547974 -81.911636 0.7353 0.7353 0.7353
v -15.299549 1172.547974 -81.911636 0.7353 0.7353 0.7353
v -18.244507 1172.547974 -81.911636 0.7353 0.7353 0.7353
v -21.189466 1172.547974 -81.911636 0.7353 0.7353 0.7353
v -24.134426 1172.547974 -81.911636 0.7353 0.7353 0.7353
v -27.079384 1172.547974 -81.911636 0.7353 0.7353 0.7353
v -30.024343 1172.528687 -81.412010 0.7353 0.7353 0.7353
v -9.409617 1172.330933 -81.419861 0.7353 0.7353 0.7353
v -12.354576 1172.351440 -81.919441 0.7353 0.7353 0.7353
v -15.299535 1172.351440 -81.919441 0.7353 0.7353 0.7353
v -18.244493 1172.351440 -81.919441 0.7353 0.7353 0.7353
v -21.189451 1172.351440 -81.919441 0.7353 0.7353 0.7353
v -24.134411 1172.351440 -81.919441 0.7353 0.7353 0.7353
v -27.079369 1172.351440 -81.919441 0.7353 0.7353 0.7353
v -30.024328 1172.330933 -81.419861 0.7353 0.7353 0.7353
v -9.409045 1164.892578 -81.733528 0.7353 0.7353 0.7353
v -12.353999 1164.914307 -82.233055 0.7353 0.7353 0.7353
v -15.298953 1164.914307 -82.233055 0.7353 0.7353 0.7353
v -18.243906 1164.914307 -82.233055 0.7353 0.7353 0.7353
v -21.188860 1164.914307 -82.233055 0.7353 0.7353 0.7353
v -24.133814 1164.914307 -82.233055 0.7353 0.7353 0.7353
v -27.078768 1164.914307 -82.233055 0.7353 0.7353 0.7353
v -30.023722 1164.892578 -81.733528 0.7353 0.7353 0.7353
v -9.409031 1164.694824 -81.742355 0.7353 0.7353 0.7353
v -12.353985 1164.717285 -82.241852 0.7353 0.7353 0.7353
v -15.298938 1164.717285 -82.241852 0.7353 0.7353 0.7353
v -18.243891 1164.717285 -82.241852 0.7353 0.7353 0.7353
v -21.188845 1164.717285 -82.241852 0.7353 0.7353 0.7353
v -24.133799 1164.717285 -82.241852 0.7353 0.7353 0.7353
v -27.078753 1164.717285 -82.241852 0.7353 0.7353 0.7353
v -30.023705 1164.694824 -81.742355 0.7353 0.7353 0.7353
v -9.408949 1163.662842 -81.788857 0.7353 0.7353 0.7353
v -12.353902 1163.685913 -82.288322 0.7353 0.7353 0.7353
v -15.298855 1163.685913 -82.288322 0.7353 0.7353 0.7353
v -18.243807 1163.685913 -82.288322 0.7353 0.7353 0.7353
v -21.188761 1163.685913 -82.288322 0.7353 0.7353 0.7353
v -24.133713 1163.685913 -82.288322 0.7353 0.7353 0.7353
v -27.078665 1163.685913 -82.288322 0.7353 0.7353 0.7353
v -30.023619 1163.662842 -81.788857 0.7353 0.7353 0.7353
v -9.408427 1157.258301 -82.093323 0.7353 0.7353 0.7353
v -12.353375 1157.282593 -82.592735 0.7353 0.7353 0.7353
v -15.298324 1157.282593 -82.592735 0.7353 0.7353 0.7353
v -18.243273 1157.282593 -82.592735 0.7353 0.7353 0.7353
v -21.188221 1157.282593 -82.592735 0.7353 0.7353 0.7353
v -24.133167 1157.282593 -82.592735 0.7353 0.7353 0.7353
v -27.078115 1157.282593 -82.592735 0.7353 0.7353 0.7353
v -30.023064 1157.258301 -82.093323 0.7353 0.7353 0.7353
v -9.408412 1157.060791 -82.103157 0.7353 0.7353 0.7353
v -12.353360 1157.086304 -82.602509 0.7353 0.7353 0.7353
v -15.298307 1157.086304 -82.602509 0.7353 0.7353 0.7353
v -18.243256 1157.086304 -82.602509 0.7353 0.7353 0.7353
v -21.188204 1157.086304 -82.602509 0.7353 0.7353 0.7353
v -24.133152 1157.086304 -82.602509 0.7353 0.7353 0.7353
v -27.078098 1157.086304 -82.602509 0.7353 0.7353 0.7353
v -30.023046 1157.060791 -82.103157 0.7353 0.7353 0.7353
v -9.407772 1149.625977 -82.492729 0.7353 0.7353 0.7353
v -12.352715 1149.652832 -82.992012 0.7353 0.7353 0.7353
v -15.297659 1149.652832 -82.992012 0.7353 0.7353 0.7353
v -18.242601 1149.652832 -82.992012 0.7353 0.7353 0.7353
v -21.187544 1149.652832 -82.992012 0.7353 0.7353 0.7353
v -24.132488 1149.652832 -82.992012 0.7353 0.7353 0.7353
v -27.077431 1149.652832 -82.992012 0.7353 0.7353 0.7353
v -30.022373 1149.625977 -82.492729 0.7353 0.7353 0.7353
v -9.407756 1149.428467 -82.503601 0.7353 0.7353 0.7353
v -12.352698 1149.456055 -83.002838 0.7353 0.7353 0.7353
v -15.297642 1149.456055 -83.002838 0.7353 0.7353 0.7353
v -18.242584 1149.456055 -83.002838 0.7353 0.7353 0.7353
v -21.187527 1149.456055 -83.002838 0.7353 0.7353 0.7353
v -24.132469 1149.456055 -83.002838 0.7353 0.7353 0.7353
v -27.077412 1149.456055 -83.002838 0.7353 0.7353 0.7353
v -30.022356 1149.428467 -82.503601 0.7353 0.7353 0.7353
v -9.407693 1148.714966 -82.543114 0.7353 0.7353 0.7353
v -12.352635 1148.743286 -83.042313 0.7353 0.7353 0.7353
v -15.297578 1148.743286 -83.042313 0.7353 0.7353 0.7353
v -18.242519 1148.743286 -83.042313 0.7353 0.7353 0.7353
v -21.187462 1148.743286 -83.042313 0.7353 0.7353 0.7353
v -24.132404 1148.743286 -83.042313 0.7353 0.7353 0.7353
v -27.077347 1148.743286 -83.042313 0.7353 0.7353 0.7353
v -30.022289 1148.714966 -82.543114 0.7353 0.7353 0.7353
v -9.407090 1141.996094 -82.933113 0.7353 0.7353 0.7353
v -12.352028 1142.025635 -83.432236 0.7353 0.7353 0.7353
v -15.296966 1142.025635 -83.432236 0.7353 0.7353 0.7353
v -18.241903 1142.025635 -83.432236 0.7353 0.7353 0.7353
v -21.186840 1142.025635 -83.432236 0.7353 0.7353 0.7353
v -24.131777 1142.025635 -83.432236 0.7353 0.7353 0.7353
v -27.076715 1142.025635 -83.432236 0.7353 0.7353 0.7353
v -30.021652 1141.996094 -82.933113 0.7353 0.7353 0.7353
v -9.407073 1141.798584 -82.945068 0.7353 0.7353 0.7353
v -12.352011 1141.829468 -83.444115 0.7353 0.7353 0.7353
v -15.296947 1141.829468 -83.444115 0.7353 0.7353 0.7353
v -18.241884 1141.829468 -83.444115 0.7353 0.7353 0.7353
v -21.186821 1141.829468 -83.444115 0.7353 0.7353 0.7353
v -24.131760 1141.829468 -83.444115 0.7353 0.7353 0.7353
v -27.076696 1141.829468 -83.444115 0.7353 0.7353 0.7353
v -30.021633 1141.798584 -82.945068 0.7353 0.7353 0.7353
v -9.406377 1134.368164 -83.415840 0.7353 0.7353 0.7353
v -12.351310 1134.400513 -83.914795 0.7353 0.7353 0.7353
v -15.296242 1134.400513 -83.914795 0.7353 0.7353 0.7353
v -18.241175 1134.400513 -83.914795 0.7353 0.7353 0.7353
v -21.186106 1134.400513 -83.914795 0.7353 0.7353 0.7353
v -24.131039 1134.400513 -83.914795 0.7353 0.7353 0.7353
v -27.075972 1134.400513 -83.914795 0.7353 0.7353 0.7353
v -30.020903 1134.368164 -83.415840 0.7353 0.7353 0.7353
v -9.406360 1134.170898 -83.428909 0.7353 0.7353 0.7353
v -12.351292 1134.204712 -83.927765 0.7353 0.7353 0.7353
v -15.296224 1134.204712 -83.927765 0.7353 0.7353 0.7353
v -18.241156 1134.204712 -83.927765 0.7353 0.7353 0.7353
v -21.186087 1134.204712 -83.927765 0.7353 0.7353 0.7353
v -24.131020 1134.204712 -83.927765 0.7353 0.7353 0.7353
v -27.075951 1134.204712 -83.927765 0.7353 0.7353 0.7353
v -30.020884 1134.170898 -83.428909 0.7353 0.7353 0.7353
v -9.405640 1126.743774 -83.942245 0.7353 0.7353 0.7353
v -12.350567 1126.778931 -84.441002 0.7353 0.7353 0.7353
v -15.295494 1126.778931 -84.441002 0.7353 0.7353 0.7353
v -18.240421 1126.778931 -84.441002 0.7353 0.7353 0.7353
v -21.185349 1126.778931 -84.441002 0.7353 0.7353 0.7353
v -24.130276 1126.778931 -84.441002 0.7353 0.7353 0.7353
v -27.075203 1126.778931 -84.441002 0.7353 0.7353 0.7353
v -30.020130 1126.743774 -83.942245 0.7353 0.7353 0.7353
v -9.405621 1126.546509 -83.956459 0.7353 0.7353 0.7353
v -12.350548 1126.582642 -84.455147 0.7353 0.7353 0.7353
v -15.295475 1126.582642 -84.455147 0.7353 0.7353 0.7353
v -18.240402 1126.582642 -84.455147 0.7353 0.7353 0.7353
v -21.185329 1126.582642 -84.455147 0.7353 0.7353 0.7353
v -24.130255 1126.582642 -84.455147 0.7353 0.7353 0.7353
v -27.075182 1126.582642 -84.455147 0.7353 0.7353 0.7353
v -30.020109 1126.546509 -83.956459 0.7353 0.7353 0.7353
v -9.405409 1124.411133 -84.112274 0.7353 0.7353 0.7353
v -12.350334 1124.448242 -84.610893 0.7353 0.7353 0.7353
v -15.295260 1124.448242 -84.610893 0.7353 0.7353 0.7353
v -18.240187 1124.448242 -84.610893 0.7353 0.7353 0.7353
v -21.185112 1124.448242 -84.610893 0.7353 0.7353 0.7353
v -24.130037 1124.448242 -84.610893 0.7353 0.7353 0.7353
v -27.074963 1124.448242 -84.610893 0.7353 0.7353 0.7353
v -30.019888 1124.411133 -84.112274 0.7353 0.7353 0.7353
v -9.404880 1119.122559 -84.513687 0.7353 0.7353 0.7353
v -12.349802 1119.160889 -85.012215 0.7353 0.7353 0.7353
v -15.294724 1119.160889 -85.012215 0.7353 0.7353 0.7353
v -18.239647 1119.160889 -85.012215 0.7353 0.7353 0.7353
v -21.184568 1119.160889 -85.012215 0.7353 0.7353 0.7353
v -24.129490 1119.160889 -85.012215 0.7353 0.7353 0.7353
v -27.074411 1119.160889 -85.012215 0.7353 0.7353 0.7353
v -30.019335 1119.122559 -84.513687 0.7353 0.7353 0.7353
v -9.404860 1118.925293 -84.529091 0.7353 0.7353 0.7353
v -12.349782 1118.964966 -85.027512 0.7353 0.7353 0.7353
v -15.294703 1118.964966 -85.027512 0.7353 0.7353 0.7353
v -18.239626 1118.964966 -85.027512 0.7353 0.7353 0.7353
v -21.184547 1118.964966 -85.027512 0.7353 0.7353 0.7353
v -24.129469 1118.964966 -85.027512 0.7353 0.7353 0.7353
v -27.074392 1118.964966 -85.027512 0.7353 0.7353 0.7353
v -30.019314 1118.925293 -84.529091 0.7353 0.7353 0.7353
v -9.404099 1111.504761 -85.131531 0.7353 0.7353 0.7353
v -12.349016 1111.546021 -85.629829 0.7353 0.7353 0.7353
v -15.293934 1111.546021 -85.629829 0.7353 0.7353 0.7353
v -18.238852 1111.546021 -85.629829 0.7353 0.7353 0.7353
v -21.183767 1111.546021 -85.629829 0.7353 0.7353 0.7353
v -24.128685 1111.546021 -85.629829 0.7353 0.7353 0.7353
v -27.073603 1111.546021 -85.629829 0.7353 0.7353 0.7353
v -30.018520 1111.504761 -85.131531 0.7353 0.7353 0.7353
v -9.404078 1111.307739 -85.148140 0.7353 0.7353 0.7353
v -12.348996 1111.349976 -85.646355 0.7353 0.7353 0.7353
v -15.293913 1111.349976 -85.646355 0.7353 0.7353 0.7353
v -18.238831 1111.349976 -85.646355 0.7353 0.7353 0.7353
v -21.183748 1111.349976 -85.646355 0.7353 0.7353 0.7353
v -24.128664 1111.349976 -85.646355 0.7353 0.7353 0.7353
v -27.073582 1111.349976 -85.646355 0.7353 0.7353 0.7353
v -30.018499 1111.307739 -85.148140 0.7353 0.7353 0.7353
v -9.403913 1109.706543 -85.284340 0.7353 0.7353 0.7353
v -12.348828 1109.749634 -85.782478 0.7353 0.7353 0.7353
v -15.293745 1109.749634 -85.782478 0.7353 0.7353 0.7353
v -18.238661 1109.749634 -85.782478 0.7353 0.7353 0.7353
v -21.183577 1109.749634 -85.782478 0.7353 0.7353 0.7353
v -24.128492 1109.749634 -85.782478 0.7353 0.7353 0.7353
v -27.073410 1109.749634 -85.782478 0.7353 0.7353 0.7353
v -30.018326 1109.706543 -85.284340 0.7353 0.7353 0.7353
v -9.403302 1103.890991 -85.797119 0.7353 0.7353 0.7353
v -12.348214 1103.935547 -86.295135 0.7353 0.7353 0.7353
v -15.293127 1103.935547 -86.295135 0.7353 0.7353 0.7353
v -18.238039 1103.935547 -86.295135 0.7353 0.7353 0.7353
v -21.182953 1103.935547 -86.295135 0.7353 0.7353 0.7353
v -24.127865 1103.935547 -86.295135 0.7353 0.7353 0.7353
v -27.072777 1103.935547 -86.295135 0.7353 0.7353 0.7353
v -30.017691 1103.890991 -85.797119 0.7353 0.7353 0.7353
v -9.403281 1103.693970 -85.814987 0.7353 0.7353 0.7353
v -12.348194 1103.739990 -86.312866 0.7353 0.7353 0.7353
v -15.293106 1103.739990 -86.312866 0.7353 0.7353 0.7353
v -18.238018 1103.739990 -86.312866 0.7353 0.7353 0.7353
v -21.182932 1103.739990 -86.312866 0.7353 0.7353 0.7353
v -24.127844 1103.739990 -86.312866 0.7353 0.7353 0.7353
v -27.072756 1103.739990 -86.312866 0.7353 0.7353 0.7353
v -30.017668 1103.693970 -85.814987 0.7353 0.7353 0.7353
v -9.402493 1096.281738 -86.511772 0.7353 0.7353 0.7353
v -12.347400 1096.329346 -87.009499 0.7353 0.7353 0.7353
v -15.292308 1096.329346 -87.009499 0.7353 0.7353 0.7353
v -18.237215 1096.329346 -87.009499 0.7353 0.7353 0.7353
v -21.182123 1096.329346 -87.009499 0.7353 0.7353 0.7353
v -24.127031 1096.329346 -87.009499 0.7353 0.7353 0.7353
v -27.071939 1096.329346 -87.009499 0.7353 0.7353 0.7353
v -30.016848 1096.281738 -86.511772 0.7353 0.7353 0.7353
v -9.402472 1096.084961 -86.530930 0.7353 0.7353 0.7353
v -12.347379 1096.134277 -87.028496 0.7353 0.7353 0.7353
v -15.292287 1096.134277 -87.028496 0.7353 0.7353 0.7353
v -18.237194 1096.134277 -87.028496 0.7353 0.7353 0.7353
v -21.182102 1096.134277 -87.028496 0.7353 0.7353 0.7353
v -24.127010 1096.134277 -87.028496 0.7353 0.7353 0.7353
v -27.071918 1096.134277 -87.028496 0.7353 0.7353 0.7353
v -30.016825 1096.084961 -86.530930 0.7353 0.7353 0.7353
v -9.401672 1088.677490 -87.276833 0.7353 0.7353 0.7353
v -12.346576 1088.728394 -87.774231 0.7353 0.7353 0.7353
v -15.291479 1088.728394 -87.774231 0.7353 0.7353 0.7353
v -18.236382 1088.728394 -87.774231 0.7353 0.7353 0.7353
v -21.181286 1088.728394 -87.774231 0.7353 0.7353 0.7353
v -24.126188 1088.728394 -87.774231 0.7353 0.7353 0.7353
v -27.071091 1088.728394 -87.774231 0.7353 0.7353 0.7353
v -30.015995 1088.677490 -87.276833 0.7353 0.7353 0.7353
v -9.401651 1088.480713 -87.297310 0.7353 0.7353 0.7353
v -12.346554 1088.532959 -87.794571 0.7353 0.7353 0.7353
v -15.291457 1088.532959 -87.794571 0.7353 0.7353 0.7353
v -18.236361 1088.532959 -87.794571 0.7353 0.7353 0.7353
v -21.181263 1088.532959 -87.794571 0.7353 0.7353 0.7353
v -24.126167 1088.532959 -87.794571 0.7353 0.7353 0.7353
v -27.071070 1088.532959 -87.794571 0.7353 0.7353 0.7353
v -30.015972 1088.480713 -87.297310 0.7353 0.7353 0.7353
v -9.401190 1084.255859 -87.745651 0.7353 0.7353 0.7353
v -12.346090 1084.309448 -88.242767 0.7353 0.7353 0.7353
v -15.290992 1084.309448 -88.242767 0.7353 0.7353 0.7353
v -18.235891 1084.309448 -88.242767 0.7353 0.7353 0.7353
v -21.180794 1084.309448 -88.242767 0.7353 0.7353 0.7353
v -24.125694 1084.309448 -88.242767 0.7353 0.7353 0.7353
v -27.070595 1084.309448 -88.242767 0.7353 0.7353 0.7353
v -30.015495 1084.255859 -87.745651 0.7353 0.7353 0.7353
v -9.400842 1081.078369 -88.093643 0.7353 0.7353 0.7353
v -12.345741 1081.133179 -88.590630 0.7353 0.7353 0.7353
v -15.290640 1081.133179 -88.590630 0.7353 0.7353 0.7353
v -18.235538 1081.133179 -88.590630 0.7353 0.7353 0.7353
v -21.180437 1081.133179 -88.590630 0.7353 0.7353 0.7353
v -24.125338 1081.133179 -88.590630 0.7353 0.7353 0.7353
v -27.070236 1081.133179 -88.590630 0.7353 0.7353 0.7353
v -30.015135 1081.078369 -88.093643 0.7353 0.7353 0.7353
v -9.400820 1080.881836 -88.115479 0.7353 0.7353 0.7353
v -12.345718 1080.937866 -88.612328 0.7353 0.7353 0.7353
v -15.290618 1080.937866 -88.612328 0.7353 0.7353 0.7353
v -18.235518 1080.937866 -88.612328 0.7353 0.7353 0.7353
v -21.180416 1080.937866 -88.612328 0.7353 0.7353 0.7353
v -24.125315 1080.937866 -88.612328 0.7353 0.7353 0.7353
v -27.070213 1080.937866 -88.612328 0.7353 0.7353 0.7353
v -30.015112 1080.881836 -88.115479 0.7353 0.7353 0.7353
v -9.400010 1073.485229 -88.963509 0.7353 0.7353 0.7353
v -12.344905 1073.543091 -89.460152 0.7353 0.7353 0.7353
v -15.289799 1073.543091 -89.460152 0.7353 0.7353 0.7353
v -18.234694 1073.543091 -89.460152 0.7353 0.7353 0.7353
v -21.179588 1073.543091 -89.460152 0.7353 0.7353 0.7353
v -24.124481 1073.543091 -89.460152 0.7353 0.7353 0.7353
v -27.069376 1073.543091 -89.460152 0.7353 0.7353 0.7353
v -30.014271 1073.485229 -88.963509 0.7353 0.7353 0.7353
v -9.399988 1073.288818 -88.986740 0.7353 0.7353 0.7353
v -12.344882 1073.348022 -89.483215 0.7353 0.7353 0.7353
v -15.289777 1073.348022 -89.483215 0.7353 0.7353 0.7353
v -18.234671 1073.348022 -89.483215 0.7353 0.7353 0.7353
v -21.179565 1073.348022 -89.483215 0.7353 0.7353 0.7353
v -24.124460 1073.348022 -89.483215 0.7353 0.7353 0.7353
v -27.069355 1073.348022 -89.483215 0.7353 0.7353 0.7353
v -30.014248 1073.288818 -88.986740 0.7353 0.7353 0.7353
v -9.399535 1069.196289 -89.479294 0.7353 0.7353 0.7353
v -12.344427 1069.256592 -89.975647 0.7353 0.7353 0.7353
v -15.289320 1069.256592 -89.975647 0.7353 0.7353 0.7353
v -18.234213 1069.256592 -89.975647 0.7353 0.7353 0.7353
v -21.179104 1069.256592 -89.975647 0.7353 0.7353 0.7353
v -24.123997 1069.256592 -89.975647 0.7353 0.7353 0.7353
v -27.068890 1069.256592 -89.975647 0.7353 0.7353 0.7353
v -30.013783 1069.196289 -89.479294 0.7353 0.7353 0.7353
v -9.399516 1069.022217 -89.500603 0.7353 0.7353 0.7353
v -12.344408 1069.083008 -89.996895 0.7353 0.7353 0.7353
v -15.289301 1069.083008 -89.996895 0.7353 0.7353 0.7353
v -18.234192 1069.083008 -89.996895 0.7353 0.7353 0.7353
v -21.179085 1069.083008 -89.996895 0.7353 0.7353 0.7353
v -24.123978 1069.083008 -89.996895 0.7353 0.7353 0.7353
v -27.068871 1069.083008 -89.996895 0.7353 0.7353 0.7353
v -30.013762 1069.022217 -89.500603 0.7353 0.7353 0.7353
v -9.399493 1068.825928 -89.524673 0.7353 0.7353 0.7353
v -12.344386 1068.887329 -90.020889 0.7353 0.7353 0.7353
v -15.289278 1068.887329 -90.020889 0.7353 0.7353 0.7353
v -18.234171 1068.887329 -90.020889 0.7353 0.7353 0.7353
v -21.179062 1068.887329 -90.020889 0.7353 0.7353 0.7353
v -24.123955 1068.887329 -90.020889 0.7353 0.7353 0.7353
v -27.068848 1068.887329 -90.020889 0.7353 0.7353 0.7353
v -30.013739 1068.825928 -89.524673 0.7353 0.7353 0.7353
v -9.399021 1064.561279 -90.056961 0.7353 0.7353 0.7353
v -12.343912 1064.623779 -90.553047 0.7353 0.7353 0.7353
v -15.288802 1064.623779 -90.553047 0.7353 0.7353 0.7353
v -18.233692 1064.623779 -90.553047 0.7353 0.7353 0.7353
v -21.178583 1064.623779 -90.553047 0.7353 0.7353 0.7353
v -24.123472 1064.623779 -90.553047 0.7353 0.7353 0.7353
v -27.068363 1064.623779 -90.553047 0.7353 0.7353 0.7353
v -30.013254 1064.561279 -90.056961 0.7353 0.7353 0.7353
v -9.398999 1064.364990 -90.081886 0.7353 0.7353 0.7353
v -12.343889 1064.428955 -90.577782 0.7353 0.7353 0.7353
v -15.288779 1064.428955 -90.577782 0.7353 0.7353 0.7353
v -18.233669 1064.428955 -90.577782 0.7353 0.7353 0.7353
v -21.178560 1064.428955 -90.577782 0.7353 0.7353 0.7353
v -24.123451 1064.428955 -90.577782 0.7353 0.7353 0.7353
v -27.068340 1064.428955 -90.577782 0.7353 0.7353 0.7353
v -30.013231 1064.364990 -90.081886 0.7353 0.7353 0.7353
v -9.398179 1056.922119 -91.055840 0.7353 0.7353 0.7353
v -12.343065 1056.987915 -91.551491 0.7353 0.7353 0.7353
v -15.287951 1056.987915 -91.551491 0.7353 0.7353 0.7353
v -18.232838 1056.987915 -91.551491 0.7353 0.7353 0.7353
v -21.177725 1056.987915 -91.551491 0.7353 0.7353 0.7353
v -24.122610 1056.987915 -91.551491 0.7353 0.7353 0.7353
v -27.067497 1056.987915 -91.551491 0.7353 0.7353 0.7353
v -30.012384 1056.922119 -91.055840 0.7353 0.7353 0.7353
v -9.398156 1056.726074 -91.082245 0.7353 0.7353 0.7353
v -12.343043 1056.793823 -91.577644 0.7353 0.7353 0.7353
v -15.287930 1056.793823 -91.577644 0.7353 0.7353 0.7353
v -18.232817 1056.793823 -91.577644 0.7353 0.7353 0.7353
v -21.177702 1056.793823 -91.577644 0.7353 0.7353 0.7353
v -24.122589 1056.793823 -91.577644 0.7353 0.7353 0.7353
v -27.067474 1056.793823 -91.577644 0.7353 0.7353 0.7353
v -30.012362 1056.726074 -91.082245 0.7353 0.7353 0.7353
v -9.397341 1049.290771 -92.112808 0.7353 0.7353 0.7353
v -12.342224 1049.360352 -92.607941 0.7353 0.7353 0.7353
v -15.287107 1049.360352 -92.607941 0.7353 0.7353 0.7353
v -18.231989 1049.360352 -92.607941 0.7353 0.7353 0.7353
v -21.176872 1049.360352 -92.607941 0.7353 0.7353 0.7353
v -24.121754 1049.360352 -92.607941 0.7353 0.7353 0.7353
v -27.066637 1049.360352 -92.607941 0.7353 0.7353 0.7353
v -30.011518 1049.290771 -92.112808 0.7353 0.7353 0.7353
v -9.397319 1049.094971 -92.140709 0.7353 0.7353 0.7353
v -12.342202 1049.166504 -92.635574 0.7353 0.7353 0.7353
v -15.287085 1049.166504 -92.635574 0.7353 0.7353 0.7353
v -18.231966 1049.166504 -92.635574 0.7353 0.7353 0.7353
v -21.176849 1049.166504 -92.635574 0.7353 0.7353 0.7353
v -24.121733 1049.166504 -92.635574 0.7353 0.7353 0.7353
v -27.066614 1049.166504 -92.635574 0.7353 0.7353 0.7353
v -30.011497 1049.094971 -92.140709 0.7353 0.7353 0.7353
v -9.396510 1041.667725 -93.228745 0.7353 0.7353 0.7353
v -12.341389 1041.741211 -93.723320 0.7353 0.7353 0.7353
v -15.286268 1041.741211 -93.723320 0.7353 0.7353 0.7353
v -18.231148 1041.741211 -93.723320 0.7353 0.7353 0.7353
v -21.176025 1041.741211 -93.723320 0.7353 0.7353 0.7353
v -24.120905 1041.741211 -93.723320 0.7353 0.7353 0.7353
v -27.065784 1041.741211 -93.723320 0.7353 0.7353 0.7353
v -30.010664 1041.667725 -93.228745 0.7353 0.7353 0.7353
v -9.396488 1041.472168 -93.258171 0.7353 0.7353 0.7353
v -12.341368 1041.546753 -93.752579 0.7353 0.7353 0.7353
v -15.286246 1041.546753 -93.752579 0.7353 0.7353 0.7353
v -18.231125 1041.546753 -93.752579 0.7353 0.7353 0.7353
v -21.176004 1041.546753 -93.752579 0.7353 0.7353 0.7353
v -24.120884 1041.546753 -93.752579 0.7353 0.7353 0.7353
v -27.065762 1041.546753 -93.752579 0.7353 0.7353 0.7353
v -30.010641 1041.472168 -93.258171 0.7353 0.7353 0.7353
v -9.396358 1040.281250 -93.438248 0.7353 0.7353 0.7353
v -12.341237 1040.356934 -93.932487 0.7353 0.7353 0.7353
v -15.286116 1040.356934 -93.932487 0.7353 0.7353 0.7353
v -18.230995 1040.356934 -93.932487 0.7353 0.7353 0.7353
v -21.175873 1040.356934 -93.932487 0.7353 0.7353 0.7353
v -24.120752 1040.356934 -93.932487 0.7353 0.7353 0.7353
v -27.065630 1040.356934 -93.932487 0.7353 0.7353 0.7353
v -30.010508 1040.281250 -93.438248 0.7353 0.7353 0.7353
v -9.395686 1034.053589 -94.404465 0.7353 0.7353 0.7353
v -12.340563 1034.131104 -94.898422 0.7353 0.7353 0.7353
v -15.285439 1034.131104 -94.898422 0.7353 0.7353 0.7353
v -18.230314 1034.131104 -94.898422 0.7353 0.7353 0.7353
v -21.175190 1034.131104 -94.898422 0.7353 0.7353 0.7353
v -24.120066 1034.131104 -94.898422 0.7353 0.7353 0.7353
v -27.064941 1034.131104 -94.898422 0.7353 0.7353 0.7353
v -30.009819 1034.053589 -94.404465 0.7353 0.7353 0.7353
v -9.395665 1033.858276 -94.435432 0.7353 0.7353 0.7353
v -12.340541 1033.937622 -94.929108 0.7353 0.7353 0.7353
v -15.285417 1033.937622 -94.929108 0.7353 0.7353 0.7353
v -18.230293 1033.937622 -94.929108 0.7353 0.7353 0.7353
v -21.175169 1033.937622 -94.929108 0.7353 0.7353 0.7353
v -24.120045 1033.937622 -94.929108 0.7353 0.7353 0.7353
v -27.064920 1033.937622 -94.929108 0.7353 0.7353 0.7353
v -30.009796 1033.858276 -94.435432 0.7353 0.7353 0.7353
v -9.394877 1026.449219 -95.640785 0.7353 0.7353 0.7353
v -12.339750 1026.530518 -96.134140 0.7353 0.7353 0.7353
v -15.284623 1026.530518 -96.134140 0.7353 0.7353 0.7353
v -18.229496 1026.530518 -96.134140 0.7353 0.7353 0.7353
v -21.174368 1026.530518 -96.134140 0.7353 0.7353 0.7353
v -24.119242 1026.530518 -96.134140 0.7353 0.7353 0.7353
v -27.064116 1026.530518 -96.134140 0.7353 0.7353 0.7353
v -30.008987 1026.449219 -95.640785 0.7353 0.7353 0.7353
v -9.394856 1026.254150 -95.673317 0.7353 0.7353 0.7353
v -12.339729 1026.337402 -96.166336 0.7353 0.7353 0.7353
v -15.284602 1026.337402 -96.166336 0.7353 0.7353 0.7353
v -18.229475 1026.337402 -96.166336 0.7353 0.7353 0.7353
v -21.174347 1026.337402 -96.166336 0.7353 0.7353 0.7353
v -24.119221 1026.337402 -96.166336 0.7353 0.7353 0.7353
v -27.064093 1026.337402 -96.166336 0.7353 0.7353 0.7353
v -30.008966 1026.254150 -95.673317 0.7353 0.7353 0.7353
v -9.394085 1018.854919 -96.938515 0.7353 0.7353 0.7353
v -12.338955 1018.940186 -97.431190 0.7353 0.7353 0.7353
v -15.283825 1018.940186 -97.431190 0.7353 0.7353 0.7353
v -18.228695 1018.940186 -97.431190 0.7353 0.7353 0.7353
v -21.173565 1018.940186 -97.431190 0.7353 0.7353 0.7353
v -24.118435 1018.940186 -97.431190 0.7353 0.7353 0.7353
v -27.063305 1018.940186 -97.431190 0.7353 0.7353 0.7353
v -30.008175 1018.854919 -96.938515 0.7353 0.7353 0.7353
v -9.394065 1018.660217 -96.972633 0.7353 0.7353 0.7353
v -12.338935 1018.746826 -97.465080 0.7353 0.7353 0.7353
v -15.283804 1018.746826 -97.465080 0.7353 0.7353 0.7353
v -18.228674 1018.746826 -97.465080 0.7353 0.7353 0.7353
v -21.173544 1018.746826 -97.465080 0.7353 0.7353 0.7353
v -24.118414 1018.746826 -97.465080 0.7353 0.7353 0.7353
v -27.063284 1018.746826 -97.465080 0.7353 0.7353 0.7353
v -30.008154 1018.660217 -96.972633 0.7353 0.7353 0.7353
v -9.393854 1016.624084 -97.331894 0.7353 0.7353 0.7353
v -12.338723 1016.711975 -97.824112 0.7353 0.7353 0.7353
v -15.283592 1016.711975 -97.824112 0.7353 0.7353 0.7353
v -18.228462 1016.711975 -97.824112 0.7353 0.7353 0.7353
v -21.173330 1016.711975 -97.824112 0.7353 0.7353 0.7353
v -24.118200 1016.711975 -97.824112 0.7353 0.7353 0.7353
v -27.063070 1016.711975 -97.824112 0.7353 0.7353 0.7353
v -30.007938 1016.624084 -97.331894 0.7353 0.7353 0.7353
v -9.393308 1011.271667 -98.298500 0.7353 0.7353 0.7353
v -12.338176 1011.361267 -98.790405 0.7353 0.7353 0.7353
v -15.283043 1011.361267 -98.790405 0.7353 0.7353 0.7353
v -18.227911 1011.361267 -98.790405 0.7353 0.7353 0.7353
v -21.172779 1011.361267 -98.790405 0.7353 0.7353 0.7353
v -24.117645 1011.361267 -98.790405 0.7353 0.7353 0.7353
v -27.062513 1011.361267 -98.790405 0.7353 0.7353 0.7353
v -30.007381 1011.271667 -98.298500 0.7353 0.7353 0.7353
v -9.393288 1011.077209 -98.334221 0.7353 0.7353 0.7353
v -12.338156 1011.168579 -98.825798 0.7353 0.7353 0.7353
v -15.283023 1011.168579 -98.825798 0.7353 0.7353 0.7353
v -18.227890 1011.168579 -98.825798 0.7353 0.7353 0.7353
v -21.172758 1011.168579 -98.825798 0.7353 0.7353 0.7353
v -24.117626 1011.168579 -98.825798 0.7353 0.7353 0.7353
v -27.062492 1011.168579 -98.825798 0.7353 0.7353 0.7353
v -30.007360 1011.077209 -98.334221 0.7353 0.7353 0.7353
v -9.392540 1003.544556 -99.751404 0.7353 0.7353 0.7353
v -12.337405 1003.638062 -100.242584 0.7353 0.7353 0.7353
v -15.282270 1003.638062 -100.242584 0.7353 0.7353 0.7353
v -18.227135 1003.638062 -100.242584 0.7353 0.7353 0.7353
v -21.172001 1003.638062 -100.242584 0.7353 0.7353 0.7353
v -24.116865 1003.638062 -100.242584 0.7353 0.7353 0.7353
v -27.061729 1003.638062 -100.242584 0.7353 0.7353 0.7353
v -30.006596 1003.544556 -99.751404 0.7353 0.7353 0.7353
v -9.392521 1003.350464 -99.788788 0.7353 0.7353 0.7353
v -12.337386 1003.445190 -100.279724 0.7353 0.7353 0.7353
v -15.282251 1003.445190 -100.279724 0.7353 0.7353 0.7353
v -18.227116 1003.445190 -100.279724 0.7353 0.7353 0.7353
v -21.171982 1003.445190 -100.279724 0.7353 0.7353 0.7353
v -24.116846 1003.445190 -100.279724 0.7353 0.7353 0.7353
v -27.061710 1003.445190 -100.279724 0.7353 0.7353 0.7353
v -30.006577 1003.350464 -99.788788 0.7353 0.7353 0.7353
v -9.392403 1002.132812 -100.024277 0.7353 0.7353 0.7353
v -12.337267 1002.228760 -100.514977 0.7353 0.7353 0.7353
v -15.282131 1002.228760 -100.514977 0.7353 0.7353 0.7353
v -18.226995 1002.228760 -100.514977 0.7353 0.7353 0.7353
v -21.171860 1002.228760 -100.514977 0.7353 0.7353 0.7353
v -24.116726 1002.228760 -100.514977 0.7353 0.7353 0.7353
v -27.061590 1002.228760 -100.514977 0.7353 0.7353 0.7353
v -30.006454 1002.132812 -100.024277 0.7353 0.7353 0.7353
v -9.391798 995.830261 -101.270828 0.7353 0.7353 0.7353
v -12.336661 995.928162 -101.761147 0.7353 0.7353 0.7353
v -15.281524 995.928162 -101.761147 0.7353 0.7353 0.7353
v -18.226387 995.928162 -101.761147 0.7353 0.7353 0.7353
v -21.171249 995.928162 -101.761147 0.7353 0.7353 0.7353
v -24.116112 995.928162 -101.761147 0.7353 0.7353 0.7353
v -27.060974 995.928162 -101.761147 0.7353 0.7353 0.7353
v -30.005836 995.830261 -101.270828 0.7353 0.7353 0.7353
v -9.391780 995.636536 -101.309891 0.7353 0.7353 0.7353
v -12.336642 995.736450 -101.799812 0.7353 0.7353 0.7353
v -15.281506 995.736450 -101.799812 0.7353 0.7353 0.7353
v -18.226368 995.736450 -101.799812 0.7353 0.7353 0.7353
v -21.171230 995.736450 -101.799812 0.7353 0.7353 0.7353
v -24.116093 995.736450 -101.799812 0.7353 0.7353 0.7353
v -27.060955 995.736450 -101.799812 0.7353 0.7353 0.7353
v -30.005819 995.636536 -101.309891 0.7353 0.7353 0.7353
v -9.391082 988.129333 -102.857628 0.7353 0.7353 0.7353
v -12.335943 988.231384 -103.347107 0.7353 0.7353 0.7353
v -15.280804 988.231384 -103.347107 0.7353 0.7353 0.7353
v -18.225666 988.231384 -103.347107 0.7353 0.7353 0.7353
v -21.170527 988.231384 -103.347107 0.7353 0.7353 0.7353
v -24.115387 988.231384 -103.347107 0.7353 0.7353 0.7353
v -27.060249 988.231384 -103.347107 0.7353 0.7353 0.7353
v -30.005110 988.129333 -102.857628 0.7353 0.7353 0.7353
v -9.391064 987.935913 -102.898392 0.7353 0.7353 0.7353
v -12.335925 988.040100 -103.387413 0.7353 0.7353 0.7353
v -15.280787 988.040100 -103.387413 0.7353 0.7353 0.7353
v -18.225647 988.040100 -103.387413 0.7353 0.7353 0.7353
v -21.170509 988.040100 -103.387413 0.7353 0.7353 0.7353
v -24.115370 988.040100 -103.387413 0.7353 0.7353 0.7353
v -27.060230 988.040100 -103.387413 0.7353 0.7353 0.7353
v -30.005093 987.935913 -102.898392 0.7353 0.7353 0.7353
v -9.390395 980.442932 -104.512581 0.7353 0.7353 0.7353
v -12.335256 980.549316 -105.001129 0.7353 0.7353 0.7353
v -15.280115 980.549316 -105.001129 0.7353 0.7353 0.7353
v -18.224976 980.549316 -105.001129 0.7353 0.7353 0.7353
v -21.169836 980.549316 -105.001129 0.7353 0.7353 0.7353
v -24.114697 980.549316 -105.001129 0.7353 0.7353 0.7353
v -27.059557 980.549316 -105.001129 0.7353 0.7353 0.7353
v -30.004416 980.442932 -104.512581 0.7353 0.7353 0.7353
v -9.390378 980.249939 -104.555077 0.7353 0.7353 0.7353
v -12.335238 980.357849 -105.043289 0.7353 0.7353 0.7353
v -15.280099 980.357849 -105.043289 0.7353 0.7353 0.7353
v -18.224958 980.357849 -105.043289 0.7353 0.7353 0.7353
v -21.169819 980.357849 -105.043289 0.7353 0.7353 0.7353
v -24.114679 980.357849 -105.043289 0.7353 0.7353 0.7353
v -27.059540 980.357849 -105.043289 0.7353 0.7353 0.7353
v -30.004398 980.249939 -104.555077 0.7353 0.7353 0.7353
v -9.390148 977.562439 -105.151382 0.7353 0.7353 0.7353
v -12.335008 977.671814 -105.639275 0.7353 0.7353 0.7353
v -15.279867 977.671814 -105.639275 0.7353 0.7353 0.7353
v -18.224728 977.671814 -105.639275 0.7353 0.7353 0.7353
v -21.169586 977.671814 -105.639275 0.7353 0.7353 0.7353
v -24.114447 977.671814 -105.639275 0.7353 0.7353 0.7353
v -27.059305 977.671814 -105.639275 0.7353 0.7353 0.7353
v -30.004166 977.562439 -105.151382 0.7353 0.7353 0.7353
v -9.389750 972.771606 -106.236572 0.7353 0.7353 0.7353
v -12.334608 972.882812 -106.724052 0.7353 0.7353 0.7353
v -15.279467 972.882812 -106.724052 0.7353 0.7353 0.7353
v -18.224325 972.882812 -106.724052 0.7353 0.7353 0.7353
v -21.169184 972.882812 -106.724052 0.7353 0.7353 0.7353
v -24.114042 972.882812 -106.724052 0.7353 0.7353 0.7353
v -27.058901 972.882812 -106.724052 0.7353 0.7353 0.7353
v -30.003759 972.771606 -106.236572 0.7353 0.7353 0.7353
v -9.389733 972.578979 -106.280815 0.7353 0.7353 0.7353
v -12.334592 972.692017 -106.767876 0.7353 0.7353 0.7353
v -15.279450 972.692017 -106.767876 0.7353 0.7353 0.7353
v -18.224310 972.692017 -106.767876 0.7353 0.7353 0.7353
v -21.169168 972.692017 -106.767876 0.7353 0.7353 0.7353
v -24.114027 972.692017 -106.767876 0.7353 0.7353 0.7353
v -27.058886 972.692017 -106.767876 0.7353 0.7353 0.7353
v -30.003744 972.578979 -106.280815 0.7353 0.7353 0.7353
v -9.389141 965.116516 -108.030304 0.7353 0.7353 0.7353
v -12.333998 965.231750 -108.516846 0.7353 0.7353 0.7353
v -15.278855 965.231750 -108.516846 0.7353 0.7353 0.7353
v -18.223713 965.231750 -108.516846 0.7353 0.7353 0.7353
v -21.168571 965.231750 -108.516846 0.7353 0.7353 0.7353
v -24.113428 965.231750 -108.516846 0.7353 0.7353 0.7353
v -27.058287 965.231750 -108.516846 0.7353 0.7353 0.7353
v -30.003143 965.116516 -108.030304 0.7353 0.7353 0.7353
v -9.389126 964.924255 -108.076309 0.7353 0.7353 0.7353
v -12.333983 965.040894 -108.562515 0.7353 0.7353 0.7353
v -15.278841 965.040894 -108.562515 0.7353 0.7353 0.7353
v -18.223698 965.040894 -108.562515 0.7353 0.7353 0.7353
v -21.168556 965.040894 -108.562515 0.7353 0.7353 0.7353
v -24.113413 965.040894 -108.562515 0.7353 0.7353 0.7353
v -27.058271 965.040894 -108.562515 0.7353 0.7353 0.7353
v -30.003128 964.924255 -108.076309 0.7353 0.7353 0.7353
v -9.389003 963.332214 -108.459099 0.7353 0.7353 0.7353
v -12.333860 963.450195 -108.944977 0.7353 0.7353 0.7353
v -15.278718 963.450195 -108.944977 0.7353 0.7353 0.7353
v -18.223576 963.450195 -108.944977 0.7353 0.7353 0.7353
v -21.168434 963.450195 -108.944977 0.7353 0.7353 0.7353
v -24.113291 963.450195 -108.944977 0.7353 0.7353 0.7353
v -27.058147 963.450195 -108.944977 0.7353 0.7353 0.7353
v -30.003006 963.332214 -108.459099 0.7353 0.7353 0.7353
v -9.388561 957.382202 -109.918541 0.7353 0.7353 0.7353
v -12.333419 957.382202 -109.918541 0.7353 0.7353 0.7353
v -15.278276 957.382202 -109.918541 0.7353 0.7353 0.7353
v -18.223133 957.382202 -109.918541 0.7353 0.7353 0.7353
v -21.167992 957.382202 -109.918541 0.7353 0.7353 0.7353
v -24.112848 957.382202 -109.918541 0.7353 0.7353 0.7353
v -27.057707 957.382202 -109.918541 0.7353 0.7353 0.7353
v -30.002563 957.382202 -109.918541 0.7353 0.7353 0.7353
v 10.324764 1454.187988 -80.480133 0.7353 0.7353 0.7353
v 10.334961 1455.090332 -80.480202 0.7353 0.7353 0.7353
v 10.333925 1454.996216 -80.480194 0.7353 0.7353 0.7353
v 10.310922 1450.939697 -80.480011 0.7353 0.7353 0.7353
v 10.310707 1450.765747 -80.480003 0.7353 0.7353 0.7353
v 10.310523 1450.571045 -80.479988 0.7353 0.7353 0.7353
v 10.316288 1446.297241 -80.479805 0.7353 0.7353 0.7353
v 10.316745 1446.100098 -80.479790 0.7353 0.7353 0.7353
v 10.323889 1441.807251 -80.479614 0.7353 0.7353 0.7353
v 10.323998 1441.608521 -80.479599 0.7353 0.7353 0.7353
v 10.322509 1437.311035 -80.479424 0.7353 0.7353 0.7353
v 10.322396 1437.113159 -80.479408 0.7353 0.7353 0.7353
v 10.321026 1432.814697 -80.479233 0.7353 0.7353 0.7353
v 10.320978 1432.616943 -80.479218 0.7353 0.7353 0.7353
v 10.320828 1432.014160 -80.479195 0.7353 0.7353 0.7353
v 10.318643 1425.021851 -80.478920 0.7353 0.7353 0.7353
v 10.318579 1424.824097 -80.478920 0.7353 0.7353 0.7353
v 10.316387 1417.229492 -80.478630 0.7353 0.7353 0.7353
v 10.316333 1417.031738 -80.478630 0.7353 0.7353 0.7353
v 10.314275 1409.436890 -80.478355 0.7353 0.7353 0.7353
v 10.314221 1409.239136 -80.478355 0.7353 0.7353 0.7353
v 10.313822 1407.710571 -80.478302 0.7353 0.7353 0.7353
v 10.312296 1401.644287 -80.478104 0.7353 0.7353 0.7353
v 10.312246 1401.446533 -80.478104 0.7353 0.7353 0.7353
v 10.310462 1393.851562 -80.477875 0.7353 0.7353 0.7353
v 10.310416 1393.653809 -80.477875 0.7353 0.7353 0.7353
v 10.308749 1386.058838 -80.477661 0.7353 0.7353 0.7353
v 10.308706 1385.861084 -80.477661 0.7353 0.7353 0.7353
v 10.308167 1383.252930 -80.477592 0.7353 0.7353 0.7353
v 10.307171 1378.266113 -80.477478 0.7353 0.7353 0.7353
v 10.307132 1378.068359 -80.477478 0.7353 0.7353 0.7353
v 10.305712 1370.473389 -80.477310 0.7353 0.7353 0.7353
v 10.305676 1370.275757 -80.477310 0.7353 0.7353 0.7353
v 10.305382 1368.607056 -80.477272 0.7353 0.7353 0.7353
v 10.304380 1362.681152 -80.477165 0.7353 0.7353 0.7353
v 10.304347 1362.483398 -80.477165 0.7353 0.7353 0.7353
v 10.303162 1354.888428 -80.477036 0.7353 0.7353 0.7353
v 10.303132 1354.690674 -80.477036 0.7353 0.7353 0.7353
v 10.302064 1347.095703 -80.476936 0.7353 0.7353 0.7353
v 10.302036 1346.897949 -80.476936 0.7353 0.7353 0.7353
v 10.301490 1342.692017 -80.476891 0.7353 0.7353 0.7353
v 10.301072 1339.303101 -80.476868 0.7353 0.7353 0.7353
v 10.301047 1339.105347 -80.476868 0.7353 0.7353 0.7353
v 10.300191 1331.510620 -80.476822 0.7353 0.7353 0.7353
v 10.300169 1331.312866 -80.476822 0.7353 0.7353 0.7353
v 10.299839 1328.098877 -80.476784 0.7353 0.7353 0.7353
v 10.299415 1323.717896 -80.476807 0.7353 0.7353 0.7353
v 10.299397 1323.520142 -80.476807 0.7353 0.7353 0.7353
v 10.298745 1315.925171 -80.476822 0.7353 0.7353 0.7353
v 10.298730 1315.727295 -80.476807 0.7353 0.7353 0.7353
v 10.298199 1308.568237 -80.474808 0.7353 0.7353 0.7353
v 10.298186 1308.370483 -80.474716 0.7353 0.7353 0.7353
v 10.297741 1301.211670 -80.469711 0.7353 0.7353 0.7353
v 10.297730 1301.013916 -80.469543 0.7353 0.7353 0.7353
v 10.297679 1300.082764 -80.468750 0.7353 0.7353 0.7353
v 10.297369 1293.854736 -80.463089 0.7353 0.7353 0.7353
v 10.297360 1293.656982 -80.462906 0.7353 0.7353 0.7353
v 10.297072 1286.498169 -80.456566 0.7353 0.7353 0.7353
v 10.297066 1286.300415 -80.456406 0.7353 0.7353 0.7353
v 10.296995 1284.129639 -80.454735 0.7353 0.7353 0.7353
v 10.296856 1279.141602 -80.451675 0.7353 0.7353 0.7353
v 10.296852 1278.943970 -80.451584 0.7353 0.7353 0.7353
v 10.296711 1271.785278 -80.450058 0.7353 0.7353 0.7353
v 10.296708 1271.587646 -80.450073 0.7353 0.7353 0.7353
v 10.296647 1264.428955 -80.453285 0.7353 0.7353 0.7353
v 10.296647 1264.231323 -80.453453 0.7353 0.7353 0.7353
v 10.296642 1257.072632 -80.462936 0.7353 0.7353 0.7353
v 10.296644 1256.875000 -80.463303 0.7353 0.7353 0.7353
v 10.296658 1254.703613 -80.467674 0.7353 0.7353 0.7353
v 10.296711 1249.716553 -80.480621 0.7353 0.7353 0.7353
v 10.296714 1249.519043 -80.481224 0.7353 0.7353 0.7353
v 10.296840 1242.360596 -80.507912 0.7353 0.7353 0.7353
v 10.296844 1242.163208 -80.508781 0.7353 0.7353 0.7353
v 10.297036 1235.004883 -80.546394 0.7353 0.7353 0.7353
v 10.297043 1234.807495 -80.547630 0.7353 0.7353 0.7353
v 10.297180 1230.509888 -80.578125 0.7353 0.7353 0.7353
v 10.297188 1230.312500 -80.579720 0.7353 0.7353 0.7353
v 10.297238 1228.868774 -80.591942 0.7353 0.7353 0.7353
v 10.297345 1226.015137 -80.619049 0.7353 0.7353 0.7353
v 10.297354 1225.818115 -80.621063 0.7353 0.7353 0.7353
v 10.297681 1218.374512 -80.710579 0.7353 0.7353 0.7353
v 10.297690 1218.177612 -80.713310 0.7353 0.7353 0.7353
v 10.298038 1211.380127 -80.819595 0.7353 0.7353 0.7353
v 10.298073 1210.734985 -80.830902 0.7353 0.7353 0.7353
v 10.298084 1210.537842 -80.834404 0.7353 0.7353 0.7353
v 10.298512 1203.095215 -80.981377 0.7353 0.7353 0.7353
v 10.298524 1202.898682 -80.985664 0.7353 0.7353 0.7353
v 10.299011 1195.457031 -81.163330 0.7353 0.7353 0.7353
v 10.299026 1195.260376 -81.168442 0.7353 0.7353 0.7353
v 10.299556 1187.819580 -81.378120 0.7353 0.7353 0.7353
v 10.299571 1187.622437 -81.384117 0.7353 0.7353 0.7353
v 10.299591 1187.343384 -81.392639 0.7353 0.7353 0.7353
v 10.300138 1180.183105 -81.627106 0.7353 0.7353 0.7353
v 10.300155 1179.986450 -81.633987 0.7353 0.7353 0.7353
v 10.300771 1172.548096 -81.911644 0.7353 0.7353 0.7353
v 10.300788 1172.351562 -81.919441 0.7353 0.7353 0.7353
v 10.301442 1164.914429 -82.233047 0.7353 0.7353 0.7353
v 10.301460 1164.717407 -82.241844 0.7353 0.7353 0.7353
v 10.301554 1163.686035 -82.288315 0.7353 0.7353 0.7353
v 10.302146 1157.282715 -82.592728 0.7353 0.7353 0.7353
v 10.302165 1157.086426 -82.602501 0.7353 0.7353 0.7353
v 10.302883 1149.652954 -82.992004 0.7353 0.7353 0.7353
v 10.302903 1149.456177 -83.002831 0.7353 0.7353 0.7353
v 10.302973 1148.743408 -83.042305 0.7353 0.7353 0.7353
v 10.303647 1142.025757 -83.432228 0.7353 0.7353 0.7353
v 10.303668 1141.829590 -83.444107 0.7353 0.7353 0.7353
v 10.304446 1134.400635 -83.914787 0.7353 0.7353 0.7353
v 10.304468 1134.204834 -83.927757 0.7353 0.7353 0.7353
v 10.305260 1126.779053 -84.440994 0.7353 0.7353 0.7353
v 10.305282 1126.582764 -84.455139 0.7353 0.7353 0.7353
v 10.305514 1124.448364 -84.610886 0.7353 0.7353 0.7353
v 10.306098 1119.161011 -85.012207 0.7353 0.7353 0.7353
v 10.306120 1118.965088 -85.027504 0.7353 0.7353 0.7353
v 10.306954 1111.546143 -85.629822 0.7353 0.7353 0.7353
v 10.306977 1111.350098 -85.646347 0.7353 0.7353 0.7353
v 10.307160 1109.749756 -85.782471 0.7353 0.7353 0.7353
v 10.307827 1103.935669 -86.295128 0.7353 0.7353 0.7353
v 10.307851 1103.740112 -86.312859 0.7353 0.7353 0.7353
v 10.308710 1096.329468 -87.009491 0.7353 0.7353 0.7353
v 10.308733 1096.134399 -87.028481 0.7353 0.7353 0.7353
v 10.309602 1088.728516 -87.774216 0.7353 0.7353 0.7353
v 10.309626 1088.533081 -87.794556 0.7353 0.7353 0.7353
v 10.310126 1084.309570 -88.242752 0.7353 0.7353 0.7353
v 10.310505 1081.133301 -88.590614 0.7353 0.7353 0.7353
v 10.310528 1080.937988 -88.612312 0.7353 0.7353 0.7353
v 10.311401 1073.543213 -89.460136 0.7353 0.7353 0.7353
v 10.311424 1073.348145 -89.483200 0.7353 0.7353 0.7353
v 10.311908 1069.256714 -89.975632 0.7353 0.7353 0.7353
v 10.311929 1069.083130 -89.996880 0.7353 0.7353 0.7353
v 10.311952 1068.887451 -90.020874 0.7353 0.7353 0.7353
v 10.312461 1064.623901 -90.553032 0.7353 0.7353 0.7353
v 10.312485 1064.429077 -90.577766 0.7353 0.7353 0.7353
v 10.313360 1056.988037 -91.551476 0.7353 0.7353 0.7353
v 10.313382 1056.793945 -91.577629 0.7353 0.7353 0.7353
v 10.314257 1049.360474 -92.607925 0.7353 0.7353 0.7353
v 10.314279 1049.166626 -92.635559 0.7353 0.7353 0.7353
v 10.315145 1041.741333 -93.723305 0.7353 0.7353 0.7353
v 10.315166 1041.546875 -93.752563 0.7353 0.7353 0.7353
v 10.315305 1040.357056 -93.932472 0.7353 0.7353 0.7353
v 10.316019 1034.131226 -94.898407 0.7353 0.7353 0.7353
v 10.316040 1033.937744 -94.929092 0.7353 0.7353 0.7353
v 10.316875 1026.530640 -96.134125 0.7353 0.7353 0.7353
v 10.316895 1026.337524 -96.166321 0.7353 0.7353 0.7353
v 10.317713 1018.940308 -97.431175 0.7353 0.7353 0.7353
v 10.317734 1018.746948 -97.465065 0.7353 0.7353 0.7353
v 10.317956 1016.712097 -97.824097 0.7353 0.7353 0.7353
v 10.318531 1011.361389 -98.790390 0.7353 0.7353 0.7353
v 10.318551 1011.168701 -98.825783 0.7353 0.7353 0.7353
v 10.319331 1003.638184 -100.242569 0.7353 0.7353 0.7353
v 10.319350 1003.445312 -100.279709 0.7353 0.7353 0.7353
v 10.319475 1002.228882 -100.514954 0.7353 0.7353 0.7353
v 10.320110 995.928284 -101.761124 0.7353 0.7353 0.7353
v 10.320129 995.736572 -101.799797 0.7353 0.7353 0.7353
v 10.320852 988.231445 -103.347092 0.7353 0.7353 0.7353
v 10.320870 988.040161 -103.387398 0.7353 0.7353 0.7353
v 10.321557 980.549377 -105.001114 0.7353 0.7353 0.7353
v 10.321573 980.357910 -105.043274 0.7353 0.7353 0.7353
v 10.321811 977.671875 -105.639259 0.7353 0.7353 0.7353
v 10.322224 972.882874 -106.724037 0.7353 0.7353 0.7353
v 10.322240 972.692078 -106.767860 0.7353 0.7353 0.7353
v 10.322854 965.231812 -108.516830 0.7353 0.7353 0.7353
v 10.322869 965.040955 -108.562500 0.7353 0.7353 0.7353
v 10.322992 963.450256 -108.944962 0.7353 0.7353 0.7353
v 10.323362 958.472534 -110.165924 0.7353 0.7353 0.7353
v 28.999880 1453.994019 -80.480125 0.7353 0.7353 0.7353
v 27.047197 1454.014160 -80.480125 0.7353 0.7353 0.7353
v 29.010185 1454.902588 -80.480202 0.7353 0.7353 0.7353
v 29.009132 1454.807251 -80.480194 0.7353 0.7353 0.7353
v 28.986967 1450.875488 -80.480011 0.7353 0.7353 0.7353
v 28.986757 1450.700562 -80.480003 0.7353 0.7353 0.7353
v 28.986584 1450.507080 -80.479988 0.7353 0.7353 0.7353
v 28.992447 1446.279053 -80.479805 0.7353 0.7353 0.7353
v 28.992907 1446.082764 -80.479790 0.7353 0.7353 0.7353
v 29.000044 1441.804932 -80.479614 0.7353 0.7353 0.7353
v 29.000153 1441.608398 -80.479599 0.7353 0.7353 0.7353
v 28.998657 1437.313965 -80.479424 0.7353 0.7353 0.7353
v 28.998545 1437.116089 -80.479408 0.7353 0.7353 0.7353
v 28.997169 1432.815308 -80.479233 0.7353 0.7353 0.7353
v 28.997124 1432.617310 -80.479218 0.7353 0.7353 0.7353
v 28.996973 1432.014404 -80.479195 0.7353 0.7353 0.7353
v 28.994772 1425.022583 -80.478920 0.7353 0.7353 0.7353
v 28.994709 1424.824707 -80.478920 0.7353 0.7353 0.7353
v 28.992504 1417.229980 -80.478630 0.7353 0.7353 0.7353
v 28.992449 1417.032227 -80.478630 0.7353 0.7353 0.7353
v 28.990376 1409.437378 -80.478355 0.7353 0.7353 0.7353
v 28.990324 1409.239624 -80.478355 0.7353 0.7353 0.7353
v 28.989922 1407.711060 -80.478302 0.7353 0.7353 0.7353
v 28.988382 1401.644775 -80.478104 0.7353 0.7353 0.7353
v 28.988335 1401.447021 -80.478104 0.7353 0.7353 0.7353
v 28.986521 1393.852051 -80.477875 0.7353 0.7353 0.7353
v 28.986477 1393.654297 -80.477875 0.7353 0.7353 0.7353
v 28.984789 1386.059326 -80.477661 0.7353 0.7353 0.7353
v 28.984747 1385.861572 -80.477661 0.7353 0.7353 0.7353
v 28.984198 1383.253418 -80.477592 0.7353 0.7353 0.7353
v 28.983183 1378.266602 -80.477478 0.7353 0.7353 0.7353
v 28.983145 1378.068848 -80.477478 0.7353 0.7353 0.7353
v 28.981699 1370.473877 -80.477310 0.7353 0.7353 0.7353
v 28.981663 1370.276001 -80.477310 0.7353 0.7353 0.7353
v 28.981361 1368.607300 -80.477272 0.7353 0.7353 0.7353
v 28.980335 1362.681396 -80.477165 0.7353 0.7353 0.7353
v 28.980303 1362.483643 -80.477165 0.7353 0.7353 0.7353
v 28.979088 1354.888672 -80.477036 0.7353 0.7353 0.7353
v 28.979057 1354.690918 -80.477036 0.7353 0.7353 0.7353
v 28.977955 1347.095947 -80.476936 0.7353 0.7353 0.7353
v 28.977926 1346.898193 -80.476936 0.7353 0.7353 0.7353
v 28.977362 1342.692261 -80.476891 0.7353 0.7353 0.7353
v 28.976931 1339.303345 -80.476868 0.7353 0.7353 0.7353
v 28.976906 1339.105591 -80.476868 0.7353 0.7353 0.7353
v 28.976013 1331.510864 -80.476822 0.7353 0.7353 0.7353
v 28.975992 1331.313110 -80.476822 0.7353 0.7353 0.7353
v 28.975645 1328.099121 -80.476784 0.7353 0.7353 0.7353
v 28.975201 1323.718140 -80.476807 0.7353 0.7353 0.7353
v 28.975182 1323.520386 -80.476807 0.7353 0.7353 0.7353
v 28.974489 1315.925415 -80.476822 0.7353 0.7353 0.7353
v 28.974472 1315.727539 -80.476807 0.7353 0.7353 0.7353
v 28.973907 1308.568481 -80.474808 0.7353 0.7353 0.7353
v 28.973894 1308.370728 -80.474716 0.7353 0.7353 0.7353
v 28.973410 1301.211792 -80.469711 0.7353 0.7353 0.7353
v 28.973398 1301.013916 -80.469543 0.7353 0.7353 0.7353
v 28.973341 1300.082764 -80.468750 0.7353 0.7353 0.7353
v 28.972996 1293.854736 -80.463089 0.7353 0.7353 0.7353
v 28.972984 1293.656982 -80.462906 0.7353 0.7353 0.7353
v 28.972660 1286.498169 -80.456566 0.7353 0.7353 0.7353
v 28.972652 1286.300415 -80.456406 0.7353 0.7353 0.7353
v 28.972569 1284.129639 -80.454735 0.7353 0.7353 0.7353
v 28.972401 1279.141602 -80.451675 0.7353 0.7353 0.7353
v 28.972395 1278.943970 -80.451584 0.7353 0.7353 0.7353
v 28.972216 1271.785278 -80.450058 0.7353 0.7353 0.7353
v 28.972212 1271.587646 -80.450073 0.7353 0.7353 0.7353
v 28.972103 1264.428955 -80.453285 0.7353 0.7353 0.7353
v 28.972101 1264.231323 -80.453453 0.7353 0.7353 0.7353
v 28.972057 1257.072632 -80.462936 0.7353 0.7353 0.7353
v 28.972057 1256.875000 -80.463303 0.7353 0.7353 0.7353
v 28.972057 1254.703613 -80.467674 0.7353 0.7353 0.7353
v 28.972080 1249.716553 -80.480621 0.7353 0.7353 0.7353
v 28.972082 1249.519043 -80.481224 0.7353 0.7353 0.7353
v 28.972166 1242.360596 -80.507912 0.7353 0.7353 0.7353
v 28.972170 1242.163208 -80.508781 0.7353 0.7353 0.7353
v 28.972313 1235.004883 -80.546394 0.7353 0.7353 0.7353
v 28.972317 1234.807495 -80.547630 0.7353 0.7353 0.7353
v 28.972431 1230.509888 -80.578125 0.7353 0.7353 0.7353
v 28.972437 1230.312500 -80.579720 0.7353 0.7353 0.7353
v 28.972481 1228.868774 -80.591942 0.7353 0.7353 0.7353
v 28.972572 1226.015137 -80.619049 0.7353 0.7353 0.7353
v 28.972578 1225.818115 -80.621063 0.7353 0.7353 0.7353
v 28.972857 1218.374512 -80.710579 0.7353 0.7353 0.7353
v 28.972864 1218.177612 -80.713310 0.7353 0.7353 0.7353
v 28.973167 1211.380127 -80.819595 0.7353 0.7353 0.7353
v 28.973198 1210.734985 -80.830902 0.7353 0.7353 0.7353
v 28.973207 1210.537842 -80.834404 0.7353 0.7353 0.7353
v 28.973595 1203.095215 -80.981377 0.7353 0.7353 0.7353
v 28.973606 1202.898560 -80.985664 0.7353 0.7353 0.7353
v 28.974041 1195.456909 -81.163330 0.7353 0.7353 0.7353
v 28.974052 1195.260132 -81.168442 0.7353 0.7353 0.7353
v 28.974535 1187.819336 -81.378120 0.7353 0.7353 0.7353
v 28.974548 1187.622192 -81.384117 0.7353 0.7353 0.7353
v 28.974567 1187.343140 -81.392639 0.7353 0.7353 0.7353
v 28.975075 1180.182861 -81.627106 0.7353 0.7353 0.7353
v 28.975090 1179.986206 -81.633987 0.7353 0.7353 0.7353
v 28.975657 1172.547852 -81.911636 0.7353 0.7353 0.7353
v 28.975672 1172.351318 -81.919441 0.7353 0.7353 0.7353
v 28.976278 1164.914185 -82.233055 0.7353 0.7353 0.7353
v 28.976295 1164.717163 -82.241852 0.7353 0.7353 0.7353
v 28.976381 1163.685791 -82.288330 0.7353 0.7353 0.7353
v 28.976936 1157.282471 -82.592743 0.7353 0.7353 0.7353
v 28.976954 1157.086182 -82.602516 0.7353 0.7353 0.7353
v 28.977627 1149.652710 -82.992020 0.7353 0.7353 0.7353
v 28.977644 1149.455933 -83.002846 0.7353 0.7353 0.7353
v 28.977711 1148.743164 -83.042320 0.7353 0.7353 0.7353
v 28.978348 1142.025513 -83.432243 0.7353 0.7353 0.7353
v 28.978367 1141.829346 -83.444122 0.7353 0.7353 0.7353
v 28.979097 1134.400391 -83.914803 0.7353 0.7353 0.7353
v 28.979116 1134.204590 -83.927773 0.7353 0.7353 0.7353
v 28.979870 1126.778809 -84.441010 0.7353 0.7353 0.7353
v 28.979891 1126.582520 -84.455154 0.7353 0.7353 0.7353
v 28.980112 1124.448120 -84.610901 0.7353 0.7353 0.7353
v 28.980665 1119.160767 -85.012222 0.7353 0.7353 0.7353
v 28.980686 1118.964844 -85.027519 0.7353 0.7353 0.7353
v 28.981480 1111.545898 -85.629837 0.7353 0.7353 0.7353
v 28.981501 1111.349854 -85.646362 0.7353 0.7353 0.7353
v 28.981674 1109.749512 -85.782486 0.7353 0.7353 0.7353
v 28.982309 1103.935425 -86.295143 0.7353 0.7353 0.7353
v 28.982332 1103.739868 -86.312874 0.7353 0.7353 0.7353
v 28.983152 1096.329224 -87.009506 0.7353 0.7353 0.7353
v 28.983175 1096.134155 -87.028503 0.7353 0.7353 0.7353
v 28.984005 1088.728271 -87.774246 0.7353 0.7353 0.7353
v 28.984028 1088.532837 -87.794586 0.7353 0.7353 0.7353
v 28.984505 1084.309326 -88.242783 0.7353 0.7353 0.7353
v 28.984865 1081.133057 -88.590645 0.7353 0.7353 0.7353
v 28.984888 1080.937744 -88.612343 0.7353 0.7353 0.7353
v 28.985729 1073.542969 -89.460167 0.7353 0.7353 0.7353
v 28.985752 1073.347900 -89.483231 0.7353 0.7353 0.7353
v 28.986217 1069.256470 -89.975662 0.7353 0.7353 0.7353
v 28.986238 1069.082886 -89.996910 0.7353 0.7353 0.7353
v 28.986261 1068.887207 -90.020905 0.7353 0.7353 0.7353
v 28.986746 1064.623657 -90.553062 0.7353 0.7353 0.7353
v 28.986769 1064.428833 -90.577797 0.7353 0.7353 0.7353
v 28.987616 1056.987793 -91.551506 0.7353 0.7353 0.7353
v 28.987638 1056.793701 -91.577660 0.7353 0.7353 0.7353
v 28.988482 1049.360229 -92.607956 0.7353 0.7353 0.7353
v 28.988503 1049.166382 -92.635590 0.7353 0.7353 0.7353
v 28.989336 1041.741089 -93.723335 0.7353 0.7353 0.7353
v 28.989359 1041.546631 -93.752594 0.7353 0.7353 0.7353
v 28.989492 1040.356812 -93.932503 0.7353 0.7353 0.7353
v 28.990181 1034.130981 -94.898445 0.7353 0.7353 0.7353
v 28.990204 1033.937500 -94.929123 0.7353 0.7353 0.7353
v 28.991013 1026.530396 -96.134155 0.7353 0.7353 0.7353
v 28.991034 1026.337280 -96.166351 0.7353 0.7353 0.7353
v 28.991825 1018.940063 -97.431206 0.7353 0.7353 0.7353
v 28.991846 1018.746704 -97.465096 0.7353 0.7353 0.7353
v 28.992062 1016.711853 -97.824127 0.7353 0.7353 0.7353
v 28.992619 1011.361145 -98.790421 0.7353 0.7353 0.7353
v 28.992640 1011.168457 -98.825813 0.7353 0.7353 0.7353
v 28.993404 1003.637939 -100.242599 0.7353 0.7353 0.7353
v 28.993423 1003.445068 -100.279739 0.7353 0.7353 0.7353
v 28.993546 1002.228638 -100.514992 0.7353 0.7353 0.7353
v 28.994164 995.928101 -101.761162 0.7353 0.7353 0.7353
v 28.994181 995.736389 -101.799828 0.7353 0.7353 0.7353
v 28.994890 988.231323 -103.347122 0.7353 0.7353 0.7353
v 28.994907 988.040039 -103.387428 0.7353 0.7353 0.7353
v 28.995584 980.549255 -105.001144 0.7353 0.7353 0.7353
v 28.995602 980.357788 -105.043304 0.7353 0.7353 0.7353
v 28.995834 977.671753 -105.639290 0.7353 0.7353 0.7353
v 28.996241 972.882751 -106.724068 0.7353 0.7353 0.7353
v 28.996256 972.691956 -106.767891 0.7353 0.7353 0.7353
v 28.996857 965.231689 -108.516861 0.7353 0.7353 0.7353
v 28.996872 965.040833 -108.562531 0.7353 0.7353 0.7353
v 28.996994 963.450134 -108.944992 0.7353 0.7353 0.7353
v 28.997364 958.472534 -110.165924 0.7353 0.7353 0.7353
v 27.044006 958.472534 -110.165924 0.7353 0.7353 0.7353
v 24.093618 1454.044922 -80.480125 0.7353 0.7353 0.7353
v 24.090578 958.472534 -110.165924 0.7353 0.7353 0.7353
v 21.140059 1454.075562 -80.480125 0.7353 0.7353 0.7353
v 21.137150 958.472534 -110.165924 0.7353 0.7353 0.7353
v 18.186460 1454.106201 -80.480125 0.7353 0.7353 0.7353
v 18.183720 958.472534 -110.165924 0.7353 0.7353 0.7353
v 15.232881 1454.136963 -80.480133 0.7353 0.7353 0.7353
v 15.230291 958.472534 -110.165924 0.7353 0.7353 0.7353
v 12.279323 1454.167603 -80.480133 0.7353 0.7353 0.7353
v 12.276863 958.472534 -110.165924 0.7353 0.7353 0.7353
v -28.996866 1454.596436 -80.480141 0.7353 0.7353 0.7353
v -28.986841 1455.489990 -80.480202 0.7353 0.7353 0.7353
v -28.987963 1455.387207 -80.480194 0.7353 0.7353 0.7353
v -29.012686 1451.074707 -80.480011 0.7353 0.7353 0.7353
v -29.012924 1450.893799 -80.480003 0.7353 0.7353 0.7353
v -29.013134 1450.691650 -80.479988 0.7353 0.7353 0.7353
v -29.007544 1446.324707 -80.479805 0.7353 0.7353 0.7353
v -29.007086 1446.125366 -80.479790 0.7353 0.7353 0.7353
v -28.999956 1441.807495 -80.479614 0.7353 0.7353 0.7353
v -28.999847 1441.608276 -80.479599 0.7353 0.7353 0.7353
v -29.001343 1437.307129 -80.479424 0.7353 0.7353 0.7353
v -29.001455 1437.109375 -80.479408 0.7353 0.7353 0.7353
v -29.002831 1432.814697 -80.479233 0.7353 0.7353 0.7353
v -29.002876 1432.616943 -80.479218 0.7353 0.7353 0.7353
v -29.003027 1432.014526 -80.479195 0.7353 0.7353 0.7353
v -29.005228 1425.021851 -80.478920 0.7353 0.7353 0.7353
v -29.005291 1424.824219 -80.478920 0.7353 0.7353 0.7353
v -29.007496 1417.229492 -80.478630 0.7353 0.7353 0.7353
v -29.007551 1417.031738 -80.478630 0.7353 0.7353 0.7353
v -29.009624 1409.436890 -80.478355 0.7353 0.7353 0.7353
v -29.009676 1409.239136 -80.478355 0.7353 0.7353 0.7353
v -29.010078 1407.710571 -80.478302 0.7353 0.7353 0.7353
v -29.011618 1401.644287 -80.478104 0.7353 0.7353 0.7353
v -29.011665 1401.446533 -80.478104 0.7353 0.7353 0.7353
v -29.013479 1393.851562 -80.477875 0.7353 0.7353 0.7353
v -29.013523 1393.653809 -80.477875 0.7353 0.7353 0.7353
v -29.015211 1386.058838 -80.477661 0.7353 0.7353 0.7353
v -29.015253 1385.861084 -80.477661 0.7353 0.7353 0.7353
v -29.015802 1383.252930 -80.477592 0.7353 0.7353 0.7353
v -29.016817 1378.266113 -80.477478 0.7353 0.7353 0.7353
v -29.016855 1378.068359 -80.477478 0.7353 0.7353 0.7353
v -29.018301 1370.473389 -80.477310 0.7353 0.7353 0.7353
v -29.018337 1370.275757 -80.477310 0.7353 0.7353 0.7353
v -29.018639 1368.607056 -80.477272 0.7353 0.7353 0.7353
v -29.019665 1362.681152 -80.477165 0.7353 0.7353 0.7353
v -29.019697 1362.483398 -80.477165 0.7353 0.7353 0.7353
v -29.020912 1354.888428 -80.477036 0.7353 0.7353 0.7353
v -29.020943 1354.690674 -80.477036 0.7353 0.7353 0.7353
v -29.022045 1347.095703 -80.476936 0.7353 0.7353 0.7353
v -29.022074 1346.897949 -80.476936 0.7353 0.7353 0.7353
v -29.022638 1342.692017 -80.476891 0.7353 0.7353 0.7353
v -29.023069 1339.303101 -80.476868 0.7353 0.7353 0.7353
v -29.023094 1339.105347 -80.476868 0.7353 0.7353 0.7353
v -29.023987 1331.510620 -80.476822 0.7353 0.7353 0.7353
v -29.024008 1331.312866 -80.476822 0.7353 0.7353 0.7353
v -29.024355 1328.098877 -80.476784 0.7353 0.7353 0.7353
v -29.024799 1323.717896 -80.476807 0.7353 0.7353 0.7353
v -29.024818 1323.520142 -80.476807 0.7353 0.7353 0.7353
v -29.025511 1315.925171 -80.476822 0.7353 0.7353 0.7353
v -29.025528 1315.727295 -80.476807 0.7353 0.7353 0.7353
v -29.026093 1308.568237 -80.474808 0.7353 0.7353 0.7353
v -29.026106 1308.370483 -80.474716 0.7353 0.7353 0.7353
v -29.026590 1301.211548 -80.469711 0.7353 0.7353 0.7353
v -29.026602 1301.013916 -80.469543 0.7353 0.7353 0.7353
v -29.026659 1300.082764 -80.468750 0.7353 0.7353 0.7353
v -29.027004 1293.854736 -80.463089 0.7353 0.7353 0.7353
v -29.027016 1293.656982 -80.462906 0.7353 0.7353 0.7353
v -29.027340 1286.498169 -80.456566 0.7353 0.7353 0.7353
v -29.027348 1286.300415 -80.456406 0.7353 0.7353 0.7353
v -29.027431 1284.129639 -80.454735 0.7353 0.7353 0.7353
v -29.027599 1279.141602 -80.451675 0.7353 0.7353 0.7353
v -29.027605 1278.943970 -80.451584 0.7353 0.7353 0.7353
v -29.027784 1271.785278 -80.450058 0.7353 0.7353 0.7353
v -29.027788 1271.587646 -80.450073 0.7353 0.7353 0.7353
v -29.027897 1264.428955 -80.453285 0.7353 0.7353 0.7353
v -29.027899 1264.231323 -80.453453 0.7353 0.7353 0.7353
v -29.027943 1257.072632 -80.462936 0.7353 0.7353 0.7353
v -29.027943 1256.875000 -80.463303 0.7353 0.7353 0.7353
v -29.027943 1254.703613 -80.467674 0.7353 0.7353 0.7353
v -29.027920 1249.716553 -80.480621 0.7353 0.7353 0.7353
v -29.027918 1249.519043 -80.481224 0.7353 0.7353 0.7353
v -29.027834 1242.360596 -80.507912 0.7353 0.7353 0.7353
v -29.027830 1242.163208 -80.508781 0.7353 0.7353 0.7353
v -29.027687 1235.004883 -80.546394 0.7353 0.7353 0.7353
v -29.027683 1234.807495 -80.547630 0.7353 0.7353 0.7353
v -29.027569 1230.509888 -80.578125 0.7353 0.7353 0.7353
v -29.027563 1230.312500 -80.579720 0.7353 0.7353 0.7353
v -29.027519 1228.868774 -80.591942 0.7353 0.7353 0.7353
v -29.027428 1226.015137 -80.619049 0.7353 0.7353 0.7353
v -29.027422 1225.818115 -80.621063 0.7353 0.7353 0.7353
v -29.027143 1218.374512 -80.710579 0.7353 0.7353 0.7353
v -29.027136 1218.177612 -80.713310 0.7353 0.7353 0.7353
v -29.026833 1211.380127 -80.819595 0.7353 0.7353 0.7353
v -29.026802 1210.734985 -80.830902 0.7353 0.7353 0.7353
v -29.026793 1210.537842 -80.834404 0.7353 0.7353 0.7353
v -29.026405 1203.095215 -80.981377 0.7353 0.7353 0.7353
v -29.026394 1202.898560 -80.985664 0.7353 0.7353 0.7353
v -29.025959 1195.456909 -81.163330 0.7353 0.7353 0.7353
v -29.025948 1195.260376 -81.168442 0.7353 0.7353 0.7353
v -29.025465 1187.819580 -81.378120 0.7353 0.7353 0.7353
v -29.025452 1187.622437 -81.384117 0.7353 0.7353 0.7353
v -29.025433 1187.343384 -81.392639 0.7353 0.7353 0.7353
v -29.024925 1180.183105 -81.627106 0.7353 0.7353 0.7353
v -29.024910 1179.986450 -81.633987 0.7353 0.7353 0.7353
v -29.024343 1172.548096 -81.911636 0.7353 0.7353 0.7353
v -29.024328 1172.351562 -81.919441 0.7353 0.7353 0.7353
v -29.023722 1164.914429 -82.233055 0.7353 0.7353 0.7353
v -29.023705 1164.717407 -82.241852 0.7353 0.7353 0.7353
v -29.023619 1163.686035 -82.288315 0.7353 0.7353 0.7353
v -29.023064 1157.282715 -82.592728 0.7353 0.7353 0.7353
v -29.023046 1157.086426 -82.602501 0.7353 0.7353 0.7353
v -29.022373 1149.652954 -82.992004 0.7353 0.7353 0.7353
v -29.022356 1149.456177 -83.002831 0.7353 0.7353 0.7353
v -29.022289 1148.743408 -83.042305 0.7353 0.7353 0.7353
v -29.021652 1142.025757 -83.432228 0.7353 0.7353 0.7353
v -29.021633 1141.829590 -83.444107 0.7353 0.7353 0.7353
v -29.020903 1134.400635 -83.914787 0.7353 0.7353 0.7353
v -29.020884 1134.204834 -83.927757 0.7353 0.7353 0.7353
v -29.020130 1126.779053 -84.440994 0.7353 0.7353 0.7353
v -29.020109 1126.582764 -84.455139 0.7353 0.7353 0.7353
v -29.019888 1124.448364 -84.610886 0.7353 0.7353 0.7353
v -29.019335 1119.161011 -85.012207 0.7353 0.7353 0.7353
v -29.019314 1118.965088 -85.027504 0.7353 0.7353 0.7353
v -29.018520 1111.546143 -85.629822 0.7353 0.7353 0.7353
v -29.018499 1111.350098 -85.646347 0.7353 0.7353 0.7353
v -29.018326 1109.749756 -85.782471 0.7353 0.7353 0.7353
v -29.017691 1103.935669 -86.295128 0.7353 0.7353 0.7353
v -29.017668 1103.740112 -86.312859 0.7353 0.7353 0.7353
v -29.016848 1096.329468 -87.009491 0.7353 0.7353 0.7353
v -29.016825 1096.134399 -87.028488 0.7353 0.7353 0.7353
v -29.015995 1088.728516 -87.774216 0.7353 0.7353 0.7353
v -29.015972 1088.533081 -87.794556 0.7353 0.7353 0.7353
v -29.015495 1084.309570 -88.242752 0.7353 0.7353 0.7353
v -29.015135 1081.133301 -88.590614 0.7353 0.7353 0.7353
v -29.015112 1080.937988 -88.612312 0.7353 0.7353 0.7353
v -29.014271 1073.543213 -89.460136 0.7353 0.7353 0.7353
v -29.014248 1073.348145 -89.483200 0.7353 0.7353 0.7353
v -29.013783 1069.256714 -89.975632 0.7353 0.7353 0.7353
v -29.013762 1069.083130 -89.996880 0.7353 0.7353 0.7353
v -29.013739 1068.887451 -90.020874 0.7353 0.7353 0.7353
v -29.013254 1064.623901 -90.553032 0.7353 0.7353 0.7353
v -29.013231 1064.429077 -90.577766 0.7353 0.7353 0.7353
v -29.012384 1056.988037 -91.551476 0.7353 0.7353 0.7353
v -29.012362 1056.793945 -91.577629 0.7353 0.7353 0.7353
v -29.011518 1049.360474 -92.607925 0.7353 0.7353 0.7353
v -29.011497 1049.166626 -92.635559 0.7353 0.7353 0.7353
v -29.010664 1041.741333 -93.723305 0.7353 0.7353 0.7353
v -29.010641 1041.546875 -93.752563 0.7353 0.7353 0.7353
v -29.010508 1040.357056 -93.932472 0.7353 0.7353 0.7353
v -29.009819 1034.131226 -94.898407 0.7353 0.7353 0.7353
v -29.009796 1033.937744 -94.929092 0.7353 0.7353 0.7353
v -29.008987 1026.530640 -96.134125 0.7353 0.7353 0.7353
v -29.008966 1026.337524 -96.166321 0.7353 0.7353 0.7353
v -29.008175 1018.940308 -97.431175 0.7353 0.7353 0.7353
v -29.008154 1018.746948 -97.465065 0.7353 0.7353 0.7353
v -29.007938 1016.712097 -97.824097 0.7353 0.7353 0.7353
v -29.007381 1011.361389 -98.790390 0.7353 0.7353 0.7353
v -29.007360 1011.168701 -98.825783 0.7353 0.7353 0.7353
v -29.006596 1003.638184 -100.242569 0.7353 0.7353 0.7353
v -29.006577 1003.445312 -100.279709 0.7353 0.7353 0.7353
v -29.006454 1002.228882 -100.514961 0.7353 0.7353 0.7353
v -29.005836 995.928223 -101.761131 0.7353 0.7353 0.7353
v -29.005819 995.736511 -101.799797 0.7353 0.7353 0.7353
v -29.005110 988.231445 -103.347092 0.7353 0.7353 0.7353
v -29.005093 988.040161 -103.387398 0.7353 0.7353 0.7353
v -29.004416 980.549377 -105.001114 0.7353 0.7353 0.7353
v -29.004398 980.357910 -105.043274 0.7353 0.7353 0.7353
v -29.004166 977.671875 -105.639259 0.7353 0.7353 0.7353
v -29.003759 972.882874 -106.724037 0.7353 0.7353 0.7353
v -29.003744 972.692078 -106.767860 0.7353 0.7353 0.7353
v -29.003143 965.231812 -108.516830 0.7353 0.7353 0.7353
v -29.003128 965.040955 -108.562500 0.7353 0.7353 0.7353
v -29.003006 963.450256 -108.944962 0.7353 0.7353 0.7353
v -29.002636 958.472534 -110.165924 0.7353 0.7353 0.7353
v -10.382161 1454.403076 -80.480133 0.7353 0.7353 0.7353
v -12.326298 1454.423218 -80.480133 0.7353 0.7353 0.7353
v -10.372044 1455.302612 -80.480202 0.7353 0.7353 0.7353
v -10.373182 1455.198853 -80.480194 0.7353 0.7353 0.7353
v -10.397058 1451.010986 -80.480011 0.7353 0.7353 0.7353
v -10.397291 1450.828979 -80.480003 0.7353 0.7353 0.7353
v -10.397490 1450.628174 -80.479988 0.7353 0.7353 0.7353
v -10.391809 1446.306641 -80.479805 0.7353 0.7353 0.7353
v -10.391350 1446.108154 -80.479790 0.7353 0.7353 0.7353
v -10.384226 1441.805176 -80.479614 0.7353 0.7353 0.7353
v -10.384116 1441.608154 -80.479599 0.7353 0.7353 0.7353
v -10.385612 1437.310181 -80.479424 0.7353 0.7353 0.7353
v -10.385727 1437.112305 -80.479408 0.7353 0.7353 0.7353
v -10.387102 1432.815186 -80.479233 0.7353 0.7353 0.7353
v -10.387151 1432.617432 -80.479218 0.7353 0.7353 0.7353
v -10.387302 1432.014893 -80.479195 0.7353 0.7353 0.7353
v -10.389512 1425.022583 -80.478920 0.7353 0.7353 0.7353
v -10.389575 1424.824707 -80.478920 0.7353 0.7353 0.7353
v -10.391791 1417.229980 -80.478630 0.7353 0.7353 0.7353
v -10.391846 1417.032227 -80.478630 0.7353 0.7353 0.7353
v -10.393933 1409.437378 -80.478355 0.7353 0.7353 0.7353
v -10.393986 1409.239624 -80.478355 0.7353 0.7353 0.7353
v -10.394391 1407.711060 -80.478302 0.7353 0.7353 0.7353
v -10.395939 1401.644775 -80.478104 0.7353 0.7353 0.7353
v -10.395988 1401.447021 -80.478104 0.7353 0.7353 0.7353
v -10.397819 1393.852051 -80.477875 0.7353 0.7353 0.7353
v -10.397864 1393.654297 -80.477875 0.7353 0.7353 0.7353
v -10.399570 1386.059326 -80.477661 0.7353 0.7353 0.7353
v -10.399611 1385.861572 -80.477661 0.7353 0.7353 0.7353
v -10.400168 1383.253418 -80.477592 0.7353 0.7353 0.7353
v -10.401194 1378.266602 -80.477478 0.7353 0.7353 0.7353
v -10.401233 1378.068848 -80.477478 0.7353 0.7353 0.7353
v -10.402701 1370.473877 -80.477310 0.7353 0.7353 0.7353
v -10.402738 1370.276123 -80.477310 0.7353 0.7353 0.7353
v -10.403044 1368.607300 -80.477272 0.7353 0.7353 0.7353
v -10.404087 1362.681396 -80.477165 0.7353 0.7353 0.7353
v -10.404120 1362.483643 -80.477165 0.7353 0.7353 0.7353
v -10.405364 1354.888672 -80.477036 0.7353 0.7353 0.7353
v -10.405394 1354.690918 -80.477036 0.7353 0.7353 0.7353
v -10.406523 1347.095947 -80.476936 0.7353 0.7353 0.7353
v -10.406550 1346.898193 -80.476936 0.7353 0.7353 0.7353
v -10.407130 1342.692261 -80.476891 0.7353 0.7353 0.7353
v -10.407576 1339.303345 -80.476868 0.7353 0.7353 0.7353
v -10.407600 1339.105591 -80.476868 0.7353 0.7353 0.7353
v -10.408521 1331.510864 -80.476822 0.7353 0.7353 0.7353
v -10.408543 1331.313110 -80.476822 0.7353 0.7353 0.7353
v -10.408900 1328.099121 -80.476784 0.7353 0.7353 0.7353
v -10.409362 1323.718140 -80.476807 0.7353 0.7353 0.7353
v -10.409381 1323.520386 -80.476807 0.7353 0.7353 0.7353
v -10.410106 1315.925415 -80.476822 0.7353 0.7353 0.7353
v -10.410122 1315.727539 -80.476807 0.7353 0.7353 0.7353
v -10.410716 1308.568481 -80.474808 0.7353 0.7353 0.7353
v -10.410730 1308.370728 -80.474716 0.7353 0.7353 0.7353
v -10.411245 1301.211792 -80.469711 0.7353 0.7353 0.7353
v -10.411258 1301.014038 -80.469543 0.7353 0.7353 0.7353
v -10.411319 1300.082886 -80.468750 0.7353 0.7353 0.7353
v -10.411693 1293.854736 -80.463089 0.7353 0.7353 0.7353
v -10.411704 1293.656982 -80.462906 0.7353 0.7353 0.7353
v -10.412062 1286.498169 -80.456566 0.7353 0.7353 0.7353
v -10.412071 1286.300415 -80.456406 0.7353 0.7353 0.7353
v -10.412165 1284.129639 -80.454735 0.7353 0.7353 0.7353
v -10.412354 1279.141602 -80.451675 0.7353 0.7353 0.7353
v -10.412362 1278.943970 -80.451584 0.7353 0.7353 0.7353
v -10.412576 1271.785278 -80.450058 0.7353 0.7353 0.7353
v -10.412581 1271.587646 -80.450073 0.7353 0.7353 0.7353
v -10.412724 1264.428955 -80.453285 0.7353 0.7353 0.7353
v -10.412728 1264.231323 -80.453453 0.7353 0.7353 0.7353
v -10.412803 1257.072632 -80.462936 0.7353 0.7353 0.7353
v -10.412805 1256.875000 -80.463303 0.7353 0.7353 0.7353
v -10.412814 1254.703613 -80.467674 0.7353 0.7353 0.7353
v -10.412816 1249.716553 -80.480621 0.7353 0.7353 0.7353
v -10.412817 1249.519043 -80.481224 0.7353 0.7353 0.7353
v -10.412768 1242.360596 -80.507912 0.7353 0.7353 0.7353
v -10.412766 1242.163208 -80.508781 0.7353 0.7353 0.7353
v -10.412657 1235.004883 -80.546394 0.7353 0.7353 0.7353
v -10.412654 1234.807495 -80.547630 0.7353 0.7353 0.7353
v -10.412563 1230.509888 -80.578125 0.7353 0.7353 0.7353
v -10.412560 1230.312500 -80.579720 0.7353 0.7353 0.7353
v -10.412522 1228.868774 -80.591942 0.7353 0.7353 0.7353
v -10.412445 1226.015137 -80.619049 0.7353 0.7353 0.7353
v -10.412439 1225.818115 -80.621063 0.7353 0.7353 0.7353
v -10.412195 1218.374512 -80.710579 0.7353 0.7353 0.7353
v -10.412189 1218.177612 -80.713310 0.7353 0.7353 0.7353
v -10.411922 1211.380127 -80.819595 0.7353 0.7353 0.7353
v -10.411893 1210.734985 -80.830902 0.7353 0.7353 0.7353
v -10.411885 1210.537842 -80.834404 0.7353 0.7353 0.7353
v -10.411536 1203.095215 -80.981377 0.7353 0.7353 0.7353
v -10.411528 1202.898560 -80.985664 0.7353 0.7353 0.7353
v -10.411129 1195.456909 -81.163330 0.7353 0.7353 0.7353
v -10.411119 1195.260254 -81.168442 0.7353 0.7353 0.7353
v -10.410674 1187.819458 -81.378120 0.7353 0.7353 0.7353
v -10.410663 1187.622192 -81.384117 0.7353 0.7353 0.7353
v -10.410645 1187.343140 -81.392639 0.7353 0.7353 0.7353
v -10.410173 1180.182861 -81.627106 0.7353 0.7353 0.7353
v -10.410161 1179.986206 -81.633987 0.7353 0.7353 0.7353
v -10.409631 1172.547852 -81.911636 0.7353 0.7353 0.7353
v -10.409617 1172.351318 -81.919441 0.7353 0.7353 0.7353
v -10.409045 1164.914185 -82.233055 0.7353 0.7353 0.7353
v -10.409031 1164.717163 -82.241852 0.7353 0.7353 0.7353
v -10.408949 1163.685791 -82.288322 0.7353 0.7353 0.7353
v -10.408427 1157.282471 -82.592743 0.7353 0.7353 0.7353
v -10.408412 1157.086182 -82.602516 0.7353 0.7353 0.7353
v -10.407772 1149.652710 -82.992020 0.7353 0.7353 0.7353
v -10.407756 1149.455933 -83.002846 0.7353 0.7353 0.7353
v -10.407693 1148.743164 -83.042320 0.7353 0.7353 0.7353
v -10.407090 1142.025513 -83.432243 0.7353 0.7353 0.7353
v -10.407073 1141.829346 -83.444122 0.7353 0.7353 0.7353
v -10.406377 1134.400391 -83.914803 0.7353 0.7353 0.7353
v -10.406360 1134.204590 -83.927773 0.7353 0.7353 0.7353
v -10.405640 1126.778809 -84.441010 0.7353 0.7353 0.7353
v -10.405621 1126.582520 -84.455154 0.7353 0.7353 0.7353
v -10.405409 1124.448120 -84.610901 0.7353 0.7353 0.7353
v -10.404880 1119.160767 -85.012222 0.7353 0.7353 0.7353
v -10.404860 1118.964844 -85.027519 0.7353 0.7353 0.7353
v -10.404099 1111.545898 -85.629837 0.7353 0.7353 0.7353
v -10.404078 1111.349854 -85.646362 0.7353 0.7353 0.7353
v -10.403913 1109.749512 -85.782486 0.7353 0.7353 0.7353
v -10.403302 1103.935425 -86.295143 0.7353 0.7353 0.7353
v -10.403281 1103.739868 -86.312874 0.7353 0.7353 0.7353
v -10.402493 1096.329224 -87.009506 0.7353 0.7353 0.7353
v -10.402472 1096.134155 -87.028503 0.7353 0.7353 0.7353
v -10.401672 1088.728271 -87.774239 0.7353 0.7353 0.7353
v -10.401651 1088.532837 -87.794579 0.7353 0.7353 0.7353
v -10.401190 1084.309326 -88.242783 0.7353 0.7353 0.7353
v -10.400842 1081.133057 -88.590645 0.7353 0.7353 0.7353
v -10.400820 1080.937744 -88.612343 0.7353 0.7353 0.7353
v -10.400010 1073.542969 -89.460167 0.7353 0.7353 0.7353
v -10.399988 1073.347900 -89.483231 0.7353 0.7353 0.7353
v -10.399535 1069.256470 -89.975662 0.7353 0.7353 0.7353
v -10.399516 1069.082886 -89.996910 0.7353 0.7353 0.7353
v -10.399493 1068.887207 -90.020905 0.7353 0.7353 0.7353
v -10.399021 1064.623657 -90.553062 0.7353 0.7353 0.7353
v -10.398999 1064.428833 -90.577797 0.7353 0.7353 0.7353
v -10.398179 1056.987793 -91.551506 0.7353 0.7353 0.7353
v -10.398156 1056.793701 -91.577660 0.7353 0.7353 0.7353
v -10.397341 1049.360229 -92.607956 0.7353 0.7353 0.7353
v -10.397319 1049.166382 -92.635590 0.7353 0.7353 0.7353
v -10.396510 1041.741089 -93.723335 0.7353 0.7353 0.7353
v -10.396488 1041.546631 -93.752594 0.7353 0.7353 0.7353
v -10.396358 1040.356812 -93.932503 0.7353 0.7353 0.7353
v -10.395686 1034.130981 -94.898438 0.7353 0.7353 0.7353
v -10.395665 1033.937500 -94.929123 0.7353 0.7353 0.7353
v -10.394877 1026.530396 -96.134155 0.7353 0.7353 0.7353
v -10.394856 1026.337280 -96.166351 0.7353 0.7353 0.7353
v -10.394085 1018.940063 -97.431206 0.7353 0.7353 0.7353
v -10.394065 1018.746704 -97.465096 0.7353 0.7353 0.7353
v -10.393854 1016.711853 -97.824127 0.7353 0.7353 0.7353
v -10.393308 1011.361145 -98.790421 0.7353 0.7353 0.7353
v -10.393288 1011.168457 -98.825813 0.7353 0.7353 0.7353
v -10.392540 1003.637939 -100.242599 0.7353 0.7353 0.7353
v -10.392521 1003.445068 -100.279739 0.7353 0.7353 0.7353
v -10.392403 1002.228638 -100.514992 0.7353 0.7353 0.7353
v -10.391798 995.928101 -101.761162 0.7353 0.7353 0.7353
v -10.391780 995.736389 -101.799828 0.7353 0.7353 0.7353
v -10.391082 988.231323 -103.347122 0.7353 0.7353 0.7353
v -10.391064 988.040039 -103.387428 0.7353 0.7353 0.7353
v -10.390395 980.549255 -105.001144 0.7353 0.7353 0.7353
v -10.390378 980.357788 -105.043304 0.7353 0.7353 0.7353
v -10.390148 977.671753 -105.639290 0.7353 0.7353 0.7353
v -10.389750 972.882751 -106.724068 0.7353 0.7353 0.7353
v -10.389733 972.691956 -106.767891 0.7353 0.7353 0.7353
v -10.389141 965.231689 -108.516861 0.7353 0.7353 0.7353
v -10.389126 965.040833 -108.562531 0.7353 0.7353 0.7353
v -10.389003 963.450134 -108.944992 0.7353 0.7353 0.7353
v -10.388634 958.472534 -110.165924 0.7353 0.7353 0.7353
v -12.333419 958.472534 -110.165924 0.7353 0.7353 0.7353
v -15.271245 1454.453735 -80.480133 0.7353 0.7353 0.7353
v -15.278276 958.472534 -110.165924 0.7353 0.7353 0.7353
v -18.216211 1454.484375 -80.480133 0.7353 0.7353 0.7353
v -18.223133 958.472534 -110.165924 0.7353 0.7353 0.7353
v -21.161139 1454.515015 -80.480133 0.7353 0.7353 0.7353
v -21.167992 958.472534 -110.165924 0.7353 0.7353 0.7353
v -24.106085 1454.545532 -80.480133 0.7353 0.7353 0.7353
v -24.112848 958.472534 -110.165924 0.7353 0.7353 0.7353
v -27.051031 1454.576172 -80.480133 0.7353 0.7353 0.7353
v -27.057707 958.472534 -110.165924 0.7353 0.7353 0.7353
vn -0.0000 -0.0000 -1.0000
vn -0.0001 -0.0000 -1.0000
vn -0.0001 -0.0001 -1.0000
vn -0.0000 -0.0001 -1.0000
vn -0.0000 -0.0009 -1.0000
vn -0.0000 -0.0006 -1.0000
vn -0.0000 0.0023 -1.0000
vn -0.0000 0.0021 -1.0000
vn -0.0000 0.0089 -1.0000
vn -0.0000 0.0174 -0.9998
vn -0.0000 0.0308 -0.9995
vn -0.0000 0.0455 -0.9990
vn -0.0000 0.0454 -0.9990
vn -0.0000 0.0556 -0.9985
vn -0.0000 0.0736 -0.9973
vn -0.0000 0.0737 -0.9973
vn -0.0000 0.0854 -0.9963
vn -0.0000 0.0855 -0.9963
vn -0.0000 0.1075 -0.9942
vn -0.0000 0.1215 -0.9926
vn -0.0000 0.1502 -0.9887
vn -0.0000 0.1501 -0.9887
vn -0.0000 0.1749 -0.9846
vn -0.0000 0.1906 -0.9817
vn -0.0000 0.2182 -0.9759
vn -0.0000 0.2348 -0.9720
vn -0.0000 0.2348 -0.9721
vn -0.0000 0.2649 -0.9643
vn -0.0000 0.2825 -0.9593
vn -0.0000 0.3157 -0.9488
vn -0.0000 0.3181 -0.9480
vn -0.0000 -1.0000 -0.0000
vn -0.0006 -1.0000 -0.0000
vn 0.0266 -0.9996 -0.0000
vn 0.1200 -0.9928 -0.0000
vn 0.2438 -0.9698 -0.0000
vn 0.3618 -0.9323 -0.0000
vn 0.4772 -0.8788 -0.0000
vn 0.5842 -0.8116 -0.0000
vn 0.6809 -0.7324 -0.0000
vn 0.7570 -0.6534 -0.0000
vn 0.8210 -0.5710 -0.0000
vn 0.8863 -0.4631 -0.0000
vn 0.9389 -0.3441 -0.0000
vn 0.9744 -0.2246 -0.0000
vn 0.9951 -0.0985 -0.0000
vn 0.9999 -0.0171 -0.0000
vn 1.0000 0.0001 -0.0000
vn 1.0000 -0.0003 -0.0000
vn 1.0000 -0.0002 -0.0000
vn 1.0000 -0.0001 -0.0000
vn 1.0000 -0.0000 -0.0000
vn -0.0000 1.0000 -0.0000
vn 0.0006 1.0000 -0.0000
vn -0.0257 0.9997 -0.0000
vn -0.1197 0.9928 -0.0000
vn -0.2443 0.9697 -0.0000
vn -0.3614 0.9324 -0.0000
vn -0.4764 0.8793 -0.0000
vn -0.5837 0.8120 -0.0000
vn -0.6806 0.7327 -0.0000
vn -0.7569 0.6536 -0.0000
vn -0.8210 0.5709 -0.0000
vn -0.8864 0.4630 -0.0000
vn -0.9388 0.3444 -0.0000
vn -0.9743 0.2253 -0.0000
vn -0.9952 0.0977 -0.0000
vn -0.9999 0.0159 -0.0000
vn -1.0000 -0.0001 -0.0000
vn -1.0000 0.0003 -0.0000
vn -1.0000 0.0002 -0.0000
vn -1.0000 0.0001 -0.0000
vn -1.0000 -0.0000 -0.0000
vn -0.3239 0.9163 0.2355
vn -0.5451 0.7902 -0.2802
vn -0.0000 -0.0000 -0.0000
vn 0.0101 0.9732 0.2297
vn -0.0226 0.9997 0.0014
vn -0.0584 0.9983 0.0069
vn -0.7553 -0.5344 0.3794
vn 0.3436 0.9091 0.2355
vn 0.2294 -0.0020 -0.9733
vn -0.2302 0.0019 -0.9732
vn 0.2295 -0.0008 -0.9733
vn -0.2300 0.0008 -0.9732
vn 0.2297 -0.0003 -0.9733
vn -0.2298 0.0002 -0.9732
vn 0.2295 -0.0000 -0.9733
vn -0.2299 -0.0001 -0.9732
vn 0.2297 0.0004 -0.9733
vn -0.2298 -0.0005 -0.9732
vn 0.2298 0.0004 -0.9732
vn -0.2297 -0.0005 -0.9733
vn 0.2299 0.0002 -0.9732
vn -0.2297 -0.0003 -0.9733
vn 0.2298 -0.0000 -0.9732
vn -0.2297 -0.0001 -0.9733
vn 0.2298 -0.0002 -0.9732
vn -0.2298 0.0001 -0.9732
vn -0.2298 -0.0000 -0.9732
vn 0.2298 -0.0001 -0.9732
vn -0.2297 -0.0000 -0.9733
vn 0.2297 -0.0001 -0.9732
vn -0.2297 -0.0000 -0.9732
vn 0.2297 -0.0000 -0.9732
vn 0.2297 -0.0001 -0.9733
vn 0.2297 -0.0002 -0.9733
vn -0.0000 -0.0002 -1.0000
vn -0.2298 -0.0002 -0.9732
vn 0.2297 -0.0004 -0.9733
vn -0.0000 -0.0004 -1.0000
vn 0.2297 -0.0006 -0.9733
vn 0.2297 -0.0008 -0.9733
vn -0.0000 -0.0008 -1.0000
vn -0.2298 -0.0007 -0.9732
vn 0.2297 -0.0009 -0.9733
vn -0.2298 -0.0008 -0.9732
vn 0.2298 -0.0009 -0.9732
vn -0.2298 -0.0009 -0.9732
vn -0.2297 -0.0008 -0.9733
vn 0.2297 -0.0007 -0.9732
vn -0.0000 -0.0007 -1.0000
vn 0.2297 -0.0005 -0.9733
vn -0.0000 -0.0005 -1.0000
vn -0.0000 -0.0003 -1.0000
vn 0.2297 0.0003 -0.9733
vn -0.0000 0.0003 -1.0000
vn -0.2297 0.0003 -0.9733
vn 0.2297 0.0006 -0.9733
vn -0.0000 0.0006 -1.0000
vn -0.0000 0.0007 -1.0000
vn -0.2297 0.0006 -0.9733
vn 0.2297 0.0011 -0.9733
vn -0.0000 0.0011 -1.0000
vn -0.2297 0.0011 -0.9733
vn 0.2298 0.0015 -0.9732
vn -0.0000 0.0016 -1.0000
vn -0.2298 0.0015 -0.9732
vn 0.2298 0.0019 -0.9732
vn -0.0000 0.0019 -1.0000
vn -0.2298 0.0019 -0.9732
vn 0.2298 0.0022 -0.9732
vn -0.2298 0.0022 -0.9732
vn 0.2298 0.0027 -0.9732
vn -0.0000 0.0028 -1.0000
vn -0.2298 0.0027 -0.9732
vn 0.2298 0.0033 -0.9732
vn -0.0000 0.0034 -1.0000
vn -0.2298 0.0033 -0.9732
vn 0.2298 0.0040 -0.9732
vn -0.0000 0.0041 -1.0000
vn -0.2298 0.0040 -0.9732
vn 0.2298 0.0047 -0.9732
vn -0.0000 0.0048 -1.0000
vn -0.2298 0.0047 -0.9732
vn 0.2297 0.0056 -0.9732
vn -0.0000 0.0058 -1.0000
vn -0.2297 0.0056 -0.9732
vn 0.2297 0.0065 -0.9732
vn -0.0000 0.0067 -1.0000
vn -0.2297 0.0065 -0.9732
vn 0.2298 0.0074 -0.9732
vn -0.0000 0.0076 -1.0000
vn -0.2298 0.0074 -0.9732
vn 0.2298 0.0081 -0.9732
vn -0.0000 0.0083 -1.0000
vn -0.2298 0.0080 -0.9732
vn 0.2298 0.0087 -0.9732
vn -0.0000 0.0090 -1.0000
vn -0.2298 0.0087 -0.9732
vn 0.2297 0.0096 -0.9732
vn -0.0000 0.0099 -1.0000
vn -0.2297 0.0096 -0.9732
vn 0.2298 0.0108 -0.9732
vn -0.0000 0.0111 -0.9999
vn -0.2298 0.0108 -0.9732
vn 0.2299 0.0126 -0.9731
vn -0.0000 0.0130 -0.9999
vn -0.0000 0.0129 -0.9999
vn -0.2299 0.0126 -0.9731
vn 0.2299 0.0144 -0.9731
vn -0.0000 0.0148 -0.9999
vn -0.0000 0.0147 -0.9999
vn -0.2299 0.0143 -0.9731
vn 0.2298 0.0161 -0.9731
vn -0.0000 0.0166 -0.9999
vn -0.2298 0.0161 -0.9731
vn 0.2297 0.0172 -0.9731
vn -0.0000 0.0176 -0.9998
vn -0.2297 0.0171 -0.9731
vn 0.2297 0.0182 -0.9731
vn -0.0000 0.0187 -0.9998
vn -0.2297 0.0182 -0.9731
vn 0.2299 0.0202 -0.9730
vn -0.0000 0.0208 -0.9998
vn -0.2299 0.0202 -0.9730
vn 0.2299 0.0222 -0.9730
vn -0.0000 0.0228 -0.9997
vn -0.2299 0.0222 -0.9730
vn 0.2298 0.0243 -0.9729
vn -0.0000 0.0249 -0.9997
vn -0.2297 0.0242 -0.9730
vn 0.2298 0.0264 -0.9729
vn -0.0000 0.0271 -0.9996
vn -0.2297 0.0263 -0.9729
vn 0.2298 0.0285 -0.9728
vn -0.0000 0.0293 -0.9996
vn -0.2299 0.0285 -0.9728
vn 0.2298 0.0297 -0.9728
vn -0.0000 0.0305 -0.9995
vn -0.2298 0.0296 -0.9728
vn 0.2298 0.0308 -0.9728
vn -0.0000 0.0316 -0.9995
vn -0.2297 0.0308 -0.9728
vn 0.2298 0.0330 -0.9727
vn -0.0000 0.0338 -0.9994
vn -0.2298 0.0329 -0.9727
vn 0.2298 0.0352 -0.9726
vn -0.0000 0.0361 -0.9993
vn -0.2298 0.0352 -0.9726
vn 0.2298 0.0375 -0.9725
vn -0.0000 0.0385 -0.9993
vn -0.2297 0.0374 -0.9725
vn 0.2298 0.0398 -0.9724
vn -0.0000 0.0409 -0.9992
vn -0.2297 0.0398 -0.9724
vn 0.2297 0.0422 -0.9723
vn -0.0000 0.0434 -0.9991
vn -0.2298 0.0422 -0.9723
vn 0.2297 0.0436 -0.9723
vn -0.0000 0.0448 -0.9990
vn -0.2298 0.0436 -0.9723
vn 0.2298 0.0450 -0.9722
vn -0.0000 0.0463 -0.9989
vn -0.0000 0.0462 -0.9989
vn -0.2298 0.0450 -0.9722
vn 0.2298 0.0473 -0.9721
vn -0.0000 0.0486 -0.9988
vn -0.2298 0.0473 -0.9721
vn 0.2298 0.0497 -0.9720
vn -0.0000 0.0510 -0.9987
vn -0.2298 0.0497 -0.9720
vn 0.2298 0.0522 -0.9718
vn -0.0000 0.0536 -0.9986
vn -0.2297 0.0522 -0.9719
vn 0.2298 0.0537 -0.9718
vn -0.0000 0.0551 -0.9985
vn -0.2297 0.0536 -0.9718
vn 0.2298 0.0551 -0.9717
vn -0.0000 0.0566 -0.9984
vn -0.2298 0.0551 -0.9717
vn 0.2298 0.0576 -0.9715
vn -0.0000 0.0592 -0.9982
vn -0.2299 0.0576 -0.9715
vn 0.2298 0.0602 -0.9714
vn -0.0000 0.0618 -0.9981
vn -0.2299 0.0601 -0.9714
vn 0.2297 0.0630 -0.9712
vn -0.0000 0.0647 -0.9979
vn -0.2298 0.0629 -0.9712
vn 0.2297 0.0657 -0.9710
vn -0.0000 0.0675 -0.9977
vn -0.2298 0.0657 -0.9710
vn 0.2298 0.0686 -0.9708
vn -0.0000 0.0704 -0.9975
vn -0.2298 0.0685 -0.9708
vn 0.2297 0.0704 -0.9707
vn -0.0000 0.0723 -0.9974
vn -0.2297 0.0704 -0.9707
vn 0.2298 0.0723 -0.9706
vn -0.0000 0.0742 -0.9972
vn -0.2298 0.0722 -0.9706
vn 0.2298 0.0747 -0.9704
vn -0.0000 0.0768 -0.9971
vn -0.0000 0.0767 -0.9971
vn -0.0000 0.0768 -0.9970
vn -0.2298 0.0747 -0.9704
vn 0.2298 0.0773 -0.9702
vn -0.0000 0.0794 -0.9968
vn -0.2299 0.0772 -0.9702
vn 0.2298 0.0803 -0.9699
vn -0.0000 0.0825 -0.9966
vn -0.2298 0.0802 -0.9699
vn 0.2298 0.0821 -0.9698
vn -0.0000 0.0844 -0.9964
vn -0.2298 0.0821 -0.9698
vn 0.2298 0.0840 -0.9696
vn -0.0000 0.0863 -0.9963
vn -0.2298 0.0840 -0.9696
vn 0.2298 0.0867 -0.9694
vn -0.0000 0.0891 -0.9960
vn -0.2298 0.0867 -0.9694
vn 0.2298 0.0895 -0.9691
vn -0.0000 0.0919 -0.9958
vn -0.0000 0.0920 -0.9958
vn -0.2298 0.0895 -0.9691
vn 0.2297 0.0927 -0.9688
vn -0.0000 0.0953 -0.9955
vn -0.2299 0.0927 -0.9688
vn 0.2297 0.0959 -0.9685
vn -0.0000 0.0986 -0.9951
vn -0.2299 0.0959 -0.9685
vn 0.2298 0.0991 -0.9682
vn -0.0000 0.1019 -0.9948
vn -0.0000 0.1018 -0.9948
vn -0.2298 0.0991 -0.9682
vn 0.2298 0.1017 -0.9679
vn -0.0000 0.1045 -0.9945
vn -0.2298 0.1017 -0.9679
vn 0.2298 0.1044 -0.9676
vn -0.0000 0.1072 -0.9942
vn -0.2298 0.1043 -0.9676
vn 0.2298 0.1067 -0.9674
vn -0.0000 0.1096 -0.9940
vn -0.0000 0.1097 -0.9940
vn -0.2297 0.1067 -0.9674
vn 0.2298 0.1092 -0.9671
vn -0.0000 0.1122 -0.9937
vn -0.2298 0.1091 -0.9671
vn 0.2298 0.1126 -0.9667
vn -0.0000 0.1157 -0.9933
vn -0.0000 0.1156 -0.9933
vn -0.2297 0.1126 -0.9667
vn 0.2298 0.1153 -0.9664
vn -0.0000 0.1185 -0.9930
vn -0.0000 0.1184 -0.9930
vn -0.2297 0.1153 -0.9664
vn 0.2298 0.1173 -0.9661
vn -0.0000 0.1205 -0.9927
vn -0.2298 0.1173 -0.9662
vn 0.2297 0.1184 -0.9660
vn -0.0000 0.1216 -0.9926
vn -0.2298 0.1183 -0.9660
vn 0.2298 0.1195 -0.9659
vn -0.0000 0.1228 -0.9924
vn -0.2298 0.1195 -0.9659
vn 0.2298 0.1216 -0.9656
vn -0.0000 0.1249 -0.9922
vn -0.2298 0.1215 -0.9656
vn 0.2298 0.1245 -0.9652
vn -0.0000 0.1278 -0.9918
vn -0.2298 0.1244 -0.9653
vn 0.2298 0.1282 -0.9648
vn -0.0000 0.1316 -0.9913
vn -0.2298 0.1281 -0.9648
vn 0.2298 0.1318 -0.9643
vn -0.0000 0.1354 -0.9908
vn -0.2298 0.1318 -0.9643
vn 0.2298 0.1355 -0.9637
vn -0.0000 0.1392 -0.9903
vn -0.2298 0.1355 -0.9638
vn 0.2298 0.1392 -0.9632
vn -0.0000 0.1430 -0.9897
vn -0.2298 0.1392 -0.9632
vn 0.2298 0.1430 -0.9627
vn -0.0000 0.1469 -0.9892
vn -0.2299 0.1429 -0.9627
vn 0.2297 0.1452 -0.9624
vn -0.0000 0.1491 -0.9888
vn -0.0000 0.1492 -0.9888
vn -0.2298 0.1451 -0.9624
vn 0.2298 0.1474 -0.9620
vn -0.0000 0.1514 -0.9885
vn -0.2298 0.1473 -0.9620
vn 0.2298 0.1509 -0.9615
vn -0.0000 0.1550 -0.9879
vn -0.2298 0.1508 -0.9615
vn 0.2298 0.1544 -0.9609
vn -0.0000 0.1586 -0.9873
vn -0.2298 0.1543 -0.9609
vn 0.2298 0.1582 -0.9603
vn -0.0000 0.1625 -0.9867
vn -0.2298 0.1582 -0.9603
vn 0.2298 0.1621 -0.9596
vn -0.0000 0.1665 -0.9860
vn -0.2298 0.1620 -0.9597
vn 0.2298 0.1661 -0.9590
vn -0.0000 0.1706 -0.9853
vn -0.2298 0.1660 -0.9590
vn 0.2298 0.1686 -0.9585
vn -0.0000 0.1732 -0.9849
vn -0.2297 0.1685 -0.9586
vn 0.2298 0.1711 -0.9581
vn -0.0000 0.1757 -0.9844
vn -0.2298 0.1710 -0.9581
vn 0.2298 0.1744 -0.9575
vn -0.0000 0.1792 -0.9838
vn -0.2298 0.1744 -0.9575
vn 0.2298 0.1779 -0.9568
vn -0.0000 0.1828 -0.9832
vn -0.2298 0.1779 -0.9568
vn 0.2298 0.1820 -0.9561
vn -0.0000 0.1870 -0.9824
vn -0.2298 0.1820 -0.9561
vn 0.2297 0.1845 -0.9556
vn -0.0000 0.1895 -0.9819
vn -0.2298 0.1844 -0.9556
vn 0.2298 0.1868 -0.9551
vn -0.0000 0.1920 -0.9814
vn -0.2298 0.1868 -0.9551
vn 0.2298 0.1906 -0.9544
vn -0.0000 0.1959 -0.9806
vn -0.0000 0.1958 -0.9806
vn -0.2298 0.1906 -0.9544
vn 0.2298 0.1945 -0.9536
vn -0.0000 0.1998 -0.9798
vn -0.2298 0.1944 -0.9536
vn 0.2298 0.1986 -0.9527
vn -0.0000 0.2041 -0.9790
vn -0.2299 0.1986 -0.9527
vn 0.2298 0.2029 -0.9519
vn -0.0000 0.2084 -0.9780
vn -0.2299 0.2028 -0.9519
vn 0.2298 0.2071 -0.9509
vn -0.0000 0.2128 -0.9771
vn -0.2298 0.2071 -0.9509
vn 0.2298 0.2101 -0.9503
vn -0.0000 0.2158 -0.9764
vn -0.2298 0.2100 -0.9503
vn 0.2298 0.2129 -0.9497
vn -0.0000 0.2188 -0.9758
vn -0.2298 0.2129 -0.9497
vn 0.2298 0.2164 -0.9489
vn -0.0000 0.2224 -0.9750
vn -0.2298 0.2164 -0.9489
vn 0.2298 0.2200 -0.9480
vn -0.0000 0.2260 -0.9741
vn -0.0000 0.2261 -0.9741
vn -0.2299 0.2200 -0.9480
vn 0.2298 0.2243 -0.9470
vn -0.0000 0.2305 -0.9731
vn -0.2298 0.2243 -0.9470
vn 0.2298 0.2270 -0.9464
vn -0.0000 0.2332 -0.9724
vn -0.2298 0.2270 -0.9464
vn 0.2298 0.2297 -0.9457
vn -0.0000 0.2360 -0.9718
vn -0.2298 0.2297 -0.9457
vn 0.1753 0.0606 -0.9827
vn -0.0000 0.0087 -1.0000
vn -0.1753 0.0605 -0.9827
vn -0.3240 0.9163 0.2355
vn 0.3517 0.9214 0.1653
vn 0.0124 -0.9999 0.0106
vn -0.4873 -0.8724 0.0383
vn -0.7474 -0.5495 0.3734
vn 0.3435 0.9091 0.2355
vn 0.2295 -0.0009 -0.9733
vn 0.2298 -0.0003 -0.9732
vn -0.2297 0.0002 -0.9733
vn 0.2296 -0.0000 -0.9733
vn -0.2297 0.0001 -0.9733
vn 0.2298 -0.0008 -0.9732
vn -0.2297 -0.0007 -0.9733
vn -0.2298 0.0016 -0.9732
vn -0.2298 0.0039 -0.9732
vn -0.2299 0.0144 -0.9731
vn -0.0000 0.0177 -0.9998
vn -0.2297 0.0172 -0.9731
vn 0.2297 0.0183 -0.9731
vn -0.0000 0.0188 -0.9998
vn -0.2298 0.0243 -0.9729
vn -0.2298 0.0263 -0.9729
vn 0.2299 0.0285 -0.9728
vn 0.2298 0.0296 -0.9728
vn -0.0000 0.0339 -0.9994
vn -0.2299 0.0422 -0.9723
vn -0.2298 0.0496 -0.9720
vn -0.2299 0.0602 -0.9714
vn 0.2297 0.0658 -0.9710
vn -0.2299 0.0773 -0.9702
vn -0.0000 0.0824 -0.9966
vn -0.2298 0.0866 -0.9694
vn -0.2298 0.0894 -0.9691
vn -0.0000 0.0952 -0.9955
vn -0.0000 0.0985 -0.9951
vn -0.2297 0.1125 -0.9667
vn -0.0000 0.1279 -0.9918
vn -0.0000 0.1317 -0.9913
vn 0.2299 0.1355 -0.9637
vn 0.2299 0.1392 -0.9632
vn -0.0000 0.1431 -0.9897
vn 0.2298 0.1986 -0.9528
vn 0.2298 0.2028 -0.9519
vn 0.2298 0.2165 -0.9489
vn -0.0000 0.2333 -0.9724
vn -0.6829 -0.7197 -0.1252
vn 0.7148 0.6993 0.0001
vn -0.4473 0.0037 -0.8944
vn -0.4472 0.0015 -0.8944
vn -0.4472 0.0004 -0.8944
vn -0.4472 -0.0001 -0.8944
vn -0.4472 -0.0009 -0.8944
vn -0.4473 -0.0006 -0.8944
vn -0.4473 -0.0001 -0.8944
vn -0.4472 0.0002 -0.8944
vn -0.4472 0.0001 -0.8944
vn -0.4472 0.0001 -0.8945
vn -0.4472 -0.0000 -0.8944
vn -0.4473 -0.0000 -0.8944
vn -0.4472 -0.0003 -0.8944
vn -0.4472 -0.0005 -0.8944
vn -0.4472 -0.0007 -0.8944
vn -0.4472 -0.0008 -0.8944
vn -0.4472 -0.0006 -0.8944
vn -0.4471 -0.0005 -0.8945
vn -0.4471 -0.0003 -0.8945
vn -0.4472 0.0006 -0.8944
vn -0.4472 0.0010 -0.8944
vn -0.4473 0.0014 -0.8944
vn -0.4473 0.0017 -0.8944
vn -0.4472 0.0021 -0.8944
vn -0.4472 0.0025 -0.8944
vn -0.4472 0.0030 -0.8944
vn -0.4472 0.0036 -0.8944
vn -0.4472 0.0043 -0.8944
vn -0.4472 0.0051 -0.8944
vn -0.4472 0.0060 -0.8944
vn -0.4472 0.0068 -0.8944
vn -0.4472 0.0074 -0.8944
vn -0.4472 0.0080 -0.8944
vn -0.4472 0.0088 -0.8944
vn -0.4472 0.0099 -0.8944
vn -0.4473 0.0115 -0.8943
vn -0.4473 0.0132 -0.8943
vn -0.4472 0.0148 -0.8943
vn -0.4471 0.0157 -0.8944
vn -0.4471 0.0167 -0.8943
vn -0.4474 0.0186 -0.8941
vn -0.4474 0.0204 -0.8941
vn -0.4471 0.0223 -0.8942
vn -0.4471 0.0242 -0.8942
vn -0.4474 0.0262 -0.8939
vn -0.4473 0.0272 -0.8940
vn -0.4471 0.0282 -0.8940
vn -0.4473 0.0303 -0.8939
vn -0.4473 0.0323 -0.8938
vn -0.4471 0.0344 -0.8938
vn -0.4471 0.0365 -0.8937
vn -0.4472 0.0387 -0.8936
vn -0.4472 0.0400 -0.8935
vn -0.4472 0.0413 -0.8935
vn -0.4473 0.0434 -0.8933
vn -0.4473 0.0456 -0.8932
vn -0.4471 0.0479 -0.8932
vn -0.4471 0.0493 -0.8931
vn -0.4472 0.0506 -0.8930
vn -0.4474 0.0529 -0.8928
vn -0.4474 0.0553 -0.8926
vn -0.4472 0.0578 -0.8926
vn -0.4472 0.0603 -0.8924
vn -0.4471 0.0629 -0.8922
vn -0.4471 0.0646 -0.8921
vn -0.4472 0.0663 -0.8920
vn -0.4473 0.0686 -0.8917
vn -0.4473 0.0710 -0.8916
vn -0.4472 0.0737 -0.8914
vn -0.4472 0.0754 -0.8913
vn -0.4472 0.0771 -0.8911
vn -0.4472 0.0796 -0.8909
vn -0.4472 0.0822 -0.8906
vn -0.4473 0.0851 -0.8903
vn -0.4473 0.0881 -0.8900
vn -0.4473 0.0910 -0.8898
vn -0.4473 0.0934 -0.8895
vn -0.4472 0.0958 -0.8893
vn -0.4472 0.0980 -0.8891
vn -0.4472 0.1003 -0.8888
vn -0.4470 0.1034 -0.8885
vn -0.4470 0.1059 -0.8882
vn -0.4472 0.1077 -0.8879
vn -0.4472 0.1087 -0.8878
vn -0.4473 0.1098 -0.8876
vn -0.4472 0.1117 -0.8874
vn -0.4472 0.1143 -0.8871
vn -0.4472 0.1177 -0.8867
vn -0.4472 0.1211 -0.8862
vn -0.4472 0.1245 -0.8857
vn -0.4472 0.1279 -0.8853
vn -0.4473 0.1313 -0.8847
vn -0.4473 0.1333 -0.8844
vn -0.4472 0.1354 -0.8841
vn -0.4472 0.1386 -0.8836
vn -0.4472 0.1418 -0.8831
vn -0.4472 0.1453 -0.8826
vn -0.4472 0.1489 -0.8820
vn -0.4471 0.1525 -0.8814
vn -0.4471 0.1549 -0.8810
vn -0.4472 0.1571 -0.8805
vn -0.4473 0.1602 -0.8799
vn -0.4473 0.1634 -0.8793
vn -0.4472 0.1672 -0.8786
vn -0.4472 0.1694 -0.8782
vn -0.4472 0.1716 -0.8778
vn -0.4472 0.1751 -0.8771
vn -0.4472 0.1787 -0.8764
vn -0.4473 0.1825 -0.8756
vn -0.4473 0.1864 -0.8747
vn -0.4472 0.1903 -0.8740
vn -0.4472 0.1930 -0.8734
vn -0.4472 0.1956 -0.8728
vn -0.4473 0.1989 -0.8720
vn -0.4473 0.2022 -0.8713
vn -0.4472 0.2061 -0.8703
vn -0.4472 0.2086 -0.8697
vn -0.4472 0.2111 -0.8692
vn -0.2357 -0.0043 -0.9718
vn 0.0046 0.4471 -0.8945
vn -0.6994 0.7147 0.0001
vn -0.1855 0.7852 -0.5909
vn 0.4472 -0.0038 -0.8944
vn 0.4473 -0.0016 -0.8944
vn 0.4472 -0.0005 -0.8944
vn 0.4471 0.0001 -0.8945
vn 0.4472 0.0008 -0.8944
vn 0.4473 0.0004 -0.8944
vn 0.4473 -0.0000 -0.8944
vn 0.4472 -0.0003 -0.8944
vn 0.4472 -0.0002 -0.8944
vn 0.4473 -0.0002 -0.8944
vn 0.4472 -0.0001 -0.8944
vn 0.4473 -0.0001 -0.8944
vn 0.4472 -0.0000 -0.8944
vn 0.4472 -0.0001 -0.8945
vn 0.4472 -0.0002 -0.8945
vn 0.4472 -0.0004 -0.8944
vn 0.4472 -0.0006 -0.8944
vn 0.4472 -0.0007 -0.8945
vn 0.4472 -0.0008 -0.8944
vn 0.4472 -0.0009 -0.8944
vn 0.4472 -0.0007 -0.8944
vn 0.4471 -0.0005 -0.8945
vn 0.4471 -0.0003 -0.8945
vn 0.4472 0.0002 -0.8944
vn 0.4472 0.0006 -0.8944
vn 0.4472 0.0010 -0.8944
vn 0.4473 0.0014 -0.8944
vn 0.4473 0.0017 -0.8944
vn 0.4472 0.0021 -0.8944
vn 0.4472 0.0025 -0.8944
vn 0.4472 0.0030 -0.8944
vn 0.4472 0.0036 -0.8944
vn 0.4472 0.0043 -0.8944
vn 0.4472 0.0052 -0.8944
vn 0.4472 0.0060 -0.8944
vn 0.4472 0.0068 -0.8944
vn 0.4472 0.0074 -0.8944
vn 0.4472 0.0080 -0.8944
vn 0.4472 0.0088 -0.8944
vn 0.4472 0.0099 -0.8944
vn 0.4473 0.0116 -0.8943
vn 0.4474 0.0132 -0.8943
vn 0.4472 0.0148 -0.8943
vn 0.4471 0.0158 -0.8944
vn 0.4471 0.0168 -0.8943
vn 0.4474 0.0186 -0.8942
vn 0.4474 0.0204 -0.8941
vn 0.4472 0.0223 -0.8942
vn 0.4472 0.0242 -0.8941
vn 0.4473 0.0262 -0.8940
vn 0.4473 0.0273 -0.8940
vn 0.4472 0.0283 -0.8940
vn 0.4471 0.0303 -0.8939
vn 0.4471 0.0324 -0.8939
vn 0.4473 0.0345 -0.8937
vn 0.4473 0.0366 -0.8936
vn 0.4471 0.0388 -0.8936
vn 0.4471 0.0401 -0.8936
vn 0.4472 0.0414 -0.8935
vn 0.4472 0.0435 -0.8934
vn 0.4472 0.0457 -0.8933
vn 0.4472 0.0480 -0.8931
vn 0.4472 0.0493 -0.8931
vn 0.4472 0.0507 -0.8930
vn 0.4472 0.0530 -0.8929
vn 0.4472 0.0554 -0.8927
vn 0.4471 0.0579 -0.8926
vn 0.4471 0.0605 -0.8924
vn 0.4471 0.0630 -0.8922
vn 0.4471 0.0647 -0.8921
vn 0.4472 0.0664 -0.8920
vn 0.4472 0.0687 -0.8918
vn 0.4472 0.0711 -0.8916
vn 0.4472 0.0738 -0.8914
vn 0.4472 0.0755 -0.8912
vn 0.4472 0.0772 -0.8911
vn 0.4472 0.0797 -0.8909
vn 0.4472 0.0823 -0.8906
vn 0.4471 0.0853 -0.8904
vn 0.4471 0.0882 -0.8901
vn 0.4472 0.0911 -0.8898
vn 0.4472 0.0935 -0.8895
vn 0.4472 0.0959 -0.8893
vn 0.4473 0.0981 -0.8890
vn 0.4473 0.1004 -0.8888
vn 0.4473 0.1035 -0.8884
vn 0.4473 0.1060 -0.8881
vn 0.4472 0.1078 -0.8879
vn 0.4472 0.1088 -0.8878
vn 0.4472 0.1099 -0.8877
vn 0.4472 0.1118 -0.8874
vn 0.4472 0.1144 -0.8871
vn 0.4472 0.1178 -0.8867
vn 0.4472 0.1212 -0.8862
vn 0.4473 0.1246 -0.8857
vn 0.4473 0.1280 -0.8852
vn 0.4472 0.1314 -0.8847
vn 0.4472 0.1335 -0.8844
vn 0.4472 0.1355 -0.8841
vn 0.4471 0.1387 -0.8837
vn 0.4471 0.1419 -0.8831
vn 0.4472 0.1454 -0.8825
vn 0.4472 0.1490 -0.8819
vn 0.4472 0.1526 -0.8813
vn 0.4472 0.1550 -0.8809
vn 0.4472 0.1572 -0.8805
vn 0.4472 0.1603 -0.8799
vn 0.4472 0.1635 -0.8794
vn 0.4472 0.1673 -0.8787
vn 0.4472 0.1695 -0.8782
vn 0.4472 0.1717 -0.8778
vn 0.4472 0.1752 -0.8771
vn 0.4472 0.1788 -0.8764
vn 0.4472 0.1826 -0.8756
vn 0.4472 0.1865 -0.8748
vn 0.4472 0.1904 -0.8739
vn 0.4472 0.1931 -0.8733
vn 0.4472 0.1957 -0.8728
vn 0.4472 0.1989 -0.8720
vn 0.4472 0.2022 -0.8713
vn 0.4472 0.2062 -0.8703
vn 0.4472 0.2087 -0.8698
vn 0.4472 0.2111 -0.8691
vn 0.2357 -0.0043 -0.9718
vn -0.0000 -0.2213 -0.9752
vn -0.6314 -0.6793 0.3740
vn 0.7148 0.6994 -0.0000
vn -0.4471 0.0005 -0.8945
vn -0.4471 -0.0001 -0.8945
vn -0.4471 -0.0009 -0.8945
vn -0.4473 -0.0005 -0.8944
vn -0.4472 -0.0007 -0.8945
vn -0.4471 0.0158 -0.8944
vn -0.4474 0.0186 -0.8942
vn -0.4472 0.0223 -0.8942
vn -0.4472 0.0242 -0.8941
vn -0.4471 0.0283 -0.8940
vn -0.4473 0.0387 -0.8935
vn -0.4473 0.0400 -0.8935
vn -0.4474 0.0552 -0.8926
vn -0.4473 0.0709 -0.8916
vn -0.4473 0.1334 -0.8844
vn -0.6995 0.7146 -0.0000
vn 0.7749 0.6212 0.1171
vn 0.4473 -0.0038 -0.8944
vn 0.4474 -0.0016 -0.8943
vn 0.4473 -0.0006 -0.8944
vn 0.4472 0.0223 -0.8941
vn 0.4472 0.0243 -0.8941
vn 0.4473 0.0273 -0.8939
vn 0.4473 0.0344 -0.8937
vn 0.4472 0.0710 -0.8916
vn 0.4473 0.1245 -0.8857
vn 0.4472 0.1334 -0.8844
vn 0.4472 0.1603 -0.8800
vn 0.4472 0.1864 -0.8748
vn 0.4472 0.1990 -0.8720
vn 0.0047 0.4471 -0.8945
vt 0.000000 0.000000
vt 0.000000 2.106607
vt 0.125000 2.106607
vt 0.125000 0.000000
vt 0.250000 2.106607
vt 0.250000 0.000000
vt 0.375000 2.106607
vt 0.375000 0.000000
vt 0.500000 2.106607
vt 0.500000 0.000000
vt 0.625000 2.106607
vt 0.625000 0.000000
vt 0.750000 2.106607
vt 0.750000 0.000000
vt 0.875000 2.106607
vt 0.875000 0.000000
vt 1.000000 2.106607
vt 1.000000 0.000000
vt 0.000000 2.676430
vt 0.125000 2.676430
vt 0.250000 2.676430
vt 0.375000 2.676430
vt 0.500000 2.676430
vt 0.625000 2.676430
vt 0.750000 2.676430
vt 0.875000 2.676430
vt 1.000000 2.676430
vt 0.000000 2.995291
vt 0.125000 2.995291
vt 0.250000 2.995291
vt 0.375000 2.995291
vt 0.500000 2.995291
vt 0.625000 2.995291
vt 0.750000 2.995291
vt 0.875000 2.995291
vt 1.000000 2.995291
vt 0.000000 3.576955
vt 0.125000 3.576955
vt 0.250000 3.576955
vt 0.375000 3.576955
vt 0.500000 3.576955
vt 0.625000 3.576955
vt 0.750000 3.576955
vt 0.875000 3.576955
vt 1.000000 3.576955
vt 0.000000 4.012453
vt 0.125000 4.012453
vt 0.250000 4.012453
vt 0.375000 4.012453
vt 0.500000 4.012453
vt 0.625000 4.012453
vt 0.750000 4.012453
vt 0.875000 4.012453
vt 1.000000 4.012453
vt 0.000000 4.427616
vt 0.125000 4.427616
vt 0.250000 4.427616
vt 0.375000 4.427616
vt 0.500000 4.427616
vt 0.625000 4.427616
vt 0.750000 4.427616
vt 0.875000 4.427616
vt 1.000000 4.427616
vt 0.000000 4.752187
vt 0.125000 4.752187
vt 0.250000 4.752187
vt 0.375000 4.752187
vt 0.500000 4.752187
vt 0.625000 4.752187
vt 0.750000 4.752187
vt 0.875000 4.752187
vt 1.000000 4.752187
vt 0.000000 5.209414
vt 0.125000 5.209414
vt 0.250000 5.209414
vt 0.375000 5.209414
vt 0.500000 5.209414
vt 0.625000 5.209414
vt 0.750000 5.209414
vt 0.875000 5.209414
vt 1.000000 5.209414
vt 0.000000 5.520289
vt 0.125000 5.520289
vt 0.250000 5.520289
vt 0.375000 5.520289
vt 0.500000 5.520289
vt 0.625000 5.520289
vt 0.750000 5.520289
vt 0.875000 5.520289
vt 1.000000 5.520289
vt 0.000000 5.966389
vt 0.125000 5.966389
vt 0.250000 5.966389
vt 0.375000 5.966389
vt 0.500000 5.966389
vt 0.625000 5.966389
vt 0.750000 5.966389
vt 0.875000 5.966389
vt 1.000000 5.966389
vt 0.000000 6.269655
vt 0.125000 6.269655
vt 0.250000 6.269655
vt 0.375000 6.269655
vt 0.500000 6.269655
vt 0.625000 6.269655
vt 0.750000 6.269655
vt 0.875000 6.269655
vt 1.000000 6.269655
vt 0.000000 6.543073
vt 0.125000 6.543073
vt 0.250000 6.543073
vt 0.375000 6.543073
vt 0.500000 6.543073
vt 0.625000 6.543073
vt 0.750000 6.543073
vt 0.875000 6.543073
vt 1.000000 6.543073
vt 0.000000 6.951443
vt 0.125000 6.951443
vt 0.250000 6.951443
vt 0.375000 6.951443
vt 0.500000 6.951443
vt 0.625000 6.951443
vt 0.750000 6.951443
vt 0.875000 6.951443
vt 1.000000 6.951443
vt 0.000000 7.389585
vt 0.125000 7.389585
vt 0.250000 7.389585
vt 0.375000 7.389585
vt 0.500000 7.389585
vt 0.625000 7.389585
vt 0.750000 7.389585
vt 0.875000 7.389585
vt 1.000000 7.389585
vt 0.000000 7.694663
vt 0.125000 7.694663
vt 0.250000 7.694663
vt 0.375000 7.694663
vt 0.500000 7.694663
vt 0.625000 7.694663
vt 0.750000 7.694663
vt 0.875000 7.694663
vt 1.000000 7.694663
vt 0.000000 8.169899
vt 0.125000 8.169899
vt 0.250000 8.169899
vt 0.375000 8.169899
vt 0.500000 8.169899
vt 0.625000 8.169899
vt 0.750000 8.169899
vt 0.875000 8.169899
vt 1.000000 8.169899
vt 0.000000 8.537490
vt 0.125000 8.537490
vt 0.250000 8.537490
vt 0.375000 8.537490
vt 0.500000 8.537490
vt 0.625000 8.537490
vt 0.750000 8.537490
vt 0.875000 8.537490
vt 1.000000 8.537490
vt 0.000000 8.920984
vt 0.125000 8.920984
vt 0.250000 8.920984
vt 0.375000 8.920984
vt 0.500000 8.920984
vt 0.625000 8.920984
vt 0.750000 8.920984
vt 0.875000 8.920984
vt 1.000000 8.920984
vt 0.000000 9.412544
vt 0.125000 9.412544
vt 0.250000 9.412544
vt 0.375000 9.412544
vt 0.500000 9.412544
vt 0.625000 9.412544
vt 0.750000 9.412544
vt 0.875000 9.412544
vt 1.000000 9.412544
vt 0.000000 9.907217
vt 0.125000 9.907217
vt 0.250000 9.907217
vt 0.375000 9.907217
vt 0.500000 9.907217
vt 0.625000 9.907217
vt 0.750000 9.907217
vt 0.875000 9.907217
vt 1.000000 9.907217
vt 0.000000 10.203445
vt 0.125000 10.203445
vt 0.250000 10.203445
vt 0.375000 10.203445
vt 0.500000 10.203445
vt 0.625000 10.203445
vt 0.750000 10.203445
vt 0.875000 10.203445
vt 1.000000 10.203445
vt 0.000000 10.727596
vt 0.125000 10.727596
vt 0.250000 10.727596
vt 0.375000 10.727596
vt 0.500000 10.727596
vt 0.625000 10.727596
vt 0.750000 10.727596
vt 0.875000 10.727596
vt 1.000000 10.727596
vt 0.000000 11.022755
vt 0.125000 11.022755
vt 0.250000 11.022755
vt 0.375000 11.022755
vt 0.500000 11.022755
vt 0.625000 11.022755
vt 0.750000 11.022755
vt 0.875000 11.022755
vt 1.000000 11.022755
vt 0.000000 11.589394
vt 0.125000 11.589394
vt 0.250000 11.589394
vt 0.375000 11.589394
vt 0.500000 11.589394
vt 0.625000 11.589394
vt 0.750000 11.589394
vt 0.875000 11.589394
vt 1.000000 11.589394
vt 0.000000 11.912059
vt 0.125000 11.912059
vt 0.250000 11.912059
vt 0.375000 11.912059
vt 0.500000 11.912059
vt 0.625000 11.912059
vt 0.750000 11.912059
vt 0.875000 11.912059
vt 1.000000 11.912059
vt 0.000000 12.507252
vt 0.125000 12.507252
vt 0.250000 12.507252
vt 0.375000 12.507252
vt 0.500000 12.507252
vt 0.625000 12.507252
vt 0.750000 12.507252
vt 0.875000 12.507252
vt 1.000000 12.507252
vt 0.000000 13.029856
vt 0.125000 13.029856
vt 0.250000 13.029856
vt 0.375000 13.029856
vt 0.500000 13.029856
vt 0.625000 13.029856
vt 0.750000 13.029856
vt 0.875000 13.029856
vt 1.000000 13.029856
vt 0.000000 13.383684
vt 0.125000 13.383684
vt 0.250000 13.383684
vt 0.375000 13.383684
vt 0.500000 13.383684
vt 0.625000 13.383684
vt 0.750000 13.383684
vt 0.875000 13.383684
vt 1.000000 13.383684
vt 0.000000 13.870140
vt 0.125000 13.870140
vt 0.250000 13.870140
vt 0.375000 13.870140
vt 0.500000 13.870140
vt 0.625000 13.870140
vt 0.750000 13.870140
vt 0.875000 13.870140
vt 1.000000 13.870140
vt 0.000000 14.349116
vt 0.125000 14.349116
vt 0.250000 14.349116
vt 0.375000 14.349116
vt 0.500000 14.349116
vt 0.625000 14.349116
vt 0.750000 14.349116
vt 0.875000 14.349116
vt 1.000000 14.349116
vt 0.000000 14.651832
vt 0.125000 14.651832
vt 0.250000 14.651832
vt 0.375000 14.651832
vt 0.500000 14.651832
vt 0.625000 14.651832
vt 0.750000 14.651832
vt 0.875000 14.651832
vt 1.000000 14.651832
vt 0.000000 15.144420
vt 0.125000 15.144420
vt 0.250000 15.144420
vt 0.375000 15.144420
vt 0.500000 15.144420
vt 0.625000 15.144420
vt 0.750000 15.144420
vt 0.875000 15.144420
vt 1.000000 15.144420
vt 0.000000 15.442775
vt 0.125000 15.442775
vt 0.250000 15.442775
vt 0.375000 15.442775
vt 0.500000 15.442775
vt 0.625000 15.442775
vt 0.750000 15.442775
vt 0.875000 15.442775
vt 1.000000 15.442775
vt 0.000000 15.959934
vt 0.125000 15.959934
vt 0.250000 15.959934
vt 0.375000 15.959934
vt 0.500000 15.959934
vt 0.625000 15.959934
vt 0.750000 15.959934
vt 0.875000 15.959934
vt 1.000000 15.959934
vt 0.000000 16.266537
vt 0.125000 16.266537
vt 0.250000 16.266537
vt 0.375000 16.266537
vt 0.500000 16.266537
vt 0.625000 16.266537
vt 0.750000 16.266537
vt 0.875000 16.266537
vt 1.000000 16.266537
vt 0.000000 16.856821
vt 0.125000 16.856821
vt 0.250000 16.856821
vt 0.375000 16.856821
vt 0.500000 16.856821
vt 0.625000 16.856821
vt 0.750000 16.856821
vt 0.875000 16.856821
vt 1.000000 16.856821
vt 0.000000 17.341743
vt 0.125000 17.341743
vt 0.250000 17.341743
vt 0.375000 17.341743
vt 0.500000 17.341743
vt 0.625000 17.341743
vt 0.750000 17.341743
vt 0.875000 17.341743
vt 1.000000 17.341743
vt 0.000000 17.639856
vt 0.125000 17.639856
vt 0.250000 17.639856
vt 0.375000 17.639856
vt 0.500000 17.639856
vt 0.625000 17.639856
vt 0.750000 17.639856
vt 0.875000 17.639856
vt 1.000000 17.639856
vt 0.000000 18.147514
vt 0.125000 18.147514
vt 0.250000 18.147514
vt 0.375000 18.147514
vt 0.500000 18.147514
vt 0.625000 18.147514
vt 0.750000 18.147514
vt 0.875000 18.147514
vt 1.000000 18.147514
vt 0.000000 18.443005
vt 0.125000 18.443005
vt 0.250000 18.443005
vt 0.375000 18.443005
vt 0.500000 18.443005
vt 0.625000 18.443005
vt 0.750000 18.443005
vt 0.875000 18.443005
vt 1.000000 18.443005
vt 0.000000 18.966063
vt 0.125000 18.966063
vt 0.250000 18.966063
vt 0.375000 18.966063
vt 0.500000 18.966063
vt 0.625000 18.966063
vt 0.750000 18.966063
vt 0.875000 18.966063
vt 1.000000 18.966063
vt 0.000000 19.263456
vt 0.125000 19.263456
vt 0.250000 19.263456
vt 0.375000 19.263456
vt 0.500000 19.263456
vt 0.625000 19.263456
vt 0.750000 19.263456
vt 0.875000 19.263456
vt 1.000000 19.263456
vt 0.000000 19.833347
vt 0.125000 19.833347
vt 0.250000 19.833347
vt 0.375000 19.833347
vt 0.500000 19.833347
vt 0.625000 19.833347
vt 0.750000 19.833347
vt 0.875000 19.833347
vt 1.000000 19.833347
vt 0.000000 20.000000
vt 0.125000 20.000000
vt 0.250000 20.000000
vt 0.375000 20.000000
vt 0.500000 20.000000
vt 0.625000 20.000000
vt 0.750000 20.000000
vt 0.875000 20.000000
vt 1.000000 20.000000
vt 0.000000 8.450134
vt 0.000000 8.452135
vt 0.142857 8.452135
vt 0.142857 8.450134
vt 0.285714 8.452135
vt 0.285714 8.450134
vt 0.428571 8.452135
vt 0.428571 8.450134
vt 0.571429 8.452135
vt 0.571429 8.450134
vt 0.714286 8.452135
vt 0.714286 8.450134
vt 0.857143 8.452135
vt 0.857143 8.450134
vt 1.000000 8.452135
vt 1.000000 8.450134
vt 0.000000 8.454136
vt 0.142857 8.454136
vt 0.285714 8.454136
vt 0.428571 8.454136
vt 0.571429 8.454136
vt 0.714286 8.454136
vt 0.857143 8.454136
vt 1.000000 8.454136
vt 0.142857 8.537490
vt 0.285714 8.537490
vt 0.428571 8.537490
vt 0.571429 8.537490
vt 0.714286 8.537490
vt 0.857143 8.537490
vt 0.000000 8.541087
vt 0.142857 8.541087
vt 0.285714 8.541087
vt 0.428571 8.541087
vt 0.571429 8.541087
vt 0.714286 8.541087
vt 0.857143 8.541087
vt 1.000000 8.541087
vt 0.000000 8.545089
vt 0.142857 8.545089
vt 0.285714 8.545089
vt 0.428571 8.545089
vt 0.571429 8.545089
vt 0.714286 8.545089
vt 0.857143 8.545089
vt 1.000000 8.545089
vt 0.000000 8.632013
vt 0.142857 8.632013
vt 0.285714 8.632013
vt 0.428571 8.632013
vt 0.571429 8.632013
vt 0.714286 8.632013
vt 0.857143 8.632013
vt 1.000000 8.632013
vt 0.000000 8.636014
vt 0.142857 8.636014
vt 0.285714 8.636014
vt 0.428571 8.636014
vt 0.571429 8.636014
vt 0.714286 8.636014
vt 0.857143 8.636014
vt 1.000000 8.636014
vt 0.000000 8.722941
vt 0.142857 8.722941
vt 0.285714 8.722941
vt 0.428571 8.722941
vt 0.571429 8.722941
vt 0.714286 8.722941
vt 0.857143 8.722941
vt 1.000000 8.722941
vt 0.000000 8.726942
vt 0.142857 8.726942
vt 0.285714 8.726942
vt 0.428571 8.726942
vt 0.571429 8.726942
vt 0.714286 8.726942
vt 0.857143 8.726942
vt 1.000000 8.726942
vt 0.000000 8.813869
vt 0.142857 8.813869
vt 0.285714 8.813869
vt 0.428571 8.813869
vt 0.571429 8.813869
vt 0.714286 8.813869
vt 0.857143 8.813869
vt 1.000000 8.813869
vt 0.000000 8.817869
vt 0.142857 8.817869
vt 0.285714 8.817869
vt 0.428571 8.817869
vt 0.571429 8.817869
vt 0.714286 8.817869
vt 0.857143 8.817869
vt 1.000000 8.817869
vt 0.000000 8.904794
vt 0.142857 8.904794
vt 0.285714 8.904794
vt 0.428571 8.904794
vt 0.571429 8.904794
vt 0.714286 8.904794
vt 0.857143 8.904794
vt 1.000000 8.904794
vt 0.000000 8.908795
vt 0.142857 8.908795
vt 0.285714 8.908795
vt 0.428571 8.908795
vt 0.571429 8.908795
vt 0.714286 8.908795
vt 0.857143 8.908795
vt 1.000000 8.908795
vt 0.142857 8.920984
vt 0.285714 8.920984
vt 0.428571 8.920984
vt 0.571429 8.920984
vt 0.714286 8.920984
vt 0.857143 8.920984
vt 0.000000 9.062408
vt 0.142857 9.062408
vt 0.285714 9.062408
vt 0.428571 9.062408
vt 0.571429 9.062408
vt 0.714286 9.062408
vt 0.857143 9.062408
vt 1.000000 9.062408
vt 0.000000 9.066410
vt 0.142857 9.066410
vt 0.285714 9.066410
vt 0.428571 9.066410
vt 0.571429 9.066410
vt 0.714286 9.066410
vt 0.857143 9.066410
vt 1.000000 9.066410
vt 0.000000 9.220018
vt 0.142857 9.220018
vt 0.285714 9.220018
vt 0.428571 9.220018
vt 0.571429 9.220018
vt 0.714286 9.220018
vt 0.857143 9.220018
vt 1.000000 9.220018
vt 0.000000 9.224019
vt 0.142857 9.224019
vt 0.285714 9.224019
vt 0.428571 9.224019
vt 0.571429 9.224019
vt 0.714286 9.224019
vt 0.857143 9.224019
vt 1.000000 9.224019
vt 0.000000 9.377628
vt 0.142857 9.377628
vt 0.285714 9.377628
vt 0.428571 9.377628
vt 0.571429 9.377628
vt 0.714286 9.377628
vt 0.857143 9.377628
vt 1.000000 9.377628
vt 0.000000 9.381629
vt 0.142857 9.381629
vt 0.285714 9.381629
vt 0.428571 9.381629
vt 0.571429 9.381629
vt 0.714286 9.381629
vt 0.857143 9.381629
vt 1.000000 9.381629
vt 0.142857 9.412544
vt 0.285714 9.412544
vt 0.428571 9.412544
vt 0.571429 9.412544
vt 0.714286 9.412544
vt 0.857143 9.412544
vt 0.000000 9.535240
vt 0.142857 9.535240
vt 0.285714 9.535240
vt 0.428571 9.535240
vt 0.571429 9.535240
vt 0.714286 9.535240
vt 0.857143 9.535240
vt 1.000000 9.535240
vt 0.000000 9.539241
vt 0.142857 9.539241
vt 0.285714 9.539241
vt 0.428571 9.539241
vt 0.571429 9.539241
vt 0.714286 9.539241
vt 0.857143 9.539241
vt 1.000000 9.539241
vt 0.000000 9.692856
vt 0.142857 9.692856
vt 0.285714 9.692856
vt 0.428571 9.692856
vt 0.571429 9.692856
vt 0.714286 9.692856
vt 0.857143 9.692856
vt 1.000000 9.692856
vt 0.000000 9.696857
vt 0.142857 9.696857
vt 0.285714 9.696857
vt 0.428571 9.696857
vt 0.571429 9.696857
vt 0.714286 9.696857
vt 0.857143 9.696857
vt 1.000000 9.696857
vt 0.000000 9.850466
vt 0.142857 9.850466
vt 0.285714 9.850466
vt 0.428571 9.850466
vt 0.571429 9.850466
vt 0.714286 9.850466
vt 0.857143 9.850466
vt 1.000000 9.850466
vt 0.000000 9.854467
vt 0.142857 9.854467
vt 0.285714 9.854467
vt 0.428571 9.854467
vt 0.571429 9.854467
vt 0.714286 9.854467
vt 0.857143 9.854467
vt 1.000000 9.854467
vt 0.142857 9.907217
vt 0.285714 9.907217
vt 0.428571 9.907217
vt 0.571429 9.907217
vt 0.714286 9.907217
vt 0.857143 9.907217
vt 0.000000 10.008081
vt 0.142857 10.008081
vt 0.285714 10.008081
vt 0.428571 10.008081
vt 0.571429 10.008081
vt 0.714286 10.008081
vt 0.857143 10.008081
vt 1.000000 10.008081
vt 0.000000 10.012083
vt 0.142857 10.012083
vt 0.285714 10.012083
vt 0.428571 10.012083
vt 0.571429 10.012083
vt 0.714286 10.012083
vt 0.857143 10.012083
vt 1.000000 10.012083
vt 0.000000 10.165694
vt 0.142857 10.165694
vt 0.285714 10.165694
vt 0.428571 10.165694
vt 0.571429 10.165694
vt 0.714286 10.165694
vt 0.857143 10.165694
vt 1.000000 10.165694
vt 0.000000 10.169695
vt 0.142857 10.169695
vt 0.285714 10.169695
vt 0.428571 10.169695
vt 0.571429 10.169695
vt 0.714286 10.169695
vt 0.857143 10.169695
vt 1.000000 10.169695
vt 0.142857 10.203445
vt 0.285714 10.203445
vt 0.428571 10.203445
vt 0.571429 10.203445
vt 0.714286 10.203445
vt 0.857143 10.203445
vt 0.000000 10.323302
vt 0.142857 10.323302
vt 0.285714 10.323302
vt 0.428571 10.323302
vt 0.571429 10.323302
vt 0.714286 10.323302
vt 0.857143 10.323302
vt 1.000000 10.323302
vt 0.000000 10.327303
vt 0.142857 10.327303
vt 0.285714 10.327303
vt 0.428571 10.327303
vt 0.571429 10.327303
vt 0.714286 10.327303
vt 0.857143 10.327303
vt 1.000000 10.327303
vt 0.000000 10.480917
vt 0.142857 10.480917
vt 0.285714 10.480917
vt 0.428571 10.480917
vt 0.571429 10.480917
vt 0.714286 10.480917
vt 0.857143 10.480917
vt 1.000000 10.480917
vt 0.000000 10.484918
vt 0.142857 10.484918
vt 0.285714 10.484918
vt 0.428571 10.484918
vt 0.571429 10.484918
vt 0.714286 10.484918
vt 0.857143 10.484918
vt 1.000000 10.484918
vt 0.000000 10.638527
vt 0.142857 10.638527
vt 0.285714 10.638527
vt 0.428571 10.638527
vt 0.571429 10.638527
vt 0.714286 10.638527
vt 0.857143 10.638527
vt 1.000000 10.638527
vt 0.000000 10.642529
vt 0.142857 10.642529
vt 0.285714 10.642529
vt 0.428571 10.642529
vt 0.571429 10.642529
vt 0.714286 10.642529
vt 0.857143 10.642529
vt 1.000000 10.642529
vt 0.142857 10.727596
vt 0.285714 10.727596
vt 0.428571 10.727596
vt 0.571429 10.727596
vt 0.714286 10.727596
vt 0.857143 10.727596
vt 0.000000 10.796139
vt 0.142857 10.796139
vt 0.285714 10.796139
vt 0.428571 10.796139
vt 0.571429 10.796139
vt 0.714286 10.796139
vt 0.857143 10.796139
vt 1.000000 10.796139
vt 0.000000 10.800139
vt 0.142857 10.800139
vt 0.285714 10.800139
vt 0.428571 10.800139
vt 0.571429 10.800139
vt 0.714286 10.800139
vt 0.857143 10.800139
vt 1.000000 10.800139
vt 0.000000 10.953749
vt 0.142857 10.953749
vt 0.285714 10.953749
vt 0.428571 10.953749
vt 0.571429 10.953749
vt 0.714286 10.953749
vt 0.857143 10.953749
vt 1.000000 10.953749
vt 0.000000 10.957749
vt 0.142857 10.957749
vt 0.285714 10.957749
vt 0.428571 10.957749
vt 0.571429 10.957749
vt 0.714286 10.957749
vt 0.857143 10.957749
vt 1.000000 10.957749
vt 0.142857 11.022755
vt 0.285714 11.022755
vt 0.428571 11.022755
vt 0.571429 11.022755
vt 0.714286 11.022755
vt 0.857143 11.022755
vt 0.000000 11.111361
vt 0.142857 11.111361
vt 0.285714 11.111361
vt 0.428571 11.111361
vt 0.571429 11.111361
vt 0.714286 11.111361
vt 0.857143 11.111361
vt 1.000000 11.111361
vt 0.000000 11.115361
vt 0.142857 11.115361
vt 0.285714 11.115361
vt 0.428571 11.115361
vt 0.571429 11.115361
vt 0.714286 11.115361
vt 0.857143 11.115361
vt 1.000000 11.115361
vt 0.000000 11.268973
vt 0.142857 11.268973
vt 0.285714 11.268973
vt 0.428571 11.268973
vt 0.571429 11.268973
vt 0.714286 11.268973
vt 0.857143 11.268973
vt 1.000000 11.268973
vt 0.000000 11.272974
vt 0.142857 11.272974
vt 0.285714 11.272974
vt 0.428571 11.272974
vt 0.571429 11.272974
vt 0.714286 11.272974
vt 0.857143 11.272974
vt 1.000000 11.272974
vt 0.000000 11.417769
vt 0.142857 11.417769
vt 0.285714 11.417769
vt 0.428571 11.417769
vt 0.571429 11.417769
vt 0.714286 11.417769
vt 0.857143 11.417769
vt 1.000000 11.417769
vt 0.000000 11.421770
vt 0.142857 11.421770
vt 0.285714 11.421770
vt 0.428571 11.421770
vt 0.571429 11.421770
vt 0.714286 11.421770
vt 0.857143 11.421770
vt 1.000000 11.421770
vt 0.000000 11.566562
vt 0.142857 11.566562
vt 0.285714 11.566562
vt 0.428571 11.566562
vt 0.571429 11.566562
vt 0.714286 11.566562
vt 0.857143 11.566562
vt 1.000000 11.566562
vt 0.000000 11.570562
vt 0.142857 11.570562
vt 0.285714 11.570562
vt 0.428571 11.570562
vt 0.571429 11.570562
vt 0.714286 11.570562
vt 0.857143 11.570562
vt 1.000000 11.570562
vt 0.142857 11.589394
vt 0.285714 11.589394
vt 0.428571 11.589394
vt 0.571429 11.589394
vt 0.714286 11.589394
vt 0.857143 11.589394
vt 0.000000 11.715358
vt 0.142857 11.715358
vt 0.285714 11.715358
vt 0.428571 11.715358
vt 0.571429 11.715358
vt 0.714286 11.715358
vt 0.857143 11.715358
vt 1.000000 11.715358
vt 0.000000 11.719359
vt 0.142857 11.719359
vt 0.285714 11.719359
vt 0.428571 11.719359
vt 0.571429 11.719359
vt 0.714286 11.719359
vt 0.857143 11.719359
vt 1.000000 11.719359
vt 0.000000 11.864155
vt 0.142857 11.864155
vt 0.285714 11.864155
vt 0.428571 11.864155
vt 0.571429 11.864155
vt 0.714286 11.864155
vt 0.857143 11.864155
vt 1.000000 11.864155
vt 0.000000 11.868155
vt 0.142857 11.868155
vt 0.285714 11.868155
vt 0.428571 11.868155
vt 0.571429 11.868155
vt 0.714286 11.868155
vt 0.857143 11.868155
vt 1.000000 11.868155
vt 0.142857 11.912059
vt 0.285714 11.912059
vt 0.428571 11.912059
vt 0.571429 11.912059
vt 0.714286 11.912059
vt 0.857143 11.912059
vt 0.000000 12.012947
vt 0.142857 12.012947
vt 0.285714 12.012947
vt 0.428571 12.012947
vt 0.571429 12.012947
vt 0.714286 12.012947
vt 0.857143 12.012947
vt 1.000000 12.012947
vt 0.000000 12.016948
vt 0.142857 12.016948
vt 0.285714 12.016948
vt 0.428571 12.016948
vt 0.571429 12.016948
vt 0.714286 12.016948
vt 0.857143 12.016948
vt 1.000000 12.016948
vt 0.000000 12.161741
vt 0.142857 12.161741
vt 0.285714 12.161741
vt 0.428571 12.161741
vt 0.571429 12.161741
vt 0.714286 12.161741
vt 0.857143 12.161741
vt 1.000000 12.161741
vt 0.000000 12.165742
vt 0.142857 12.165742
vt 0.285714 12.165742
vt 0.428571 12.165742
vt 0.571429 12.165742
vt 0.714286 12.165742
vt 0.857143 12.165742
vt 1.000000 12.165742
vt 0.000000 12.310535
vt 0.142857 12.310535
vt 0.285714 12.310535
vt 0.428571 12.310535
vt 0.571429 12.310535
vt 0.714286 12.310535
vt 0.857143 12.310535
vt 1.000000 12.310535
vt 0.000000 12.314536
vt 0.142857 12.314536
vt 0.285714 12.314536
vt 0.428571 12.314536
vt 0.571429 12.314536
vt 0.714286 12.314536
vt 0.857143 12.314536
vt 1.000000 12.314536
vt 0.000000 12.459332
vt 0.142857 12.459332
vt 0.285714 12.459332
vt 0.428571 12.459332
vt 0.571429 12.459332
vt 0.714286 12.459332
vt 0.857143 12.459332
vt 1.000000 12.459332
vt 0.000000 12.463333
vt 0.142857 12.463333
vt 0.285714 12.463333
vt 0.428571 12.463333
vt 0.571429 12.463333
vt 0.714286 12.463333
vt 0.857143 12.463333
vt 1.000000 12.463333
vt 0.142857 12.507252
vt 0.285714 12.507252
vt 0.428571 12.507252
vt 0.571429 12.507252
vt 0.714286 12.507252
vt 0.857143 12.507252
vt 0.000000 12.608129
vt 0.142857 12.608129
vt 0.285714 12.608129
vt 0.428571 12.608129
vt 0.571429 12.608129
vt 0.714286 12.608129
vt 0.857143 12.608129
vt 1.000000 12.608129
vt 0.000000 12.612129
vt 0.142857 12.612129
vt 0.285714 12.612129
vt 0.428571 12.612129
vt 0.571429 12.612129
vt 0.714286 12.612129
vt 0.857143 12.612129
vt 1.000000 12.612129
vt 0.000000 12.756924
vt 0.142857 12.756924
vt 0.285714 12.756924
vt 0.428571 12.756924
vt 0.571429 12.756924
vt 0.714286 12.756924
vt 0.857143 12.756924
vt 1.000000 12.756924
vt 0.000000 12.760925
vt 0.142857 12.760925
vt 0.285714 12.760925
vt 0.428571 12.760925
vt 0.571429 12.760925
vt 0.714286 12.760925
vt 0.857143 12.760925
vt 1.000000 12.760925
vt 0.000000 12.905717
vt 0.142857 12.905717
vt 0.285714 12.905717
vt 0.428571 12.905717
vt 0.571429 12.905717
vt 0.714286 12.905717
vt 0.857143 12.905717
vt 1.000000 12.905717
vt 0.000000 12.909719
vt 0.142857 12.909719
vt 0.285714 12.909719
vt 0.428571 12.909719
vt 0.571429 12.909719
vt 0.714286 12.909719
vt 0.857143 12.909719
vt 1.000000 12.909719
vt 0.000000 12.996650
vt 0.142857 12.996650
vt 0.285714 12.996650
vt 0.428571 12.996650
vt 0.571429 12.996650
vt 0.714286 12.996650
vt 0.857143 12.996650
vt 1.000000 12.996650
vt 0.000000 13.000650
vt 0.142857 13.000650
vt 0.285714 13.000650
vt 0.428571 13.000650
vt 0.571429 13.000650
vt 0.714286 13.000650
vt 0.857143 13.000650
vt 1.000000 13.000650
vt 0.142857 13.029856
vt 0.285714 13.029856
vt 0.428571 13.029856
vt 0.571429 13.029856
vt 0.714286 13.029856
vt 0.857143 13.029856
vt 0.000000 13.087585
vt 0.142857 13.087585
vt 0.285714 13.087585
vt 0.428571 13.087585
vt 0.571429 13.087585
vt 0.714286 13.087585
vt 0.857143 13.087585
vt 1.000000 13.087585
vt 0.000000 13.091587
vt 0.142857 13.091587
vt 0.285714 13.091587
vt 0.428571 13.091587
vt 0.571429 13.091587
vt 0.714286 13.091587
vt 0.857143 13.091587
vt 1.000000 13.091587
vt 0.000000 13.242169
vt 0.142857 13.242169
vt 0.285714 13.242169
vt 0.428571 13.242169
vt 0.571429 13.242169
vt 0.714286 13.242169
vt 0.857143 13.242169
vt 1.000000 13.242169
vt 0.000000 13.246171
vt 0.142857 13.246171
vt 0.285714 13.246171
vt 0.428571 13.246171
vt 0.571429 13.246171
vt 0.714286 13.246171
vt 0.857143 13.246171
vt 1.000000 13.246171
vt 0.142857 13.383684
vt 0.285714 13.383684
vt 0.428571 13.383684
vt 0.571429 13.383684
vt 0.714286 13.383684
vt 0.857143 13.383684
vt 0.000000 13.396744
vt 0.142857 13.396744
vt 0.285714 13.396744
vt 0.428571 13.396744
vt 0.571429 13.396744
vt 0.714286 13.396744
vt 0.857143 13.396744
vt 1.000000 13.396744
vt 0.000000 13.400746
vt 0.142857 13.400746
vt 0.285714 13.400746
vt 0.428571 13.400746
vt 0.571429 13.400746
vt 0.714286 13.400746
vt 0.857143 13.400746
vt 1.000000 13.400746
vt 0.000000 13.551328
vt 0.142857 13.551328
vt 0.285714 13.551328
vt 0.428571 13.551328
vt 0.571429 13.551328
vt 0.714286 13.551328
vt 0.857143 13.551328
vt 1.000000 13.551328
vt 0.000000 13.555329
vt 0.142857 13.555329
vt 0.285714 13.555329
vt 0.428571 13.555329
vt 0.571429 13.555329
vt 0.714286 13.555329
vt 0.857143 13.555329
vt 1.000000 13.555329
vt 0.000000 13.705901
vt 0.142857 13.705901
vt 0.285714 13.705901
vt 0.428571 13.705901
vt 0.571429 13.705901
vt 0.714286 13.705901
vt 0.857143 13.705901
vt 1.000000 13.705901
vt 0.000000 13.709904
vt 0.142857 13.709904
vt 0.285714 13.709904
vt 0.428571 13.709904
vt 0.571429 13.709904
vt 0.714286 13.709904
vt 0.857143 13.709904
vt 1.000000 13.709904
vt 0.000000 13.860478
vt 0.142857 13.860478
vt 0.285714 13.860478
vt 0.428571 13.860478
vt 0.571429 13.860478
vt 0.714286 13.860478
vt 0.857143 13.860478
vt 1.000000 13.860478
vt 0.000000 13.864481
vt 0.142857 13.864481
vt 0.285714 13.864481
vt 0.428571 13.864481
vt 0.571429 13.864481
vt 0.714286 13.864481
vt 0.857143 13.864481
vt 1.000000 13.864481
vt 0.142857 13.870140
vt 0.285714 13.870140
vt 0.428571 13.870140
vt 0.571429 13.870140
vt 0.714286 13.870140
vt 0.857143 13.870140
vt 0.000000 14.015056
vt 0.142857 14.015056
vt 0.285714 14.015056
vt 0.428571 14.015056
vt 0.571429 14.015056
vt 0.714286 14.015056
vt 0.857143 14.015056
vt 1.000000 14.015056
vt 0.000000 14.019057
vt 0.142857 14.019057
vt 0.285714 14.019057
vt 0.428571 14.019057
vt 0.571429 14.019057
vt 0.714286 14.019057
vt 0.857143 14.019057
vt 1.000000 14.019057
vt 0.000000 14.169633
vt 0.142857 14.169633
vt 0.285714 14.169633
vt 0.428571 14.169633
vt 0.571429 14.169633
vt 0.714286 14.169633
vt 0.857143 14.169633
vt 1.000000 14.169633
vt 0.000000 14.173635
vt 0.142857 14.173635
vt 0.285714 14.173635
vt 0.428571 14.173635
vt 0.571429 14.173635
vt 0.714286 14.173635
vt 0.857143 14.173635
vt 1.000000 14.173635
vt 0.000000 14.324218
vt 0.142857 14.324218
vt 0.285714 14.324218
vt 0.428571 14.324218
vt 0.571429 14.324218
vt 0.714286 14.324218
vt 0.857143 14.324218
vt 1.000000 14.324218
vt 0.000000 14.328219
vt 0.142857 14.328219
vt 0.285714 14.328219
vt 0.428571 14.328219
vt 0.571429 14.328219
vt 0.714286 14.328219
vt 0.857143 14.328219
vt 1.000000 14.328219
vt 0.142857 14.349116
vt 0.285714 14.349116
vt 0.428571 14.349116
vt 0.571429 14.349116
vt 0.714286 14.349116
vt 0.857143 14.349116
vt 0.000000 14.478795
vt 0.142857 14.478795
vt 0.285714 14.478795
vt 0.428571 14.478795
vt 0.571429 14.478795
vt 0.714286 14.478795
vt 0.857143 14.478795
vt 1.000000 14.478795
vt 0.000000 14.482796
vt 0.142857 14.482796
vt 0.285714 14.482796
vt 0.428571 14.482796
vt 0.571429 14.482796
vt 0.714286 14.482796
vt 0.857143 14.482796
vt 1.000000 14.482796
vt 0.000000 14.633378
vt 0.142857 14.633378
vt 0.285714 14.633378
vt 0.428571 14.633378
vt 0.571429 14.633378
vt 0.714286 14.633378
vt 0.857143 14.633378
vt 1.000000 14.633378
vt 0.000000 14.637379
vt 0.142857 14.637379
vt 0.285714 14.637379
vt 0.428571 14.637379
vt 0.571429 14.637379
vt 0.714286 14.637379
vt 0.857143 14.637379
vt 1.000000 14.637379
vt 0.142857 14.651832
vt 0.285714 14.651832
vt 0.428571 14.651832
vt 0.571429 14.651832
vt 0.714286 14.651832
vt 0.857143 14.651832
vt 0.000000 14.787947
vt 0.142857 14.787947
vt 0.285714 14.787947
vt 0.428571 14.787947
vt 0.571429 14.787947
vt 0.714286 14.787947
vt 0.857143 14.787947
vt 1.000000 14.787947
vt 0.000000 14.791947
vt 0.142857 14.791947
vt 0.285714 14.791947
vt 0.428571 14.791947
vt 0.571429 14.791947
vt 0.714286 14.791947
vt 0.857143 14.791947
vt 1.000000 14.791947
vt 0.000000 14.942529
vt 0.142857 14.942529
vt 0.285714 14.942529
vt 0.428571 14.942529
vt 0.571429 14.942529
vt 0.714286 14.942529
vt 0.857143 14.942529
vt 1.000000 14.942529
vt 0.000000 14.946529
vt 0.142857 14.946529
vt 0.285714 14.946529
vt 0.428571 14.946529
vt 0.571429 14.946529
vt 0.714286 14.946529
vt 0.857143 14.946529
vt 1.000000 14.946529
vt 0.000000 15.097112
vt 0.142857 15.097112
vt 0.285714 15.097112
vt 0.428571 15.097112
vt 0.571429 15.097112
vt 0.714286 15.097112
vt 0.857143 15.097112
vt 1.000000 15.097112
vt 0.000000 15.101112
vt 0.142857 15.101112
vt 0.285714 15.101112
vt 0.428571 15.101112
vt 0.571429 15.101112
vt 0.714286 15.101112
vt 0.857143 15.101112
vt 1.000000 15.101112
vt 0.142857 15.144420
vt 0.285714 15.144420
vt 0.428571 15.144420
vt 0.571429 15.144420
vt 0.714286 15.144420
vt 0.857143 15.144420
vt 0.000000 15.251690
vt 0.142857 15.251690
vt 0.285714 15.251690
vt 0.428571 15.251690
vt 0.571429 15.251690
vt 0.714286 15.251690
vt 0.857143 15.251690
vt 1.000000 15.251690
vt 0.000000 15.255691
vt 0.142857 15.255691
vt 0.285714 15.255691
vt 0.428571 15.255691
vt 0.571429 15.255691
vt 0.714286 15.255691
vt 0.857143 15.255691
vt 1.000000 15.255691
vt 0.000000 15.406271
vt 0.142857 15.406271
vt 0.285714 15.406271
vt 0.428571 15.406271
vt 0.571429 15.406271
vt 0.714286 15.406271
vt 0.857143 15.406271
vt 1.000000 15.406271
vt 0.000000 15.410271
vt 0.142857 15.410271
vt 0.285714 15.410271
vt 0.428571 15.410271
vt 0.571429 15.410271
vt 0.714286 15.410271
vt 0.857143 15.410271
vt 1.000000 15.410271
vt 0.142857 15.442775
vt 0.285714 15.442775
vt 0.428571 15.442775
vt 0.571429 15.442775
vt 0.714286 15.442775
vt 0.857143 15.442775
vt 0.000000 15.560854
vt 0.142857 15.560854
vt 0.285714 15.560854
vt 0.428571 15.560854
vt 0.571429 15.560854
vt 0.714286 15.560854
vt 0.857143 15.560854
vt 1.000000 15.560854
vt 0.000000 15.564854
vt 0.142857 15.564854
vt 0.285714 15.564854
vt 0.428571 15.564854
vt 0.571429 15.564854
vt 0.714286 15.564854
vt 0.857143 15.564854
vt 1.000000 15.564854
vt 0.000000 15.715432
vt 0.142857 15.715432
vt 0.285714 15.715432
vt 0.428571 15.715432
vt 0.571429 15.715432
vt 0.714286 15.715432
vt 0.857143 15.715432
vt 1.000000 15.715432
vt 0.000000 15.719432
vt 0.142857 15.719432
vt 0.285714 15.719432
vt 0.428571 15.719432
vt 0.571429 15.719432
vt 0.714286 15.719432
vt 0.857143 15.719432
vt 1.000000 15.719432
vt 0.000000 15.870008
vt 0.142857 15.870008
vt 0.285714 15.870008
vt 0.428571 15.870008
vt 0.571429 15.870008
vt 0.714286 15.870008
vt 0.857143 15.870008
vt 1.000000 15.870008
vt 0.000000 15.874008
vt 0.142857 15.874008
vt 0.285714 15.874008
vt 0.428571 15.874008
vt 0.571429 15.874008
vt 0.714286 15.874008
vt 0.857143 15.874008
vt 1.000000 15.874008
vt 0.142857 15.959934
vt 0.285714 15.959934
vt 0.428571 15.959934
vt 0.571429 15.959934
vt 0.714286 15.959934
vt 0.857143 15.959934
vt 0.000000 16.024588
vt 0.142857 16.024588
vt 0.285714 16.024588
vt 0.428571 16.024588
vt 0.571429 16.024588
vt 0.714286 16.024588
vt 0.857143 16.024588
vt 1.000000 16.024588
vt 0.000000 16.028587
vt 0.142857 16.028587
vt 0.285714 16.028587
vt 0.428571 16.028587
vt 0.571429 16.028587
vt 0.714286 16.028587
vt 0.857143 16.028587
vt 1.000000 16.028587
vt 0.000000 16.179167
vt 0.142857 16.179167
vt 0.285714 16.179167
vt 0.428571 16.179167
vt 0.571429 16.179167
vt 0.714286 16.179167
vt 0.857143 16.179167
vt 1.000000 16.179167
vt 0.000000 16.183167
vt 0.142857 16.183167
vt 0.285714 16.183167
vt 0.428571 16.183167
vt 0.571429 16.183167
vt 0.714286 16.183167
vt 0.857143 16.183167
vt 1.000000 16.183167
vt 0.142857 16.266537
vt 0.285714 16.266537
vt 0.428571 16.266537
vt 0.571429 16.266537
vt 0.714286 16.266537
vt 0.857143 16.266537
vt 0.000000 16.270084
vt 0.142857 16.270084
vt 0.285714 16.270084
vt 0.428571 16.270084
vt 0.571429 16.270084
vt 0.714286 16.270084
vt 0.857143 16.270084
vt 1.000000 16.270084
vt 0.000000 16.274084
vt 0.142857 16.274084
vt 0.285714 16.274084
vt 0.428571 16.274084
vt 0.571429 16.274084
vt 0.714286 16.274084
vt 0.857143 16.274084
vt 1.000000 16.274084
vt 0.000000 16.360994
vt 0.142857 16.360994
vt 0.285714 16.360994
vt 0.428571 16.360994
vt 0.571429 16.360994
vt 0.714286 16.360994
vt 0.857143 16.360994
vt 1.000000 16.360994
vt 0.000000 16.364994
vt 0.142857 16.364994
vt 0.285714 16.364994
vt 0.428571 16.364994
vt 0.571429 16.364994
vt 0.714286 16.364994
vt 0.857143 16.364994
vt 1.000000 16.364994
vt 0.000000 16.516798
vt 0.142857 16.516798
vt 0.285714 16.516798
vt 0.428571 16.516798
vt 0.571429 16.516798
vt 0.714286 16.516798
vt 0.857143 16.516798
vt 1.000000 16.516798
vt 0.000000 16.520798
vt 0.142857 16.520798
vt 0.285714 16.520798
vt 0.428571 16.520798
vt 0.571429 16.520798
vt 0.714286 16.520798
vt 0.857143 16.520798
vt 1.000000 16.520798
vt 0.000000 16.672619
vt 0.142857 16.672619
vt 0.285714 16.672619
vt 0.428571 16.672619
vt 0.571429 16.672619
vt 0.714286 16.672619
vt 0.857143 16.672619
vt 1.000000 16.672619
vt 0.000000 16.676619
vt 0.142857 16.676619
vt 0.285714 16.676619
vt 0.428571 16.676619
vt 0.571429 16.676619
vt 0.714286 16.676619
vt 0.857143 16.676619
vt 1.000000 16.676619
vt 0.000000 16.828457
vt 0.142857 16.828457
vt 0.285714 16.828457
vt 0.428571 16.828457
vt 0.571429 16.828457
vt 0.714286 16.828457
vt 0.857143 16.828457
vt 1.000000 16.828457
vt 0.000000 16.832458
vt 0.142857 16.832458
vt 0.285714 16.832458
vt 0.428571 16.832458
vt 0.571429 16.832458
vt 0.714286 16.832458
vt 0.857143 16.832458
vt 1.000000 16.832458
vt 0.142857 16.856821
vt 0.285714 16.856821
vt 0.428571 16.856821
vt 0.571429 16.856821
vt 0.714286 16.856821
vt 0.857143 16.856821
vt 0.000000 16.984272
vt 0.142857 16.984272
vt 0.285714 16.984272
vt 0.428571 16.984272
vt 0.571429 16.984272
vt 0.714286 16.984272
vt 0.857143 16.984272
vt 1.000000 16.984272
vt 0.000000 16.988270
vt 0.142857 16.988270
vt 0.285714 16.988270
vt 0.428571 16.988270
vt 0.571429 16.988270
vt 0.714286 16.988270
vt 0.857143 16.988270
vt 1.000000 16.988270
vt 0.000000 17.140091
vt 0.142857 17.140091
vt 0.285714 17.140091
vt 0.428571 17.140091
vt 0.571429 17.140091
vt 0.714286 17.140091
vt 0.857143 17.140091
vt 1.000000 17.140091
vt 0.000000 17.144091
vt 0.142857 17.144091
vt 0.285714 17.144091
vt 0.428571 17.144091
vt 0.571429 17.144091
vt 0.714286 17.144091
vt 0.857143 17.144091
vt 1.000000 17.144091
vt 0.000000 17.295923
vt 0.142857 17.295923
vt 0.285714 17.295923
vt 0.428571 17.295923
vt 0.571429 17.295923
vt 0.714286 17.295923
vt 0.857143 17.295923
vt 1.000000 17.295923
vt 0.000000 17.299921
vt 0.142857 17.299921
vt 0.285714 17.299921
vt 0.428571 17.299921
vt 0.571429 17.299921
vt 0.714286 17.299921
vt 0.857143 17.299921
vt 1.000000 17.299921
vt 0.142857 17.341743
vt 0.285714 17.341743
vt 0.428571 17.341743
vt 0.571429 17.341743
vt 0.714286 17.341743
vt 0.857143 17.341743
vt 0.000000 17.451748
vt 0.142857 17.451748
vt 0.285714 17.451748
vt 0.428571 17.451748
vt 0.571429 17.451748
vt 0.714286 17.451748
vt 0.857143 17.451748
vt 1.000000 17.451748
vt 0.000000 17.455746
vt 0.142857 17.455746
vt 0.285714 17.455746
vt 0.428571 17.455746
vt 0.571429 17.455746
vt 0.714286 17.455746
vt 0.857143 17.455746
vt 1.000000 17.455746
vt 0.000000 17.610773
vt 0.142857 17.610773
vt 0.285714 17.610773
vt 0.428571 17.610773
vt 0.571429 17.610773
vt 0.714286 17.610773
vt 0.857143 17.610773
vt 1.000000 17.610773
vt 0.000000 17.614771
vt 0.142857 17.614771
vt 0.285714 17.614771
vt 0.428571 17.614771
vt 0.571429 17.614771
vt 0.714286 17.614771
vt 0.857143 17.614771
vt 1.000000 17.614771
vt 0.142857 17.639856
vt 0.285714 17.639856
vt 0.428571 17.639856
vt 0.571429 17.639856
vt 0.714286 17.639856
vt 0.857143 17.639856
vt 0.000000 17.769796
vt 0.142857 17.769796
vt 0.285714 17.769796
vt 0.428571 17.769796
vt 0.571429 17.769796
vt 0.714286 17.769796
vt 0.857143 17.769796
vt 1.000000 17.769796
vt 0.000000 17.773794
vt 0.142857 17.773794
vt 0.285714 17.773794
vt 0.428571 17.773794
vt 0.571429 17.773794
vt 0.714286 17.773794
vt 0.857143 17.773794
vt 1.000000 17.773794
vt 0.000000 17.928822
vt 0.142857 17.928822
vt 0.285714 17.928822
vt 0.428571 17.928822
vt 0.571429 17.928822
vt 0.714286 17.928822
vt 0.857143 17.928822
vt 1.000000 17.928822
vt 0.000000 17.932819
vt 0.142857 17.932819
vt 0.285714 17.932819
vt 0.428571 17.932819
vt 0.571429 17.932819
vt 0.714286 17.932819
vt 0.857143 17.932819
vt 1.000000 17.932819
vt 0.000000 18.087841
vt 0.142857 18.087841
vt 0.285714 18.087841
vt 0.428571 18.087841
vt 0.571429 18.087841
vt 0.714286 18.087841
vt 0.857143 18.087841
vt 1.000000 18.087841
vt 0.000000 18.091839
vt 0.142857 18.091839
vt 0.285714 18.091839
vt 0.428571 18.091839
vt 0.571429 18.091839
vt 0.714286 18.091839
vt 0.857143 18.091839
vt 1.000000 18.091839
vt 0.142857 18.147514
vt 0.285714 18.147514
vt 0.428571 18.147514
vt 0.571429 18.147514
vt 0.714286 18.147514
vt 0.857143 18.147514
vt 0.000000 18.246872
vt 0.142857 18.246872
vt 0.285714 18.246872
vt 0.428571 18.246872
vt 0.571429 18.246872
vt 0.714286 18.246872
vt 0.857143 18.246872
vt 1.000000 18.246872
vt 0.000000 18.250870
vt 0.142857 18.250870
vt 0.285714 18.250870
vt 0.428571 18.250870
vt 0.571429 18.250870
vt 0.714286 18.250870
vt 0.857143 18.250870
vt 1.000000 18.250870
vt 0.000000 18.405891
vt 0.142857 18.405891
vt 0.285714 18.405891
vt 0.428571 18.405891
vt 0.571429 18.405891
vt 0.714286 18.405891
vt 0.857143 18.405891
vt 1.000000 18.405891
vt 0.000000 18.409889
vt 0.142857 18.409889
vt 0.285714 18.409889
vt 0.428571 18.409889
vt 0.571429 18.409889
vt 0.714286 18.409889
vt 0.857143 18.409889
vt 1.000000 18.409889
vt 0.142857 18.443005
vt 0.285714 18.443005
vt 0.428571 18.443005
vt 0.571429 18.443005
vt 0.714286 18.443005
vt 0.857143 18.443005
vt 0.000000 18.566938
vt 0.142857 18.566938
vt 0.285714 18.566938
vt 0.428571 18.566938
vt 0.571429 18.566938
vt 0.714286 18.566938
vt 0.857143 18.566938
vt 1.000000 18.566938
s 1
usemtl track_surface
f 3667/2539/2063 3676/2540/2063 3677/2541/2063 3668/2542/2063
f 3668/2542/2063 3677/2541/2063 3678/2543/2063 3669/2544/2063
f 3669/2544/2063 3678/2543/2063 3679/2545/2063 3670/2546/2063
f 3670/2546/2063 3679/2545/2063 3680/2547/2063 3671/2548/2063
f 3671/2548/2063 3680/2547/2063 3681/2549/2063 3672/2550/2063
f 3672/2550/2063 3681/2549/2063 3682/2551/2063 3673/2552/2063
f 3673/2552/2063 3682/2551/2063 3683/2553/2063 3674/2554/2063
f 3674/2554/2063 3683/2553/2063 3684/2555/2063 3675/2556/2063
f 3676/2540/2063 3685/2557/2063 3686/2558/2063 3677/2541/2063
f 3677/2541/2063 3686/2558/2063 3687/2559/2063 3678/2543/2063
f 3678/2543/2063 3687/2559/2063 3688/2560/2063 3679/2545/2063
f 3679/2545/2063 3688/2560/2063 3689/2561/2063 3680/2547/2063
f 3680/2547/2063 3689/2561/2063 3690/2562/2063 3681/2549/2063
f 3681/2549/2063 3690/2562/2063 3691/2563/2063 3682/2551/2063
f 3682/2551/2063 3691/2563/2063 3692/2564/2063 3683/2553/2063
f 3683/2553/2063 3692/2564/2063 3693/2565/2063 3684/2555/2063
f 3685/2557/2063 3694/2566/2064 3695/2567/2064 3686/2558/2063
f 3686/2558/2063 3695/2567/2064 3696/2568/2064 3687/2559/2063
f 3687/2559/2063 3696/2568/2064 3697/2569/2064 3688/2560/2063
f 3688/2560/2063 3697/2569/2064 3698/2570/2064 3689/2561/2063
f 3689/2561/2063 3698/2570/2064 3699/2571/2064 3690/2562/2063
f 3690/2562/2063 3699/2571/2064 3700/2572/2064 3691/2563/2063
f 3691/2563/2063 3700/2572/2064 3701/2573/2064 3692/2564/2063
f 3692/2564/2063 3701/2573/2064 3702/2574/2064 3693/2565/2063
f 3694/2566/2064 3703/2575/2064 3704/2576/2064 3695/2567/2064
f 3695/2567/2064 3704/2576/2064 3705/2577/2064 3696/2568/2064
f 3696/2568/2064 3705/2577/2064 3706/2578/2064 3697/2569/2064
f 3697/2569/2064 3706/2578/2064 3707/2579/2064 3698/2570/2064
f 3698/2570/2064 3707/2579/2064 3708/2580/2064 3699/2571/2064
f 3699/2571/2064 3708/2580/2064 3709/2581/2064 3700/2572/2064
f 3700/2572/2064 3709/2581/2064 3710/2582/2064 3701/2573/2064
f 3701/2573/2064 3710/2582/2064 3711/2583/2064 3702/2574/2064
f 3703/2575/2064 3712/2584/2064 3713/2585/2064 3704/2576/2064
f 3704/2576/2064 3713/2585/2064 3714/2586/2064 3705/2577/2064
f 3705/2577/2064 3714/2586/2064 3715/2587/2064 3706/2578/2064
f 3706/2578/2064 3715/2587/2064 3716/2588/2064 3707/2579/2064
f 3707/2579/2064 3716/2588/2064 3717/2589/2064 3708/2580/2064
f 3708/2580/2064 3717/2589/2064 3718/2590/2064 3709/2581/2064
f 3709/2581/2064 3718/2590/2064 3719/2591/2064 3710/2582/2064
f 3710/2582/2064 3719/2591/2064 3720/2592/2063 3711/2583/2064
f 3712/2584/2064 3721/2593/2064 3722/2594/2064 3713/2585/2064
f 3713/2585/2064 3722/2594/2064 3723/2595/2064 3714/2586/2064
f 3714/2586/2064 3723/2595/2064 3724/2596/2064 3715/2587/2064
f 3715/2587/2064 3724/2596/2064 3725/2597/2064 3716/2588/2064
f 3716/2588/2064 3725/2597/2064 3726/2598/2064 3717/2589/2064
f 3717/2589/2064 3726/2598/2064 3727/2599/2064 3718/2590/2064
f 3718/2590/2064 3727/2599/2064 3728/2600/2064 3719/2591/2064
f 3719/2591/2064 3728/2600/2064 3729/2601/2063 3720/2592/2063
f 3721/2593/2064 3730/2602/2064 3731/2603/2064 3722/2594/2064
f 3722/2594/2064 3731/2603/2064 3732/2604/2064 3723/2595/2064
f 3723/2595/2064 3732/2604/2064 3733/2605/2064 3724/2596/2064
f 3724/2596/2064 3733/2605/2064 3734/2606/2064 3725/2597/2064
f 3725/2597/2064 3734/2606/2064 3735/2607/2064 3726/2598/2064
f 3726/2598/2064 3735/2607/2064 3736/2608/2064 3727/2599/2064
f 3727/2599/2064 3736/2608/2064 3737/2609/2064 3728/2600/2064
f 3728/2600/2064 3737/2609/2064 3738/2610/2063 3729/2601/2063
f 3730/2602/2064 3739/2611/2064 3740/2612/2064 3731/2603/2064
f 3731/2603/2064 3740/2612/2064 3741/2613/2064 3732/2604/2064
f 3732/2604/2064 3741/2613/2064 3742/2614/2064 3733/2605/2064
f 3733/2605/2064 3742/2614/2064 3743/2615/2064 3734/2606/2064
f 3734/2606/2064 3743/2615/2064 3744/2616/2064 3735/2607/2064
f 3735/2607/2064 3744/2616/2064 3745/2617/2063 3736/2608/2064
f 3736/2608/2064 3745/2617/2063 3746/2618/2063 3737/2609/2064
f 3737/2609/2064 3746/2618/2063 3747/2619/2063 3738/2610/2063
f 3739/2611/2064 3748/2620/2064 3749/2621/2064 3740/2612/2064
f 3740/2612/2064 3749/2621/2064 3750/2622/2064 3741/2613/2064
f 3741/2613/2064 3750/2622/2064 3751/2623/2064 3742/2614/2064
f 3742/2614/2064 3751/2623/2064 3752/2624/2064 3743/2615/2064
f 3743/2615/2064 3752/2624/2064 3753/2625/2063 3744/2616/2064
f 3744/2616/2064 3753/2625/2063 3754/2626/2063 3745/2617/2063
f 3745/2617/2063 3754/2626/2063 3755/2627/2063 3746/2618/2063
f 3746/2618/2063 3755/2627/2063 3756/2628/2063 3747/2619/2063
f 3748/2620/2064 3757/2629/2065 3758/2630/2065 3749/2621/2064
f 3749/2621/2064 3758/2630/2065 3759/2631/2064 3750/2622/2064
f 3750/2622/2064 3759/2631/2064 3760/2632/2063 3751/2623/2064
f 3751/2623/2064 3760/2632/2063 3761/2633/2063 3752/2624/2064
f 3752/2624/2064 3761/2633/2063 3762/2634/2063 3753/2625/2063
f 3753/2625/2063 3762/2634/2063 3763/2635/2063 3754/2626/2063
f 3754/2626/2063 3763/2635/2063 3764/2636/2063 3755/2627/2063
f 3755/2627/2063 3764/2636/2063 3765/2637/2063 3756/2628/2063
f 3757/2629/2065 3766/2638/2066 3767/2639/2066 3758/2630/2065
f 3758/2630/2065 3767/2639/2066 3768/2640/2066 3759/2631/2064
f 3759/2631/2064 3768/2640/2066 3769/2641/2063 3760/2632/2063
f 3760/2632/2063 3769/2641/2063 3770/2642/2063 3761/2633/2063
f 3761/2633/2063 3770/2642/2063 3771/2643/2063 3762/2634/2063
f 3762/2634/2063 3771/2643/2063 3772/2644/2063 3763/2635/2063
f 3763/2635/2063 3772/2644/2063 3773/2645/2063 3764/2636/2063
f 3764/2636/2063 3773/2645/2063 3774/2646/2063 3765/2637/2063
f 3766/2638/2066 3775/2647/2066 3776/2648/2066 3767/2639/2066
f 3767/2639/2066 3776/2648/2066 3777/2649/2066 3768/2640/2066
f 3768/2640/2066 3777/2649/2066 3778/2650/2066 3769/2641/2063
f 3769/2641/2063 3778/2650/2066 3779/2651/2066 3770/2642/2063
f 3770/2642/2063 3779/2651/2066 3780/2652/2063 3771/2643/2063
f 3771/2643/2063 3780/2652/2063 3781/2653/2063 3772/2644/2063
f 3772/2644/2063 3781/2653/2063 3782/2654/2063 3773/2645/2063
f 3773/2645/2063 3782/2654/2063 3783/2655/2063 3774/2646/2063
f 3775/2647/2066 3784/2656/2066 3785/2657/2066 3776/2648/2066
f 3776/2648/2066 3785/2657/2066 3786/2658/2066 3777/2649/2066
f 3777/2649/2066 3786/2658/2066 3787/2659/2066 3778/2650/2066
f 3778/2650/2066 3787/2659/2066 3788/2660/2066 3779/2651/2066
f 3779/2651/2066 3788/2660/2066 3789/2661/2063 3780/2652/2063
f 3780/2652/2063 3789/2661/2063 3790/2662/2063 3781/2653/2063
f 3781/2653/2063 3790/2662/2063 3791/2663/2063 3782/2654/2063
f 3782/2654/2063 3791/2663/2063 3792/2664/2063 3783/2655/2063
f 3784/2656/2066 3793/2665/2066 3794/2666/2066 3785/2657/2066
f 3785/2657/2066 3794/2666/2066 3795/2667/2066 3786/2658/2066
f 3786/2658/2066 3795/2667/2066 3796/2668/2066 3787/2659/2066
f 3787/2659/2066 3796/2668/2066 3797/2669/2066 3788/2660/2066
f 3788/2660/2066 3797/2669/2066 3798/2670/2066 3789/2661/2063
f 3789/2661/2063 3798/2670/2066 3799/2671/2063 3790/2662/2063
f 3790/2662/2063 3799/2671/2063 3800/2672/2063 3791/2663/2063
f 3791/2663/2063 3800/2672/2063 3801/2673/2063 3792/2664/2063
f 3793/2665/2066 3802/2674/2066 3803/2675/2066 3794/2666/2066
f 3794/2666/2066 3803/2675/2066 3804/2676/2066 3795/2667/2066
f 3795/2667/2066 3804/2676/2066 3805/2677/2066 3796/2668/2066
f 3796/2668/2066 3805/2677/2066 3806/2678/2066 3797/2669/2066
f 3797/2669/2066 3806/2678/2066 3807/2679/2063 3798/2670/2066
f 3798/2670/2066 3807/2679/2063 3808/2680/2063 3799/2671/2063
f 3799/2671/2063 3808/2680/2063 3809/2681/2063 3800/2672/2063
f 3800/2672/2063 3809/2681/2063 3810/2682/2063 3801/2673/2063
f 3802/2674/2066 3811/2683/2066 3812/2684/2066 3803/2675/2066
f 3803/2675/2066 3812/2684/2066 3813/2685/2066 3804/2676/2066
f 3804/2676/2066 3813/2685/2066 3814/2686/2066 3805/2677/2066
f 3805/2677/2066 3814/2686/2066 3815/2687/2063 3806/2678/2066
f 3806/2678/2066 3815/2687/2063 3816/2688/2063 3807/2679/2063
f 3807/2679/2063 3816/2688/2063 3817/2689/2063 3808/2680/2063
f 3808/2680/2063 3817/2689/2063 3818/2690/2063 3809/2681/2063
f 3809/2681/2063 3818/2690/2063 3819/2691/2063 3810/2682/2063
f 3811/2683/2066 3820/2692/2063 3821/2693/2063 3812/2684/2066
f 3812/2684/2066 3821/2693/2063 3822/2694/2063 3813/2685/2066
f 3813/2685/2066 3822/2694/2063 3823/2695/2063 3814/2686/2066
f 3814/2686/2066 3823/2695/2063 3824/2696/2063 3815/2687/2063
f 3815/2687/2063 3824/2696/2063 3825/2697/2063 3816/2688/2063
f 3816/2688/2063 3825/2697/2063 3826/2698/2063 3817/2689/2063
f 3817/2689/2063 3826/2698/2063 3827/2699/2063 3818/2690/2063
f 3818/2690/2063 3827/2699/2063 3828/2700/2063 3819/2691/2063
f 3820/2692/2063 3829/2701/2063 3830/2702/2063 3821/2693/2063
f 3821/2693/2063 3830/2702/2063 3831/2703/2063 3822/2694/2063
f 3822/2694/2063 3831/2703/2063 3832/2704/2063 3823/2695/2063
f 3823/2695/2063 3832/2704/2063 3833/2705/2063 3824/2696/2063
f 3824/2696/2063 3833/2705/2063 3834/2706/2063 3825/2697/2063
f 3825/2697/2063 3834/2706/2063 3835/2707/2063 3826/2698/2063
f 3826/2698/2063 3835/2707/2063 3836/2708/2063 3827/2699/2063
f 3827/2699/2063 3836/2708/2063 3837/2709/2063 3828/2700/2063
f 3829/2701/2063 3838/2710/2063 3839/2711/2063 3830/2702/2063
f 3830/2702/2063 3839/2711/2063 3840/2712/2063 3831/2703/2063
f 3831/2703/2063 3840/2712/2063 3841/2713/2063 3832/2704/2063
f 3832/2704/2063 3841/2713/2063 3842/2714/2063 3833/2705/2063
f 3833/2705/2063 3842/2714/2063 3843/2715/2063 3834/2706/2063
f 3834/2706/2063 3843/2715/2063 3844/2716/2063 3835/2707/2063
f 3835/2707/2063 3844/2716/2063 3845/2717/2063 3836/2708/2063
f 3836/2708/2063 3845/2717/2063 3846/2718/2063 3837/2709/2063
f 3838/2710/2063 3847/2719/2063 3848/2720/2063 3839/2711/2063
f 3839/2711/2063 3848/2720/2063 3849/2721/2063 3840/2712/2063
f 3840/2712/2063 3849/2721/2063 3850/2722/2063 3841/2713/2063
f 3841/2713/2063 3850/2722/2063 3851/2723/2063 3842/2714/2063
f 3842/2714/2063 3851/2723/2063 3852/2724/2063 3843/2715/2063
f 3843/2715/2063 3852/2724/2063 3853/2725/2063 3844/2716/2063
f 3844/2716/2063 3853/2725/2063 3854/2726/2063 3845/2717/2063
f 3845/2717/2063 3854/2726/2063 3855/2727/2063 3846/2718/2063
f 3847/2719/2063 3856/2728/2063 3857/2729/2063 3848/2720/2063
f 3848/2720/2063 3857/2729/2063 3858/2730/2063 3849/2721/2063
f 3849/2721/2063 3858/2730/2063 3859/2731/2063 3850/2722/2063
f 3850/2722/2063 3859/2731/2063 3860/2732/2063 3851/2723/2063
f 3851/2723/2063 3860/2732/2063 3861/2733/2063 3852/2724/2063
f 3852/2724/2063 3861/2733/2063 3862/2734/2063 3853/2725/2063
f 3853/2725/2063 3862/2734/2063 3863/2735/2063 3854/2726/2063
f 3854/2726/2063 3863/2735/2063 3864/2736/2063 3855/2727/2063
f 3856/2728/2063 3865/2737/2063 3866/2738/2063 3857/2729/2063
f 3857/2729/2063 3866/2738/2063 3867/2739/2063 3858/2730/2063
f 3858/2730/2063 3867/2739/2063 3868/2740/2063 3859/2731/2063
f 3859/2731/2063 3868/2740/2063 3869/2741/2063 3860/2732/2063
f 3860/2732/2063 3869/2741/2063 3870/2742/2063 3861/2733/2063
f 3861/2733/2063 3870/2742/2063 3871/2743/2063 3862/2734/2063
f 3862/2734/2063 3871/2743/2063 3872/2744/2063 3863/2735/2063
f 3863/2735/2063 3872/2744/2063 3873/2745/2063 3864/2736/2063
f 3865/2737/2063 3874/2746/2066 3875/2747/2066 3866/2738/2063
f 3866/2738/2063 3875/2747/2066 3876/2748/2066 3867/2739/2063
f 3867/2739/2063 3876/2748/2066 3877/2749/2066 3868/2740/2063
f 3868/2740/2063 3877/2749/2066 3878/2750/2066 3869/2741/2063
f 3869/2741/2063 3878/2750/2066 3879/2751/2066 3870/2742/2063
f 3870/2742/2063 3879/2751/2066 3880/2752/2066 3871/2743/2063
f 3871/2743/2063 3880/2752/2066 3881/2753/2066 3872/2744/2063
f 3872/2744/2063 3881/2753/2066 3882/2754/2066 3873/2745/2063
f 3874/2746/2066 3883/2755/2067 3884/2756/2067 3875/2747/2066
f 3875/2747/2066 3884/2756/2067 3885/2757/2067 3876/2748/2066
f 3876/2748/2066 3885/2757/2067 3886/2758/2067 3877/2749/2066
f 3877/2749/2066 3886/2758/2067 3887/2759/2067 3878/2750/2066
f 3878/2750/2066 3887/2759/2067 3888/2760/2067 3879/2751/2066
f 3879/2751/2066 3888/2760/2067 3889/2761/2067 3880/2752/2066
f 3880/2752/2066 3889/2761/2067 3890/2762/2067 3881/2753/2066
f 3881/2753/2066 3890/2762/2067 3891/2763/2067 3882/2754/2066
f 3883/2755/2067 3892/2764/2068 3893/2765/2068 3884/2756/2067
f 3884/2756/2067 3893/2765/2068 3894/2766/2068 3885/2757/2067
f 3885/2757/2067 3894/2766/2068 3895/2767/2068 3886/2758/2067
f 3886/2758/2067 3895/2767/2068 3896/2768/2068 3887/2759/2067
f 3887/2759/2067 3896/2768/2068 3897/2769/2068 3888/2760/2067
f 3888/2760/2067 3897/2769/2068 3898/2770/2068 3889/2761/2067
f 3889/2761/2067 3898/2770/2068 3899/2771/2068 3890/2762/2067
f 3890/2762/2067 3899/2771/2068 3900/2772/2068 3891/2763/2067
f 3892/2764/2068 3901/2773/2069 3902/2774/2070 3893/2765/2068
f 3893/2765/2068 3902/2774/2070 3903/2775/2070 3894/2766/2068
f 3894/2766/2068 3903/2775/2070 3904/2776/2070 3895/2767/2068
f 3895/2767/2068 3904/2776/2070 3905/2777/2070 3896/2768/2068
f 3896/2768/2068 3905/2777/2070 3906/2778/2070 3897/2769/2068
f 3897/2769/2068 3906/2778/2070 3907/2779/2070 3898/2770/2068
f 3898/2770/2068 3907/2779/2070 3908/2780/2070 3899/2771/2068
f 3899/2771/2068 3908/2780/2070 3909/2781/2069 3900/2772/2068
f 3901/2773/2069 3910/2782/2071 3911/2783/2071 3902/2774/2070
f 3902/2774/2070 3911/2783/2071 3912/2784/2071 3903/2775/2070
f 3903/2775/2070 3912/2784/2071 3913/2785/2071 3904/2776/2070
f 3904/2776/2070 3913/2785/2071 3914/2786/2071 3905/2777/2070
f 3905/2777/2070 3914/2786/2071 3915/2787/2071 3906/2778/2070
f 3906/2778/2070 3915/2787/2071 3916/2788/2071 3907/2779/2070
f 3907/2779/2070 3916/2788/2071 3917/2789/2071 3908/2780/2070
f 3908/2780/2070 3917/2789/2071 3918/2790/2071 3909/2781/2069
f 3910/2782/2071 3919/2791/2072 3920/2792/2072 3911/2783/2071
f 3911/2783/2071 3920/2792/2072 3921/2793/2072 3912/2784/2071
f 3912/2784/2071 3921/2793/2072 3922/2794/2072 3913/2785/2071
f 3913/2785/2071 3922/2794/2072 3923/2795/2072 3914/2786/2071
f 3914/2786/2071 3923/2795/2072 3924/2796/2072 3915/2787/2071
f 3915/2787/2071 3924/2796/2072 3925/2797/2072 3916/2788/2071
f 3916/2788/2071 3925/2797/2072 3926/2798/2072 3917/2789/2071
f 3917/2789/2071 3926/2798/2072 3927/2799/2072 3918/2790/2071
f 3919/2791/2072 3928/2800/2073 3929/2801/2073 3920/2792/2072
f 3920/2792/2072 3929/2801/2073 3930/2802/2073 3921/2793/2072
f 3921/2793/2072 3930/2802/2073 3931/2803/2073 3922/2794/2072
f 3922/2794/2072 3931/2803/2073 3932/2804/2073 3923/2795/2072
f 3923/2795/2072 3932/2804/2073 3933/2805/2073 3924/2796/2072
f 3924/2796/2072 3933/2805/2073 3934/2806/2073 3925/2797/2072
f 3925/2797/2072 3934/2806/2073 3935/2807/2073 3926/2798/2072
f 3926/2798/2072 3935/2807/2073 3936/2808/2073 3927/2799/2072
f 3928/2800/2073 3937/2809/2074 3938/2810/2075 3929/2801/2073
f 3929/2801/2073 3938/2810/2075 3939/2811/2075 3930/2802/2073
f 3930/2802/2073 3939/2811/2075 3940/2812/2075 3931/2803/2073
f 3931/2803/2073 3940/2812/2075 3941/2813/2075 3932/2804/2073
f 3932/2804/2073 3941/2813/2075 3942/2814/2075 3933/2805/2073
f 3933/2805/2073 3942/2814/2075 3943/2815/2075 3934/2806/2073
f 3934/2806/2073 3943/2815/2075 3944/2816/2075 3935/2807/2073
f 3935/2807/2073 3944/2816/2075 3945/2817/2075 3936/2808/2073
f 3937/2809/2074 3946/2818/2076 3947/2819/2076 3938/2810/2075
f 3938/2810/2075 3947/2819/2076 3948/2820/2076 3939/2811/2075
f 3939/2811/2075 3948/2820/2076 3949/2821/2076 3940/2812/2075
f 3940/2812/2075 3949/2821/2076 3950/2822/2076 3941/2813/2075
f 3941/2813/2075 3950/2822/2076 3951/2823/2076 3942/2814/2075
f 3942/2814/2075 3951/2823/2076 3952/2824/2076 3943/2815/2075
f 3943/2815/2075 3952/2824/2076 3953/2825/2076 3944/2816/2075
f 3944/2816/2075 3953/2825/2076 3954/2826/2076 3945/2817/2075
f 3946/2818/2076 3955/2827/2077 3956/2828/2077 3947/2819/2076
f 3947/2819/2076 3956/2828/2077 3957/2829/2077 3948/2820/2076
f 3948/2820/2076 3957/2829/2077 3958/2830/2078 3949/2821/2076
f 3949/2821/2076 3958/2830/2078 3959/2831/2077 3950/2822/2076
f 3950/2822/2076 3959/2831/2077 3960/2832/2077 3951/2823/2076
f 3951/2823/2076 3960/2832/2077 3961/2833/2077 3952/2824/2076
f 3952/2824/2076 3961/2833/2077 3962/2834/2077 3953/2825/2076
f 3953/2825/2076 3962/2834/2077 3963/2835/2078 3954/2826/2076
f 3955/2827/2077 3964/2836/2079 3965/2837/2080 3956/2828/2077
f 3956/2828/2077 3965/2837/2080 3966/2838/2080 3957/2829/2077
f 3957/2829/2077 3966/2838/2080 3967/2839/2079 3958/2830/2078
f 3958/2830/2078 3967/2839/2079 3968/2840/2079 3959/2831/2077
f 3959/2831/2077 3968/2840/2079 3969/2841/2079 3960/2832/2077
f 3960/2832/2077 3969/2841/2079 3970/2842/2079 3961/2833/2077
f 3961/2833/2077 3970/2842/2079 3971/2843/2079 3962/2834/2077
f 3962/2834/2077 3971/2843/2079 3972/2844/2079 3963/2835/2078
f 3964/2836/2079 3973/2845/2081 3974/2846/2081 3965/2837/2080
f 3965/2837/2080 3974/2846/2081 3975/2847/2081 3966/2838/2080
f 3966/2838/2080 3975/2847/2081 3976/2848/2081 3967/2839/2079
f 3967/2839/2079 3976/2848/2081 3977/2849/2081 3968/2840/2079
f 3968/2840/2079 3977/2849/2081 3978/2850/2081 3969/2841/2079
f 3969/2841/2079 3978/2850/2081 3979/2851/2081 3970/2842/2079
f 3970/2842/2079 3979/2851/2081 3980/2852/2081 3971/2843/2079
f 3971/2843/2079 3980/2852/2081 3981/2853/2081 3972/2844/2079
f 3973/2845/2081 3982/2854/2082 3983/2855/2082 3974/2846/2081
f 3974/2846/2081 3983/2855/2082 3984/2856/2082 3975/2847/2081
f 3975/2847/2081 3984/2856/2082 3985/2857/2082 3976/2848/2081
f 3976/2848/2081 3985/2857/2082 3986/2858/2082 3977/2849/2081
f 3977/2849/2081 3986/2858/2082 3987/2859/2082 3978/2850/2081
f 3978/2850/2081 3987/2859/2082 3988/2860/2082 3979/2851/2081
f 3979/2851/2081 3988/2860/2082 3989/2861/2082 3980/2852/2081
f 3980/2852/2081 3989/2861/2082 3990/2862/2082 3981/2853/2081
f 3982/2854/2082 3991/2863/2083 3992/2864/2083 3983/2855/2082
f 3983/2855/2082 3992/2864/2083 3993/2865/2083 3984/2856/2082
f 3984/2856/2082 3993/2865/2083 3994/2866/2083 3985/2857/2082
f 3985/2857/2082 3994/2866/2083 3995/2867/2083 3986/2858/2082
f 3986/2858/2082 3995/2867/2083 3996/2868/2083 3987/2859/2082
f 3987/2859/2082 3996/2868/2083 3997/2869/2083 3988/2860/2082
f 3988/2860/2082 3997/2869/2083 3998/2870/2083 3989/2861/2082
f 3989/2861/2082 3998/2870/2083 3999/2871/2084 3990/2862/2082
f 3991/2863/2083 4000/2872/2085 4001/2873/2085 3992/2864/2083
f 3992/2864/2083 4001/2873/2085 4002/2874/2085 3993/2865/2083
f 3993/2865/2083 4002/2874/2085 4003/2875/2085 3994/2866/2083
f 3994/2866/2083 4003/2875/2085 4004/2876/2085 3995/2867/2083
f 3995/2867/2083 4004/2876/2085 4005/2877/2085 3996/2868/2083
f 3996/2868/2083 4005/2877/2085 4006/2878/2085 3997/2869/2083
f 3997/2869/2083 4006/2878/2085 4007/2879/2085 3998/2870/2083
f 3998/2870/2083 4007/2879/2085 4008/2880/2085 3999/2871/2084
f 4000/2872/2085 4009/2881/2086 4010/2882/2086 4001/2873/2085
f 4001/2873/2085 4010/2882/2086 4011/2883/2086 4002/2874/2085
f 4002/2874/2085 4011/2883/2086 4012/2884/2086 4003/2875/2085
f 4003/2875/2085 4012/2884/2086 4013/2885/2086 4004/2876/2085
f 4004/2876/2085 4013/2885/2086 4014/2886/2086 4005/2877/2085
f 4005/2877/2085 4014/2886/2086 4015/2887/2086 4006/2878/2085
f 4006/2878/2085 4015/2887/2086 4016/2888/2086 4007/2879/2085
f 4007/2879/2085 4016/2888/2086 4017/2889/2086 4008/2880/2085
f 4009/2881/2086 4018/2890/2087 4019/2891/2087 4010/2882/2086
f 4010/2882/2086 4019/2891/2087 4020/2892/2087 4011/2883/2086
f 4011/2883/2086 4020/2892/2087 4021/2893/2087 4012/2884/2086
f 4012/2884/2086 4021/2893/2087 4022/2894/2087 4013/2885/2086
f 4013/2885/2086 4022/2894/2087 4023/2895/2087 4014/2886/2086
f 4014/2886/2086 4023/2895/2087 4024/2896/2087 4015/2887/2086
f 4015/2887/2086 4024/2896/2087 4025/2897/2087 4016/2888/2086
f 4016/2888/2086 4025/2897/2087 4026/2898/2087 4017/2889/2086
f 4018/2890/2087 4027/2899/2088 4028/2900/2089 4019/2891/2087
f 4019/2891/2087 4028/2900/2089 4029/2901/2089 4020/2892/2087
f 4020/2892/2087 4029/2901/2089 4030/2902/2089 4021/2893/2087
f 4021/2893/2087 4030/2902/2089 4031/2903/2089 4022/2894/2087
f 4022/2894/2087 4031/2903/2089 4032/2904/2089 4023/2895/2087
f 4023/2895/2087 4032/2904/2089 4033/2905/2089 4024/2896/2087
f 4024/2896/2087 4033/2905/2089 4034/2906/2089 4025/2897/2087
f 4025/2897/2087 4034/2906/2089 4035/2907/2088 4026/2898/2087
f 4027/2899/2088 4036/2908/2090 4037/2909/2090 4028/2900/2089
f 4028/2900/2089 4037/2909/2090 4038/2910/2090 4029/2901/2089
f 4029/2901/2089 4038/2910/2090 4039/2911/2090 4030/2902/2089
f 4030/2902/2089 4039/2911/2090 4040/2912/2090 4031/2903/2089
f 4031/2903/2089 4040/2912/2090 4041/2913/2090 4032/2904/2089
f 4032/2904/2089 4041/2913/2090 4042/2914/2090 4033/2905/2089
f 4033/2905/2089 4042/2914/2090 4043/2915/2090 4034/2906/2089
f 4034/2906/2089 4043/2915/2090 4044/2916/2090 4035/2907/2088
f 4036/2908/2090 4045/2917/2091 4046/2918/2091 4037/2909/2090
f 4037/2909/2090 4046/2918/2091 4047/2919/2091 4038/2910/2090
f 4038/2910/2090 4047/2919/2091 4048/2920/2091 4039/2911/2090
f 4039/2911/2090 4048/2920/2091 4049/2921/2091 4040/2912/2090
f 4040/2912/2090 4049/2921/2091 4050/2922/2091 4041/2913/2090
f 4041/2913/2090 4050/2922/2091 4051/2923/2091 4042/2914/2090
f 4042/2914/2090 4051/2923/2091 4052/2924/2091 4043/2915/2090
f 4043/2915/2090 4052/2924/2091 4053/2925/2091 4044/2916/2090
f 4045/2917/2091 4054/2926/2092 4055/2927/2092 4046/2918/2091
f 4046/2918/2091 4055/2927/2092 4056/2928/2092 4047/2919/2091
f 4047/2919/2091 4056/2928/2092 4057/2929/2092 4048/2920/2091
f 4048/2920/2091 4057/2929/2092 4058/2930/2092 4049/2921/2091
f 4049/2921/2091 4058/2930/2092 4059/2931/2092 4050/2922/2091
f 4050/2922/2091 4059/2931/2092 4060/2932/2092 4051/2923/2091
f 4051/2923/2091 4060/2932/2092 4061/2933/2092 4052/2924/2091
f 4052/2924/2091 4061/2933/2092 4062/2934/2092 4053/2925/2091
f 4054/2926/2092 4063/2935/2093 4064/2936/2093 4055/2927/2092
f 4055/2927/2092 4064/2936/2093 4065/2937/2093 4056/2928/2092
f 4056/2928/2092 4065/2937/2093 4066/2938/2093 4057/2929/2092
f 4057/2929/2092 4066/2938/2093 4067/2939/2093 4058/2930/2092
f 4058/2930/2092 4067/2939/2093 4068/2940/2093 4059/2931/2092
f 4059/2931/2092 4068/2940/2093 4069/2941/2093 4060/2932/2092
f 4060/2932/2092 4069/2941/2093 4070/2942/2093 4061/2933/2092
f 4061/2933/2092 4070/2942/2093 4071/2943/2093 4062/2934/2092
usemtl track_rail
f 4074/2540/2094 4075/2555/2094 4073/2556/2094 4072/2539/2094
f 4076/2557/2094 4077/2565/2094 4075/2555/2094 4074/2540/2094
f 4078/2566/2095 4079/2574/2095 4077/2565/2094 4076/2557/2094
f 4080/2575/2096 4081/2583/2096 4079/2574/2095 4078/2566/2095
f 4082/2584/2097 4083/2592/2097 4081/2583/2096 4080/2575/2096
f 4084/2593/2098 4085/2601/2098 4083/2592/2097 4082/2584/2097
f 4086/2602/2099 4087/2610/2099 4085/2601/2098 4084/2593/2098
f 4088/2611/2100 4089/2619/2100 4087/2610/2099 4086/2602/2099
f 4090/2620/2101 4091/2628/2101 4089/2619/2100 4088/2611/2100
f 4092/2629/2102 4093/2637/2102 4091/2628/2101 4090/2620/2101
f 4094/2638/2103 4095/2646/2103 4093/2637/2102 4092/2629/2102
f 4096/2647/2104 4097/2655/2104 4095/2646/2103 4094/2638/2103
f 4098/2656/2105 4099/2664/2105 4097/2655/2104 4096/2647/2104
f 4100/2665/2106 4101/2673/2106 4099/2664/2105 4098/2656/2105
f 4102/2674/2107 4103/2682/2107 4101/2673/2106 4100/2665/2106
f 4104/2683/2108 4105/2691/2108 4103/2682/2107 4102/2674/2107
f 4106/2692/2109 4107/2700/2109 4105/2691/2108 4104/2683/2108
f 4108/2701/2110 4109/2709/2110 4107/2700/2109 4106/2692/2109
f 4110/2710/2111 4111/2718/2111 4109/2709/2110 4108/2701/2110
f 4112/2719/2112 4113/2727/2112 4111/2718/2111 4110/2710/2111
f 4114/2728/2112 4115/2736/2112 4113/2727/2112 4112/2719/2112
f 4116/2737/2113 4117/2745/2113 4115/2736/2112 4114/2728/2112
f 4118/2746/2113 4119/2754/2113 4117/2745/2113 4116/2737/2113
f 4120/2755/2113 4121/2763/2113 4119/2754/2113 4118/2746/2113
f 4122/2764/2114 4123/2772/2114 4121/2763/2113 4120/2755/2113
f 4124/2773/2114 4125/2781/2114 4123/2772/2114 4122/2764/2114
f 4126/2782/2114 4127/2790/2114 4125/2781/2114 4124/2773/2114
f 4128/2791/2114 4129/2799/2114 4127/2790/2114 4126/2782/2114
f 4130/2800/2110 4131/2808/2110 4129/2799/2114 4128/2791/2114
f 4132/2809/2110 4133/2817/2110 4131/2808/2110 4130/2800/2110
f 4134/2818/2110 4135/2826/2110 4133/2817/2110 4132/2809/2110
f 4136/2827/2110 4137/2835/2110 4135/2826/2110 4134/2818/2110
f 4138/2836/2110 4139/2844/2110 4137/2835/2110 4136/2827/2110
f 4140/2845/2110 4141/2853/2110 4139/2844/2110 4138/2836/2110
f 4142/2854/2110 4143/2862/2110 4141/2853/2110 4140/2845/2110
f 4144/2863/2110 4145/2871/2110 4143/2862/2110 4142/2854/2110
f 4146/2872/2110 4147/2880/2110 4145/2871/2110 4144/2863/2110
f 4148/2881/2110 4149/2889/2110 4147/2880/2110 4146/2872/2110
f 4150/2890/2110 4151/2898/2110 4149/2889/2110 4148/2881/2110
f 4152/2899/2110 4153/2907/2110 4151/2898/2110 4150/2890/2110
f 4154/2908/2110 4155/2916/2110 4153/2907/2110 4152/2899/2110
f 4156/2917/2114 4157/2925/2114 4155/2916/2110 4154/2908/2110
f 4158/2926/2114 4159/2934/2114 4157/2925/2114 4156/2917/2114
f 4160/2935/2114 4161/2943/2114 4159/2934/2114 4158/2926/2114
f 4162/2556/2115 4163/2539/2115 4165/2540/2115 4164/2555/2115
f 4164/2555/2115 4165/2540/2115 4167/2557/2115 4166/2565/2115
f 4166/2565/2115 4167/2557/2115 4169/2566/2116 4168/2574/2116
f 4168/2574/2116 4169/2566/2116 4171/2575/2117 4170/2583/2117
f 4170/2583/2117 4171/2575/2117 4173/2584/2118 4172/2592/2118
f 4172/2592/2118 4173/2584/2118 4175/2593/2119 4174/2601/2119
f 4174/2601/2119 4175/2593/2119 4177/2602/2120 4176/2610/2120
f 4176/2610/2120 4177/2602/2120 4179/2611/2121 4178/2619/2121
f 4178/2619/2121 4179/2611/2121 4181/2620/2122 4180/2628/2122
f 4180/2628/2122 4181/2620/2122 4183/2629/2123 4182/2637/2123
f 4182/2637/2123 4183/2629/2123 4185/2638/2124 4184/2646/2124
f 4184/2646/2124 4185/2638/2124 4187/2647/2125 4186/2655/2125
f 4186/2655/2125 4187/2647/2125 4189/2656/2126 4188/2664/2126
f 4188/2664/2126 4189/2656/2126 4191/2665/2127 4190/2673/2127
f 4190/2673/2127 4191/2665/2127 4193/2674/2128 4192/2682/2128
f 4192/2682/2128 4193/2674/2128 4195/2683/2129 4194/2691/2129
f 4194/2691/2129 4195/2683/2129 4197/2692/2130 4196/2700/2130
f 4196/2700/2130 4197/2692/2130 4199/2701/2131 4198/2709/2131
f 4198/2709/2131 4199/2701/2131 4201/2710/2132 4200/2718/2132
f 4200/2718/2132 4201/2710/2132 4203/2719/2133 4202/2727/2133
f 4202/2727/2133 4203/2719/2133 4205/2728/2133 4204/2736/2133
f 4204/2736/2133 4205/2728/2133 4207/2737/2134 4206/2745/2134
f 4206/2745/2134 4207/2737/2134 4209/2746/2134 4208/2754/2134
f 4208/2754/2134 4209/2746/2134 4211/2755/2134 4210/2763/2134
f 4210/2763/2134 4211/2755/2134 4213/2764/2135 4212/2772/2135
f 4212/2772/2135 4213/2764/2135 4215/2773/2135 4214/2781/2135
f 4214/2781/2135 4215/2773/2135 4217/2782/2135 4216/2790/2135
f 4216/2790/2135 4217/2782/2135 4219/2791/2135 4218/2799/2135
f 4218/2799/2135 4219/2791/2135 4221/2800/2131 4220/2808/2131
f 4220/2808/2131 4221/2800/2131 4223/2809/2131 4222/2817/2131
f 4222/2817/2131 4223/2809/2131 4225/2818/2131 4224/2826/2131
f 4224/2826/2131 4225/2818/2131 4227/2827/2131 4226/2835/2131
f 4226/2835/2131 4227/2827/2131 4229/2836/2131 4228/2844/2131
f 4228/2844/2131 4229/2836/2131 4231/2845/2131 4230/2853/2131
f 4230/2853/2131 4231/2845/2131 4233/2854/2131 4232/2862/2131
f 4232/2862/2131 4233/2854/2131 4235/2863/2131 4234/2871/2131
f 4234/2871/2131 4235/2863/2131 4237/2872/2131 4236/2880/2131
f 4236/2880/2131 4237/2872/2131 4239/2881/2131 4238/2889/2131
f 4238/2889/2131 4239/2881/2131 4241/2890/2131 4240/2898/2131
f 4240/2898/2131 4241/2890/2131 4243/2899/2131 4242/2907/2131
f 4242/2907/2131 4243/2899/2131 4245/2908/2131 4244/2916/2131
f 4244/2916/2131 4245/2908/2131 4247/2917/2135 4246/2925/2135
f 4246/2925/2135 4247/2917/2135 4249/2926/2135 4248/2934/2135
f 4248/2934/2135 4249/2926/2135 4251/2935/2135 4250/2943/2135
usemtl embed_border
f 6876/2959/2143 6877/2958/2142 4267/2958/2549 4259/2959/2550
f 6877/2958/2142 6878/2967/2145 4275/2967/2551 4267/2958/2549
f 6878/2967/2145 6879/2700/2147 4283/2700/2552 4275/2967/2551
f 6879/2700/2147 6880/2981/2149 4291/2981/2553 4283/2700/2552
f 6880/2981/2149 6881/2989/2151 4299/2989/2554 4291/2981/2553
f 6881/2989/2151 6882/2997/2153 4307/2997/2555 4299/2989/2554
f 6882/2997/2153 6883/3005/2155 4315/3005/2555 4307/2997/2555
f 6883/3005/2155 6884/3013/2157 4323/3013/2556 4315/3005/2555
f 6884/3013/2157 6885/3021/2159 4331/3021/2557 4323/3013/2556
f 6885/3021/2159 6886/3029/2161 4339/3029/2558 4331/3021/2557
f 6886/3029/2161 6887/3037/2162 4347/3037/2559 4339/3029/2558
f 6887/3037/2162 6888/3045/2162 4355/3045/2559 4347/3037/2559
f 6888/3045/2162 6889/3053/2162 4363/3053/2559 4355/3045/2559
f 6889/3053/2162 6890/2709/2162 4371/2709/2559 4363/3053/2559
f 6890/2709/2162 6891/3067/2161 4379/3067/2559 4371/2709/2559
f 6891/3067/2161 6892/3075/2161 4387/3075/2559 4379/3067/2559
f 6892/3075/2161 6893/3083/2162 4395/3083/2559 4387/3075/2559
f 6893/3083/2162 6894/3091/2162 4403/3091/2559 4395/3083/2559
f 6894/3091/2162 6895/3099/2162 4411/3099/2559 4403/3091/2559
f 6895/3099/2162 6896/3107/2162 4419/3107/2559 4411/3099/2559
f 6896/3107/2162 6897/2718/2162 4427/2718/2559 4419/3107/2559
f 6897/2718/2162 6898/3121/2162 4435/3121/2559 4427/2718/2559
f 6898/3121/2162 6899/3129/2162 4443/3129/2559 4435/3121/2559
f 6899/3129/2162 6900/3137/2162 4451/3137/2559 4443/3129/2559
f 6900/3137/2162 6901/3145/2162 4459/3145/2559 4451/3137/2559
f 6901/3145/2162 6902/3153/2162 4467/3153/2559 4459/3145/2559
f 6902/3153/2162 6903/3161/2162 4475/3161/2559 4467/3153/2559
f 6903/3161/2162 6904/2727/2162 4483/2727/2559 4475/3161/2559
f 6904/2727/2162 6905/3175/2162 4491/3175/2559 4483/2727/2559
f 6905/3175/2162 6906/3183/2162 4499/3183/2559 4491/3175/2559
f 6906/3183/2162 6907/3191/2164 4507/3191/2560 4499/3183/2559
f 6907/3191/2164 6908/3199/2164 4515/3199/2560 4507/3191/2560
f 6908/3199/2164 6909/2736/2162 4523/2736/2559 4515/3199/2560
f 6909/2736/2162 6910/3213/2162 4531/3213/2559 4523/2736/2559
f 6910/3213/2162 6911/3221/2162 4539/3221/2559 4531/3213/2559
f 6911/3221/2162 6912/3229/2162 4547/3229/2559 4539/3221/2559
f 6912/3229/2162 6913/3237/2162 4555/3237/2559 4547/3229/2559
f 6913/3237/2162 6914/3245/2162 4563/3245/2559 4555/3237/2559
f 6914/3245/2162 6915/3253/2166 4571/3253/2559 4563/3245/2559
f 6915/3253/2166 6916/2745/2166 4579/2745/2561 4571/3253/2559
f 6916/2745/2166 6917/3267/2162 4587/3267/2559 4579/2745/2561
f 6917/3267/2162 6918/3275/2162 4595/3275/2559 4587/3267/2559
f 6918/3275/2162 6919/3283/2162 4603/3283/2561 4595/3275/2559
f 6919/3283/2162 6920/3291/2162 4611/3291/2561 4603/3283/2561
f 6920/3291/2162 6921/2754/2162 4619/2754/2561 4611/3291/2561
f 6921/2754/2162 6922/3305/2162 4627/3305/2561 4619/2754/2561
f 6922/3305/2162 6923/3313/2162 4635/3313/2561 4627/3305/2561
f 6923/3313/2162 6924/3321/2162 4643/3321/2562 4635/3313/2561
f 6924/3321/2162 6925/3329/2171 4651/3329/2557 4643/3321/2562
f 6925/3329/2171 6926/3337/2157 4659/3337/2563 4651/3329/2557
f 6926/3337/2157 6927/3345/2155 4667/3345/2564 4659/3337/2563
f 6927/3345/2155 6928/3353/2177 4675/3353/2565 4667/3345/2564
f 6928/3353/2177 6929/3361/2179 4683/3361/2565 4675/3353/2565
f 6929/3361/2179 6930/2763/2179 4691/2763/2566 4683/3361/2565
f 6930/2763/2179 6931/3375/2181 4699/3375/2566 4691/2763/2566
f 6931/3375/2181 6932/3383/2181 4707/3383/2566 4699/3375/2566
f 6932/3383/2181 6933/3391/2182 4715/3391/2565 4707/3383/2566
f 6933/3391/2182 6934/3399/2182 4723/3399/2565 4715/3391/2565
f 6934/3399/2182 6935/2772/2177 4731/2772/2567 4723/3399/2565
f 6935/2772/2177 6936/3413/2155 4739/3413/2568 4731/2772/2567
f 6936/3413/2155 6937/3421/2157 4747/3421/2569 4739/3413/2568
f 6937/3421/2157 6938/3429/2159 4755/3429/2554 4747/3421/2569
f 6938/3429/2159 6939/3437/2190 4763/3437/2558 4755/3429/2554
f 6939/3437/2190 6940/3445/2194 4771/3445/2570 4763/3437/2558
f 6940/3445/2194 6941/3453/2197 4779/3453/2571 4771/3445/2570
f 6941/3453/2197 6942/3461/2200 4787/3461/2572 4779/3453/2571
f 6942/3461/2200 6943/3469/2203 4795/3469/2573 4787/3461/2572
f 6943/3469/2203 6944/2781/2205 4803/2781/2574 4795/3469/2573
f 6944/2781/2205 6945/3483/2208 4811/3483/2575 4803/2781/2574
f 6945/3483/2208 6946/3491/2211 4819/3491/2576 4811/3483/2575
f 6946/3491/2211 6947/3499/2214 4827/3499/2577 4819/3491/2576
f 6947/3499/2214 6948/3507/2217 4835/3507/2578 4827/3499/2577
f 6948/3507/2217 6949/3515/2220 4843/3515/2579 4835/3507/2578
f 6949/3515/2220 6950/3523/2223 4851/3523/2580 4843/3515/2579
f 6950/3523/2223 6951/3531/2226 4859/3531/2581 4851/3523/2580
f 6951/3531/2226 6952/3539/2229 4867/3539/2582 4859/3531/2581
f 6952/3539/2229 6953/2790/2232 4875/2790/2583 4867/3539/2582
f 6953/2790/2232 6954/3553/2235 4883/3553/2584 4875/2790/2583
f 6954/3553/2235 6955/3561/2238 4891/3561/2585 4883/3553/2584
f 6955/3561/2238 6956/3569/2242 4899/3569/2586 4891/3561/2585
f 6956/3569/2242 6957/3577/2246 4907/3577/2587 4899/3569/2586
f 6957/3577/2246 6958/2799/2249 4915/2799/2588 4907/3577/2587
f 6958/2799/2249 6959/3591/2252 4923/3591/2589 4915/2799/2588
f 6959/3591/2252 6960/3599/2255 4931/3599/2590 4923/3591/2589
f 6960/3599/2255 6961/3607/2258 4939/3607/2591 4931/3599/2590
f 6961/3607/2258 6962/3615/2261 4947/3615/2592 4939/3607/2591
f 6962/3615/2261 6963/3623/2264 4955/3623/2593 4947/3615/2592
f 6963/3623/2264 6964/3631/2267 4963/3631/2594 4955/3623/2593
f 6964/3631/2267 6965/3639/2270 4971/3639/2595 4963/3631/2594
f 6965/3639/2270 6966/3647/2273 4979/3647/2596 4971/3639/2595
f 6966/3647/2273 6967/2808/2276 4987/2808/2597 4979/3647/2596
f 6967/2808/2276 6968/3661/2279 4995/3661/2598 4987/2808/2597
f 6968/3661/2279 6969/3669/2282 5003/3669/2599 4995/3661/2598
f 6969/3669/2282 6970/3677/2285 5011/3677/2600 5003/3669/2599
f 6970/3677/2285 6971/3685/2288 5019/3685/2601 5011/3677/2600
f 6971/3685/2288 6972/3693/2291 5027/3693/2602 5019/3685/2601
f 6972/3693/2291 6973/3701/2294 5035/3701/2603 5027/3693/2602
f 6973/3701/2294 6974/2817/2298 5043/2817/2604 5035/3701/2603
f 6974/2817/2298 6975/3715/2301 5051/3715/2605 5043/2817/2604
f 6975/3715/2301 6976/3723/2304 5059/3723/2606 5051/3715/2605
f 6976/3723/2304 6977/3731/2307 5067/3731/2607 5059/3723/2606
f 6977/3731/2307 6978/3739/2310 5075/3739/2608 5067/3731/2607
f 6978/3739/2310 6979/2826/2313 5083/2826/2609 5075/3739/2608
f 6979/2826/2313 6980/3753/2316 5091/3753/2610 5083/2826/2609
f 6980/3753/2316 6981/3761/2319 5099/3761/2611 5091/3753/2610
f 6981/3761/2319 6982/3769/2322 5107/3769/2612 5099/3761/2611
f 6982/3769/2322 6983/3777/2325 5115/3777/2613 5107/3769/2612
f 6983/3777/2325 6984/3785/2328 5123/3785/2614 5115/3777/2613
f 6984/3785/2328 6985/3793/2331 5131/3793/2615 5123/3785/2614
f 6985/3793/2331 6986/2835/2334 5139/2835/2616 5131/3793/2615
f 6986/2835/2334 6987/3807/2339 5147/3807/2617 5139/2835/2616
f 6987/3807/2339 6988/3815/2342 5155/3815/2618 5147/3807/2617
f 6988/3815/2342 6989/3823/2345 5163/3823/2619 5155/3815/2618
f 6989/3823/2345 6990/3831/2348 5171/3831/2620 5163/3823/2619
f 6990/3831/2348 6991/2844/2351 5179/2844/2621 5171/3831/2620
f 6991/2844/2351 6992/3845/2354 5187/3845/2622 5179/2844/2621
f 6992/3845/2354 6993/3853/2358 5195/3853/2623 5187/3845/2622
f 6993/3853/2358 6994/3861/2361 5203/3861/2624 5195/3853/2623
f 6994/3861/2361 6995/3869/2364 5211/3869/2625 5203/3861/2624
f 6995/3869/2364 6996/3877/2368 5219/3877/2626 5211/3869/2625
f 6996/3877/2368 6997/3885/2371 5227/3885/2627 5219/3877/2626
f 6997/3885/2371 6998/2853/2374 5235/2853/2628 5227/3885/2627
f 6998/2853/2374 6999/3899/2378 5243/3899/2629 5235/2853/2628
f 6999/3899/2378 7000/3907/2381 5251/3907/2630 5243/3899/2629
f 7000/3907/2381 7001/3915/2385 5259/3915/2631 5251/3907/2630
f 7001/3915/2385 7002/3923/2389 5267/3923/2632 5259/3915/2631
f 7002/3923/2389 7003/2862/2392 5275/2862/2633 5267/3923/2632
f 7003/2862/2392 7004/3937/2395 5283/3937/2634 5275/2862/2633
f 7004/3937/2395 7005/3945/2398 5291/3945/2635 5283/3937/2634
f 7005/3945/2398 7006/3953/2401 5299/3953/2636 5291/3945/2635
f 7006/3953/2401 7007/3961/2404 5307/3961/2637 5299/3953/2636
f 7007/3961/2404 7008/3969/2407 5315/3969/2638 5307/3961/2637
f 7008/3969/2407 7009/3977/2410 5323/3977/2639 5315/3969/2638
f 7009/3977/2410 7010/3985/2413 5331/3985/2640 5323/3977/2639
f 7010/3985/2413 7011/3993/2416 5339/3993/2641 5331/3985/2640
f 7011/3993/2416 7012/4001/2419 5347/4001/2642 5339/3993/2641
f 7012/4001/2419 7013/4009/2423 5355/4009/2643 5347/4001/2642
f 7013/4009/2423 7014/2871/2426 5363/2871/2644 5355/4009/2643
f 7014/2871/2426 7015/4023/2429 5371/4023/2645 5363/2871/2644
f 7015/4023/2429 7016/4031/2432 5379/4031/2646 5371/4023/2645
f 7016/4031/2432 7017/4039/2435 5387/4039/2647 5379/4031/2646
f 7017/4039/2435 7018/4047/2438 5395/4047/2648 5387/4039/2647
f 7018/4047/2438 7019/4055/2441 5403/4055/2649 5395/4047/2648
f 7019/4055/2441 7020/4063/2444 5411/4063/2650 5403/4055/2649
f 7020/4063/2444 7021/2880/2447 5419/2880/2651 5411/4063/2650
f 7021/2880/2447 7022/4077/2450 5427/4077/2652 5419/2880/2651
f 7022/4077/2450 7023/4085/2453 5435/4085/2653 5427/4077/2652
f 7023/4085/2453 7024/4093/2456 5443/4093/2654 5435/4085/2653
f 7024/4093/2456 7025/4101/2459 5451/4101/2655 5443/4093/2654
f 7025/4101/2459 7026/2889/2462 5459/2889/2656 5451/4101/2655
f 7026/2889/2462 7027/4115/2466 5467/4115/2657 5459/2889/2656
f 7027/4115/2466 7028/4123/2469 5475/4123/2658 5467/4115/2657
f 7028/4123/2469 7029/4131/2472 5483/4131/2659 5475/4123/2658
f 7029/4131/2472 7030/4139/2475 5491/4139/2660 5483/4131/2659
f 7030/4139/2475 7031/4147/2478 5499/4147/2661 5491/4139/2660
f 7031/4147/2478 7032/4155/2481 5507/4155/2662 5499/4147/2661
f 7032/4155/2481 7033/2898/2484 5515/2898/2663 5507/4155/2662
f 7033/2898/2484 7034/4169/2487 5523/4169/2664 5515/2898/2663
f 7034/4169/2487 7035/4177/2491 5531/4177/2665 5523/4169/2664
f 7035/4177/2491 7036/4185/2494 5539/4185/2666 5531/4177/2665
f 7036/4185/2494 7037/4193/2497 5547/4193/2667 5539/4185/2666
f 7037/4193/2497 7038/2907/2500 5555/2907/2668 5547/4193/2667
f 7038/2907/2500 7039/4207/2503 5563/4207/2669 5555/2907/2668
f 7040/2944/2136 7041/2947/2139 4253/2947/2670 4252/2944/2671
f 7042/2945/2137 7040/2944/2136 4252/2944/2671 4260/2945/2672
f 7043/2960/2144 7042/2945/2137 4260/2945/2672 4268/2960/2673
f 7044/2692/2146 7043/2960/2144 4268/2960/2673 4276/2692/2674
f 7045/2974/2148 7044/2692/2146 4276/2692/2674 4284/2974/2675
f 7046/2982/2150 7045/2974/2148 4284/2974/2675 4292/2982/2676
f 7047/2990/2152 7046/2982/2150 4292/2982/2676 4300/2990/2677
f 7048/2998/2154 7047/2990/2152 4300/2990/2677 4308/2998/2677
f 7049/3006/2156 7048/2998/2154 4308/2998/2677 4316/3006/2678
f 7050/3014/2158 7049/3006/2156 4316/3006/2678 4324/3014/2679
f 7051/3022/2160 7050/3014/2158 4324/3014/2679 4332/3022/2680
f 7052/3030/2160 7051/3022/2160 4332/3022/2680 4340/3030/2681
f 7053/3038/2163 7052/3030/2160 4340/3030/2681 4348/3038/2681
f 7054/3046/2163 7053/3038/2163 4348/3038/2681 4356/3046/2681
f 7055/2701/2163 7054/3046/2163 4356/3046/2681 4364/2701/2681
f 7056/3060/2163 7055/2701/2163 4364/2701/2681 4372/3060/2682
f 7057/3068/2163 7056/3060/2163 4372/3060/2682 4380/3068/2682
f 7058/3076/2163 7057/3068/2163 4380/3068/2682 4388/3076/2683
f 7059/3084/2163 7058/3076/2163 4388/3076/2683 4396/3084/2683
f 7060/3092/2163 7059/3084/2163 4396/3084/2683 4404/3092/2683
f 7061/3100/2163 7060/3092/2163 4404/3092/2683 4412/3100/2683
f 7062/2710/2163 7061/3100/2163 4412/3100/2683 4420/2710/2683
f 7063/3114/2163 7062/2710/2163 4420/2710/2683 4428/3114/2683
f 7064/3122/2163 7063/3114/2163 4428/3114/2683 4436/3122/2683
f 7065/3130/2163 7064/3122/2163 4436/3122/2683 4444/3130/2683
f 7066/3138/2163 7065/3130/2163 4444/3130/2683 4452/3138/2683
f 7067/3146/2163 7066/3138/2163 4452/3138/2683 4460/3146/2683
f 7068/3154/2163 7067/3146/2163 4460/3146/2683 4468/3154/2683
f 7069/2719/2163 7068/3154/2163 4468/3154/2683 4476/2719/2683
f 7070/3168/2163 7069/2719/2163 4476/2719/2683 4484/3168/2683
f 7071/3176/2163 7070/3168/2163 4484/3168/2683 4492/3176/2683
f 7072/3184/2163 7071/3176/2163 4492/3176/2683 4500/3184/2684
f 7073/3192/2163 7072/3184/2163 4500/3184/2684 4508/3192/2684
f 7074/2728/2165 7073/3192/2163 4508/3192/2684 4516/2728/2683
f 7075/3206/2158 7074/2728/2165 4516/2728/2683 4524/3206/2683
f 7076/3214/2158 7075/3206/2158 4524/3206/2683 4532/3214/2683
f 7077/3222/2158 7076/3214/2158 4532/3214/2683 4540/3222/2683
f 7078/3230/2158 7077/3222/2158 4540/3222/2683 4548/3230/2683
f 7079/3238/2158 7078/3230/2158 4548/3230/2683 4556/3238/2683
f 7080/3246/2158 7079/3238/2158 4556/3238/2683 4564/3246/2683
f 7081/2737/2158 7080/3246/2158 4564/3246/2683 4572/2737/2683
f 7082/3260/2158 7081/2737/2158 4572/2737/2683 4580/3260/2683
f 7083/3268/2158 7082/3260/2158 4580/3260/2683 4588/3268/2683
f 7084/3276/2158 7083/3268/2158 4588/3268/2683 4596/3276/2685
f 7085/3284/2167 7084/3276/2158 4596/3276/2685 4604/3284/2685
f 7086/2746/2158 7085/3284/2167 4604/3284/2685 4612/2746/2683
f 7087/3298/2158 7086/2746/2158 4612/2746/2683 4620/3298/2685
f 7088/3306/2158 7087/3298/2158 4620/3298/2685 4628/3306/2685
f 7089/3314/2168 7088/3306/2158 4628/3306/2685 4636/3314/2686
f 7090/3322/2169 7089/3314/2168 4636/3314/2686 4644/3322/2687
f 7091/3330/2172 7090/3322/2169 4644/3322/2687 4652/3330/2688
f 7092/3338/2174 7091/3330/2172 4652/3330/2688 4660/3338/2689
f 7093/3346/2175 7092/3338/2174 4660/3338/2689 4668/3346/2690
f 7094/3354/2178 7093/3346/2175 4668/3346/2690 4676/3354/2691
f 7095/2755/2180 7094/3354/2178 4676/3354/2691 4684/2755/2691
f 7096/3368/2180 7095/2755/2180 4684/2755/2691 4692/3368/2692
f 7097/3376/2180 7096/3368/2180 4692/3368/2692 4700/3376/2691
f 7098/3384/2175 7097/3376/2180 4700/3376/2691 4708/3384/2691
f 7099/3392/2175 7098/3384/2175 4708/3384/2691 4716/3392/2693
f 7100/2764/2183 7099/3392/2175 4716/3392/2693 4724/2764/2689
f 7101/3406/2185 7100/2764/2183 4724/2764/2689 4732/3406/2694
f 7102/3414/2148 7101/3406/2185 4732/3406/2694 4740/3414/2695
f 7103/3422/2168 7102/3414/2148 4740/3414/2695 4748/3422/2683
f 7104/3430/2188 7103/3422/2168 4748/3422/2683 4756/3430/2696
f 7105/3438/2191 7104/3430/2188 4756/3430/2696 4764/3438/2697
f 7106/3446/2195 7105/3438/2191 4764/3438/2697 4772/3446/2698
f 7107/3454/2198 7106/3446/2195 4772/3446/2698 4780/3454/2699
f 7108/3462/2201 7107/3454/2198 4780/3454/2699 4788/3462/2700
f 7109/2773/2204 7108/3462/2201 4788/3462/2700 4796/2773/2701
f 7110/3476/2206 7109/2773/2204 4796/2773/2701 4804/3476/2702
f 7111/3484/2209 7110/3476/2206 4804/3476/2702 4812/3484/2703
f 7112/3492/2212 7111/3484/2209 4812/3484/2703 4820/3492/2704
f 7113/3500/2215 7112/3492/2212 4820/3492/2704 4828/3500/2705
f 7114/3508/2218 7113/3500/2215 4828/3500/2705 4836/3508/2706
f 7115/3516/2221 7114/3508/2218 4836/3508/2706 4844/3516/2707
f 7116/3524/2224 7115/3516/2221 4844/3516/2707 4852/3524/2708
f 7117/3532/2227 7116/3524/2224 4852/3524/2708 4860/3532/2709
f 7118/2782/2230 7117/3532/2227 4860/3532/2709 4868/2782/2710
f 7119/3546/2233 7118/2782/2230 4868/2782/2710 4876/3546/2711
f 7120/3554/2236 7119/3546/2233 4876/3546/2711 4884/3554/2712
f 7121/3562/2239 7120/3554/2236 4884/3554/2712 4892/3562/2713
f 7122/3570/2243 7121/3562/2239 4892/3562/2713 4900/3570/2714
f 7123/2791/2247 7122/3570/2243 4900/3570/2714 4908/2791/2715
f 7124/3584/2250 7123/2791/2247 4908/2791/2715 4916/3584/2716
f 7125/3592/2253 7124/3584/2250 4916/3584/2716 4924/3592/2717
f 7126/3600/2256 7125/3592/2253 4924/3592/2717 4932/3600/2718
f 7127/3608/2259 7126/3600/2256 4932/3600/2718 4940/3608/2719
f 7128/3616/2262 7127/3608/2259 4940/3608/2719 4948/3616/2720
f 7129/3624/2265 7128/3616/2262 4948/3616/2720 4956/3624/2721
f 7130/3632/2268 7129/3624/2265 4956/3624/2721 4964/3632/2722
f 7131/3640/2271 7130/3632/2268 4964/3632/2722 4972/3640/2723
f 7132/2800/2274 7131/3640/2271 4972/3640/2723 4980/2800/2724
f 7133/3654/2277 7132/2800/2274 4980/2800/2724 4988/3654/2725
f 7134/3662/2280 7133/3654/2277 4988/3654/2725 4996/3662/2726
f 7135/3670/2283 7134/3662/2280 4996/3662/2726 5004/3670/2727
f 7136/3678/2286 7135/3670/2283 5004/3670/2727 5012/3678/2728
f 7137/3686/2289 7136/3678/2286 5012/3678/2728 5020/3686/2729
f 7138/3694/2292 7137/3686/2289 5020/3686/2729 5028/3694/2730
f 7139/2809/2295 7138/3694/2292 5028/3694/2730 5036/2809/2731
f 7140/3708/2299 7139/2809/2295 5036/2809/2731 5044/3708/2732
f 7141/3716/2302 7140/3708/2299 5044/3708/2732 5052/3716/2733
f 7142/3724/2305 7141/3716/2302 5052/3716/2733 5060/3724/2734
f 7143/3732/2308 7142/3724/2305 5060/3724/2734 5068/3732/2735
f 7144/2818/2311 7143/3732/2308 5068/3732/2735 5076/2818/2736
f 7145/3746/2314 7144/2818/2311 5076/2818/2736 5084/3746/2737
f 7146/3754/2317 7145/3746/2314 5084/3746/2737 5092/3754/2738
f 7147/3762/2320 7146/3754/2317 5092/3754/2738 5100/3762/2739
f 7148/3770/2323 7147/3762/2320 5100/3762/2739 5108/3770/2740
f 7149/3778/2326 7148/3770/2323 5108/3770/2740 5116/3778/2741
f 7150/3786/2329 7149/3778/2326 5116/3778/2741 5124/3786/2742
f 7151/2827/2332 7150/3786/2329 5124/3786/2742 5132/2827/2743
f 7152/3800/2335 7151/2827/2332 5132/2827/2743 5140/3800/2744
f 7153/3808/2340 7152/3800/2335 5140/3800/2744 5148/3808/2745
f 7154/3816/2343 7153/3808/2340 5148/3808/2745 5156/3816/2746
f 7155/3824/2346 7154/3816/2343 5156/3816/2746 5164/3824/2747
f 7156/2836/2349 7155/3824/2346 5164/3824/2747 5172/2836/2748
f 7157/3838/2352 7156/2836/2349 5172/2836/2748 5180/3838/2749
f 7158/3846/2355 7157/3838/2352 5180/3838/2749 5188/3846/2750
f 7159/3854/2359 7158/3846/2355 5188/3846/2750 5196/3854/2751
f 7160/3862/2362 7159/3854/2359 5196/3854/2751 5204/3862/2752
f 7161/3870/2365 7160/3862/2362 5204/3862/2752 5212/3870/2753
f 7162/3878/2369 7161/3870/2365 5212/3870/2753 5220/3878/2754
f 7163/2845/2372 7162/3878/2369 5220/3878/2754 5228/2845/2755
f 7164/3892/2375 7163/2845/2372 5228/2845/2755 5236/3892/2756
f 7165/3900/2379 7164/3892/2375 5236/3892/2756 5244/3900/2757
f 7166/3908/2382 7165/3900/2379 5244/3900/2757 5252/3908/2758
f 7167/3916/2386 7166/3908/2382 5252/3908/2758 5260/3916/2759
f 7168/2854/2390 7167/3916/2386 5260/3916/2759 5268/2854/2760
f 7169/3930/2393 7168/2854/2390 5268/2854/2760 5276/3930/2761
f 7170/3938/2396 7169/3930/2393 5276/3930/2761 5284/3938/2762
f 7171/3946/2399 7170/3938/2396 5284/3938/2762 5292/3946/2763
f 7172/3954/2402 7171/3946/2399 5292/3946/2763 5300/3954/2764
f 7173/3962/2405 7172/3954/2402 5300/3954/2764 5308/3962/2765
f 7174/3970/2408 7173/3962/2405 5308/3962/2765 5316/3970/2766
f 7175/3978/2411 7174/3970/2408 5316/3970/2766 5324/3978/2767
f 7176/3986/2414 7175/3978/2411 5324/3978/2767 5332/3986/2768
f 7177/3994/2417 7176/3986/2414 5332/3986/2768 5340/3994/2769
f 7178/4002/2420 7177/3994/2417 5340/3994/2769 5348/4002/2770
f 7179/2863/2424 7178/4002/2420 5348/4002/2770 5356/2863/2771
f 7180/4016/2427 7179/2863/2424 5356/2863/2771 5364/4016/2772
f 7181/4024/2430 7180/4016/2427 5364/4016/2772 5372/4024/2773
f 7182/4032/2433 7181/4024/2430 5372/4024/2773 5380/4032/2774
f 7183/4040/2436 7182/4032/2433 5380/4032/2774 5388/4040/2775
f 7184/4048/2439 7183/4040/2436 5388/4040/2775 5396/4048/2776
f 7185/4056/2442 7184/4048/2439 5396/4048/2776 5404/4056/2777
f 7186/2872/2445 7185/4056/2442 5404/4056/2777 5412/2872/2778
f 7187/4070/2448 7186/2872/2445 5412/2872/2778 5420/4070/2779
f 7188/4078/2451 7187/4070/2448 5420/4070/2779 5428/4078/2780
f 7189/4086/2454 7188/4078/2451 5428/4078/2780 5436/4086/2781
f 7190/4094/2457 7189/4086/2454 5436/4086/2781 5444/4094/2782
f 7191/2881/2460 7190/4094/2457 5444/4094/2782 5452/2881/2783
f 7192/4108/2463 7191/2881/2460 5452/2881/2783 5460/4108/2784
f 7193/4116/2467 7192/4108/2463 5460/4108/2784 5468/4116/2785
f 7194/4124/2470 7193/4116/2467 5468/4116/2785 5476/4124/2786
f 7195/4132/2473 7194/4124/2470 5476/4124/2786 5484/4132/2787
f 7196/4140/2476 7195/4132/2473 5484/4132/2787 5492/4140/2788
f 7197/4148/2479 7196/4140/2476 5492/4140/2788 5500/4148/2789
f 7198/2890/2482 7197/4148/2479 5500/4148/2789 5508/2890/2790
f 7199/4162/2485 7198/2890/2482 5508/2890/2790 5516/4162/2791
f 7200/4170/2488 7199/4162/2485 5516/4162/2791 5524/4170/2792
f 7201/4178/2492 7200/4170/2488 5524/4170/2792 5532/4178/2793
f 7202/4186/2495 7201/4178/2492 5532/4178/2793 5540/4186/2794
f 7203/2899/2498 7202/4186/2495 5540/4186/2794 5548/2899/2795
f 7204/4200/2501 7203/2899/2498 5548/2899/2795 5556/4200/2796
f 7205/4201/2502 7204/4200/2501 5556/4200/2796 5557/4201/2797
f 7041/2947/2139 7206/2949/2139 4254/2949/2670 4253/2947/2670
f 7207/4202/2502 7205/4201/2502 5557/4201/2797 5558/4202/2797
f 7206/2949/2139 7208/2951/2139 4255/2951/2670 4254/2949/2670
f 7209/4203/2502 7207/4202/2502 5558/4202/2797 5559/4203/2797
f 7208/2951/2139 7210/2953/2139 4256/2953/2670 4255/2951/2670
f 7211/4204/2502 7209/4203/2502 5559/4203/2797 5560/4204/2797
f 7210/2953/2139 7212/2955/2139 4257/2955/2670 4256/2953/2670
f 7213/4205/2502 7211/4204/2502 5560/4204/2797 5561/4205/2797
f 7212/2955/2139 7214/2957/2139 4258/2957/2670 4257/2955/2670
f 7215/4206/2502 7213/4205/2502 5561/4205/2797 5562/4206/2797
f 7214/2957/2139 6876/2959/2143 4259/2959/2550 4258/2957/2670
f 7039/4207/2503 7215/4206/2502 5562/4206/2797 5563/4207/2669
f 7216/2959/2509 7217/2958/2508 5579/2958/2798 5571/2959/2799
f 7217/2958/2508 7218/2967/2145 5587/2967/2551 5579/2958/2798
f 7218/2967/2145 7219/2700/2147 5595/2700/2552 5587/2967/2551
f 7219/2700/2147 7220/2981/2512 5603/2981/2800 5595/2700/2552
f 7220/2981/2512 7221/2989/2151 5611/2989/2801 5603/2981/2800
f 7221/2989/2151 7222/2997/2153 5619/2997/2802 5611/2989/2801
f 7222/2997/2153 7223/3005/2155 5627/3005/2802 5619/2997/2802
f 7223/3005/2155 7224/3013/2157 5635/3013/2803 5627/3005/2802
f 7224/3013/2157 7225/3021/2159 5643/3021/2557 5635/3013/2803
f 7225/3021/2159 7226/3029/2161 5651/3029/2558 5643/3021/2557
f 7226/3029/2161 7227/3037/2162 5659/3037/2559 5651/3029/2558
f 7227/3037/2162 7228/3045/2162 5667/3045/2559 5659/3037/2559
f 7228/3045/2162 7229/3053/2162 5675/3053/2559 5667/3045/2559
f 7229/3053/2162 7230/2709/2162 5683/2709/2559 5675/3053/2559
f 7230/2709/2162 7231/3067/2514 5691/3067/2560 5683/2709/2559
f 7231/3067/2514 7232/3075/2514 5699/3075/2560 5691/3067/2560
f 7232/3075/2514 7233/3083/2162 5707/3083/2559 5699/3075/2560
f 7233/3083/2162 7234/3091/2162 5715/3091/2559 5707/3083/2559
f 7234/3091/2162 7235/3099/2162 5723/3099/2559 5715/3091/2559
f 7235/3099/2162 7236/3107/2162 5731/3107/2559 5723/3099/2559
f 7236/3107/2162 7237/2718/2162 5739/2718/2559 5731/3107/2559
f 7237/2718/2162 7238/3121/2162 5747/3121/2559 5739/2718/2559
f 7238/3121/2162 7239/3129/2162 5755/3129/2559 5747/3121/2559
f 7239/3129/2162 7240/3137/2162 5763/3137/2559 5755/3129/2559
f 7240/3137/2162 7241/3145/2162 5771/3145/2559 5763/3137/2559
f 7241/3145/2162 7242/3153/2162 5779/3153/2559 5771/3145/2559
f 7242/3153/2162 7243/3161/2162 5787/3161/2559 5779/3153/2559
f 7243/3161/2162 7244/2727/2162 5795/2727/2559 5787/3161/2559
f 7244/2727/2162 7245/3175/2162 5803/3175/2559 5795/2727/2559
f 7245/3175/2162 7246/3183/2162 5811/3183/2559 5803/3175/2559
f 7246/3183/2162 7247/3191/2164 5819/3191/2560 5811/3183/2559
f 7247/3191/2164 7248/3199/2164 5827/3199/2560 5819/3191/2560
f 7248/3199/2164 7249/2736/2162 5835/2736/2559 5827/3199/2560
f 7249/2736/2162 7250/3213/2162 5843/3213/2559 5835/2736/2559
f 7250/3213/2162 7251/3221/2162 5851/3221/2559 5843/3213/2559
f 7251/3221/2162 7252/3229/2162 5859/3229/2559 5851/3221/2559
f 7252/3229/2162 7253/3237/2162 5867/3237/2559 5859/3229/2559
f 7253/3237/2162 7254/3245/2162 5875/3245/2559 5867/3237/2559
f 7254/3245/2162 7255/3253/2166 5883/3253/2559 5875/3245/2559
f 7255/3253/2166 7256/2745/2166 5891/2745/2559 5883/3253/2559
f 7256/2745/2166 7257/3267/2162 5899/3267/2559 5891/2745/2559
f 7257/3267/2162 7258/3275/2162 5907/3275/2559 5899/3267/2559
f 7258/3275/2162 7259/3283/2162 5915/3283/2561 5907/3275/2559
f 7259/3283/2162 7260/3291/2162 5923/3291/2561 5915/3283/2561
f 7260/3291/2162 7261/2754/2162 5931/2754/2561 5923/3291/2561
f 7261/2754/2162 7262/3305/2166 5939/3305/2561 5931/2754/2561
f 7262/3305/2166 7263/3313/2162 5947/3313/2561 5939/3305/2561
f 7263/3313/2162 7264/3321/2162 5955/3321/2562 5947/3313/2561
f 7264/3321/2162 7265/3329/2171 5963/3329/2557 5955/3321/2562
f 7265/3329/2171 7266/3337/2157 5971/3337/2563 5963/3329/2557
f 7266/3337/2157 7267/3345/2155 5979/3345/2564 5971/3337/2563
f 7267/3345/2155 7268/3353/2516 5987/3353/2804 5979/3345/2564
f 7268/3353/2516 7269/3361/2182 5995/3361/2565 5987/3353/2804
f 7269/3361/2182 7270/2763/2179 6003/2763/2566 5995/3361/2565
f 7270/2763/2179 7271/3375/2181 6011/3375/2566 6003/2763/2566
f 7271/3375/2181 7272/3383/2181 6019/3383/2566 6011/3375/2566
f 7272/3383/2181 7273/3391/2182 6027/3391/2565 6019/3383/2566
f 7273/3391/2182 7274/3399/2182 6035/3399/2565 6027/3391/2565
f 7274/3399/2182 7275/2772/2177 6043/2772/2567 6035/3399/2565
f 7275/2772/2177 7276/3413/2155 6051/3413/2568 6043/2772/2567
f 7276/3413/2155 7277/3421/2157 6059/3421/2569 6051/3413/2568
f 7277/3421/2157 7278/3429/2159 6067/3429/2554 6059/3421/2569
f 7278/3429/2159 7279/3437/2190 6075/3437/2558 6067/3429/2554
f 7279/3437/2190 7280/3445/2194 6083/3445/2570 6075/3437/2558
f 7280/3445/2194 7281/3453/2197 6091/3453/2571 6083/3445/2570
f 7281/3453/2197 7282/3461/2517 6099/3461/2572 6091/3453/2571
f 7282/3461/2517 7283/3469/2203 6107/3469/2573 6099/3461/2572
f 7283/3469/2203 7284/2781/2205 6115/2781/2574 6107/3469/2573
f 7284/2781/2205 7285/3483/2208 6123/3483/2575 6115/2781/2574
f 7285/3483/2208 7286/3491/2211 6131/3491/2576 6123/3483/2575
f 7286/3491/2211 7287/3499/2518 6139/3499/2577 6131/3491/2576
f 7287/3499/2518 7288/3507/2217 6147/3507/2578 6139/3499/2577
f 7288/3507/2217 7289/3515/2220 6155/3515/2579 6147/3507/2578
f 7289/3515/2220 7290/3523/2223 6163/3523/2580 6155/3515/2579
f 7290/3523/2223 7291/3531/2226 6171/3531/2581 6163/3523/2580
f 7291/3531/2226 7292/3539/2229 6179/3539/2582 6171/3531/2581
f 7292/3539/2229 7293/2790/2232 6187/2790/2583 6179/3539/2582
f 7293/2790/2232 7294/3553/2235 6195/3553/2584 6187/2790/2583
f 7294/3553/2235 7295/3561/2238 6203/3561/2585 6195/3553/2584
f 7295/3561/2238 7296/3569/2242 6211/3569/2586 6203/3561/2585
f 7296/3569/2242 7297/3577/2519 6219/3577/2587 6211/3569/2586
f 7297/3577/2519 7298/2799/2249 6227/2799/2588 6219/3577/2587
f 7298/2799/2249 7299/3591/2521 6235/3591/2805 6227/2799/2588
f 7299/3591/2521 7300/3599/2255 6243/3599/2590 6235/3591/2805
f 7300/3599/2255 7301/3607/2258 6251/3607/2806 6243/3599/2590
f 7301/3607/2258 7302/3615/2261 6259/3615/2592 6251/3607/2806
f 7302/3615/2261 7303/3623/2524 6267/3623/2807 6259/3615/2592
f 7303/3623/2524 7304/3631/2525 6275/3631/2808 6267/3623/2807
f 7304/3631/2525 7305/3639/2270 6283/3639/2595 6275/3631/2808
f 7305/3639/2270 7306/3647/2273 6291/3647/2596 6283/3639/2595
f 7306/3647/2273 7307/2808/2276 6299/2808/2809 6291/3647/2596
f 7307/2808/2276 7308/3661/2279 6307/3661/2598 6299/2808/2809
f 7308/3661/2279 7309/3669/2282 6315/3669/2599 6307/3661/2598
f 7309/3669/2282 7310/3677/2285 6323/3677/2600 6315/3669/2599
f 7310/3677/2285 7311/3685/2288 6331/3685/2601 6323/3677/2600
f 7311/3685/2288 7312/3693/2529 6339/3693/2810 6331/3685/2601
f 7312/3693/2529 7313/3701/2294 6347/3701/2811 6339/3693/2810
f 7313/3701/2294 7314/2817/2298 6355/2817/2604 6347/3701/2811
f 7314/2817/2298 7315/3715/2301 6363/3715/2605 6355/2817/2604
f 7315/3715/2301 7316/3723/2530 6371/3723/2606 6363/3715/2605
f 7316/3723/2530 7317/3731/2307 6379/3731/2607 6371/3723/2606
f 7317/3731/2307 7318/3739/2310 6387/3739/2608 6379/3731/2607
f 7318/3739/2310 7319/2826/2313 6395/2826/2609 6387/3739/2608
f 7319/2826/2313 7320/3753/2316 6403/3753/2610 6395/2826/2609
f 7320/3753/2316 7321/3761/2531 6411/3761/2812 6403/3753/2610
f 7321/3761/2531 7322/3769/2322 6419/3769/2612 6411/3761/2812
f 7322/3769/2322 7323/3777/2325 6427/3777/2613 6419/3769/2612
f 7323/3777/2325 7324/3785/2328 6435/3785/2614 6427/3777/2613
f 7324/3785/2328 7325/3793/2331 6443/3793/2615 6435/3785/2614
f 7325/3793/2331 7326/2835/2334 6451/2835/2616 6443/3793/2615
f 7326/2835/2334 7327/3807/2339 6459/3807/2617 6451/2835/2616
f 7327/3807/2339 7328/3815/2533 6467/3815/2813 6459/3807/2617
f 7328/3815/2533 7329/3823/2345 6475/3823/2619 6467/3815/2813
f 7329/3823/2345 7330/3831/2348 6483/3831/2620 6475/3823/2619
f 7330/3831/2348 7331/2844/2351 6491/2844/2621 6483/3831/2620
f 7331/2844/2351 7332/3845/2535 6499/3845/2622 6491/2844/2621
f 7332/3845/2535 7333/3853/2536 6507/3853/2623 6499/3845/2622
f 7333/3853/2536 7334/3861/2361 6515/3861/2624 6507/3853/2623
f 7334/3861/2361 7335/3869/2364 6523/3869/2625 6515/3861/2624
f 7335/3869/2364 7336/3877/2368 6531/3877/2626 6523/3869/2625
f 7336/3877/2368 7337/3885/2371 6539/3885/2627 6531/3877/2626
f 7337/3885/2371 7338/2853/2374 6547/2853/2628 6539/3885/2627
f 7338/2853/2374 7339/3899/2378 6555/3899/2629 6547/2853/2628
f 7339/3899/2378 7340/3907/2381 6563/3907/2630 6555/3899/2629
f 7340/3907/2381 7341/3915/2539 6571/3915/2631 6563/3907/2630
f 7341/3915/2539 7342/3923/2389 6579/3923/2632 6571/3915/2631
f 7342/3923/2389 7343/2862/2392 6587/2862/2633 6579/3923/2632
f 7343/2862/2392 7344/3937/2395 6595/3937/2634 6587/2862/2633
f 7344/3937/2395 7345/3945/2398 6603/3945/2635 6595/3937/2634
f 7345/3945/2398 7346/3953/2401 6611/3953/2636 6603/3945/2635
f 7346/3953/2401 7347/3961/2404 6619/3961/2637 6611/3953/2636
f 7347/3961/2404 7348/3969/2407 6627/3969/2638 6619/3961/2637
f 7348/3969/2407 7349/3977/2410 6635/3977/2639 6627/3969/2638
f 7349/3977/2410 7350/3985/2413 6643/3985/2640 6635/3977/2639
f 7350/3985/2413 7351/3993/2416 6651/3993/2641 6643/3985/2640
f 7351/3993/2416 7352/4001/2419 6659/4001/2642 6651/3993/2641
f 7352/4001/2419 7353/4009/2423 6667/4009/2814 6659/4001/2642
f 7353/4009/2423 7354/2871/2426 6675/2871/2644 6667/4009/2814
f 7354/2871/2426 7355/4023/2429 6683/4023/2645 6675/2871/2644
f 7355/4023/2429 7356/4031/2432 6691/4031/2646 6683/4023/2645
f 7356/4031/2432 7357/4039/2435 6699/4039/2647 6691/4031/2646
f 7357/4039/2435 7358/4047/2438 6707/4047/2648 6699/4039/2647
f 7358/4047/2438 7359/4055/2441 6715/4055/2649 6707/4047/2648
f 7359/4055/2441 7360/4063/2444 6723/4063/2650 6715/4055/2649
f 7360/4063/2444 7361/2880/2447 6731/2880/2651 6723/4063/2650
f 7361/2880/2447 7362/4077/2450 6739/4077/2652 6731/2880/2651
f 7362/4077/2450 7363/4085/2453 6747/4085/2653 6739/4077/2652
f 7363/4085/2453 7364/4093/2456 6755/4093/2654 6747/4085/2653
f 7364/4093/2456 7365/4101/2459 6763/4101/2655 6755/4093/2654
f 7365/4101/2459 7366/2889/2462 6771/2889/2656 6763/4101/2655
f 7366/2889/2462 7367/4115/2466 6779/4115/2657 6771/2889/2656
f 7367/4115/2466 7368/4123/2469 6787/4123/2658 6779/4115/2657
f 7368/4123/2469 7369/4131/2472 6795/4131/2659 6787/4123/2658
f 7369/4131/2472 7370/4139/2475 6803/4139/2660 6795/4131/2659
f 7370/4139/2475 7371/4147/2478 6811/4147/2661 6803/4139/2660
f 7371/4147/2478 7372/4155/2481 6819/4155/2662 6811/4147/2661
f 7372/4155/2481 7373/2898/2484 6827/2898/2663 6819/4155/2662
f 7373/2898/2484 7374/4169/2487 6835/4169/2664 6827/2898/2663
f 7374/4169/2487 7375/4177/2491 6843/4177/2665 6835/4169/2664
f 7375/4177/2491 7376/4185/2494 6851/4185/2666 6843/4177/2665
f 7376/4185/2494 7377/4193/2497 6859/4193/2667 6851/4185/2666
f 7377/4193/2497 7378/2907/2500 6867/2907/2668 6859/4193/2667
f 7378/2907/2500 7379/4207/2503 6875/4207/2669 6867/2907/2668
f 7380/2944/2504 7381/2947/2139 5565/2947/2670 5564/2944/2815
f 7382/2945/2505 7380/2944/2504 5564/2944/2815 5572/2945/2816
f 7383/2960/2144 7382/2945/2505 5572/2945/2816 5580/2960/2817
f 7384/2692/2510 7383/2960/2144 5580/2960/2817 5588/2692/2818
f 7385/2974/2511 7384/2692/2510 5588/2692/2818 5596/2974/2819
f 7386/2982/2513 7385/2974/2511 5596/2974/2819 5604/2982/2685
f 7387/2990/2152 7386/2982/2513 5604/2982/2685 5612/2990/2677
f 7388/2998/2154 7387/2990/2152 5612/2990/2677 5620/2998/2677
f 7389/3006/2156 7388/2998/2154 5620/2998/2677 5628/3006/2678
f 7390/3014/2158 7389/3006/2156 5628/3006/2678 5636/3014/2679
f 7391/3022/2160 7390/3014/2158 5636/3014/2679 5644/3022/2680
f 7392/3030/2160 7391/3022/2160 5644/3022/2680 5652/3030/2680
f 7393/3038/2163 7392/3030/2160 5652/3030/2680 5660/3038/2681
f 7394/3046/2163 7393/3038/2163 5660/3038/2681 5668/3046/2681
f 7395/2701/2163 7394/3046/2163 5668/3046/2681 5676/2701/2681
f 7396/3060/2163 7395/2701/2163 5676/2701/2681 5684/3060/2682
f 7397/3068/2163 7396/3060/2163 5684/3060/2682 5692/3068/2682
f 7398/3076/2163 7397/3068/2163 5692/3068/2682 5700/3076/2683
f 7399/3084/2163 7398/3076/2163 5700/3076/2683 5708/3084/2683
f 7400/3092/2163 7399/3084/2163 5708/3084/2683 5716/3092/2683
f 7401/3100/2163 7400/3092/2163 5716/3092/2683 5724/3100/2683
f 7402/2710/2163 7401/3100/2163 5724/3100/2683 5732/2710/2683
f 7403/3114/2163 7402/2710/2163 5732/2710/2683 5740/3114/2683
f 7404/3122/2163 7403/3114/2163 5740/3114/2683 5748/3122/2683
f 7405/3130/2163 7404/3122/2163 5748/3122/2683 5756/3130/2683
f 7406/3138/2163 7405/3130/2163 5756/3130/2683 5764/3138/2683
f 7407/3146/2163 7406/3138/2163 5764/3138/2683 5772/3146/2683
f 7408/3154/2163 7407/3146/2163 5772/3146/2683 5780/3154/2683
f 7409/2719/2163 7408/3154/2163 5780/3154/2683 5788/2719/2683
f 7410/3168/2163 7409/2719/2163 5788/2719/2683 5796/3168/2683
f 7411/3176/2163 7410/3168/2163 5796/3168/2683 5804/3176/2683
f 7412/3184/2163 7411/3176/2163 5804/3176/2683 5812/3184/2683
f 7413/3192/2163 7412/3184/2163 5812/3184/2683 5820/3192/2683
f 7414/2728/2163 7413/3192/2163 5820/3192/2683 5828/2728/2683
f 7415/3206/2158 7414/2728/2163 5828/2728/2683 5836/3206/2683
f 7416/3214/2158 7415/3206/2158 5836/3206/2683 5844/3214/2683
f 7417/3222/2158 7416/3214/2158 5844/3214/2683 5852/3222/2683
f 7418/3230/2158 7417/3222/2158 5852/3222/2683 5860/3230/2683
f 7419/3238/2158 7418/3230/2158 5860/3230/2683 5868/3238/2683
f 7420/3246/2158 7419/3238/2158 5868/3238/2683 5876/3246/2683
f 7421/2737/2158 7420/3246/2158 5876/3246/2683 5884/2737/2683
f 7422/3260/2158 7421/2737/2158 5884/2737/2683 5892/3260/2683
f 7423/3268/2158 7422/3260/2158 5892/3260/2683 5900/3268/2683
f 7424/3276/2158 7423/3268/2158 5900/3268/2683 5908/3276/2685
f 7425/3284/2167 7424/3276/2158 5908/3276/2685 5916/3284/2685
f 7426/2746/2158 7425/3284/2167 5916/3284/2685 5924/2746/2683
f 7427/3298/2158 7426/2746/2158 5924/2746/2683 5932/3298/2685
f 7428/3306/2158 7427/3298/2158 5932/3298/2685 5940/3306/2685
f 7429/3314/2168 7428/3306/2158 5940/3306/2685 5948/3314/2686
f 7430/3322/2169 7429/3314/2168 5948/3314/2686 5956/3322/2687
f 7431/3330/2172 7430/3322/2169 5956/3322/2687 5964/3330/2688
f 7432/3338/2174 7431/3330/2172 5964/3330/2688 5972/3338/2689
f 7433/3346/2515 7432/3338/2174 5972/3338/2689 5980/3346/2693
f 7434/3354/2515 7433/3346/2515 5980/3346/2693 5988/3354/2691
f 7435/2755/2180 7434/3354/2515 5988/3354/2691 5996/2755/2691
f 7436/3368/2180 7435/2755/2180 5996/2755/2691 6004/3368/2692
f 7437/3376/2180 7436/3368/2180 6004/3368/2692 6012/3376/2691
f 7438/3384/2175 7437/3376/2180 6012/3376/2691 6020/3384/2691
f 7439/3392/2175 7438/3384/2175 6020/3384/2691 6028/3392/2693
f 7440/2764/2183 7439/3392/2175 6028/3392/2693 6036/2764/2689
f 7441/3406/2185 7440/2764/2183 6036/2764/2689 6044/3406/2694
f 7442/3414/2148 7441/3406/2185 6044/3406/2694 6052/3414/2695
f 7443/3422/2168 7442/3414/2148 6052/3414/2695 6060/3422/2683
f 7444/3430/2188 7443/3422/2168 6060/3422/2683 6068/3430/2696
f 7445/3438/2191 7444/3430/2188 6068/3430/2696 6076/3438/2697
f 7446/3446/2195 7445/3438/2191 6076/3438/2697 6084/3446/2698
f 7447/3454/2198 7446/3446/2195 6084/3446/2698 6092/3454/2699
f 7448/3462/2201 7447/3454/2198 6092/3454/2699 6100/3462/2700
f 7449/2773/2204 7448/3462/2201 6100/3462/2700 6108/2773/2701
f 7450/3476/2206 7449/2773/2204 6108/2773/2701 6116/3476/2702
f 7451/3484/2209 7450/3476/2206 6116/3476/2702 6124/3484/2703
f 7452/3492/2212 7451/3484/2209 6124/3484/2703 6132/3492/2704
f 7453/3500/2215 7452/3492/2212 6132/3492/2704 6140/3500/2705
f 7454/3508/2218 7453/3500/2215 6140/3500/2705 6148/3508/2706
f 7455/3516/2221 7454/3508/2218 6148/3508/2706 6156/3516/2707
f 7456/3524/2224 7455/3516/2221 6156/3516/2707 6164/3524/2708
f 7457/3532/2227 7456/3524/2224 6164/3524/2708 6172/3532/2709
f 7458/2782/2230 7457/3532/2227 6172/3532/2709 6180/2782/2710
f 7459/3546/2233 7458/2782/2230 6180/2782/2710 6188/3546/2711
f 7460/3554/2236 7459/3546/2233 6188/3546/2711 6196/3554/2712
f 7461/3562/2239 7460/3554/2236 6196/3554/2712 6204/3562/2713
f 7462/3570/2243 7461/3562/2239 6204/3562/2713 6212/3570/2714
f 7463/2791/2247 7462/3570/2243 6212/3570/2714 6220/2791/2715
f 7464/3584/2250 7463/2791/2247 6220/2791/2715 6228/3584/2716
f 7465/3592/2522 7464/3584/2250 6228/3584/2716 6236/3592/2717
f 7466/3600/2256 7465/3592/2522 6236/3592/2717 6244/3600/2718
f 7467/3608/2259 7466/3600/2256 6244/3600/2718 6252/3608/2719
f 7468/3616/2262 7467/3608/2259 6252/3608/2719 6260/3616/2820
f 7469/3624/2265 7468/3616/2262 6260/3616/2820 6268/3624/2821
f 7470/3632/2526 7469/3624/2265 6268/3624/2821 6276/3632/2722
f 7471/3640/2527 7470/3632/2526 6276/3632/2722 6284/3640/2822
f 7472/2800/2274 7471/3640/2527 6284/3640/2822 6292/2800/2724
f 7473/3654/2277 7472/2800/2274 6292/2800/2724 6300/3654/2725
f 7474/3662/2280 7473/3654/2277 6300/3654/2725 6308/3662/2726
f 7475/3670/2283 7474/3662/2280 6308/3662/2726 6316/3670/2823
f 7476/3678/2286 7475/3670/2283 6316/3670/2823 6324/3678/2728
f 7477/3686/2289 7476/3678/2286 6324/3678/2728 6332/3686/2729
f 7478/3694/2292 7477/3686/2289 6332/3686/2729 6340/3694/2730
f 7479/2809/2295 7478/3694/2292 6340/3694/2730 6348/2809/2731
f 7480/3708/2299 7479/2809/2295 6348/2809/2731 6356/3708/2732
f 7481/3716/2302 7480/3708/2299 6356/3708/2732 6364/3716/2733
f 7482/3724/2305 7481/3716/2302 6364/3716/2733 6372/3724/2734
f 7483/3732/2308 7482/3724/2305 6372/3724/2734 6380/3732/2735
f 7484/2818/2311 7483/3732/2308 6380/3732/2735 6388/2818/2736
f 7485/3746/2314 7484/2818/2311 6388/2818/2736 6396/3746/2737
f 7486/3754/2317 7485/3746/2314 6396/3746/2737 6404/3754/2738
f 7487/3762/2320 7486/3754/2317 6404/3754/2738 6412/3762/2739
f 7488/3770/2532 7487/3762/2320 6412/3762/2739 6420/3770/2740
f 7489/3778/2326 7488/3770/2532 6420/3770/2740 6428/3778/2741
f 7490/3786/2329 7489/3778/2326 6428/3778/2741 6436/3786/2742
f 7491/2827/2332 7490/3786/2329 6436/3786/2742 6444/2827/2743
f 7492/3800/2335 7491/2827/2332 6444/2827/2743 6452/3800/2744
f 7493/3808/2340 7492/3800/2335 6452/3800/2744 6460/3808/2824
f 7494/3816/2343 7493/3808/2340 6460/3808/2824 6468/3816/2746
f 7495/3824/2346 7494/3816/2343 6468/3816/2746 6476/3824/2747
f 7496/2836/2349 7495/3824/2346 6476/3824/2747 6484/2836/2748
f 7497/3838/2352 7496/2836/2349 6484/2836/2748 6492/3838/2749
f 7498/3846/2355 7497/3838/2352 6492/3838/2749 6500/3846/2750
f 7499/3854/2359 7498/3846/2355 6500/3846/2750 6508/3854/2751
f 7500/3862/2362 7499/3854/2359 6508/3854/2751 6516/3862/2752
f 7501/3870/2365 7500/3862/2362 6516/3862/2752 6524/3870/2753
f 7502/3878/2369 7501/3870/2365 6524/3870/2753 6532/3878/2754
f 7503/2845/2372 7502/3878/2369 6532/3878/2754 6540/2845/2755
f 7504/3892/2375 7503/2845/2372 6540/2845/2755 6548/3892/2756
f 7505/3900/2379 7504/3892/2375 6548/3892/2756 6556/3900/2757
f 7506/3908/2382 7505/3900/2379 6556/3900/2757 6564/3908/2758
f 7507/3916/2386 7506/3908/2382 6564/3908/2758 6572/3916/2759
f 7508/2854/2390 7507/3916/2386 6572/3916/2759 6580/2854/2760
f 7509/3930/2393 7508/2854/2390 6580/2854/2760 6588/3930/2761
f 7510/3938/2396 7509/3930/2393 6588/3930/2761 6596/3938/2762
f 7511/3946/2399 7510/3938/2396 6596/3938/2762 6604/3946/2763
f 7512/3954/2402 7511/3946/2399 6604/3946/2763 6612/3954/2764
f 7513/3962/2405 7512/3954/2402 6612/3954/2764 6620/3962/2765
f 7514/3970/2408 7513/3962/2405 6620/3962/2765 6628/3970/2766
f 7515/3978/2542 7514/3970/2408 6628/3970/2766 6636/3978/2825
f 7516/3986/2543 7515/3978/2542 6636/3978/2825 6644/3986/2768
f 7517/3994/2417 7516/3986/2543 6644/3986/2768 6652/3994/2769
f 7518/4002/2420 7517/3994/2417 6652/3994/2769 6660/4002/2826
f 7519/2863/2424 7518/4002/2420 6660/4002/2826 6668/2863/2771
f 7520/4016/2427 7519/2863/2424 6668/2863/2771 6676/4016/2772
f 7521/4024/2430 7520/4016/2427 6676/4016/2772 6684/4024/2773
f 7522/4032/2433 7521/4024/2430 6684/4024/2773 6692/4032/2774
f 7523/4040/2436 7522/4032/2433 6692/4032/2774 6700/4040/2775
f 7524/4048/2439 7523/4040/2436 6700/4040/2775 6708/4048/2776
f 7525/4056/2442 7524/4048/2439 6708/4048/2776 6716/4056/2777
f 7526/2872/2445 7525/4056/2442 6716/4056/2777 6724/2872/2778
f 7527/4070/2448 7526/2872/2445 6724/2872/2778 6732/4070/2827
f 7528/4078/2451 7527/4070/2448 6732/4070/2827 6740/4078/2780
f 7529/4086/2454 7528/4078/2451 6740/4078/2780 6748/4086/2781
f 7530/4094/2457 7529/4086/2454 6748/4086/2781 6756/4094/2782
f 7531/2881/2460 7530/4094/2457 6756/4094/2782 6764/2881/2783
f 7532/4108/2463 7531/2881/2460 6764/2881/2783 6772/4108/2784
f 7533/4116/2467 7532/4108/2463 6772/4108/2784 6780/4116/2785
f 7534/4124/2545 7533/4116/2467 6780/4116/2785 6788/4124/2786
f 7535/4132/2546 7534/4124/2545 6788/4124/2786 6796/4132/2828
f 7536/4140/2476 7535/4132/2546 6796/4132/2828 6804/4140/2788
f 7537/4148/2479 7536/4140/2476 6804/4140/2788 6812/4148/2789
f 7538/2890/2482 7537/4148/2479 6812/4148/2789 6820/2890/2790
f 7539/4162/2547 7538/2890/2482 6820/2890/2790 6828/4162/2829
f 7540/4170/2488 7539/4162/2547 6828/4162/2829 6836/4170/2792
f 7541/4178/2492 7540/4170/2488 6836/4170/2792 6844/4178/2793
f 7542/4186/2495 7541/4178/2492 6844/4178/2793 6852/4186/2794
f 7543/2899/2498 7542/4186/2495 6852/4186/2794 6860/2899/2795
f 7544/4200/2501 7543/2899/2498 6860/2899/2795 6868/4200/2796
f 7545/4201/2502 7544/4200/2501 6868/4200/2796 6869/4201/2797
f 7381/2947/2139 7546/2949/2139 5566/2949/2670 5565/2947/2670
f 7547/4202/2502 7545/4201/2502 6869/4201/2797 6870/4202/2797
f 7546/2949/2139 7548/2951/2139 5567/2951/2830 5566/2949/2670
f 7549/4203/2502 7547/4202/2502 6870/4202/2797 6871/4203/2797
f 7548/2951/2139 7550/2953/2139 5568/2953/2670 5567/2951/2830
f 7551/4204/2502 7549/4203/2502 6871/4203/2797 6872/4204/2797
f 7550/2953/2139 7552/2955/2139 5569/2955/2670 5568/2953/2670
f 7553/4205/2502 7551/4204/2502 6872/4204/2797 6873/4205/2797
f 7552/2955/2139 7554/2957/2139 5570/2957/2670 5569/2955/2670
f 7555/4206/2502 7553/4205/2502 6873/4205/2797 6874/4206/2797
f 7554/2957/2139 7216/2959/2509 5571/2959/2799 5570/2957/2670
f 7379/4207/2503 7555/4206/2502 6874/4206/2797 6875/4207/2669
usemtl embed_recharge
f 7040/2944/2136 7042/2945/2137 4261/2946/2138 7041/2947/2139
f 7041/2947/2139 4261/2946/2138 4262/2948/2138 7206/2949/2139
f 7206/2949/2139 4262/2948/2138 4263/2950/2138 7208/2951/2139
f 7208/2951/2139 4263/2950/2138 4264/2952/2140 7210/2953/2139
f 7210/2953/2139 4264/2952/2140 4265/2954/2141 7212/2955/2139
f 7212/2955/2139 4265/2954/2141 4266/2956/2138 7214/2957/2139
f 7214/2957/2139 4266/2956/2138 6877/2958/2142 6876/2959/2143
f 7042/2945/2137 7043/2960/2144 4269/2961/2066 4261/2946/2138
f 4261/2946/2138 4269/2961/2066 4270/2962/2066 4262/2948/2138
f 4262/2948/2138 4270/2962/2066 4271/2963/2063 4263/2950/2138
f 4263/2950/2138 4271/2963/2063 4272/2964/2066 4264/2952/2140
f 4264/2952/2140 4272/2964/2066 4273/2965/2066 4265/2954/2141
f 4265/2954/2141 4273/2965/2066 4274/2966/2066 4266/2956/2138
f 4266/2956/2138 4274/2966/2066 6878/2967/2145 6877/2958/2142
f 7043/2960/2144 7044/2692/2146 4277/2968/2063 4269/2961/2066
f 4269/2961/2066 4277/2968/2063 4278/2969/2063 4270/2962/2066
f 4270/2962/2066 4278/2969/2063 4279/2970/2063 4271/2963/2063
f 4271/2963/2063 4279/2970/2063 4280/2971/2063 4272/2964/2066
f 4272/2964/2066 4280/2971/2063 4281/2972/2063 4273/2965/2066
f 4273/2965/2066 4281/2972/2063 4282/2973/2063 4274/2966/2066
f 4274/2966/2066 4282/2973/2063 6879/2700/2147 6878/2967/2145
f 7044/2692/2146 7045/2974/2148 4285/2975/2066 4277/2968/2063
f 4277/2968/2063 4285/2975/2066 4286/2976/2063 4278/2969/2063
f 4278/2969/2063 4286/2976/2063 4287/2977/2063 4279/2970/2063
f 4279/2970/2063 4287/2977/2063 4288/2978/2063 4280/2971/2063
f 4280/2971/2063 4288/2978/2063 4289/2979/2063 4281/2972/2063
f 4281/2972/2063 4289/2979/2063 4290/2980/2066 4282/2973/2063
f 4282/2973/2063 4290/2980/2066 6880/2981/2149 6879/2700/2147
f 7045/2974/2148 7046/2982/2150 4293/2983/2066 4285/2975/2066
f 4285/2975/2066 4293/2983/2066 4294/2984/2066 4286/2976/2063
f 4286/2976/2063 4294/2984/2066 4295/2985/2066 4287/2977/2063
f 4287/2977/2063 4295/2985/2066 4296/2986/2066 4288/2978/2063
f 4288/2978/2063 4296/2986/2066 4297/2987/2066 4289/2979/2063
f 4289/2979/2063 4297/2987/2066 4298/2988/2066 4290/2980/2066
f 4290/2980/2066 4298/2988/2066 6881/2989/2151 6880/2981/2149
f 7046/2982/2150 7047/2990/2152 4301/2991/2066 4293/2983/2066
f 4293/2983/2066 4301/2991/2066 4302/2992/2066 4294/2984/2066
f 4294/2984/2066 4302/2992/2066 4303/2993/2066 4295/2985/2066
f 4295/2985/2066 4303/2993/2066 4304/2994/2066 4296/2986/2066
f 4296/2986/2066 4304/2994/2066 4305/2995/2066 4297/2987/2066
f 4297/2987/2066 4305/2995/2066 4306/2996/2066 4298/2988/2066
f 4298/2988/2066 4306/2996/2066 6882/2997/2153 6881/2989/2151
f 7047/2990/2152 7048/2998/2154 4309/2999/2066 4301/2991/2066
f 4301/2991/2066 4309/2999/2066 4310/3000/2066 4302/2992/2066
f 4302/2992/2066 4310/3000/2066 4311/3001/2066 4303/2993/2066
f 4303/2993/2066 4311/3001/2066 4312/3002/2066 4304/2994/2066
f 4304/2994/2066 4312/3002/2066 4313/3003/2066 4305/2995/2066
f 4305/2995/2066 4313/3003/2066 4314/3004/2066 4306/2996/2066
f 4306/2996/2066 4314/3004/2066 6883/3005/2155 6882/2997/2153
f 7048/2998/2154 7049/3006/2156 4317/3007/2066 4309/2999/2066
f 4309/2999/2066 4317/3007/2066 4318/3008/2066 4310/3000/2066
f 4310/3000/2066 4318/3008/2066 4319/3009/2066 4311/3001/2066
f 4311/3001/2066 4319/3009/2066 4320/3010/2066 4312/3002/2066
f 4312/3002/2066 4320/3010/2066 4321/3011/2066 4313/3003/2066
f 4313/3003/2066 4321/3011/2066 4322/3012/2066 4314/3004/2066
f 4314/3004/2066 4322/3012/2066 6884/3013/2157 6883/3005/2155
f 7049/3006/2156 7050/3014/2158 4325/3015/2066 4317/3007/2066
f 4317/3007/2066 4325/3015/2066 4326/3016/2066 4318/3008/2066
f 4318/3008/2066 4326/3016/2066 4327/3017/2066 4319/3009/2066
f 4319/3009/2066 4327/3017/2066 4328/3018/2066 4320/3010/2066
f 4320/3010/2066 4328/3018/2066 4329/3019/2066 4321/3011/2066
f 4321/3011/2066 4329/3019/2066 4330/3020/2066 4322/3012/2066
f 4322/3012/2066 4330/3020/2066 6885/3021/2159 6884/3013/2157
f 7050/3014/2158 7051/3022/2160 4333/3023/2066 4325/3015/2066
f 4325/3015/2066 4333/3023/2066 4334/3024/2066 4326/3016/2066
f 4326/3016/2066 4334/3024/2066 4335/3025/2066 4327/3017/2066
f 4327/3017/2066 4335/3025/2066 4336/3026/2066 4328/3018/2066
f 4328/3018/2066 4336/3026/2066 4337/3027/2066 4329/3019/2066
f 4329/3019/2066 4337/3027/2066 4338/3028/2066 4330/3020/2066
f 4330/3020/2066 4338/3028/2066 6886/3029/2161 6885/3021/2159
f 7051/3022/2160 7052/3030/2160 4341/3031/2066 4333/3023/2066
f 4333/3023/2066 4341/3031/2066 4342/3032/2066 4334/3024/2066
f 4334/3024/2066 4342/3032/2066 4343/3033/2066 4335/3025/2066
f 4335/3025/2066 4343/3033/2066 4344/3034/2066 4336/3026/2066
f 4336/3026/2066 4344/3034/2066 4345/3035/2066 4337/3027/2066
f 4337/3027/2066 4345/3035/2066 4346/3036/2066 4338/3028/2066
f 4338/3028/2066 4346/3036/2066 6887/3037/2162 6886/3029/2161
f 7052/3030/2160 7053/3038/2163 4349/3039/2066 4341/3031/2066
f 4341/3031/2066 4349/3039/2066 4350/3040/2066 4342/3032/2066
f 4342/3032/2066 4350/3040/2066 4351/3041/2066 4343/3033/2066
f 4343/3033/2066 4351/3041/2066 4352/3042/2066 4344/3034/2066
f 4344/3034/2066 4352/3042/2066 4353/3043/2066 4345/3035/2066
f 4345/3035/2066 4353/3043/2066 4354/3044/2066 4346/3036/2066
f 4346/3036/2066 4354/3044/2066 6888/3045/2162 6887/3037/2162
f 7053/3038/2163 7054/3046/2163 4357/3047/2066 4349/3039/2066
f 4349/3039/2066 4357/3047/2066 4358/3048/2066 4350/3040/2066
f 4350/3040/2066 4358/3048/2066 4359/3049/2066 4351/3041/2066
f 4351/3041/2066 4359/3049/2066 4360/3050/2066 4352/3042/2066
f 4352/3042/2066 4360/3050/2066 4361/3051/2066 4353/3043/2066
f 4353/3043/2066 4361/3051/2066 4362/3052/2066 4354/3044/2066
f 4354/3044/2066 4362/3052/2066 6889/3053/2162 6888/3045/2162
f 7054/3046/2163 7055/2701/2163 4365/3054/2063 4357/3047/2066
f 4357/3047/2066 4365/3054/2063 4366/3055/2063 4358/3048/2066
f 4358/3048/2066 4366/3055/2063 4367/3056/2063 4359/3049/2066
f 4359/3049/2066 4367/3056/2063 4368/3057/2063 4360/3050/2066
f 4360/3050/2066 4368/3057/2063 4369/3058/2063 4361/3051/2066
f 4361/3051/2066 4369/3058/2063 4370/3059/2063 4362/3052/2066
f 4362/3052/2066 4370/3059/2063 6890/2709/2162 6889/3053/2162
f 7055/2701/2163 7056/3060/2163 4373/3061/2063 4365/3054/2063
f 4365/3054/2063 4373/3061/2063 4374/3062/2063 4366/3055/2063
f 4366/3055/2063 4374/3062/2063 4375/3063/2063 4367/3056/2063
f 4367/3056/2063 4375/3063/2063 4376/3064/2063 4368/3057/2063
f 4368/3057/2063 4376/3064/2063 4377/3065/2063 4369/3058/2063
f 4369/3058/2063 4377/3065/2063 4378/3066/2063 4370/3059/2063
f 4370/3059/2063 4378/3066/2063 6891/3067/2161 6890/2709/2162
f 7056/3060/2163 7057/3068/2163 4381/3069/2063 4373/3061/2063
f 4373/3061/2063 4381/3069/2063 4382/3070/2063 4374/3062/2063
f 4374/3062/2063 4382/3070/2063 4383/3071/2063 4375/3063/2063
f 4375/3063/2063 4383/3071/2063 4384/3072/2063 4376/3064/2063
f 4376/3064/2063 4384/3072/2063 4385/3073/2063 4377/3065/2063
f 4377/3065/2063 4385/3073/2063 4386/3074/2063 4378/3066/2063
f 4378/3066/2063 4386/3074/2063 6892/3075/2161 6891/3067/2161
f 7057/3068/2163 7058/3076/2163 4389/3077/2063 4381/3069/2063
f 4381/3069/2063 4389/3077/2063 4390/3078/2063 4382/3070/2063
f 4382/3070/2063 4390/3078/2063 4391/3079/2063 4383/3071/2063
f 4383/3071/2063 4391/3079/2063 4392/3080/2063 4384/3072/2063
f 4384/3072/2063 4392/3080/2063 4393/3081/2063 4385/3073/2063
f 4385/3073/2063 4393/3081/2063 4394/3082/2063 4386/3074/2063
f 4386/3074/2063 4394/3082/2063 6893/3083/2162 6892/3075/2161
f 7058/3076/2163 7059/3084/2163 4397/3085/2063 4389/3077/2063
f 4389/3077/2063 4397/3085/2063 4398/3086/2063 4390/3078/2063
f 4390/3078/2063 4398/3086/2063 4399/3087/2063 4391/3079/2063
f 4391/3079/2063 4399/3087/2063 4400/3088/2063 4392/3080/2063
f 4392/3080/2063 4400/3088/2063 4401/3089/2063 4393/3081/2063
f 4393/3081/2063 4401/3089/2063 4402/3090/2063 4394/3082/2063
f 4394/3082/2063 4402/3090/2063 6894/3091/2162 6893/3083/2162
f 7059/3084/2163 7060/3092/2163 4405/3093/2063 4397/3085/2063
f 4397/3085/2063 4405/3093/2063 4406/3094/2063 4398/3086/2063
f 4398/3086/2063 4406/3094/2063 4407/3095/2063 4399/3087/2063
f 4399/3087/2063 4407/3095/2063 4408/3096/2063 4400/3088/2063
f 4400/3088/2063 4408/3096/2063 4409/3097/2063 4401/3089/2063
f 4401/3089/2063 4409/3097/2063 4410/3098/2063 4402/3090/2063
f 4402/3090/2063 4410/3098/2063 6895/3099/2162 6894/3091/2162
f 7060/3092/2163 7061/3100/2163 4413/3101/2063 4405/3093/2063
f 4405/3093/2063 4413/3101/2063 4414/3102/2063 4406/3094/2063
f 4406/3094/2063 4414/3102/2063 4415/3103/2063 4407/3095/2063
f 4407/3095/2063 4415/3103/2063 4416/3104/2063 4408/3096/2063
f 4408/3096/2063 4416/3104/2063 4417/3105/2063 4409/3097/2063
f 4409/3097/2063 4417/3105/2063 4418/3106/2063 4410/3098/2063
f 4410/3098/2063 4418/3106/2063 6896/3107/2162 6895/3099/2162
f 7061/3100/2163 7062/2710/2163 4421/3108/2063 4413/3101/2063
f 4413/3101/2063 4421/3108/2063 4422/3109/2063 4414/3102/2063
f 4414/3102/2063 4422/3109/2063 4423/3110/2063 4415/3103/2063
f 4415/3103/2063 4423/3110/2063 4424/3111/2063 4416/3104/2063
f 4416/3104/2063 4424/3111/2063 4425/3112/2063 4417/3105/2063
f 4417/3105/2063 4425/3112/2063 4426/3113/2063 4418/3106/2063
f 4418/3106/2063 4426/3113/2063 6897/2718/2162 6896/3107/2162
f 7062/2710/2163 7063/3114/2163 4429/3115/2063 4421/3108/2063
f 4421/3108/2063 4429/3115/2063 4430/3116/2063 4422/3109/2063
f 4422/3109/2063 4430/3116/2063 4431/3117/2063 4423/3110/2063
f 4423/3110/2063 4431/3117/2063 4432/3118/2063 4424/3111/2063
f 4424/3111/2063 4432/3118/2063 4433/3119/2063 4425/3112/2063
f 4425/3112/2063 4433/3119/2063 4434/3120/2063 4426/3113/2063
f 4426/3113/2063 4434/3120/2063 6898/3121/2162 6897/2718/2162
f 7063/3114/2163 7064/3122/2163 4437/3123/2063 4429/3115/2063
f 4429/3115/2063 4437/3123/2063 4438/3124/2063 4430/3116/2063
f 4430/3116/2063 4438/3124/2063 4439/3125/2063 4431/3117/2063
f 4431/3117/2063 4439/3125/2063 4440/3126/2063 4432/3118/2063
f 4432/3118/2063 4440/3126/2063 4441/3127/2063 4433/3119/2063
f 4433/3119/2063 4441/3127/2063 4442/3128/2063 4434/3120/2063
f 4434/3120/2063 4442/3128/2063 6899/3129/2162 6898/3121/2162
f 7064/3122/2163 7065/3130/2163 4445/3131/2063 4437/3123/2063
f 4437/3123/2063 4445/3131/2063 4446/3132/2063 4438/3124/2063
f 4438/3124/2063 4446/3132/2063 4447/3133/2063 4439/3125/2063
f 4439/3125/2063 4447/3133/2063 4448/3134/2063 4440/3126/2063
f 4440/3126/2063 4448/3134/2063 4449/3135/2063 4441/3127/2063
f 4441/3127/2063 4449/3135/2063 4450/3136/2063 4442/3128/2063
f 4442/3128/2063 4450/3136/2063 6900/3137/2162 6899/3129/2162
f 7065/3130/2163 7066/3138/2163 4453/3139/2063 4445/3131/2063
f 4445/3131/2063 4453/3139/2063 4454/3140/2063 4446/3132/2063
f 4446/3132/2063 4454/3140/2063 4455/3141/2063 4447/3133/2063
f 4447/3133/2063 4455/3141/2063 4456/3142/2063 4448/3134/2063
f 4448/3134/2063 4456/3142/2063 4457/3143/2063 4449/3135/2063
f 4449/3135/2063 4457/3143/2063 4458/3144/2063 4450/3136/2063
f 4450/3136/2063 4458/3144/2063 6901/3145/2162 6900/3137/2162
f 7066/3138/2163 7067/3146/2163 4461/3147/2063 4453/3139/2063
f 4453/3139/2063 4461/3147/2063 4462/3148/2063 4454/3140/2063
f 4454/3140/2063 4462/3148/2063 4463/3149/2063 4455/3141/2063
f 4455/3141/2063 4463/3149/2063 4464/3150/2063 4456/3142/2063
f 4456/3142/2063 4464/3150/2063 4465/3151/2063 4457/3143/2063
f 4457/3143/2063 4465/3151/2063 4466/3152/2063 4458/3144/2063
f 4458/3144/2063 4466/3152/2063 6902/3153/2162 6901/3145/2162
f 7067/3146/2163 7068/3154/2163 4469/3155/2063 4461/3147/2063
f 4461/3147/2063 4469/3155/2063 4470/3156/2063 4462/3148/2063
f 4462/3148/2063 4470/3156/2063 4471/3157/2063 4463/3149/2063
f 4463/3149/2063 4471/3157/2063 4472/3158/2063 4464/3150/2063
f 4464/3150/2063 4472/3158/2063 4473/3159/2063 4465/3151/2063
f 4465/3151/2063 4473/3159/2063 4474/3160/2063 4466/3152/2063
f 4466/3152/2063 4474/3160/2063 6903/3161/2162 6902/3153/2162
f 7068/3154/2163 7069/2719/2163 4477/3162/2063 4469/3155/2063
f 4469/3155/2063 4477/3162/2063 4478/3163/2063 4470/3156/2063
f 4470/3156/2063 4478/3163/2063 4479/3164/2063 4471/3157/2063
f 4471/3157/2063 4479/3164/2063 4480/3165/2063 4472/3158/2063
f 4472/3158/2063 4480/3165/2063 4481/3166/2063 4473/3159/2063
f 4473/3159/2063 4481/3166/2063 4482/3167/2063 4474/3160/2063
f 4474/3160/2063 4482/3167/2063 6904/2727/2162 6903/3161/2162
f 7069/2719/2163 7070/3168/2163 4485/3169/2063 4477/3162/2063
f 4477/3162/2063 4485/3169/2063 4486/3170/2063 4478/3163/2063
f 4478/3163/2063 4486/3170/2063 4487/3171/2063 4479/3164/2063
f 4479/3164/2063 4487/3171/2063 4488/3172/2063 4480/3165/2063
f 4480/3165/2063 4488/3172/2063 4489/3173/2063 4481/3166/2063
f 4481/3166/2063 4489/3173/2063 4490/3174/2063 4482/3167/2063
f 4482/3167/2063 4490/3174/2063 6905/3175/2162 6904/2727/2162
f 7070/3168/2163 7071/3176/2163 4493/3177/2063 4485/3169/2063
f 4485/3169/2063 4493/3177/2063 4494/3178/2063 4486/3170/2063
f 4486/3170/2063 4494/3178/2063 4495/3179/2063 4487/3171/2063
f 4487/3171/2063 4495/3179/2063 4496/3180/2063 4488/3172/2063
f 4488/3172/2063 4496/3180/2063 4497/3181/2063 4489/3173/2063
f 4489/3173/2063 4497/3181/2063 4498/3182/2063 4490/3174/2063
f 4490/3174/2063 4498/3182/2063 6906/3183/2162 6905/3175/2162
f 7071/3176/2163 7072/3184/2163 4501/3185/2063 4493/3177/2063
f 4493/3177/2063 4501/3185/2063 4502/3186/2063 4494/3178/2063
f 4494/3178/2063 4502/3186/2063 4503/3187/2063 4495/3179/2063
f 4495/3179/2063 4503/3187/2063 4504/3188/2063 4496/3180/2063
f 4496/3180/2063 4504/3188/2063 4505/3189/2063 4497/3181/2063
f 4497/3181/2063 4505/3189/2063 4506/3190/2063 4498/3182/2063
f 4498/3182/2063 4506/3190/2063 6907/3191/2164 6906/3183/2162
f 7072/3184/2163 7073/3192/2163 4509/3193/2063 4501/3185/2063
f 4501/3185/2063 4509/3193/2063 4510/3194/2063 4502/3186/2063
f 4502/3186/2063 4510/3194/2063 4511/3195/2063 4503/3187/2063
f 4503/3187/2063 4511/3195/2063 4512/3196/2063 4504/3188/2063
f 4504/3188/2063 4512/3196/2063 4513/3197/2063 4505/3189/2063
f 4505/3189/2063 4513/3197/2063 4514/3198/2063 4506/3190/2063
f 4506/3190/2063 4514/3198/2063 6908/3199/2164 6907/3191/2164
f 7073/3192/2163 7074/2728/2165 4517/3200/2063 4509/3193/2063
f 4509/3193/2063 4517/3200/2063 4518/3201/2063 4510/3194/2063
f 4510/3194/2063 4518/3201/2063 4519/3202/2063 4511/3195/2063
f 4511/3195/2063 4519/3202/2063 4520/3203/2063 4512/3196/2063
f 4512/3196/2063 4520/3203/2063 4521/3204/2063 4513/3197/2063
f 4513/3197/2063 4521/3204/2063 4522/3205/2063 4514/3198/2063
f 4514/3198/2063 4522/3205/2063 6909/2736/2162 6908/3199/2164
f 7074/2728/2165 7075/3206/2158 4525/3207/2063 4517/3200/2063
f 4517/3200/2063 4525/3207/2063 4526/3208/2063 4518/3201/2063
f 4518/3201/2063 4526/3208/2063 4527/3209/2063 4519/3202/2063
f 4519/3202/2063 4527/3209/2063 4528/3210/2063 4520/3203/2063
f 4520/3203/2063 4528/3210/2063 4529/3211/2063 4521/3204/2063
f 4521/3204/2063 4529/3211/2063 4530/3212/2063 4522/3205/2063
f 4522/3205/2063 4530/3212/2063 6910/3213/2162 6909/2736/2162
f 7075/3206/2158 7076/3214/2158 4533/3215/2063 4525/3207/2063
f 4525/3207/2063 4533/3215/2063 4534/3216/2063 4526/3208/2063
f 4526/3208/2063 4534/3216/2063 4535/3217/2063 4527/3209/2063
f 4527/3209/2063 4535/3217/2063 4536/3218/2063 4528/3210/2063
f 4528/3210/2063 4536/3218/2063 4537/3219/2063 4529/3211/2063
f 4529/3211/2063 4537/3219/2063 4538/3220/2063 4530/3212/2063
f 4530/3212/2063 4538/3220/2063 6911/3221/2162 6910/3213/2162
f 7076/3214/2158 7077/3222/2158 4541/3223/2063 4533/3215/2063
f 4533/3215/2063 4541/3223/2063 4542/3224/2063 4534/3216/2063
f 4534/3216/2063 4542/3224/2063 4543/3225/2063 4535/3217/2063
f 4535/3217/2063 4543/3225/2063 4544/3226/2063 4536/3218/2063
f 4536/3218/2063 4544/3226/2063 4545/3227/2063 4537/3219/2063
f 4537/3219/2063 4545/3227/2063 4546/3228/2063 4538/3220/2063
f 4538/3220/2063 4546/3228/2063 6912/3229/2162 6911/3221/2162
f 7077/3222/2158 7078/3230/2158 4549/3231/2063 4541/3223/2063
f 4541/3223/2063 4549/3231/2063 4550/3232/2063 4542/3224/2063
f 4542/3224/2063 4550/3232/2063 4551/3233/2063 4543/3225/2063
f 4543/3225/2063 4551/3233/2063 4552/3234/2063 4544/3226/2063
f 4544/3226/2063 4552/3234/2063 4553/3235/2063 4545/3227/2063
f 4545/3227/2063 4553/3235/2063 4554/3236/2063 4546/3228/2063
f 4546/3228/2063 4554/3236/2063 6913/3237/2162 6912/3229/2162
f 7078/3230/2158 7079/3238/2158 4557/3239/2063 4549/3231/2063
f 4549/3231/2063 4557/3239/2063 4558/3240/2063 4550/3232/2063
f 4550/3232/2063 4558/3240/2063 4559/3241/2063 4551/3233/2063
f 4551/3233/2063 4559/3241/2063 4560/3242/2063 4552/3234/2063
f 4552/3234/2063 4560/3242/2063 4561/3243/2063 4553/3235/2063
f 4553/3235/2063 4561/3243/2063 4562/3244/2063 4554/3236/2063
f 4554/3236/2063 4562/3244/2063 6914/3245/2162 6913/3237/2162
f 7079/3238/2158 7080/3246/2158 4565/3247/2063 4557/3239/2063
f 4557/3239/2063 4565/3247/2063 4566/3248/2063 4558/3240/2063
f 4558/3240/2063 4566/3248/2063 4567/3249/2063 4559/3241/2063
f 4559/3241/2063 4567/3249/2063 4568/3250/2063 4560/3242/2063
f 4560/3242/2063 4568/3250/2063 4569/3251/2063 4561/3243/2063
f 4561/3243/2063 4569/3251/2063 4570/3252/2063 4562/3244/2063
f 4562/3244/2063 4570/3252/2063 6915/3253/2166 6914/3245/2162
f 7080/3246/2158 7081/2737/2158 4573/3254/2063 4565/3247/2063
f 4565/3247/2063 4573/3254/2063 4574/3255/2063 4566/3248/2063
f 4566/3248/2063 4574/3255/2063 4575/3256/2063 4567/3249/2063
f 4567/3249/2063 4575/3256/2063 4576/3257/2063 4568/3250/2063
f 4568/3250/2063 4576/3257/2063 4577/3258/2063 4569/3251/2063
f 4569/3251/2063 4577/3258/2063 4578/3259/2063 4570/3252/2063
f 4570/3252/2063 4578/3259/2063 6916/2745/2166 6915/3253/2166
f 7081/2737/2158 7082/3260/2158 4581/3261/2063 4573/3254/2063
f 4573/3254/2063 4581/3261/2063 4582/3262/2063 4574/3255/2063
f 4574/3255/2063 4582/3262/2063 4583/3263/2063 4575/3256/2063
f 4575/3256/2063 4583/3263/2063 4584/3264/2063 4576/3257/2063
f 4576/3257/2063 4584/3264/2063 4585/3265/2063 4577/3258/2063
f 4577/3258/2063 4585/3265/2063 4586/3266/2063 4578/3259/2063
f 4578/3259/2063 4586/3266/2063 6917/3267/2162 6916/2745/2166
f 7082/3260/2158 7083/3268/2158 4589/3269/2063 4581/3261/2063
f 4581/3261/2063 4589/3269/2063 4590/3270/2063 4582/3262/2063
f 4582/3262/2063 4590/3270/2063 4591/3271/2063 4583/3263/2063
f 4583/3263/2063 4591/3271/2063 4592/3272/2063 4584/3264/2063
f 4584/3264/2063 4592/3272/2063 4593/3273/2063 4585/3265/2063
f 4585/3265/2063 4593/3273/2063 4594/3274/2063 4586/3266/2063
f 4586/3266/2063 4594/3274/2063 6918/3275/2162 6917/3267/2162
f 7083/3268/2158 7084/3276/2158 4597/3277/2063 4589/3269/2063
f 4589/3269/2063 4597/3277/2063 4598/3278/2063 4590/3270/2063
f 4590/3270/2063 4598/3278/2063 4599/3279/2063 4591/3271/2063
f 4591/3271/2063 4599/3279/2063 4600/3280/2063 4592/3272/2063
f 4592/3272/2063 4600/3280/2063 4601/3281/2063 4593/3273/2063
f 4593/3273/2063 4601/3281/2063 4602/3282/2063 4594/3274/2063
f 4594/3274/2063 4602/3282/2063 6919/3283/2162 6918/3275/2162
f 7084/3276/2158 7085/3284/2167 4605/3285/2063 4597/3277/2063
f 4597/3277/2063 4605/3285/2063 4606/3286/2063 4598/3278/2063
f 4598/3278/2063 4606/3286/2063 4607/3287/2063 4599/3279/2063
f 4599/3279/2063 4607/3287/2063 4608/3288/2063 4600/3280/2063
f 4600/3280/2063 4608/3288/2063 4609/3289/2063 4601/3281/2063
f 4601/3281/2063 4609/3289/2063 4610/3290/2063 4602/3282/2063
f 4602/3282/2063 4610/3290/2063 6920/3291/2162 6919/3283/2162
f 7085/3284/2167 7086/2746/2158 4613/3292/2063 4605/3285/2063
f 4605/3285/2063 4613/3292/2063 4614/3293/2063 4606/3286/2063
f 4606/3286/2063 4614/3293/2063 4615/3294/2063 4607/3287/2063
f 4607/3287/2063 4615/3294/2063 4616/3295/2063 4608/3288/2063
f 4608/3288/2063 4616/3295/2063 4617/3296/2063 4609/3289/2063
f 4609/3289/2063 4617/3296/2063 4618/3297/2063 4610/3290/2063
f 4610/3290/2063 4618/3297/2063 6921/2754/2162 6920/3291/2162
f 7086/2746/2158 7087/3298/2158 4621/3299/2063 4613/3292/2063
f 4613/3292/2063 4621/3299/2063 4622/3300/2063 4614/3293/2063
f 4614/3293/2063 4622/3300/2063 4623/3301/2063 4615/3294/2063
f 4615/3294/2063 4623/3301/2063 4624/3302/2063 4616/3295/2063
f 4616/3295/2063 4624/3302/2063 4625/3303/2063 4617/3296/2063
f 4617/3296/2063 4625/3303/2063 4626/3304/2063 4618/3297/2063
f 4618/3297/2063 4626/3304/2063 6922/3305/2162 6921/2754/2162
f 7087/3298/2158 7088/3306/2158 4629/3307/2063 4621/3299/2063
f 4621/3299/2063 4629/3307/2063 4630/3308/2063 4622/3300/2063
f 4622/3300/2063 4630/3308/2063 4631/3309/2063 4623/3301/2063
f 4623/3301/2063 4631/3309/2063 4632/3310/2063 4624/3302/2063
f 4624/3302/2063 4632/3310/2063 4633/3311/2063 4625/3303/2063
f 4625/3303/2063 4633/3311/2063 4634/3312/2063 4626/3304/2063
f 4626/3304/2063 4634/3312/2063 6923/3313/2162 6922/3305/2162
f 7088/3306/2158 7089/3314/2168 4637/3315/2063 4629/3307/2063
f 4629/3307/2063 4637/3315/2063 4638/3316/2063 4630/3308/2063
f 4630/3308/2063 4638/3316/2063 4639/3317/2063 4631/3309/2063
f 4631/3309/2063 4639/3317/2063 4640/3318/2063 4632/3310/2063
f 4632/3310/2063 4640/3318/2063 4641/3319/2063 4633/3311/2063
f 4633/3311/2063 4641/3319/2063 4642/3320/2063 4634/3312/2063
f 4634/3312/2063 4642/3320/2063 6924/3321/2162 6923/3313/2162
f 7089/3314/2168 7090/3322/2169 4645/3323/2170 4637/3315/2063
f 4637/3315/2063 4645/3323/2170 4646/3324/2170 4638/3316/2063
f 4638/3316/2063 4646/3324/2170 4647/3325/2170 4639/3317/2063
f 4639/3317/2063 4647/3325/2170 4648/3326/2170 4640/3318/2063
f 4640/3318/2063 4648/3326/2170 4649/3327/2170 4641/3319/2063
f 4641/3319/2063 4649/3327/2170 4650/3328/2170 4642/3320/2063
f 4642/3320/2063 4650/3328/2170 6925/3329/2171 6924/3321/2162
f 7090/3322/2169 7091/3330/2172 4653/3331/2173 4645/3323/2170
f 4645/3323/2170 4653/3331/2173 4654/3332/2173 4646/3324/2170
f 4646/3324/2170 4654/3332/2173 4655/3333/2173 4647/3325/2170
f 4647/3325/2170 4655/3333/2173 4656/3334/2173 4648/3326/2170
f 4648/3326/2170 4656/3334/2173 4657/3335/2173 4649/3327/2170
f 4649/3327/2170 4657/3335/2173 4658/3336/2173 4650/3328/2170
f 4650/3328/2170 4658/3336/2173 6926/3337/2157 6925/3329/2171
f 7091/3330/2172 7092/3338/2174 4661/3339/2068 4653/3331/2173
f 4653/3331/2173 4661/3339/2068 4662/3340/2068 4654/3332/2173
f 4654/3332/2173 4662/3340/2068 4663/3341/2068 4655/3333/2173
f 4655/3333/2173 4663/3341/2068 4664/3342/2068 4656/3334/2173
f 4656/3334/2173 4664/3342/2068 4665/3343/2068 4657/3335/2173
f 4657/3335/2173 4665/3343/2068 4666/3344/2068 4658/3336/2173
f 4658/3336/2173 4666/3344/2068 6927/3345/2155 6926/3337/2157
f 7092/3338/2174 7093/3346/2175 4669/3347/2176 4661/3339/2068
f 4661/3339/2068 4669/3347/2176 4670/3348/2176 4662/3340/2068
f 4662/3340/2068 4670/3348/2176 4671/3349/2176 4663/3341/2068
f 4663/3341/2068 4671/3349/2176 4672/3350/2176 4664/3342/2068
f 4664/3342/2068 4672/3350/2176 4673/3351/2176 4665/3343/2068
f 4665/3343/2068 4673/3351/2176 4674/3352/2176 4666/3344/2068
f 4666/3344/2068 4674/3352/2176 6928/3353/2177 6927/3345/2155
f 7093/3346/2175 7094/3354/2178 4677/3355/2067 4669/3347/2176
f 4669/3347/2176 4677/3355/2067 4678/3356/2067 4670/3348/2176
f 4670/3348/2176 4678/3356/2067 4679/3357/2067 4671/3349/2176
f 4671/3349/2176 4679/3357/2067 4680/3358/2067 4672/3350/2176
f 4672/3350/2176 4680/3358/2067 4681/3359/2067 4673/3351/2176
f 4673/3351/2176 4681/3359/2067 4682/3360/2067 4674/3352/2176
f 4674/3352/2176 4682/3360/2067 6929/3361/2179 6928/3353/2177
f 7094/3354/2178 7095/2755/2180 4685/3362/2067 4677/3355/2067
f 4677/3355/2067 4685/3362/2067 4686/3363/2067 4678/3356/2067
f 4678/3356/2067 4686/3363/2067 4687/3364/2067 4679/3357/2067
f 4679/3357/2067 4687/3364/2067 4688/3365/2067 4680/3358/2067
f 4680/3358/2067 4688/3365/2067 4689/3366/2067 4681/3359/2067
f 4681/3359/2067 4689/3366/2067 4690/3367/2067 4682/3360/2067
f 4682/3360/2067 4690/3367/2067 6930/2763/2179 6929/3361/2179
f 7095/2755/2180 7096/3368/2180 4693/3369/2067 4685/3362/2067
f 4685/3362/2067 4693/3369/2067 4694/3370/2067 4686/3363/2067
f 4686/3363/2067 4694/3370/2067 4695/3371/2067 4687/3364/2067
f 4687/3364/2067 4695/3371/2067 4696/3372/2067 4688/3365/2067
f 4688/3365/2067 4696/3372/2067 4697/3373/2067 4689/3366/2067
f 4689/3366/2067 4697/3373/2067 4698/3374/2067 4690/3367/2067
f 4690/3367/2067 4698/3374/2067 6931/3375/2181 6930/2763/2179
f 7096/3368/2180 7097/3376/2180 4701/3377/2067 4693/3369/2067
f 4693/3369/2067 4701/3377/2067 4702/3378/2067 4694/3370/2067
f 4694/3370/2067 4702/3378/2067 4703/3379/2067 4695/3371/2067
f 4695/3371/2067 4703/3379/2067 4704/3380/2067 4696/3372/2067
f 4696/3372/2067 4704/3380/2067 4705/3381/2067 4697/3373/2067
f 4697/3373/2067 4705/3381/2067 4706/3382/2067 4698/3374/2067
f 4698/3374/2067 4706/3382/2067 6932/3383/2181 6931/3375/2181
f 7097/3376/2180 7098/3384/2175 4709/3385/2176 4701/3377/2067
f 4701/3377/2067 4709/3385/2176 4710/3386/2067 4702/3378/2067
f 4702/3378/2067 4710/3386/2067 4711/3387/2067 4703/3379/2067
f 4703/3379/2067 4711/3387/2067 4712/3388/2067 4704/3380/2067
f 4704/3380/2067 4712/3388/2067 4713/3389/2067 4705/3381/2067
f 4705/3381/2067 4713/3389/2067 4714/3390/2176 4706/3382/2067
f 4706/3382/2067 4714/3390/2176 6933/3391/2182 6932/3383/2181
f 7098/3384/2175 7099/3392/2175 4717/3393/2176 4709/3385/2176
f 4709/3385/2176 4717/3393/2176 4718/3394/2176 4710/3386/2067
f 4710/3386/2067 4718/3394/2176 4719/3395/2176 4711/3387/2067
f 4711/3387/2067 4719/3395/2176 4720/3396/2176 4712/3388/2067
f 4712/3388/2067 4720/3396/2176 4721/3397/2176 4713/3389/2067
f 4713/3389/2067 4721/3397/2176 4722/3398/2176 4714/3390/2176
f 4714/3390/2176 4722/3398/2176 6934/3399/2182 6933/3391/2182
f 7099/3392/2175 7100/2764/2183 4725/3400/2184 4717/3393/2176
f 4717/3393/2176 4725/3400/2184 4726/3401/2184 4718/3394/2176
f 4718/3394/2176 4726/3401/2184 4727/3402/2184 4719/3395/2176
f 4719/3395/2176 4727/3402/2184 4728/3403/2184 4720/3396/2176
f 4720/3396/2176 4728/3403/2184 4729/3404/2184 4721/3397/2176
f 4721/3397/2176 4729/3404/2184 4730/3405/2184 4722/3398/2176
f 4722/3398/2176 4730/3405/2184 6935/2772/2177 6934/3399/2182
f 7100/2764/2183 7101/3406/2185 4733/3407/2186 4725/3400/2184
f 4725/3400/2184 4733/3407/2186 4734/3408/2186 4726/3401/2184
f 4726/3401/2184 4734/3408/2186 4735/3409/2186 4727/3402/2184
f 4727/3402/2184 4735/3409/2186 4736/3410/2186 4728/3403/2184
f 4728/3403/2184 4736/3410/2186 4737/3411/2186 4729/3404/2184
f 4729/3404/2184 4737/3411/2186 4738/3412/2186 4730/3405/2184
f 4730/3405/2184 4738/3412/2186 6936/3413/2155 6935/2772/2177
f 7101/3406/2185 7102/3414/2148 4741/3415/2187 4733/3407/2186
f 4733/3407/2186 4741/3415/2187 4742/3416/2187 4734/3408/2186
f 4734/3408/2186 4742/3416/2187 4743/3417/2187 4735/3409/2186
f 4735/3409/2186 4743/3417/2187 4744/3418/2187 4736/3410/2186
f 4736/3410/2186 4744/3418/2187 4745/3419/2187 4737/3411/2186
f 4737/3411/2186 4745/3419/2187 4746/3420/2187 4738/3412/2186
f 4738/3412/2186 4746/3420/2187 6937/3421/2157 6936/3413/2155
f 7102/3414/2148 7103/3422/2168 4749/3423/2066 4741/3415/2187
f 4741/3415/2187 4749/3423/2066 4750/3424/2066 4742/3416/2187
f 4742/3416/2187 4750/3424/2066 4751/3425/2066 4743/3417/2187
f 4743/3417/2187 4751/3425/2066 4752/3426/2066 4744/3418/2187
f 4744/3418/2187 4752/3426/2066 4753/3427/2066 4745/3419/2187
f 4745/3419/2187 4753/3427/2066 4754/3428/2066 4746/3420/2187
f 4746/3420/2187 4754/3428/2066 6938/3429/2159 6937/3421/2157
f 7103/3422/2168 7104/3430/2188 4757/3431/2189 4749/3423/2066
f 4749/3423/2066 4757/3431/2189 4758/3432/2189 4750/3424/2066
f 4750/3424/2066 4758/3432/2189 4759/3433/2189 4751/3425/2066
f 4751/3425/2066 4759/3433/2189 4760/3434/2189 4752/3426/2066
f 4752/3426/2066 4760/3434/2189 4761/3435/2189 4753/3427/2066
f 4753/3427/2066 4761/3435/2189 4762/3436/2189 4754/3428/2066
f 4754/3428/2066 4762/3436/2189 6939/3437/2190 6938/3429/2159
f 7104/3430/2188 7105/3438/2191 4765/3439/2192 4757/3431/2189
f 4757/3431/2189 4765/3439/2192 4766/3440/2193 4758/3432/2189
f 4758/3432/2189 4766/3440/2193 4767/3441/2193 4759/3433/2189
f 4759/3433/2189 4767/3441/2193 4768/3442/2193 4760/3434/2189
f 4760/3434/2189 4768/3442/2193 4769/3443/2193 4761/3435/2189
f 4761/3435/2189 4769/3443/2193 4770/3444/2192 4762/3436/2189
f 4762/3436/2189 4770/3444/2192 6940/3445/2194 6939/3437/2190
f 7105/3438/2191 7106/3446/2195 4773/3447/2196 4765/3439/2192
f 4765/3439/2192 4773/3447/2196 4774/3448/2196 4766/3440/2193
f 4766/3440/2193 4774/3448/2196 4775/3449/2196 4767/3441/2193
f 4767/3441/2193 4775/3449/2196 4776/3450/2196 4768/3442/2193
f 4768/3442/2193 4776/3450/2196 4777/3451/2196 4769/3443/2193
f 4769/3443/2193 4777/3451/2196 4778/3452/2196 4770/3444/2192
f 4770/3444/2192 4778/3452/2196 6941/3453/2197 6940/3445/2194
f 7106/3446/2195 7107/3454/2198 4781/3455/2199 4773/3447/2196
f 4773/3447/2196 4781/3455/2199 4782/3456/2199 4774/3448/2196
f 4774/3448/2196 4782/3456/2199 4783/3457/2199 4775/3449/2196
f 4775/3449/2196 4783/3457/2199 4784/3458/2199 4776/3450/2196
f 4776/3450/2196 4784/3458/2199 4785/3459/2199 4777/3451/2196
f 4777/3451/2196 4785/3459/2199 4786/3460/2199 4778/3452/2196
f 4778/3452/2196 4786/3460/2199 6942/3461/2200 6941/3453/2197
f 7107/3454/2198 7108/3462/2201 4789/3463/2202 4781/3455/2199
f 4781/3455/2199 4789/3463/2202 4790/3464/2202 4782/3456/2199
f 4782/3456/2199 4790/3464/2202 4791/3465/2202 4783/3457/2199
f 4783/3457/2199 4791/3465/2202 4792/3466/2202 4784/3458/2199
f 4784/3458/2199 4792/3466/2202 4793/3467/2202 4785/3459/2199
f 4785/3459/2199 4793/3467/2202 4794/3468/2202 4786/3460/2199
f 4786/3460/2199 4794/3468/2202 6943/3469/2203 6942/3461/2200
f 7108/3462/2201 7109/2773/2204 4797/3470/2069 4789/3463/2202
f 4789/3463/2202 4797/3470/2069 4798/3471/2069 4790/3464/2202
f 4790/3464/2202 4798/3471/2069 4799/3472/2069 4791/3465/2202
f 4791/3465/2202 4799/3472/2069 4800/3473/2069 4792/3466/2202
f 4792/3466/2202 4800/3473/2069 4801/3474/2069 4793/3467/2202
f 4793/3467/2202 4801/3474/2069 4802/3475/2069 4794/3468/2202
f 4794/3468/2202 4802/3475/2069 6944/2781/2205 6943/3469/2203
f 7109/2773/2204 7110/3476/2206 4805/3477/2207 4797/3470/2069
f 4797/3470/2069 4805/3477/2207 4806/3478/2207 4798/3471/2069
f 4798/3471/2069 4806/3478/2207 4807/3479/2207 4799/3472/2069
f 4799/3472/2069 4807/3479/2207 4808/3480/2207 4800/3473/2069
f 4800/3473/2069 4808/3480/2207 4809/3481/2207 4801/3474/2069
f 4801/3474/2069 4809/3481/2207 4810/3482/2207 4802/3475/2069
f 4802/3475/2069 4810/3482/2207 6945/3483/2208 6944/2781/2205
f 7110/3476/2206 7111/3484/2209 4813/3485/2210 4805/3477/2207
f 4805/3477/2207 4813/3485/2210 4814/3486/2210 4806/3478/2207
f 4806/3478/2207 4814/3486/2210 4815/3487/2210 4807/3479/2207
f 4807/3479/2207 4815/3487/2210 4816/3488/2210 4808/3480/2207
f 4808/3480/2207 4816/3488/2210 4817/3489/2210 4809/3481/2207
f 4809/3481/2207 4817/3489/2210 4818/3490/2210 4810/3482/2207
f 4810/3482/2207 4818/3490/2210 6946/3491/2211 6945/3483/2208
f 7111/3484/2209 7112/3492/2212 4821/3493/2213 4813/3485/2210
f 4813/3485/2210 4821/3493/2213 4822/3494/2213 4814/3486/2210
f 4814/3486/2210 4822/3494/2213 4823/3495/2213 4815/3487/2210
f 4815/3487/2210 4823/3495/2213 4824/3496/2213 4816/3488/2210
f 4816/3488/2210 4824/3496/2213 4825/3497/2213 4817/3489/2210
f 4817/3489/2210 4825/3497/2213 4826/3498/2213 4818/3490/2210
f 4818/3490/2210 4826/3498/2213 6947/3499/2214 6946/3491/2211
f 7112/3492/2212 7113/3500/2215 4829/3501/2216 4821/3493/2213
f 4821/3493/2213 4829/3501/2216 4830/3502/2216 4822/3494/2213
f 4822/3494/2213 4830/3502/2216 4831/3503/2216 4823/3495/2213
f 4823/3495/2213 4831/3503/2216 4832/3504/2216 4824/3496/2213
f 4824/3496/2213 4832/3504/2216 4833/3505/2216 4825/3497/2213
f 4825/3497/2213 4833/3505/2216 4834/3506/2216 4826/3498/2213
f 4826/3498/2213 4834/3506/2216 6948/3507/2217 6947/3499/2214
f 7113/3500/2215 7114/3508/2218 4837/3509/2219 4829/3501/2216
f 4829/3501/2216 4837/3509/2219 4838/3510/2219 4830/3502/2216
f 4830/3502/2216 4838/3510/2219 4839/3511/2219 4831/3503/2216
f 4831/3503/2216 4839/3511/2219 4840/3512/2219 4832/3504/2216
f 4832/3504/2216 4840/3512/2219 4841/3513/2219 4833/3505/2216
f 4833/3505/2216 4841/3513/2219 4842/3514/2219 4834/3506/2216
f 4834/3506/2216 4842/3514/2219 6949/3515/2220 6948/3507/2217
f 7114/3508/2218 7115/3516/2221 4845/3517/2222 4837/3509/2219
f 4837/3509/2219 4845/3517/2222 4846/3518/2222 4838/3510/2219
f 4838/3510/2219 4846/3518/2222 4847/3519/2222 4839/3511/2219
f 4839/3511/2219 4847/3519/2222 4848/3520/2222 4840/3512/2219
f 4840/3512/2219 4848/3520/2222 4849/3521/2222 4841/3513/2219
f 4841/3513/2219 4849/3521/2222 4850/3522/2222 4842/3514/2219
f 4842/3514/2219 4850/3522/2222 6950/3523/2223 6949/3515/2220
f 7115/3516/2221 7116/3524/2224 4853/3525/2225 4845/3517/2222
f 4845/3517/2222 4853/3525/2225 4854/3526/2225 4846/3518/2222
f 4846/3518/2222 4854/3526/2225 4855/3527/2225 4847/3519/2222
f 4847/3519/2222 4855/3527/2225 4856/3528/2225 4848/3520/2222
f 4848/3520/2222 4856/3528/2225 4857/3529/2225 4849/3521/2222
f 4849/3521/2222 4857/3529/2225 4858/3530/2225 4850/3522/2222
f 4850/3522/2222 4858/3530/2225 6951/3531/2226 6950/3523/2223
f 7116/3524/2224 7117/3532/2227 4861/3533/2228 4853/3525/2225
f 4853/3525/2225 4861/3533/2228 4862/3534/2228 4854/3526/2225
f 4854/3526/2225 4862/3534/2228 4863/3535/2228 4855/3527/2225
f 4855/3527/2225 4863/3535/2228 4864/3536/2228 4856/3528/2225
f 4856/3528/2225 4864/3536/2228 4865/3537/2228 4857/3529/2225
f 4857/3529/2225 4865/3537/2228 4866/3538/2228 4858/3530/2225
f 4858/3530/2225 4866/3538/2228 6952/3539/2229 6951/3531/2226
f 7117/3532/2227 7118/2782/2230 4869/3540/2231 4861/3533/2228
f 4861/3533/2228 4869/3540/2231 4870/3541/2231 4862/3534/2228
f 4862/3534/2228 4870/3541/2231 4871/3542/2231 4863/3535/2228
f 4863/3535/2228 4871/3542/2231 4872/3543/2231 4864/3536/2228
f 4864/3536/2228 4872/3543/2231 4873/3544/2231 4865/3537/2228
f 4865/3537/2228 4873/3544/2231 4874/3545/2231 4866/3538/2228
f 4866/3538/2228 4874/3545/2231 6953/2790/2232 6952/3539/2229
f 7118/2782/2230 7119/3546/2233 4877/3547/2234 4869/3540/2231
f 4869/3540/2231 4877/3547/2234 4878/3548/2234 4870/3541/2231
f 4870/3541/2231 4878/3548/2234 4879/3549/2234 4871/3542/2231
f 4871/3542/2231 4879/3549/2234 4880/3550/2234 4872/3543/2231
f 4872/3543/2231 4880/3550/2234 4881/3551/2234 4873/3544/2231
f 4873/3544/2231 4881/3551/2234 4882/3552/2234 4874/3545/2231
f 4874/3545/2231 4882/3552/2234 6954/3553/2235 6953/2790/2232
f 7119/3546/2233 7120/3554/2236 4885/3555/2237 4877/3547/2234
f 4877/3547/2234 4885/3555/2237 4886/3556/2237 4878/3548/2234
f 4878/3548/2234 4886/3556/2237 4887/3557/2237 4879/3549/2234
f 4879/3549/2234 4887/3557/2237 4888/3558/2237 4880/3550/2234
f 4880/3550/2234 4888/3558/2237 4889/3559/2237 4881/3551/2234
f 4881/3551/2234 4889/3559/2237 4890/3560/2237 4882/3552/2234
f 4882/3552/2234 4890/3560/2237 6955/3561/2238 6954/3553/2235
f 7120/3554/2236 7121/3562/2239 4893/3563/2240 4885/3555/2237
f 4885/3555/2237 4893/3563/2240 4894/3564/2241 4886/3556/2237
f 4886/3556/2237 4894/3564/2241 4895/3565/2241 4887/3557/2237
f 4887/3557/2237 4895/3565/2241 4896/3566/2241 4888/3558/2237
f 4888/3558/2237 4896/3566/2241 4897/3567/2241 4889/3559/2237
f 4889/3559/2237 4897/3567/2241 4898/3568/2240 4890/3560/2237
f 4890/3560/2237 4898/3568/2240 6956/3569/2242 6955/3561/2238
f 7121/3562/2239 7122/3570/2243 4901/3571/2244 4893/3563/2240
f 4893/3563/2240 4901/3571/2244 4902/3572/2245 4894/3564/2241
f 4894/3564/2241 4902/3572/2245 4903/3573/2245 4895/3565/2241
f 4895/3565/2241 4903/3573/2245 4904/3574/2245 4896/3566/2241
f 4896/3566/2241 4904/3574/2245 4905/3575/2245 4897/3567/2241
f 4897/3567/2241 4905/3575/2245 4906/3576/2244 4898/3568/2240
f 4898/3568/2240 4906/3576/2244 6957/3577/2246 6956/3569/2242
f 7122/3570/2243 7123/2791/2247 4909/3578/2248 4901/3571/2244
f 4901/3571/2244 4909/3578/2248 4910/3579/2248 4902/3572/2245
f 4902/3572/2245 4910/3579/2248 4911/3580/2248 4903/3573/2245
f 4903/3573/2245 4911/3580/2248 4912/3581/2248 4904/3574/2245
f 4904/3574/2245 4912/3581/2248 4913/3582/2248 4905/3575/2245
f 4905/3575/2245 4913/3582/2248 4914/3583/2248 4906/3576/2244
f 4906/3576/2244 4914/3583/2248 6958/2799/2249 6957/3577/2246
f 7123/2791/2247 7124/3584/2250 4917/3585/2251 4909/3578/2248
f 4909/3578/2248 4917/3585/2251 4918/3586/2251 4910/3579/2248
f 4910/3579/2248 4918/3586/2251 4919/3587/2251 4911/3580/2248
f 4911/3580/2248 4919/3587/2251 4920/3588/2251 4912/3581/2248
f 4912/3581/2248 4920/3588/2251 4921/3589/2251 4913/3582/2248
f 4913/3582/2248 4921/3589/2251 4922/3590/2251 4914/3583/2248
f 4914/3583/2248 4922/3590/2251 6959/3591/2252 6958/2799/2249
f 7124/3584/2250 7125/3592/2253 4925/3593/2254 4917/3585/2251
f 4917/3585/2251 4925/3593/2254 4926/3594/2254 4918/3586/2251
f 4918/3586/2251 4926/3594/2254 4927/3595/2254 4919/3587/2251
f 4919/3587/2251 4927/3595/2254 4928/3596/2254 4920/3588/2251
f 4920/3588/2251 4928/3596/2254 4929/3597/2254 4921/3589/2251
f 4921/3589/2251 4929/3597/2254 4930/3598/2254 4922/3590/2251
f 4922/3590/2251 4930/3598/2254 6960/3599/2255 6959/3591/2252
f 7125/3592/2253 7126/3600/2256 4933/3601/2257 4925/3593/2254
f 4925/3593/2254 4933/3601/2257 4934/3602/2257 4926/3594/2254
f 4926/3594/2254 4934/3602/2257 4935/3603/2257 4927/3595/2254
f 4927/3595/2254 4935/3603/2257 4936/3604/2257 4928/3596/2254
f 4928/3596/2254 4936/3604/2257 4937/3605/2257 4929/3597/2254
f 4929/3597/2254 4937/3605/2257 4938/3606/2257 4930/3598/2254
f 4930/3598/2254 4938/3606/2257 6961/3607/2258 6960/3599/2255
f 7126/3600/2256 7127/3608/2259 4941/3609/2260 4933/3601/2257
f 4933/3601/2257 4941/3609/2260 4942/3610/2260 4934/3602/2257
f 4934/3602/2257 4942/3610/2260 4943/3611/2260 4935/3603/2257
f 4935/3603/2257 4943/3611/2260 4944/3612/2260 4936/3604/2257
f 4936/3604/2257 4944/3612/2260 4945/3613/2260 4937/3605/2257
f 4937/3605/2257 4945/3613/2260 4946/3614/2260 4938/3606/2257
f 4938/3606/2257 4946/3614/2260 6962/3615/2261 6961/3607/2258
f 7127/3608/2259 7128/3616/2262 4949/3617/2263 4941/3609/2260
f 4941/3609/2260 4949/3617/2263 4950/3618/2263 4942/3610/2260
f 4942/3610/2260 4950/3618/2263 4951/3619/2263 4943/3611/2260
f 4943/3611/2260 4951/3619/2263 4952/3620/2263 4944/3612/2260
f 4944/3612/2260 4952/3620/2263 4953/3621/2263 4945/3613/2260
f 4945/3613/2260 4953/3621/2263 4954/3622/2263 4946/3614/2260
f 4946/3614/2260 4954/3622/2263 6963/3623/2264 6962/3615/2261
f 7128/3616/2262 7129/3624/2265 4957/3625/2266 4949/3617/2263
f 4949/3617/2263 4957/3625/2266 4958/3626/2266 4950/3618/2263
f 4950/3618/2263 4958/3626/2266 4959/3627/2266 4951/3619/2263
f 4951/3619/2263 4959/3627/2266 4960/3628/2266 4952/3620/2263
f 4952/3620/2263 4960/3628/2266 4961/3629/2266 4953/3621/2263
f 4953/3621/2263 4961/3629/2266 4962/3630/2266 4954/3622/2263
f 4954/3622/2263 4962/3630/2266 6964/3631/2267 6963/3623/2264
f 7129/3624/2265 7130/3632/2268 4965/3633/2269 4957/3625/2266
f 4957/3625/2266 4965/3633/2269 4966/3634/2269 4958/3626/2266
f 4958/3626/2266 4966/3634/2269 4967/3635/2269 4959/3627/2266
f 4959/3627/2266 4967/3635/2269 4968/3636/2269 4960/3628/2266
f 4960/3628/2266 4968/3636/2269 4969/3637/2269 4961/3629/2266
f 4961/3629/2266 4969/3637/2269 4970/3638/2269 4962/3630/2266
f 4962/3630/2266 4970/3638/2269 6965/3639/2270 6964/3631/2267
f 7130/3632/2268 7131/3640/2271 4973/3641/2272 4965/3633/2269
f 4965/3633/2269 4973/3641/2272 4974/3642/2272 4966/3634/2269
f 4966/3634/2269 4974/3642/2272 4975/3643/2272 4967/3635/2269
f 4967/3635/2269 4975/3643/2272 4976/3644/2272 4968/3636/2269
f 4968/3636/2269 4976/3644/2272 4977/3645/2272 4969/3637/2269
f 4969/3637/2269 4977/3645/2272 4978/3646/2272 4970/3638/2269
f 4970/3638/2269 4978/3646/2272 6966/3647/2273 6965/3639/2270
f 7131/3640/2271 7132/2800/2274 4981/3648/2275 4973/3641/2272
f 4973/3641/2272 4981/3648/2275 4982/3649/2275 4974/3642/2272
f 4974/3642/2272 4982/3649/2275 4983/3650/2275 4975/3643/2272
f 4975/3643/2272 4983/3650/2275 4984/3651/2275 4976/3644/2272
f 4976/3644/2272 4984/3651/2275 4985/3652/2275 4977/3645/2272
f 4977/3645/2272 4985/3652/2275 4986/3653/2275 4978/3646/2272
f 4978/3646/2272 4986/3653/2275 6967/2808/2276 6966/3647/2273
f 7132/2800/2274 7133/3654/2277 4989/3655/2278 4981/3648/2275
f 4981/3648/2275 4989/3655/2278 4990/3656/2278 4982/3649/2275
f 4982/3649/2275 4990/3656/2278 4991/3657/2278 4983/3650/2275
f 4983/3650/2275 4991/3657/2278 4992/3658/2278 4984/3651/2275
f 4984/3651/2275 4992/3658/2278 4993/3659/2278 4985/3652/2275
f 4985/3652/2275 4993/3659/2278 4994/3660/2278 4986/3653/2275
f 4986/3653/2275 4994/3660/2278 6968/3661/2279 6967/2808/2276
f 7133/3654/2277 7134/3662/2280 4997/3663/2281 4989/3655/2278
f 4989/3655/2278 4997/3663/2281 4998/3664/2281 4990/3656/2278
f 4990/3656/2278 4998/3664/2281 4999/3665/2281 4991/3657/2278
f 4991/3657/2278 4999/3665/2281 5000/3666/2281 4992/3658/2278
f 4992/3658/2278 5000/3666/2281 5001/3667/2281 4993/3659/2278
f 4993/3659/2278 5001/3667/2281 5002/3668/2281 4994/3660/2278
f 4994/3660/2278 5002/3668/2281 6969/3669/2282 6968/3661/2279
f 7134/3662/2280 7135/3670/2283 5005/3671/2284 4997/3663/2281
f 4997/3663/2281 5005/3671/2284 5006/3672/2284 4998/3664/2281
f 4998/3664/2281 5006/3672/2284 5007/3673/2284 4999/3665/2281
f 4999/3665/2281 5007/3673/2284 5008/3674/2284 5000/3666/2281
f 5000/3666/2281 5008/3674/2284 5009/3675/2284 5001/3667/2281
f 5001/3667/2281 5009/3675/2284 5010/3676/2284 5002/3668/2281
f 5002/3668/2281 5010/3676/2284 6970/3677/2285 6969/3669/2282
f 7135/3670/2283 7136/3678/2286 5013/3679/2287 5005/3671/2284
f 5005/3671/2284 5013/3679/2287 5014/3680/2287 5006/3672/2284
f 5006/3672/2284 5014/3680/2287 5015/3681/2287 5007/3673/2284
f 5007/3673/2284 5015/3681/2287 5016/3682/2287 5008/3674/2284
f 5008/3674/2284 5016/3682/2287 5017/3683/2287 5009/3675/2284
f 5009/3675/2284 5017/3683/2287 5018/3684/2287 5010/3676/2284
f 5010/3676/2284 5018/3684/2287 6971/3685/2288 6970/3677/2285
f 7136/3678/2286 7137/3686/2289 5021/3687/2290 5013/3679/2287
f 5013/3679/2287 5021/3687/2290 5022/3688/2290 5014/3680/2287
f 5014/3680/2287 5022/3688/2290 5023/3689/2290 5015/3681/2287
f 5015/3681/2287 5023/3689/2290 5024/3690/2290 5016/3682/2287
f 5016/3682/2287 5024/3690/2290 5025/3691/2290 5017/3683/2287
f 5017/3683/2287 5025/3691/2290 5026/3692/2290 5018/3684/2287
f 5018/3684/2287 5026/3692/2290 6972/3693/2291 6971/3685/2288
f 7137/3686/2289 7138/3694/2292 5029/3695/2293 5021/3687/2290
f 5021/3687/2290 5029/3695/2293 5030/3696/2293 5022/3688/2290
f 5022/3688/2290 5030/3696/2293 5031/3697/2293 5023/3689/2290
f 5023/3689/2290 5031/3697/2293 5032/3698/2293 5024/3690/2290
f 5024/3690/2290 5032/3698/2293 5033/3699/2293 5025/3691/2290
f 5025/3691/2290 5033/3699/2293 5034/3700/2293 5026/3692/2290
f 5026/3692/2290 5034/3700/2293 6973/3701/2294 6972/3693/2291
f 7138/3694/2292 7139/2809/2295 5037/3702/2296 5029/3695/2293
f 5029/3695/2293 5037/3702/2296 5038/3703/2297 5030/3696/2293
f 5030/3696/2293 5038/3703/2297 5039/3704/2297 5031/3697/2293
f 5031/3697/2293 5039/3704/2297 5040/3705/2297 5032/3698/2293
f 5032/3698/2293 5040/3705/2297 5041/3706/2296 5033/3699/2293
f 5033/3699/2293 5041/3706/2296 5042/3707/2297 5034/3700/2293
f 5034/3700/2293 5042/3707/2297 6974/2817/2298 6973/3701/2294
f 7139/2809/2295 7140/3708/2299 5045/3709/2300 5037/3702/2296
f 5037/3702/2296 5045/3709/2300 5046/3710/2300 5038/3703/2297
f 5038/3703/2297 5046/3710/2300 5047/3711/2300 5039/3704/2297
f 5039/3704/2297 5047/3711/2300 5048/3712/2300 5040/3705/2297
f 5040/3705/2297 5048/3712/2300 5049/3713/2300 5041/3706/2296
f 5041/3706/2296 5049/3713/2300 5050/3714/2300 5042/3707/2297
f 5042/3707/2297 5050/3714/2300 6975/3715/2301 6974/2817/2298
f 7140/3708/2299 7141/3716/2302 5053/3717/2303 5045/3709/2300
f 5045/3709/2300 5053/3717/2303 5054/3718/2303 5046/3710/2300
f 5046/3710/2300 5054/3718/2303 5055/3719/2303 5047/3711/2300
f 5047/3711/2300 5055/3719/2303 5056/3720/2303 5048/3712/2300
f 5048/3712/2300 5056/3720/2303 5057/3721/2303 5049/3713/2300
f 5049/3713/2300 5057/3721/2303 5058/3722/2303 5050/3714/2300
f 5050/3714/2300 5058/3722/2303 6976/3723/2304 6975/3715/2301
f 7141/3716/2302 7142/3724/2305 5061/3725/2306 5053/3717/2303
f 5053/3717/2303 5061/3725/2306 5062/3726/2306 5054/3718/2303
f 5054/3718/2303 5062/3726/2306 5063/3727/2306 5055/3719/2303
f 5055/3719/2303 5063/3727/2306 5064/3728/2306 5056/3720/2303
f 5056/3720/2303 5064/3728/2306 5065/3729/2306 5057/3721/2303
f 5057/3721/2303 5065/3729/2306 5066/3730/2306 5058/3722/2303
f 5058/3722/2303 5066/3730/2306 6977/3731/2307 6976/3723/2304
f 7142/3724/2305 7143/3732/2308 5069/3733/2309 5061/3725/2306
f 5061/3725/2306 5069/3733/2309 5070/3734/2309 5062/3726/2306
f 5062/3726/2306 5070/3734/2309 5071/3735/2309 5063/3727/2306
f 5063/3727/2306 5071/3735/2309 5072/3736/2309 5064/3728/2306
f 5064/3728/2306 5072/3736/2309 5073/3737/2309 5065/3729/2306
f 5065/3729/2306 5073/3737/2309 5074/3738/2309 5066/3730/2306
f 5066/3730/2306 5074/3738/2309 6978/3739/2310 6977/3731/2307
f 7143/3732/2308 7144/2818/2311 5077/3740/2312 5069/3733/2309
f 5069/3733/2309 5077/3740/2312 5078/3741/2312 5070/3734/2309
f 5070/3734/2309 5078/3741/2312 5079/3742/2312 5071/3735/2309
f 5071/3735/2309 5079/3742/2312 5080/3743/2312 5072/3736/2309
f 5072/3736/2309 5080/3743/2312 5081/3744/2312 5073/3737/2309
f 5073/3737/2309 5081/3744/2312 5082/3745/2312 5074/3738/2309
f 5074/3738/2309 5082/3745/2312 6979/2826/2313 6978/3739/2310
f 7144/2818/2311 7145/3746/2314 5085/3747/2315 5077/3740/2312
f 5077/3740/2312 5085/3747/2315 5086/3748/2315 5078/3741/2312
f 5078/3741/2312 5086/3748/2315 5087/3749/2315 5079/3742/2312
f 5079/3742/2312 5087/3749/2315 5088/3750/2315 5080/3743/2312
f 5080/3743/2312 5088/3750/2315 5089/3751/2315 5081/3744/2312
f 5081/3744/2312 5089/3751/2315 5090/3752/2315 5082/3745/2312
f 5082/3745/2312 5090/3752/2315 6980/3753/2316 6979/2826/2313
f 7145/3746/2314 7146/3754/2317 5093/3755/2318 5085/3747/2315
f 5085/3747/2315 5093/3755/2318 5094/3756/2318 5086/3748/2315
f 5086/3748/2315 5094/3756/2318 5095/3757/2318 5087/3749/2315
f 5087/3749/2315 5095/3757/2318 5096/3758/2318 5088/3750/2315
f 5088/3750/2315 5096/3758/2318 5097/3759/2318 5089/3751/2315
f 5089/3751/2315 5097/3759/2318 5098/3760/2318 5090/3752/2315
f 5090/3752/2315 5098/3760/2318 6981/3761/2319 6980/3753/2316
f 7146/3754/2317 7147/3762/2320 5101/3763/2321 5093/3755/2318
f 5093/3755/2318 5101/3763/2321 5102/3764/2321 5094/3756/2318
f 5094/3756/2318 5102/3764/2321 5103/3765/2321 5095/3757/2318
f 5095/3757/2318 5103/3765/2321 5104/3766/2321 5096/3758/2318
f 5096/3758/2318 5104/3766/2321 5105/3767/2321 5097/3759/2318
f 5097/3759/2318 5105/3767/2321 5106/3768/2321 5098/3760/2318
f 5098/3760/2318 5106/3768/2321 6982/3769/2322 6981/3761/2319
f 7147/3762/2320 7148/3770/2323 5109/3771/2324 5101/3763/2321
f 5101/3763/2321 5109/3771/2324 5110/3772/2324 5102/3764/2321
f 5102/3764/2321 5110/3772/2324 5111/3773/2324 5103/3765/2321
f 5103/3765/2321 5111/3773/2324 5112/3774/2324 5104/3766/2321
f 5104/3766/2321 5112/3774/2324 5113/3775/2324 5105/3767/2321
f 5105/3767/2321 5113/3775/2324 5114/3776/2324 5106/3768/2321
f 5106/3768/2321 5114/3776/2324 6983/3777/2325 6982/3769/2322
f 7148/3770/2323 7149/3778/2326 5117/3779/2327 5109/3771/2324
f 5109/3771/2324 5117/3779/2327 5118/3780/2327 5110/3772/2324
f 5110/3772/2324 5118/3780/2327 5119/3781/2327 5111/3773/2324
f 5111/3773/2324 5119/3781/2327 5120/3782/2327 5112/3774/2324
f 5112/3774/2324 5120/3782/2327 5121/3783/2327 5113/3775/2324
f 5113/3775/2324 5121/3783/2327 5122/3784/2327 5114/3776/2324
f 5114/3776/2324 5122/3784/2327 6984/3785/2328 6983/3777/2325
f 7149/3778/2326 7150/3786/2329 5125/3787/2330 5117/3779/2327
f 5117/3779/2327 5125/3787/2330 5126/3788/2330 5118/3780/2327
f 5118/3780/2327 5126/3788/2330 5127/3789/2330 5119/3781/2327
f 5119/3781/2327 5127/3789/2330 5128/3790/2330 5120/3782/2327
f 5120/3782/2327 5128/3790/2330 5129/3791/2330 5121/3783/2327
f 5121/3783/2327 5129/3791/2330 5130/3792/2330 5122/3784/2327
f 5122/3784/2327 5130/3792/2330 6985/3793/2331 6984/3785/2328
f 7150/3786/2329 7151/2827/2332 5133/3794/2333 5125/3787/2330
f 5125/3787/2330 5133/3794/2333 5134/3795/2333 5126/3788/2330
f 5126/3788/2330 5134/3795/2333 5135/3796/2333 5127/3789/2330
f 5127/3789/2330 5135/3796/2333 5136/3797/2333 5128/3790/2330
f 5128/3790/2330 5136/3797/2333 5137/3798/2333 5129/3791/2330
f 5129/3791/2330 5137/3798/2333 5138/3799/2333 5130/3792/2330
f 5130/3792/2330 5138/3799/2333 6986/2835/2334 6985/3793/2331
f 7151/2827/2332 7152/3800/2335 5141/3801/2336 5133/3794/2333
f 5133/3794/2333 5141/3801/2336 5142/3802/2337 5134/3795/2333
f 5134/3795/2333 5142/3802/2337 5143/3803/2336 5135/3796/2333
f 5135/3796/2333 5143/3803/2336 5144/3804/2338 5136/3797/2333
f 5136/3797/2333 5144/3804/2338 5145/3805/2336 5137/3798/2333
f 5137/3798/2333 5145/3805/2336 5146/3806/2338 5138/3799/2333
f 5138/3799/2333 5146/3806/2338 6987/3807/2339 6986/2835/2334
f 7152/3800/2335 7153/3808/2340 5149/3809/2341 5141/3801/2336
f 5141/3801/2336 5149/3809/2341 5150/3810/2341 5142/3802/2337
f 5142/3802/2337 5150/3810/2341 5151/3811/2341 5143/3803/2336
f 5143/3803/2336 5151/3811/2341 5152/3812/2341 5144/3804/2338
f 5144/3804/2338 5152/3812/2341 5153/3813/2341 5145/3805/2336
f 5145/3805/2336 5153/3813/2341 5154/3814/2341 5146/3806/2338
f 5146/3806/2338 5154/3814/2341 6988/3815/2342 6987/3807/2339
f 7153/3808/2340 7154/3816/2343 5157/3817/2344 5149/3809/2341
f 5149/3809/2341 5157/3817/2344 5158/3818/2344 5150/3810/2341
f 5150/3810/2341 5158/3818/2344 5159/3819/2344 5151/3811/2341
f 5151/3811/2341 5159/3819/2344 5160/3820/2344 5152/3812/2341
f 5152/3812/2341 5160/3820/2344 5161/3821/2344 5153/3813/2341
f 5153/3813/2341 5161/3821/2344 5162/3822/2344 5154/3814/2341
f 5154/3814/2341 5162/3822/2344 6989/3823/2345 6988/3815/2342
f 7154/3816/2343 7155/3824/2346 5165/3825/2347 5157/3817/2344
f 5157/3817/2344 5165/3825/2347 5166/3826/2347 5158/3818/2344
f 5158/3818/2344 5166/3826/2347 5167/3827/2347 5159/3819/2344
f 5159/3819/2344 5167/3827/2347 5168/3828/2347 5160/3820/2344
f 5160/3820/2344 5168/3828/2347 5169/3829/2347 5161/3821/2344
f 5161/3821/2344 5169/3829/2347 5170/3830/2347 5162/3822/2344
f 5162/3822/2344 5170/3830/2347 6990/3831/2348 6989/3823/2345
f 7155/3824/2346 7156/2836/2349 5173/3832/2350 5165/3825/2347
f 5165/3825/2347 5173/3832/2350 5174/3833/2350 5166/3826/2347
f 5166/3826/2347 5174/3833/2350 5175/3834/2350 5167/3827/2347
f 5167/3827/2347 5175/3834/2350 5176/3835/2350 5168/3828/2347
f 5168/3828/2347 5176/3835/2350 5177/3836/2350 5169/3829/2347
f 5169/3829/2347 5177/3836/2350 5178/3837/2350 5170/3830/2347
f 5170/3830/2347 5178/3837/2350 6991/2844/2351 6990/3831/2348
f 7156/2836/2349 7157/3838/2352 5181/3839/2353 5173/3832/2350
f 5173/3832/2350 5181/3839/2353 5182/3840/2353 5174/3833/2350
f 5174/3833/2350 5182/3840/2353 5183/3841/2353 5175/3834/2350
f 5175/3834/2350 5183/3841/2353 5184/3842/2353 5176/3835/2350
f 5176/3835/2350 5184/3842/2353 5185/3843/2353 5177/3836/2350
f 5177/3836/2350 5185/3843/2353 5186/3844/2353 5178/3837/2350
f 5178/3837/2350 5186/3844/2353 6992/3845/2354 6991/2844/2351
f 7157/3838/2352 7158/3846/2355 5189/3847/2356 5181/3839/2353
f 5181/3839/2353 5189/3847/2356 5190/3848/2356 5182/3840/2353
f 5182/3840/2353 5190/3848/2356 5191/3849/2356 5183/3841/2353
f 5183/3841/2353 5191/3849/2356 5192/3850/2357 5184/3842/2353
f 5184/3842/2353 5192/3850/2357 5193/3851/2357 5185/3843/2353
f 5185/3843/2353 5193/3851/2357 5194/3852/2357 5186/3844/2353
f 5186/3844/2353 5194/3852/2357 6993/3853/2358 6992/3845/2354
f 7158/3846/2355 7159/3854/2359 5197/3855/2360 5189/3847/2356
f 5189/3847/2356 5197/3855/2360 5198/3856/2360 5190/3848/2356
f 5190/3848/2356 5198/3856/2360 5199/3857/2360 5191/3849/2356
f 5191/3849/2356 5199/3857/2360 5200/3858/2360 5192/3850/2357
f 5192/3850/2357 5200/3858/2360 5201/3859/2360 5193/3851/2357
f 5193/3851/2357 5201/3859/2360 5202/3860/2360 5194/3852/2357
f 5194/3852/2357 5202/3860/2360 6994/3861/2361 6993/3853/2358
f 7159/3854/2359 7160/3862/2362 5205/3863/2363 5197/3855/2360
f 5197/3855/2360 5205/3863/2363 5206/3864/2363 5198/3856/2360
f 5198/3856/2360 5206/3864/2363 5207/3865/2363 5199/3857/2360
f 5199/3857/2360 5207/3865/2363 5208/3866/2363 5200/3858/2360
f 5200/3858/2360 5208/3866/2363 5209/3867/2363 5201/3859/2360
f 5201/3859/2360 5209/3867/2363 5210/3868/2363 5202/3860/2360
f 5202/3860/2360 5210/3868/2363 6995/3869/2364 6994/3861/2361
f 7160/3862/2362 7161/3870/2365 5213/3871/2366 5205/3863/2363
f 5205/3863/2363 5213/3871/2366 5214/3872/2367 5206/3864/2363
f 5206/3864/2363 5214/3872/2367 5215/3873/2367 5207/3865/2363
f 5207/3865/2363 5215/3873/2367 5216/3874/2367 5208/3866/2363
f 5208/3866/2363 5216/3874/2367 5217/3875/2366 5209/3867/2363
f 5209/3867/2363 5217/3875/2366 5218/3876/2366 5210/3868/2363
f 5210/3868/2363 5218/3876/2366 6996/3877/2368 6995/3869/2364
f 7161/3870/2365 7162/3878/2369 5221/3879/2370 5213/3871/2366
f 5213/3871/2366 5221/3879/2370 5222/3880/2370 5214/3872/2367
f 5214/3872/2367 5222/3880/2370 5223/3881/2370 5215/3873/2367
f 5215/3873/2367 5223/3881/2370 5224/3882/2370 5216/3874/2367
f 5216/3874/2367 5224/3882/2370 5225/3883/2370 5217/3875/2366
f 5217/3875/2366 5225/3883/2370 5226/3884/2370 5218/3876/2366
f 5218/3876/2366 5226/3884/2370 6997/3885/2371 6996/3877/2368
f 7162/3878/2369 7163/2845/2372 5229/3886/2373 5221/3879/2370
f 5221/3879/2370 5229/3886/2373 5230/3887/2373 5222/3880/2370
f 5222/3880/2370 5230/3887/2373 5231/3888/2373 5223/3881/2370
f 5223/3881/2370 5231/3888/2373 5232/3889/2373 5224/3882/2370
f 5224/3882/2370 5232/3889/2373 5233/3890/2373 5225/3883/2370
f 5225/3883/2370 5233/3890/2373 5234/3891/2373 5226/3884/2370
f 5226/3884/2370 5234/3891/2373 6998/2853/2374 6997/3885/2371
f 7163/2845/2372 7164/3892/2375 5237/3893/2376 5229/3886/2373
f 5229/3886/2373 5237/3893/2376 5238/3894/2376 5230/3887/2373
f 5230/3887/2373 5238/3894/2376 5239/3895/2376 5231/3888/2373
f 5231/3888/2373 5239/3895/2376 5240/3896/2377 5232/3889/2373
f 5232/3889/2373 5240/3896/2377 5241/3897/2377 5233/3890/2373
f 5233/3890/2373 5241/3897/2377 5242/3898/2376 5234/3891/2373
f 5234/3891/2373 5242/3898/2376 6999/3899/2378 6998/2853/2374
f 7164/3892/2375 7165/3900/2379 5245/3901/2380 5237/3893/2376
f 5237/3893/2376 5245/3901/2380 5246/3902/2380 5238/3894/2376
f 5238/3894/2376 5246/3902/2380 5247/3903/2380 5239/3895/2376
f 5239/3895/2376 5247/3903/2380 5248/3904/2380 5240/3896/2377
f 5240/3896/2377 5248/3904/2380 5249/3905/2380 5241/3897/2377
f 5241/3897/2377 5249/3905/2380 5250/3906/2380 5242/3898/2376
f 5242/3898/2376 5250/3906/2380 7000/3907/2381 6999/3899/2378
f 7165/3900/2379 7166/3908/2382 5253/3909/2383 5245/3901/2380
f 5245/3901/2380 5253/3909/2383 5254/3910/2383 5246/3902/2380
f 5246/3902/2380 5254/3910/2383 5255/3911/2384 5247/3903/2380
f 5247/3903/2380 5255/3911/2384 5256/3912/2383 5248/3904/2380
f 5248/3904/2380 5256/3912/2383 5257/3913/2383 5249/3905/2380
f 5249/3905/2380 5257/3913/2383 5258/3914/2383 5250/3906/2380
f 5250/3906/2380 5258/3914/2383 7001/3915/2385 7000/3907/2381
f 7166/3908/2382 7167/3916/2386 5261/3917/2387 5253/3909/2383
f 5253/3909/2383 5261/3917/2387 5262/3918/2388 5254/3910/2383
f 5254/3910/2383 5262/3918/2388 5263/3919/2388 5255/3911/2384
f 5255/3911/2384 5263/3919/2388 5264/3920/2387 5256/3912/2383
f 5256/3912/2383 5264/3920/2387 5265/3921/2387 5257/3913/2383
f 5257/3913/2383 5265/3921/2387 5266/3922/2387 5258/3914/2383
f 5258/3914/2383 5266/3922/2387 7002/3923/2389 7001/3915/2385
f 7167/3916/2386 7168/2854/2390 5269/3924/2391 5261/3917/2387
f 5261/3917/2387 5269/3924/2391 5270/3925/2391 5262/3918/2388
f 5262/3918/2388 5270/3925/2391 5271/3926/2391 5263/3919/2388
f 5263/3919/2388 5271/3926/2391 5272/3927/2391 5264/3920/2387
f 5264/3920/2387 5272/3927/2391 5273/3928/2391 5265/3921/2387
f 5265/3921/2387 5273/3928/2391 5274/3929/2391 5266/3922/2387
f 5266/3922/2387 5274/3929/2391 7003/2862/2392 7002/3923/2389
f 7168/2854/2390 7169/3930/2393 5277/3931/2394 5269/3924/2391
f 5269/3924/2391 5277/3931/2394 5278/3932/2394 5270/3925/2391
f 5270/3925/2391 5278/3932/2394 5279/3933/2394 5271/3926/2391
f 5271/3926/2391 5279/3933/2394 5280/3934/2394 5272/3927/2391
f 5272/3927/2391 5280/3934/2394 5281/3935/2394 5273/3928/2391
f 5273/3928/2391 5281/3935/2394 5282/3936/2394 5274/3929/2391
f 5274/3929/2391 5282/3936/2394 7004/3937/2395 7003/2862/2392
f 7169/3930/2393 7170/3938/2396 5285/3939/2397 5277/3931/2394
f 5277/3931/2394 5285/3939/2397 5286/3940/2397 5278/3932/2394
f 5278/3932/2394 5286/3940/2397 5287/3941/2397 5279/3933/2394
f 5279/3933/2394 5287/3941/2397 5288/3942/2397 5280/3934/2394
f 5280/3934/2394 5288/3942/2397 5289/3943/2397 5281/3935/2394
f 5281/3935/2394 5289/3943/2397 5290/3944/2397 5282/3936/2394
f 5282/3936/2394 5290/3944/2397 7005/3945/2398 7004/3937/2395
f 7170/3938/2396 7171/3946/2399 5293/3947/2400 5285/3939/2397
f 5285/3939/2397 5293/3947/2400 5294/3948/2400 5286/3940/2397
f 5286/3940/2397 5294/3948/2400 5295/3949/2400 5287/3941/2397
f 5287/3941/2397 5295/3949/2400 5296/3950/2400 5288/3942/2397
f 5288/3942/2397 5296/3950/2400 5297/3951/2400 5289/3943/2397
f 5289/3943/2397 5297/3951/2400 5298/3952/2400 5290/3944/2397
f 5290/3944/2397 5298/3952/2400 7006/3953/2401 7005/3945/2398
f 7171/3946/2399 7172/3954/2402 5301/3955/2403 5293/3947/2400
f 5293/3947/2400 5301/3955/2403 5302/3956/2403 5294/3948/2400
f 5294/3948/2400 5302/3956/2403 5303/3957/2403 5295/3949/2400
f 5295/3949/2400 5303/3957/2403 5304/3958/2403 5296/3950/2400
f 5296/3950/2400 5304/3958/2403 5305/3959/2403 5297/3951/2400
f 5297/3951/2400 5305/3959/2403 5306/3960/2403 5298/3952/2400
f 5298/3952/2400 5306/3960/2403 7007/3961/2404 7006/3953/2401
f 7172/3954/2402 7173/3962/2405 5309/3963/2406 5301/3955/2403
f 5301/3955/2403 5309/3963/2406 5310/3964/2406 5302/3956/2403
f 5302/3956/2403 5310/3964/2406 5311/3965/2406 5303/3957/2403
f 5303/3957/2403 5311/3965/2406 5312/3966/2406 5304/3958/2403
f 5304/3958/2403 5312/3966/2406 5313/3967/2406 5305/3959/2403
f 5305/3959/2403 5313/3967/2406 5314/3968/2406 5306/3960/2403
f 5306/3960/2403 5314/3968/2406 7008/3969/2407 7007/3961/2404
f 7173/3962/2405 7174/3970/2408 5317/3971/2409 5309/3963/2406
f 5309/3963/2406 5317/3971/2409 5318/3972/2409 5310/3964/2406
f 5310/3964/2406 5318/3972/2409 5319/3973/2409 5311/3965/2406
f 5311/3965/2406 5319/3973/2409 5320/3974/2409 5312/3966/2406
f 5312/3966/2406 5320/3974/2409 5321/3975/2409 5313/3967/2406
f 5313/3967/2406 5321/3975/2409 5322/3976/2409 5314/3968/2406
f 5314/3968/2406 5322/3976/2409 7009/3977/2410 7008/3969/2407
f 7174/3970/2408 7175/3978/2411 5325/3979/2412 5317/3971/2409
f 5317/3971/2409 5325/3979/2412 5326/3980/2412 5318/3972/2409
f 5318/3972/2409 5326/3980/2412 5327/3981/2412 5319/3973/2409
f 5319/3973/2409 5327/3981/2412 5328/3982/2412 5320/3974/2409
f 5320/3974/2409 5328/3982/2412 5329/3983/2412 5321/3975/2409
f 5321/3975/2409 5329/3983/2412 5330/3984/2412 5322/3976/2409
f 5322/3976/2409 5330/3984/2412 7010/3985/2413 7009/3977/2410
f 7175/3978/2411 7176/3986/2414 5333/3987/2415 5325/3979/2412
f 5325/3979/2412 5333/3987/2415 5334/3988/2415 5326/3980/2412
f 5326/3980/2412 5334/3988/2415 5335/3989/2415 5327/3981/2412
f 5327/3981/2412 5335/3989/2415 5336/3990/2415 5328/3982/2412
f 5328/3982/2412 5336/3990/2415 5337/3991/2415 5329/3983/2412
f 5329/3983/2412 5337/3991/2415 5338/3992/2415 5330/3984/2412
f 5330/3984/2412 5338/3992/2415 7011/3993/2416 7010/3985/2413
f 7176/3986/2414 7177/3994/2417 5341/3995/2418 5333/3987/2415
f 5333/3987/2415 5341/3995/2418 5342/3996/2418 5334/3988/2415
f 5334/3988/2415 5342/3996/2418 5343/3997/2418 5335/3989/2415
f 5335/3989/2415 5343/3997/2418 5344/3998/2418 5336/3990/2415
f 5336/3990/2415 5344/3998/2418 5345/3999/2418 5337/3991/2415
f 5337/3991/2415 5345/3999/2418 5346/4000/2418 5338/3992/2415
f 5338/3992/2415 5346/4000/2418 7012/4001/2419 7011/3993/2416
f 7177/3994/2417 7178/4002/2420 5349/4003/2421 5341/3995/2418
f 5341/3995/2418 5349/4003/2421 5350/4004/2422 5342/3996/2418
f 5342/3996/2418 5350/4004/2422 5351/4005/2422 5343/3997/2418
f 5343/3997/2418 5351/4005/2422 5352/4006/2422 5344/3998/2418
f 5344/3998/2418 5352/4006/2422 5353/4007/2421 5345/3999/2418
f 5345/3999/2418 5353/4007/2421 5354/4008/2421 5346/4000/2418
f 5346/4000/2418 5354/4008/2421 7013/4009/2423 7012/4001/2419
f 7178/4002/2420 7179/2863/2424 5357/4010/2425 5349/4003/2421
f 5349/4003/2421 5357/4010/2425 5358/4011/2425 5350/4004/2422
f 5350/4004/2422 5358/4011/2425 5359/4012/2425 5351/4005/2422
f 5351/4005/2422 5359/4012/2425 5360/4013/2425 5352/4006/2422
f 5352/4006/2422 5360/4013/2425 5361/4014/2425 5353/4007/2421
f 5353/4007/2421 5361/4014/2425 5362/4015/2425 5354/4008/2421
f 5354/4008/2421 5362/4015/2425 7014/2871/2426 7013/4009/2423
f 7179/2863/2424 7180/4016/2427 5365/4017/2428 5357/4010/2425
f 5357/4010/2425 5365/4017/2428 5366/4018/2428 5358/4011/2425
f 5358/4011/2425 5366/4018/2428 5367/4019/2428 5359/4012/2425
f 5359/4012/2425 5367/4019/2428 5368/4020/2428 5360/4013/2425
f 5360/4013/2425 5368/4020/2428 5369/4021/2428 5361/4014/2425
f 5361/4014/2425 5369/4021/2428 5370/4022/2428 5362/4015/2425
f 5362/4015/2425 5370/4022/2428 7015/4023/2429 7014/2871/2426
f 7180/4016/2427 7181/4024/2430 5373/4025/2431 5365/4017/2428
f 5365/4017/2428 5373/4025/2431 5374/4026/2431 5366/4018/2428
f 5366/4018/2428 5374/4026/2431 5375/4027/2431 5367/4019/2428
f 5367/4019/2428 5375/4027/2431 5376/4028/2431 5368/4020/2428
f 5368/4020/2428 5376/4028/2431 5377/4029/2431 5369/4021/2428
f 5369/4021/2428 5377/4029/2431 5378/4030/2431 5370/4022/2428
f 5370/4022/2428 5378/4030/2431 7016/4031/2432 7015/4023/2429
f 7181/4024/2430 7182/4032/2433 5381/4033/2434 5373/4025/2431
f 5373/4025/2431 5381/4033/2434 5382/4034/2434 5374/4026/2431
f 5374/4026/2431 5382/4034/2434 5383/4035/2434 5375/4027/2431
f 5375/4027/2431 5383/4035/2434 5384/4036/2434 5376/4028/2431
f 5376/4028/2431 5384/4036/2434 5385/4037/2434 5377/4029/2431
f 5377/4029/2431 5385/4037/2434 5386/4038/2434 5378/4030/2431
f 5378/4030/2431 5386/4038/2434 7017/4039/2435 7016/4031/2432
f 7182/4032/2433 7183/4040/2436 5389/4041/2437 5381/4033/2434
f 5381/4033/2434 5389/4041/2437 5390/4042/2437 5382/4034/2434
f 5382/4034/2434 5390/4042/2437 5391/4043/2437 5383/4035/2434
f 5383/4035/2434 5391/4043/2437 5392/4044/2437 5384/4036/2434
f 5384/4036/2434 5392/4044/2437 5393/4045/2437 5385/4037/2434
f 5385/4037/2434 5393/4045/2437 5394/4046/2437 5386/4038/2434
f 5386/4038/2434 5394/4046/2437 7018/4047/2438 7017/4039/2435
f 7183/4040/2436 7184/4048/2439 5397/4049/2440 5389/4041/2437
f 5389/4041/2437 5397/4049/2440 5398/4050/2440 5390/4042/2437
f 5390/4042/2437 5398/4050/2440 5399/4051/2440 5391/4043/2437
f 5391/4043/2437 5399/4051/2440 5400/4052/2440 5392/4044/2437
f 5392/4044/2437 5400/4052/2440 5401/4053/2440 5393/4045/2437
f 5393/4045/2437 5401/4053/2440 5402/4054/2440 5394/4046/2437
f 5394/4046/2437 5402/4054/2440 7019/4055/2441 7018/4047/2438
f 7184/4048/2439 7185/4056/2442 5405/4057/2443 5397/4049/2440
f 5397/4049/2440 5405/4057/2443 5406/4058/2443 5398/4050/2440
f 5398/4050/2440 5406/4058/2443 5407/4059/2443 5399/4051/2440
f 5399/4051/2440 5407/4059/2443 5408/4060/2443 5400/4052/2440
f 5400/4052/2440 5408/4060/2443 5409/4061/2443 5401/4053/2440
f 5401/4053/2440 5409/4061/2443 5410/4062/2443 5402/4054/2440
f 5402/4054/2440 5410/4062/2443 7020/4063/2444 7019/4055/2441
f 7185/4056/2442 7186/2872/2445 5413/4064/2446 5405/4057/2443
f 5405/4057/2443 5413/4064/2446 5414/4065/2446 5406/4058/2443
f 5406/4058/2443 5414/4065/2446 5415/4066/2446 5407/4059/2443
f 5407/4059/2443 5415/4066/2446 5416/4067/2446 5408/4060/2443
f 5408/4060/2443 5416/4067/2446 5417/4068/2446 5409/4061/2443
f 5409/4061/2443 5417/4068/2446 5418/4069/2446 5410/4062/2443
f 5410/4062/2443 5418/4069/2446 7021/2880/2447 7020/4063/2444
f 7186/2872/2445 7187/4070/2448 5421/4071/2449 5413/4064/2446
f 5413/4064/2446 5421/4071/2449 5422/4072/2449 5414/4065/2446
f 5414/4065/2446 5422/4072/2449 5423/4073/2449 5415/4066/2446
f 5415/4066/2446 5423/4073/2449 5424/4074/2449 5416/4067/2446
f 5416/4067/2446 5424/4074/2449 5425/4075/2449 5417/4068/2446
f 5417/4068/2446 5425/4075/2449 5426/4076/2449 5418/4069/2446
f 5418/4069/2446 5426/4076/2449 7022/4077/2450 7021/2880/2447
f 7187/4070/2448 7188/4078/2451 5429/4079/2452 5421/4071/2449
f 5421/4071/2449 5429/4079/2452 5430/4080/2452 5422/4072/2449
f 5422/4072/2449 5430/4080/2452 5431/4081/2452 5423/4073/2449
f 5423/4073/2449 5431/4081/2452 5432/4082/2452 5424/4074/2449
f 5424/4074/2449 5432/4082/2452 5433/4083/2452 5425/4075/2449
f 5425/4075/2449 5433/4083/2452 5434/4084/2452 5426/4076/2449
f 5426/4076/2449 5434/4084/2452 7023/4085/2453 7022/4077/2450
f 7188/4078/2451 7189/4086/2454 5437/4087/2455 5429/4079/2452
f 5429/4079/2452 5437/4087/2455 5438/4088/2455 5430/4080/2452
f 5430/4080/2452 5438/4088/2455 5439/4089/2455 5431/4081/2452
f 5431/4081/2452 5439/4089/2455 5440/4090/2455 5432/4082/2452
f 5432/4082/2452 5440/4090/2455 5441/4091/2455 5433/4083/2452
f 5433/4083/2452 5441/4091/2455 5442/4092/2455 5434/4084/2452
f 5434/4084/2452 5442/4092/2455 7024/4093/2456 7023/4085/2453
f 7189/4086/2454 7190/4094/2457 5445/4095/2458 5437/4087/2455
f 5437/4087/2455 5445/4095/2458 5446/4096/2458 5438/4088/2455
f 5438/4088/2455 5446/4096/2458 5447/4097/2458 5439/4089/2455
f 5439/4089/2455 5447/4097/2458 5448/4098/2458 5440/4090/2455
f 5440/4090/2455 5448/4098/2458 5449/4099/2458 5441/4091/2455
f 5441/4091/2455 5449/4099/2458 5450/4100/2458 5442/4092/2455
f 5442/4092/2455 5450/4100/2458 7025/4101/2459 7024/4093/2456
f 7190/4094/2457 7191/2881/2460 5453/4102/2461 5445/4095/2458
f 5445/4095/2458 5453/4102/2461 5454/4103/2461 5446/4096/2458
f 5446/4096/2458 5454/4103/2461 5455/4104/2461 5447/4097/2458
f 5447/4097/2458 5455/4104/2461 5456/4105/2461 5448/4098/2458
f 5448/4098/2458 5456/4105/2461 5457/4106/2461 5449/4099/2458
f 5449/4099/2458 5457/4106/2461 5458/4107/2461 5450/4100/2458
f 5450/4100/2458 5458/4107/2461 7026/2889/2462 7025/4101/2459
f 7191/2881/2460 7192/4108/2463 5461/4109/2464 5453/4102/2461
f 5453/4102/2461 5461/4109/2464 5462/4110/2464 5454/4103/2461
f 5454/4103/2461 5462/4110/2464 5463/4111/2465 5455/4104/2461
f 5455/4104/2461 5463/4111/2465 5464/4112/2465 5456/4105/2461
f 5456/4105/2461 5464/4112/2465 5465/4113/2465 5457/4106/2461
f 5457/4106/2461 5465/4113/2465 5466/4114/2465 5458/4107/2461
f 5458/4107/2461 5466/4114/2465 7027/4115/2466 7026/2889/2462
f 7192/4108/2463 7193/4116/2467 5469/4117/2468 5461/4109/2464
f 5461/4109/2464 5469/4117/2468 5470/4118/2468 5462/4110/2464
f 5462/4110/2464 5470/4118/2468 5471/4119/2468 5463/4111/2465
f 5463/4111/2465 5471/4119/2468 5472/4120/2468 5464/4112/2465
f 5464/4112/2465 5472/4120/2468 5473/4121/2468 5465/4113/2465
f 5465/4113/2465 5473/4121/2468 5474/4122/2468 5466/4114/2465
f 5466/4114/2465 5474/4122/2468 7028/4123/2469 7027/4115/2466
f 7193/4116/2467 7194/4124/2470 5477/4125/2471 5469/4117/2468
f 5469/4117/2468 5477/4125/2471 5478/4126/2471 5470/4118/2468
f 5470/4118/2468 5478/4126/2471 5479/4127/2471 5471/4119/2468
f 5471/4119/2468 5479/4127/2471 5480/4128/2471 5472/4120/2468
f 5472/4120/2468 5480/4128/2471 5481/4129/2471 5473/4121/2468
f 5473/4121/2468 5481/4129/2471 5482/4130/2471 5474/4122/2468
f 5474/4122/2468 5482/4130/2471 7029/4131/2472 7028/4123/2469
f 7194/4124/2470 7195/4132/2473 5485/4133/2474 5477/4125/2471
f 5477/4125/2471 5485/4133/2474 5486/4134/2474 5478/4126/2471
f 5478/4126/2471 5486/4134/2474 5487/4135/2474 5479/4127/2471
f 5479/4127/2471 5487/4135/2474 5488/4136/2474 5480/4128/2471
f 5480/4128/2471 5488/4136/2474 5489/4137/2474 5481/4129/2471
f 5481/4129/2471 5489/4137/2474 5490/4138/2474 5482/4130/2471
f 5482/4130/2471 5490/4138/2474 7030/4139/2475 7029/4131/2472
f 7195/4132/2473 7196/4140/2476 5493/4141/2477 5485/4133/2474
f 5485/4133/2474 5493/4141/2477 5494/4142/2477 5486/4134/2474
f 5486/4134/2474 5494/4142/2477 5495/4143/2477 5487/4135/2474
f 5487/4135/2474 5495/4143/2477 5496/4144/2477 5488/4136/2474
f 5488/4136/2474 5496/4144/2477 5497/4145/2477 5489/4137/2474
f 5489/4137/2474 5497/4145/2477 5498/4146/2477 5490/4138/2474
f 5490/4138/2474 5498/4146/2477 7031/4147/2478 7030/4139/2475
f 7196/4140/2476 7197/4148/2479 5501/4149/2480 5493/4141/2477
f 5493/4141/2477 5501/4149/2480 5502/4150/2480 5494/4142/2477
f 5494/4142/2477 5502/4150/2480 5503/4151/2480 5495/4143/2477
f 5495/4143/2477 5503/4151/2480 5504/4152/2480 5496/4144/2477
f 5496/4144/2477 5504/4152/2480 5505/4153/2480 5497/4145/2477
f 5497/4145/2477 5505/4153/2480 5506/4154/2480 5498/4146/2477
f 5498/4146/2477 5506/4154/2480 7032/4155/2481 7031/4147/2478
f 7197/4148/2479 7198/2890/2482 5509/4156/2483 5501/4149/2480
f 5501/4149/2480 5509/4156/2483 5510/4157/2483 5502/4150/2480
f 5502/4150/2480 5510/4157/2483 5511/4158/2483 5503/4151/2480
f 5503/4151/2480 5511/4158/2483 5512/4159/2483 5504/4152/2480
f 5504/4152/2480 5512/4159/2483 5513/4160/2483 5505/4153/2480
f 5505/4153/2480 5513/4160/2483 5514/4161/2483 5506/4154/2480
f 5506/4154/2480 5514/4161/2483 7033/2898/2484 7032/4155/2481
f 7198/2890/2482 7199/4162/2485 5517/4163/2486 5509/4156/2483
f 5509/4156/2483 5517/4163/2486 5518/4164/2486 5510/4157/2483
f 5510/4157/2483 5518/4164/2486 5519/4165/2486 5511/4158/2483
f 5511/4158/2483 5519/4165/2486 5520/4166/2486 5512/4159/2483
f 5512/4159/2483 5520/4166/2486 5521/4167/2486 5513/4160/2483
f 5513/4160/2483 5521/4167/2486 5522/4168/2486 5514/4161/2483
f 5514/4161/2483 5522/4168/2486 7034/4169/2487 7033/2898/2484
f 7199/4162/2485 7200/4170/2488 5525/4171/2489 5517/4163/2486
f 5517/4163/2486 5525/4171/2489 5526/4172/2490 5518/4164/2486
f 5518/4164/2486 5526/4172/2490 5527/4173/2490 5519/4165/2486
f 5519/4165/2486 5527/4173/2490 5528/4174/2490 5520/4166/2486
f 5520/4166/2486 5528/4174/2490 5529/4175/2490 5521/4167/2486
f 5521/4167/2486 5529/4175/2490 5530/4176/2490 5522/4168/2486
f 5522/4168/2486 5530/4176/2490 7035/4177/2491 7034/4169/2487
f 7200/4170/2488 7201/4178/2492 5533/4179/2493 5525/4171/2489
f 5525/4171/2489 5533/4179/2493 5534/4180/2493 5526/4172/2490
f 5526/4172/2490 5534/4180/2493 5535/4181/2493 5527/4173/2490
f 5527/4173/2490 5535/4181/2493 5536/4182/2493 5528/4174/2490
f 5528/4174/2490 5536/4182/2493 5537/4183/2493 5529/4175/2490
f 5529/4175/2490 5537/4183/2493 5538/4184/2493 5530/4176/2490
f 5530/4176/2490 5538/4184/2493 7036/4185/2494 7035/4177/2491
f 7201/4178/2492 7202/4186/2495 5541/4187/2496 5533/4179/2493
f 5533/4179/2493 5541/4187/2496 5542/4188/2496 5534/4180/2493
f 5534/4180/2493 5542/4188/2496 5543/4189/2496 5535/4181/2493
f 5535/4181/2493 5543/4189/2496 5544/4190/2496 5536/4182/2493
f 5536/4182/2493 5544/4190/2496 5545/4191/2496 5537/4183/2493
f 5537/4183/2493 5545/4191/2496 5546/4192/2496 5538/4184/2493
f 5538/4184/2493 5546/4192/2496 7037/4193/2497 7036/4185/2494
f 7202/4186/2495 7203/2899/2498 5549/4194/2499 5541/4187/2496
f 5541/4187/2496 5549/4194/2499 5550/4195/2499 5542/4188/2496
f 5542/4188/2496 5550/4195/2499 5551/4196/2499 5543/4189/2496
f 5543/4189/2496 5551/4196/2499 5552/4197/2499 5544/4190/2496
f 5544/4190/2496 5552/4197/2499 5553/4198/2499 5545/4191/2496
f 5545/4191/2496 5553/4198/2499 5554/4199/2499 5546/4192/2496
f 5546/4192/2496 5554/4199/2499 7038/2907/2500 7037/4193/2497
f 7203/2899/2498 7204/4200/2501 7205/4201/2502 5549/4194/2499
f 5549/4194/2499 7205/4201/2502 7207/4202/2502 5550/4195/2499
f 5550/4195/2499 7207/4202/2502 7209/4203/2502 5551/4196/2499
f 5551/4196/2499 7209/4203/2502 7211/4204/2502 5552/4197/2499
f 5552/4197/2499 7211/4204/2502 7213/4205/2502 5553/4198/2499
f 5553/4198/2499 7213/4205/2502 7215/4206/2502 5554/4199/2499
f 5554/4199/2499 7215/4206/2502 7039/4207/2503 7038/2907/2500
f 7380/2944/2504 7382/2945/2505 5573/2946/2138 7381/2947/2139
f 7381/2947/2139 5573/2946/2138 5574/2948/2138 7546/2949/2139
f 7546/2949/2139 5574/2948/2138 5575/2950/2506 7548/2951/2139
f 7548/2951/2139 5575/2950/2506 5576/2952/2138 7550/2953/2139
f 7550/2953/2139 5576/2952/2138 5577/2954/2138 7552/2955/2139
f 7552/2955/2139 5577/2954/2138 5578/2956/2507 7554/2957/2139
f 7554/2957/2139 5578/2956/2507 7217/2958/2508 7216/2959/2509
f 7382/2945/2505 7383/2960/2144 5581/2961/2066 5573/2946/2138
f 5573/2946/2138 5581/2961/2066 5582/2962/2066 5574/2948/2138
f 5574/2948/2138 5582/2962/2066 5583/2963/2066 5575/2950/2506
f 5575/2950/2506 5583/2963/2066 5584/2964/2066 5576/2952/2138
f 5576/2952/2138 5584/2964/2066 5585/2965/2063 5577/2954/2138
f 5577/2954/2138 5585/2965/2063 5586/2966/2066 5578/2956/2507
f 5578/2956/2507 5586/2966/2066 7218/2967/2145 7217/2958/2508
f 7383/2960/2144 7384/2692/2510 5589/2968/2066 5581/2961/2066
f 5581/2961/2066 5589/2968/2066 5590/2969/2066 5582/2962/2066
f 5582/2962/2066 5590/2969/2066 5591/2970/2066 5583/2963/2066
f 5583/2963/2066 5591/2970/2066 5592/2971/2063 5584/2964/2066
f 5584/2964/2066 5592/2971/2063 5593/2972/2063 5585/2965/2063
f 5585/2965/2063 5593/2972/2063 5594/2973/2063 5586/2966/2066
f 5586/2966/2066 5594/2973/2063 7219/2700/2147 7218/2967/2145
f 7384/2692/2510 7385/2974/2511 5597/2975/2066 5589/2968/2066
f 5589/2968/2066 5597/2975/2066 5598/2976/2066 5590/2969/2066
f 5590/2969/2066 5598/2976/2066 5599/2977/2066 5591/2970/2066
f 5591/2970/2066 5599/2977/2066 5600/2978/2066 5592/2971/2063
f 5592/2971/2063 5600/2978/2066 5601/2979/2066 5593/2972/2063
f 5593/2972/2063 5601/2979/2066 5602/2980/2066 5594/2973/2063
f 5594/2973/2063 5602/2980/2066 7220/2981/2512 7219/2700/2147
f 7385/2974/2511 7386/2982/2513 5605/2983/2066 5597/2975/2066
f 5597/2975/2066 5605/2983/2066 5606/2984/2066 5598/2976/2066
f 5598/2976/2066 5606/2984/2066 5607/2985/2066 5599/2977/2066
f 5599/2977/2066 5607/2985/2066 5608/2986/2066 5600/2978/2066
f 5600/2978/2066 5608/2986/2066 5609/2987/2066 5601/2979/2066
f 5601/2979/2066 5609/2987/2066 5610/2988/2066 5602/2980/2066
f 5602/2980/2066 5610/2988/2066 7221/2989/2151 7220/2981/2512
f 7386/2982/2513 7387/2990/2152 5613/2991/2066 5605/2983/2066
f 5605/2983/2066 5613/2991/2066 5614/2992/2066 5606/2984/2066
f 5606/2984/2066 5614/2992/2066 5615/2993/2066 5607/2985/2066
f 5607/2985/2066 5615/2993/2066 5616/2994/2066 5608/2986/2066
f 5608/2986/2066 5616/2994/2066 5617/2995/2066 5609/2987/2066
f 5609/2987/2066 5617/2995/2066 5618/2996/2066 5610/2988/2066
f 5610/2988/2066 5618/2996/2066 7222/2997/2153 7221/2989/2151
f 7387/2990/2152 7388/2998/2154 5621/2999/2066 5613/2991/2066
f 5613/2991/2066 5621/2999/2066 5622/3000/2066 5614/2992/2066
f 5614/2992/2066 5622/3000/2066 5623/3001/2066 5615/2993/2066
f 5615/2993/2066 5623/3001/2066 5624/3002/2066 5616/2994/2066
f 5616/2994/2066 5624/3002/2066 5625/3003/2066 5617/2995/2066
f 5617/2995/2066 5625/3003/2066 5626/3004/2066 5618/2996/2066
f 5618/2996/2066 5626/3004/2066 7223/3005/2155 7222/2997/2153
f 7388/2998/2154 7389/3006/2156 5629/3007/2063 5621/2999/2066
f 5621/2999/2066 5629/3007/2063 5630/3008/2063 5622/3000/2066
f 5622/3000/2066 5630/3008/2063 5631/3009/2063 5623/3001/2066
f 5623/3001/2066 5631/3009/2063 5632/3010/2066 5624/3002/2066
f 5624/3002/2066 5632/3010/2066 5633/3011/2066 5625/3003/2066
f 5625/3003/2066 5633/3011/2066 5634/3012/2066 5626/3004/2066
f 5626/3004/2066 5634/3012/2066 7224/3013/2157 7223/3005/2155
f 7389/3006/2156 7390/3014/2158 5637/3015/2063 5629/3007/2063
f 5629/3007/2063 5637/3015/2063 5638/3016/2063 5630/3008/2063
f 5630/3008/2063 5638/3016/2063 5639/3017/2063 5631/3009/2063
f 5631/3009/2063 5639/3017/2063 5640/3018/2066 5632/3010/2066
f 5632/3010/2066 5640/3018/2066 5641/3019/2066 5633/3011/2066
f 5633/3011/2066 5641/3019/2066 5642/3020/2066 5634/3012/2066
f 5634/3012/2066 5642/3020/2066 7225/3021/2159 7224/3013/2157
f 7390/3014/2158 7391/3022/2160 5645/3023/2066 5637/3015/2063
f 5637/3015/2063 5645/3023/2066 5646/3024/2066 5638/3016/2063
f 5638/3016/2063 5646/3024/2066 5647/3025/2066 5639/3017/2063
f 5639/3017/2063 5647/3025/2066 5648/3026/2066 5640/3018/2066
f 5640/3018/2066 5648/3026/2066 5649/3027/2066 5641/3019/2066
f 5641/3019/2066 5649/3027/2066 5650/3028/2066 5642/3020/2066
f 5642/3020/2066 5650/3028/2066 7226/3029/2161 7225/3021/2159
f 7391/3022/2160 7392/3030/2160 5653/3031/2066 5645/3023/2066
f 5645/3023/2066 5653/3031/2066 5654/3032/2066 5646/3024/2066
f 5646/3024/2066 5654/3032/2066 5655/3033/2066 5647/3025/2066
f 5647/3025/2066 5655/3033/2066 5656/3034/2066 5648/3026/2066
f 5648/3026/2066 5656/3034/2066 5657/3035/2066 5649/3027/2066
f 5649/3027/2066 5657/3035/2066 5658/3036/2066 5650/3028/2066
f 5650/3028/2066 5658/3036/2066 7227/3037/2162 7226/3029/2161
f 7392/3030/2160 7393/3038/2163 5661/3039/2066 5653/3031/2066
f 5653/3031/2066 5661/3039/2066 5662/3040/2066 5654/3032/2066
f 5654/3032/2066 5662/3040/2066 5663/3041/2066 5655/3033/2066
f 5655/3033/2066 5663/3041/2066 5664/3042/2066 5656/3034/2066
f 5656/3034/2066 5664/3042/2066 5665/3043/2066 5657/3035/2066
f 5657/3035/2066 5665/3043/2066 5666/3044/2066 5658/3036/2066
f 5658/3036/2066 5666/3044/2066 7228/3045/2162 7227/3037/2162
f 7393/3038/2163 7394/3046/2163 5669/3047/2063 5661/3039/2066
f 5661/3039/2066 5669/3047/2063 5670/3048/2066 5662/3040/2066
f 5662/3040/2066 5670/3048/2066 5671/3049/2066 5663/3041/2066
f 5663/3041/2066 5671/3049/2066 5672/3050/2066 5664/3042/2066
f 5664/3042/2066 5672/3050/2066 5673/3051/2066 5665/3043/2066
f 5665/3043/2066 5673/3051/2066 5674/3052/2066 5666/3044/2066
f 5666/3044/2066 5674/3052/2066 7229/3053/2162 7228/3045/2162
f 7394/3046/2163 7395/2701/2163 5677/3054/2063 5669/3047/2063
f 5669/3047/2063 5677/3054/2063 5678/3055/2063 5670/3048/2066
f 5670/3048/2066 5678/3055/2063 5679/3056/2063 5671/3049/2066
f 5671/3049/2066 5679/3056/2063 5680/3057/2063 5672/3050/2066
f 5672/3050/2066 5680/3057/2063 5681/3058/2063 5673/3051/2066
f 5673/3051/2066 5681/3058/2063 5682/3059/2063 5674/3052/2066
f 5674/3052/2066 5682/3059/2063 7230/2709/2162 7229/3053/2162
f 7395/2701/2163 7396/3060/2163 5685/3061/2063 5677/3054/2063
f 5677/3054/2063 5685/3061/2063 5686/3062/2063 5678/3055/2063
f 5678/3055/2063 5686/3062/2063 5687/3063/2063 5679/3056/2063
f 5679/3056/2063 5687/3063/2063 5688/3064/2063 5680/3057/2063
f 5680/3057/2063 5688/3064/2063 5689/3065/2063 5681/3058/2063
f 5681/3058/2063 5689/3065/2063 5690/3066/2063 5682/3059/2063
f 5682/3059/2063 5690/3066/2063 7231/3067/2514 7230/2709/2162
f 7396/3060/2163 7397/3068/2163 5693/3069/2063 5685/3061/2063
f 5685/3061/2063 5693/3069/2063 5694/3070/2063 5686/3062/2063
f 5686/3062/2063 5694/3070/2063 5695/3071/2063 5687/3063/2063
f 5687/3063/2063 5695/3071/2063 5696/3072/2063 5688/3064/2063
f 5688/3064/2063 5696/3072/2063 5697/3073/2063 5689/3065/2063
f 5689/3065/2063 5697/3073/2063 5698/3074/2063 5690/3066/2063
f 5690/3066/2063 5698/3074/2063 7232/3075/2514 7231/3067/2514
f 7397/3068/2163 7398/3076/2163 5701/3077/2063 5693/3069/2063
f 5693/3069/2063 5701/3077/2063 5702/3078/2063 5694/3070/2063
f 5694/3070/2063 5702/3078/2063 5703/3079/2063 5695/3071/2063
f 5695/3071/2063 5703/3079/2063 5704/3080/2063 5696/3072/2063
f 5696/3072/2063 5704/3080/2063 5705/3081/2063 5697/3073/2063
f 5697/3073/2063 5705/3081/2063 5706/3082/2063 5698/3074/2063
f 5698/3074/2063 5706/3082/2063 7233/3083/2162 7232/3075/2514
f 7398/3076/2163 7399/3084/2163 5709/3085/2063 5701/3077/2063
f 5701/3077/2063 5709/3085/2063 5710/3086/2063 5702/3078/2063
f 5702/3078/2063 5710/3086/2063 5711/3087/2063 5703/3079/2063
f 5703/3079/2063 5711/3087/2063 5712/3088/2063 5704/3080/2063
f 5704/3080/2063 5712/3088/2063 5713/3089/2063 5705/3081/2063
f 5705/3081/2063 5713/3089/2063 5714/3090/2063 5706/3082/2063
f 5706/3082/2063 5714/3090/2063 7234/3091/2162 7233/3083/2162
f 7399/3084/2163 7400/3092/2163 5717/3093/2063 5709/3085/2063
f 5709/3085/2063 5717/3093/2063 5718/3094/2063 5710/3086/2063
f 5710/3086/2063 5718/3094/2063 5719/3095/2063 5711/3087/2063
f 5711/3087/2063 5719/3095/2063 5720/3096/2063 5712/3088/2063
f 5712/3088/2063 5720/3096/2063 5721/3097/2063 5713/3089/2063
f 5713/3089/2063 5721/3097/2063 5722/3098/2063 5714/3090/2063
f 5714/3090/2063 5722/3098/2063 7235/3099/2162 7234/3091/2162
f 7400/3092/2163 7401/3100/2163 5725/3101/2063 5717/3093/2063
f 5717/3093/2063 5725/3101/2063 5726/3102/2063 5718/3094/2063
f 5718/3094/2063 5726/3102/2063 5727/3103/2063 5719/3095/2063
f 5719/3095/2063 5727/3103/2063 5728/3104/2063 5720/3096/2063
f 5720/3096/2063 5728/3104/2063 5729/3105/2063 5721/3097/2063
f 5721/3097/2063 5729/3105/2063 5730/3106/2063 5722/3098/2063
f 5722/3098/2063 5730/3106/2063 7236/3107/2162 7235/3099/2162
f 7401/3100/2163 7402/2710/2163 5733/3108/2063 5725/3101/2063
f 5725/3101/2063 5733/3108/2063 5734/3109/2063 5726/3102/2063
f 5726/3102/2063 5734/3109/2063 5735/3110/2063 5727/3103/2063
f 5727/3103/2063 5735/3110/2063 5736/3111/2063 5728/3104/2063
f 5728/3104/2063 5736/3111/2063 5737/3112/2063 5729/3105/2063
f 5729/3105/2063 5737/3112/2063 5738/3113/2063 5730/3106/2063
f 5730/3106/2063 5738/3113/2063 7237/2718/2162 7236/3107/2162
f 7402/2710/2163 7403/3114/2163 5741/3115/2063 5733/3108/2063
f 5733/3108/2063 5741/3115/2063 5742/3116/2063 5734/3109/2063
f 5734/3109/2063 5742/3116/2063 5743/3117/2063 5735/3110/2063
f 5735/3110/2063 5743/3117/2063 5744/3118/2063 5736/3111/2063
f 5736/3111/2063 5744/3118/2063 5745/3119/2063 5737/3112/2063
f 5737/3112/2063 5745/3119/2063 5746/3120/2063 5738/3113/2063
f 5738/3113/2063 5746/3120/2063 7238/3121/2162 7237/2718/2162
f 7403/3114/2163 7404/3122/2163 5749/3123/2063 5741/3115/2063
f 5741/3115/2063 5749/3123/2063 5750/3124/2063 5742/3116/2063
f 5742/3116/2063 5750/3124/2063 5751/3125/2063 5743/3117/2063
f 5743/3117/2063 5751/3125/2063 5752/3126/2063 5744/3118/2063
f 5744/3118/2063 5752/3126/2063 5753/3127/2063 5745/3119/2063
f 5745/3119/2063 5753/3127/2063 5754/3128/2063 5746/3120/2063
f 5746/3120/2063 5754/3128/2063 7239/3129/2162 7238/3121/2162
f 7404/3122/2163 7405/3130/2163 5757/3131/2063 5749/3123/2063
f 5749/3123/2063 5757/3131/2063 5758/3132/2063 5750/3124/2063
f 5750/3124/2063 5758/3132/2063 5759/3133/2063 5751/3125/2063
f 5751/3125/2063 5759/3133/2063 5760/3134/2063 5752/3126/2063
f 5752/3126/2063 5760/3134/2063 5761/3135/2063 5753/3127/2063
f 5753/3127/2063 5761/3135/2063 5762/3136/2063 5754/3128/2063
f 5754/3128/2063 5762/3136/2063 7240/3137/2162 7239/3129/2162
f 7405/3130/2163 7406/3138/2163 5765/3139/2063 5757/3131/2063
f 5757/3131/2063 5765/3139/2063 5766/3140/2063 5758/3132/2063
f 5758/3132/2063 5766/3140/2063 5767/3141/2063 5759/3133/2063
f 5759/3133/2063 5767/3141/2063 5768/3142/2063 5760/3134/2063
f 5760/3134/2063 5768/3142/2063 5769/3143/2063 5761/3135/2063
f 5761/3135/2063 5769/3143/2063 5770/3144/2063 5762/3136/2063
f 5762/3136/2063 5770/3144/2063 7241/3145/2162 7240/3137/2162
f 7406/3138/2163 7407/3146/2163 5773/3147/2063 5765/3139/2063
f 5765/3139/2063 5773/3147/2063 5774/3148/2063 5766/3140/2063
f 5766/3140/2063 5774/3148/2063 5775/3149/2063 5767/3141/2063
f 5767/3141/2063 5775/3149/2063 5776/3150/2063 5768/3142/2063
f 5768/3142/2063 5776/3150/2063 5777/3151/2063 5769/3143/2063
f 5769/3143/2063 5777/3151/2063 5778/3152/2063 5770/3144/2063
f 5770/3144/2063 5778/3152/2063 7242/3153/2162 7241/3145/2162
f 7407/3146/2163 7408/3154/2163 5781/3155/2063 5773/3147/2063
f 5773/3147/2063 5781/3155/2063 5782/3156/2063 5774/3148/2063
f 5774/3148/2063 5782/3156/2063 5783/3157/2063 5775/3149/2063
f 5775/3149/2063 5783/3157/2063 5784/3158/2063 5776/3150/2063
f 5776/3150/2063 5784/3158/2063 5785/3159/2063 5777/3151/2063
f 5777/3151/2063 5785/3159/2063 5786/3160/2063 5778/3152/2063
f 5778/3152/2063 5786/3160/2063 7243/3161/2162 7242/3153/2162
f 7408/3154/2163 7409/2719/2163 5789/3162/2063 5781/3155/2063
f 5781/3155/2063 5789/3162/2063 5790/3163/2063 5782/3156/2063
f 5782/3156/2063 5790/3163/2063 5791/3164/2063 5783/3157/2063
f 5783/3157/2063 5791/3164/2063 5792/3165/2063 5784/3158/2063
f 5784/3158/2063 5792/3165/2063 5793/3166/2063 5785/3159/2063
f 5785/3159/2063 5793/3166/2063 5794/3167/2063 5786/3160/2063
f 5786/3160/2063 5794/3167/2063 7244/2727/2162 7243/3161/2162
f 7409/2719/2163 7410/3168/2163 5797/3169/2063 5789/3162/2063
f 5789/3162/2063 5797/3169/2063 5798/3170/2063 5790/3163/2063
f 5790/3163/2063 5798/3170/2063 5799/3171/2063 5791/3164/2063
f 5791/3164/2063 5799/3171/2063 5800/3172/2063 5792/3165/2063
f 5792/3165/2063 5800/3172/2063 5801/3173/2063 5793/3166/2063
f 5793/3166/2063 5801/3173/2063 5802/3174/2063 5794/3167/2063
f 5794/3167/2063 5802/3174/2063 7245/3175/2162 7244/2727/2162
f 7410/3168/2163 7411/3176/2163 5805/3177/2063 5797/3169/2063
f 5797/3169/2063 5805/3177/2063 5806/3178/2063 5798/3170/2063
f 5798/3170/2063 5806/3178/2063 5807/3179/2063 5799/3171/2063
f 5799/3171/2063 5807/3179/2063 5808/3180/2063 5800/3172/2063
f 5800/3172/2063 5808/3180/2063 5809/3181/2063 5801/3173/2063
f 5801/3173/2063 5809/3181/2063 5810/3182/2063 5802/3174/2063
f 5802/3174/2063 5810/3182/2063 7246/3183/2162 7245/3175/2162
f 7411/3176/2163 7412/3184/2163 5813/3185/2063 5805/3177/2063
f 5805/3177/2063 5813/3185/2063 5814/3186/2063 5806/3178/2063
f 5806/3178/2063 5814/3186/2063 5815/3187/2063 5807/3179/2063
f 5807/3179/2063 5815/3187/2063 5816/3188/2063 5808/3180/2063
f 5808/3180/2063 5816/3188/2063 5817/3189/2063 5809/3181/2063
f 5809/3181/2063 5817/3189/2063 5818/3190/2063 5810/3182/2063
f 5810/3182/2063 5818/3190/2063 7247/3191/2164 7246/3183/2162
f 7412/3184/2163 7413/3192/2163 5821/3193/2063 5813/3185/2063
f 5813/3185/2063 5821/3193/2063 5822/3194/2063 5814/3186/2063
f 5814/3186/2063 5822/3194/2063 5823/3195/2063 5815/3187/2063
f 5815/3187/2063 5823/3195/2063 5824/3196/2063 5816/3188/2063
f 5816/3188/2063 5824/3196/2063 5825/3197/2063 5817/3189/2063
f 5817/3189/2063 5825/3197/2063 5826/3198/2063 5818/3190/2063
f 5818/3190/2063 5826/3198/2063 7248/3199/2164 7247/3191/2164
f 7413/3192/2163 7414/2728/2163 5829/3200/2063 5821/3193/2063
f 5821/3193/2063 5829/3200/2063 5830/3201/2063 5822/3194/2063
f 5822/3194/2063 5830/3201/2063 5831/3202/2063 5823/3195/2063
f 5823/3195/2063 5831/3202/2063 5832/3203/2063 5824/3196/2063
f 5824/3196/2063 5832/3203/2063 5833/3204/2063 5825/3197/2063
f 5825/3197/2063 5833/3204/2063 5834/3205/2063 5826/3198/2063
f 5826/3198/2063 5834/3205/2063 7249/2736/2162 7248/3199/2164
f 7414/2728/2163 7415/3206/2158 5837/3207/2063 5829/3200/2063
f 5829/3200/2063 5837/3207/2063 5838/3208/2063 5830/3201/2063
f 5830/3201/2063 5838/3208/2063 5839/3209/2063 5831/3202/2063
f 5831/3202/2063 5839/3209/2063 5840/3210/2063 5832/3203/2063
f 5832/3203/2063 5840/3210/2063 5841/3211/2063 5833/3204/2063
f 5833/3204/2063 5841/3211/2063 5842/3212/2063 5834/3205/2063
f 5834/3205/2063 5842/3212/2063 7250/3213/2162 7249/2736/2162
f 7415/3206/2158 7416/3214/2158 5845/3215/2063 5837/3207/2063
f 5837/3207/2063 5845/3215/2063 5846/3216/2063 5838/3208/2063
f 5838/3208/2063 5846/3216/2063 5847/3217/2063 5839/3209/2063
f 5839/3209/2063 5847/3217/2063 5848/3218/2063 5840/3210/2063
f 5840/3210/2063 5848/3218/2063 5849/3219/2063 5841/3211/2063
f 5841/3211/2063 5849/3219/2063 5850/3220/2063 5842/3212/2063
f 5842/3212/2063 5850/3220/2063 7251/3221/2162 7250/3213/2162
f 7416/3214/2158 7417/3222/2158 5853/3223/2063 5845/3215/2063
f 5845/3215/2063 5853/3223/2063 5854/3224/2063 5846/3216/2063
f 5846/3216/2063 5854/3224/2063 5855/3225/2063 5847/3217/2063
f 5847/3217/2063 5855/3225/2063 5856/3226/2063 5848/3218/2063
f 5848/3218/2063 5856/3226/2063 5857/3227/2063 5849/3219/2063
f 5849/3219/2063 5857/3227/2063 5858/3228/2063 5850/3220/2063
f 5850/3220/2063 5858/3228/2063 7252/3229/2162 7251/3221/2162
f 7417/3222/2158 7418/3230/2158 5861/3231/2063 5853/3223/2063
f 5853/3223/2063 5861/3231/2063 5862/3232/2063 5854/3224/2063
f 5854/3224/2063 5862/3232/2063 5863/3233/2063 5855/3225/2063
f 5855/3225/2063 5863/3233/2063 5864/3234/2063 5856/3226/2063
f 5856/3226/2063 5864/3234/2063 5865/3235/2063 5857/3227/2063
f 5857/3227/2063 5865/3235/2063 5866/3236/2063 5858/3228/2063
f 5858/3228/2063 5866/3236/2063 7253/3237/2162 7252/3229/2162
f 7418/3230/2158 7419/3238/2158 5869/3239/2063 5861/3231/2063
f 5861/3231/2063 5869/3239/2063 5870/3240/2063 5862/3232/2063
f 5862/3232/2063 5870/3240/2063 5871/3241/2063 5863/3233/2063
f 5863/3233/2063 5871/3241/2063 5872/3242/2063 5864/3234/2063
f 5864/3234/2063 5872/3242/2063 5873/3243/2063 5865/3235/2063
f 5865/3235/2063 5873/3243/2063 5874/3244/2063 5866/3236/2063
f 5866/3236/2063 5874/3244/2063 7254/3245/2162 7253/3237/2162
f 7419/3238/2158 7420/3246/2158 5877/3247/2063 5869/3239/2063
f 5869/3239/2063 5877/3247/2063 5878/3248/2063 5870/3240/2063
f 5870/3240/2063 5878/3248/2063 5879/3249/2063 5871/3241/2063
f 5871/3241/2063 5879/3249/2063 5880/3250/2063 5872/3242/2063
f 5872/3242/2063 5880/3250/2063 5881/3251/2063 5873/3243/2063
f 5873/3243/2063 5881/3251/2063 5882/3252/2063 5874/3244/2063
f 5874/3244/2063 5882/3252/2063 7255/3253/2166 7254/3245/2162
f 7420/3246/2158 7421/2737/2158 5885/3254/2063 5877/3247/2063
f 5877/3247/2063 5885/3254/2063 5886/3255/2063 5878/3248/2063
f 5878/3248/2063 5886/3255/2063 5887/3256/2063 5879/3249/2063
f 5879/3249/2063 5887/3256/2063 5888/3257/2063 5880/3250/2063
f 5880/3250/2063 5888/3257/2063 5889/3258/2063 5881/3251/2063
f 5881/3251/2063 5889/3258/2063 5890/3259/2063 5882/3252/2063
f 5882/3252/2063 5890/3259/2063 7256/2745/2166 7255/3253/2166
f 7421/2737/2158 7422/3260/2158 5893/3261/2063 5885/3254/2063
f 5885/3254/2063 5893/3261/2063 5894/3262/2063 5886/3255/2063
f 5886/3255/2063 5894/3262/2063 5895/3263/2063 5887/3256/2063
f 5887/3256/2063 5895/3263/2063 5896/3264/2063 5888/3257/2063
f 5888/3257/2063 5896/3264/2063 5897/3265/2063 5889/3258/2063
f 5889/3258/2063 5897/3265/2063 5898/3266/2063 5890/3259/2063
f 5890/3259/2063 5898/3266/2063 7257/3267/2162 7256/2745/2166
f 7422/3260/2158 7423/3268/2158 5901/3269/2063 5893/3261/2063
f 5893/3261/2063 5901/3269/2063 5902/3270/2063 5894/3262/2063
f 5894/3262/2063 5902/3270/2063 5903/3271/2063 5895/3263/2063
f 5895/3263/2063 5903/3271/2063 5904/3272/2063 5896/3264/2063
f 5896/3264/2063 5904/3272/2063 5905/3273/2063 5897/3265/2063
f 5897/3265/2063 5905/3273/2063 5906/3274/2063 5898/3266/2063
f 5898/3266/2063 5906/3274/2063 7258/3275/2162 7257/3267/2162
f 7423/3268/2158 7424/3276/2158 5909/3277/2063 5901/3269/2063
f 5901/3269/2063 5909/3277/2063 5910/3278/2063 5902/3270/2063
f 5902/3270/2063 5910/3278/2063 5911/3279/2063 5903/3271/2063
f 5903/3271/2063 5911/3279/2063 5912/3280/2063 5904/3272/2063
f 5904/3272/2063 5912/3280/2063 5913/3281/2063 5905/3273/2063
f 5905/3273/2063 5913/3281/2063 5914/3282/2063 5906/3274/2063
f 5906/3274/2063 5914/3282/2063 7259/3283/2162 7258/3275/2162
f 7424/3276/2158 7425/3284/2167 5917/3285/2063 5909/3277/2063
f 5909/3277/2063 5917/3285/2063 5918/3286/2063 5910/3278/2063
f 5910/3278/2063 5918/3286/2063 5919/3287/2063 5911/3279/2063
f 5911/3279/2063 5919/3287/2063 5920/3288/2063 5912/3280/2063
f 5912/3280/2063 5920/3288/2063 5921/3289/2063 5913/3281/2063
f 5913/3281/2063 5921/3289/2063 5922/3290/2063 5914/3282/2063
f 5914/3282/2063 5922/3290/2063 7260/3291/2162 7259/3283/2162
f 7425/3284/2167 7426/2746/2158 5925/3292/2063 5917/3285/2063
f 5917/3285/2063 5925/3292/2063 5926/3293/2063 5918/3286/2063
f 5918/3286/2063 5926/3293/2063 5927/3294/2063 5919/3287/2063
f 5919/3287/2063 5927/3294/2063 5928/3295/2063 5920/3288/2063
f 5920/3288/2063 5928/3295/2063 5929/3296/2063 5921/3289/2063
f 5921/3289/2063 5929/3296/2063 5930/3297/2063 5922/3290/2063
f 5922/3290/2063 5930/3297/2063 7261/2754/2162 7260/3291/2162
f 7426/2746/2158 7427/3298/2158 5933/3299/2063 5925/3292/2063
f 5925/3292/2063 5933/3299/2063 5934/3300/2063 5926/3293/2063
f 5926/3293/2063 5934/3300/2063 5935/3301/2063 5927/3294/2063
f 5927/3294/2063 5935/3301/2063 5936/3302/2063 5928/3295/2063
f 5928/3295/2063 5936/3302/2063 5937/3303/2063 5929/3296/2063
f 5929/3296/2063 5937/3303/2063 5938/3304/2063 5930/3297/2063
f 5930/3297/2063 5938/3304/2063 7262/3305/2166 7261/2754/2162
f 7427/3298/2158 7428/3306/2158 5941/3307/2063 5933/3299/2063
f 5933/3299/2063 5941/3307/2063 5942/3308/2063 5934/3300/2063
f 5934/3300/2063 5942/3308/2063 5943/3309/2063 5935/3301/2063
f 5935/3301/2063 5943/3309/2063 5944/3310/2063 5936/3302/2063
f 5936/3302/2063 5944/3310/2063 5945/3311/2063 5937/3303/2063
f 5937/3303/2063 5945/3311/2063 5946/3312/2063 5938/3304/2063
f 5938/3304/2063 5946/3312/2063 7263/3313/2162 7262/3305/2166
f 7428/3306/2158 7429/3314/2168 5949/3315/2063 5941/3307/2063
f 5941/3307/2063 5949/3315/2063 5950/3316/2063 5942/3308/2063
f 5942/3308/2063 5950/3316/2063 5951/3317/2063 5943/3309/2063
f 5943/3309/2063 5951/3317/2063 5952/3318/2063 5944/3310/2063
f 5944/3310/2063 5952/3318/2063 5953/3319/2063 5945/3311/2063
f 5945/3311/2063 5953/3319/2063 5954/3320/2063 5946/3312/2063
f 5946/3312/2063 5954/3320/2063 7264/3321/2162 7263/3313/2162
f 7429/3314/2168 7430/3322/2169 5957/3323/2170 5949/3315/2063
f 5949/3315/2063 5957/3323/2170 5958/3324/2170 5950/3316/2063
f 5950/3316/2063 5958/3324/2170 5959/3325/2170 5951/3317/2063
f 5951/3317/2063 5959/3325/2170 5960/3326/2170 5952/3318/2063
f 5952/3318/2063 5960/3326/2170 5961/3327/2170 5953/3319/2063
f 5953/3319/2063 5961/3327/2170 5962/3328/2170 5954/3320/2063
f 5954/3320/2063 5962/3328/2170 7265/3329/2171 7264/3321/2162
f 7430/3322/2169 7431/3330/2172 5965/3331/2173 5957/3323/2170
f 5957/3323/2170 5965/3331/2173 5966/3332/2173 5958/3324/2170
f 5958/3324/2170 5966/3332/2173 5967/3333/2173 5959/3325/2170
f 5959/3325/2170 5967/3333/2173 5968/3334/2173 5960/3326/2170
f 5960/3326/2170 5968/3334/2173 5969/3335/2173 5961/3327/2170
f 5961/3327/2170 5969/3335/2173 5970/3336/2173 5962/3328/2170
f 5962/3328/2170 5970/3336/2173 7266/3337/2157 7265/3329/2171
f 7431/3330/2172 7432/3338/2174 5973/3339/2068 5965/3331/2173
f 5965/3331/2173 5973/3339/2068 5974/3340/2068 5966/3332/2173
f 5966/3332/2173 5974/3340/2068 5975/3341/2068 5967/3333/2173
f 5967/3333/2173 5975/3341/2068 5976/3342/2068 5968/3334/2173
f 5968/3334/2173 5976/3342/2068 5977/3343/2068 5969/3335/2173
f 5969/3335/2173 5977/3343/2068 5978/3344/2068 5970/3336/2173
f 5970/3336/2173 5978/3344/2068 7267/3345/2155 7266/3337/2157
f 7432/3338/2174 7433/3346/2515 5981/3347/2176 5973/3339/2068
f 5973/3339/2068 5981/3347/2176 5982/3348/2176 5974/3340/2068
f 5974/3340/2068 5982/3348/2176 5983/3349/2176 5975/3341/2068
f 5975/3341/2068 5983/3349/2176 5984/3350/2176 5976/3342/2068
f 5976/3342/2068 5984/3350/2176 5985/3351/2176 5977/3343/2068
f 5977/3343/2068 5985/3351/2176 5986/3352/2176 5978/3344/2068
f 5978/3344/2068 5986/3352/2176 7268/3353/2516 7267/3345/2155
f 7433/3346/2515 7434/3354/2515 5989/3355/2176 5981/3347/2176
f 5981/3347/2176 5989/3355/2176 5990/3356/2176 5982/3348/2176
f 5982/3348/2176 5990/3356/2176 5991/3357/2176 5983/3349/2176
f 5983/3349/2176 5991/3357/2176 5992/3358/2176 5984/3350/2176
f 5984/3350/2176 5992/3358/2176 5993/3359/2176 5985/3351/2176
f 5985/3351/2176 5993/3359/2176 5994/3360/2176 5986/3352/2176
f 5986/3352/2176 5994/3360/2176 7269/3361/2182 7268/3353/2516
f 7434/3354/2515 7435/2755/2180 5997/3362/2067 5989/3355/2176
f 5989/3355/2176 5997/3362/2067 5998/3363/2067 5990/3356/2176
f 5990/3356/2176 5998/3363/2067 5999/3364/2067 5991/3357/2176
f 5991/3357/2176 5999/3364/2067 6000/3365/2067 5992/3358/2176
f 5992/3358/2176 6000/3365/2067 6001/3366/2067 5993/3359/2176
f 5993/3359/2176 6001/3366/2067 6002/3367/2067 5994/3360/2176
f 5994/3360/2176 6002/3367/2067 7270/2763/2179 7269/3361/2182
f 7435/2755/2180 7436/3368/2180 6005/3369/2067 5997/3362/2067
f 5997/3362/2067 6005/3369/2067 6006/3370/2067 5998/3363/2067
f 5998/3363/2067 6006/3370/2067 6007/3371/2067 5999/3364/2067
f 5999/3364/2067 6007/3371/2067 6008/3372/2067 6000/3365/2067
f 6000/3365/2067 6008/3372/2067 6009/3373/2067 6001/3366/2067
f 6001/3366/2067 6009/3373/2067 6010/3374/2067 6002/3367/2067
f 6002/3367/2067 6010/3374/2067 7271/3375/2181 7270/2763/2179
f 7436/3368/2180 7437/3376/2180 6013/3377/2067 6005/3369/2067
f 6005/3369/2067 6013/3377/2067 6014/3378/2067 6006/3370/2067
f 6006/3370/2067 6014/3378/2067 6015/3379/2067 6007/3371/2067
f 6007/3371/2067 6015/3379/2067 6016/3380/2067 6008/3372/2067
f 6008/3372/2067 6016/3380/2067 6017/3381/2067 6009/3373/2067
f 6009/3373/2067 6017/3381/2067 6018/3382/2067 6010/3374/2067
f 6010/3374/2067 6018/3382/2067 7272/3383/2181 7271/3375/2181
f 7437/3376/2180 7438/3384/2175 6021/3385/2067 6013/3377/2067
f 6013/3377/2067 6021/3385/2067 6022/3386/2067 6014/3378/2067
f 6014/3378/2067 6022/3386/2067 6023/3387/2067 6015/3379/2067
f 6015/3379/2067 6023/3387/2067 6024/3388/2067 6016/3380/2067
f 6016/3380/2067 6024/3388/2067 6025/3389/2067 6017/3381/2067
f 6017/3381/2067 6025/3389/2067 6026/3390/2067 6018/3382/2067
f 6018/3382/2067 6026/3390/2067 7273/3391/2182 7272/3383/2181
f 7438/3384/2175 7439/3392/2175 6029/3393/2176 6021/3385/2067
f 6021/3385/2067 6029/3393/2176 6030/3394/2176 6022/3386/2067
f 6022/3386/2067 6030/3394/2176 6031/3395/2176 6023/3387/2067
f 6023/3387/2067 6031/3395/2176 6032/3396/2176 6024/3388/2067
f 6024/3388/2067 6032/3396/2176 6033/3397/2176 6025/3389/2067
f 6025/3389/2067 6033/3397/2176 6034/3398/2176 6026/3390/2067
f 6026/3390/2067 6034/3398/2176 7274/3399/2182 7273/3391/2182
f 7439/3392/2175 7440/2764/2183 6037/3400/2184 6029/3393/2176
f 6029/3393/2176 6037/3400/2184 6038/3401/2184 6030/3394/2176
f 6030/3394/2176 6038/3401/2184 6039/3402/2184 6031/3395/2176
f 6031/3395/2176 6039/3402/2184 6040/3403/2184 6032/3396/2176
f 6032/3396/2176 6040/3403/2184 6041/3404/2184 6033/3397/2176
f 6033/3397/2176 6041/3404/2184 6042/3405/2184 6034/3398/2176
f 6034/3398/2176 6042/3405/2184 7275/2772/2177 7274/3399/2182
f 7440/2764/2183 7441/3406/2185 6045/3407/2186 6037/3400/2184
f 6037/3400/2184 6045/3407/2186 6046/3408/2186 6038/3401/2184
f 6038/3401/2184 6046/3408/2186 6047/3409/2186 6039/3402/2184
f 6039/3402/2184 6047/3409/2186 6048/3410/2186 6040/3403/2184
f 6040/3403/2184 6048/3410/2186 6049/3411/2186 6041/3404/2184
f 6041/3404/2184 6049/3411/2186 6050/3412/2186 6042/3405/2184
f 6042/3405/2184 6050/3412/2186 7276/3413/2155 7275/2772/2177
f 7441/3406/2185 7442/3414/2148 6053/3415/2187 6045/3407/2186
f 6045/3407/2186 6053/3415/2187 6054/3416/2187 6046/3408/2186
f 6046/3408/2186 6054/3416/2187 6055/3417/2187 6047/3409/2186
f 6047/3409/2186 6055/3417/2187 6056/3418/2187 6048/3410/2186
f 6048/3410/2186 6056/3418/2187 6057/3419/2187 6049/3411/2186
f 6049/3411/2186 6057/3419/2187 6058/3420/2187 6050/3412/2186
f 6050/3412/2186 6058/3420/2187 7277/3421/2157 7276/3413/2155
f 7442/3414/2148 7443/3422/2168 6061/3423/2066 6053/3415/2187
f 6053/3415/2187 6061/3423/2066 6062/3424/2066 6054/3416/2187
f 6054/3416/2187 6062/3424/2066 6063/3425/2066 6055/3417/2187
f 6055/3417/2187 6063/3425/2066 6064/3426/2066 6056/3418/2187
f 6056/3418/2187 6064/3426/2066 6065/3427/2066 6057/3419/2187
f 6057/3419/2187 6065/3427/2066 6066/3428/2066 6058/3420/2187
f 6058/3420/2187 6066/3428/2066 7278/3429/2159 7277/3421/2157
f 7443/3422/2168 7444/3430/2188 6069/3431/2189 6061/3423/2066
f 6061/3423/2066 6069/3431/2189 6070/3432/2189 6062/3424/2066
f 6062/3424/2066 6070/3432/2189 6071/3433/2189 6063/3425/2066
f 6063/3425/2066 6071/3433/2189 6072/3434/2189 6064/3426/2066
f 6064/3426/2066 6072/3434/2189 6073/3435/2189 6065/3427/2066
f 6065/3427/2066 6073/3435/2189 6074/3436/2189 6066/3428/2066
f 6066/3428/2066 6074/3436/2189 7279/3437/2190 7278/3429/2159
f 7444/3430/2188 7445/3438/2191 6077/3439/2192 6069/3431/2189
f 6069/3431/2189 6077/3439/2192 6078/3440/2193 6070/3432/2189
f 6070/3432/2189 6078/3440/2193 6079/3441/2193 6071/3433/2189
f 6071/3433/2189 6079/3441/2193 6080/3442/2193 6072/3434/2189
f 6072/3434/2189 6080/3442/2193 6081/3443/2193 6073/3435/2189
f 6073/3435/2189 6081/3443/2193 6082/3444/2192 6074/3436/2189
f 6074/3436/2189 6082/3444/2192 7280/3445/2194 7279/3437/2190
f 7445/3438/2191 7446/3446/2195 6085/3447/2196 6077/3439/2192
f 6077/3439/2192 6085/3447/2196 6086/3448/2196 6078/3440/2193
f 6078/3440/2193 6086/3448/2196 6087/3449/2196 6079/3441/2193
f 6079/3441/2193 6087/3449/2196 6088/3450/2196 6080/3442/2193
f 6080/3442/2193 6088/3450/2196 6089/3451/2196 6081/3443/2193
f 6081/3443/2193 6089/3451/2196 6090/3452/2196 6082/3444/2192
f 6082/3444/2192 6090/3452/2196 7281/3453/2197 7280/3445/2194
f 7446/3446/2195 7447/3454/2198 6093/3455/2199 6085/3447/2196
f 6085/3447/2196 6093/3455/2199 6094/3456/2199 6086/3448/2196
f 6086/3448/2196 6094/3456/2199 6095/3457/2199 6087/3449/2196
f 6087/3449/2196 6095/3457/2199 6096/3458/2199 6088/3450/2196
f 6088/3450/2196 6096/3458/2199 6097/3459/2199 6089/3451/2196
f 6089/3451/2196 6097/3459/2199 6098/3460/2199 6090/3452/2196
f 6090/3452/2196 6098/3460/2199 7282/3461/2517 7281/3453/2197
f 7447/3454/2198 7448/3462/2201 6101/3463/2202 6093/3455/2199
f 6093/3455/2199 6101/3463/2202 6102/3464/2202 6094/3456/2199
f 6094/3456/2199 6102/3464/2202 6103/3465/2202 6095/3457/2199
f 6095/3457/2199 6103/3465/2202 6104/3466/2202 6096/3458/2199
f 6096/3458/2199 6104/3466/2202 6105/3467/2202 6097/3459/2199
f 6097/3459/2199 6105/3467/2202 6106/3468/2202 6098/3460/2199
f 6098/3460/2199 6106/3468/2202 7283/3469/2203 7282/3461/2517
f 7448/3462/2201 7449/2773/2204 6109/3470/2069 6101/3463/2202
f 6101/3463/2202 6109/3470/2069 6110/3471/2069 6102/3464/2202
f 6102/3464/2202 6110/3471/2069 6111/3472/2069 6103/3465/2202
f 6103/3465/2202 6111/3472/2069 6112/3473/2069 6104/3466/2202
f 6104/3466/2202 6112/3473/2069 6113/3474/2069 6105/3467/2202
f 6105/3467/2202 6113/3474/2069 6114/3475/2069 6106/3468/2202
f 6106/3468/2202 6114/3475/2069 7284/2781/2205 7283/3469/2203
f 7449/2773/2204 7450/3476/2206 6117/3477/2207 6109/3470/2069
f 6109/3470/2069 6117/3477/2207 6118/3478/2207 6110/3471/2069
f 6110/3471/2069 6118/3478/2207 6119/3479/2207 6111/3472/2069
f 6111/3472/2069 6119/3479/2207 6120/3480/2207 6112/3473/2069
f 6112/3473/2069 6120/3480/2207 6121/3481/2207 6113/3474/2069
f 6113/3474/2069 6121/3481/2207 6122/3482/2207 6114/3475/2069
f 6114/3475/2069 6122/3482/2207 7285/3483/2208 7284/2781/2205
f 7450/3476/2206 7451/3484/2209 6125/3485/2210 6117/3477/2207
f 6117/3477/2207 6125/3485/2210 6126/3486/2210 6118/3478/2207
f 6118/3478/2207 6126/3486/2210 6127/3487/2210 6119/3479/2207
f 6119/3479/2207 6127/3487/2210 6128/3488/2210 6120/3480/2207
f 6120/3480/2207 6128/3488/2210 6129/3489/2210 6121/3481/2207
f 6121/3481/2207 6129/3489/2210 6130/3490/2210 6122/3482/2207
f 6122/3482/2207 6130/3490/2210 7286/3491/2211 7285/3483/2208
f 7451/3484/2209 7452/3492/2212 6133/3493/2213 6125/3485/2210
f 6125/3485/2210 6133/3493/2213 6134/3494/2213 6126/3486/2210
f 6126/3486/2210 6134/3494/2213 6135/3495/2213 6127/3487/2210
f 6127/3487/2210 6135/3495/2213 6136/3496/2213 6128/3488/2210
f 6128/3488/2210 6136/3496/2213 6137/3497/2213 6129/3489/2210
f 6129/3489/2210 6137/3497/2213 6138/3498/2213 6130/3490/2210
f 6130/3490/2210 6138/3498/2213 7287/3499/2518 7286/3491/2211
f 7452/3492/2212 7453/3500/2215 6141/3501/2216 6133/3493/2213
f 6133/3493/2213 6141/3501/2216 6142/3502/2216 6134/3494/2213
f 6134/3494/2213 6142/3502/2216 6143/3503/2216 6135/3495/2213
f 6135/3495/2213 6143/3503/2216 6144/3504/2216 6136/3496/2213
f 6136/3496/2213 6144/3504/2216 6145/3505/2216 6137/3497/2213
f 6137/3497/2213 6145/3505/2216 6146/3506/2216 6138/3498/2213
f 6138/3498/2213 6146/3506/2216 7288/3507/2217 7287/3499/2518
f 7453/3500/2215 7454/3508/2218 6149/3509/2219 6141/3501/2216
f 6141/3501/2216 6149/3509/2219 6150/3510/2219 6142/3502/2216
f 6142/3502/2216 6150/3510/2219 6151/3511/2219 6143/3503/2216
f 6143/3503/2216 6151/3511/2219 6152/3512/2219 6144/3504/2216
f 6144/3504/2216 6152/3512/2219 6153/3513/2219 6145/3505/2216
f 6145/3505/2216 6153/3513/2219 6154/3514/2219 6146/3506/2216
f 6146/3506/2216 6154/3514/2219 7289/3515/2220 7288/3507/2217
f 7454/3508/2218 7455/3516/2221 6157/3517/2222 6149/3509/2219
f 6149/3509/2219 6157/3517/2222 6158/3518/2222 6150/3510/2219
f 6150/3510/2219 6158/3518/2222 6159/3519/2222 6151/3511/2219
f 6151/3511/2219 6159/3519/2222 6160/3520/2222 6152/3512/2219
f 6152/3512/2219 6160/3520/2222 6161/3521/2222 6153/3513/2219
f 6153/3513/2219 6161/3521/2222 6162/3522/2222 6154/3514/2219
f 6154/3514/2219 6162/3522/2222 7290/3523/2223 7289/3515/2220
f 7455/3516/2221 7456/3524/2224 6165/3525/2225 6157/3517/2222
f 6157/3517/2222 6165/3525/2225 6166/3526/2225 6158/3518/2222
f 6158/3518/2222 6166/3526/2225 6167/3527/2225 6159/3519/2222
f 6159/3519/2222 6167/3527/2225 6168/3528/2225 6160/3520/2222
f 6160/3520/2222 6168/3528/2225 6169/3529/2225 6161/3521/2222
f 6161/3521/2222 6169/3529/2225 6170/3530/2225 6162/3522/2222
f 6162/3522/2222 6170/3530/2225 7291/3531/2226 7290/3523/2223
f 7456/3524/2224 7457/3532/2227 6173/3533/2228 6165/3525/2225
f 6165/3525/2225 6173/3533/2228 6174/3534/2228 6166/3526/2225
f 6166/3526/2225 6174/3534/2228 6175/3535/2228 6167/3527/2225
f 6167/3527/2225 6175/3535/2228 6176/3536/2228 6168/3528/2225
f 6168/3528/2225 6176/3536/2228 6177/3537/2228 6169/3529/2225
f 6169/3529/2225 6177/3537/2228 6178/3538/2228 6170/3530/2225
f 6170/3530/2225 6178/3538/2228 7292/3539/2229 7291/3531/2226
f 7457/3532/2227 7458/2782/2230 6181/3540/2231 6173/3533/2228
f 6173/3533/2228 6181/3540/2231 6182/3541/2231 6174/3534/2228
f 6174/3534/2228 6182/3541/2231 6183/3542/2231 6175/3535/2228
f 6175/3535/2228 6183/3542/2231 6184/3543/2231 6176/3536/2228
f 6176/3536/2228 6184/3543/2231 6185/3544/2231 6177/3537/2228
f 6177/3537/2228 6185/3544/2231 6186/3545/2231 6178/3538/2228
f 6178/3538/2228 6186/3545/2231 7293/2790/2232 7292/3539/2229
f 7458/2782/2230 7459/3546/2233 6189/3547/2234 6181/3540/2231
f 6181/3540/2231 6189/3547/2234 6190/3548/2234 6182/3541/2231
f 6182/3541/2231 6190/3548/2234 6191/3549/2234 6183/3542/2231
f 6183/3542/2231 6191/3549/2234 6192/3550/2234 6184/3543/2231
f 6184/3543/2231 6192/3550/2234 6193/3551/2234 6185/3544/2231
f 6185/3544/2231 6193/3551/2234 6194/3552/2234 6186/3545/2231
f 6186/3545/2231 6194/3552/2234 7294/3553/2235 7293/2790/2232
f 7459/3546/2233 7460/3554/2236 6197/3555/2237 6189/3547/2234
f 6189/3547/2234 6197/3555/2237 6198/3556/2237 6190/3548/2234
f 6190/3548/2234 6198/3556/2237 6199/3557/2237 6191/3549/2234
f 6191/3549/2234 6199/3557/2237 6200/3558/2237 6192/3550/2234
f 6192/3550/2234 6200/3558/2237 6201/3559/2237 6193/3551/2234
f 6193/3551/2234 6201/3559/2237 6202/3560/2237 6194/3552/2234
f 6194/3552/2234 6202/3560/2237 7295/3561/2238 7294/3553/2235
f 7460/3554/2236 7461/3562/2239 6205/3563/2240 6197/3555/2237
f 6197/3555/2237 6205/3563/2240 6206/3564/2240 6198/3556/2237
f 6198/3556/2237 6206/3564/2240 6207/3565/2240 6199/3557/2237
f 6199/3557/2237 6207/3565/2240 6208/3566/2240 6200/3558/2237
f 6200/3558/2237 6208/3566/2240 6209/3567/2240 6201/3559/2237
f 6201/3559/2237 6209/3567/2240 6210/3568/2240 6202/3560/2237
f 6202/3560/2237 6210/3568/2240 7296/3569/2242 7295/3561/2238
f 7461/3562/2239 7462/3570/2243 6213/3571/2244 6205/3563/2240
f 6205/3563/2240 6213/3571/2244 6214/3572/2244 6206/3564/2240
f 6206/3564/2240 6214/3572/2244 6215/3573/2244 6207/3565/2240
f 6207/3565/2240 6215/3573/2244 6216/3574/2244 6208/3566/2240
f 6208/3566/2240 6216/3574/2244 6217/3575/2244 6209/3567/2240
f 6209/3567/2240 6217/3575/2244 6218/3576/2244 6210/3568/2240
f 6210/3568/2240 6218/3576/2244 7297/3577/2519 7296/3569/2242
f 7462/3570/2243 7463/2791/2247 6221/3578/2248 6213/3571/2244
f 6213/3571/2244 6221/3578/2248 6222/3579/2248 6214/3572/2244
f 6214/3572/2244 6222/3579/2248 6223/3580/2248 6215/3573/2244
f 6215/3573/2244 6223/3580/2248 6224/3581/2248 6216/3574/2244
f 6216/3574/2244 6224/3581/2248 6225/3582/2248 6217/3575/2244
f 6217/3575/2244 6225/3582/2248 6226/3583/2248 6218/3576/2244
f 6218/3576/2244 6226/3583/2248 7298/2799/2249 7297/3577/2519
f 7463/2791/2247 7464/3584/2250 6229/3585/2520 6221/3578/2248
f 6221/3578/2248 6229/3585/2520 6230/3586/2251 6222/3579/2248
f 6222/3579/2248 6230/3586/2251 6231/3587/2251 6223/3580/2248
f 6223/3580/2248 6231/3587/2251 6232/3588/2251 6224/3581/2248
f 6224/3581/2248 6232/3588/2251 6233/3589/2251 6225/3582/2248
f 6225/3582/2248 6233/3589/2251 6234/3590/2251 6226/3583/2248
f 6226/3583/2248 6234/3590/2251 7299/3591/2521 7298/2799/2249
f 7464/3584/2250 7465/3592/2522 6237/3593/2523 6229/3585/2520
f 6229/3585/2520 6237/3593/2523 6238/3594/2523 6230/3586/2251
f 6230/3586/2251 6238/3594/2523 6239/3595/2523 6231/3587/2251
f 6231/3587/2251 6239/3595/2523 6240/3596/2523 6232/3588/2251
f 6232/3588/2251 6240/3596/2523 6241/3597/2254 6233/3589/2251
f 6233/3589/2251 6241/3597/2254 6242/3598/2523 6234/3590/2251
f 6234/3590/2251 6242/3598/2523 7300/3599/2255 7299/3591/2521
f 7465/3592/2522 7466/3600/2256 6245/3601/2257 6237/3593/2523
f 6237/3593/2523 6245/3601/2257 6246/3602/2257 6238/3594/2523
f 6238/3594/2523 6246/3602/2257 6247/3603/2257 6239/3595/2523
f 6239/3595/2523 6247/3603/2257 6248/3604/2257 6240/3596/2523
f 6240/3596/2523 6248/3604/2257 6249/3605/2257 6241/3597/2254
f 6241/3597/2254 6249/3605/2257 6250/3606/2257 6242/3598/2523
f 6242/3598/2523 6250/3606/2257 7301/3607/2258 7300/3599/2255
f 7466/3600/2256 7467/3608/2259 6253/3609/2260 6245/3601/2257
f 6245/3601/2257 6253/3609/2260 6254/3610/2260 6246/3602/2257
f 6246/3602/2257 6254/3610/2260 6255/3611/2260 6247/3603/2257
f 6247/3603/2257 6255/3611/2260 6256/3612/2260 6248/3604/2257
f 6248/3604/2257 6256/3612/2260 6257/3613/2260 6249/3605/2257
f 6249/3605/2257 6257/3613/2260 6258/3614/2260 6250/3606/2257
f 6250/3606/2257 6258/3614/2260 7302/3615/2261 7301/3607/2258
f 7467/3608/2259 7468/3616/2262 6261/3617/2263 6253/3609/2260
f 6253/3609/2260 6261/3617/2263 6262/3618/2263 6254/3610/2260
f 6254/3610/2260 6262/3618/2263 6263/3619/2263 6255/3611/2260
f 6255/3611/2260 6263/3619/2263 6264/3620/2263 6256/3612/2260
f 6256/3612/2260 6264/3620/2263 6265/3621/2263 6257/3613/2260
f 6257/3613/2260 6265/3621/2263 6266/3622/2263 6258/3614/2260
f 6258/3614/2260 6266/3622/2263 7303/3623/2524 7302/3615/2261
f 7468/3616/2262 7469/3624/2265 6269/3625/2266 6261/3617/2263
f 6261/3617/2263 6269/3625/2266 6270/3626/2266 6262/3618/2263
f 6262/3618/2263 6270/3626/2266 6271/3627/2266 6263/3619/2263
f 6263/3619/2263 6271/3627/2266 6272/3628/2266 6264/3620/2263
f 6264/3620/2263 6272/3628/2266 6273/3629/2266 6265/3621/2263
f 6265/3621/2263 6273/3629/2266 6274/3630/2266 6266/3622/2263
f 6266/3622/2263 6274/3630/2266 7304/3631/2525 7303/3623/2524
f 7469/3624/2265 7470/3632/2526 6277/3633/2269 6269/3625/2266
f 6269/3625/2266 6277/3633/2269 6278/3634/2269 6270/3626/2266
f 6270/3626/2266 6278/3634/2269 6279/3635/2269 6271/3627/2266
f 6271/3627/2266 6279/3635/2269 6280/3636/2269 6272/3628/2266
f 6272/3628/2266 6280/3636/2269 6281/3637/2269 6273/3629/2266
f 6273/3629/2266 6281/3637/2269 6282/3638/2269 6274/3630/2266
f 6274/3630/2266 6282/3638/2269 7305/3639/2270 7304/3631/2525
f 7470/3632/2526 7471/3640/2527 6285/3641/2272 6277/3633/2269
f 6277/3633/2269 6285/3641/2272 6286/3642/2272 6278/3634/2269
f 6278/3634/2269 6286/3642/2272 6287/3643/2272 6279/3635/2269
f 6279/3635/2269 6287/3643/2272 6288/3644/2272 6280/3636/2269
f 6280/3636/2269 6288/3644/2272 6289/3645/2272 6281/3637/2269
f 6281/3637/2269 6289/3645/2272 6290/3646/2272 6282/3638/2269
f 6282/3638/2269 6290/3646/2272 7306/3647/2273 7305/3639/2270
f 7471/3640/2527 7472/2800/2274 6293/3648/2275 6285/3641/2272
f 6285/3641/2272 6293/3648/2275 6294/3649/2275 6286/3642/2272
f 6286/3642/2272 6294/3649/2275 6295/3650/2275 6287/3643/2272
f 6287/3643/2272 6295/3650/2275 6296/3651/2275 6288/3644/2272
f 6288/3644/2272 6296/3651/2275 6297/3652/2275 6289/3645/2272
f 6289/3645/2272 6297/3652/2275 6298/3653/2275 6290/3646/2272
f 6290/3646/2272 6298/3653/2275 7307/2808/2276 7306/3647/2273
f 7472/2800/2274 7473/3654/2277 6301/3655/2528 6293/3648/2275
f 6293/3648/2275 6301/3655/2528 6302/3656/2528 6294/3649/2275
f 6294/3649/2275 6302/3656/2528 6303/3657/2528 6295/3650/2275
f 6295/3650/2275 6303/3657/2528 6304/3658/2528 6296/3651/2275
f 6296/3651/2275 6304/3658/2528 6305/3659/2528 6297/3652/2275
f 6297/3652/2275 6305/3659/2528 6306/3660/2528 6298/3653/2275
f 6298/3653/2275 6306/3660/2528 7308/3661/2279 7307/2808/2276
f 7473/3654/2277 7474/3662/2280 6309/3663/2281 6301/3655/2528
f 6301/3655/2528 6309/3663/2281 6310/3664/2281 6302/3656/2528
f 6302/3656/2528 6310/3664/2281 6311/3665/2281 6303/3657/2528
f 6303/3657/2528 6311/3665/2281 6312/3666/2281 6304/3658/2528
f 6304/3658/2528 6312/3666/2281 6313/3667/2281 6305/3659/2528
f 6305/3659/2528 6313/3667/2281 6314/3668/2281 6306/3660/2528
f 6306/3660/2528 6314/3668/2281 7309/3669/2282 7308/3661/2279
f 7474/3662/2280 7475/3670/2283 6317/3671/2284 6309/3663/2281
f 6309/3663/2281 6317/3671/2284 6318/3672/2284 6310/3664/2281
f 6310/3664/2281 6318/3672/2284 6319/3673/2284 6311/3665/2281
f 6311/3665/2281 6319/3673/2284 6320/3674/2284 6312/3666/2281
f 6312/3666/2281 6320/3674/2284 6321/3675/2284 6313/3667/2281
f 6313/3667/2281 6321/3675/2284 6322/3676/2284 6314/3668/2281
f 6314/3668/2281 6322/3676/2284 7310/3677/2285 7309/3669/2282
f 7475/3670/2283 7476/3678/2286 6325/3679/2287 6317/3671/2284
f 6317/3671/2284 6325/3679/2287 6326/3680/2287 6318/3672/2284
f 6318/3672/2284 6326/3680/2287 6327/3681/2287 6319/3673/2284
f 6319/3673/2284 6327/3681/2287 6328/3682/2287 6320/3674/2284
f 6320/3674/2284 6328/3682/2287 6329/3683/2287 6321/3675/2284
f 6321/3675/2284 6329/3683/2287 6330/3684/2287 6322/3676/2284
f 6322/3676/2284 6330/3684/2287 7311/3685/2288 7310/3677/2285
f 7476/3678/2286 7477/3686/2289 6333/3687/2290 6325/3679/2287
f 6325/3679/2287 6333/3687/2290 6334/3688/2290 6326/3680/2287
f 6326/3680/2287 6334/3688/2290 6335/3689/2290 6327/3681/2287
f 6327/3681/2287 6335/3689/2290 6336/3690/2290 6328/3682/2287
f 6328/3682/2287 6336/3690/2290 6337/3691/2290 6329/3683/2287
f 6329/3683/2287 6337/3691/2290 6338/3692/2290 6330/3684/2287
f 6330/3684/2287 6338/3692/2290 7312/3693/2529 7311/3685/2288
f 7477/3686/2289 7478/3694/2292 6341/3695/2293 6333/3687/2290
f 6333/3687/2290 6341/3695/2293 6342/3696/2293 6334/3688/2290
f 6334/3688/2290 6342/3696/2293 6343/3697/2293 6335/3689/2290
f 6335/3689/2290 6343/3697/2293 6344/3698/2293 6336/3690/2290
f 6336/3690/2290 6344/3698/2293 6345/3699/2293 6337/3691/2290
f 6337/3691/2290 6345/3699/2293 6346/3700/2293 6338/3692/2290
f 6338/3692/2290 6346/3700/2293 7313/3701/2294 7312/3693/2529
f 7478/3694/2292 7479/2809/2295 6349/3702/2297 6341/3695/2293
f 6341/3695/2293 6349/3702/2297 6350/3703/2296 6342/3696/2293
f 6342/3696/2293 6350/3703/2296 6351/3704/2297 6343/3697/2293
f 6343/3697/2293 6351/3704/2297 6352/3705/2297 6344/3698/2293
f 6344/3698/2293 6352/3705/2297 6353/3706/2297 6345/3699/2293
f 6345/3699/2293 6353/3706/2297 6354/3707/2297 6346/3700/2293
f 6346/3700/2293 6354/3707/2297 7314/2817/2298 7313/3701/2294
f 7479/2809/2295 7480/3708/2299 6357/3709/2300 6349/3702/2297
f 6349/3702/2297 6357/3709/2300 6358/3710/2300 6350/3703/2296
f 6350/3703/2296 6358/3710/2300 6359/3711/2300 6351/3704/2297
f 6351/3704/2297 6359/3711/2300 6360/3712/2300 6352/3705/2297
f 6352/3705/2297 6360/3712/2300 6361/3713/2300 6353/3706/2297
f 6353/3706/2297 6361/3713/2300 6362/3714/2300 6354/3707/2297
f 6354/3707/2297 6362/3714/2300 7315/3715/2301 7314/2817/2298
f 7480/3708/2299 7481/3716/2302 6365/3717/2303 6357/3709/2300
f 6357/3709/2300 6365/3717/2303 6366/3718/2303 6358/3710/2300
f 6358/3710/2300 6366/3718/2303 6367/3719/2303 6359/3711/2300
f 6359/3711/2300 6367/3719/2303 6368/3720/2303 6360/3712/2300
f 6360/3712/2300 6368/3720/2303 6369/3721/2303 6361/3713/2300
f 6361/3713/2300 6369/3721/2303 6370/3722/2303 6362/3714/2300
f 6362/3714/2300 6370/3722/2303 7316/3723/2530 7315/3715/2301
f 7481/3716/2302 7482/3724/2305 6373/3725/2306 6365/3717/2303
f 6365/3717/2303 6373/3725/2306 6374/3726/2306 6366/3718/2303
f 6366/3718/2303 6374/3726/2306 6375/3727/2306 6367/3719/2303
f 6367/3719/2303 6375/3727/2306 6376/3728/2306 6368/3720/2303
f 6368/3720/2303 6376/3728/2306 6377/3729/2306 6369/3721/2303
f 6369/3721/2303 6377/3729/2306 6378/3730/2306 6370/3722/2303
f 6370/3722/2303 6378/3730/2306 7317/3731/2307 7316/3723/2530
f 7482/3724/2305 7483/3732/2308 6381/3733/2309 6373/3725/2306
f 6373/3725/2306 6381/3733/2309 6382/3734/2309 6374/3726/2306
f 6374/3726/2306 6382/3734/2309 6383/3735/2309 6375/3727/2306
f 6375/3727/2306 6383/3735/2309 6384/3736/2309 6376/3728/2306
f 6376/3728/2306 6384/3736/2309 6385/3737/2309 6377/3729/2306
f 6377/3729/2306 6385/3737/2309 6386/3738/2309 6378/3730/2306
f 6378/3730/2306 6386/3738/2309 7318/3739/2310 7317/3731/2307
f 7483/3732/2308 7484/2818/2311 6389/3740/2312 6381/3733/2309
f 6381/3733/2309 6389/3740/2312 6390/3741/2312 6382/3734/2309
f 6382/3734/2309 6390/3741/2312 6391/3742/2312 6383/3735/2309
f 6383/3735/2309 6391/3742/2312 6392/3743/2312 6384/3736/2309
f 6384/3736/2309 6392/3743/2312 6393/3744/2312 6385/3737/2309
f 6385/3737/2309 6393/3744/2312 6394/3745/2312 6386/3738/2309
f 6386/3738/2309 6394/3745/2312 7319/2826/2313 7318/3739/2310
f 7484/2818/2311 7485/3746/2314 6397/3747/2315 6389/3740/2312
f 6389/3740/2312 6397/3747/2315 6398/3748/2315 6390/3741/2312
f 6390/3741/2312 6398/3748/2315 6399/3749/2315 6391/3742/2312
f 6391/3742/2312 6399/3749/2315 6400/3750/2315 6392/3743/2312
f 6392/3743/2312 6400/3750/2315 6401/3751/2315 6393/3744/2312
f 6393/3744/2312 6401/3751/2315 6402/3752/2315 6394/3745/2312
f 6394/3745/2312 6402/3752/2315 7320/3753/2316 7319/2826/2313
f 7485/3746/2314 7486/3754/2317 6405/3755/2318 6397/3747/2315
f 6397/3747/2315 6405/3755/2318 6406/3756/2318 6398/3748/2315
f 6398/3748/2315 6406/3756/2318 6407/3757/2318 6399/3749/2315
f 6399/3749/2315 6407/3757/2318 6408/3758/2318 6400/3750/2315
f 6400/3750/2315 6408/3758/2318 6409/3759/2318 6401/3751/2315
f 6401/3751/2315 6409/3759/2318 6410/3760/2318 6402/3752/2315
f 6402/3752/2315 6410/3760/2318 7321/3761/2531 7320/3753/2316
f 7486/3754/2317 7487/3762/2320 6413/3763/2321 6405/3755/2318
f 6405/3755/2318 6413/3763/2321 6414/3764/2321 6406/3756/2318
f 6406/3756/2318 6414/3764/2321 6415/3765/2321 6407/3757/2318
f 6407/3757/2318 6415/3765/2321 6416/3766/2321 6408/3758/2318
f 6408/3758/2318 6416/3766/2321 6417/3767/2321 6409/3759/2318
f 6409/3759/2318 6417/3767/2321 6418/3768/2321 6410/3760/2318
f 6410/3760/2318 6418/3768/2321 7322/3769/2322 7321/3761/2531
f 7487/3762/2320 7488/3770/2532 6421/3771/2324 6413/3763/2321
f 6413/3763/2321 6421/3771/2324 6422/3772/2324 6414/3764/2321
f 6414/3764/2321 6422/3772/2324 6423/3773/2324 6415/3765/2321
f 6415/3765/2321 6423/3773/2324 6424/3774/2324 6416/3766/2321
f 6416/3766/2321 6424/3774/2324 6425/3775/2324 6417/3767/2321
f 6417/3767/2321 6425/3775/2324 6426/3776/2324 6418/3768/2321
f 6418/3768/2321 6426/3776/2324 7323/3777/2325 7322/3769/2322
f 7488/3770/2532 7489/3778/2326 6429/3779/2327 6421/3771/2324
f 6421/3771/2324 6429/3779/2327 6430/3780/2327 6422/3772/2324
f 6422/3772/2324 6430/3780/2327 6431/3781/2327 6423/3773/2324
f 6423/3773/2324 6431/3781/2327 6432/3782/2327 6424/3774/2324
f 6424/3774/2324 6432/3782/2327 6433/3783/2327 6425/3775/2324
f 6425/3775/2324 6433/3783/2327 6434/3784/2327 6426/3776/2324
f 6426/3776/2324 6434/3784/2327 7324/3785/2328 7323/3777/2325
f 7489/3778/2326 7490/3786/2329 6437/3787/2330 6429/3779/2327
f 6429/3779/2327 6437/3787/2330 6438/3788/2330 6430/3780/2327
f 6430/3780/2327 6438/3788/2330 6439/3789/2330 6431/3781/2327
f 6431/3781/2327 6439/3789/2330 6440/3790/2330 6432/3782/2327
f 6432/3782/2327 6440/3790/2330 6441/3791/2330 6433/3783/2327
f 6433/3783/2327 6441/3791/2330 6442/3792/2330 6434/3784/2327
f 6434/3784/2327 6442/3792/2330 7325/3793/2331 7324/3785/2328
f 7490/3786/2329 7491/2827/2332 6445/3794/2333 6437/3787/2330
f 6437/3787/2330 6445/3794/2333 6446/3795/2333 6438/3788/2330
f 6438/3788/2330 6446/3795/2333 6447/3796/2333 6439/3789/2330
f 6439/3789/2330 6447/3796/2333 6448/3797/2333 6440/3790/2330
f 6440/3790/2330 6448/3797/2333 6449/3798/2333 6441/3791/2330
f 6441/3791/2330 6449/3798/2333 6450/3799/2333 6442/3792/2330
f 6442/3792/2330 6450/3799/2333 7326/2835/2334 7325/3793/2331
f 7491/2827/2332 7492/3800/2335 6453/3801/2337 6445/3794/2333
f 6445/3794/2333 6453/3801/2337 6454/3802/2338 6446/3795/2333
f 6446/3795/2333 6454/3802/2338 6455/3803/2338 6447/3796/2333
f 6447/3796/2333 6455/3803/2338 6456/3804/2338 6448/3797/2333
f 6448/3797/2333 6456/3804/2338 6457/3805/2338 6449/3798/2333
f 6449/3798/2333 6457/3805/2338 6458/3806/2338 6450/3799/2333
f 6450/3799/2333 6458/3806/2338 7327/3807/2339 7326/2835/2334
f 7492/3800/2335 7493/3808/2340 6461/3809/2341 6453/3801/2337
f 6453/3801/2337 6461/3809/2341 6462/3810/2341 6454/3802/2338
f 6454/3802/2338 6462/3810/2341 6463/3811/2341 6455/3803/2338
f 6455/3803/2338 6463/3811/2341 6464/3812/2341 6456/3804/2338
f 6456/3804/2338 6464/3812/2341 6465/3813/2341 6457/3805/2338
f 6457/3805/2338 6465/3813/2341 6466/3814/2341 6458/3806/2338
f 6458/3806/2338 6466/3814/2341 7328/3815/2533 7327/3807/2339
f 7493/3808/2340 7494/3816/2343 6469/3817/2344 6461/3809/2341
f 6461/3809/2341 6469/3817/2344 6470/3818/2344 6462/3810/2341
f 6462/3810/2341 6470/3818/2344 6471/3819/2344 6463/3811/2341
f 6463/3811/2341 6471/3819/2344 6472/3820/2344 6464/3812/2341
f 6464/3812/2341 6472/3820/2344 6473/3821/2344 6465/3813/2341
f 6465/3813/2341 6473/3821/2344 6474/3822/2534 6466/3814/2341
f 6466/3814/2341 6474/3822/2534 7329/3823/2345 7328/3815/2533
f 7494/3816/2343 7495/3824/2346 6477/3825/2347 6469/3817/2344
f 6469/3817/2344 6477/3825/2347 6478/3826/2347 6470/3818/2344
f 6470/3818/2344 6478/3826/2347 6479/3827/2347 6471/3819/2344
f 6471/3819/2344 6479/3827/2347 6480/3828/2347 6472/3820/2344
f 6472/3820/2344 6480/3828/2347 6481/3829/2347 6473/3821/2344
f 6473/3821/2344 6481/3829/2347 6482/3830/2347 6474/3822/2534
f 6474/3822/2534 6482/3830/2347 7330/3831/2348 7329/3823/2345
f 7495/3824/2346 7496/2836/2349 6485/3832/2350 6477/3825/2347
f 6477/3825/2347 6485/3832/2350 6486/3833/2350 6478/3826/2347
f 6478/3826/2347 6486/3833/2350 6487/3834/2350 6479/3827/2347
f 6479/3827/2347 6487/3834/2350 6488/3835/2350 6480/3828/2347
f 6480/3828/2347 6488/3835/2350 6489/3836/2350 6481/3829/2347
f 6481/3829/2347 6489/3836/2350 6490/3837/2350 6482/3830/2347
f 6482/3830/2347 6490/3837/2350 7331/2844/2351 7330/3831/2348
f 7496/2836/2349 7497/3838/2352 6493/3839/2353 6485/3832/2350
f 6485/3832/2350 6493/3839/2353 6494/3840/2353 6486/3833/2350
f 6486/3833/2350 6494/3840/2353 6495/3841/2353 6487/3834/2350
f 6487/3834/2350 6495/3841/2353 6496/3842/2353 6488/3835/2350
f 6488/3835/2350 6496/3842/2353 6497/3843/2353 6489/3836/2350
f 6489/3836/2350 6497/3843/2353 6498/3844/2353 6490/3837/2350
f 6490/3837/2350 6498/3844/2353 7332/3845/2535 7331/2844/2351
f 7497/3838/2352 7498/3846/2355 6501/3847/2356 6493/3839/2353
f 6493/3839/2353 6501/3847/2356 6502/3848/2356 6494/3840/2353
f 6494/3840/2353 6502/3848/2356 6503/3849/2356 6495/3841/2353
f 6495/3841/2353 6503/3849/2356 6504/3850/2356 6496/3842/2353
f 6496/3842/2353 6504/3850/2356 6505/3851/2356 6497/3843/2353
f 6497/3843/2353 6505/3851/2356 6506/3852/2356 6498/3844/2353
f 6498/3844/2353 6506/3852/2356 7333/3853/2536 7332/3845/2535
f 7498/3846/2355 7499/3854/2359 6509/3855/2537 6501/3847/2356
f 6501/3847/2356 6509/3855/2537 6510/3856/2360 6502/3848/2356
f 6502/3848/2356 6510/3856/2360 6511/3857/2360 6503/3849/2356
f 6503/3849/2356 6511/3857/2360 6512/3858/2360 6504/3850/2356
f 6504/3850/2356 6512/3858/2360 6513/3859/2360 6505/3851/2356
f 6505/3851/2356 6513/3859/2360 6514/3860/2360 6506/3852/2356
f 6506/3852/2356 6514/3860/2360 7334/3861/2361 7333/3853/2536
f 7499/3854/2359 7500/3862/2362 6517/3863/2538 6509/3855/2537
f 6509/3855/2537 6517/3863/2538 6518/3864/2538 6510/3856/2360
f 6510/3856/2360 6518/3864/2538 6519/3865/2538 6511/3857/2360
f 6511/3857/2360 6519/3865/2538 6520/3866/2538 6512/3858/2360
f 6512/3858/2360 6520/3866/2538 6521/3867/2538 6513/3859/2360
f 6513/3859/2360 6521/3867/2538 6522/3868/2363 6514/3860/2360
f 6514/3860/2360 6522/3868/2363 7335/3869/2364 7334/3861/2361
f 7500/3862/2362 7501/3870/2365 6525/3871/2366 6517/3863/2538
f 6517/3863/2538 6525/3871/2366 6526/3872/2366 6518/3864/2538
f 6518/3864/2538 6526/3872/2366 6527/3873/2366 6519/3865/2538
f 6519/3865/2538 6527/3873/2366 6528/3874/2367 6520/3866/2538
f 6520/3866/2538 6528/3874/2367 6529/3875/2366 6521/3867/2538
f 6521/3867/2538 6529/3875/2366 6530/3876/2366 6522/3868/2363
f 6522/3868/2363 6530/3876/2366 7336/3877/2368 7335/3869/2364
f 7501/3870/2365 7502/3878/2369 6533/3879/2370 6525/3871/2366
f 6525/3871/2366 6533/3879/2370 6534/3880/2370 6526/3872/2366
f 6526/3872/2366 6534/3880/2370 6535/3881/2370 6527/3873/2366
f 6527/3873/2366 6535/3881/2370 6536/3882/2370 6528/3874/2367
f 6528/3874/2367 6536/3882/2370 6537/3883/2370 6529/3875/2366
f 6529/3875/2366 6537/3883/2370 6538/3884/2370 6530/3876/2366
f 6530/3876/2366 6538/3884/2370 7337/3885/2371 7336/3877/2368
f 7502/3878/2369 7503/2845/2372 6541/3886/2373 6533/3879/2370
f 6533/3879/2370 6541/3886/2373 6542/3887/2373 6534/3880/2370
f 6534/3880/2370 6542/3887/2373 6543/3888/2373 6535/3881/2370
f 6535/3881/2370 6543/3888/2373 6544/3889/2373 6536/3882/2370
f 6536/3882/2370 6544/3889/2373 6545/3890/2373 6537/3883/2370
f 6537/3883/2370 6545/3890/2373 6546/3891/2373 6538/3884/2370
f 6538/3884/2370 6546/3891/2373 7338/2853/2374 7337/3885/2371
f 7503/2845/2372 7504/3892/2375 6549/3893/2377 6541/3886/2373
f 6541/3886/2373 6549/3893/2377 6550/3894/2377 6542/3887/2373
f 6542/3887/2373 6550/3894/2377 6551/3895/2376 6543/3888/2373
f 6543/3888/2373 6551/3895/2376 6552/3896/2376 6544/3889/2373
f 6544/3889/2373 6552/3896/2376 6553/3897/2376 6545/3890/2373
f 6545/3890/2373 6553/3897/2376 6554/3898/2377 6546/3891/2373
f 6546/3891/2373 6554/3898/2377 7339/3899/2378 7338/2853/2374
f 7504/3892/2375 7505/3900/2379 6557/3901/2380 6549/3893/2377
f 6549/3893/2377 6557/3901/2380 6558/3902/2380 6550/3894/2377
f 6550/3894/2377 6558/3902/2380 6559/3903/2380 6551/3895/2376
f 6551/3895/2376 6559/3903/2380 6560/3904/2380 6552/3896/2376
f 6552/3896/2376 6560/3904/2380 6561/3905/2380 6553/3897/2376
f 6553/3897/2376 6561/3905/2380 6562/3906/2380 6554/3898/2377
f 6554/3898/2377 6562/3906/2380 7340/3907/2381 7339/3899/2378
f 7505/3900/2379 7506/3908/2382 6565/3909/2383 6557/3901/2380
f 6557/3901/2380 6565/3909/2383 6566/3910/2383 6558/3902/2380
f 6558/3902/2380 6566/3910/2383 6567/3911/2384 6559/3903/2380
f 6559/3903/2380 6567/3911/2384 6568/3912/2383 6560/3904/2380
f 6560/3904/2380 6568/3912/2383 6569/3913/2384 6561/3905/2380
f 6561/3905/2380 6569/3913/2384 6570/3914/2384 6562/3906/2380
f 6562/3906/2380 6570/3914/2384 7341/3915/2539 7340/3907/2381
f 7506/3908/2382 7507/3916/2386 6573/3917/2388 6565/3909/2383
f 6565/3909/2383 6573/3917/2388 6574/3918/2388 6566/3910/2383
f 6566/3910/2383 6574/3918/2388 6575/3919/2388 6567/3911/2384
f 6567/3911/2384 6575/3919/2388 6576/3920/2388 6568/3912/2383
f 6568/3912/2383 6576/3920/2388 6577/3921/2388 6569/3913/2384
f 6569/3913/2384 6577/3921/2388 6578/3922/2388 6570/3914/2384
f 6570/3914/2384 6578/3922/2388 7342/3923/2389 7341/3915/2539
f 7507/3916/2386 7508/2854/2390 6581/3924/2391 6573/3917/2388
f 6573/3917/2388 6581/3924/2391 6582/3925/2391 6574/3918/2388
f 6574/3918/2388 6582/3925/2391 6583/3926/2391 6575/3919/2388
f 6575/3919/2388 6583/3926/2391 6584/3927/2391 6576/3920/2388
f 6576/3920/2388 6584/3927/2391 6585/3928/2391 6577/3921/2388
f 6577/3921/2388 6585/3928/2391 6586/3929/2391 6578/3922/2388
f 6578/3922/2388 6586/3929/2391 7343/2862/2392 7342/3923/2389
f 7508/2854/2390 7509/3930/2393 6589/3931/2394 6581/3924/2391
f 6581/3924/2391 6589/3931/2394 6590/3932/2394 6582/3925/2391
f 6582/3925/2391 6590/3932/2394 6591/3933/2394 6583/3926/2391
f 6583/3926/2391 6591/3933/2394 6592/3934/2394 6584/3927/2391
f 6584/3927/2391 6592/3934/2394 6593/3935/2394 6585/3928/2391
f 6585/3928/2391 6593/3935/2394 6594/3936/2394 6586/3929/2391
f 6586/3929/2391 6594/3936/2394 7344/3937/2395 7343/2862/2392
f 7509/3930/2393 7510/3938/2396 6597/3939/2397 6589/3931/2394
f 6589/3931/2394 6597/3939/2397 6598/3940/2397 6590/3932/2394
f 6590/3932/2394 6598/3940/2397 6599/3941/2397 6591/3933/2394
f 6591/3933/2394 6599/3941/2397 6600/3942/2397 6592/3934/2394
f 6592/3934/2394 6600/3942/2397 6601/3943/2397 6593/3935/2394
f 6593/3935/2394 6601/3943/2397 6602/3944/2397 6594/3936/2394
f 6594/3936/2394 6602/3944/2397 7345/3945/2398 7344/3937/2395
f 7510/3938/2396 7511/3946/2399 6605/3947/2400 6597/3939/2397
f 6597/3939/2397 6605/3947/2400 6606/3948/2400 6598/3940/2397
f 6598/3940/2397 6606/3948/2400 6607/3949/2400 6599/3941/2397
f 6599/3941/2397 6607/3949/2400 6608/3950/2400 6600/3942/2397
f 6600/3942/2397 6608/3950/2400 6609/3951/2400 6601/3943/2397
f 6601/3943/2397 6609/3951/2400 6610/3952/2400 6602/3944/2397
f 6602/3944/2397 6610/3952/2400 7346/3953/2401 7345/3945/2398
f 7511/3946/2399 7512/3954/2402 6613/3955/2540 6605/3947/2400
f 6605/3947/2400 6613/3955/2540 6614/3956/2540 6606/3948/2400
f 6606/3948/2400 6614/3956/2540 6615/3957/2540 6607/3949/2400
f 6607/3949/2400 6615/3957/2540 6616/3958/2540 6608/3950/2400
f 6608/3950/2400 6616/3958/2540 6617/3959/2540 6609/3951/2400
f 6609/3951/2400 6617/3959/2540 6618/3960/2540 6610/3952/2400
f 6610/3952/2400 6618/3960/2540 7347/3961/2404 7346/3953/2401
f 7512/3954/2402 7513/3962/2405 6621/3963/2406 6613/3955/2540
f 6613/3955/2540 6621/3963/2406 6622/3964/2406 6614/3956/2540
f 6614/3956/2540 6622/3964/2406 6623/3965/2406 6615/3957/2540
f 6615/3957/2540 6623/3965/2406 6624/3966/2406 6616/3958/2540
f 6616/3958/2540 6624/3966/2406 6625/3967/2406 6617/3959/2540
f 6617/3959/2540 6625/3967/2406 6626/3968/2541 6618/3960/2540
f 6618/3960/2540 6626/3968/2541 7348/3969/2407 7347/3961/2404
f 7513/3962/2405 7514/3970/2408 6629/3971/2409 6621/3963/2406
f 6621/3963/2406 6629/3971/2409 6630/3972/2409 6622/3964/2406
f 6622/3964/2406 6630/3972/2409 6631/3973/2409 6623/3965/2406
f 6623/3965/2406 6631/3973/2409 6632/3974/2409 6624/3966/2406
f 6624/3966/2406 6632/3974/2409 6633/3975/2409 6625/3967/2406
f 6625/3967/2406 6633/3975/2409 6634/3976/2409 6626/3968/2541
f 6626/3968/2541 6634/3976/2409 7349/3977/2410 7348/3969/2407
f 7514/3970/2408 7515/3978/2542 6637/3979/2412 6629/3971/2409
f 6629/3971/2409 6637/3979/2412 6638/3980/2412 6630/3972/2409
f 6630/3972/2409 6638/3980/2412 6639/3981/2412 6631/3973/2409
f 6631/3973/2409 6639/3981/2412 6640/3982/2412 6632/3974/2409
f 6632/3974/2409 6640/3982/2412 6641/3983/2412 6633/3975/2409
f 6633/3975/2409 6641/3983/2412 6642/3984/2412 6634/3976/2409
f 6634/3976/2409 6642/3984/2412 7350/3985/2413 7349/3977/2410
f 7515/3978/2542 7516/3986/2543 6645/3987/2415 6637/3979/2412
f 6637/3979/2412 6645/3987/2415 6646/3988/2415 6638/3980/2412
f 6638/3980/2412 6646/3988/2415 6647/3989/2415 6639/3981/2412
f 6639/3981/2412 6647/3989/2415 6648/3990/2544 6640/3982/2412
f 6640/3982/2412 6648/3990/2544 6649/3991/2415 6641/3983/2412
f 6641/3983/2412 6649/3991/2415 6650/3992/2415 6642/3984/2412
f 6642/3984/2412 6650/3992/2415 7351/3993/2416 7350/3985/2413
f 7516/3986/2543 7517/3994/2417 6653/3995/2418 6645/3987/2415
f 6645/3987/2415 6653/3995/2418 6654/3996/2418 6646/3988/2415
f 6646/3988/2415 6654/3996/2418 6655/3997/2418 6647/3989/2415
f 6647/3989/2415 6655/3997/2418 6656/3998/2418 6648/3990/2544
f 6648/3990/2544 6656/3998/2418 6657/3999/2418 6649/3991/2415
f 6649/3991/2415 6657/3999/2418 6658/4000/2418 6650/3992/2415
f 6650/3992/2415 6658/4000/2418 7352/4001/2419 7351/3993/2416
f 7517/3994/2417 7518/4002/2420 6661/4003/2422 6653/3995/2418
f 6653/3995/2418 6661/4003/2422 6662/4004/2422 6654/3996/2418
f 6654/3996/2418 6662/4004/2422 6663/4005/2422 6655/3997/2418
f 6655/3997/2418 6663/4005/2422 6664/4006/2422 6656/3998/2418
f 6656/3998/2418 6664/4006/2422 6665/4007/2422 6657/3999/2418
f 6657/3999/2418 6665/4007/2422 6666/4008/2422 6658/4000/2418
f 6658/4000/2418 6666/4008/2422 7353/4009/2423 7352/4001/2419
f 7518/4002/2420 7519/2863/2424 6669/4010/2425 6661/4003/2422
f 6661/4003/2422 6669/4010/2425 6670/4011/2425 6662/4004/2422
f 6662/4004/2422 6670/4011/2425 6671/4012/2425 6663/4005/2422
f 6663/4005/2422 6671/4012/2425 6672/4013/2425 6664/4006/2422
f 6664/4006/2422 6672/4013/2425 6673/4014/2425 6665/4007/2422
f 6665/4007/2422 6673/4014/2425 6674/4015/2425 6666/4008/2422
f 6666/4008/2422 6674/4015/2425 7354/2871/2426 7353/4009/2423
f 7519/2863/2424 7520/4016/2427 6677/4017/2428 6669/4010/2425
f 6669/4010/2425 6677/4017/2428 6678/4018/2428 6670/4011/2425
f 6670/4011/2425 6678/4018/2428 6679/4019/2428 6671/4012/2425
f 6671/4012/2425 6679/4019/2428 6680/4020/2428 6672/4013/2425
f 6672/4013/2425 6680/4020/2428 6681/4021/2428 6673/4014/2425
f 6673/4014/2425 6681/4021/2428 6682/4022/2428 6674/4015/2425
f 6674/4015/2425 6682/4022/2428 7355/4023/2429 7354/2871/2426
f 7520/4016/2427 7521/4024/2430 6685/4025/2431 6677/4017/2428
f 6677/4017/2428 6685/4025/2431 6686/4026/2431 6678/4018/2428
f 6678/4018/2428 6686/4026/2431 6687/4027/2431 6679/4019/2428
f 6679/4019/2428 6687/4027/2431 6688/4028/2431 6680/4020/2428
f 6680/4020/2428 6688/4028/2431 6689/4029/2431 6681/4021/2428
f 6681/4021/2428 6689/4029/2431 6690/4030/2431 6682/4022/2428
f 6682/4022/2428 6690/4030/2431 7356/4031/2432 7355/4023/2429
f 7521/4024/2430 7522/4032/2433 6693/4033/2434 6685/4025/2431
f 6685/4025/2431 6693/4033/2434 6694/4034/2434 6686/4026/2431
f 6686/4026/2431 6694/4034/2434 6695/4035/2434 6687/4027/2431
f 6687/4027/2431 6695/4035/2434 6696/4036/2434 6688/4028/2431
f 6688/4028/2431 6696/4036/2434 6697/4037/2434 6689/4029/2431
f 6689/4029/2431 6697/4037/2434 6698/4038/2434 6690/4030/2431
f 6690/4030/2431 6698/4038/2434 7357/4039/2435 7356/4031/2432
f 7522/4032/2433 7523/4040/2436 6701/4041/2437 6693/4033/2434
f 6693/4033/2434 6701/4041/2437 6702/4042/2437 6694/4034/2434
f 6694/4034/2434 6702/4042/2437 6703/4043/2437 6695/4035/2434
f 6695/4035/2434 6703/4043/2437 6704/4044/2437 6696/4036/2434
f 6696/4036/2434 6704/4044/2437 6705/4045/2437 6697/4037/2434
f 6697/4037/2434 6705/4045/2437 6706/4046/2437 6698/4038/2434
f 6698/4038/2434 6706/4046/2437 7358/4047/2438 7357/4039/2435
f 7523/4040/2436 7524/4048/2439 6709/4049/2440 6701/4041/2437
f 6701/4041/2437 6709/4049/2440 6710/4050/2440 6702/4042/2437
f 6702/4042/2437 6710/4050/2440 6711/4051/2440 6703/4043/2437
f 6703/4043/2437 6711/4051/2440 6712/4052/2440 6704/4044/2437
f 6704/4044/2437 6712/4052/2440 6713/4053/2440 6705/4045/2437
f 6705/4045/2437 6713/4053/2440 6714/4054/2440 6706/4046/2437
f 6706/4046/2437 6714/4054/2440 7359/4055/2441 7358/4047/2438
f 7524/4048/2439 7525/4056/2442 6717/4057/2443 6709/4049/2440
f 6709/4049/2440 6717/4057/2443 6718/4058/2443 6710/4050/2440
f 6710/4050/2440 6718/4058/2443 6719/4059/2443 6711/4051/2440
f 6711/4051/2440 6719/4059/2443 6720/4060/2443 6712/4052/2440
f 6712/4052/2440 6720/4060/2443 6721/4061/2443 6713/4053/2440
f 6713/4053/2440 6721/4061/2443 6722/4062/2443 6714/4054/2440
f 6714/4054/2440 6722/4062/2443 7360/4063/2444 7359/4055/2441
f 7525/4056/2442 7526/2872/2445 6725/4064/2446 6717/4057/2443
f 6717/4057/2443 6725/4064/2446 6726/4065/2446 6718/4058/2443
f 6718/4058/2443 6726/4065/2446 6727/4066/2446 6719/4059/2443
f 6719/4059/2443 6727/4066/2446 6728/4067/2446 6720/4060/2443
f 6720/4060/2443 6728/4067/2446 6729/4068/2446 6721/4061/2443
f 6721/4061/2443 6729/4068/2446 6730/4069/2446 6722/4062/2443
f 6722/4062/2443 6730/4069/2446 7361/2880/2447 7360/4063/2444
f 7526/2872/2445 7527/4070/2448 6733/4071/2449 6725/4064/2446
f 6725/4064/2446 6733/4071/2449 6734/4072/2449 6726/4065/2446
f 6726/4065/2446 6734/4072/2449 6735/4073/2449 6727/4066/2446
f 6727/4066/2446 6735/4073/2449 6736/4074/2449 6728/4067/2446
f 6728/4067/2446 6736/4074/2449 6737/4075/2449 6729/4068/2446
f 6729/4068/2446 6737/4075/2449 6738/4076/2449 6730/4069/2446
f 6730/4069/2446 6738/4076/2449 7362/4077/2450 7361/2880/2447
f 7527/4070/2448 7528/4078/2451 6741/4079/2452 6733/4071/2449
f 6733/4071/2449 6741/4079/2452 6742/4080/2452 6734/4072/2449
f 6734/4072/2449 6742/4080/2452 6743/4081/2452 6735/4073/2449
f 6735/4073/2449 6743/4081/2452 6744/4082/2452 6736/4074/2449
f 6736/4074/2449 6744/4082/2452 6745/4083/2452 6737/4075/2449
f 6737/4075/2449 6745/4083/2452 6746/4084/2452 6738/4076/2449
f 6738/4076/2449 6746/4084/2452 7363/4085/2453 7362/4077/2450
f 7528/4078/2451 7529/4086/2454 6749/4087/2455 6741/4079/2452
f 6741/4079/2452 6749/4087/2455 6750/4088/2455 6742/4080/2452
f 6742/4080/2452 6750/4088/2455 6751/4089/2455 6743/4081/2452
f 6743/4081/2452 6751/4089/2455 6752/4090/2455 6744/4082/2452
f 6744/4082/2452 6752/4090/2455 6753/4091/2455 6745/4083/2452
f 6745/4083/2452 6753/4091/2455 6754/4092/2455 6746/4084/2452
f 6746/4084/2452 6754/4092/2455 7364/4093/2456 7363/4085/2453
f 7529/4086/2454 7530/4094/2457 6757/4095/2458 6749/4087/2455
f 6749/4087/2455 6757/4095/2458 6758/4096/2458 6750/4088/2455
f 6750/4088/2455 6758/4096/2458 6759/4097/2458 6751/4089/2455
f 6751/4089/2455 6759/4097/2458 6760/4098/2458 6752/4090/2455
f 6752/4090/2455 6760/4098/2458 6761/4099/2458 6753/4091/2455
f 6753/4091/2455 6761/4099/2458 6762/4100/2458 6754/4092/2455
f 6754/4092/2455 6762/4100/2458 7365/4101/2459 7364/4093/2456
f 7530/4094/2457 7531/2881/2460 6765/4102/2461 6757/4095/2458
f 6757/4095/2458 6765/4102/2461 6766/4103/2461 6758/4096/2458
f 6758/4096/2458 6766/4103/2461 6767/4104/2461 6759/4097/2458
f 6759/4097/2458 6767/4104/2461 6768/4105/2461 6760/4098/2458
f 6760/4098/2458 6768/4105/2461 6769/4106/2461 6761/4099/2458
f 6761/4099/2458 6769/4106/2461 6770/4107/2461 6762/4100/2458
f 6762/4100/2458 6770/4107/2461 7366/2889/2462 7365/4101/2459
f 7531/2881/2460 7532/4108/2463 6773/4109/2464 6765/4102/2461
f 6765/4102/2461 6773/4109/2464 6774/4110/2464 6766/4103/2461
f 6766/4103/2461 6774/4110/2464 6775/4111/2464 6767/4104/2461
f 6767/4104/2461 6775/4111/2464 6776/4112/2464 6768/4105/2461
f 6768/4105/2461 6776/4112/2464 6777/4113/2464 6769/4106/2461
f 6769/4106/2461 6777/4113/2464 6778/4114/2464 6770/4107/2461
f 6770/4107/2461 6778/4114/2464 7367/4115/2466 7366/2889/2462
f 7532/4108/2463 7533/4116/2467 6781/4117/2468 6773/4109/2464
f 6773/4109/2464 6781/4117/2468 6782/4118/2468 6774/4110/2464
f 6774/4110/2464 6782/4118/2468 6783/4119/2468 6775/4111/2464
f 6775/4111/2464 6783/4119/2468 6784/4120/2468 6776/4112/2464
f 6776/4112/2464 6784/4120/2468 6785/4121/2468 6777/4113/2464
f 6777/4113/2464 6785/4121/2468 6786/4122/2468 6778/4114/2464
f 6778/4114/2464 6786/4122/2468 7368/4123/2469 7367/4115/2466
f 7533/4116/2467 7534/4124/2545 6789/4125/2471 6781/4117/2468
f 6781/4117/2468 6789/4125/2471 6790/4126/2471 6782/4118/2468
f 6782/4118/2468 6790/4126/2471 6791/4127/2471 6783/4119/2468
f 6783/4119/2468 6791/4127/2471 6792/4128/2471 6784/4120/2468
f 6784/4120/2468 6792/4128/2471 6793/4129/2471 6785/4121/2468
f 6785/4121/2468 6793/4129/2471 6794/4130/2471 6786/4122/2468
f 6786/4122/2468 6794/4130/2471 7369/4131/2472 7368/4123/2469
f 7534/4124/2545 7535/4132/2546 6797/4133/2474 6789/4125/2471
f 6789/4125/2471 6797/4133/2474 6798/4134/2474 6790/4126/2471
f 6790/4126/2471 6798/4134/2474 6799/4135/2474 6791/4127/2471
f 6791/4127/2471 6799/4135/2474 6800/4136/2474 6792/4128/2471
f 6792/4128/2471 6800/4136/2474 6801/4137/2474 6793/4129/2471
f 6793/4129/2471 6801/4137/2474 6802/4138/2474 6794/4130/2471
f 6794/4130/2471 6802/4138/2474 7370/4139/2475 7369/4131/2472
f 7535/4132/2546 7536/4140/2476 6805/4141/2477 6797/4133/2474
f 6797/4133/2474 6805/4141/2477 6806/4142/2477 6798/4134/2474
f 6798/4134/2474 6806/4142/2477 6807/4143/2477 6799/4135/2474
f 6799/4135/2474 6807/4143/2477 6808/4144/2477 6800/4136/2474
f 6800/4136/2474 6808/4144/2477 6809/4145/2477 6801/4137/2474
f 6801/4137/2474 6809/4145/2477 6810/4146/2477 6802/4138/2474
f 6802/4138/2474 6810/4146/2477 7371/4147/2478 7370/4139/2475
f 7536/4140/2476 7537/4148/2479 6813/4149/2480 6805/4141/2477
f 6805/4141/2477 6813/4149/2480 6814/4150/2480 6806/4142/2477
f 6806/4142/2477 6814/4150/2480 6815/4151/2480 6807/4143/2477
f 6807/4143/2477 6815/4151/2480 6816/4152/2480 6808/4144/2477
f 6808/4144/2477 6816/4152/2480 6817/4153/2480 6809/4145/2477
f 6809/4145/2477 6817/4153/2480 6818/4154/2480 6810/4146/2477
f 6810/4146/2477 6818/4154/2480 7372/4155/2481 7371/4147/2478
f 7537/4148/2479 7538/2890/2482 6821/4156/2483 6813/4149/2480
f 6813/4149/2480 6821/4156/2483 6822/4157/2483 6814/4150/2480
f 6814/4150/2480 6822/4157/2483 6823/4158/2483 6815/4151/2480
f 6815/4151/2480 6823/4158/2483 6824/4159/2483 6816/4152/2480
f 6816/4152/2480 6824/4159/2483 6825/4160/2483 6817/4153/2480
f 6817/4153/2480 6825/4160/2483 6826/4161/2483 6818/4154/2480
f 6818/4154/2480 6826/4161/2483 7373/2898/2484 7372/4155/2481
f 7538/2890/2482 7539/4162/2547 6829/4163/2486 6821/4156/2483
f 6821/4156/2483 6829/4163/2486 6830/4164/2486 6822/4157/2483
f 6822/4157/2483 6830/4164/2486 6831/4165/2486 6823/4158/2483
f 6823/4158/2483 6831/4165/2486 6832/4166/2486 6824/4159/2483
f 6824/4159/2483 6832/4166/2486 6833/4167/2486 6825/4160/2483
f 6825/4160/2483 6833/4167/2486 6834/4168/2486 6826/4161/2483
f 6826/4161/2483 6834/4168/2486 7374/4169/2487 7373/2898/2484
f 7539/4162/2547 7540/4170/2488 6837/4171/2490 6829/4163/2486
f 6829/4163/2486 6837/4171/2490 6838/4172/2489 6830/4164/2486
f 6830/4164/2486 6838/4172/2489 6839/4173/2490 6831/4165/2486
f 6831/4165/2486 6839/4173/2490 6840/4174/2490 6832/4166/2486
f 6832/4166/2486 6840/4174/2490 6841/4175/2490 6833/4167/2486
f 6833/4167/2486 6841/4175/2490 6842/4176/2490 6834/4168/2486
f 6834/4168/2486 6842/4176/2490 7375/4177/2491 7374/4169/2487
f 7540/4170/2488 7541/4178/2492 6845/4179/2493 6837/4171/2490
f 6837/4171/2490 6845/4179/2493 6846/4180/2493 6838/4172/2489
f 6838/4172/2489 6846/4180/2493 6847/4181/2493 6839/4173/2490
f 6839/4173/2490 6847/4181/2493 6848/4182/2493 6840/4174/2490
f 6840/4174/2490 6848/4182/2493 6849/4183/2493 6841/4175/2490
f 6841/4175/2490 6849/4183/2493 6850/4184/2493 6842/4176/2490
f 6842/4176/2490 6850/4184/2493 7376/4185/2494 7375/4177/2491
f 7541/4178/2492 7542/4186/2495 6853/4187/2496 6845/4179/2493
f 6845/4179/2493 6853/4187/2496 6854/4188/2548 6846/4180/2493
f 6846/4180/2493 6854/4188/2548 6855/4189/2548 6847/4181/2493
f 6847/4181/2493 6855/4189/2548 6856/4190/2548 6848/4182/2493
f 6848/4182/2493 6856/4190/2548 6857/4191/2548 6849/4183/2493
f 6849/4183/2493 6857/4191/2548 6858/4192/2496 6850/4184/2493
f 6850/4184/2493 6858/4192/2496 7377/4193/2497 7376/4185/2494
f 7542/4186/2495 7543/2899/2498 6861/4194/2499 6853/4187/2496
f 6853/4187/2496 6861/4194/2499 6862/4195/2499 6854/4188/2548
f 6854/4188/2548 6862/4195/2499 6863/4196/2499 6855/4189/2548
f 6855/4189/2548 6863/4196/2499 6864/4197/2499 6856/4190/2548
f 6856/4190/2548 6864/4197/2499 6865/4198/2499 6857/4191/2548
f 6857/4191/2548 6865/4198/2499 6866/4199/2499 6858/4192/2496
f 6858/4192/2496 6866/4199/2499 7378/2907/2500 7377/4193/2497
f 7543/2899/2498 7544/4200/2501 7545/4201/2502 6861/4194/2499
f 6861/4194/2499 7545/4201/2502 7547/4202/2502 6862/4195/2499
f 6862/4195/2499 7547/4202/2502 7549/4203/2502 6863/4196/2499
f 6863/4196/2499 7549/4203/2502 7551/4204/2502 6864/4197/2499
f 6864/4197/2499 7551/4204/2502 7553/4205/2502 6865/4198/2499
f 6865/4198/2499 7553/4205/2502 7555/4206/2502 6866/4199/2499
f 6866/4199/2499 7555/4206/2502 7379/4207/2503 7378/2907/2500
o FZGXStream10.000_PreviewMesh
v 30.000000 665.000000 0.000000 0.7353 0.7353 0.7353
v 22.500000 665.000000 0.000000 0.7353 0.7353 0.7353
v 15.000000 665.000000 0.000000 0.7353 0.7353 0.7353
v 7.500000 665.000000 0.000000 0.7353 0.7353 0.7353
v 0.000000 665.000000 0.000000 0.7353 0.7353 0.7353
v -7.500000 665.000000 0.000000 0.7353 0.7353 0.7353
v -15.000000 665.000000 0.000000 0.7353 0.7353 0.7353
v -22.500000 665.000000 0.000000 0.7353 0.7353 0.7353
v -30.000000 665.000000 0.000000 0.7353 0.7353 0.7353
v 30.000000 537.561401 0.000000 0.7353 0.7353 0.7353
v 22.500000 537.561401 0.000000 0.7353 0.7353 0.7353
v 15.000000 537.561401 0.000000 0.7353 0.7353 0.7353
v 7.500000 537.561401 0.000000 0.7353 0.7353 0.7353
v 0.000000 537.561401 0.000000 0.7353 0.7353 0.7353
v -7.500000 537.561401 0.000000 0.7353 0.7353 0.7353
v -15.000000 537.561401 0.000000 0.7353 0.7353 0.7353
v -22.500000 537.561401 0.000000 0.7353 0.7353 0.7353
v -30.000000 537.561401 0.000000 0.7353 0.7353 0.7353
v 30.000000 521.369995 0.000000 0.7353 0.7353 0.7353
v 22.500000 521.369995 0.000000 0.7353 0.7353 0.7353
v 15.000000 521.369995 0.000000 0.7353 0.7353 0.7353
v 7.500000 521.369995 0.000000 0.7353 0.7353 0.7353
v 0.000000 521.369995 0.000000 0.7353 0.7353 0.7353
v -7.500000 521.369995 0.000000 0.7353 0.7353 0.7353
v -15.000000 521.369995 0.000000 0.7353 0.7353 0.7353
v -22.500000 521.369995 0.000000 0.7353 0.7353 0.7353
v -30.000000 521.369995 0.000000 0.7353 0.7353 0.7353
v 30.000000 492.544769 0.000000 0.7353 0.7353 0.7353
v 22.500000 492.544769 0.000000 0.7353 0.7353 0.7353
v 15.000000 492.544769 0.000000 0.7353 0.7353 0.7353
v 7.500000 492.544769 0.000000 0.7353 0.7353 0.7353
v 0.000000 492.544769 0.000000 0.7353 0.7353 0.7353
v -7.500000 492.544769 0.000000 0.7353 0.7353 0.7353
v -15.000000 492.544769 0.000000 0.7353 0.7353 0.7353
v -22.500000 492.544769 0.000000 0.7353 0.7353 0.7353
v -30.000000 492.544769 0.000000 0.7353 0.7353 0.7353
v 30.000000 472.644440 0.000000 0.7353 0.7353 0.7353
v 22.500000 472.644440 0.000000 0.7353 0.7353 0.7353
v 15.000000 472.644440 0.000000 0.7353 0.7353 0.7353
v 7.500000 472.644440 0.000000 0.7353 0.7353 0.7353
v 0.000000 472.644440 0.000000 0.7353 0.7353 0.7353
v -7.500000 472.644440 0.000000 0.7353 0.7353 0.7353
v -15.000000 472.644440 0.000000 0.7353 0.7353 0.7353
v -22.500000 472.644440 0.000000 0.7353 0.7353 0.7353
v -30.000000 472.644440 0.000000 0.7353 0.7353 0.7353
v 30.000000 445.229858 0.000000 0.7353 0.7353 0.7353
v 22.500000 445.229858 0.000000 0.7353 0.7353 0.7353
v 15.000000 445.229858 0.000000 0.7353 0.7353 0.7353
v 7.500000 445.229858 0.000000 0.7353 0.7353 0.7353
v 0.000000 445.229858 0.000000 0.7353 0.7353 0.7353
v -7.500000 445.229858 0.000000 0.7353 0.7353 0.7353
v -15.000000 445.229858 0.000000 0.7353 0.7353 0.7353
v -22.500000 445.229858 0.000000 0.7353 0.7353 0.7353
v -30.000000 445.229858 0.000000 0.7353 0.7353 0.7353
v 30.000000 424.947998 0.000000 0.7353 0.7353 0.7353
v 22.500000 424.947998 0.000000 0.7353 0.7353 0.7353
v 15.000000 424.947998 0.000000 0.7353 0.7353 0.7353
v 7.500000 424.947998 0.000000 0.7353 0.7353 0.7353
v 0.000000 424.947998 0.000000 0.7353 0.7353 0.7353
v -7.500000 424.947998 0.000000 0.7353 0.7353 0.7353
v -15.000000 424.947998 0.000000 0.7353 0.7353 0.7353
v -22.500000 424.947998 0.000000 0.7353 0.7353 0.7353
v -30.000000 424.947998 0.000000 0.7353 0.7353 0.7353
v 30.000000 397.832886 0.000000 0.7353 0.7353 0.7353
v 22.500000 397.832886 0.000000 0.7353 0.7353 0.7353
v 15.000000 397.832886 0.000000 0.7353 0.7353 0.7353
v 7.500000 397.832886 0.000000 0.7353 0.7353 0.7353
v 0.000000 397.832886 0.000000 0.7353 0.7353 0.7353
v -7.500000 397.832886 0.000000 0.7353 0.7353 0.7353
v -15.000000 397.832886 0.000000 0.7353 0.7353 0.7353
v -22.500000 397.832886 0.000000 0.7353 0.7353 0.7353
v -30.000000 397.832886 0.000000 0.7353 0.7353 0.7353
v 30.000000 377.337372 0.000000 0.7353 0.7353 0.7353
v 22.500000 377.337372 0.000000 0.7353 0.7353 0.7353
v 15.000000 377.337372 0.000000 0.7353 0.7353 0.7353
v 7.500000 377.337372 0.000000 0.7353 0.7353 0.7353
v 0.000000 377.337372 0.000000 0.7353 0.7353 0.7353
v -7.500000 377.337372 0.000000 0.7353 0.7353 0.7353
v -15.000000 377.337372 0.000000 0.7353 0.7353 0.7353
v -22.500000 377.337372 0.000000 0.7353 0.7353 0.7353
v -30.000000 377.337372 0.000000 0.7353 0.7353 0.7353
v 30.000000 350.398590 0.000000 0.7353 0.7353 0.7353
v 22.500000 350.398590 0.000000 0.7353 0.7353 0.7353
v 15.000000 350.398590 0.000000 0.7353 0.7353 0.7353
v 7.500000 350.398590 0.000000 0.7353 0.7353 0.7353
v 0.000000 350.398590 0.000000 0.7353 0.7353 0.7353
v -7.500000 350.398590 0.000000 0.7353 0.7353 0.7353
v -15.000000 350.398590 0.000000 0.7353 0.7353 0.7353
v -22.500000 350.398590 0.000000 0.7353 0.7353 0.7353
v -30.000000 350.398590 0.000000 0.7353 0.7353 0.7353
v 30.000000 329.766327 0.000000 0.7353 0.7353 0.7353
v 22.500000 329.766327 0.000000 0.7353 0.7353 0.7353
v 15.000000 329.766327 0.000000 0.7353 0.7353 0.7353
v 7.500000 329.766327 0.000000 0.7353 0.7353 0.7353
v 0.000000 329.766327 0.000000 0.7353 0.7353 0.7353
v -7.500000 329.766327 0.000000 0.7353 0.7353 0.7353
v -15.000000 329.766327 0.000000 0.7353 0.7353 0.7353
v -22.500000 329.766327 0.000000 0.7353 0.7353 0.7353
v -30.000000 329.766327 0.000000 0.7353 0.7353 0.7353
v 30.000000 302.943237 0.000000 0.7353 0.7353 0.7353
v 22.500000 302.943237 0.000000 0.7353 0.7353 0.7353
v 15.000000 302.943237 0.000000 0.7353 0.7353 0.7353
v 7.500000 302.943237 0.000000 0.7353 0.7353 0.7353
v 0.000000 302.943237 0.000000 0.7353 0.7353 0.7353
v -7.500000 302.943237 0.000000 0.7353 0.7353 0.7353
v -15.000000 302.943237 0.000000 0.7353 0.7353 0.7353
v -22.500000 302.943237 0.000000 0.7353 0.7353 0.7353
v -30.000000 302.943237 0.000000 0.7353 0.7353 0.7353
v 30.000000 282.217957 0.000000 0.7353 0.7353 0.7353
v 22.500000 282.217957 0.000000 0.7353 0.7353 0.7353
v 15.000000 282.217957 0.000000 0.7353 0.7353 0.7353
v 7.500000 282.217957 0.000000 0.7353 0.7353 0.7353
v 0.000000 282.217957 0.000000 0.7353 0.7353 0.7353
v -7.500000 282.217957 0.000000 0.7353 0.7353 0.7353
v -15.000000 282.217957 0.000000 0.7353 0.7353 0.7353
v -22.500000 282.217957 0.000000 0.7353 0.7353 0.7353
v -30.000000 282.217957 0.000000 0.7353 0.7353 0.7353
v 30.000000 255.474655 0.000000 0.7353 0.7353 0.7353
v 22.500000 255.474655 0.000000 0.7353 0.7353 0.7353
v 15.000000 255.474655 0.000000 0.7353 0.7353 0.7353
v 7.500000 255.474655 0.000000 0.7353 0.7353 0.7353
v 0.000000 255.474655 0.000000 0.7353 0.7353 0.7353
v -7.500000 255.474655 0.000000 0.7353 0.7353 0.7353
v -15.000000 255.474655 0.000000 0.7353 0.7353 0.7353
v -22.500000 255.474655 0.000000 0.7353 0.7353 0.7353
v -30.000000 255.474655 0.000000 0.7353 0.7353 0.7353
v 30.000000 234.683914 0.000000 0.7353 0.7353 0.7353
v 22.500000 234.683914 0.000000 0.7353 0.7353 0.7353
v 15.000000 234.683914 0.000000 0.7353 0.7353 0.7353
v 7.500000 234.683914 0.000000 0.7353 0.7353 0.7353
v 0.000000 234.683914 0.000000 0.7353 0.7353 0.7353
v -7.500000 234.683914 0.000000 0.7353 0.7353 0.7353
v -15.000000 234.683914 0.000000 0.7353 0.7353 0.7353
v -22.500000 234.683914 0.000000 0.7353 0.7353 0.7353
v -30.000000 234.683914 0.000000 0.7353 0.7353 0.7353
v 30.000000 207.997604 0.000000 0.7353 0.7353 0.7353
v 22.500000 207.997604 0.000000 0.7353 0.7353 0.7353
v 15.000000 207.997604 0.000000 0.7353 0.7353 0.7353
v 7.500000 207.997604 0.000000 0.7353 0.7353 0.7353
v 0.000000 207.997604 0.000000 0.7353 0.7353 0.7353
v -7.500000 207.997604 0.000000 0.7353 0.7353 0.7353
v -15.000000 207.997604 0.000000 0.7353 0.7353 0.7353
v -22.500000 207.997604 0.000000 0.7353 0.7353 0.7353
v -30.000000 207.997604 0.000000 0.7353 0.7353 0.7353
v 30.000000 187.158936 0.000000 0.7353 0.7353 0.7353
v 22.500000 187.158936 0.000000 0.7353 0.7353 0.7353
v 15.000000 187.158936 0.000000 0.7353 0.7353 0.7353
v 7.500000 187.158936 0.000000 0.7353 0.7353 0.7353
v 0.000000 187.158936 0.000000 0.7353 0.7353 0.7353
v -7.500000 187.158936 0.000000 0.7353 0.7353 0.7353
v -15.000000 187.158936 0.000000 0.7353 0.7353 0.7353
v -22.500000 187.158936 0.000000 0.7353 0.7353 0.7353
v -30.000000 187.158936 0.000000 0.7353 0.7353 0.7353
v 30.000000 160.514618 0.000000 0.7353 0.7353 0.7353
v 22.500000 160.514618 0.000000 0.7353 0.7353 0.7353
v 15.000000 160.514618 0.000000 0.7353 0.7353 0.7353
v 7.500000 160.514618 0.000000 0.7353 0.7353 0.7353
v 0.000000 160.514618 0.000000 0.7353 0.7353 0.7353
v -7.500000 160.514618 0.000000 0.7353 0.7353 0.7353
v -15.000000 160.514618 0.000000 0.7353 0.7353 0.7353
v -22.500000 160.514618 0.000000 0.7353 0.7353 0.7353
v -30.000000 160.514618 0.000000 0.7353 0.7353 0.7353
v 30.000000 139.640366 0.000000 0.7353 0.7353 0.7353
v 22.500000 139.640366 0.000000 0.7353 0.7353 0.7353
v 15.000000 139.640366 0.000000 0.7353 0.7353 0.7353
v 7.500000 139.640366 0.000000 0.7353 0.7353 0.7353
v 0.000000 139.640366 0.000000 0.7353 0.7353 0.7353
v -7.500000 139.640366 0.000000 0.7353 0.7353 0.7353
v -15.000000 139.640366 0.000000 0.7353 0.7353 0.7353
v -22.500000 139.640366 0.000000 0.7353 0.7353 0.7353
v -30.000000 139.640366 0.000000 0.7353 0.7353 0.7353
v 30.000000 113.027382 0.000000 0.7353 0.7353 0.7353
v 22.500000 113.027382 0.000000 0.7353 0.7353 0.7353
v 15.000000 113.027382 0.000000 0.7353 0.7353 0.7353
v 7.500000 113.027382 0.000000 0.7353 0.7353 0.7353
v 0.000000 113.027382 0.000000 0.7353 0.7353 0.7353
v -7.500000 113.027382 0.000000 0.7353 0.7353 0.7353
v -15.000000 113.027382 0.000000 0.7353 0.7353 0.7353
v -22.500000 113.027382 0.000000 0.7353 0.7353 0.7353
v -30.000000 113.027382 0.000000 0.7353 0.7353 0.7353
v 30.000000 92.126457 0.000000 0.7353 0.7353 0.7353
v 22.500000 92.126457 0.000000 0.7353 0.7353 0.7353
v 15.000000 92.126457 0.000000 0.7353 0.7353 0.7353
v 7.500000 92.126457 0.000000 0.7353 0.7353 0.7353
v 0.000000 92.126457 0.000000 0.7353 0.7353 0.7353
v -7.500000 92.126457 0.000000 0.7353 0.7353 0.7353
v -15.000000 92.126457 0.000000 0.7353 0.7353 0.7353
v -22.500000 92.126457 0.000000 0.7353 0.7353 0.7353
v -30.000000 92.126457 0.000000 0.7353 0.7353 0.7353
v 30.000000 65.537079 0.000000 0.7353 0.7353 0.7353
v 22.500000 65.537079 0.000000 0.7353 0.7353 0.7353
v 15.000000 65.537079 0.000000 0.7353 0.7353 0.7353
v 7.500000 65.537079 0.000000 0.7353 0.7353 0.7353
v 0.000000 65.537079 0.000000 0.7353 0.7353 0.7353
v -7.500000 65.537079 0.000000 0.7353 0.7353 0.7353
v -15.000000 65.537079 0.000000 0.7353 0.7353 0.7353
v -22.500000 65.537079 0.000000 0.7353 0.7353 0.7353
v -30.000000 65.537079 0.000000 0.7353 0.7353 0.7353
v 30.000000 44.615807 0.000000 0.7353 0.7353 0.7353
v 22.500000 44.615807 0.000000 0.7353 0.7353 0.7353
v 15.000000 44.615807 0.000000 0.7353 0.7353 0.7353
v 7.500000 44.615807 0.000000 0.7353 0.7353 0.7353
v 0.000000 44.615807 0.000000 0.7353 0.7353 0.7353
v -7.500000 44.615807 0.000000 0.7353 0.7353 0.7353
v -15.000000 44.615807 0.000000 0.7353 0.7353 0.7353
v -22.500000 44.615807 0.000000 0.7353 0.7353 0.7353
v -30.000000 44.615807 0.000000 0.7353 0.7353 0.7353
v 30.000000 18.044575 0.000000 0.7353 0.7353 0.7353
v 22.500000 18.044575 0.000000 0.7353 0.7353 0.7353
v 15.000000 18.044575 0.000000 0.7353 0.7353 0.7353
v 7.500000 18.044575 0.000000 0.7353 0.7353 0.7353
v 0.000000 18.044575 0.000000 0.7353 0.7353 0.7353
v -7.500000 18.044575 0.000000 0.7353 0.7353 0.7353
v -15.000000 18.044575 0.000000 0.7353 0.7353 0.7353
v -22.500000 18.044575 0.000000 0.7353 0.7353 0.7353
v -30.000000 18.044575 0.000000 0.7353 0.7353 0.7353
v 30.000000 0.000000 0.000000 0.7353 0.7353 0.7353
v 22.500000 0.000000 0.000000 0.7353 0.7353 0.7353
v 15.000000 0.000000 0.000000 0.7353 0.7353 0.7353
v 7.500000 0.000000 0.000000 0.7353 0.7353 0.7353
v 0.000000 0.000000 0.000000 0.7353 0.7353 0.7353
v -7.500000 0.000000 0.000000 0.7353 0.7353 0.7353
v -15.000000 0.000000 0.000000 0.7353 0.7353 0.7353
v -22.500000 0.000000 0.000000 0.7353 0.7353 0.7353
v -30.000000 0.000000 0.000000 0.7353 0.7353 0.7353
v -30.000000 665.000000 0.000000 0.9063 0.9063 0.9063
v -30.000000 665.000000 -3.000000 0.9063 0.9063 0.9063
v -30.000000 537.561401 0.000000 0.9063 0.9063 0.9063
v -30.000000 537.561401 -3.000000 0.9063 0.9063 0.9063
v -30.000000 521.369995 0.000000 0.9063 0.9063 0.9063
v -30.000000 521.369995 -3.000000 0.9063 0.9063 0.9063
v -30.000000 492.544769 0.000000 0.9063 0.9063 0.9063
v -30.000000 492.544769 -3.000000 0.9063 0.9063 0.9063
v -30.000000 472.644440 0.000000 0.9063 0.9063 0.9063
v -30.000000 472.644440 -3.000000 0.9063 0.9063 0.9063
v -30.000000 445.229858 0.000000 0.9063 0.9063 0.9063
v -30.000000 445.229858 -3.000000 0.9063 0.9063 0.9063
v -30.000000 424.947998 0.000000 0.9063 0.9063 0.9063
v -30.000000 424.947998 -3.000000 0.9063 0.9063 0.9063
v -30.000000 397.832886 0.000000 0.9063 0.9063 0.9063
v -30.000000 397.832886 -3.000000 0.9063 0.9063 0.9063
v -30.000000 377.337372 0.000000 0.9063 0.9063 0.9063
v -30.000000 377.337372 -3.000000 0.9063 0.9063 0.9063
v -30.000000 350.398590 0.000000 0.9063 0.9063 0.9063
v -30.000000 350.398590 -3.000000 0.9063 0.9063 0.9063
v -30.000000 329.766327 0.000000 0.9063 0.9063 0.9063
v -30.000000 329.766327 -3.000000 0.9063 0.9063 0.9063
v -30.000000 302.943237 0.000000 0.9063 0.9063 0.9063
v -30.000000 302.943237 -3.000000 0.9063 0.9063 0.9063
v -30.000000 282.217957 0.000000 0.9063 0.9063 0.9063
v -30.000000 282.217957 -3.000000 0.9063 0.9063 0.9063
v -30.000000 255.474655 0.000000 0.9063 0.9063 0.9063
v -30.000000 255.474655 -3.000000 0.9063 0.9063 0.9063
v -30.000000 234.683914 0.000000 0.9063 0.9063 0.9063
v -30.000000 234.683914 -3.000000 0.9063 0.9063 0.9063
v -30.000000 207.997604 0.000000 0.9063 0.9063 0.9063
v -30.000000 207.997604 -3.000000 0.9063 0.9063 0.9063
v -30.000000 187.158936 0.000000 0.9063 0.9063 0.9063
v -30.000000 187.158936 -3.000000 0.9063 0.9063 0.9063
v -30.000000 160.514618 0.000000 0.9063 0.9063 0.9063
v -30.000000 160.514618 -3.000000 0.9063 0.9063 0.9063
v -30.000000 139.640366 0.000000 0.9063 0.9063 0.9063
v -30.000000 139.640366 -3.000000 0.9063 0.9063 0.9063
v -30.000000 113.027382 0.000000 0.9063 0.9063 0.9063
v -30.000000 113.027382 -3.000000 0.9063 0.9063 0.9063
v -30.000000 92.126457 0.000000 0.9063 0.9063 0.9063
v -30.000000 92.126457 -3.000000 0.9063 0.9063 0.9063
v -30.000000 65.537079 0.000000 0.9063 0.9063 0.9063
v -30.000000 65.537079 -3.000000 0.9063 0.9063 0.9063
v -30.000000 44.615807 0.000000 0.9063 0.9063 0.9063
v -30.000000 44.615807 -3.000000 0.9063 0.9063 0.9063
v -30.000000 18.044575 0.000000 0.9063 0.9063 0.9063
v -30.000000 18.044575 -3.000000 0.9063 0.9063 0.9063
v -30.000000 0.000000 0.000000 0.9063 0.9063 0.9063
v -30.000000 0.000000 -3.000000 0.9063 0.9063 0.9063
v 30.000000 665.000000 0.000000 0.9063 0.9063 0.9063
v 30.000000 665.000000 -3.000000 0.9063 0.9063 0.9063
v 30.000000 537.561401 0.000000 0.9063 0.9063 0.9063
v 30.000000 537.561401 -3.000000 0.9063 0.9063 0.9063
v 30.000000 521.369995 0.000000 0.9063 0.9063 0.9063
v 30.000000 521.369995 -3.000000 0.9063 0.9063 0.9063
v 30.000000 492.544769 0.000000 0.9063 0.9063 0.9063
v 30.000000 492.544769 -3.000000 0.9063 0.9063 0.9063
v 30.000000 472.644440 0.000000 0.9063 0.9063 0.9063
v 30.000000 472.644440 -3.000000 0.9063 0.9063 0.9063
v 30.000000 445.229858 0.000000 0.9063 0.9063 0.9063
v 30.000000 445.229858 -3.000000 0.9063 0.9063 0.9063
v 30.000000 424.947998 0.000000 0.9063 0.9063 0.9063
v 30.000000 424.947998 -3.000000 0.9063 0.9063 0.9063
v 30.000000 397.832886 0.000000 0.9063 0.9063 0.9063
v 30.000000 397.832886 -3.000000 0.9063 0.9063 0.9063
v 30.000000 377.337372 0.000000 0.9063 0.9063 0.9063
v 30.000000 377.337372 -3.000000 0.9063 0.9063 0.9063
v 30.000000 350.398590 0.000000 0.9063 0.9063 0.9063
v 30.000000 350.398590 -3.000000 0.9063 0.9063 0.9063
v 30.000000 329.766327 0.000000 0.9063 0.9063 0.9063
v 30.000000 329.766327 -3.000000 0.9063 0.9063 0.9063
v 30.000000 302.943237 0.000000 0.9063 0.9063 0.9063
v 30.000000 302.943237 -3.000000 0.9063 0.9063 0.9063
v 30.000000 282.217957 0.000000 0.9063 0.9063 0.9063
v 30.000000 282.217957 -3.000000 0.9063 0.9063 0.9063
v 30.000000 255.474655 0.000000 0.9063 0.9063 0.9063
v 30.000000 255.474655 -3.000000 0.9063 0.9063 0.9063
v 30.000000 234.683914 0.000000 0.9063 0.9063 0.9063
v 30.000000 234.683914 -3.000000 0.9063 0.9063 0.9063
v 30.000000 207.997604 0.000000 0.9063 0.9063 0.9063
v 30.000000 207.997604 -3.000000 0.9063 0.9063 0.9063
v 30.000000 187.158936 0.000000 0.9063 0.9063 0.9063
v 30.000000 187.158936 -3.000000 0.9063 0.9063 0.9063
v 30.000000 160.514618 0.000000 0.9063 0.9063 0.9063
v 30.000000 160.514618 -3.000000 0.9063 0.9063 0.9063
v 30.000000 139.640366 0.000000 0.9063 0.9063 0.9063
v 30.000000 139.640366 -3.000000 0.9063 0.9063 0.9063
v 30.000000 113.027382 0.000000 0.9063 0.9063 0.9063
v 30.000000 113.027382 -3.000000 0.9063 0.9063 0.9063
v 30.000000 92.126457 0.000000 0.9063 0.9063 0.9063
v 30.000000 92.126457 -3.000000 0.9063 0.9063 0.9063
v 30.000000 65.537079 0.000000 0.9063 0.9063 0.9063
v 30.000000 65.537079 -3.000000 0.9063 0.9063 0.9063
v 30.000000 44.615807 0.000000 0.9063 0.9063 0.9063
v 30.000000 44.615807 -3.000000 0.9063 0.9063 0.9063
v 30.000000 18.044575 0.000000 0.9063 0.9063 0.9063
v 30.000000 18.044575 -3.000000 0.9063 0.9063 0.9063
v 30.000000 0.000000 0.000000 0.9063 0.9063 0.9063
v 30.000000 0.000000 -3.000000 0.9063 0.9063 0.9063
vn -0.0000 -0.0000 -1.0000
vn 1.0000 -0.0000 -0.0000
vn -1.0000 -0.0000 -0.0000
vt 0.000000 0.000000
vt 0.000000 2.491280
vt 0.125000 2.491280
vt 0.125000 0.000000
vt 0.250000 2.491280
vt 0.250000 0.000000
vt 0.375000 2.491280
vt 0.375000 0.000000
vt 0.500000 2.491280
vt 0.500000 0.000000
vt 0.625000 2.491280
vt 0.625000 0.000000
vt 0.750000 2.491280
vt 0.750000 0.000000
vt 0.875000 2.491280
vt 0.875000 0.000000
vt 1.000000 2.491280
vt 1.000000 0.000000
vt 0.000000 2.807804
vt 0.125000 2.807804
vt 0.250000 2.807804
vt 0.375000 2.807804
vt 0.500000 2.807804
vt 0.625000 2.807804
vt 0.750000 2.807804
vt 0.875000 2.807804
vt 1.000000 2.807804
vt 0.000000 3.371305
vt 0.125000 3.371305
vt 0.250000 3.371305
vt 0.375000 3.371305
vt 0.500000 3.371305
vt 0.625000 3.371305
vt 0.750000 3.371305
vt 0.875000 3.371305
vt 1.000000 3.371305
vt 0.000000 3.760334
vt 0.125000 3.760334
vt 0.250000 3.760334
vt 0.375000 3.760334
vt 0.500000 3.760334
vt 0.625000 3.760334
vt 0.750000 3.760334
vt 0.875000 3.760334
vt 1.000000 3.760334
vt 0.000000 4.296258
vt 0.125000 4.296258
vt 0.250000 4.296258
vt 0.375000 4.296258
vt 0.500000 4.296258
vt 0.625000 4.296258
vt 0.750000 4.296258
vt 0.875000 4.296258
vt 1.000000 4.296258
vt 0.000000 4.692746
vt 0.125000 4.692746
vt 0.250000 4.692746
vt 0.375000 4.692746
vt 0.500000 4.692746
vt 0.625000 4.692746
vt 0.750000 4.692746
vt 0.875000 4.692746
vt 1.000000 4.692746
vt 0.000000 5.222816
vt 0.125000 5.222816
vt 0.250000 5.222816
vt 0.375000 5.222816
vt 0.500000 5.222816
vt 0.625000 5.222816
vt 0.750000 5.222816
vt 0.875000 5.222816
vt 1.000000 5.222816
vt 0.000000 5.623480
vt 0.125000 5.623480
vt 0.250000 5.623480
vt 0.375000 5.623480
vt 0.500000 5.623480
vt 0.625000 5.623480
vt 0.750000 5.623480
vt 0.875000 5.623480
vt 1.000000 5.623480
vt 0.000000 6.150103
vt 0.125000 6.150103
vt 0.250000 6.150103
vt 0.375000 6.150103
vt 0.500000 6.150103
vt 0.625000 6.150103
vt 0.750000 6.150103
vt 0.875000 6.150103
vt 1.000000 6.150103
vt 0.000000 6.553441
vt 0.125000 6.553441
vt 0.250000 6.553441
vt 0.375000 6.553441
vt 0.500000 6.553441
vt 0.625000 6.553441
vt 0.750000 6.553441
vt 0.875000 6.553441
vt 1.000000 6.553441
vt 0.000000 7.077801
vt 0.125000 7.077801
vt 0.250000 7.077801
vt 0.375000 7.077801
vt 0.500000 7.077801
vt 0.625000 7.077801
vt 0.750000 7.077801
vt 0.875000 7.077801
vt 1.000000 7.077801
vt 0.000000 7.482957
vt 0.125000 7.482957
vt 0.250000 7.482957
vt 0.375000 7.482957
vt 0.500000 7.482957
vt 0.625000 7.482957
vt 0.750000 7.482957
vt 0.875000 7.482957
vt 1.000000 7.482957
vt 0.000000 8.005758
vt 0.125000 8.005758
vt 0.250000 8.005758
vt 0.375000 8.005758
vt 0.500000 8.005758
vt 0.625000 8.005758
vt 0.750000 8.005758
vt 0.875000 8.005758
vt 1.000000 8.005758
vt 0.000000 8.412194
vt 0.125000 8.412194
vt 0.250000 8.412194
vt 0.375000 8.412194
vt 0.500000 8.412194
vt 0.625000 8.412194
vt 0.750000 8.412194
vt 0.875000 8.412194
vt 1.000000 8.412194
vt 0.000000 8.933882
vt 0.125000 8.933882
vt 0.250000 8.933882
vt 0.375000 8.933882
vt 0.500000 8.933882
vt 0.625000 8.933882
vt 0.750000 8.933882
vt 0.875000 8.933882
vt 1.000000 8.933882
vt 0.000000 9.341254
vt 0.125000 9.341254
vt 0.250000 9.341254
vt 0.375000 9.341254
vt 0.500000 9.341254
vt 0.625000 9.341254
vt 0.750000 9.341254
vt 0.875000 9.341254
vt 1.000000 9.341254
vt 0.000000 9.862121
vt 0.125000 9.862121
vt 0.250000 9.862121
vt 0.375000 9.862121
vt 0.500000 9.862121
vt 0.625000 9.862121
vt 0.750000 9.862121
vt 0.875000 9.862121
vt 1.000000 9.862121
vt 0.000000 10.270188
vt 0.125000 10.270188
vt 0.250000 10.270188
vt 0.375000 10.270188
vt 0.500000 10.270188
vt 0.625000 10.270188
vt 0.750000 10.270188
vt 0.875000 10.270188
vt 1.000000 10.270188
vt 0.000000 10.790442
vt 0.125000 10.790442
vt 0.250000 10.790442
vt 0.375000 10.790442
vt 0.500000 10.790442
vt 0.625000 10.790442
vt 0.750000 10.790442
vt 0.875000 10.790442
vt 1.000000 10.790442
vt 0.000000 11.199032
vt 0.125000 11.199032
vt 0.250000 11.199032
vt 0.375000 11.199032
vt 0.500000 11.199032
vt 0.625000 11.199032
vt 0.750000 11.199032
vt 0.875000 11.199032
vt 1.000000 11.199032
vt 0.000000 11.718824
vt 0.125000 11.718824
vt 0.250000 11.718824
vt 0.375000 11.718824
vt 0.500000 11.718824
vt 0.625000 11.718824
vt 0.750000 11.718824
vt 0.875000 11.718824
vt 1.000000 11.718824
vt 0.000000 12.127811
vt 0.125000 12.127811
vt 0.250000 12.127811
vt 0.375000 12.127811
vt 0.500000 12.127811
vt 0.625000 12.127811
vt 0.750000 12.127811
vt 0.875000 12.127811
vt 1.000000 12.127811
vt 0.000000 12.647249
vt 0.125000 12.647249
vt 0.250000 12.647249
vt 0.375000 12.647249
vt 0.500000 12.647249
vt 0.625000 12.647249
vt 0.750000 12.647249
vt 0.875000 12.647249
vt 1.000000 12.647249
vt 0.000000 13.000000
vt 0.125000 13.000000
vt 0.250000 13.000000
vt 0.375000 13.000000
vt 0.500000 13.000000
vt 0.625000 13.000000
vt 0.750000 13.000000
vt 0.875000 13.000000
vt 1.000000 13.000000
s 1
usemtl track_surface
f 7556/4208/2831 7565/4209/2831 7566/4210/2831 7557/4211/2831
f 7557/4211/2831 7566/4210/2831 7567/4212/2831 7558/4213/2831
f 7558/4213/2831 7567/4212/2831 7568/4214/2831 7559/4215/2831
f 7559/4215/2831 7568/4214/2831 7569/4216/2831 7560/4217/2831
f 7560/4217/2831 7569/4216/2831 7570/4218/2831 7561/4219/2831
f 7561/4219/2831 7570/4218/2831 7571/4220/2831 7562/4221/2831
f 7562/4221/2831 7571/4220/2831 7572/4222/2831 7563/4223/2831
f 7563/4223/2831 7572/4222/2831 7573/4224/2831 7564/4225/2831
f 7565/4209/2831 7574/4226/2831 7575/4227/2831 7566/4210/2831
f 7566/4210/2831 7575/4227/2831 7576/4228/2831 7567/4212/2831
f 7567/4212/2831 7576/4228/2831 7577/4229/2831 7568/4214/2831
f 7568/4214/2831 7577/4229/2831 7578/4230/2831 7569/4216/2831
f 7569/4216/2831 7578/4230/2831 7579/4231/2831 7570/4218/2831
f 7570/4218/2831 7579/4231/2831 7580/4232/2831 7571/4220/2831
f 7571/4220/2831 7580/4232/2831 7581/4233/2831 7572/4222/2831
f 7572/4222/2831 7581/4233/2831 7582/4234/2831 7573/4224/2831
f 7574/4226/2831 7583/4235/2831 7584/4236/2831 7575/4227/2831
f 7575/4227/2831 7584/4236/2831 7585/4237/2831 7576/4228/2831
f 7576/4228/2831 7585/4237/2831 7586/4238/2831 7577/4229/2831
f 7577/4229/2831 7586/4238/2831 7587/4239/2831 7578/4230/2831
f 7578/4230/2831 7587/4239/2831 7588/4240/2831 7579/4231/2831
f 7579/4231/2831 7588/4240/2831 7589/4241/2831 7580/4232/2831
f 7580/4232/2831 7589/4241/2831 7590/4242/2831 7581/4233/2831
f 7581/4233/2831 7590/4242/2831 7591/4243/2831 7582/4234/2831
f 7583/4235/2831 7592/4244/2831 7593/4245/2831 7584/4236/2831
f 7584/4236/2831 7593/4245/2831 7594/4246/2831 7585/4237/2831
f 7585/4237/2831 7594/4246/2831 7595/4247/2831 7586/4238/2831
f 7586/4238/2831 7595/4247/2831 7596/4248/2831 7587/4239/2831
f 7587/4239/2831 7596/4248/2831 7597/4249/2831 7588/4240/2831
f 7588/4240/2831 7597/4249/2831 7598/4250/2831 7589/4241/2831
f 7589/4241/2831 7598/4250/2831 7599/4251/2831 7590/4242/2831
f 7590/4242/2831 7599/4251/2831 7600/4252/2831 7591/4243/2831
f 7592/4244/2831 7601/4253/2831 7602/4254/2831 7593/4245/2831
f 7593/4245/2831 7602/4254/2831 7603/4255/2831 7594/4246/2831
f 7594/4246/2831 7603/4255/2831 7604/4256/2831 7595/4247/2831
f 7595/4247/2831 7604/4256/2831 7605/4257/2831 7596/4248/2831
f 7596/4248/2831 7605/4257/2831 7606/4258/2831 7597/4249/2831
f 7597/4249/2831 7606/4258/2831 7607/4259/2831 7598/4250/2831
f 7598/4250/2831 7607/4259/2831 7608/4260/2831 7599/4251/2831
f 7599/4251/2831 7608/4260/2831 7609/4261/2831 7600/4252/2831
f 7601/4253/2831 7610/4262/2831 7611/4263/2831 7602/4254/2831
f 7602/4254/2831 7611/4263/2831 7612/4264/2831 7603/4255/2831
f 7603/4255/2831 7612/4264/2831 7613/4265/2831 7604/4256/2831
f 7604/4256/2831 7613/4265/2831 7614/4266/2831 7605/4257/2831
f 7605/4257/2831 7614/4266/2831 7615/4267/2831 7606/4258/2831
f 7606/4258/2831 7615/4267/2831 7616/4268/2831 7607/4259/2831
f 7607/4259/2831 7616/4268/2831 7617/4269/2831 7608/4260/2831
f 7608/4260/2831 7617/4269/2831 7618/4270/2831 7609/4261/2831
f 7610/4262/2831 7619/4271/2831 7620/4272/2831 7611/4263/2831
f 7611/4263/2831 7620/4272/2831 7621/4273/2831 7612/4264/2831
f 7612/4264/2831 7621/4273/2831 7622/4274/2831 7613/4265/2831
f 7613/4265/2831 7622/4274/2831 7623/4275/2831 7614/4266/2831
f 7614/4266/2831 7623/4275/2831 7624/4276/2831 7615/4267/2831
f 7615/4267/2831 7624/4276/2831 7625/4277/2831 7616/4268/2831
f 7616/4268/2831 7625/4277/2831 7626/4278/2831 7617/4269/2831
f 7617/4269/2831 7626/4278/2831 7627/4279/2831 7618/4270/2831
f 7619/4271/2831 7628/4280/2831 7629/4281/2831 7620/4272/2831
f 7620/4272/2831 7629/4281/2831 7630/4282/2831 7621/4273/2831
f 7621/4273/2831 7630/4282/2831 7631/4283/2831 7622/4274/2831
f 7622/4274/2831 7631/4283/2831 7632/4284/2831 7623/4275/2831
f 7623/4275/2831 7632/4284/2831 7633/4285/2831 7624/4276/2831
f 7624/4276/2831 7633/4285/2831 7634/4286/2831 7625/4277/2831
f 7625/4277/2831 7634/4286/2831 7635/4287/2831 7626/4278/2831
f 7626/4278/2831 7635/4287/2831 7636/4288/2831 7627/4279/2831
f 7628/4280/2831 7637/4289/2831 7638/4290/2831 7629/4281/2831
f 7629/4281/2831 7638/4290/2831 7639/4291/2831 7630/4282/2831
f 7630/4282/2831 7639/4291/2831 7640/4292/2831 7631/4283/2831
f 7631/4283/2831 7640/4292/2831 7641/4293/2831 7632/4284/2831
f 7632/4284/2831 7641/4293/2831 7642/4294/2831 7633/4285/2831
f 7633/4285/2831 7642/4294/2831 7643/4295/2831 7634/4286/2831
f 7634/4286/2831 7643/4295/2831 7644/4296/2831 7635/4287/2831
f 7635/4287/2831 7644/4296/2831 7645/4297/2831 7636/4288/2831
f 7637/4289/2831 7646/4298/2831 7647/4299/2831 7638/4290/2831
f 7638/4290/2831 7647/4299/2831 7648/4300/2831 7639/4291/2831
f 7639/4291/2831 7648/4300/2831 7649/4301/2831 7640/4292/2831
f 7640/4292/2831 7649/4301/2831 7650/4302/2831 7641/4293/2831
f 7641/4293/2831 7650/4302/2831 7651/4303/2831 7642/4294/2831
f 7642/4294/2831 7651/4303/2831 7652/4304/2831 7643/4295/2831
f 7643/4295/2831 7652/4304/2831 7653/4305/2831 7644/4296/2831
f 7644/4296/2831 7653/4305/2831 7654/4306/2831 7645/4297/2831
f 7646/4298/2831 7655/4307/2831 7656/4308/2831 7647/4299/2831
f 7647/4299/2831 7656/4308/2831 7657/4309/2831 7648/4300/2831
f 7648/4300/2831 7657/4309/2831 7658/4310/2831 7649/4301/2831
f 7649/4301/2831 7658/4310/2831 7659/4311/2831 7650/4302/2831
f 7650/4302/2831 7659/4311/2831 7660/4312/2831 7651/4303/2831
f 7651/4303/2831 7660/4312/2831 7661/4313/2831 7652/4304/2831
f 7652/4304/2831 7661/4313/2831 7662/4314/2831 7653/4305/2831
f 7653/4305/2831 7662/4314/2831 7663/4315/2831 7654/4306/2831
f 7655/4307/2831 7664/4316/2831 7665/4317/2831 7656/4308/2831
f 7656/4308/2831 7665/4317/2831 7666/4318/2831 7657/4309/2831
f 7657/4309/2831 7666/4318/2831 7667/4319/2831 7658/4310/2831
f 7658/4310/2831 7667/4319/2831 7668/4320/2831 7659/4311/2831
f 7659/4311/2831 7668/4320/2831 7669/4321/2831 7660/4312/2831
f 7660/4312/2831 7669/4321/2831 7670/4322/2831 7661/4313/2831
f 7661/4313/2831 7670/4322/2831 7671/4323/2831 7662/4314/2831
f 7662/4314/2831 7671/4323/2831 7672/4324/2831 7663/4315/2831
f 7664/4316/2831 7673/4325/2831 7674/4326/2831 7665/4317/2831
f 7665/4317/2831 7674/4326/2831 7675/4327/2831 7666/4318/2831
f 7666/4318/2831 7675/4327/2831 7676/4328/2831 7667/4319/2831
f 7667/4319/2831 7676/4328/2831 7677/4329/2831 7668/4320/2831
f 7668/4320/2831 7677/4329/2831 7678/4330/2831 7669/4321/2831
f 7669/4321/2831 7678/4330/2831 7679/4331/2831 7670/4322/2831
f 7670/4322/2831 7679/4331/2831 7680/4332/2831 7671/4323/2831
f 7671/4323/2831 7680/4332/2831 7681/4333/2831 7672/4324/2831
f 7673/4325/2831 7682/4334/2831 7683/4335/2831 7674/4326/2831
f 7674/4326/2831 7683/4335/2831 7684/4336/2831 7675/4327/2831
f 7675/4327/2831 7684/4336/2831 7685/4337/2831 7676/4328/2831
f 7676/4328/2831 7685/4337/2831 7686/4338/2831 7677/4329/2831
f 7677/4329/2831 7686/4338/2831 7687/4339/2831 7678/4330/2831
f 7678/4330/2831 7687/4339/2831 7688/4340/2831 7679/4331/2831
f 7679/4331/2831 7688/4340/2831 7689/4341/2831 7680/4332/2831
f 7680/4332/2831 7689/4341/2831 7690/4342/2831 7681/4333/2831
f 7682/4334/2831 7691/4343/2831 7692/4344/2831 7683/4335/2831
f 7683/4335/2831 7692/4344/2831 7693/4345/2831 7684/4336/2831
f 7684/4336/2831 7693/4345/2831 7694/4346/2831 7685/4337/2831
f 7685/4337/2831 7694/4346/2831 7695/4347/2831 7686/4338/2831
f 7686/4338/2831 7695/4347/2831 7696/4348/2831 7687/4339/2831
f 7687/4339/2831 7696/4348/2831 7697/4349/2831 7688/4340/2831
f 7688/4340/2831 7697/4349/2831 7698/4350/2831 7689/4341/2831
f 7689/4341/2831 7698/4350/2831 7699/4351/2831 7690/4342/2831
f 7691/4343/2831 7700/4352/2831 7701/4353/2831 7692/4344/2831
f 7692/4344/2831 7701/4353/2831 7702/4354/2831 7693/4345/2831
f 7693/4345/2831 7702/4354/2831 7703/4355/2831 7694/4346/2831
f 7694/4346/2831 7703/4355/2831 7704/4356/2831 7695/4347/2831
f 7695/4347/2831 7704/4356/2831 7705/4357/2831 7696/4348/2831
f 7696/4348/2831 7705/4357/2831 7706/4358/2831 7697/4349/2831
f 7697/4349/2831 7706/4358/2831 7707/4359/2831 7698/4350/2831
f 7698/4350/2831 7707/4359/2831 7708/4360/2831 7699/4351/2831
f 7700/4352/2831 7709/4361/2831 7710/4362/2831 7701/4353/2831
f 7701/4353/2831 7710/4362/2831 7711/4363/2831 7702/4354/2831
f 7702/4354/2831 7711/4363/2831 7712/4364/2831 7703/4355/2831
f 7703/4355/2831 7712/4364/2831 7713/4365/2831 7704/4356/2831
f 7704/4356/2831 7713/4365/2831 7714/4366/2831 7705/4357/2831
f 7705/4357/2831 7714/4366/2831 7715/4367/2831 7706/4358/2831
f 7706/4358/2831 7715/4367/2831 7716/4368/2831 7707/4359/2831
f 7707/4359/2831 7716/4368/2831 7717/4369/2831 7708/4360/2831
f 7709/4361/2831 7718/4370/2831 7719/4371/2831 7710/4362/2831
f 7710/4362/2831 7719/4371/2831 7720/4372/2831 7711/4363/2831
f 7711/4363/2831 7720/4372/2831 7721/4373/2831 7712/4364/2831
f 7712/4364/2831 7721/4373/2831 7722/4374/2831 7713/4365/2831
f 7713/4365/2831 7722/4374/2831 7723/4375/2831 7714/4366/2831
f 7714/4366/2831 7723/4375/2831 7724/4376/2831 7715/4367/2831
f 7715/4367/2831 7724/4376/2831 7725/4377/2831 7716/4368/2831
f 7716/4368/2831 7725/4377/2831 7726/4378/2831 7717/4369/2831
f 7718/4370/2831 7727/4379/2831 7728/4380/2831 7719/4371/2831
f 7719/4371/2831 7728/4380/2831 7729/4381/2831 7720/4372/2831
f 7720/4372/2831 7729/4381/2831 7730/4382/2831 7721/4373/2831
f 7721/4373/2831 7730/4382/2831 7731/4383/2831 7722/4374/2831
f 7722/4374/2831 7731/4383/2831 7732/4384/2831 7723/4375/2831
f 7723/4375/2831 7732/4384/2831 7733/4385/2831 7724/4376/2831
f 7724/4376/2831 7733/4385/2831 7734/4386/2831 7725/4377/2831
f 7725/4377/2831 7734/4386/2831 7735/4387/2831 7726/4378/2831
f 7727/4379/2831 7736/4388/2831 7737/4389/2831 7728/4380/2831
f 7728/4380/2831 7737/4389/2831 7738/4390/2831 7729/4381/2831
f 7729/4381/2831 7738/4390/2831 7739/4391/2831 7730/4382/2831
f 7730/4382/2831 7739/4391/2831 7740/4392/2831 7731/4383/2831
f 7731/4383/2831 7740/4392/2831 7741/4393/2831 7732/4384/2831
f 7732/4384/2831 7741/4393/2831 7742/4394/2831 7733/4385/2831
f 7733/4385/2831 7742/4394/2831 7743/4395/2831 7734/4386/2831
f 7734/4386/2831 7743/4395/2831 7744/4396/2831 7735/4387/2831
f 7736/4388/2831 7745/4397/2831 7746/4398/2831 7737/4389/2831
f 7737/4389/2831 7746/4398/2831 7747/4399/2831 7738/4390/2831
f 7738/4390/2831 7747/4399/2831 7748/4400/2831 7739/4391/2831
f 7739/4391/2831 7748/4400/2831 7749/4401/2831 7740/4392/2831
f 7740/4392/2831 7749/4401/2831 7750/4402/2831 7741/4393/2831
f 7741/4393/2831 7750/4402/2831 7751/4403/2831 7742/4394/2831
f 7742/4394/2831 7751/4403/2831 7752/4404/2831 7743/4395/2831
f 7743/4395/2831 7752/4404/2831 7753/4405/2831 7744/4396/2831
f 7745/4397/2831 7754/4406/2831 7755/4407/2831 7746/4398/2831
f 7746/4398/2831 7755/4407/2831 7756/4408/2831 7747/4399/2831
f 7747/4399/2831 7756/4408/2831 7757/4409/2831 7748/4400/2831
f 7748/4400/2831 7757/4409/2831 7758/4410/2831 7749/4401/2831
f 7749/4401/2831 7758/4410/2831 7759/4411/2831 7750/4402/2831
f 7750/4402/2831 7759/4411/2831 7760/4412/2831 7751/4403/2831
f 7751/4403/2831 7760/4412/2831 7761/4413/2831 7752/4404/2831
f 7752/4404/2831 7761/4413/2831 7762/4414/2831 7753/4405/2831
f 7754/4406/2831 7763/4415/2831 7764/4416/2831 7755/4407/2831
f 7755/4407/2831 7764/4416/2831 7765/4417/2831 7756/4408/2831
f 7756/4408/2831 7765/4417/2831 7766/4418/2831 7757/4409/2831
f 7757/4409/2831 7766/4418/2831 7767/4419/2831 7758/4410/2831
f 7758/4410/2831 7767/4419/2831 7768/4420/2831 7759/4411/2831
f 7759/4411/2831 7768/4420/2831 7769/4421/2831 7760/4412/2831
f 7760/4412/2831 7769/4421/2831 7770/4422/2831 7761/4413/2831
f 7761/4413/2831 7770/4422/2831 7771/4423/2831 7762/4414/2831
f 7763/4415/2831 7772/4424/2831 7773/4425/2831 7764/4416/2831
f 7764/4416/2831 7773/4425/2831 7774/4426/2831 7765/4417/2831
f 7765/4417/2831 7774/4426/2831 7775/4427/2831 7766/4418/2831
f 7766/4418/2831 7775/4427/2831 7776/4428/2831 7767/4419/2831
f 7767/4419/2831 7776/4428/2831 7777/4429/2831 7768/4420/2831
f 7768/4420/2831 7777/4429/2831 7778/4430/2831 7769/4421/2831
f 7769/4421/2831 7778/4430/2831 7779/4431/2831 7770/4422/2831
f 7770/4422/2831 7779/4431/2831 7780/4432/2831 7771/4423/2831
usemtl track_rail
f 7783/4209/2832 7784/4224/2832 7782/4225/2832 7781/4208/2832
f 7785/4226/2832 7786/4234/2832 7784/4224/2832 7783/4209/2832
f 7787/4235/2832 7788/4243/2832 7786/4234/2832 7785/4226/2832
f 7789/4244/2832 7790/4252/2832 7788/4243/2832 7787/4235/2832
f 7791/4253/2832 7792/4261/2832 7790/4252/2832 7789/4244/2832
f 7793/4262/2832 7794/4270/2832 7792/4261/2832 7791/4253/2832
f 7795/4271/2832 7796/4279/2832 7794/4270/2832 7793/4262/2832
f 7797/4280/2832 7798/4288/2832 7796/4279/2832 7795/4271/2832
f 7799/4289/2832 7800/4297/2832 7798/4288/2832 7797/4280/2832
f 7801/4298/2832 7802/4306/2832 7800/4297/2832 7799/4289/2832
f 7803/4307/2832 7804/4315/2832 7802/4306/2832 7801/4298/2832
f 7805/4316/2832 7806/4324/2832 7804/4315/2832 7803/4307/2832
f 7807/4325/2832 7808/4333/2832 7806/4324/2832 7805/4316/2832
f 7809/4334/2832 7810/4342/2832 7808/4333/2832 7807/4325/2832
f 7811/4343/2832 7812/4351/2832 7810/4342/2832 7809/4334/2832
f 7813/4352/2832 7814/4360/2832 7812/4351/2832 7811/4343/2832
f 7815/4361/2832 7816/4369/2832 7814/4360/2832 7813/4352/2832
f 7817/4370/2832 7818/4378/2832 7816/4369/2832 7815/4361/2832
f 7819/4379/2832 7820/4387/2832 7818/4378/2832 7817/4370/2832
f 7821/4388/2832 7822/4396/2832 7820/4387/2832 7819/4379/2832
f 7823/4397/2832 7824/4405/2832 7822/4396/2832 7821/4388/2832
f 7825/4406/2832 7826/4414/2832 7824/4405/2832 7823/4397/2832
f 7827/4415/2832 7828/4423/2832 7826/4414/2832 7825/4406/2832
f 7829/4424/2832 7830/4432/2832 7828/4423/2832 7827/4415/2832
f 7831/4225/2833 7832/4208/2833 7834/4209/2833 7833/4224/2833
f 7833/4224/2833 7834/4209/2833 7836/4226/2833 7835/4234/2833
f 7835/4234/2833 7836/4226/2833 7838/4235/2833 7837/4243/2833
f 7837/4243/2833 7838/4235/2833 7840/4244/2833 7839/4252/2833
f 7839/4252/2833 7840/4244/2833 7842/4253/2833 7841/4261/2833
f 7841/4261/2833 7842/4253/2833 7844/4262/2833 7843/4270/2833
f 7843/4270/2833 7844/4262/2833 7846/4271/2833 7845/4279/2833
f 7845/4279/2833 7846/4271/2833 7848/4280/2833 7847/4288/2833
f 7847/4288/2833 7848/4280/2833 7850/4289/2833 7849/4297/2833
f 7849/4297/2833 7850/4289/2833 7852/4298/2833 7851/4306/2833
f 7851/4306/2833 7852/4298/2833 7854/4307/2833 7853/4315/2833
f 7853/4315/2833 7854/4307/2833 7856/4316/2833 7855/4324/2833
f 7855/4324/2833 7856/4316/2833 7858/4325/2833 7857/4333/2833
f 7857/4333/2833 7858/4325/2833 7860/4334/2833 7859/4342/2833
f 7859/4342/2833 7860/4334/2833 7862/4343/2833 7861/4351/2833
f 7861/4351/2833 7862/4343/2833 7864/4352/2833 7863/4360/2833
f 7863/4360/2833 7864/4352/2833 7866/4361/2833 7865/4369/2833
f 7865/4369/2833 7866/4361/2833 7868/4370/2833 7867/4378/2833
f 7867/4378/2833 7868/4370/2833 7870/4379/2833 7869/4387/2833
f 7869/4387/2833 7870/4379/2833 7872/4388/2833 7871/4396/2833
f 7871/4396/2833 7872/4388/2833 7874/4397/2833 7873/4405/2833
f 7873/4405/2833 7874/4397/2833 7876/4406/2833 7875/4414/2833
f 7875/4414/2833 7876/4406/2833 7878/4415/2833 7877/4423/2833
f 7877/4423/2833 7878/4415/2833 7880/4424/2833 7879/4432/2833
